scenario,controller,seed,steps,command_attempts,safety_infeasible,safety_certified_steps,safety_intervention_steps,unsafe_state_steps,safety_correction_mean,safety_correction_max,safety_correction_sum,safety_constraint_margin_min,uncertainty_scale_mean,uncertainty_scale_min,uncertainty_norm_mean,uncertainty_norm_max,raw_residual_norm_mean,gated_residual_norm_mean,context_latent_norm_mean,context_latent_norm_max
id_reference,A5_train_seed_0,50000,71,71,False,71,20,0,0.41586465015471646,8.713373303320004,29.526390160984867,-2.1316282072803006e-14,1.0,1.0,0.0,0.0,7.059424099174787,7.059424099174787,0.0,0.0
id_reference,A5_train_seed_0,50001,116,116,False,116,63,0,5.232226510306659,16.149525002744998,606.9382751955725,-4.263256414560601e-14,1.0,1.0,0.0,0.0,6.853729552167086,6.853729552167086,0.0,0.0
id_reference,A5_train_seed_0,50002,92,92,False,92,51,0,2.858201314505687,11.508334282118627,262.9545209345232,-2.842170943040401e-14,1.0,1.0,0.0,0.0,5.034276393014577,5.034276393014577,0.0,0.0
id_reference,A5_train_seed_0,50003,250,250,False,250,31,0,3.155743560106931,33.459079292013634,788.9358900267327,-2.1316282072803006e-14,1.0,1.0,0.0,0.0,7.6416283443482245,7.6416283443482245,0.0,0.0
id_reference,A5_train_seed_0,50004,62,62,False,62,41,0,10.113819078975864,28.911774904878882,627.0567828965036,-7.815970093361102e-14,1.0,1.0,0.0,0.0,9.43939123501936,9.43939123501936,0.0,0.0
id_reference,A5_train_seed_0,50005,250,250,False,250,54,0,1.6364071051718327,14.937409286320188,409.10177629295816,-2.842170943040401e-14,1.0,1.0,0.0,0.0,4.580123635037769,4.580123635037769,0.0,0.0
id_reference,A5_train_seed_0,50006,69,69,False,69,33,0,4.557894764303948,13.731482063481469,314.4947387369724,-6.394884621840902e-14,1.0,1.0,0.0,0.0,8.332853697220767,8.332853697220767,0.0,0.0
id_reference,A5_train_seed_0,50007,76,76,False,76,34,0,7.94523967678482,31.604954819808487,603.8382154356464,-1.4210854715202004e-14,1.0,1.0,0.0,0.0,6.597619085005479,6.597619085005479,0.0,0.0
id_reference,A5_train_seed_0,50008,100,100,False,100,88,0,4.898399826640489,15.265436509898384,489.8399826640489,-2.842170943040401e-14,1.0,1.0,0.0,0.0,8.025429336111705,8.025429336111705,0.0,0.0
id_reference,A5_train_seed_0,50009,116,116,False,116,53,0,8.321797427937717,31.671451650558097,965.3285016407751,-3.197442310920451e-14,1.0,1.0,0.0,0.0,6.580371719929793,6.580371719929793,0.0,0.0
id_reference,A5_train_seed_0,50010,250,250,False,250,20,0,1.2031274749091503,22.64218079086395,300.7818687272876,-7.105427357601002e-15,1.0,1.0,0.0,0.0,4.194981467195026,4.194981467195026,0.0,0.0
id_reference,A5_train_seed_0,50011,86,86,False,86,19,0,0.19113145087519773,2.223175988889986,16.437304775267005,-2.842170943040401e-14,1.0,1.0,0.0,0.0,5.768901177861821,5.768901177861821,0.0,0.0
id_reference,A5_train_seed_0,50012,250,250,False,250,27,0,0.6898947915677937,9.849278784062427,172.4736978919484,-2.842170943040401e-14,1.0,1.0,0.0,0.0,6.742745862923797,6.742745862923797,0.0,0.0
id_reference,A5_train_seed_0,50013,250,250,False,250,55,0,3.6569616710318495,26.972444827477872,914.2404177579624,-8.526512829121202e-14,1.0,1.0,0.0,0.0,6.244366563436341,6.244366563436341,0.0,0.0
id_reference,A5_train_seed_0,50014,250,250,False,250,236,0,3.9716579453291425,14.215945436376936,992.9144863322856,-5.684341886080802e-14,1.0,1.0,0.0,0.0,8.488358171940883,8.488358171940883,0.0,0.0
id_reference,A5_train_seed_0,50015,89,89,False,89,33,0,7.196124627595031,26.96155473132227,640.4550918559578,-9.947598300641403e-14,1.0,1.0,0.0,0.0,6.684372925281059,6.684372925281059,0.0,0.0
id_reference,A5_train_seed_0,50016,250,250,False,250,44,0,3.848952686185541,30.895921248526385,962.2381715463853,-1.4210854715202004e-14,1.0,1.0,0.0,0.0,6.115934993926901,6.115934993926901,0.0,0.0
id_reference,A5_train_seed_0,50017,79,79,False,79,58,0,4.324037329700188,14.15908902097355,341.59894904631483,-1.4210854715202004e-14,1.0,1.0,0.0,0.0,7.615448312970596,7.615448312970596,0.0,0.0
id_reference,A5_train_seed_0,50018,48,49,True,48,48,0,26.221755434034502,32.04187973927053,1284.8660162676906,-18.645191188973712,1.0,1.0,0.0,0.0,9.262853833992905,9.262853833992905,0.0,0.0
id_reference,A5_train_seed_0,50019,250,250,False,250,72,0,4.6854008965832215,26.654682169626735,1171.3502241458054,-2.1316282072803006e-14,1.0,1.0,0.0,0.0,4.847328353300005,4.847328353300005,0.0,0.0
id_reference,A5_train_seed_0,50020,64,64,False,64,39,0,1.904180698081677,7.94388003597981,121.86756467722732,-2.842170943040401e-14,1.0,1.0,0.0,0.0,7.339553478588519,7.339553478588519,0.0,0.0
id_reference,A5_train_seed_0,50021,41,41,False,41,25,0,2.1387332738794944,4.999117251572901,87.68806422905928,-2.1316282072803006e-14,1.0,1.0,0.0,0.0,7.5421650232367625,7.5421650232367625,0.0,0.0
id_reference,A5_train_seed_0,50022,68,68,False,68,29,0,8.838040155538316,31.97085009294644,600.9867305766055,-2.1316282072803006e-14,1.0,1.0,0.0,0.0,6.343795809531936,6.343795809531936,0.0,0.0
id_reference,A5_train_seed_0,50023,71,71,False,71,48,0,5.192707305846306,17.186448289904774,368.68221871508774,-1.4210854715202004e-14,1.0,1.0,0.0,0.0,6.309677564897171,6.309677564897171,0.0,0.0
id_reference,A5_train_seed_0,50024,250,250,False,250,0,0,0.0,0.0,0.0,9.333401275898325,1.0,1.0,0.0,0.0,7.369303633399185,7.369303633399185,0.0,0.0
id_reference,A5_train_seed_0,50025,94,94,False,94,53,0,4.704195432999665,15.721647837574608,442.19437070196847,-1.5987211554602254e-14,1.0,1.0,0.0,0.0,6.599562525008072,6.599562525008072,0.0,0.0
id_reference,A5_train_seed_0,50026,250,250,False,250,250,0,6.661305463629295,8.89175923575182,1665.3263659073239,-2.842170943040401e-14,1.0,1.0,0.0,0.0,8.194615138830978,8.194615138830978,0.0,0.0
id_reference,A5_train_seed_0,50027,39,39,False,39,20,0,2.8057516068576764,10.151309123087193,109.42431266744939,-2.1316282072803006e-14,1.0,1.0,0.0,0.0,4.918043559362784,4.918043559362784,0.0,0.0
id_reference,A5_train_seed_0,50028,65,65,False,65,21,0,5.310994920336194,20.734088070047022,345.2146698218526,-2.1316282072803006e-14,1.0,1.0,0.0,0.0,5.266528339109524,5.266528339109524,0.0,0.0
id_reference,A5_train_seed_0,50029,84,84,False,84,47,0,8.552675236858178,29.786825259961724,718.4247198960869,-1.4210854715202004e-14,1.0,1.0,0.0,0.0,9.011825133740663,9.011825133740663,0.0,0.0
id_reference,A5_train_seed_0,50030,104,104,False,104,53,0,3.1648778583569306,15.955808189998312,329.14729726912077,-7.105427357601002e-14,1.0,1.0,0.0,0.0,7.1255702999493975,7.1255702999493975,0.0,0.0
id_reference,A5_train_seed_0,50031,61,61,False,61,35,0,5.537418544561336,17.710264383901034,337.7825312182415,-2.842170943040401e-14,1.0,1.0,0.0,0.0,5.75853717964139,5.75853717964139,0.0,0.0
id_reference,A5_train_seed_0,50032,54,54,False,54,26,0,11.857138620370401,33.0401019071267,640.2854855000016,-2.1316282072803006e-14,1.0,1.0,0.0,0.0,7.233434626766479,7.233434626766479,0.0,0.0
id_reference,A5_train_seed_0,50033,33,33,False,33,8,0,0.43811695937362755,2.5611749779077444,14.457859659329708,-1.0658141036401503e-14,1.0,1.0,0.0,0.0,5.9245626892355325,5.9245626892355325,0.0,0.0
id_reference,A5_train_seed_0,50034,250,250,False,250,42,0,1.1148720768894396,11.148936194521662,278.7180192223599,-1.4210854715202004e-14,1.0,1.0,0.0,0.0,4.83974328390963,4.83974328390963,0.0,0.0
id_reference,A5_train_seed_0,50035,125,125,False,125,118,0,3.732244870422465,9.902061703311075,466.5306088028081,-2.1316282072803006e-14,1.0,1.0,0.0,0.0,8.609858277202354,8.609858277202354,0.0,0.0
id_reference,A5_train_seed_0,50036,74,74,False,74,50,0,5.234522109315784,10.702366468443907,387.354636089368,-2.842170943040401e-14,1.0,1.0,0.0,0.0,7.341793978064012,7.341793978064012,0.0,0.0
id_reference,A5_train_seed_0,50037,60,60,False,60,39,0,6.784392422131893,16.453398782396874,407.06354532791363,-5.684341886080802e-14,1.0,1.0,0.0,0.0,7.058423700017465,7.058423700017465,0.0,0.0
id_reference,A5_train_seed_0,50038,250,250,False,250,79,0,2.3549990298210632,16.922363734726556,588.7497574552658,-5.684341886080802e-14,1.0,1.0,0.0,0.0,7.897746609391486,7.897746609391486,0.0,0.0
id_reference,A5_train_seed_0,50039,76,76,False,76,49,0,3.743013045772276,7.950198332431855,284.468991478693,-2.1316282072803006e-14,1.0,1.0,0.0,0.0,7.320825060134909,7.320825060134909,0.0,0.0
id_reference,A5_train_seed_0,50040,250,250,False,250,21,0,0.6100429765563186,13.842698591814726,152.51074413907963,-2.1316282072803006e-14,1.0,1.0,0.0,0.0,5.290008285193288,5.290008285193288,0.0,0.0
id_reference,A5_train_seed_0,50041,51,51,False,51,17,0,5.626634511172999,25.75564923953351,286.95836006982296,-1.4210854715202004e-14,1.0,1.0,0.0,0.0,5.0879062951717975,5.0879062951717975,0.0,0.0
id_reference,A5_train_seed_0,50042,250,250,False,250,24,0,0.572481907255979,9.828290173616352,143.12047681399477,-3.552713678800501e-14,1.0,1.0,0.0,0.0,2.843202393032975,2.843202393032975,0.0,0.0
id_reference,A5_train_seed_0,50043,58,58,False,58,10,0,0.6629077856022649,8.909551951047737,38.44865156493137,-2.1316282072803006e-14,1.0,1.0,0.0,0.0,6.092269535100437,6.092269535100437,0.0,0.0
id_reference,A5_train_seed_0,50044,64,64,False,64,33,0,7.09391369677809,19.438185740596158,454.01047659379776,-6.394884621840902e-14,1.0,1.0,0.0,0.0,8.277662352657181,8.277662352657181,0.0,0.0
id_reference,A5_train_seed_0,50045,132,132,False,132,76,13,10.186212943632896,31.648121865894673,1344.5801085595422,-7.815970093361102e-14,1.0,1.0,0.0,0.0,7.532001227818582,7.532001227818582,0.0,0.0
id_reference,A5_train_seed_0,50046,250,250,False,250,25,0,1.1934731914554517,20.70683351615219,298.36829786386295,-1.4210854715202004e-14,1.0,1.0,0.0,0.0,5.055775915597336,5.055775915597336,0.0,0.0
id_reference,A5_train_seed_0,50047,250,250,False,250,14,0,0.18935101895582773,5.045174839283687,47.33775473895693,-2.842170943040401e-14,1.0,1.0,0.0,0.0,6.234541787312743,6.234541787312743,0.0,0.0
id_reference,A5_train_seed_0,50048,91,91,False,91,33,0,2.296260412313516,11.408268530358736,208.95969752052994,-2.842170943040401e-14,1.0,1.0,0.0,0.0,6.037129560548396,6.037129560548396,0.0,0.0
id_reference,A5_train_seed_0,50049,72,72,False,72,23,0,5.754170179051986,26.209151028260983,414.30025289174296,-2.1316282072803006e-14,1.0,1.0,0.0,0.0,5.382841116668487,5.382841116668487,0.0,0.0
id_reference,A5_train_seed_0,50050,102,102,False,102,71,0,5.469434201695878,15.222114621869643,557.8822885729796,-5.684341886080802e-14,1.0,1.0,0.0,0.0,7.932628761860227,7.932628761860227,0.0,0.0
id_reference,A5_train_seed_0,50051,250,250,False,250,248,0,9.147383613675233,16.213611064377332,2286.845903418808,-1.4210854715202004e-14,1.0,1.0,0.0,0.0,8.066431239558337,8.066431239558337,0.0,0.0
id_reference,A5_train_seed_0,50052,250,250,False,250,240,0,11.10265236671727,33.73725542199669,2775.663091679318,-2.4868995751603507e-14,1.0,1.0,0.0,0.0,7.844858955819253,7.844858955819253,0.0,0.0
id_reference,A5_train_seed_0,50053,57,57,False,57,26,0,7.196245477638782,21.325125991940222,410.1859922254106,-5.684341886080802e-14,1.0,1.0,0.0,0.0,7.261602455164611,7.261602455164611,0.0,0.0
id_reference,A5_train_seed_0,50054,89,89,False,89,69,0,5.33724972470169,15.69689755344171,475.0152254984504,-5.684341886080802e-14,1.0,1.0,0.0,0.0,7.722298868546053,7.722298868546053,0.0,0.0
id_reference,A5_train_seed_0,50055,112,112,False,112,42,0,8.070586462916284,32.07001908186553,903.9056838466237,-2.1316282072803006e-14,1.0,1.0,0.0,0.0,7.279846331146124,7.279846331146124,0.0,0.0
id_reference,A5_train_seed_0,50056,250,250,False,250,7,0,0.13181727828667517,6.917477503432149,32.95431957166879,-1.0658141036401503e-14,1.0,1.0,0.0,0.0,5.356273480107773,5.356273480107773,0.0,0.0
id_reference,A5_train_seed_0,50057,250,250,False,250,30,0,0.8284743354554297,13.688985769157561,207.11858386385742,-2.4868995751603507e-14,1.0,1.0,0.0,0.0,4.287246693944705,4.287246693944705,0.0,0.0
id_reference,A5_train_seed_0,50058,102,102,False,102,39,0,5.700966648800638,26.73350648512029,581.4985981776651,-1.7763568394002505e-14,1.0,1.0,0.0,0.0,7.441334784480735,7.441334784480735,0.0,0.0
id_reference,A5_train_seed_0,50059,90,90,False,90,90,0,5.509731906227366,11.273492980556805,495.87587156046294,-1.4210854715202004e-14,1.0,1.0,0.0,0.0,8.492874705172131,8.492874705172131,0.0,0.0
id_reference,A5_train_seed_0,50060,250,250,False,250,27,0,1.7757853292455235,21.487725712032915,443.94633231138084,-2.1316282072803006e-14,1.0,1.0,0.0,0.0,6.416878790793567,6.416878790793567,0.0,0.0
id_reference,A5_train_seed_0,50061,250,250,False,250,9,0,0.05887418206893375,2.371369558333136,14.718545517233437,0.0,1.0,1.0,0.0,0.0,7.861860067789112,7.861860067789112,0.0,0.0
id_reference,A5_train_seed_0,50062,250,250,False,250,56,0,1.820538598702698,16.07057988324559,455.1346496756745,-1.4210854715202004e-14,1.0,1.0,0.0,0.0,6.7072287717035755,6.7072287717035755,0.0,0.0
id_reference,A5_train_seed_0,50063,250,250,False,250,17,0,0.26881898058261916,5.207671596335233,67.20474514565478,-2.842170943040401e-14,1.0,1.0,0.0,0.0,7.018681601026059,7.018681601026059,0.0,0.0
id_reference,A5_train_seed_0,50064,250,250,False,250,18,0,0.7934413727079587,15.494764873282783,198.36034317698966,-2.1316282072803006e-14,1.0,1.0,0.0,0.0,2.7865865183278946,2.7865865183278946,0.0,0.0
id_reference,A5_train_seed_0,50065,40,40,False,40,24,0,1.353874522925437,4.106881784259569,54.154980917017475,-2.842170943040401e-14,1.0,1.0,0.0,0.0,7.147877388263912,7.147877388263912,0.0,0.0
id_reference,A5_train_seed_0,50066,250,250,False,250,54,0,3.3790998076067615,29.801184038640976,844.7749519016904,-2.842170943040401e-14,1.0,1.0,0.0,0.0,6.783558598251515,6.783558598251515,0.0,0.0
id_reference,A5_train_seed_0,50067,250,250,False,250,32,0,0.7922413700136425,10.516119400268362,198.06034250341062,-2.842170943040401e-14,1.0,1.0,0.0,0.0,5.001698741879836,5.001698741879836,0.0,0.0
id_reference,A5_train_seed_0,50068,40,40,False,40,20,0,2.988728177574681,9.196178160077855,119.54912710298723,-2.1316282072803006e-14,1.0,1.0,0.0,0.0,5.254027578138755,5.254027578138755,0.0,0.0
id_reference,A5_train_seed_0,50069,66,66,False,66,19,0,3.9326567307243527,18.79214588624951,259.55534422780727,-6.394884621840902e-14,1.0,1.0,0.0,0.0,5.462338707326065,5.462338707326065,0.0,0.0
id_reference,A5_train_seed_0,50070,66,66,False,66,7,0,0.41333725743880173,7.788875894320719,27.280258990960913,-2.1316282072803006e-14,1.0,1.0,0.0,0.0,5.485434392806341,5.485434392806341,0.0,0.0
id_reference,A5_train_seed_0,50071,89,89,False,89,14,0,1.7320111383502659,18.630049376836432,154.14899131317367,-4.263256414560601e-14,1.0,1.0,0.0,0.0,5.4221547954032125,5.4221547954032125,0.0,0.0
id_reference,A5_train_seed_0,50072,250,250,False,250,247,0,9.521009599359035,19.489461878773106,2380.2523998397587,-8.526512829121202e-14,1.0,1.0,0.0,0.0,7.835445608926094,7.835445608926094,0.0,0.0
id_reference,A5_train_seed_0,50073,250,250,False,250,80,0,2.601911059728538,16.946408309752258,650.4777649321345,-2.842170943040401e-14,1.0,1.0,0.0,0.0,6.8408399552699075,6.8408399552699075,0.0,0.0
id_reference,A5_train_seed_0,50074,71,71,False,71,44,0,2.1085961162731435,8.961420399301472,149.71032425539318,-2.842170943040401e-14,1.0,1.0,0.0,0.0,6.661658479960145,6.661658479960145,0.0,0.0
id_reference,A5_train_seed_0,50075,250,250,False,250,88,0,1.933605908183663,11.30805095564681,483.4014770459157,-2.1316282072803006e-14,1.0,1.0,0.0,0.0,8.763976415073268,8.763976415073268,0.0,0.0
id_reference,A5_train_seed_0,50076,250,250,False,250,240,3,13.348720718071789,33.34765632647256,3337.180179517947,-2.1316282072803006e-14,1.0,1.0,0.0,0.0,10.376579966098063,10.376579966098063,0.0,0.0
id_reference,A5_train_seed_0,50077,250,250,False,250,15,2,0.35192753745462096,11.242356697453225,87.98188436365524,-2.1316282072803006e-14,1.0,1.0,0.0,0.0,7.758773830780043,7.758773830780043,0.0,0.0
id_reference,A5_train_seed_0,50078,250,250,False,250,36,0,1.0963946490982686,10.425629919592005,274.0986622745671,-1.7763568394002505e-14,1.0,1.0,0.0,0.0,5.943265612908958,5.943265612908958,0.0,0.0
id_reference,A5_train_seed_0,50079,250,250,False,250,76,13,5.803861376294204,33.11088065165901,1450.965344073551,-1.7763568394002505e-14,1.0,1.0,0.0,0.0,4.697793833432708,4.697793833432708,0.0,0.0
id_reference,A5_train_seed_0,50080,94,94,False,94,70,0,6.222011532932611,17.065356299648204,584.8690840956655,-2.842170943040401e-14,1.0,1.0,0.0,0.0,7.307170082512379,7.307170082512379,0.0,0.0
id_reference,A5_train_seed_0,50081,250,250,False,250,21,0,0.46409580367222547,12.018369444976626,116.02395091805637,-2.398081733190338e-14,1.0,1.0,0.0,0.0,3.0740922704429514,3.0740922704429514,0.0,0.0
id_reference,A5_train_seed_0,50082,47,47,False,47,15,0,2.8289007814178078,16.199340927738966,132.95833672663696,-1.7763568394002505e-14,1.0,1.0,0.0,0.0,4.354728644733019,4.354728644733019,0.0,0.0
id_reference,A5_train_seed_0,50083,80,80,False,80,68,0,6.3875440848969856,17.404618238466753,511.0035267917588,-1.4210854715202004e-14,1.0,1.0,0.0,0.0,5.342977910348324,5.342977910348324,0.0,0.0
id_reference,A5_train_seed_0,50084,250,250,False,250,18,0,0.6042828845746014,12.986058036714716,151.07072114365036,-3.552713678800501e-14,1.0,1.0,0.0,0.0,4.212839038249995,4.212839038249995,0.0,0.0
id_reference,A5_train_seed_0,50085,250,250,False,250,248,0,7.9928760810409125,19.34582801579002,1998.219020260228,-7.105427357601002e-14,1.0,1.0,0.0,0.0,8.723166929422627,8.723166929422627,0.0,0.0
id_reference,A5_train_seed_0,50086,250,250,False,250,20,0,2.0344202901732182,37.989309427617016,508.6050725433046,-1.4210854715202004e-14,1.0,1.0,0.0,0.0,6.178995377496805,6.178995377496805,0.0,0.0
id_reference,A5_train_seed_0,50087,44,44,False,44,32,0,3.242776424307432,6.868000890115593,142.682162669527,-2.842170943040401e-14,1.0,1.0,0.0,0.0,8.590188487869197,8.590188487869197,0.0,0.0
id_reference,A5_train_seed_0,50088,250,250,False,250,248,0,9.650251104199139,30.924553184955222,2412.5627760497846,-1.4210854715202004e-14,1.0,1.0,0.0,0.0,5.51308759443534,5.51308759443534,0.0,0.0
id_reference,A5_train_seed_0,50089,250,250,False,250,47,0,0.7639724111299746,13.703555663815076,190.99310278249365,-1.4210854715202004e-14,1.0,1.0,0.0,0.0,5.961721041368815,5.961721041368815,0.0,0.0
id_reference,A5_train_seed_0,50090,222,222,False,222,36,12,3.644770992475203,35.101282380924225,809.1391603294951,-2.1316282072803006e-14,1.0,1.0,0.0,0.0,6.484551820399595,6.484551820399595,0.0,0.0
id_reference,A5_train_seed_0,50091,250,250,False,250,248,0,12.599514024281318,15.753291316303995,3149.8785060703294,-4.263256414560601e-14,1.0,1.0,0.0,0.0,8.937909986022762,8.937909986022762,0.0,0.0
id_reference,A5_train_seed_0,50092,128,128,False,128,86,0,5.005651106743612,14.341178101148495,640.7233416631823,-4.263256414560601e-14,1.0,1.0,0.0,0.0,8.538057157392208,8.538057157392208,0.0,0.0
id_reference,A5_train_seed_0,50093,250,250,False,250,240,4,15.027512096746634,32.85786967201185,3756.8780241866584,-2.842170943040401e-14,1.0,1.0,0.0,0.0,10.493991155792745,10.493991155792745,0.0,0.0
id_reference,A5_train_seed_0,50094,57,57,False,57,7,0,0.6373020089282478,8.567081719447025,36.32621450891013,-7.105427357601002e-15,1.0,1.0,0.0,0.0,6.03551617089231,6.03551617089231,0.0,0.0
id_reference,A5_train_seed_0,50095,52,52,False,52,27,0,4.430561610961721,10.87280933536572,230.3892037700095,-4.263256414560601e-14,1.0,1.0,0.0,0.0,6.76308342983402,6.76308342983402,0.0,0.0
id_reference,A5_train_seed_0,50096,250,250,False,250,37,0,2.7345771999360227,33.443023734960924,683.6442999840057,-1.4210854715202004e-14,1.0,1.0,0.0,0.0,6.105331237407955,6.105331237407955,0.0,0.0
id_reference,A5_train_seed_0,50097,250,250,False,250,250,0,3.9929482328734265,10.129889620110808,998.2370582183567,-5.684341886080802e-14,1.0,1.0,0.0,0.0,8.326962218368314,8.326962218368314,0.0,0.0
id_reference,A5_train_seed_0,50098,250,250,False,250,33,0,2.8945781024011055,36.95102260549594,723.6445256002763,-2.3092638912203256e-14,1.0,1.0,0.0,0.0,6.946599076388569,6.946599076388569,0.0,0.0
id_reference,A5_train_seed_0,50099,250,250,False,250,250,0,5.954111148817938,12.064304288221344,1488.5277872044844,-4.263256414560601e-14,1.0,1.0,0.0,0.0,9.677815375327716,9.677815375327716,0.0,0.0
ood_compound,A5_train_seed_0,50000,250,250,False,250,87,0,2.052214386141219,13.407699021729098,513.0535965353048,-2.842170943040401e-14,1.0,1.0,0.0,0.0,7.519105538579875,7.519105538579875,0.0,0.0
ood_compound,A5_train_seed_0,50001,250,250,False,250,222,0,5.649672492932668,27.248185139763716,1412.4181232331669,-7.105427357601002e-14,1.0,1.0,0.0,0.0,8.081490808113701,8.081490808113701,0.0,0.0
ood_compound,A5_train_seed_0,50002,250,250,False,250,226,0,6.19344219823046,14.979350187171944,1548.3605495576148,-8.526512829121202e-14,1.0,1.0,0.0,0.0,6.532807837463297,6.532807837463297,0.0,0.0
ood_compound,A5_train_seed_0,50003,57,58,True,57,53,5,19.654951697614,54.99633037449582,1139.987198461612,-512.4280675269015,1.0,1.0,0.0,0.0,8.830763489022475,8.830763489022475,0.0,0.0
ood_compound,A5_train_seed_0,50004,250,250,False,250,160,61,9.579136826762754,30.387136701912663,2394.7842066906887,-4.263256414560601e-14,1.0,1.0,0.0,0.0,8.428586347177847,8.428586347177847,0.0,0.0
ood_compound,A5_train_seed_0,50005,250,250,False,250,248,0,6.243348521803457,16.525410213700578,1560.8371304508642,-2.842170943040401e-14,1.0,1.0,0.0,0.0,8.560590444299065,8.560590444299065,0.0,0.0
ood_compound,A5_train_seed_0,50006,250,250,False,250,186,0,8.004494756520328,20.145895849040546,2001.123689130082,-4.263256414560601e-14,1.0,1.0,0.0,0.0,7.865750303468101,7.865750303468101,0.0,0.0
ood_compound,A5_train_seed_0,50007,64,65,True,64,59,3,17.98716299372343,60.97831887653944,1169.165594592023,-613.2209883213225,1.0,1.0,0.0,0.0,9.333306581975096,9.333306581975096,0.0,0.0
ood_compound,A5_train_seed_0,50008,250,250,False,250,246,6,8.02824850240878,16.747261581565247,2007.062125602195,-4.263256414560601e-14,1.0,1.0,0.0,0.0,8.673512707846875,8.673512707846875,0.0,0.0
ood_compound,A5_train_seed_0,50009,230,230,False,230,162,29,15.734094679267907,28.29532643861862,3618.8417762316185,-2.842170943040401e-14,1.0,1.0,0.0,0.0,6.9841986917355845,6.9841986917355845,0.0,0.0
ood_compound,A5_train_seed_0,50010,250,250,False,250,68,0,6.013422019921636,31.36571849723662,1503.355504980409,-2.1316282072803006e-14,1.0,1.0,0.0,0.0,8.942498689580896,8.942498689580896,0.0,0.0
ood_compound,A5_train_seed_0,50011,250,250,False,250,203,0,4.235960072137415,15.56469262995388,1058.9900180343536,-5.684341886080802e-14,1.0,1.0,0.0,0.0,7.943792139521567,7.943792139521567,0.0,0.0
ood_compound,A5_train_seed_0,50012,218,218,False,218,172,0,7.570264779463076,12.873080592426328,1650.3177219229506,-7.105427357601002e-14,1.0,1.0,0.0,0.0,9.044846191476987,9.044846191476987,0.0,0.0
ood_compound,A5_train_seed_0,50013,250,250,False,250,250,0,13.978685999781577,17.455071384026596,3494.6714999453943,-8.526512829121202e-14,1.0,1.0,0.0,0.0,9.612477805919406,9.612477805919406,0.0,0.0
ood_compound,A5_train_seed_0,50014,250,250,False,250,250,0,8.710982266777078,19.914168337363417,2177.7455666942697,-4.263256414560601e-14,1.0,1.0,0.0,0.0,9.7873636046839,9.7873636046839,0.0,0.0
ood_compound,A5_train_seed_0,50015,250,250,False,250,139,0,9.110379675495631,26.368075209074075,2277.594918873908,-7.460698725481052e-14,1.0,1.0,0.0,0.0,7.552601350054214,7.552601350054214,0.0,0.0
ood_compound,A5_train_seed_0,50016,250,250,False,250,195,0,15.317476222295637,28.465658012811247,3829.3690555739095,-3.552713678800501e-14,1.0,1.0,0.0,0.0,6.567387156900751,6.567387156900751,0.0,0.0
ood_compound,A5_train_seed_0,50017,250,250,False,250,246,3,8.263161306034368,15.723634324669852,2065.790326508592,-4.263256414560601e-14,1.0,1.0,0.0,0.0,8.853935952266555,8.853935952266555,0.0,0.0
ood_compound,A5_train_seed_0,50018,250,250,False,250,250,0,18.331258760573075,30.833519240427094,4582.814690143268,-4.263256414560601e-14,1.0,1.0,0.0,0.0,7.633094782924775,7.633094782924775,0.0,0.0
ood_compound,A5_train_seed_0,50019,250,250,False,250,250,0,17.073615295168377,17.614989460425004,4268.403823792094,-2.842170943040401e-14,1.0,1.0,0.0,0.0,10.893863965361854,10.893863965361854,0.0,0.0
ood_compound,A5_train_seed_0,50020,250,250,False,250,24,0,0.6132938011302557,9.44044307106026,153.32345028256393,-2.842170943040401e-14,1.0,1.0,0.0,0.0,9.953215681337577,9.953215681337577,0.0,0.0
ood_compound,A5_train_seed_0,50021,250,250,False,250,139,0,3.298694795680437,10.882624087769251,824.6736989201092,-7.105427357601002e-14,1.0,1.0,0.0,0.0,8.367367634506222,8.367367634506222,0.0,0.0
ood_compound,A5_train_seed_0,50022,250,250,False,250,98,0,5.7977727018295555,27.778708500481308,1449.4431754573889,-2.1316282072803006e-14,1.0,1.0,0.0,0.0,7.516289047353595,7.516289047353595,0.0,0.0
ood_compound,A5_train_seed_0,50023,250,250,False,250,137,0,3.4624781788875136,18.972535312981762,865.6195447218784,-4.263256414560601e-14,1.0,1.0,0.0,0.0,8.082867562524248,8.082867562524248,0.0,0.0
ood_compound,A5_train_seed_0,50024,250,250,False,250,168,0,4.421440127677603,18.53730573039809,1105.3600319194009,-8.526512829121202e-14,1.0,1.0,0.0,0.0,8.362977303373471,8.362977303373471,0.0,0.0
ood_compound,A5_train_seed_0,50025,250,250,False,250,95,2,3.6848007589587386,23.6933890894371,921.2001897396847,-2.842170943040401e-14,1.0,1.0,0.0,0.0,7.925605996311713,7.925605996311713,0.0,0.0
ood_compound,A5_train_seed_0,50026,250,250,False,250,247,2,8.985468764854508,13.677921306618318,2246.367191213627,-5.684341886080802e-14,1.0,1.0,0.0,0.0,8.906643746500635,8.906643746500635,0.0,0.0
ood_compound,A5_train_seed_0,50027,250,250,False,250,99,0,4.302914517032979,24.2900124163612,1075.7286292582446,-4.263256414560601e-14,1.0,1.0,0.0,0.0,9.282833681338484,9.282833681338484,0.0,0.0
ood_compound,A5_train_seed_0,50028,250,250,False,250,113,0,5.282261739291005,21.696321095158773,1320.5654348227513,-3.197442310920451e-14,1.0,1.0,0.0,0.0,6.933303208009953,6.933303208009953,0.0,0.0
ood_compound,A5_train_seed_0,50029,250,250,False,250,250,0,14.505825866774886,18.72350098393601,3626.4564666937217,-2.842170943040401e-14,1.0,1.0,0.0,0.0,10.852600319229696,10.852600319229696,0.0,0.0
ood_compound,A5_train_seed_0,50030,250,250,False,250,199,1,3.9523356855573257,19.789661324512373,988.0839213893314,-5.684341886080802e-14,1.0,1.0,0.0,0.0,8.038242001464344,8.038242001464344,0.0,0.0
ood_compound,A5_train_seed_0,50031,250,250,False,250,240,0,5.272431650044185,20.2344732274822,1318.1079125110462,-2.842170943040401e-14,1.0,1.0,0.0,0.0,8.662809736407006,8.662809736407006,0.0,0.0
ood_compound,A5_train_seed_0,50032,250,250,False,250,89,0,8.687767788695956,32.223094912496336,2171.941947173989,-1.4210854715202004e-14,1.0,1.0,0.0,0.0,9.053894582011917,9.053894582011917,0.0,0.0
ood_compound,A5_train_seed_0,50033,250,250,False,250,250,0,9.04798628122087,18.149684726059977,2261.9965703052176,-7.105427357601002e-14,1.0,1.0,0.0,0.0,8.629730345629715,8.629730345629715,0.0,0.0
ood_compound,A5_train_seed_0,50034,250,250,False,250,214,0,7.276689426502482,21.512843133520175,1819.1723566256205,-7.815970093361102e-14,1.0,1.0,0.0,0.0,6.380116323782707,6.380116323782707,0.0,0.0
ood_compound,A5_train_seed_0,50035,250,250,False,250,250,0,9.580962647221725,19.880565494893215,2395.240661805431,-7.105427357601002e-14,1.0,1.0,0.0,0.0,9.060668112240073,9.060668112240073,0.0,0.0
ood_compound,A5_train_seed_0,50036,250,250,False,250,236,0,15.114150981020426,23.994900406074603,3778.5377452551065,-1.2789769243681803e-13,1.0,1.0,0.0,0.0,8.330083990871524,8.330083990871524,0.0,0.0
ood_compound,A5_train_seed_0,50037,250,250,False,250,250,0,17.060125617526822,20.93240622498232,4265.031404381705,-9.947598300641403e-14,1.0,1.0,0.0,0.0,7.037717385892095,7.037717385892095,0.0,0.0
ood_compound,A5_train_seed_0,50038,250,250,False,250,248,0,7.698925917725588,19.663578583414388,1924.731479431397,-5.684341886080802e-14,1.0,1.0,0.0,0.0,9.818126867794517,9.818126867794517,0.0,0.0
ood_compound,A5_train_seed_0,50039,250,250,False,250,208,0,8.633651633196896,16.835884746280993,2158.412908299224,-9.947598300641403e-14,1.0,1.0,0.0,0.0,6.850932244463934,6.850932244463934,0.0,0.0
ood_compound,A5_train_seed_0,50040,250,250,False,250,224,0,5.429907517125688,18.249691560493684,1357.476879281422,-7.815970093361102e-14,1.0,1.0,0.0,0.0,8.958952155609115,8.958952155609115,0.0,0.0
ood_compound,A5_train_seed_0,50041,250,250,False,250,68,0,3.430635242924362,25.75564923953351,857.6588107310905,-2.842170943040401e-14,1.0,1.0,0.0,0.0,7.277433747770461,7.277433747770461,0.0,0.0
ood_compound,A5_train_seed_0,50042,250,250,False,250,250,0,7.991564764261826,12.938557913548518,1997.8911910654565,-5.684341886080802e-14,1.0,1.0,0.0,0.0,8.538000151413188,8.538000151413188,0.0,0.0
ood_compound,A5_train_seed_0,50043,250,250,False,250,250,0,3.881873640607467,8.735016915936972,970.4684101518668,-7.105427357601002e-14,1.0,1.0,0.0,0.0,10.724616922848746,10.724616922848746,0.0,0.0
ood_compound,A5_train_seed_0,50044,250,250,False,250,250,0,17.11687409435283,23.143174796072135,4279.218523588208,-1.2079226507921703e-13,1.0,1.0,0.0,0.0,9.403536028413823,9.403536028413823,0.0,0.0
ood_compound,A5_train_seed_0,50045,250,250,False,250,250,0,17.022070753551727,18.1730529073816,4255.517688387932,-2.842170943040401e-14,1.0,1.0,0.0,0.0,9.875246015366411,9.875246015366411,0.0,0.0
ood_compound,A5_train_seed_0,50046,250,250,False,250,97,0,5.174585125667154,26.95708857837946,1293.6462814167885,-2.1316282072803006e-14,1.0,1.0,0.0,0.0,7.707631008693078,7.707631008693078,0.0,0.0
ood_compound,A5_train_seed_0,50047,250,250,False,250,241,0,7.126311417898867,16.879854159719226,1781.5778544747168,-2.842170943040401e-14,1.0,1.0,0.0,0.0,9.012012585121308,9.012012585121308,0.0,0.0
ood_compound,A5_train_seed_0,50048,250,250,False,250,84,1,2.7044896913516054,18.976425759368905,676.1224228379014,-2.842170943040401e-14,1.0,1.0,0.0,0.0,7.970697504064468,7.970697504064468,0.0,0.0
ood_compound,A5_train_seed_0,50049,250,250,False,250,198,0,14.43237338289917,30.30788499410594,3608.0933457247925,-8.526512829121202e-14,1.0,1.0,0.0,0.0,8.779615796364123,8.779615796364123,0.0,0.0
ood_compound,A5_train_seed_0,50050,250,250,False,250,249,0,6.956859960126885,20.169135852847724,1739.2149900317213,-1.4210854715202004e-14,1.0,1.0,0.0,0.0,9.005722242089526,9.005722242089526,0.0,0.0
ood_compound,A5_train_seed_0,50051,250,250,False,250,247,0,12.117557335505763,16.170553878048157,3029.389333876441,-2.842170943040401e-14,1.0,1.0,0.0,0.0,9.495487195450957,9.495487195450957,0.0,0.0
ood_compound,A5_train_seed_0,50052,250,250,False,250,233,0,9.435528678116055,31.964454525338542,2358.882169529014,-5.684341886080802e-14,1.0,1.0,0.0,0.0,7.834518948221174,7.834518948221174,0.0,0.0
ood_compound,A5_train_seed_0,50053,250,250,False,250,140,0,8.385740960570368,22.684864827124265,2096.435240142592,-4.263256414560601e-14,1.0,1.0,0.0,0.0,7.864525754286815,7.864525754286815,0.0,0.0
ood_compound,A5_train_seed_0,50054,250,250,False,250,234,0,4.380356734048178,19.126329219797835,1095.0891835120444,-5.684341886080802e-14,1.0,1.0,0.0,0.0,8.228860951909953,8.228860951909953,0.0,0.0
ood_compound,A5_train_seed_0,50055,250,250,False,250,116,106,8.23732188488263,31.688078031995012,2059.3304712206577,-2.1316282072803006e-14,1.0,1.0,0.0,0.0,6.723686361247661,6.723686361247661,0.0,0.0
ood_compound,A5_train_seed_0,50056,250,250,False,250,27,0,0.39303042941173183,7.035358625675313,98.25760735293295,-2.1316282072803006e-14,1.0,1.0,0.0,0.0,9.101070430429779,9.101070430429779,0.0,0.0
ood_compound,A5_train_seed_0,50057,250,250,False,250,200,0,10.623673874658998,24.86785997137451,2655.9184686647495,-8.526512829121202e-14,1.0,1.0,0.0,0.0,7.995823647627986,7.995823647627986,0.0,0.0
ood_compound,A5_train_seed_0,50058,250,250,False,250,125,39,6.538884051981593,19.343475653821137,1634.7210129953983,-2.842170943040401e-14,1.0,1.0,0.0,0.0,7.400422932865248,7.400422932865248,0.0,0.0
ood_compound,A5_train_seed_0,50059,250,250,False,250,250,0,10.338332906997056,22.16110079501104,2584.583226749264,-8.526512829121202e-14,1.0,1.0,0.0,0.0,9.349517611794017,9.349517611794017,0.0,0.0
ood_compound,A5_train_seed_0,50060,250,250,False,250,250,0,16.912736379860128,17.467672945000018,4228.184094965032,-2.842170943040401e-14,1.0,1.0,0.0,0.0,11.116121357133403,11.116121357133403,0.0,0.0
ood_compound,A5_train_seed_0,50061,250,250,False,250,170,0,5.279679686792764,20.397217107496424,1319.919921698191,-7.105427357601002e-14,1.0,1.0,0.0,0.0,8.39939747474496,8.39939747474496,0.0,0.0
ood_compound,A5_train_seed_0,50062,250,250,False,250,143,2,3.5818389677008087,17.735694126980132,895.4597419252021,-4.263256414560601e-14,1.0,1.0,0.0,0.0,8.857693459521984,8.857693459521984,0.0,0.0
ood_compound,A5_train_seed_0,50063,250,250,False,250,240,0,11.662724405422315,20.089718675155307,2915.681101355579,-8.526512829121202e-14,1.0,1.0,0.0,0.0,8.972934015441796,8.972934015441796,0.0,0.0
ood_compound,A5_train_seed_0,50064,250,250,False,250,243,0,12.549027782325261,25.73385975256313,3137.2569455813154,-9.947598300641403e-14,1.0,1.0,0.0,0.0,7.806139367769215,7.806139367769215,0.0,0.0
ood_compound,A5_train_seed_0,50065,250,250,False,250,78,0,1.580233933142636,10.671990886596252,395.058483285659,-2.1316282072803006e-14,1.0,1.0,0.0,0.0,8.254300470159356,8.254300470159356,0.0,0.0
ood_compound,A5_train_seed_0,50066,250,250,False,250,250,0,17.26183213960357,18.85333172279286,4315.458034900892,-2.842170943040401e-14,1.0,1.0,0.0,0.0,10.61345083596091,10.61345083596091,0.0,0.0
ood_compound,A5_train_seed_0,50067,250,250,False,250,241,0,8.599474742944295,20.33816358715088,2149.868685736074,-8.526512829121202e-14,1.0,1.0,0.0,0.0,8.07228398378933,8.07228398378933,0.0,0.0
ood_compound,A5_train_seed_0,50068,250,250,False,250,126,0,2.12013911863097,9.282284481326787,530.0347796577424,-2.1316282072803006e-14,1.0,1.0,0.0,0.0,7.728168716957251,7.728168716957251,0.0,0.0
ood_compound,A5_train_seed_0,50069,250,250,False,250,98,0,3.955000874083351,18.784985218454963,988.7502185208377,-9.237055564881302e-14,1.0,1.0,0.0,0.0,7.20084212574907,7.20084212574907,0.0,0.0
ood_compound,A5_train_seed_0,50070,250,250,False,250,68,0,1.6188999737980356,10.183025289512477,404.72499344950893,-7.105427357601002e-14,1.0,1.0,0.0,0.0,7.743174276271137,7.743174276271137,0.0,0.0
ood_compound,A5_train_seed_0,50071,250,250,False,250,250,0,17.440832145925423,24.261309341956498,4360.2080364813555,-1.1368683772161603e-13,1.0,1.0,0.0,0.0,9.821856689817812,9.821856689817812,0.0,0.0
ood_compound,A5_train_seed_0,50072,250,250,False,250,248,0,10.96962321108938,19.489461878773106,2742.405802772345,-5.684341886080802e-14,1.0,1.0,0.0,0.0,8.889928111326876,8.889928111326876,0.0,0.0
ood_compound,A5_train_seed_0,50073,250,250,False,250,248,0,7.354552383829901,20.025342948749984,1838.6380959574753,-7.105427357601002e-14,1.0,1.0,0.0,0.0,9.364866176156502,9.364866176156502,0.0,0.0
ood_compound,A5_train_seed_0,50074,250,250,False,250,233,0,4.362443456484269,10.607142109776763,1090.6108641210672,-5.684341886080802e-14,1.0,1.0,0.0,0.0,6.431008835118359,6.431008835118359,0.0,0.0
ood_compound,A5_train_seed_0,50075,250,250,False,250,250,0,10.266016293557291,21.993858607986503,2566.504073389323,-5.684341886080802e-14,1.0,1.0,0.0,0.0,9.229309761019952,9.229309761019952,0.0,0.0
ood_compound,A5_train_seed_0,50076,35,36,True,35,21,3,13.350929943762775,32.41472812359516,480.6334779754599,-416.0762624465193,1.0,1.0,0.0,0.0,8.247979796458733,8.247979796458733,0.0,0.0
ood_compound,A5_train_seed_0,50077,250,250,False,250,89,0,3.4363861163191167,18.181320353412637,859.0965290797792,-4.263256414560601e-14,1.0,1.0,0.0,0.0,9.715548513625826,9.715548513625826,0.0,0.0
ood_compound,A5_train_seed_0,50078,250,250,False,250,233,0,15.301981341843215,27.030455442481035,3825.4953354608037,-7.105427357601002e-14,1.0,1.0,0.0,0.0,8.910270263916386,8.910270263916386,0.0,0.0
ood_compound,A5_train_seed_0,50079,250,250,False,250,243,0,14.475514468743077,31.527841921241812,3618.878617185769,-7.105427357601002e-14,1.0,1.0,0.0,0.0,8.684075100215129,8.684075100215129,0.0,0.0
ood_compound,A5_train_seed_0,50080,250,250,False,250,219,2,4.434823580543244,17.065356299648204,1108.705895135811,-1.4210854715202004e-14,1.0,1.0,0.0,0.0,8.357136468694607,8.357136468694607,0.0,0.0
ood_compound,A5_train_seed_0,50081,250,250,False,250,218,0,3.116478383156071,15.546661718830569,779.1195957890178,-7.105427357601002e-14,1.0,1.0,0.0,0.0,7.725469311937304,7.725469311937304,0.0,0.0
ood_compound,A5_train_seed_0,50082,110,110,False,110,51,0,5.232611387773487,20.55745868494528,575.5872526550836,-4.263256414560601e-14,1.0,1.0,0.0,0.0,6.376302475927208,6.376302475927208,0.0,0.0
ood_compound,A5_train_seed_0,50083,250,250,False,250,230,0,7.547470726610163,21.775096528651517,1886.8676816525408,-1.4210854715202004e-14,1.0,1.0,0.0,0.0,7.612767896886623,7.612767896886623,0.0,0.0
ood_compound,A5_train_seed_0,50084,250,250,False,250,250,0,14.118065159948195,17.7871715666467,3529.516289987049,-9.947598300641403e-14,1.0,1.0,0.0,0.0,10.286629610011172,10.286629610011172,0.0,0.0
ood_compound,A5_train_seed_0,50085,250,250,False,250,246,0,9.842380807283607,19.34582801579002,2460.595201820902,-7.105427357601002e-14,1.0,1.0,0.0,0.0,9.676857908615732,9.676857908615732,0.0,0.0
ood_compound,A5_train_seed_0,50086,250,250,False,250,242,56,16.513718223701616,43.02392409156877,4128.429555925404,-2.842170943040401e-14,1.0,1.0,0.0,0.0,8.310076529493147,8.310076529493147,0.0,0.0
ood_compound,A5_train_seed_0,50087,250,250,False,250,212,0,6.81395230728867,13.375682914051488,1703.4880768221674,-2.842170943040401e-14,1.0,1.0,0.0,0.0,8.682730176900522,8.682730176900522,0.0,0.0
ood_compound,A5_train_seed_0,50088,250,250,False,250,244,0,14.397580229142644,30.877693843604945,3599.395057285661,-2.842170943040401e-14,1.0,1.0,0.0,0.0,10.357243928128723,10.357243928128723,0.0,0.0
ood_compound,A5_train_seed_0,50089,250,250,False,250,231,0,3.0793912001299413,13.703555663815076,769.8478000324853,-4.263256414560601e-14,1.0,1.0,0.0,0.0,8.309047445057695,8.309047445057695,0.0,0.0
ood_compound,A5_train_seed_0,50090,250,250,False,250,174,34,8.6176333708609,29.83578908083744,2154.408342715225,-2.842170943040401e-14,1.0,1.0,0.0,0.0,8.136639486539801,8.136639486539801,0.0,0.0
ood_compound,A5_train_seed_0,50091,250,250,False,250,241,0,11.88935518852965,19.444003515655215,2972.3387971324128,-2.842170943040401e-14,1.0,1.0,0.0,0.0,9.530543526585177,9.530543526585177,0.0,0.0
ood_compound,A5_train_seed_0,50092,250,250,False,250,245,0,8.245029051330576,23.2691407240191,2061.257262832644,-1.1368683772161603e-13,1.0,1.0,0.0,0.0,9.47417289573053,9.47417289573053,0.0,0.0
ood_compound,A5_train_seed_0,50093,250,250,False,250,243,6,13.344189073683847,32.13691897099946,3336.0472684209617,-5.684341886080802e-14,1.0,1.0,0.0,0.0,9.356608371015756,9.356608371015756,0.0,0.0
ood_compound,A5_train_seed_0,50094,250,250,False,250,67,0,2.6095947990776054,12.090340051513465,652.3986997694013,-2.1316282072803006e-14,1.0,1.0,0.0,0.0,10.453859619598079,10.453859619598079,0.0,0.0
ood_compound,A5_train_seed_0,50095,250,250,False,250,118,0,3.8972491171763353,18.296561157058083,974.3122792940839,-6.394884621840902e-14,1.0,1.0,0.0,0.0,6.660747267644807,6.660747267644807,0.0,0.0
ood_compound,A5_train_seed_0,50096,250,250,False,250,123,0,7.856987104464208,31.477807609807343,1964.246776116052,-2.1316282072803006e-14,1.0,1.0,0.0,0.0,9.692443407927781,9.692443407927781,0.0,0.0
ood_compound,A5_train_seed_0,50097,250,250,False,250,250,3,8.556875188609435,13.179071640935067,2139.218797152359,-5.684341886080802e-14,1.0,1.0,0.0,0.0,10.139819334325614,10.139819334325614,0.0,0.0
ood_compound,A5_train_seed_0,50098,51,52,True,51,45,4,24.620526742480653,38.02107199416697,1280.267390608994,-277.5153510732155,1.0,1.0,0.0,0.0,8.54404565191079,8.54404565191079,0.0,0.0
ood_compound,A5_train_seed_0,50099,250,250,False,250,249,4,9.159140677133012,15.76571054812335,2289.785169283253,-5.684341886080802e-14,1.0,1.0,0.0,0.0,9.793928905196648,9.793928905196648,0.0,0.0
motor_fault,A5_train_seed_0,50000,250,250,False,250,66,0,0.9968457568554868,8.713373303320004,249.2114392138717,-4.263256414560601e-14,1.0,1.0,0.0,0.0,8.092528587950587,8.092528587950587,0.0,0.0
motor_fault,A5_train_seed_0,50001,250,250,False,250,206,0,4.70130964974605,16.620673339228563,1175.3274124365125,-5.684341886080802e-14,1.0,1.0,0.0,0.0,7.827082891832812,7.827082891832812,0.0,0.0
motor_fault,A5_train_seed_0,50002,250,250,False,250,213,5,10.681431246607245,29.256198047102917,2670.357811651811,-1.1368683772161603e-13,1.0,1.0,0.0,0.0,7.8668121531596125,7.8668121531596125,0.0,0.0
motor_fault,A5_train_seed_0,50003,250,250,False,250,35,0,3.3923398417482535,33.459079292013634,848.0849604370634,-2.1316282072803006e-14,1.0,1.0,0.0,0.0,7.453218888039671,7.453218888039671,0.0,0.0
motor_fault,A5_train_seed_0,50004,250,250,False,250,250,0,9.73453761097174,28.911774904878882,2433.634402742935,-7.815970093361102e-14,1.0,1.0,0.0,0.0,9.757452973040309,9.757452973040309,0.0,0.0
motor_fault,A5_train_seed_0,50005,250,250,False,250,239,0,3.744867619181389,14.937409286320188,936.2169047953472,-2.842170943040401e-14,1.0,1.0,0.0,0.0,7.476149476976832,7.476149476976832,0.0,0.0
motor_fault,A5_train_seed_0,50006,250,250,False,250,130,0,2.007831995469816,13.731482063481469,501.9579988674539,-6.394884621840902e-14,1.0,1.0,0.0,0.0,5.85546782243808,5.85546782243808,0.0,0.0
motor_fault,A5_train_seed_0,50007,250,250,False,250,35,0,2.4976490997598093,31.604954819808487,624.4122749399523,-1.4210854715202004e-14,1.0,1.0,0.0,0.0,10.047537115277894,10.047537115277894,0.0,0.0
motor_fault,A5_train_seed_0,50008,250,250,False,250,247,0,6.976770881816798,15.265436509898384,1744.1927204541996,-4.263256414560601e-14,1.0,1.0,0.0,0.0,8.430561360444717,8.430561360444717,0.0,0.0
motor_fault,A5_train_seed_0,50009,250,250,False,250,243,1,16.495744781659734,30.973559610180487,4123.9361954149335,-2.842170943040401e-14,1.0,1.0,0.0,0.0,9.072109043537978,9.072109043537978,0.0,0.0
motor_fault,A5_train_seed_0,50010,88,88,False,88,23,0,3.4846868313408987,22.64218079086395,306.6524411579991,-7.105427357601002e-15,1.0,1.0,0.0,0.0,7.551198828146835,7.551198828146835,0.0,0.0
motor_fault,A5_train_seed_0,50011,250,250,False,250,201,0,3.6742661021800305,7.828102775784636,918.5665255450076,-4.263256414560601e-14,1.0,1.0,0.0,0.0,7.78472314680974,7.78472314680974,0.0,0.0
motor_fault,A5_train_seed_0,50012,250,250,False,250,31,0,0.734857052877346,9.849278784062427,183.71426321933652,-2.842170943040401e-14,1.0,1.0,0.0,0.0,5.739134976289845,5.739134976289845,0.0,0.0
motor_fault,A5_train_seed_0,50013,250,250,False,250,49,0,2.6769039485785027,25.37556487077017,669.2259871446257,-8.526512829121202e-14,1.0,1.0,0.0,0.0,9.4922818191884,9.4922818191884,0.0,0.0
motor_fault,A5_train_seed_0,50014,250,250,False,250,248,3,7.345141500434157,14.215945436376936,1836.2853751085393,-6.394884621840902e-14,1.0,1.0,0.0,0.0,9.435387288260143,9.435387288260143,0.0,0.0
motor_fault,A5_train_seed_0,50015,250,250,False,250,49,0,2.9351446723136734,26.96155473132227,733.7861680784183,-9.947598300641403e-14,1.0,1.0,0.0,0.0,9.10810276387597,9.10810276387597,0.0,0.0
motor_fault,A5_train_seed_0,50016,250,250,False,250,249,0,24.509524620049383,32.75760592353318,6127.3811550123455,-2.842170943040401e-14,1.0,1.0,0.0,0.0,9.597220677550322,9.597220677550322,0.0,0.0
motor_fault,A5_train_seed_0,50017,250,250,False,250,250,0,6.41907413941047,14.15908902097355,1604.7685348526174,-2.842170943040401e-14,1.0,1.0,0.0,0.0,8.711664454101555,8.711664454101555,0.0,0.0
motor_fault,A5_train_seed_0,50018,56,57,True,56,56,5,24.808443026823973,32.03673921781262,1414.0812525289664,-40.16733176456785,1.0,1.0,0.0,0.0,9.132139111046058,9.132139111046058,0.0,0.0
motor_fault,A5_train_seed_0,50019,250,250,False,250,250,31,18.976619941592183,20.473448330181288,4744.154985398046,-2.90878432451791e-14,1.0,1.0,0.0,0.0,10.585421696344254,10.585421696344254,0.0,0.0
motor_fault,A5_train_seed_0,50020,250,250,False,250,55,0,0.9593169856582605,7.94388003597981,239.82924641456512,-4.263256414560601e-14,1.0,1.0,0.0,0.0,9.89277105306033,9.89277105306033,0.0,0.0
motor_fault,A5_train_seed_0,50021,250,250,False,250,32,0,0.3627111338688286,4.999117251572901,90.67778346720715,-2.1316282072803006e-14,1.0,1.0,0.0,0.0,7.652188764885168,7.652188764885168,0.0,0.0
motor_fault,A5_train_seed_0,50022,250,250,False,250,31,0,2.4726043184336994,31.97085009294644,618.1510796084249,-2.1316282072803006e-14,1.0,1.0,0.0,0.0,8.021249811132272,8.021249811132272,0.0,0.0
motor_fault,A5_train_seed_0,50023,250,250,False,250,62,0,1.8145254324711502,17.186448289904774,453.63135811778756,-2.842170943040401e-14,1.0,1.0,0.0,0.0,7.060847983663729,7.060847983663729,0.0,0.0
motor_fault,A5_train_seed_0,50024,250,250,False,250,120,0,1.265229183491845,3.6603575798100483,316.3072958729612,-2.842170943040401e-14,1.0,1.0,0.0,0.0,8.307976970740706,8.307976970740706,0.0,0.0
motor_fault,A5_train_seed_0,50025,250,250,False,250,219,0,4.1839447906516485,14.889177114339368,1045.9861976629122,-4.973799150320701e-14,1.0,1.0,0.0,0.0,8.38687243427308,8.38687243427308,0.0,0.0
motor_fault,A5_train_seed_0,50026,250,250,False,250,246,3,9.480668506303724,22.662251220011555,2370.167126575931,-9.947598300641403e-14,1.0,1.0,0.0,0.0,8.968684799221474,8.968684799221474,0.0,0.0
motor_fault,A5_train_seed_0,50027,52,52,False,52,22,0,2.1368314604040917,10.151309123087193,111.11523594101277,-2.1316282072803006e-14,1.0,1.0,0.0,0.0,5.769178093753893,5.769178093753893,0.0,0.0
motor_fault,A5_train_seed_0,50028,250,250,False,250,22,0,1.3809588110479147,20.734088070047022,345.23970276197866,-2.1316282072803006e-14,1.0,1.0,0.0,0.0,6.6559890552086545,6.6559890552086545,0.0,0.0
motor_fault,A5_train_seed_0,50029,250,250,False,250,70,14,4.303424765296577,28.52897332173058,1075.8561913241442,-1.4210854715202004e-14,1.0,1.0,0.0,0.0,6.690047613115048,6.690047613115048,0.0,0.0
motor_fault,A5_train_seed_0,50030,85,85,False,85,60,0,4.730880503105128,15.955808189998312,402.12484276393593,-7.105427357601002e-14,1.0,1.0,0.0,0.0,7.733031094618756,7.733031094618756,0.0,0.0
motor_fault,A5_train_seed_0,50031,80,80,False,80,47,0,5.11704842939263,17.710264383901034,409.36387435141046,-2.842170943040401e-14,1.0,1.0,0.0,0.0,6.523973900603823,6.523973900603823,0.0,0.0
motor_fault,A5_train_seed_0,50032,250,250,False,250,28,0,2.5779756934894213,33.0401019071267,644.4939233723553,-2.1316282072803006e-14,1.0,1.0,0.0,0.0,8.063100858120194,8.063100858120194,0.0,0.0
motor_fault,A5_train_seed_0,50033,250,250,False,250,8,0,0.057831438637318835,2.5611749779077444,14.457859659329708,-1.0658141036401503e-14,1.0,1.0,0.0,0.0,6.29692570835265,6.29692570835265,0.0,0.0
motor_fault,A5_train_seed_0,50034,250,250,False,250,234,2,9.263469090519264,28.833664654637452,2315.867272629816,-7.105427357601002e-14,1.0,1.0,0.0,0.0,8.245970722371036,8.245970722371036,0.0,0.0
motor_fault,A5_train_seed_0,50035,250,250,False,250,224,0,4.013027798470996,9.902061703311075,1003.2569496177491,-4.263256414560601e-14,1.0,1.0,0.0,0.0,6.6908490948131805,6.6908490948131805,0.0,0.0
motor_fault,A5_train_seed_0,50036,250,250,False,250,181,0,8.771027168253012,29.799763697821216,2192.7567920632528,-7.815970093361102e-14,1.0,1.0,0.0,0.0,8.714382276822576,8.714382276822576,0.0,0.0
motor_fault,A5_train_seed_0,50037,250,250,False,250,95,0,3.5163867548309833,16.453398782396874,879.0966887077458,-6.394884621840902e-14,1.0,1.0,0.0,0.0,7.652508692884018,7.652508692884018,0.0,0.0
motor_fault,A5_train_seed_0,50038,250,250,False,250,237,0,5.478777415823135,16.922363734726556,1369.6943539557838,-3.552713678800501e-14,1.0,1.0,0.0,0.0,9.038194075412223,9.038194075412223,0.0,0.0
motor_fault,A5_train_seed_0,50039,203,203,False,203,165,0,8.722613797920038,26.203376302005573,1770.6906009777676,-7.815970093361102e-14,1.0,1.0,0.0,0.0,8.407249915130093,8.407249915130093,0.0,0.0
motor_fault,A5_train_seed_0,50040,250,250,False,250,75,0,2.0099486199528998,13.842698591814726,502.487154988225,-2.842170943040401e-14,1.0,1.0,0.0,0.0,8.410320526878351,8.410320526878351,0.0,0.0
motor_fault,A5_train_seed_0,50041,71,71,False,71,17,0,4.041667043236943,25.75564923953351,286.95836006982296,-1.4210854715202004e-14,1.0,1.0,0.0,0.0,5.520221371049107,5.520221371049107,0.0,0.0
motor_fault,A5_train_seed_0,50042,59,59,False,59,52,0,3.5472714011380906,9.828290173616352,209.28901266714735,-3.552713678800501e-14,1.0,1.0,0.0,0.0,7.182163113616419,7.182163113616419,0.0,0.0
motor_fault,A5_train_seed_0,50043,250,250,False,250,10,0,0.15379460625972546,8.909551951047737,38.44865156493137,-2.1316282072803006e-14,1.0,1.0,0.0,0.0,6.563024981333888,6.563024981333888,0.0,0.0
motor_fault,A5_train_seed_0,50044,250,250,False,250,95,0,3.0650109666018466,19.438185740596158,766.2527416504616,-6.394884621840902e-14,1.0,1.0,0.0,0.0,7.978351195071628,7.978351195071628,0.0,0.0
motor_fault,A5_train_seed_0,50045,250,250,False,250,250,0,17.197560666540376,25.381858567242617,4299.390166635094,-2.1316282072803006e-14,1.0,1.0,0.0,0.0,9.75754548267862,9.75754548267862,0.0,0.0
motor_fault,A5_train_seed_0,50046,118,118,False,118,25,0,2.545805036875315,20.70683351615219,300.40499435128714,-1.4210854715202004e-14,1.0,1.0,0.0,0.0,7.022678846215909,7.022678846215909,0.0,0.0
motor_fault,A5_train_seed_0,50047,250,250,False,250,14,0,0.18935101895582773,5.045174839283687,47.33775473895693,-2.842170943040401e-14,1.0,1.0,0.0,0.0,7.349460284494052,7.349460284494052,0.0,0.0
motor_fault,A5_train_seed_0,50048,250,250,False,250,71,0,1.825234443763814,11.408268530358736,456.3086109409535,-4.263256414560601e-14,1.0,1.0,0.0,0.0,8.024238673009476,8.024238673009476,0.0,0.0
motor_fault,A5_train_seed_0,50049,250,250,False,250,39,0,1.92036565058123,26.209151028260983,480.0914126453075,-2.1316282072803006e-14,1.0,1.0,0.0,0.0,7.3453068983544005,7.3453068983544005,0.0,0.0
motor_fault,A5_train_seed_0,50050,250,250,False,250,233,0,3.928880152814819,15.222114621869643,982.2200382037047,-5.684341886080802e-14,1.0,1.0,0.0,0.0,8.40115254927735,8.40115254927735,0.0,0.0
motor_fault,A5_train_seed_0,50051,250,250,False,250,238,0,9.514985486171936,16.213611064377332,2378.746371542984,-1.4210854715202004e-14,1.0,1.0,0.0,0.0,8.727988975695189,8.727988975695189,0.0,0.0
motor_fault,A5_train_seed_0,50052,250,250,False,250,199,153,10.477039858408691,33.73725542199669,2619.2599646021727,-3.552713678800501e-14,1.0,1.0,0.0,0.0,8.041726544669293,8.041726544669293,0.0,0.0
motor_fault,A5_train_seed_0,50053,250,250,False,250,29,0,1.6638369400918045,21.325125991940222,415.95923502295113,-5.684341886080802e-14,1.0,1.0,0.0,0.0,7.476933222780608,7.476933222780608,0.0,0.0
motor_fault,A5_train_seed_0,50054,250,250,False,250,224,0,2.5283704700367347,15.69689755344171,632.0926175091837,-2.842170943040401e-14,1.0,1.0,0.0,0.0,8.231165843589206,8.231165843589206,0.0,0.0
motor_fault,A5_train_seed_0,50055,250,250,False,250,181,46,11.949443421470049,32.07001908186553,2987.360855367512,-5.684341886080802e-14,1.0,1.0,0.0,0.0,8.311199220320875,8.311199220320875,0.0,0.0
motor_fault,A5_train_seed_0,50056,250,250,False,250,7,0,0.13181727828667517,6.917477503432149,32.95431957166879,-1.0658141036401503e-14,1.0,1.0,0.0,0.0,4.852810967035097,4.852810967035097,0.0,0.0
motor_fault,A5_train_seed_0,50057,250,250,False,250,102,0,1.5824920016933055,13.688985769157561,395.6230004233264,-4.263256414560601e-14,1.0,1.0,0.0,0.0,8.055172656408388,8.055172656408388,0.0,0.0
motor_fault,A5_train_seed_0,50058,250,250,False,250,52,54,2.874011045022548,26.73350648512029,718.502761255637,-1.7763568394002505e-14,1.0,1.0,0.0,0.0,6.083373255626733,6.083373255626733,0.0,0.0
motor_fault,A5_train_seed_0,50059,250,250,False,250,242,0,5.701920168793709,11.273492980556805,1425.4800421984273,-4.973799150320701e-14,1.0,1.0,0.0,0.0,6.571577810443697,6.571577810443697,0.0,0.0
motor_fault,A5_train_seed_0,50060,250,250,False,250,45,0,2.1338896046416784,21.487725712032915,533.4724011604196,-2.1316282072803006e-14,1.0,1.0,0.0,0.0,8.964865044107286,8.964865044107286,0.0,0.0
motor_fault,A5_train_seed_0,50061,250,250,False,250,193,0,4.0467528929790255,7.693353636010088,1011.6882232447563,-7.105427357601002e-14,1.0,1.0,0.0,0.0,8.398773554694845,8.398773554694845,0.0,0.0
motor_fault,A5_train_seed_0,50062,250,250,False,250,229,0,2.930042517908367,14.988048179005254,732.5106294770918,-4.973799150320701e-14,1.0,1.0,0.0,0.0,8.878977318082725,8.878977318082725,0.0,0.0
motor_fault,A5_train_seed_0,50063,250,250,False,250,97,0,1.1815746047786406,6.072183534226647,295.39365119466015,-5.684341886080802e-14,1.0,1.0,0.0,0.0,8.638745473585264,8.638745473585264,0.0,0.0
motor_fault,A5_train_seed_0,50064,250,250,False,250,18,0,0.7934413727079587,15.494764873282783,198.36034317698966,-2.1316282072803006e-14,1.0,1.0,0.0,0.0,5.109463663357571,5.109463663357571,0.0,0.0
motor_fault,A5_train_seed_0,50065,71,71,False,71,38,0,1.0695483019294136,4.106881784259569,75.93792943698837,-2.842170943040401e-14,1.0,1.0,0.0,0.0,7.214462593335063,7.214462593335063,0.0,0.0
motor_fault,A5_train_seed_0,50066,250,250,False,250,250,34,18.13325178016459,27.152413096749488,4533.312945041147,-2.842170943040401e-14,1.0,1.0,0.0,0.0,9.793435147102944,9.793435147102944,0.0,0.0
motor_fault,A5_train_seed_0,50067,250,250,False,250,116,0,1.1345211482782342,10.516119400268362,283.63028706955856,-2.842170943040401e-14,1.0,1.0,0.0,0.0,6.459936065129197,6.459936065129197,0.0,0.0
motor_fault,A5_train_seed_0,50068,40,40,False,40,20,0,2.988728177574681,9.196178160077855,119.54912710298723,-2.1316282072803006e-14,1.0,1.0,0.0,0.0,5.340104888669546,5.340104888669546,0.0,0.0
motor_fault,A5_train_seed_0,50069,83,83,False,83,19,0,3.1271728220217745,18.79214588624951,259.55534422780727,-6.394884621840902e-14,1.0,1.0,0.0,0.0,5.841653815872341,5.841653815872341,0.0,0.0
motor_fault,A5_train_seed_0,50070,250,250,False,250,53,0,1.0322570207241024,7.788875894320719,258.0642551810256,-5.684341886080802e-14,1.0,1.0,0.0,0.0,8.132036824406761,8.132036824406761,0.0,0.0
motor_fault,A5_train_seed_0,50071,57,57,False,57,14,0,2.7043682686521695,18.630049376836432,154.14899131317367,-4.263256414560601e-14,1.0,1.0,0.0,0.0,7.221646603386682,7.221646603386682,0.0,0.0
motor_fault,A5_train_seed_0,50072,250,250,False,250,216,0,8.30825811251823,19.489461878773106,2077.0645281295574,-8.526512829121202e-14,1.0,1.0,0.0,0.0,7.535902247890677,7.535902247890677,0.0,0.0
motor_fault,A5_train_seed_0,50073,250,250,False,250,234,0,4.897280418532229,16.946408309752258,1224.320104633057,-2.842170943040401e-14,1.0,1.0,0.0,0.0,8.337751921351344,8.337751921351344,0.0,0.0
motor_fault,A5_train_seed_0,50074,250,250,False,250,74,0,1.8250946320477266,9.055392161807555,456.2736580119317,-4.263256414560601e-14,1.0,1.0,0.0,0.0,7.58292829902237,7.58292829902237,0.0,0.0
motor_fault,A5_train_seed_0,50075,250,250,False,250,240,4,3.8325089445321256,12.642182261168115,958.1272361330314,-4.263256414560601e-14,1.0,1.0,0.0,0.0,7.845995096660809,7.845995096660809,0.0,0.0
motor_fault,A5_train_seed_0,50076,39,40,True,39,37,4,18.60007885355185,33.34765632647256,744.003154142074,-260.8051996919155,1.0,1.0,0.0,0.0,8.0748700902023,8.0748700902023,0.0,0.0
motor_fault,A5_train_seed_0,50077,65,65,False,65,28,2,1.8628476247205128,11.242356697453225,121.08509560683333,-2.1316282072803006e-14,1.0,1.0,0.0,0.0,6.322875200772333,6.322875200772333,0.0,0.0
motor_fault,A5_train_seed_0,50078,250,250,False,250,232,0,9.486681854882452,29.61610421220479,2371.670463720613,-7.105427357601002e-14,1.0,1.0,0.0,0.0,8.631512172028035,8.631512172028035,0.0,0.0
motor_fault,A5_train_seed_0,50079,250,250,False,250,250,164,20.744291872519018,33.11088065165901,5186.072968129754,-2.1316282072803006e-14,1.0,1.0,0.0,0.0,10.201496851715111,10.201496851715111,0.0,0.0
motor_fault,A5_train_seed_0,50080,250,250,False,250,117,0,2.455688314085575,17.065356299648204,613.9220785213938,-2.842170943040401e-14,1.0,1.0,0.0,0.0,7.683855807694477,7.683855807694477,0.0,0.0
motor_fault,A5_train_seed_0,50081,68,68,False,68,35,0,1.8347824317741914,12.018369444976626,124.76520536064501,-2.398081733190338e-14,1.0,1.0,0.0,0.0,6.40084702479569,6.40084702479569,0.0,0.0
motor_fault,A5_train_seed_0,50082,41,41,False,41,15,0,3.2428862616252916,16.199340927738966,132.95833672663696,-1.7763568394002505e-14,1.0,1.0,0.0,0.0,4.9287974016863485,4.9287974016863485,0.0,0.0
motor_fault,A5_train_seed_0,50083,86,86,False,86,54,0,5.5066281836248505,17.404618238466753,473.5700237917371,-1.4210854715202004e-14,1.0,1.0,0.0,0.0,6.212061777113362,6.212061777113362,0.0,0.0
motor_fault,A5_train_seed_0,50084,250,250,False,250,18,0,0.6042828845746014,12.986058036714716,151.07072114365036,-3.552713678800501e-14,1.0,1.0,0.0,0.0,4.90795453447282,4.90795453447282,0.0,0.0
motor_fault,A5_train_seed_0,50085,250,250,False,250,224,0,6.753631606243278,19.34582801579002,1688.4079015608195,-7.105427357601002e-14,1.0,1.0,0.0,0.0,8.055000017209062,8.055000017209062,0.0,0.0
motor_fault,A5_train_seed_0,50086,250,250,False,250,20,0,2.0344202901732182,37.989309427617016,508.6050725433046,-1.4210854715202004e-14,1.0,1.0,0.0,0.0,6.2186224403247,6.2186224403247,0.0,0.0
motor_fault,A5_train_seed_0,50087,68,68,False,68,55,0,2.951143986211317,6.868000890115593,200.67779106236958,-2.842170943040401e-14,1.0,1.0,0.0,0.0,8.4540985612564,8.4540985612564,0.0,0.0
motor_fault,A5_train_seed_0,50088,250,250,False,250,248,30,8.869678305206474,30.924553184955222,2217.4195763016182,-1.9539925233402755e-14,1.0,1.0,0.0,0.0,6.991024300141982,6.991024300141982,0.0,0.0
motor_fault,A5_train_seed_0,50089,250,250,False,250,127,0,2.0979630606394974,13.703555663815076,524.4907651598744,-5.684341886080802e-14,1.0,1.0,0.0,0.0,7.972961157951388,7.972961157951388,0.0,0.0
motor_fault,A5_train_seed_0,50090,250,250,False,250,46,120,3.4950777494627956,35.101282380924225,873.7694373656989,-2.1316282072803006e-14,1.0,1.0,0.0,0.0,7.070690372363563,7.070690372363563,0.0,0.0
motor_fault,A5_train_seed_0,50091,250,250,False,250,218,26,11.626137759372675,16.493683867469443,2906.534439843169,-4.263256414560601e-14,1.0,1.0,0.0,0.0,8.599219497805487,8.599219497805487,0.0,0.0
motor_fault,A5_train_seed_0,50092,250,250,False,250,229,6,6.394117966426513,13.56277832104397,1598.5294916066282,-5.684341886080802e-14,1.0,1.0,0.0,0.0,9.042212463868443,9.042212463868443,0.0,0.0
motor_fault,A5_train_seed_0,50093,42,43,True,42,41,3,18.712770646053244,32.85786967201185,804.6491377802895,-147.46749428443445,1.0,1.0,0.0,0.0,8.562569903547713,8.562569903547713,0.0,0.0
motor_fault,A5_train_seed_0,50094,250,250,False,250,7,0,0.1453048580356405,8.567081719447025,36.32621450891013,-7.105427357601002e-15,1.0,1.0,0.0,0.0,6.843752161329105,6.843752161329105,0.0,0.0
motor_fault,A5_train_seed_0,50095,250,250,False,250,30,0,0.9724738839316671,10.87280933536572,243.1184709829168,-4.263256414560601e-14,1.0,1.0,0.0,0.0,6.825289563504837,6.825289563504837,0.0,0.0
motor_fault,A5_train_seed_0,50096,250,250,False,250,41,0,2.8969520664164983,33.443023734960924,724.2380166041246,-1.4210854715202004e-14,1.0,1.0,0.0,0.0,8.581420790077528,8.581420790077528,0.0,0.0
motor_fault,A5_train_seed_0,50097,250,250,False,250,250,5,8.002579424690602,17.03675552657214,2000.6448561726506,-4.973799150320701e-14,1.0,1.0,0.0,0.0,9.433818696053834,9.433818696053834,0.0,0.0
motor_fault,A5_train_seed_0,50098,250,250,False,250,45,0,3.0691884604874016,36.95102260549594,767.2971151218504,-2.3092638912203256e-14,1.0,1.0,0.0,0.0,7.026131533767478,7.026131533767478,0.0,0.0
motor_fault,A5_train_seed_0,50099,46,47,True,46,45,8,9.37092802315431,38.123966013427875,440.43361708825256,-573.297115640275,1.0,1.0,0.0,0.0,8.622116247015024,8.622116247015024,0.0,0.0
id_reference,A6_train_seed_0,50000,250,250,False,250,0,0,0.0,0.0,0.0,1.5527646641111303,0.10028990640657637,0.1,5.13330919976784,6.1758098241557695,8.224954827257864,0.8257007682093714,3.975444086074829,3.991621255874634
id_reference,A6_train_seed_0,50001,250,250,False,250,43,0,1.562903049399862,21.046932148070834,390.72576234996546,-2.842170943040401e-14,0.10035879418425839,0.1,3.8140313498027174,9.874888234552865,9.693297931886507,0.9726854087125614,3.97469633769989,3.991868734359741
id_reference,A6_train_seed_0,50002,250,250,False,250,19,0,0.0824382777843741,1.7863936502373374,20.609569446093523,-1.4210854715202004e-14,0.10013671024533832,0.1,4.011422896415905,6.582806114856432,9.402278734187243,0.9416385136057617,3.974958812713623,3.9921882152557373
id_reference,A6_train_seed_0,50003,250,250,False,250,37,0,2.5241479247434992,27.319079284601976,631.0369811858748,-2.1316282072803006e-14,0.1,0.1,4.925357418106593,9.823705338702151,7.576937086395234,0.7576937086395235,3.9724878034591673,3.992480993270874
id_reference,A6_train_seed_0,50004,250,250,False,250,32,0,1.0854251388190708,20.52048651100246,271.3562847047677,-3.552713678800501e-14,0.1,0.1,3.6101186581361895,7.870555132243085,8.285828323253103,0.8285828323253102,3.9752785968780517,3.992011547088623
id_reference,A6_train_seed_0,50005,250,250,False,250,38,0,0.8420947877947753,21.174824209370065,210.52369694869384,-2.842170943040401e-14,0.10032441191940633,0.1,3.539609798241853,8.33380384143307,7.864660825184176,0.7880813206158739,3.9749951791763305,3.992534875869751
id_reference,A6_train_seed_0,50006,250,250,False,250,20,0,0.2086812700246802,3.7493859878357063,52.17031750617005,-2.1316282072803006e-14,0.1,0.1,5.172126517267458,6.833588704571281,8.170330819892868,0.817033081989287,3.9749257516860963,3.992142677307129
id_reference,A6_train_seed_0,50007,250,250,False,250,34,0,2.072376485355757,27.543940062451693,518.0941213389393,-1.4210854715202004e-14,0.1,0.1,4.706442890680061,8.928273144055206,9.526151190705674,0.9526151190705675,3.9752220602035524,3.992638111114502
id_reference,A6_train_seed_0,50008,250,250,False,250,55,0,0.5264006200788054,20.934114217793393,131.60015501970136,-2.842170943040401e-14,0.10044782732301655,0.1,4.207275810842119,7.757708568649418,10.485651103744425,1.0529139827139014,3.974775079727173,3.992302417755127
id_reference,A6_train_seed_0,50009,250,250,False,250,40,21,2.8914287992819236,24.79971301152714,722.8571998204809,-1.4210854715202004e-14,0.1,0.1,5.6310017207779435,9.09213755462137,9.983676953211448,0.9983676953211448,3.975471654891968,3.9923980236053467
id_reference,A6_train_seed_0,50010,250,250,False,250,19,0,1.4514819355854656,25.385745027786168,362.8704838963664,-7.105427357601002e-15,0.1,0.1,4.5343440578185294,10.777820714132252,9.699447718923512,0.9699447718923513,3.975007840156555,3.9923126697540283
id_reference,A6_train_seed_0,50011,250,250,False,250,1,0,0.002079473114013666,0.5198682785034165,0.5198682785034165,0.0,0.10064435407576597,0.1,4.1895059571496756,6.62592210086933,9.614413234383434,0.9683121173486797,3.975128643989563,3.9912500381469727
id_reference,A6_train_seed_0,50012,49,49,False,49,15,0,3.142951606874535,16.00372618225136,154.00462873685223,-2.1316282072803006e-14,0.11157571054156613,0.1,4.425180057341646,7.828525851916207,7.812922858510986,0.8675869601894689,3.9100631159179065,3.9919686317443848
id_reference,A6_train_seed_0,50013,250,250,False,250,40,0,3.061591695881647,22.796898368392633,765.3979239704117,-1.4210854715202004e-14,0.1,0.1,4.941072019818684,10.479323010353788,6.49615161860948,0.6496151618609481,3.967207805633545,3.991716146469116
id_reference,A6_train_seed_0,50014,250,250,False,250,61,0,0.7236618823582303,19.58705816923715,180.91547058955757,-2.842170943040401e-14,0.1007287562603955,0.1,4.784197756147575,8.981662571038006,8.361145472890186,0.8432213888119284,3.974822211265564,3.9919345378875732
id_reference,A6_train_seed_0,50015,250,250,False,250,39,0,1.998562596973508,24.34719040481431,499.64064924337697,-2.1316282072803006e-14,0.10594943414442866,0.1,2.981105862924407,8.621286141994833,8.280972371229389,0.880883533780586,3.9751246261596678,3.9925036430358887
id_reference,A6_train_seed_0,50016,250,250,False,250,43,0,2.935422363724482,24.937391198952216,733.8555909311206,-1.4210854715202004e-14,0.1,0.1,4.437355486925269,9.651099969293101,9.488030407181048,0.948803040718105,3.9753520765304566,3.992243766784668
id_reference,A6_train_seed_0,50017,250,250,False,250,37,0,0.37493951874677856,20.106722987701747,93.73487968669464,-2.842170943040401e-14,0.1,0.1,3.891723688135712,8.821839872202597,10.355965026757216,1.0355965026757217,3.9747338914871215,3.992201805114746
id_reference,A6_train_seed_0,50018,49,50,True,49,47,0,19.021224822128932,24.825939823387074,951.0612411064466,-13.875773402483453,0.09999999999999998,0.1,8.960427525620068,12.419310816760833,10.373543013608508,1.0373543013608508,3.910733156204224,3.9913861751556396
id_reference,A6_train_seed_0,50019,250,250,False,250,57,0,4.76153288809905,24.347653997111212,1190.3832220247625,-1.4210854715202004e-14,0.1,0.1,5.627319322799429,9.349541103832008,8.97019552337146,0.897019552337146,3.9754383382797243,3.99247407913208
id_reference,A6_train_seed_0,50020,250,250,False,250,9,0,0.046210989337037135,2.8368403181209207,11.552747334259283,-2.842170943040401e-14,0.1,0.1,5.5012793323313245,7.612232521963401,9.500106988141438,0.9500106988141438,3.974929573059082,3.9914181232452393
id_reference,A6_train_seed_0,50021,250,250,False,250,0,0,0.0,0.0,0.0,3.40737476024087,0.1,0.1,4.5154534596988105,5.6306590203189195,9.595197123564176,0.9595197123564175,3.974894458770752,3.9914233684539795
id_reference,A6_train_seed_0,50022,250,250,False,250,29,0,1.9111905941593657,25.97982471976264,477.7976485398414,-2.1316282072803006e-14,0.1,0.1,3.7044099341753225,9.383097669710795,8.508145331202783,0.8508145331202784,3.9751550998687746,3.992672920227051
id_reference,A6_train_seed_0,50023,250,250,False,250,29,0,0.9106754493741617,21.360575082184507,227.6688623435404,-1.4210854715202004e-14,0.10290009822363344,0.1,2.958346261462982,8.981336316029894,10.055369242914521,1.0348530916950145,3.974845190048218,3.9924252033233643
id_reference,A6_train_seed_0,50024,250,250,False,250,0,0,0.0,0.0,0.0,10.133913029046031,0.1,0.1,4.210797760877147,4.872014126779839,8.257336599563718,0.8257336599563716,3.9750662508010866,3.991515874862671
id_reference,A6_train_seed_0,50025,250,250,False,250,39,0,1.325020757559057,18.912292850147587,331.2551893897642,-2.1316282072803006e-14,0.10157997274709073,0.1,4.163172658520614,9.589300601919113,9.295864737439784,0.9455796213866438,3.9748850994110105,3.992403984069824
id_reference,A6_train_seed_0,50026,250,250,False,250,89,0,0.32182045976463763,3.21292520037575,80.45511494115941,-2.842170943040401e-14,0.1,0.1,5.815628968291157,6.737358142400681,9.147126947802493,0.9147126947802492,3.975485615730286,3.9921913146972656
id_reference,A6_train_seed_0,50027,42,42,False,42,16,0,0.7794569101240795,7.61467614894141,32.737190225211336,-2.1316282072803006e-14,0.09999999999999998,0.1,3.979647636606693,7.298227956750807,8.080242106311095,0.8080242106311094,3.8964577856517972,3.9925076961517334
id_reference,A6_train_seed_0,50028,250,250,False,250,25,0,1.569103334746122,25.966789315517637,392.2758336865305,-2.1316282072803006e-14,0.1132850702618027,0.1,2.599545724814141,8.915545553822133,8.848142817027277,1.0008015323217734,3.974922710418701,3.9928464889526367
id_reference,A6_train_seed_0,50029,250,250,False,250,35,0,2.9530483477441565,26.442244148570076,738.2620869360392,-1.4210854715202004e-14,0.1,0.1,5.503836183786609,9.276390985070407,8.778196459601695,0.8778196459601695,3.975226347923279,3.9926249980926514
id_reference,A6_train_seed_0,50030,250,250,False,250,27,0,0.7774984617488684,20.75360174015439,194.3746154372171,-2.842170943040401e-14,0.10049254688410891,0.1,3.68270779810743,9.709918355893299,9.186960384825209,0.9232437239041155,3.9747567472457885,3.9914402961730957
id_reference,A6_train_seed_0,50031,250,250,False,250,28,0,0.9714392189634944,22.19970071642208,242.85980474087359,-2.842170943040401e-14,0.10576549471377428,0.1,2.6569960418423038,10.145072872465862,8.4619919945201,0.8955436405031841,3.974771548271179,3.9924895763397217
id_reference,A6_train_seed_0,50032,250,250,False,250,23,0,1.7288104302132965,25.13237966817602,432.2026075533241,-2.1316282072803006e-14,0.1,0.1,3.601570371844464,8.856745498095297,7.96959915222582,0.796959915222582,3.97515581035614,3.992673397064209
id_reference,A6_train_seed_0,50033,250,250,False,250,0,0,0.0,0.0,0.0,12.109557423490124,0.1,0.1,3.976071762291409,4.821716309745522,8.373471233516561,0.8373471233516561,3.9749108171463012,3.991384744644165
id_reference,A6_train_seed_0,50034,250,250,False,250,18,0,0.05194952463732112,1.405618779984035,12.987381159330281,-2.4868995751603507e-14,0.1,0.1,4.479512670282936,6.195232788954639,10.010436568670613,1.0010436568670613,3.974878879547119,3.992115020751953
id_reference,A6_train_seed_0,50035,250,250,False,250,22,0,0.07051592649066643,1.5586120629178981,17.628981622666608,-2.1316282072803006e-14,0.10014588089322822,0.1,5.108656711851441,7.311059818714253,6.10217365772728,0.6118422393302325,3.9754827337265013,3.9918835163116455
id_reference,A6_train_seed_0,50036,250,250,False,250,33,0,0.23983554953159764,3.400132691170017,59.95888738289941,-2.842170943040401e-14,0.1,0.1,4.680991394976207,6.26449592544629,8.244512999219557,0.824451299921956,3.975093482017517,3.992058515548706
id_reference,A6_train_seed_0,50037,250,250,False,250,23,0,1.083231428037709,17.5596277799977,270.80785700942727,-2.1316282072803006e-14,0.10352415607586138,0.1,3.2167979097695816,7.456700358438948,9.62326267157348,0.9962813064990017,3.975002540588379,3.9922406673431396
id_reference,A6_train_seed_0,50038,250,250,False,250,46,0,1.0865639592496616,21.12810213871323,271.6409898124154,-1.4210854715202004e-14,0.10129749485016615,0.1,3.8343404510154793,9.260229551723905,10.087708906780245,1.022224092512746,3.9749766139984133,3.992410659790039
id_reference,A6_train_seed_0,50039,250,250,False,250,23,0,0.06057738841614131,1.037955926778492,15.144347104035328,-2.1316282072803006e-14,0.1,0.1,5.296034045870794,5.5298116737246295,9.309482759614548,0.930948275961455,3.9749312210083008,3.991960048675537
id_reference,A6_train_seed_0,50040,250,250,False,250,17,0,0.2696251285147133,17.996095639337177,67.40628212867833,-1.4210854715202004e-14,0.10052008214937999,0.1,3.7454665365028794,8.80500242116366,8.155373744849959,0.8200838712014183,3.974937242507935,3.9917891025543213
id_reference,A6_train_seed_0,50041,250,250,False,250,17,0,1.0140510574784225,25.20618711853154,253.5127643696056,-1.4210854715202004e-14,0.11165574540781971,0.1,2.5077982423974965,9.22021491511196,8.278225148506358,0.9238209931460839,3.974841619491577,3.9923994541168213
id_reference,A6_train_seed_0,50042,55,55,False,55,14,0,0.3542562133517805,7.582851012870176,19.484091734347928,-3.552713678800501e-14,0.10080587927643378,0.1,3.3451547493810847,5.825828036105928,9.143163364308384,0.9232801940380598,3.918976567008279,3.9924707412719727
id_reference,A6_train_seed_0,50043,250,250,False,250,0,0,0.0,0.0,0.0,0.17956953049277047,0.1,0.1,4.786586365355699,5.493250623019789,10.134906663866666,1.0134906663866665,3.9747049293518066,3.9912703037261963
id_reference,A6_train_seed_0,50044,250,250,False,250,26,0,1.2474586464872996,16.169723562939616,311.8646616218249,-2.1316282072803006e-14,0.13224523403658703,0.1,2.4958362512336,7.9566551271564405,8.019353683137473,1.0638063028277802,3.9750683679580687,3.9922337532043457
id_reference,A6_train_seed_0,50045,250,250,False,250,70,25,4.573228126984208,23.87830666219305,1143.3070317460522,-2.842170943040401e-14,0.1,0.1,5.828544558569025,8.308293508403123,9.565209022662403,0.9565209022662403,3.9755037746429442,3.9922986030578613
id_reference,A6_train_seed_0,50046,60,60,False,60,18,0,5.704005254659107,26.441963483576203,342.2403152795464,-1.4210854715202004e-14,0.09999999999999996,0.1,6.130736505217019,9.876926051948006,6.357448540540777,0.6357448540540777,3.924720021088918,3.992551565170288
id_reference,A6_train_seed_0,50047,250,250,False,250,6,0,0.011939511452078335,0.7385331993383559,2.984877863019584,0.0,0.1,0.1,5.6387623146976535,9.46340854876601,10.420617811372086,1.0420617811372086,3.974631209373474,3.991415023803711
id_reference,A6_train_seed_0,50048,250,250,False,250,26,0,0.4061743280546808,8.456726019983558,101.5435820136702,-2.1316282072803006e-14,0.10012964616948467,0.1,4.324567433437565,7.0501457849818765,9.075985909769791,0.9084316139770342,3.9749540185928343,3.9922263622283936
id_reference,A6_train_seed_0,50049,250,250,False,250,25,0,1.9193817469984702,25.037834091109872,479.84543674961753,-2.1316282072803006e-14,0.1,0.1,4.435965235555872,10.910547996691035,9.220345307653194,0.9220345307653195,3.9749147396087645,3.9924800395965576
id_reference,A6_train_seed_0,50050,250,250,False,250,48,0,1.109973602867628,20.717904714802327,277.493400716907,-2.842170943040401e-14,0.10086083418630239,0.1,3.7884256695297878,8.80707656402666,10.165899469310293,1.0242523167570676,3.9750243854522704,3.9923431873321533
id_reference,A6_train_seed_0,50051,250,250,False,250,249,0,3.5596249810532727,20.972727820188037,889.9062452633182,-1.4210854715202004e-14,0.10307589476872368,0.1,2.774423635350997,8.633583644381812,10.237464555349623,1.0543219416360432,3.974910490989685,3.9926133155822754
id_reference,A6_train_seed_0,50052,250,250,False,250,249,0,5.831790166903904,26.06116369779639,1457.947541725976,-2.4868995751603507e-14,0.10050774170708898,0.1,5.439182206870533,9.975901178819662,10.2103670810707,1.0251170197272632,3.9743144626617433,3.9927077293395996
id_reference,A6_train_seed_0,50053,250,250,False,250,25,0,1.0095379012935464,16.687860802332068,252.3844753233866,-2.1316282072803006e-14,0.11423095236088493,0.1,2.693275677005064,8.449029178195406,8.865037610809962,1.0135517617730108,3.975013132095337,3.9921984672546387
id_reference,A6_train_seed_0,50054,250,250,False,250,40,0,0.7485172012162066,20.661287913990414,187.12930030405164,-4.263256414560601e-14,0.10042975305606319,0.1,3.409851166988548,9.214919864391712,10.130520592121792,1.0170404626560097,3.9749593029022217,3.9921820163726807
id_reference,A6_train_seed_0,50055,250,250,False,250,37,17,2.5222769247079104,25.091943588149427,630.5692311769776,-2.1316282072803006e-14,0.1,0.1,4.549858325882632,9.389409105641258,10.129847038448807,1.0129847038448807,3.975484223365784,3.9923884868621826
id_reference,A6_train_seed_0,50056,48,48,False,48,0,0,0.0,0.0,0.0,9.571697062117842,0.10178801204999743,0.1,4.368398047973545,4.973286943703888,6.57507987158587,0.6655415916414572,3.9080142279465995,3.991529941558838
id_reference,A6_train_seed_0,50057,250,250,False,250,25,0,0.4912690015496586,8.42461406972379,122.81725038741465,-2.1316282072803006e-14,0.10003233182976091,0.1,5.027911806050026,8.266163211365807,8.285008846731191,0.8288158512908533,3.9748016853332517,3.9919896125793457
id_reference,A6_train_seed_0,50058,250,250,False,250,30,0,2.462984139764404,27.503572615988,615.746034941101,-1.7763568394002505e-14,0.1,0.1,5.796975890312331,9.098415399693412,9.099610367967374,0.9099610367967376,3.9753596811294556,3.992685317993164
id_reference,A6_train_seed_0,50059,250,250,False,250,29,0,0.23929554333465733,3.8995632645632665,59.823885833664335,-2.1316282072803006e-14,0.1,0.1,3.61502514194122,6.909095901253441,4.218059883852595,0.42180598838525946,3.9754195470809934,3.992182970046997
id_reference,A6_train_seed_0,50060,250,250,False,250,27,0,2.1558491016599546,25.0196887998489,538.9622754149887,-2.1316282072803006e-14,0.1,0.1,5.252844854920509,11.388495197145275,8.399518257865207,0.8399518257865208,3.974654803276062,3.992384910583496
id_reference,A6_train_seed_0,50061,250,250,False,250,0,0,0.0,0.0,0.0,2.7760269143804805,0.10012679405439141,0.1,4.475548461858372,5.777606743832656,9.441478787017761,0.9452224047277775,3.9751923456192015,3.9913978576660156
id_reference,A6_train_seed_0,50062,250,250,False,250,35,0,1.1788816857588487,21.994616550209933,294.72042143971214,-1.4210854715202004e-14,0.10036064085757024,0.1,3.959541306223393,9.58713995747556,10.008483836609084,1.004275646998485,3.975040377616882,3.9926259517669678
id_reference,A6_train_seed_0,50063,250,250,False,250,0,0,0.0,0.0,0.0,6.600068694772212,0.1,0.1,6.008198671607514,6.3548659413854205,9.777109319092437,0.9777109319092437,3.974923652648926,3.991105318069458
id_reference,A6_train_seed_0,50064,250,250,False,250,12,0,0.20049906254828903,6.551567950895913,50.12476563707226,-2.1316282072803006e-14,0.10163501453941577,0.1,3.2336640201766302,6.9182697922703165,8.72084425224267,0.8878898218029685,3.9750022220611574,3.992157459259033
id_reference,A6_train_seed_0,50065,250,250,False,250,4,0,0.004927016161857188,0.6243203285199499,1.2317540404642968,-1.4210854715202004e-14,0.1,0.1,4.263984095373042,5.88418400051784,9.950171866722853,0.9950171866722849,3.974825168609619,3.9918465614318848
id_reference,A6_train_seed_0,50066,250,250,False,250,39,0,3.155988901562371,24.66285686509522,788.9972253905928,-2.842170943040401e-14,0.1,0.1,5.577027293464262,9.189417303648009,9.361019766080291,0.9361019766080293,3.975425371170044,3.992506980895996
id_reference,A6_train_seed_0,50067,250,250,False,250,11,0,0.023104989742877252,1.346579746508024,5.776247435719313,-1.4210854715202004e-14,0.10017206091035144,0.1,4.6345129473169875,5.950370640031396,10.1251009097055,1.0143822900364505,3.974838341712952,3.9920907020568848
id_reference,A6_train_seed_0,50068,250,250,False,250,8,0,0.013398351449596292,0.9528000627383141,3.349587862399073,-3.552713678800501e-15,0.1,0.1,4.038147936552065,4.237589246882452,6.032118028932917,0.6032118028932917,3.9750818939208985,3.992147445678711
id_reference,A6_train_seed_0,50069,250,250,False,250,21,0,1.243576238264618,25.309822507674195,310.8940595661545,-2.1316282072803006e-14,0.12371994781324676,0.1,2.3696826503658484,9.135989790664011,7.561231294941588,0.9264366648076258,3.974862075805664,3.9925968647003174
id_reference,A6_train_seed_0,50070,250,250,False,250,0,0,0.0,0.0,0.0,9.356687689514537,0.10040858613316016,0.1,3.4698654783628053,5.352675227393638,9.451867661913276,0.949566961922357,3.9749746122360228,3.991213321685791
id_reference,A6_train_seed_0,50071,42,42,False,42,8,0,1.1146931850699253,10.33726361900904,46.817113772936864,-3.197442310920451e-14,0.1164953139944188,0.1,3.776623197580401,7.264192772640675,7.905826000505127,0.9105914436428694,3.8963836545035955,3.991931438446045
id_reference,A6_train_seed_0,50072,250,250,False,250,248,0,3.5700300070364364,21.475252721125475,892.5075017591091,-1.4210854715202004e-14,0.10073879915450604,0.1,3.4356286529614835,8.842179903404997,10.227936249519997,1.0267413696310996,3.974669466972351,3.99259090423584
id_reference,A6_train_seed_0,50073,250,250,False,250,51,0,1.1873016078688363,21.01391062129835,296.8254019672091,-2.842170943040401e-14,0.10155122470873411,0.1,3.3660130518530904,8.720498173677115,10.183737595228163,1.0339056648376077,3.974909761428833,3.992288112640381
id_reference,A6_train_seed_0,50074,250,250,False,250,10,0,0.012444697164325284,0.7574819930048382,3.111174291081321,-7.105427357601002e-15,0.1,0.1,4.304275806656922,5.620023774747454,8.416057039764784,0.8416057039764786,3.9751046476364134,3.99206805229187
id_reference,A6_train_seed_0,50075,250,250,False,250,40,0,0.23181052949327277,2.9937774467402076,57.952632373318195,-2.1316282072803006e-14,0.10030342675275483,0.1,6.312908242769301,8.418217189098598,8.907991396431997,0.8941418324575829,3.975065168380737,3.9917821884155273
id_reference,A6_train_seed_0,50076,34,35,True,34,31,3,12.789387607089711,27.315214180115394,447.6285662481399,-302.35166313886464,0.10770546405085658,0.1,5.784693980471763,8.725267724475703,9.338337670011168,1.002066670571131,3.8776116507393974,3.9921224117279053
id_reference,A6_train_seed_0,50077,250,250,False,250,14,2,0.1046106454903051,4.755219195410882,26.152661372576276,-1.4210854715202004e-14,0.10019096424812172,0.1,3.1601435593653933,7.96005722380994,8.738414428562741,0.8752955979582878,3.974682616233826,3.992577314376831
id_reference,A6_train_seed_0,50078,250,250,False,250,17,0,0.021820496086467536,1.0019036343881866,5.455124021616884,-1.4210854715202004e-14,0.1,0.1,5.7020050065980445,6.375455475258134,9.711571067536802,0.9711571067536804,3.974837505340576,3.9919893741607666
id_reference,A6_train_seed_0,50079,250,250,False,250,68,3,3.9711930415765737,26.269045941418884,992.7982603941434,-1.4210854715202004e-14,0.1,0.1,6.281540448071457,11.263454609222634,6.284464389211708,0.6284464389211707,3.8392000730037688,3.9924371242523193
id_reference,A6_train_seed_0,50080,250,250,False,250,40,0,1.3784916156812688,21.63836996245517,344.6229039203172,-2.842170943040401e-14,0.10128419795856584,0.1,3.0899982400343764,9.51495887464761,10.070946083910075,1.020657823973434,3.974880374908447,3.9926674365997314
id_reference,A6_train_seed_0,50081,59,59,False,59,13,0,0.935017667746834,16.6711836017293,55.16604239706321,-1.4210854715202004e-14,0.10039695091285698,0.1,3.7920155328771568,7.772651261663794,7.582255865864238,0.7611381300563187,3.9236968937566723,3.992082357406616
id_reference,A6_train_seed_0,50082,51,51,False,51,10,0,0.7136583743873104,8.266456203777379,36.39657709375283,-2.842170943040401e-14,0.10072697999234945,0.1,4.085903487045953,6.418875467771747,4.678870965592298,0.4715731023945654,3.9135037683973124,3.9924123287200928
id_reference,A6_train_seed_0,50083,73,73,False,73,56,0,4.017383137972567,21.381196965297473,293.2689690719974,-1.4210854715202004e-14,0.10234248760371127,0.1,3.972004475317042,8.49888013186599,7.821889904981592,0.800342173058674,3.9366419217357898,3.9926209449768066
id_reference,A6_train_seed_0,50084,44,44,False,44,10,0,1.6450628758976797,14.176003363827602,72.38276653949791,-2.1316282072803006e-14,0.10542478186571148,0.1,4.398101651590779,8.290209702061448,7.332242153525329,0.7680520558650656,3.9006719318303196,3.9918389320373535
id_reference,A6_train_seed_0,50085,250,250,False,250,135,0,1.0741407532223823,21.27057799833032,268.53518830559557,-1.865174681370263e-14,0.10546561364623308,0.1,2.7550049259131333,8.45961951817781,9.816625122608245,1.0330431931614643,3.974776146888733,3.992448091506958
id_reference,A6_train_seed_0,50086,61,61,False,61,16,0,6.105454798596142,30.30096790058929,372.4327427143647,-1.4210854715202004e-14,0.09999999999999996,0.1,7.873022841306962,9.706564628827488,7.8981452313162865,0.7898145231316288,3.9252516988848076,3.9923617839813232
id_reference,A6_train_seed_0,50087,250,250,False,250,9,0,0.02318093220256567,0.9578537580407683,5.795233050641418,-1.4210854715202004e-14,0.1,0.1,4.8600511879125765,5.362782938516442,9.434030507183353,0.9434030507183355,3.974845538139343,3.9920103549957275
id_reference,A6_train_seed_0,50088,250,250,False,250,249,0,6.957490950037502,22.924016373114842,1739.3727375093754,-1.4210854715202004e-14,0.10167063904241155,0.1,3.503224863785614,9.501533186696868,6.040102632456823,0.6198803371770909,3.9750645904541018,3.992847442626953
id_reference,A6_train_seed_0,50089,250,250,False,250,5,0,0.20561769987714398,16.30142606850902,51.404424969286,-1.4210854715202004e-14,0.10015582597297032,0.1,4.179314003973592,7.580469051956628,9.146191671967223,0.9159102023088096,3.975021224975586,3.992003917694092
id_reference,A6_train_seed_0,50090,250,250,False,250,37,34,2.597576259759738,28.663287893591942,649.3940649399344,-2.1316282072803006e-14,0.1,0.1,5.815409297954965,9.277320376511286,9.967075717559121,0.996707571755912,3.9755582447052,3.9924588203430176
id_reference,A6_train_seed_0,50091,250,250,False,250,249,0,5.6815737009821214,21.357411870532847,1420.3934252455304,-1.4210854715202004e-14,0.10013319464545405,0.1,4.128310663582862,9.450983607713773,10.20287385029345,1.0209139230634336,3.9745320415496828,3.9925343990325928
id_reference,A6_train_seed_0,50092,250,250,False,250,40,0,0.4792616207939968,5.282720136335114,119.8154051984992,-2.842170943040401e-14,0.10050286561996237,0.1,4.988659489646461,6.772506744154024,8.317593809140824,0.837085132153157,3.975000249862671,3.991454601287842
id_reference,A6_train_seed_0,50093,250,250,False,250,250,5,6.807786399603112,25.91435625474751,1701.946599900778,-1.7763568394002505e-14,0.10129407807120361,0.1,5.259400138321103,9.121695654533259,9.45828732922762,0.9568451496006353,3.9745029344558716,3.992903709411621
id_reference,A6_train_seed_0,50094,250,250,False,250,0,0,0.0,0.0,0.0,0.21858873000886803,0.1,0.1,4.880178614400294,6.103493456152446,10.458605548802382,1.0458605548802384,3.9747205629348756,3.9913368225097656
id_reference,A6_train_seed_0,50095,250,250,False,250,19,0,0.08609280327075948,1.8181341750750453,21.52320081768987,-3.552713678800501e-14,0.10135889713075963,0.1,3.581025848129753,5.758414842534944,9.87713785297221,0.9985488719320733,3.9749793815612793,3.992164373397827
id_reference,A6_train_seed_0,50096,250,250,False,250,37,0,2.149157658388174,25.593817930662432,537.2894145970434,-1.4210854715202004e-14,0.1,0.1,4.297313653419108,9.692840046581244,7.397154029880834,0.7397154029880835,3.974661054611206,3.992576837539673
id_reference,A6_train_seed_0,50097,250,250,False,250,19,0,0.09438896255446354,9.88793719037842,23.597240638615883,-4.263256414560601e-14,0.10034089834040832,0.1,4.626403584685692,6.336903442800784,7.843304013893529,0.7877385703978809,3.9750581245422363,3.991849184036255
id_reference,A6_train_seed_0,50098,63,63,False,63,25,0,8.442292123551354,29.443291673150156,531.8644037837353,-2.1316282072803006e-14,0.09999999999999995,0.1,8.792412882591451,12.421212652828965,8.43928216982514,0.8439282169825139,3.9265036658635215,3.991973876953125
id_reference,A6_train_seed_0,50099,250,250,False,250,66,0,0.5041332734523278,16.421806263156675,126.03331836308195,-5.684341886080802e-14,0.10008978654838777,0.1,5.523431972360291,7.362940840036082,9.42437895286955,0.9431405953569219,3.974932421684265,3.991905689239502
ood_compound,A6_train_seed_0,50000,250,250,False,250,53,0,1.3775365601447394,12.181292541084309,344.3841400361848,-2.1316282072803006e-14,0.10033211212587473,0.1,6.373638478673723,8.65931902256517,7.055589105310332,0.7092327446138975,3.9752175331115724,3.9916882514953613
ood_compound,A6_train_seed_0,50001,250,250,False,250,72,0,2.8488982143037695,20.956745404771333,712.2245535759424,-2.842170943040401e-14,0.1002160043564948,0.1,4.522677436315311,9.874888234552865,9.729241724666295,0.975321597262898,3.974389623641968,3.9918713569641113
ood_compound,A6_train_seed_0,50002,250,250,False,250,249,0,2.465171390401895,6.931400261732215,616.2928476004738,-4.263256414560601e-14,0.10016338952433176,0.1,5.19707830882935,7.459168978150736,9.01453133114816,0.9031364374929083,3.9758938236236574,3.9922118186950684
ood_compound,A6_train_seed_0,50003,58,59,True,58,54,5,18.15462402370028,47.672234838122804,1071.1228173983166,-502.3608021676703,0.10758092571737825,0.1,5.344657558936263,7.983439687664291,5.558278069801641,0.61797225294864,3.9245425927436957,3.9926977157592773
ood_compound,A6_train_seed_0,50004,250,250,False,250,130,73,8.202423789525374,27.511975753837632,2050.6059473813434,-2.842170943040401e-14,0.1,0.1,6.150270156248405,11.174006012937632,8.747172320194858,0.8747172320194859,3.9756019344329836,3.992666721343994
ood_compound,A6_train_seed_0,50005,250,250,False,250,76,0,1.6407056537533076,19.976877890081155,410.1764134383269,-2.842170943040401e-14,0.10088375052967384,0.1,4.7028493392558826,8.846488565630068,9.018587957820731,0.9091868627804423,3.974613218307495,3.992006778717041
ood_compound,A6_train_seed_0,50006,250,250,False,250,112,0,1.4489919792087218,10.629319052737475,362.2479948021805,-2.1316282072803006e-14,0.1,0.1,7.112314712833595,9.510832239474635,10.116755938700486,1.0116755938700488,3.9751330194473264,3.9922170639038086
ood_compound,A6_train_seed_0,50007,60,61,True,60,55,3,13.903908209321312,41.85985355825004,848.1384007686,-448.67753764449606,0.10596470892816076,0.1,5.906933096546501,9.151136399988307,8.153705077542375,0.8783186458283915,3.926509497595615,3.99259352684021
ood_compound,A6_train_seed_0,50008,250,250,False,250,192,3,2.084632774128753,20.934114217793393,521.1581935321883,-5.684341886080802e-14,0.10097596155703135,0.1,5.452839071846978,10.770782566985398,9.07254124880183,0.9152379824729608,3.9746771268844605,3.992316246032715
ood_compound,A6_train_seed_0,50009,250,250,False,250,143,42,12.065597908714414,24.174295126140887,3016.399477178604,-2.842170943040401e-14,0.1,0.1,6.57304083484177,8.68811859385219,8.28074166131738,0.8280741661317381,3.9758036136627197,3.9924442768096924
ood_compound,A6_train_seed_0,50010,250,250,False,250,68,0,4.813869120565796,24.617851329876146,1203.467280141449,-2.1316282072803006e-14,0.1,0.1,5.594683294033865,9.651671942464302,8.206991951022227,0.8206991951022226,3.975412007331848,3.9924917221069336
ood_compound,A6_train_seed_0,50011,250,250,False,250,39,0,0.8977031178980585,11.79240176356366,224.42577947451463,-4.263256414560601e-14,0.10021219366170385,0.1,5.351631451209166,8.371575222246642,9.967283507670876,0.9988969471251732,3.9744837999343874,3.9913463592529297
ood_compound,A6_train_seed_0,50012,250,250,False,250,60,0,2.608293128907818,17.588531223056652,652.0732822269545,-2.842170943040401e-14,0.11190810924719553,0.1,3.720239658400772,7.299995255863412,9.207171283202861,1.0383099287346513,3.975248359680176,3.9920718669891357
ood_compound,A6_train_seed_0,50013,250,250,False,250,250,0,20.133069379919494,22.53146663146145,5033.267344979873,-2.842170943040401e-14,0.1,0.1,7.983540801398739,8.840824163829776,9.084192685476875,0.9084192685476876,3.975804326057434,3.9919464588165283
ood_compound,A6_train_seed_0,50014,250,250,False,250,186,0,1.9457341185839272,19.58705816923715,486.4335296459818,-2.842170943040401e-14,0.10001075153924996,0.1,4.3374338731239535,8.981662571038006,9.648768569829958,0.964968667415397,3.9744566297531128,3.991818904876709
ood_compound,A6_train_seed_0,50015,250,250,False,250,133,34,7.26611262460534,25.406400097855446,1816.528156151335,-2.842170943040401e-14,0.10097769159480231,0.1,6.285356473762246,9.749391227997645,9.326441412453104,0.9430494111948178,3.9755751123428347,3.992594003677368
ood_compound,A6_train_seed_0,50016,250,250,False,250,179,9,12.576616450366805,24.635022241044727,3144.154112591701,-2.842170943040401e-14,0.10029836898853026,0.1,7.4070187822623845,9.506879517253488,9.811225511357833,0.9842864179263903,3.9757235193252565,3.992341995239258
ood_compound,A6_train_seed_0,50017,250,250,False,250,209,2,1.6205723430635217,20.106722987701747,405.1430857658804,-2.842170943040401e-14,0.10053832978407326,0.1,5.439628438619051,10.13184182673506,9.213064030288926,0.9257127221379411,3.9749571437835693,3.9920120239257812
ood_compound,A6_train_seed_0,50018,250,250,False,250,248,0,12.598066442130829,24.23768376064926,3149.516610532707,-2.842170943040401e-14,0.10022385715280743,0.1,5.0313798775946275,9.241936746023661,7.490980987971911,0.7509707898749631,3.975231653213501,3.992609977722168
ood_compound,A6_train_seed_0,50019,250,250,False,250,250,0,22.389334859993504,22.95768113651094,5597.333714998376,-2.842170943040401e-14,0.1,0.1,6.988802607876623,8.089036384724363,8.624563338166453,0.8624563338166454,3.9759902315139772,3.9922008514404297
ood_compound,A6_train_seed_0,50020,250,250,False,250,121,0,0.6574199106821368,3.3423197835237133,164.3549776705342,-1.4210854715202004e-14,0.1,0.1,8.94922925734839,9.430261578998083,10.25640695118114,1.0256406951181138,3.974987382888794,3.991244316101074
ood_compound,A6_train_seed_0,50021,250,250,False,250,179,0,3.9652692674707906,14.345272259971864,991.3173168676976,-2.842170943040401e-14,0.1,0.1,6.7998145957946905,8.695778912376147,7.255090069937653,0.7255090069937654,3.9753039054870607,3.991813898086548
ood_compound,A6_train_seed_0,50022,250,250,False,250,97,0,3.946737820429857,24.551673056458615,986.6844551074643,-2.1316282072803006e-14,0.1,0.1,6.010150720007414,10.5410511884301,9.59121255710806,0.959121255710806,3.975524477005005,3.9928271770477295
ood_compound,A6_train_seed_0,50023,250,250,False,250,62,0,1.6341384303219484,21.360575082184507,408.5346075804871,-1.4210854715202004e-14,0.1,0.1,4.386605019475671,8.981336316029894,9.828648725363381,0.982864872536338,3.974603047370911,3.992548704147339
ood_compound,A6_train_seed_0,50024,250,250,False,250,105,0,2.3738174837994985,15.1533423926997,593.4543709498746,-2.842170943040401e-14,0.10002019041340543,0.1,5.001132112382659,7.1695347897758746,9.729594561626582,0.9731347564001657,3.9745492582321167,3.991260290145874
ood_compound,A6_train_seed_0,50025,250,250,False,250,53,3,2.444395658456589,18.912292850147587,611.0989146141472,-2.842170943040401e-14,0.1001397521142668,0.1,4.69237626416861,9.589300601919113,9.751300270341886,0.9759832056136888,3.9746865453720095,3.9929556846618652
ood_compound,A6_train_seed_0,50026,250,250,False,250,246,2,1.5510813213709589,8.631423697043441,387.7703303427397,-2.842170943040401e-14,0.1000501162944777,0.1,4.04281996195852,7.50090937455192,8.672848452684347,0.8678311850128195,3.9756221227645874,3.9921720027923584
ood_compound,A6_train_seed_0,50027,250,250,False,250,55,0,2.532209208352117,18.50802515604181,633.0523020880293,-1.4210854715202004e-14,0.10032364586939437,0.1,5.57112565086233,9.152465429920285,10.109597507517021,1.0136484697761283,3.974699316978455,3.992222309112549
ood_compound,A6_train_seed_0,50028,250,250,False,250,107,0,3.93590966694656,25.739034203314453,983.97741673664,-1.4210854715202004e-14,0.10021011316003939,0.1,5.75165085619032,10.279730272739098,9.322532222708563,0.9345280485146991,3.9754940586090086,3.9928388595581055
ood_compound,A6_train_seed_0,50029,250,250,False,250,250,0,19.314550875344555,24.290543821605052,4828.637718836138,-2.842170943040401e-14,0.1,0.1,8.373037401054814,9.249956061102205,5.406366571390923,0.5406366571390924,3.976102707862854,3.9927680492401123
ood_compound,A6_train_seed_0,50030,250,250,False,250,37,3,1.720305888248543,20.75360174015439,430.07647206213574,-2.842170943040401e-14,0.10211188786475256,0.1,3.9721111523495227,9.709918355893299,8.626569955211899,0.8776397386241909,3.974054153442383,3.991448163986206
ood_compound,A6_train_seed_0,50031,250,250,False,250,63,0,2.1140456774041394,20.826381688419712,528.5114193510349,-2.842170943040401e-14,0.1005823982629317,0.1,4.189218394733612,10.145072872465862,8.588360927415295,0.8637073112714567,3.974315861701965,3.992234468460083
ood_compound,A6_train_seed_0,50032,250,250,False,250,88,0,5.797565616928806,24.120826567999547,1449.3914042322017,-1.4210854715202004e-14,0.1,0.1,5.686421332034115,9.66703927331159,9.511907200276022,0.9511907200276025,3.9755174207687376,3.9926247596740723
ood_compound,A6_train_seed_0,50033,250,250,False,250,192,0,5.807057876128971,18.341180853210602,1451.7644690322427,-2.842170943040401e-14,0.1,0.1,5.420331787202383,8.723322699295219,7.821051445572369,0.7821051445572369,3.97534746837616,3.991795539855957
ood_compound,A6_train_seed_0,50034,250,250,False,250,250,0,6.770620624107905,19.459326429511723,1692.6551560269763,-3.552713678800501e-14,0.1,0.1,5.610229175417818,7.257361896273963,8.750315804569308,0.8750315804569306,3.975892578125,3.9921746253967285
ood_compound,A6_train_seed_0,50035,250,250,False,250,241,0,2.7078650620411446,18.87727014439412,676.9662655102861,-4.263256414560601e-14,0.10009437892925295,0.1,4.54346398020526,7.582744070206782,8.763035146363167,0.8773448711211986,3.975741205215454,3.992039680480957
ood_compound,A6_train_seed_0,50036,250,250,False,250,250,0,15.575631235280817,23.463308873732156,3893.907808820204,-4.263256414560601e-14,0.1,0.1,5.804481342654932,7.247921427921494,9.84218289096376,0.9842182890963761,3.975963885307312,3.9923689365386963
ood_compound,A6_train_seed_0,50037,250,250,False,250,250,0,21.582172792782963,23.88478385675767,5395.543198195741,-2.842170943040401e-14,0.1,0.1,7.963975763720301,9.133551376390754,9.92825569994685,0.9928255699946853,3.9760509634017946,3.9921791553497314
ood_compound,A6_train_seed_0,50038,250,250,False,250,76,0,1.8622841251919233,21.12810213871323,465.5710312979808,-1.4210854715202004e-14,0.10035302099812111,0.1,4.3364796661256095,9.260229551723905,9.899859178645105,0.9919740373759829,3.9747238883972167,3.9925951957702637
ood_compound,A6_train_seed_0,50039,250,250,False,250,250,0,9.397489493185903,20.355084572672038,2349.372373296476,-5.684341886080802e-14,0.1,0.1,5.550269446349788,6.835129068081829,8.038229890745233,0.8038229890745234,3.975976505279541,3.9922804832458496
ood_compound,A6_train_seed_0,50040,250,250,False,250,37,0,1.4889210032257638,17.996095639337177,372.23025080644095,-2.842170943040401e-14,0.1007482447120259,0.1,4.567642700691264,8.80500242116366,8.19209445125003,0.8249724734857602,3.974527847290039,3.991464376449585
ood_compound,A6_train_seed_0,50041,250,250,False,250,100,0,3.123739525783595,24.996221247159948,780.9348814458988,-2.842170943040401e-14,0.1005319144413454,0.1,5.596881764392841,10.087253728362096,9.683817469540795,0.973894327038286,3.9753646783828733,3.9924097061157227
ood_compound,A6_train_seed_0,50042,250,250,False,250,210,0,1.2683450685642468,9.298121205941039,317.0862671410617,-5.684341886080802e-14,0.10004588500483869,0.1,5.25874003592412,6.4624704702412314,9.537640665074019,0.9542790074282164,3.975526418685913,3.9918975830078125
ood_compound,A6_train_seed_0,50043,250,250,False,250,36,0,0.13857964789870186,1.6329693497729318,34.644911974675466,-1.4210854715202004e-14,0.1,0.1,6.983461465589638,8.57099435541207,9.438940259262075,0.9438940259262076,3.9751065731048585,3.991248607635498
ood_compound,A6_train_seed_0,50044,250,250,False,250,250,0,21.017878021815797,23.690321357529996,5254.469505453949,-2.842170943040401e-14,0.1,0.1,7.495509036303941,8.67562208904577,6.2398087329411025,0.6239808732941102,3.9758051567077635,3.992069959640503
ood_compound,A6_train_seed_0,50045,250,250,False,250,250,0,9.448529985978995,22.93045163224992,2362.132496494749,-2.842170943040401e-14,0.1,0.1,6.468714403089354,8.433898686607977,10.450779713988402,1.0450779713988405,3.9742115001678466,3.9918649196624756
ood_compound,A6_train_seed_0,50046,250,250,False,250,73,10,4.303951351957126,24.698911428640393,1075.9878379892816,-2.1316282072803006e-14,0.1,0.1,6.105148709078224,9.678561184642797,9.498364222281621,0.9498364222281622,3.9754875173568727,3.9927632808685303
ood_compound,A6_train_seed_0,50047,250,250,False,250,238,0,3.0692398208021383,17.54371083050411,767.3099552005345,-1.7763568394002505e-14,0.1,0.1,7.316904158074561,9.75555939748477,7.765700420804363,0.7765700420804362,3.975448601722717,3.992051839828491
ood_compound,A6_train_seed_0,50048,250,250,False,250,47,1,1.6313427266173584,14.346496835248596,407.83568165433957,-2.842170943040401e-14,0.10013456490175815,0.1,4.794131307758734,7.788195164771045,8.858112216494478,0.8866820082692772,3.974777458190918,3.9927432537078857
ood_compound,A6_train_seed_0,50049,250,250,False,250,175,0,15.16234721822707,23.500859229709157,3790.5868045567677,-2.842170943040401e-14,0.10003050606299996,0.1,6.956438270506991,8.47263056049394,7.177939874696898,0.7180220905391828,3.975503511428833,3.9921398162841797
ood_compound,A6_train_seed_0,50050,250,250,False,250,111,0,2.1978979095609694,19.991715417277614,549.4744773902423,-1.4210854715202004e-14,0.10057085167588325,0.1,3.909223000197384,8.80707656402666,9.997654648219513,1.004338853382101,3.974819582939148,3.9922587871551514
ood_compound,A6_train_seed_0,50051,250,250,False,250,247,0,4.580781877668503,20.262259667930902,1145.1954694171259,-2.842170943040401e-14,0.10049030493167242,0.1,3.8168154328078874,9.033594301438281,10.143438565546054,1.0194097200289682,3.974752480506897,3.9924135208129883
ood_compound,A6_train_seed_0,50052,250,250,False,250,243,0,6.595498442601219,25.68835953764934,1648.8746106503047,-2.842170943040401e-14,0.10046527180230942,0.1,5.436608662186689,9.496117569339866,8.401048486894007,0.8416937860675686,3.966514479637146,3.99283504486084
ood_compound,A6_train_seed_0,50053,250,250,False,250,112,47,4.731675905474886,22.412105149361633,1182.9189763687216,-2.1316282072803006e-14,0.10060694556624336,0.1,5.892863436437329,9.799833742282326,9.813958909648845,0.9871674248934922,3.975438076019287,3.992325782775879
ood_compound,A6_train_seed_0,50054,250,250,False,250,57,0,1.7040647970058034,20.661287913990414,426.01619925145087,-1.4210854715202004e-14,0.10074651196875968,0.1,3.486459507427237,9.308179338307012,9.896165456391623,0.9976854390756459,3.974805393218994,3.991957426071167
ood_compound,A6_train_seed_0,50055,250,250,False,250,98,106,6.431887154686012,24.824999641592463,1607.971788671503,-2.1316282072803006e-14,0.1,0.1,6.191306337481705,10.290921814044383,9.996253477134525,0.9996253477134526,3.9756438341140745,3.99238920211792
ood_compound,A6_train_seed_0,50056,250,250,False,250,0,0,0.0,0.0,0.0,0.21995057135296747,0.10034329831359952,0.1,6.145335590529258,6.807610546309779,8.00927113510591,0.802469565571302,3.9753225955963134,3.991398811340332
ood_compound,A6_train_seed_0,50057,250,250,False,250,250,0,11.522648127161869,22.25414147239069,2880.662031790467,-2.842170943040401e-14,0.1,0.1,7.627217690625285,9.01635460903649,8.582536657084253,0.8582536657084255,3.9755182342529296,3.992213010787964
ood_compound,A6_train_seed_0,50058,250,250,False,250,110,29,8.308602940713849,25.22451769066404,2077.150735178462,-2.842170943040401e-14,0.1,0.1,7.203648174902505,9.90784045530977,8.945660699612324,0.8945660699612326,3.975613003730774,3.9929070472717285
ood_compound,A6_train_seed_0,50059,250,250,False,250,247,0,3.1963586861636926,17.659562373865707,799.0896715409232,-2.842170943040401e-14,0.10001620508326971,0.1,5.7349641870822285,7.535989967544912,10.339243672609864,1.0341051577719877,3.9756676301956175,3.9920084476470947
ood_compound,A6_train_seed_0,50060,250,250,False,250,250,0,22.469521347117773,22.76144292349528,5617.3803367794435,-2.842170943040401e-14,0.1,0.1,7.084077605016529,7.745111121950731,7.8649754917591705,0.7864975491759171,3.9760827627182005,3.9922537803649902
ood_compound,A6_train_seed_0,50061,250,250,False,250,150,0,4.184894799283075,20.068736796121463,1046.2236998207688,-2.842170943040401e-14,0.10008875318358895,0.1,5.2072127347253225,7.796280140923749,9.170337137509788,0.9178215301853683,3.974640042304993,3.99117374420166
ood_compound,A6_train_seed_0,50062,250,250,False,250,52,3,1.9372024354783186,23.68755766870663,484.30060886957966,-1.4210854715202004e-14,0.10053035184326009,0.1,4.358095939252398,9.961322220191255,9.525744032402176,0.9581939966169503,3.974900360107422,3.9930942058563232
ood_compound,A6_train_seed_0,50063,250,250,False,250,193,0,11.864898720623547,22.910305602076598,2966.2246801558867,-2.842170943040401e-14,0.1,0.1,5.894660399019789,8.69846326844549,9.081130473451067,0.9081130473451067,3.975265955924988,3.9918463230133057
ood_compound,A6_train_seed_0,50064,250,250,False,250,250,0,15.448699704180989,23.07448637559775,3862.174926045247,-2.842170943040401e-14,0.1,0.1,7.812871053304087,9.511788356946196,9.08654994479744,0.9086549944797441,3.9758912048339843,3.9922468662261963
ood_compound,A6_train_seed_0,50065,250,250,False,250,34,0,0.2540517362956841,4.205898450385713,63.51293407392103,-2.1316282072803006e-14,0.1,0.1,6.470132241164167,6.9328619081193015,9.2024617320637,0.9202461732063701,3.9752868242263792,3.991987466812134
ood_compound,A6_train_seed_0,50066,250,250,False,250,250,0,22.422182171152883,23.19457702798555,5605.545542788221,-2.842170943040401e-14,0.1,0.1,6.7669622947123935,8.27782889899712,6.910402929918908,0.6910402929918908,3.9760931367874144,3.9924542903900146
ood_compound,A6_train_seed_0,50067,250,250,False,250,136,0,3.784814768015256,18.37492418662291,946.203692003814,-4.263256414560601e-14,0.10004106257625159,0.1,6.8981528130527145,8.053396601522646,8.888697150946305,0.8893169031865827,3.975640717506409,3.9920835494995117
ood_compound,A6_train_seed_0,50068,250,250,False,250,25,0,0.03220688444658574,0.9528000627383141,8.051721111646435,-1.4210854715202004e-14,0.1,0.1,6.309088191732706,6.642650610029134,9.580939221858769,0.958093922185877,3.9752713718414308,3.991969108581543
ood_compound,A6_train_seed_0,50069,250,250,False,250,111,0,3.205579129778344,24.812124905489526,801.394782444586,-1.4210854715202004e-14,0.10050953669763034,0.1,5.880770634254136,9.776345286352445,9.21259760437767,0.9262584611831919,3.975227596282959,3.992635726928711
ood_compound,A6_train_seed_0,50070,250,250,False,250,38,0,0.5771948731626537,7.369735331231131,144.29871829066343,-2.842170943040401e-14,0.1004481784971955,0.1,6.371087643975835,8.495011119778784,9.106790532431718,0.915484957881277,3.9748637924194337,3.991314172744751
ood_compound,A6_train_seed_0,50071,250,250,False,250,250,0,17.603273484598432,23.754903331362176,4400.818371149608,-2.842170943040401e-14,0.1,0.1,6.736030241775557,8.6172407666487,6.761959040861774,0.6761959040861772,3.975871057510376,3.992483615875244
ood_compound,A6_train_seed_0,50072,250,250,False,250,244,0,3.4471160274062953,21.475252721125475,861.7790068515739,-2.842170943040401e-14,0.10015438621388606,0.1,4.22548088203359,8.703353401713986,9.105162824536448,0.9116505786774233,3.974561239242554,3.9922401905059814
ood_compound,A6_train_seed_0,50073,250,250,False,250,85,0,2.01359455150356,21.01391062129835,503.39863787589,-2.842170943040401e-14,0.10028961765595426,0.1,3.9600240895139143,8.720498173677115,9.7893996653866,0.9817091099543752,3.974700381278992,3.9920995235443115
ood_compound,A6_train_seed_0,50074,250,250,False,250,250,0,0.6170242688597657,4.016110739806998,154.25606721494142,-3.552713678800501e-14,0.1,0.1,3.7625332645528853,6.647829801968303,8.466039961238508,0.846603996123851,3.9759224090576173,3.992089033126831
ood_compound,A6_train_seed_0,50075,250,250,False,250,143,0,4.887234429497917,21.755292598619974,1221.8086073744792,-5.684341886080802e-14,0.10025374241708619,0.1,5.074628054023524,7.189684176388145,8.435527424647463,0.8463024463297807,3.9755043859481813,3.9918935298919678
ood_compound,A6_train_seed_0,50076,32,33,True,32,28,2,11.918073432578533,26.260832584444653,393.29642327509157,-296.0088767944318,0.10992460136459614,0.1,5.553624191464185,8.838965996036762,8.994560565352707,0.9924944408317103,3.870781269940463,3.9922327995300293
ood_compound,A6_train_seed_0,50077,250,250,False,250,45,0,1.5525213114325838,14.939026832988288,388.13032785814596,-2.842170943040401e-14,0.10006202979620533,0.1,4.782991853283213,7.763411073465306,9.003652942820256,0.9007099099719235,3.9747638397216796,3.9922990798950195
ood_compound,A6_train_seed_0,50078,250,250,False,250,250,0,13.955820866212601,23.335003726299902,3488.9552165531504,-3.552713678800501e-14,0.1,0.1,6.137704203862376,8.908759448145542,9.76802690239894,0.9768026902398941,3.9757637634277345,3.99226713180542
ood_compound,A6_train_seed_0,50079,250,250,False,250,244,0,9.960297088080697,23.192781737956558,2490.0742720201742,-4.263256414560601e-14,0.10003058535069914,0.1,5.193473680138545,11.225848767986593,8.76888932612813,0.8771454734251668,3.9407820434570313,3.9924404621124268
ood_compound,A6_train_seed_0,50080,250,250,False,250,79,2,1.7538686359306057,22.031866170893103,438.4671589826514,-1.4210854715202004e-14,0.1,0.1,4.142603734649507,9.51495887464761,9.921792372723289,0.9921792372723292,3.9747290887832643,3.99285888671875
ood_compound,A6_train_seed_0,50081,250,250,False,250,39,0,1.1423046680866356,16.6711836017293,285.5761670216589,-2.842170943040401e-14,0.10094693333749793,0.1,4.345821707973349,7.772651261663794,9.280778069830689,0.9372231601075448,3.97480832195282,3.9917869567871094
ood_compound,A6_train_seed_0,50082,250,250,False,250,36,170,1.289283795972424,13.548304622983089,322.32094899310596,-1.4210854715202004e-14,0.10082016518414005,0.1,4.27844431124481,8.46365138553597,8.430449634275588,0.8509632814889001,3.9753518390655516,3.9923222064971924
ood_compound,A6_train_seed_0,50083,250,250,False,250,230,0,2.40757537030258,21.381196965297473,601.8938425756451,-1.4210854715202004e-14,0.10457107302268236,0.1,3.1859785182709173,8.595036900719519,8.786640419037377,0.910288990007372,3.97469123840332,3.991960287094116
ood_compound,A6_train_seed_0,50084,250,250,False,250,250,0,16.835296961940085,22.40299031264309,4208.824240485021,-2.842170943040401e-14,0.1,0.1,7.783464937823501,9.395480031815163,7.106113736170104,0.7106113736170103,3.975754725456238,3.99190092086792
ood_compound,A6_train_seed_0,50085,250,250,False,250,222,0,2.8208271978116777,21.27057799833032,705.2067994529194,-5.684341886080802e-14,0.1006415953659653,0.1,4.5448518311856025,8.45961951817781,9.544512731681058,0.9597631847544471,3.974448734283447,3.9921109676361084
ood_compound,A6_train_seed_0,50086,250,250,False,250,250,47,16.429381228965852,39.39690681668954,4107.345307241463,-1.4210854715202004e-14,0.10085313412833369,0.1,5.934396020388762,10.108013606211422,7.336507603488106,0.7410261402175968,3.745854211807251,3.9924840927124023
ood_compound,A6_train_seed_0,50087,250,250,False,250,146,0,2.2989582583739265,7.548065853250812,574.7395645934816,-4.263256414560601e-14,0.1,0.1,6.3832566477674595,7.565730007967633,10.337563646247578,1.033756364624758,3.9756681632995607,3.9919118881225586
ood_compound,A6_train_seed_0,50088,250,250,False,250,239,0,6.305906020522569,22.906145120938014,1576.4765051306422,-2.842170943040401e-14,0.10033360738227134,0.1,4.338591348031183,9.001837577177788,8.507949480191968,0.8528436307277603,3.974561906814575,3.9922657012939453
ood_compound,A6_train_seed_0,50089,250,250,False,250,28,0,0.3920653932950164,16.30142606850902,98.0163483237541,-5.684341886080802e-14,0.10075881573090313,0.1,4.423349409282995,7.580469051956628,9.601221840125667,0.9668672469065898,3.974850205421448,3.9919474124908447
ood_compound,A6_train_seed_0,50090,250,250,False,250,158,59,10.278227269218144,26.715414396140122,2569.556817304536,-2.1316282072803006e-14,0.1,0.1,7.775382274146028,10.089888591834216,9.345171555730625,0.9345171555730627,3.9757016134262084,3.992537260055542
ood_compound,A6_train_seed_0,50091,250,250,False,250,235,0,5.279541041282224,21.357411870532847,1319.885260320556,-2.842170943040401e-14,0.1007538930499522,0.1,4.689506967220574,9.165029410707023,9.512148346390541,0.9534539126772463,3.973954239845276,3.9927000999450684
ood_compound,A6_train_seed_0,50092,250,250,False,250,62,0,2.373800819841852,21.599127056027676,593.450204960463,-1.4210854715202004e-14,0.10043069807680723,0.1,4.618981217920977,7.640190252212998,8.117426379545332,0.8163618485284398,3.974827763557434,3.99147891998291
ood_compound,A6_train_seed_0,50093,250,250,False,250,249,7,8.801369964055555,25.637939080111774,2200.342491013889,-2.842170943040401e-14,0.10044708885043434,0.1,5.30065604547801,9.027644710340885,8.847053023302006,0.8881141872532718,3.903778260946274,3.9930388927459717
ood_compound,A6_train_seed_0,50094,250,250,False,250,159,0,0.629749044585674,2.7971125235713226,157.4372611464185,-4.263256414560601e-14,0.1,0.1,6.8545515543259725,8.21808972074378,9.306696873966128,0.9306696873966127,3.975260558128357,3.9917399883270264
ood_compound,A6_train_seed_0,50095,250,250,False,250,65,47,1.4085368575687032,9.56964860759767,352.1342143921758,-2.1316282072803006e-14,0.1,0.1,5.122064538672845,8.726416483284853,9.492030506517011,0.9492030506517011,3.9752355670928954,3.9921772480010986
ood_compound,A6_train_seed_0,50096,250,250,False,250,126,0,4.298926393438508,24.180320276078117,1074.731598359627,-2.1316282072803006e-14,0.1,0.1,6.544007540346396,9.966156580044718,8.523566914143215,0.8523566914143216,3.9751507806777955,3.9926559925079346
ood_compound,A6_train_seed_0,50097,250,250,False,250,162,3,0.9093524103402586,9.88793719037842,227.33810258506466,-4.263256414560601e-14,0.1002295068677187,0.1,4.7240677432924505,7.665088643609165,7.849275313730421,0.7867723954332597,3.9751457824707033,3.992021083831787
ood_compound,A6_train_seed_0,50098,50,51,True,50,50,4,19.05373547820063,27.455695980265943,971.7405093882321,-137.36287224867044,0.09999999999999998,0.1,6.68273291468022,8.831128206336443,9.41677163113001,0.941677163113001,3.9135567253711177,3.9921154975891113
ood_compound,A6_train_seed_0,50099,250,250,False,250,211,4,1.8838561817130979,16.421806263156675,470.96404542827446,-2.842170943040401e-14,0.10025661607809377,0.1,4.839803326774854,7.996992807907222,9.144980039087066,0.9170800149882515,3.9752089281082155,3.9918832778930664
motor_fault,A6_train_seed_0,50000,250,250,False,250,23,0,0.049543925996719224,0.9556017800550112,12.385981499179806,-2.842170943040401e-14,0.10028990640657637,0.1,5.525847697239206,8.13661757523716,9.019603665509973,0.9051656520345819,3.974960645675659,3.9913299083709717
motor_fault,A6_train_seed_0,50001,250,250,False,250,40,0,1.4071450478557186,21.046932148070834,351.78626196392963,-2.1316282072803006e-14,0.1016982113537096,0.1,3.7120924971225584,9.874888234552865,8.931379980907485,0.9057250352692873,3.974545141220093,3.991853952407837
motor_fault,A6_train_seed_0,50002,250,250,False,250,217,2,7.037121964107166,36.645326385711655,1759.2804910267914,-2.842170943040401e-14,0.10043525867535047,0.1,5.645938167466017,10.279528660333131,8.859006962117085,0.890146547938167,3.97518940448761,3.992884635925293
motor_fault,A6_train_seed_0,50003,250,250,False,250,34,0,2.605450255894275,27.319079284601976,651.3625639735687,-2.1316282072803006e-14,0.1,0.1,5.328071588143868,9.675190823077658,8.65715196891022,0.8657151968910223,3.9585039529800414,3.992480993270874
motor_fault,A6_train_seed_0,50004,250,250,False,250,250,0,2.211769732118508,20.52048651100246,552.942433029627,-4.263256414560601e-14,0.1000309271271862,0.1,4.119526038330778,7.870555132243085,8.976639130006962,0.8978464186040109,3.974774447441101,3.992011547088623
motor_fault,A6_train_seed_0,50005,250,250,False,250,54,0,1.5425017959374094,21.174824209370065,385.6254489843524,-2.842170943040401e-14,0.10133557050012064,0.1,4.4498346140958525,9.767825789854903,8.747804033965622,0.8844047134270835,3.9746446323394777,3.992546319961548
motor_fault,A6_train_seed_0,50006,250,250,False,250,90,0,0.5521817973220152,3.7493859878357063,138.0454493305038,-2.842170943040401e-14,0.1,0.1,6.636740060835557,9.593159477346012,9.182856924891457,0.9182856924891457,3.975369997024536,3.992142677307129
motor_fault,A6_train_seed_0,50007,250,250,False,250,35,0,2.0774617604196415,27.543940062451693,519.3654401049104,-1.4210854715202004e-14,0.1,0.1,5.076949433188054,8.928273144055206,9.447778718285177,0.9447778718285176,3.975475833892822,3.992638111114502
motor_fault,A6_train_seed_0,50008,250,250,False,250,104,0,2.062909413870755,21.826974447826238,515.7273534676888,-4.263256414560601e-14,0.1016586564550961,0.1,5.776748131572309,10.49928996864065,9.381077796160529,0.9495236818748172,3.9743894777297974,3.992302417755127
motor_fault,A6_train_seed_0,50009,250,250,False,250,250,2,10.293553975840146,24.94194441346754,2573.3884939600366,-1.4210854715202004e-14,0.1,0.1,6.20029292447666,11.742292656931479,10.078684856886543,1.0078684856886542,3.9733779048919677,3.9923980236053467
motor_fault,A6_train_seed_0,50010,250,250,False,250,19,0,1.4514819355854656,25.385745027786168,362.8704838963664,-7.105427357601002e-15,0.1,0.1,4.768502781863615,10.777820714132252,8.948091472298396,0.8948091472298397,3.97522269821167,3.9923126697540283
motor_fault,A6_train_seed_0,50011,250,250,False,250,1,0,0.002079473114013666,0.5198682785034165,0.5198682785034165,0.0,0.10291176941327901,0.1,3.9497119285996596,6.62592210086933,10.277358761732618,1.055212683957034,3.974447546005249,3.9912500381469727
motor_fault,A6_train_seed_0,50012,250,250,False,250,15,0,0.6160185149474089,16.00372618225136,154.00462873685223,-2.1316282072803006e-14,0.11044977677086788,0.1,2.543443738033411,7.828525851916207,9.417682980910334,1.0413559975431743,3.974851364135742,3.9919686317443848
motor_fault,A6_train_seed_0,50013,250,250,False,250,32,0,2.4730604949784576,22.796898368392633,618.2651237446144,-1.4210854715202004e-14,0.1,0.1,5.106288874254091,10.001141667594466,6.058809405750173,0.6058809405750174,3.9734619026184084,3.991716146469116
motor_fault,A6_train_seed_0,50014,250,250,False,250,145,0,1.0969966781520646,19.58705816923715,274.24916953801613,-5.684341886080802e-14,0.10121270810291808,0.1,4.310840071152379,8.981662571038006,9.623328208734604,0.9733252687989072,3.974753878593445,3.9919345378875732
motor_fault,A6_train_seed_0,50015,250,250,False,250,47,135,2.0766795504776137,24.34719040481431,519.1698876194034,-2.1316282072803006e-14,0.10040196015805979,0.1,5.1311097030971125,8.890915284373941,9.821102634171314,0.9848119882781637,3.9754637632369993,3.9925036430358887
motor_fault,A6_train_seed_0,50016,250,250,False,250,250,0,17.78429515649194,25.454556071499074,4446.073789122985,-2.1316282072803006e-14,0.1,0.1,8.61346427115707,9.655414953114104,9.028299302905518,0.9028299302905519,3.975020336151123,3.992243766784668
motor_fault,A6_train_seed_0,50017,250,250,False,250,66,0,0.5232986642097425,20.106722987701747,130.82466605243562,-4.263256414560601e-14,0.1,0.1,5.555967897963428,8.821839872202597,9.961150649366784,0.9961150649366785,3.974783571243286,3.992203712463379
motor_fault,A6_train_seed_0,50018,56,57,True,56,55,6,18.59387076968136,34.014730924226455,1059.8506338718375,-15.9663160845283,0.09999999999999999,0.1,9.56708088672457,15.522648677083186,9.288800376903392,0.9288800376903392,3.371921779816611,3.9913861751556396
motor_fault,A6_train_seed_0,50019,250,250,False,250,250,173,11.929379941303715,23.68369875275326,2982.3449853259285,-1.4210854715202004e-14,0.1,0.1,5.386997473911369,9.293058347239226,10.558301593327046,1.0558301593327046,3.9494820442199705,3.9924874305725098
motor_fault,A6_train_seed_0,50020,250,250,False,250,9,0,0.046210989337037135,2.8368403181209207,11.552747334259283,-2.842170943040401e-14,0.1,0.1,5.428640199070727,7.612232521963401,10.447390986559942,1.0447390986559943,3.974838010787964,3.9913904666900635
motor_fault,A6_train_seed_0,50021,250,250,False,250,9,0,0.0055984080579268404,0.2264179741499523,1.39960201448171,-2.842170943040401e-14,0.1,0.1,5.111825198358099,6.313263242134053,9.848987325779264,0.9848987325779266,3.9750017614364626,3.9914770126342773
motor_fault,A6_train_seed_0,50022,250,250,False,250,30,0,1.917840714813466,25.97982471976264,479.46017870336647,-2.1316282072803006e-14,0.1,0.1,4.585116251546111,9.383097669710795,9.864244249837542,0.9864244249837543,3.975458152770996,3.992672920227051
motor_fault,A6_train_seed_0,50023,250,250,False,250,31,0,0.7200446725631561,21.360575082184507,180.011168140789,-2.842170943040401e-14,0.10391497076089397,0.1,3.0091009094261563,8.981336316029894,9.646007938473227,0.994882777559175,3.9747186450958254,3.9924402236938477
motor_fault,A6_train_seed_0,50024,250,250,False,250,0,0,0.0,0.0,0.0,10.133913029046031,0.1,0.1,4.27678912747456,4.690511421331283,10.249075960729268,1.0249075960729268,3.974626329421997,3.991515874862671
motor_fault,A6_train_seed_0,50025,250,250,False,250,38,0,1.1172532351534243,18.912292850147587,279.3133087883561,-2.842170943040401e-14,0.10066128846922856,0.1,4.209508299759708,9.589300601919113,9.41495440741217,0.9464917295318023,3.97467244720459,3.992403984069824
motor_fault,A6_train_seed_0,50026,250,250,False,250,208,5,4.22428663302618,31.223688543062345,1056.071658256545,-4.263256414560601e-14,0.10050615321762503,0.1,4.907301566342109,10.909635014997095,8.332774140898351,0.8376354169741417,3.9532767896652223,3.9921913146972656
motor_fault,A6_train_seed_0,50027,250,250,False,250,20,0,0.1385109112597746,7.61467614894141,34.627727814943654,-2.1316282072803006e-14,0.1,0.1,4.950472348382483,7.298227956750807,10.732568064455732,1.0732568064455732,3.9747064962387086,3.992506504058838
motor_fault,A6_train_seed_0,50028,250,250,False,250,25,0,1.5696325068805215,25.966789315517637,392.4081267201304,-2.1316282072803006e-14,0.1,0.1,3.3904644566616406,8.915545553822133,8.906830304844178,0.8906830304844179,3.975307767868042,3.9928464889526367
motor_fault,A6_train_seed_0,50029,250,250,False,250,52,17,3.6968884048674346,25.183790018151306,924.2221012168586,-1.4210854715202004e-14,0.1,0.1,6.02480952417039,9.67422879717402,9.035170902819292,0.9035170902819292,3.9749270887374877,3.992626905441284
motor_fault,A6_train_seed_0,50030,250,250,False,250,27,0,0.7132042805667027,20.75360174015439,178.30107014167567,-1.4210854715202004e-14,0.10153624293494974,0.1,3.9421040136104772,9.709918355893299,8.527991114196263,0.8640292369853992,3.9745749387741087,3.9914402961730957
motor_fault,A6_train_seed_0,50031,250,250,False,250,28,0,0.9293662123938116,22.19970071642208,232.3415530984529,-2.842170943040401e-14,0.10238879928128887,0.1,2.766000763296414,10.145072872465862,7.987440188519594,0.8178489711468814,3.9746760606765745,3.992494583129883
motor_fault,A6_train_seed_0,50032,250,250,False,250,23,0,1.731879945513548,25.13237966817602,432.96998637838703,-2.1316282072803006e-14,0.1,0.1,4.515224327221329,8.776271720132359,9.787318393401291,0.978731839340129,3.975442488670349,3.992673397064209
motor_fault,A6_train_seed_0,50033,250,250,False,250,0,0,0.0,0.0,0.0,9.24769130612308,0.1,0.1,4.974720556329293,5.464326279578657,9.419281536230866,0.9419281536230865,3.9749382886886595,3.991384744644165
motor_fault,A6_train_seed_0,50034,250,250,False,250,222,0,7.900212056248482,29.762969817769108,1975.0530140621206,-2.842170943040401e-14,0.10000991038962244,0.1,5.814419319086408,10.520498448700973,8.760044913469342,0.8760904519776281,3.975350679397583,3.9924726486206055
motor_fault,A6_train_seed_0,50035,250,250,False,250,228,2,1.6400085351816502,19.146073752208032,410.00213379541253,-4.263256414560601e-14,0.10014588089322822,0.1,4.2225754622315765,9.441931149782297,8.460041451781287,0.847629018735633,3.9756316499710085,3.992164134979248
motor_fault,A6_train_seed_0,50036,250,250,False,250,196,0,7.019910060581958,30.38662647099842,1754.9775151454896,-2.842170943040401e-14,0.10322825703536194,0.1,4.915225957452252,10.350375073920592,9.248231987613734,0.9555173787852717,3.9751801557540896,3.9929139614105225
motor_fault,A6_train_seed_0,50037,250,250,False,250,250,0,4.927477621386223,21.353298972116114,1231.8694053465558,-2.842170943040401e-14,0.1,0.1,5.7394493495218395,10.43842400023632,8.61267109484982,0.8612671094849819,3.975409749031067,3.9922561645507812
motor_fault,A6_train_seed_0,50038,250,250,False,250,53,0,0.9131663382645132,21.12810213871323,228.2915845661283,-2.842170943040401e-14,0.10156458030576601,0.1,3.6177806308048885,9.260229551723905,9.96079864428861,1.011835282079522,3.9747683238983154,3.9924192428588867
motor_fault,A6_train_seed_0,50039,250,250,False,250,144,0,5.00768395308338,29.49432767273499,1251.920988270845,-2.842170943040401e-14,0.10001060160598405,0.1,5.0978344256181884,10.509096635203585,8.687776628495458,0.8688822895048217,3.9752853994369506,3.9928321838378906
motor_fault,A6_train_seed_0,50040,250,250,False,250,19,0,0.26224808300830543,17.996095639337177,65.56202075207636,-2.842170943040401e-14,0.10144626852928658,0.1,3.925400651602631,8.80500242116366,8.091188413073858,0.8209234228736694,3.97480495929718,3.9918124675750732
motor_fault,A6_train_seed_0,50041,250,250,False,250,17,0,1.0140510574784225,25.20618711853154,253.5127643696056,-1.4210854715202004e-14,0.10187655012247487,0.1,2.735534950105791,9.22021491511196,8.34102755992859,0.8495770292618318,3.97512025642395,3.9923994541168213
motor_fault,A6_train_seed_0,50042,250,250,False,250,14,0,0.07793636693739171,7.582851012870176,19.484091734347928,-3.552713678800501e-14,0.10017729344081544,0.1,4.760933798673932,5.825828036105928,7.785714283173029,0.7805434769908917,3.97530642414093,3.9924707412719727
motor_fault,A6_train_seed_0,50043,250,250,False,250,0,0,0.0,0.0,0.0,0.17956953049277047,0.1,0.1,5.133355619102253,6.17860811676329,10.136627062732074,1.0136627062732075,3.9749162740707398,3.9912703037261963
motor_fault,A6_train_seed_0,50044,250,250,False,250,27,0,1.244285081128167,16.169723562939616,311.0712702820417,-2.1316282072803006e-14,0.1,0.1,5.217637059127854,7.9566551271564405,8.650234241048514,0.8650234241048513,3.974882753372192,3.9922337532043457
motor_fault,A6_train_seed_0,50045,250,250,False,250,250,23,9.81407811236236,23.036629728991535,2453.51952809059,-2.1316282072803006e-14,0.1,0.1,5.57682079450623,8.779380074950003,10.340352404812373,1.0340352404812374,3.9731943521499633,3.9922986030578613
motor_fault,A6_train_seed_0,50046,250,250,False,250,18,0,1.3689612611181856,26.441963483576203,342.2403152795464,-1.4210854715202004e-14,0.1,0.1,4.79608615250483,9.876926051948006,8.771467912111397,0.8771467912111398,3.9753403396606446,3.992551565170288
motor_fault,A6_train_seed_0,50047,250,250,False,250,13,0,0.01714482329321413,0.7385331993383559,4.286205823303533,0.0,0.1,0.1,7.66712056461811,9.757893933864905,9.971493264100609,0.997149326410061,3.974901240348816,3.991415023803711
motor_fault,A6_train_seed_0,50048,250,250,False,250,23,0,0.31709067020993975,8.456726019983558,79.27266755248493,-4.263256414560601e-14,0.10018692776705342,0.1,4.32585829408416,7.0501457849818765,8.413310070765943,0.8427718997666696,3.974795229911804,3.9922263622283936
motor_fault,A6_train_seed_0,50049,250,250,False,250,26,0,1.9287566146738369,25.037834091109872,482.1891536684592,-2.1316282072803006e-14,0.1,0.1,4.941542712723785,11.506488778100326,9.753215769702384,0.9753215769702385,3.975156027793884,3.9924800395965576
motor_fault,A6_train_seed_0,50050,250,250,False,250,50,0,1.0675546704279555,20.717904714802327,266.88866760698886,-2.842170943040401e-14,0.10307104097208153,0.1,3.628402179101702,8.80707656402666,9.60297316842026,0.9869839330469069,3.9748264503479005,3.9923577308654785
motor_fault,A6_train_seed_0,50051,250,250,False,250,249,0,3.7764083473654044,20.972727820188037,944.1020868413511,-1.4210854715202004e-14,0.10403475167385855,0.1,2.704576700477921,8.633583644381812,9.989225817667426,1.0312856443336404,3.9748472900390626,3.9926133155822754
motor_fault,A6_train_seed_0,50052,250,250,False,250,249,143,6.770600901127852,26.06116369779639,1692.650225281963,-1.4210854715202004e-14,0.1040068140925562,0.1,3.3399111331484086,9.975901178819662,8.789306350138054,0.9108439772870247,3.9750526647567748,3.9921083450317383
motor_fault,A6_train_seed_0,50053,250,250,False,250,25,147,1.0080200824611492,16.687860802332068,252.00502061528726,-2.1316282072803006e-14,0.10120630684454471,0.1,4.140384031065205,8.449029178195406,10.201472653515117,1.0305487125800583,3.9753672676086427,3.9921984672546387
motor_fault,A6_train_seed_0,50054,250,250,False,250,41,0,0.8652612909850004,20.661287913990414,216.3153227462501,-2.842170943040401e-14,0.10178958186562155,0.1,3.4164251728482795,9.214919864391712,9.777994721496672,0.9904074914091782,3.9748233070373535,3.9921820163726807
motor_fault,A6_train_seed_0,50055,250,250,False,250,172,50,10.315109442461198,27.757739182704842,2578.7773606152996,-2.842170943040401e-14,0.10023289633851254,0.1,6.197234184916259,10.672437662750479,8.49592072376543,0.8511106173704486,3.975650953292847,3.9928698539733887
motor_fault,A6_train_seed_0,50056,250,250,False,250,0,0,0.0,0.0,0.0,8.291578322726977,0.10034329831359952,0.1,4.565756187392043,4.951889359043127,8.634978450494662,0.8650402971101773,3.9750532121658324,3.991529941558838
motor_fault,A6_train_seed_0,50057,250,250,False,250,25,0,0.49135522095578643,8.42461406972379,122.8388052389466,-2.1316282072803006e-14,0.1,0.1,6.1177525382620175,8.572827790113173,8.565464379085498,0.8565464379085497,3.974821343421936,3.9919896125793457
motor_fault,A6_train_seed_0,50058,250,250,False,250,32,32,2.5609038122679433,27.503572615988,640.2259530669858,-1.7763568394002505e-14,0.1,0.1,5.99617840797568,9.142062827443059,9.441973621339445,0.9441973621339445,3.9754650897979738,3.992685317993164
motor_fault,A6_train_seed_0,50059,250,250,False,250,247,0,1.1061036775441522,3.8995632645632665,276.525919386038,-4.263256414560601e-14,0.1002026986853865,0.1,3.982043757546548,6.548187564841361,9.120978960016805,0.9139444162326298,3.975926350593567,3.992250442504883
motor_fault,A6_train_seed_0,50060,250,250,False,250,34,0,2.2258179047414077,25.0196887998489,556.454476185352,-2.1316282072803006e-14,0.1,0.1,5.8105455958141015,11.645239434983363,8.29200535626306,0.8292005356263059,3.9741979694366454,3.992384910583496
motor_fault,A6_train_seed_0,50061,250,250,False,250,0,0,0.0,0.0,0.0,2.7760269143804805,0.10032026521789095,0.1,5.023083333108867,6.74423798127569,10.455850615035699,1.0482136706827367,3.974513786315918,3.9913978576660156
motor_fault,A6_train_seed_0,50062,250,250,False,250,45,0,0.9527683720680816,21.994616550209933,238.1920930170204,-1.4210854715202004e-14,0.10093452428287147,0.1,3.9619222391256534,9.58713995747556,9.330078074697905,0.9425202135228644,3.974850483894348,3.9926259517669678
motor_fault,A6_train_seed_0,50063,250,250,False,250,0,0,0.0,0.0,0.0,5.346026667220542,0.1,0.1,5.986649414321912,7.738993440476699,10.550981453274366,1.0550981453274364,3.9748336610794066,3.9911088943481445
motor_fault,A6_train_seed_0,50064,250,250,False,250,12,0,0.20049906254828903,6.551567950895913,50.12476563707226,-2.1316282072803006e-14,0.10003992100660446,0.1,3.1993587273649866,6.9182697922703165,8.353811337189404,0.8354375341074136,3.9752342205047606,3.992157459259033
motor_fault,A6_train_seed_0,50065,250,250,False,250,163,0,0.10896856304398585,0.6243203285199499,27.242140760996463,-4.263256414560601e-14,0.1,0.1,5.038661969967359,5.896492921109683,8.07762175369531,0.807762175369531,3.975224636077881,3.991849422454834
motor_fault,A6_train_seed_0,50066,250,250,False,250,250,129,11.469453693311088,26.602969274913935,2867.363423327772,-2.842170943040401e-14,0.1,0.1,5.531918792190484,11.413180151164141,10.238383537008742,1.0238383537008742,3.9702221727371216,3.9925122261047363
motor_fault,A6_train_seed_0,50067,250,250,False,250,180,0,1.1262589627387942,2.385621311930682,281.56474068469856,-4.263256414560601e-14,0.10017206091035144,0.1,5.081397827625291,6.701583621135804,7.933488438959414,0.7952210429618419,3.975482904434204,3.9920907020568848
motor_fault,A6_train_seed_0,50068,250,250,False,250,8,0,0.013398351449596292,0.9528000627383141,3.349587862399073,-3.552713678800501e-15,0.1,0.1,3.75687899086785,4.39389866196787,9.30976912297663,0.9309769122976631,3.9749320993423463,3.992147445678711
motor_fault,A6_train_seed_0,50069,250,250,False,250,21,0,1.243576238264618,25.309822507674195,310.8940595661545,-2.1316282072803006e-14,0.10158629181881032,0.1,2.780659832103126,9.135989790664011,8.242715912526814,0.837178431262732,3.9749463024139406,3.9925968647003174
motor_fault,A6_train_seed_0,50070,250,250,False,250,0,0,0.0,0.0,0.0,2.344324742229219,0.10040858613316016,0.1,4.5869072866092315,6.44501403469946,9.942965946762222,0.9986767904072515,3.9747798109054564,3.991213321685791
motor_fault,A6_train_seed_0,50071,250,250,False,250,8,0,0.18726845509174744,10.33726361900904,46.817113772936864,-3.197442310920451e-14,0.13676184323916188,0.1,1.927267742738059,7.264192772640675,8.338810791301226,1.14021759623438,3.9749759531021116,3.991931438446045
motor_fault,A6_train_seed_0,50072,250,250,False,250,242,0,3.434688071970552,21.475252721125475,858.6720179926381,-1.4210854715202004e-14,0.10566520556839898,0.1,3.288151375454208,8.842179903404997,9.190105700840467,0.9551425309901553,3.9748409538269045,3.99259352684021
motor_fault,A6_train_seed_0,50073,250,250,False,250,46,0,1.1426174969048688,21.01391062129835,285.6543742262172,-2.842170943040401e-14,0.10254417311771162,0.1,3.4594108276793714,8.720498173677115,9.716240314414062,0.986646655915687,3.9747971096038817,3.99228835105896
motor_fault,A6_train_seed_0,50074,250,250,False,250,218,0,0.8509543814041473,1.9975230596150582,212.73859535103682,-2.842170943040401e-14,0.10007556359080379,0.1,3.601210305473015,5.8637646955468385,7.745708098008763,0.7750921048520941,3.9757077417373656,3.99206805229187
motor_fault,A6_train_seed_0,50075,250,250,False,250,191,4,0.46463418497863834,2.750026115991673,116.15854624465959,-4.263256414560601e-14,0.10030342675275483,0.1,4.902212095616,10.404902464058416,7.022930885855578,0.7056357813999411,3.9753694372177124,3.9918246269226074
motor_fault,A6_train_seed_0,50076,39,40,True,39,37,4,13.82638865846856,37.106095905417114,553.0555463387424,-167.5959857855633,0.1,0.1,6.006378579933207,8.725267724475703,8.770447359306441,0.8770447359306441,3.891942971944809,3.9921224117279053
motor_fault,A6_train_seed_0,50077,250,250,False,250,14,2,0.1046106454903051,4.755219195410882,26.152661372576276,-1.4210854715202004e-14,0.10019096424812172,0.1,4.567494014143336,7.96005722380994,10.684877788672535,1.0699419339692675,3.9746612939834596,3.992577314376831
motor_fault,A6_train_seed_0,50078,250,250,False,250,149,0,5.401970984270039,29.86642505419657,1350.4927460675099,-3.552713678800501e-14,0.10022936117679038,0.1,5.581145172860258,10.098564440392881,8.936742885969634,0.8960495883809699,3.97532919216156,3.9929850101470947
motor_fault,A6_train_seed_0,50079,250,250,False,250,250,164,13.924929955091313,24.40347106866616,3481.232488772828,-1.509903313490213e-14,0.1,0.1,5.784915671965191,9.529748865837474,9.926727749360397,0.9926727749360398,2.74249964928627,3.9924371242523193
motor_fault,A6_train_seed_0,50080,250,250,False,250,41,0,1.205933598340662,21.63836996245517,301.4833995851655,-2.842170943040401e-14,0.1043269262446275,0.1,3.028293497384506,9.51495887464761,9.858925430349053,1.0181259555696005,3.9748015012741087,3.9926719665527344
motor_fault,A6_train_seed_0,50081,250,250,False,250,12,0,0.21962358297555576,16.6711836017293,54.90589574388894,-1.4210854715202004e-14,0.10007217126332037,0.1,4.320615175360792,7.772651261663794,8.842014010255054,0.8847612052092768,3.9750010461807253,3.992082357406616
motor_fault,A6_train_seed_0,50082,250,250,False,250,10,0,0.14558630837501133,8.266456203777379,36.39657709375283,-2.842170943040401e-14,0.10065707665260273,0.1,3.5467084505430306,6.418875467771747,9.4229844327841,0.9470342955082417,3.974969229698181,3.9924123287200928
motor_fault,A6_train_seed_0,50083,95,95,False,95,44,7,3.748294380178306,21.381196965297473,356.08796611693907,-1.4210854715202004e-14,0.10308902953623672,0.1,4.000525432337639,8.49888013186599,7.576173830158613,0.7782824823165722,3.9491484315771808,3.9926209449768066
motor_fault,A6_train_seed_0,50084,250,250,False,250,10,0,0.2895310661579916,14.176003363827602,72.38276653949791,-2.1316282072803006e-14,0.1294702347093501,0.1,2.0907648911989165,8.290209702061448,8.562996441184866,1.111795366586339,3.974900686264038,3.9918389320373535
motor_fault,A6_train_seed_0,50085,250,250,False,250,199,0,1.3680966245224822,21.27057799833032,342.02415613062055,-1.4210854715202004e-14,0.10494498686647737,0.1,3.0999367271612437,8.45961951817781,8.921759945401407,0.9309701477532271,3.9747571535110473,3.9924497604370117
motor_fault,A6_train_seed_0,50086,60,60,False,60,16,0,6.207212378572745,30.30096790058929,372.4327427143647,-1.4210854715202004e-14,0.09999999999999996,0.1,7.962140141285117,9.708295396168163,8.08257948104618,0.808257948104618,3.9238672176996867,3.9923617839813232
motor_fault,A6_train_seed_0,50087,250,250,False,250,175,0,0.4357594737932721,1.1813777774833947,108.93986844831804,-2.842170943040401e-14,0.1,0.1,5.246000394749355,7.04645312674535,8.367993164956227,0.8367993164956227,3.975333758354187,3.9920103549957275
motor_fault,A6_train_seed_0,50088,250,250,False,250,249,0,8.552391838928546,22.924016373114842,2138.0979597321366,-1.4210854715202004e-14,0.10146720717726729,0.1,4.008817365924201,9.501533186696868,8.202965681451275,0.8341891195724986,3.9745819873809816,3.992847442626953
motor_fault,A6_train_seed_0,50089,250,250,False,250,21,0,0.2484666838354295,16.30142606850902,62.11667095885738,-1.4210854715202004e-14,0.10227748460501433,0.1,4.252018166494672,7.580469051956628,9.543992465819374,0.9754741634071109,3.9749013633728025,3.992003917694092
motor_fault,A6_train_seed_0,50090,250,250,False,250,40,187,2.661245224179821,28.663287893591942,665.3113060449552,-2.1316282072803006e-14,0.1,0.1,5.9064497523287365,9.084310453677762,9.84364177498599,0.9843641774985991,3.975685640335083,3.9924588203430176
motor_fault,A6_train_seed_0,50091,250,250,False,250,249,25,6.638069022250566,21.357411870532847,1659.5172555626414,-1.4210854715202004e-14,0.10170631662843813,0.1,3.6861663545294023,9.450983607713773,9.548754941662919,0.9676823305416371,3.9745545415878296,3.9926137924194336
motor_fault,A6_train_seed_0,50092,250,250,False,250,42,6,0.21453737603431403,3.0159193493762744,53.63434400857851,-5.684341886080802e-14,0.10050286561996237,0.1,4.723678069888266,10.589879778752934,9.148746027075092,0.9202003539465836,3.9747022171020507,3.9914331436157227
motor_fault,A6_train_seed_0,50093,250,250,False,250,250,6,9.834725497547748,62.06909722478722,2458.681374386937,-1.4210854715202004e-14,0.10003650892868333,0.1,4.8850915714844865,9.324380670009788,9.630484162206228,0.9634239487484074,3.9745451831817626,3.9920973777770996
motor_fault,A6_train_seed_0,50094,250,250,False,250,0,0,0.0,0.0,0.0,0.21858873000886803,0.1,0.1,5.492274782347709,6.519995181856677,10.03626178646077,1.0036261786460767,3.9749435930252077,3.9913368225097656
motor_fault,A6_train_seed_0,50095,250,250,False,250,19,187,0.08609280327075948,1.8181341750750453,21.52320081768987,-3.552713678800501e-14,0.10281360593362293,0.1,3.6272841763472945,5.758414842534944,8.647497417926099,0.8898131325015975,3.975227250099182,3.992164373397827
motor_fault,A6_train_seed_0,50096,250,250,False,250,41,0,2.180059282029008,25.593817930662432,545.014820507252,-1.4210854715202004e-14,0.1,0.1,4.785660320553214,9.699935578553672,9.176067785594721,0.9176067785594723,3.974976481437683,3.992576837539673
motor_fault,A6_train_seed_0,50097,250,250,False,250,170,5,1.3358230122715633,18.199643986636726,333.95575306789084,-2.842170943040401e-14,0.1003749224400149,0.1,4.5343315768026535,7.577153835749308,7.789438561246443,0.7824121895466671,3.9748915014266966,3.991849184036255
motor_fault,A6_train_seed_0,50098,68,68,False,68,24,0,7.7864600395393095,29.443291673150156,529.479282688673,-2.1316282072803006e-14,0.09999999999999998,0.1,8.63652404183444,11.409998237374843,8.627246112237822,0.8627246112237825,3.7487748230204865,3.991973876953125
motor_fault,A6_train_seed_0,50099,44,45,True,44,40,7,7.395201139080454,46.87910824080614,332.7840512586204,-632.3015936586975,0.09999999999999996,0.1,6.065193237825001,9.369516637030944,8.404302079817928,0.8404302079817927,3.902375062306722,3.991905689239502
id_reference,A5_train_seed_1,50000,250,250,False,250,21,0,0.29663300991570013,7.006494435992909,74.15825247892504,-1.7763568394002505e-14,1.0,1.0,0.0,0.0,9.216428027485629,9.216428027485629,0.0,0.0
id_reference,A5_train_seed_1,50001,110,110,False,110,61,0,5.54996141829898,28.40466962194641,610.4957560128878,-4.263256414560601e-14,1.0,1.0,0.0,0.0,6.626876698654865,6.626876698654865,0.0,0.0
id_reference,A5_train_seed_1,50002,61,61,False,61,48,0,4.091577663236036,7.898110684781043,249.58623745739817,-3.552713678800501e-14,1.0,1.0,0.0,0.0,7.533623944353345,7.533623944353345,0.0,0.0
id_reference,A5_train_seed_1,50003,250,250,False,250,200,114,13.243735290130738,34.13706016463321,3310.9338225326846,-2.1316282072803006e-14,1.0,1.0,0.0,0.0,8.794055183330954,8.794055183330954,0.0,0.0
id_reference,A5_train_seed_1,50004,69,69,False,69,34,0,3.9211829048275053,18.509677970844923,270.56162043309786,-3.552713678800501e-14,1.0,1.0,0.0,0.0,5.2364373146511065,5.2364373146511065,0.0,0.0
id_reference,A5_train_seed_1,50005,250,250,False,250,53,0,1.8752595045398393,28.557044338206797,468.81487613495983,-2.842170943040401e-14,1.0,1.0,0.0,0.0,5.64829136776077,5.64829136776077,0.0,0.0
id_reference,A5_train_seed_1,50006,75,75,False,75,29,0,2.8763150189287816,10.392961690219838,215.72362641965861,-2.1316282072803006e-14,1.0,1.0,0.0,0.0,7.357303867301509,7.357303867301509,0.0,0.0
id_reference,A5_train_seed_1,50007,250,250,False,250,22,0,1.9009841717275826,32.01245451417041,475.24604293189566,-1.4210854715202004e-14,1.0,1.0,0.0,0.0,6.6450500715618706,6.6450500715618706,0.0,0.0
id_reference,A5_train_seed_1,50008,111,111,False,111,108,0,5.808978616246799,29.188382336012694,644.7966264033947,-2.842170943040401e-14,1.0,1.0,0.0,0.0,8.833942034873465,8.833942034873465,0.0,0.0
id_reference,A5_train_seed_1,50009,99,99,False,99,50,0,8.819513488816842,30.199483473425293,873.1318353928673,-1.4210854715202004e-14,1.0,1.0,0.0,0.0,6.989561495556679,6.989561495556679,0.0,0.0
id_reference,A5_train_seed_1,50010,250,250,False,250,19,0,1.3092164010751732,24.652644140604522,327.3041002687933,-7.105427357601002e-15,1.0,1.0,0.0,0.0,5.32516919274971,5.32516919274971,0.0,0.0
id_reference,A5_train_seed_1,50011,250,250,False,250,3,0,0.020187329805413552,2.3967683640453243,5.046832451353388,-7.105427357601002e-15,1.0,1.0,0.0,0.0,6.241387355010805,6.241387355010805,0.0,0.0
id_reference,A5_train_seed_1,50012,250,250,False,250,26,0,1.0997787714337754,20.715124603148315,274.9446928584439,-2.1316282072803006e-14,1.0,1.0,0.0,0.0,4.60927998577253,4.60927998577253,0.0,0.0
id_reference,A5_train_seed_1,50013,118,118,False,118,50,0,6.772616354411128,27.772605245856496,799.1687298205131,-4.263256414560601e-14,1.0,1.0,0.0,0.0,8.138643593214494,8.138643593214494,0.0,0.0
id_reference,A5_train_seed_1,50014,250,250,False,250,249,0,3.988759973688887,13.989392139689855,997.1899934222217,-4.263256414560601e-14,1.0,1.0,0.0,0.0,8.635081199302672,8.635081199302672,0.0,0.0
id_reference,A5_train_seed_1,50015,250,250,False,250,39,0,2.243579878601805,24.18171707941834,560.8949696504512,-2.1316282072803006e-14,1.0,1.0,0.0,0.0,4.774528814898948,4.774528814898948,0.0,0.0
id_reference,A5_train_seed_1,50016,250,250,False,250,43,0,2.495241567189291,19.9491498188656,623.8103917973228,-1.4210854715202004e-14,1.0,1.0,0.0,0.0,5.11520430485393,5.11520430485393,0.0,0.0
id_reference,A5_train_seed_1,50017,250,250,False,250,67,0,1.5262745965622608,28.13891031209488,381.5686491405652,-4.263256414560601e-14,1.0,1.0,0.0,0.0,6.977605611618977,6.977605611618977,0.0,0.0
id_reference,A5_train_seed_1,50018,49,50,True,49,49,0,15.290643899447456,20.798296117901792,764.5321949723728,-5.578511410182998,1.0,1.0,0.0,0.0,10.490458423904101,10.490458423904101,0.0,0.0
id_reference,A5_train_seed_1,50019,250,250,False,250,65,0,5.4990644495511045,30.70102016777403,1374.766112387776,-1.4210854715202004e-14,1.0,1.0,0.0,0.0,7.7839952320472285,7.7839952320472285,0.0,0.0
id_reference,A5_train_seed_1,50020,61,61,False,61,41,0,3.4997479552602995,11.148889354226691,213.48462527087827,-2.842170943040401e-14,1.0,1.0,0.0,0.0,6.79796217283875,6.79796217283875,0.0,0.0
id_reference,A5_train_seed_1,50021,43,43,False,43,27,0,2.739635597110304,5.6462188941768625,117.80433067574307,-2.1316282072803006e-14,1.0,1.0,0.0,0.0,8.22933174178141,8.22933174178141,0.0,0.0
id_reference,A5_train_seed_1,50022,79,79,False,79,28,0,4.771578000060077,20.433016904685893,376.95466200474607,-2.1316282072803006e-14,1.0,1.0,0.0,0.0,4.8546705087841335,4.8546705087841335,0.0,0.0
id_reference,A5_train_seed_1,50023,75,75,False,75,45,0,5.187985363648827,28.500852686133967,389.098902273662,-2.842170943040401e-14,1.0,1.0,0.0,0.0,6.725006097926827,6.725006097926827,0.0,0.0
id_reference,A5_train_seed_1,50024,250,250,False,250,5,0,0.036200362276036485,2.558075954024313,9.050090569009122,-7.105427357601002e-15,1.0,1.0,0.0,0.0,4.386881159151749,4.386881159151749,0.0,0.0
id_reference,A5_train_seed_1,50025,99,99,False,99,44,0,4.909162083644114,26.70903287919605,486.0070462807673,-2.842170943040401e-14,1.0,1.0,0.0,0.0,8.067418548337013,8.067418548337013,0.0,0.0
id_reference,A5_train_seed_1,50026,250,250,False,250,246,0,6.678115185252836,10.278997120874108,1669.528796313209,-2.842170943040401e-14,1.0,1.0,0.0,0.0,8.840144328538038,8.840144328538038,0.0,0.0
id_reference,A5_train_seed_1,50027,250,250,False,250,22,0,0.2932926420875214,5.665202099974105,73.32316052188035,-2.842170943040401e-14,1.0,1.0,0.0,0.0,3.6660100918949894,3.6660100918949894,0.0,0.0
id_reference,A5_train_seed_1,50028,73,73,False,73,25,0,5.042857497187007,23.419907462324847,368.1285972946515,-2.1316282072803006e-14,1.0,1.0,0.0,0.0,3.678247988660859,3.678247988660859,0.0,0.0
id_reference,A5_train_seed_1,50029,85,85,False,85,39,0,8.876488533811141,30.578880136392165,754.501525373947,-1.4210854715202004e-14,1.0,1.0,0.0,0.0,5.525972761213469,5.525972761213469,0.0,0.0
id_reference,A5_train_seed_1,50030,80,80,False,80,52,0,6.186880889303885,28.82804695581025,494.9504711443108,-4.263256414560601e-14,1.0,1.0,0.0,0.0,8.236960532728437,8.236960532728437,0.0,0.0
id_reference,A5_train_seed_1,50031,61,61,False,61,36,0,5.673647165841028,28.382724970970003,346.0924771163027,-2.842170943040401e-14,1.0,1.0,0.0,0.0,5.825774990073005,5.825774990073005,0.0,0.0
id_reference,A5_train_seed_1,50032,69,69,False,69,25,0,5.338414909904332,21.187129680619925,368.35062878339886,-2.1316282072803006e-14,1.0,1.0,0.0,0.0,4.378892850872097,4.378892850872097,0.0,0.0
id_reference,A5_train_seed_1,50033,28,28,False,28,12,0,1.8896201318615693,5.774092117561121,52.90936369212394,-1.4210854715202004e-14,1.0,1.0,0.0,0.0,7.038220430071478,7.038220430071478,0.0,0.0
id_reference,A5_train_seed_1,50034,55,55,False,55,41,0,4.016305694875294,8.521784792784167,220.89681321814118,-2.1316282072803006e-14,1.0,1.0,0.0,0.0,8.01441945600752,8.01441945600752,0.0,0.0
id_reference,A5_train_seed_1,50035,250,250,False,250,79,0,1.270044018363938,8.197571546940953,317.5110045909845,-1.4210854715202004e-14,1.0,1.0,0.0,0.0,8.201319753795604,8.201319753795604,0.0,0.0
id_reference,A5_train_seed_1,50036,250,250,False,250,44,0,0.5024172277481503,6.006337444285631,125.60430693703759,-3.552713678800501e-14,1.0,1.0,0.0,0.0,3.548031126179852,3.548031126179852,0.0,0.0
id_reference,A5_train_seed_1,50037,250,250,False,250,35,0,1.7069973427826035,21.12047356207205,426.74933569565087,-2.842170943040401e-14,1.0,1.0,0.0,0.0,5.6948856011526985,5.6948856011526985,0.0,0.0
id_reference,A5_train_seed_1,50038,93,93,False,93,78,0,6.096573537849514,12.786993987303052,566.9813390200047,-2.842170943040401e-14,1.0,1.0,0.0,0.0,8.893793755528659,8.893793755528659,0.0,0.0
id_reference,A5_train_seed_1,50039,65,65,False,65,46,0,2.8378531247901106,6.425280690764691,184.4604531113572,-2.1316282072803006e-14,1.0,1.0,0.0,0.0,6.777435101949671,6.777435101949671,0.0,0.0
id_reference,A5_train_seed_1,50040,250,250,False,250,21,0,0.500378454618515,26.299196885290243,125.09461365462876,-4.263256414560601e-14,1.0,1.0,0.0,0.0,5.144179111978097,5.144179111978097,0.0,0.0
id_reference,A5_train_seed_1,50041,60,60,False,60,16,0,4.120168555566865,21.906488535680733,247.21011333401188,-1.4210854715202004e-14,1.0,1.0,0.0,0.0,3.8694956857062364,3.8694956857062364,0.0,0.0
id_reference,A5_train_seed_1,50042,250,250,False,250,29,0,0.4683980252761804,5.950076771004255,117.0995063190451,-2.1316282072803006e-14,1.0,1.0,0.0,0.0,4.763573222627264,4.763573222627264,0.0,0.0
id_reference,A5_train_seed_1,50043,36,36,False,36,19,0,2.0575791031260318,8.090686575534805,74.07284771253714,-2.1316282072803006e-14,1.0,1.0,0.0,0.0,7.071076131972966,7.071076131972966,0.0,0.0
id_reference,A5_train_seed_1,50044,250,250,False,250,35,0,1.985455386658321,22.684205552805455,496.36384666458025,-2.1316282072803006e-14,1.0,1.0,0.0,0.0,5.267504618086601,5.267504618086601,0.0,0.0
id_reference,A5_train_seed_1,50045,147,147,False,147,52,0,7.5746634007324865,31.235994904907553,1113.4755199076756,-2.1316282072803006e-14,1.0,1.0,0.0,0.0,7.568918975626715,7.568918975626715,0.0,0.0
id_reference,A5_train_seed_1,50046,250,250,False,250,16,0,1.057116136723918,20.42241450144643,264.27903418097947,-1.4210854715202004e-14,1.0,1.0,0.0,0.0,4.12425347142012,4.12425347142012,0.0,0.0
id_reference,A5_train_seed_1,50047,250,250,False,250,12,0,0.21291493596473954,6.943099255472923,53.22873399118488,-4.973799150320701e-14,1.0,1.0,0.0,0.0,4.427912460196241,4.427912460196241,0.0,0.0
id_reference,A5_train_seed_1,50048,250,250,False,250,30,0,0.9219485258900929,17.987275483536095,230.48713147252323,-2.842170943040401e-14,1.0,1.0,0.0,0.0,7.78454116252712,7.78454116252712,0.0,0.0
id_reference,A5_train_seed_1,50049,63,63,False,63,24,0,6.481208137481945,23.7380118279209,408.3161126613625,-2.1316282072803006e-14,1.0,1.0,0.0,0.0,4.76295905418938,4.76295905418938,0.0,0.0
id_reference,A5_train_seed_1,50050,89,89,False,89,72,0,6.5331986143237115,19.062887121572842,581.4546766748103,-2.842170943040401e-14,1.0,1.0,0.0,0.0,8.969582274006449,8.969582274006449,0.0,0.0
id_reference,A5_train_seed_1,50051,250,250,False,250,249,0,10.24579771947438,21.0944912324796,2561.449429868595,-1.7763568394002505e-14,1.0,1.0,0.0,0.0,8.598803327245522,8.598803327245522,0.0,0.0
id_reference,A5_train_seed_1,50052,250,250,False,250,248,0,7.089344022360824,21.483256610911734,1772.336005590206,-6.039613253960852e-14,1.0,1.0,0.0,0.0,6.8195021767393404,6.8195021767393404,0.0,0.0
id_reference,A5_train_seed_1,50053,250,250,False,250,26,0,1.4955343905561065,20.732247894617373,373.8835976390266,-2.1316282072803006e-14,1.0,1.0,0.0,0.0,5.029986298251673,5.029986298251673,0.0,0.0
id_reference,A5_train_seed_1,50054,90,90,False,90,68,0,5.805433569829724,21.81520327306884,522.4890212846751,-1.7763568394002505e-14,1.0,1.0,0.0,0.0,8.831646196897527,8.831646196897527,0.0,0.0
id_reference,A5_train_seed_1,50055,250,250,False,250,37,0,2.32009480834119,23.11300795446464,580.0237020852975,-2.1316282072803006e-14,1.0,1.0,0.0,0.0,4.784551335027069,4.784551335027069,0.0,0.0
id_reference,A5_train_seed_1,50056,35,35,False,35,9,0,1.122478009363385,5.15539230131064,39.28673032771847,-7.105427357601002e-15,1.0,1.0,0.0,0.0,3.6386032130214265,3.6386032130214265,0.0,0.0
id_reference,A5_train_seed_1,50057,250,250,False,250,26,0,1.0305635509503708,16.84171796002742,257.6408877375927,-2.1316282072803006e-14,1.0,1.0,0.0,0.0,4.113777328239399,4.113777328239399,0.0,0.0
id_reference,A5_train_seed_1,50058,72,72,False,72,39,0,6.889877241982294,21.39398010322459,496.07116142272514,-1.7763568394002505e-14,1.0,1.0,0.0,0.0,6.391886692761814,6.391886692761814,0.0,0.0
id_reference,A5_train_seed_1,50059,82,82,False,82,82,0,4.456339977511003,9.365806402705529,365.4198781559022,-2.842170943040401e-14,1.0,1.0,0.0,0.0,8.483747501860119,8.483747501860119,0.0,0.0
id_reference,A5_train_seed_1,50060,84,84,False,84,26,0,7.1387247249949874,29.450558361947227,599.6528768995789,-2.1316282072803006e-14,1.0,1.0,0.0,0.0,4.51258109552006,4.51258109552006,0.0,0.0
id_reference,A5_train_seed_1,50061,250,250,False,250,5,0,0.040382244353942665,2.5266377097080244,10.095561088485667,-7.105427357601002e-15,1.0,1.0,0.0,0.0,5.451080920754652,5.451080920754652,0.0,0.0
id_reference,A5_train_seed_1,50062,75,75,False,75,54,0,6.050441552819866,16.32837728684549,453.78311646148995,-3.552713678800501e-14,1.0,1.0,0.0,0.0,7.841162106329427,7.841162106329427,0.0,0.0
id_reference,A5_train_seed_1,50063,250,250,False,250,21,0,0.23222257014314682,3.539808188039636,58.0556425357867,-2.842170943040401e-14,1.0,1.0,0.0,0.0,7.595175264705947,7.595175264705947,0.0,0.0
id_reference,A5_train_seed_1,50064,36,36,False,36,15,0,3.1338329517454437,10.855091333445214,112.81798626283597,-2.842170943040401e-14,1.0,1.0,0.0,0.0,5.223652561232736,5.223652561232736,0.0,0.0
id_reference,A5_train_seed_1,50065,60,60,False,60,27,0,2.1594474653651656,6.318647993476035,129.56684792190993,-2.4868995751603507e-14,1.0,1.0,0.0,0.0,8.1359752988261,8.1359752988261,0.0,0.0
id_reference,A5_train_seed_1,50066,250,250,False,250,50,0,3.678001086507289,28.42429774623443,919.5002716268223,-2.842170943040401e-14,1.0,1.0,0.0,0.0,5.746289731004398,5.746289731004398,0.0,0.0
id_reference,A5_train_seed_1,50067,47,47,False,47,33,0,2.852040876741322,7.047506905067895,134.04592120684214,-3.552713678800501e-14,1.0,1.0,0.0,0.0,6.8569622801781485,6.8569622801781485,0.0,0.0
id_reference,A5_train_seed_1,50068,38,38,False,38,19,0,3.3545069192677768,8.283775130863214,127.47126293217552,-3.552713678800501e-14,1.0,1.0,0.0,0.0,5.734623461211971,5.734623461211971,0.0,0.0
id_reference,A5_train_seed_1,50069,66,66,False,66,21,0,5.390703904908486,28.29082878873237,355.7864577239601,-2.1316282072803006e-14,1.0,1.0,0.0,0.0,3.68861117077486,3.68861117077486,0.0,0.0
id_reference,A5_train_seed_1,50070,250,250,False,250,18,0,0.23388464617478014,5.415075106462717,58.47116154369503,-2.1316282072803006e-14,1.0,1.0,0.0,0.0,9.265460098860187,9.265460098860187,0.0,0.0
id_reference,A5_train_seed_1,50071,250,250,False,250,14,0,0.5034954669403122,16.716937414739185,125.87386673507805,-2.842170943040401e-14,1.0,1.0,0.0,0.0,4.165055271121611,4.165055271121611,0.0,0.0
id_reference,A5_train_seed_1,50072,250,250,False,250,242,0,9.31392701985154,26.050876375056948,2328.481754962885,-2.842170943040401e-14,1.0,1.0,0.0,0.0,7.653402463668937,7.653402463668937,0.0,0.0
id_reference,A5_train_seed_1,50073,250,250,False,250,86,0,2.4850390697220806,14.305916349835085,621.2597674305201,-7.105427357601002e-14,1.0,1.0,0.0,0.0,7.391768345018965,7.391768345018965,0.0,0.0
id_reference,A5_train_seed_1,50074,61,61,False,61,41,0,3.60852802246453,7.726952231536995,220.12020937033634,-2.4868995751603507e-14,1.0,1.0,0.0,0.0,8.335741611617056,8.335741611617056,0.0,0.0
id_reference,A5_train_seed_1,50075,250,250,False,250,81,0,1.4613287327594275,9.701659683147101,365.3321831898569,-3.552713678800501e-14,1.0,1.0,0.0,0.0,9.025812022101077,9.025812022101077,0.0,0.0
id_reference,A5_train_seed_1,50076,250,250,False,250,214,4,6.733371920786338,28.170007006523544,1683.3429801965844,-4.263256414560601e-14,1.0,1.0,0.0,0.0,7.932942473186979,7.932942473186979,0.0,0.0
id_reference,A5_train_seed_1,50077,250,250,False,250,19,3,0.2898047837947557,6.407331393555416,72.45119594868893,-3.552713678800501e-14,1.0,1.0,0.0,0.0,7.8001997918876,7.8001997918876,0.0,0.0
id_reference,A5_train_seed_1,50078,250,250,False,250,32,0,0.5167760595603086,6.6766074955571595,129.19401489007714,-2.842170943040401e-14,1.0,1.0,0.0,0.0,4.136537723705795,4.136537723705795,0.0,0.0
id_reference,A5_train_seed_1,50079,75,76,True,75,62,0,10.714844757126246,20.162585152877085,814.3282015415947,-6.026402050589134,1.0,1.0,0.0,0.0,10.300990243012768,10.300990243012768,0.0,0.0
id_reference,A5_train_seed_1,50080,250,250,False,250,70,0,2.352724172826699,14.335753392756507,588.1810432066748,-1.4210854715202004e-14,1.0,1.0,0.0,0.0,5.218155585125242,5.218155585125242,0.0,0.0
id_reference,A5_train_seed_1,50081,250,250,False,250,21,0,0.50819449570609,25.320277394730958,127.04862392652251,-8.526512829121202e-14,1.0,1.0,0.0,0.0,5.433583430470951,5.433583430470951,0.0,0.0
id_reference,A5_train_seed_1,50082,54,54,False,54,14,0,1.6290434318706528,11.105387577128043,87.96834532101525,-3.730349362740526e-14,1.0,1.0,0.0,0.0,4.231746293036237,4.231746293036237,0.0,0.0
id_reference,A5_train_seed_1,50083,85,85,False,85,60,0,5.9384378505259585,24.098972300229125,504.7672172947065,-1.5987211554602254e-14,1.0,1.0,0.0,0.0,5.087233273979868,5.087233273979868,0.0,0.0
id_reference,A5_train_seed_1,50084,250,250,False,250,17,0,0.650605600384929,20.66805420348867,162.65140009623224,-2.1316282072803006e-14,1.0,1.0,0.0,0.0,4.255244300902261,4.255244300902261,0.0,0.0
id_reference,A5_train_seed_1,50085,250,250,False,250,244,0,7.073632088263648,15.167201288168656,1768.408022065912,-1.4210854715202004e-14,1.0,1.0,0.0,0.0,8.211285384865963,8.211285384865963,0.0,0.0
id_reference,A5_train_seed_1,50086,250,250,False,250,30,0,1.3015813162306982,25.45928194070522,325.39532905767453,-8.526512829121202e-14,1.0,1.0,0.0,0.0,5.533846703721665,5.533846703721665,0.0,0.0
id_reference,A5_train_seed_1,50087,46,46,False,46,31,0,3.077617504438873,6.376099466018601,141.57040520418815,-4.263256414560601e-14,1.0,1.0,0.0,0.0,7.296544671047096,7.296544671047096,0.0,0.0
id_reference,A5_train_seed_1,50088,250,250,False,250,250,0,11.429191782726324,28.259669515813847,2857.297945681581,-4.263256414560601e-14,1.0,1.0,0.0,0.0,5.422347854600101,5.422347854600101,0.0,0.0
id_reference,A5_train_seed_1,50089,250,250,False,250,46,0,0.9816222649372187,21.193918351453885,245.40556623430467,-7.105427357601002e-14,1.0,1.0,0.0,0.0,6.657903191632446,6.657903191632446,0.0,0.0
id_reference,A5_train_seed_1,50090,99,99,False,99,41,0,5.729854155256559,30.938459585038757,567.2555613703994,-2.1316282072803006e-14,1.0,1.0,0.0,0.0,7.044851986275949,7.044851986275949,0.0,0.0
id_reference,A5_train_seed_1,50091,250,250,False,250,246,0,10.401985406568867,28.878401903278956,2600.4963516422167,-1.554312234475219e-14,1.0,1.0,0.0,0.0,7.535384224750115,7.535384224750115,0.0,0.0
id_reference,A5_train_seed_1,50092,250,250,False,250,68,0,1.3490569942493684,8.64591638879668,337.2642485623421,-2.842170943040401e-14,1.0,1.0,0.0,0.0,8.819684922634858,8.819684922634858,0.0,0.0
id_reference,A5_train_seed_1,50093,250,250,False,250,246,0,9.263367148778926,22.801464106758868,2315.8417871947313,-9.237055564881302e-14,1.0,1.0,0.0,0.0,8.521960318954276,8.521960318954276,0.0,0.0
id_reference,A5_train_seed_1,50094,37,37,False,37,20,0,2.0664344398390404,6.851175862198467,76.45807427404449,-2.1316282072803006e-14,1.0,1.0,0.0,0.0,6.324968054018778,6.324968054018778,0.0,0.0
id_reference,A5_train_seed_1,50095,64,64,False,64,24,0,2.201816062766115,8.730463450875131,140.91622801703136,-3.552713678800501e-14,1.0,1.0,0.0,0.0,4.362425800648304,4.362425800648304,0.0,0.0
id_reference,A5_train_seed_1,50096,110,110,False,110,28,0,3.4871722636325115,19.333969274061918,383.58894899957625,-1.4210854715202004e-14,1.0,1.0,0.0,0.0,6.4948050411387985,6.4948050411387985,0.0,0.0
id_reference,A5_train_seed_1,50097,250,250,False,250,242,0,3.1025961893324814,7.162277732080968,775.6490473331204,-2.842170943040401e-14,1.0,1.0,0.0,0.0,8.572282485196274,8.572282485196274,0.0,0.0
id_reference,A5_train_seed_1,50098,250,250,False,250,49,0,2.0362936159385563,22.64582324576971,509.07340398463907,-7.105427357601002e-14,1.0,1.0,0.0,0.0,6.521279285024252,6.521279285024252,0.0,0.0
id_reference,A5_train_seed_1,50099,250,250,False,250,247,0,4.994424306887309,18.669593171641612,1248.6060767218273,-4.263256414560601e-14,1.0,1.0,0.0,0.0,8.92180897754263,8.92180897754263,0.0,0.0
ood_compound,A5_train_seed_1,50000,250,250,False,250,250,0,7.154383488541094,11.867347354781542,1788.5958721352736,-7.105427357601002e-14,1.0,1.0,0.0,0.0,8.333142648943847,8.333142648943847,0.0,0.0
ood_compound,A5_train_seed_1,50001,250,250,False,250,225,0,6.006235340198682,28.40466962194641,1501.5588350496705,-2.842170943040401e-14,1.0,1.0,0.0,0.0,9.24170604714507,9.24170604714507,0.0,0.0
ood_compound,A5_train_seed_1,50002,250,250,False,250,250,0,7.685169189547085,15.157257858662994,1921.2922973867712,-7.105427357601002e-14,1.0,1.0,0.0,0.0,7.406709304402364,7.406709304402364,0.0,0.0
ood_compound,A5_train_seed_1,50003,61,62,True,61,58,5,24.172699966684018,59.96270315759051,1498.707397934409,-547.9128392457515,1.0,1.0,0.0,0.0,7.580133397757556,7.580133397757556,0.0,0.0
ood_compound,A5_train_seed_1,50004,250,250,False,250,157,55,7.432161992063568,21.05357806014383,1858.040498015892,-5.684341886080802e-14,1.0,1.0,0.0,0.0,7.5824895027602,7.5824895027602,0.0,0.0
ood_compound,A5_train_seed_1,50005,250,250,False,250,249,0,6.902162028421848,28.557044338206797,1725.540507105462,-5.684341886080802e-14,1.0,1.0,0.0,0.0,9.187151877382508,9.187151877382508,0.0,0.0
ood_compound,A5_train_seed_1,50006,250,250,False,250,108,0,3.376611375327199,17.4186494844911,844.1528438317998,-2.1316282072803006e-14,1.0,1.0,0.0,0.0,7.0415164006160555,7.0415164006160555,0.0,0.0
ood_compound,A5_train_seed_1,50007,61,62,True,61,55,2,11.7692864449504,48.93145093394648,729.6957595869247,-453.78111074786955,1.0,1.0,0.0,0.0,5.6592083162888445,5.6592083162888445,0.0,0.0
ood_compound,A5_train_seed_1,50008,250,250,False,250,250,6,7.288154090800093,29.188382336012694,1822.0385227000233,-4.263256414560601e-14,1.0,1.0,0.0,0.0,9.322826083466568,9.322826083466568,0.0,0.0
ood_compound,A5_train_seed_1,50009,250,250,False,250,166,20,14.295925935756161,29.90698449918941,3573.98148393904,-2.842170943040401e-14,1.0,1.0,0.0,0.0,6.351822368444286,6.351822368444286,0.0,0.0
ood_compound,A5_train_seed_1,50010,250,250,False,250,58,0,4.225907076351119,24.707506335766933,1056.4767690877798,-2.1316282072803006e-14,1.0,1.0,0.0,0.0,7.25760501616321,7.25760501616321,0.0,0.0
ood_compound,A5_train_seed_1,50011,250,250,False,250,194,0,2.3935886935531117,13.35753894193481,598.3971733882779,-3.552713678800501e-14,1.0,1.0,0.0,0.0,7.836538368579186,7.836538368579186,0.0,0.0
ood_compound,A5_train_seed_1,50012,189,189,False,189,102,0,6.447393463371127,21.999052398675275,1218.557364577143,-4.263256414560601e-14,1.0,1.0,0.0,0.0,6.8720490830138035,6.8720490830138035,0.0,0.0
ood_compound,A5_train_seed_1,50013,250,250,False,250,250,0,14.6442911526067,15.936274618650202,3661.072788151675,-8.526512829121202e-14,1.0,1.0,0.0,0.0,10.252482860813064,10.252482860813064,0.0,0.0
ood_compound,A5_train_seed_1,50014,250,250,False,250,248,0,6.59886331678976,18.658284777569545,1649.7158291974401,-7.105427357601002e-14,1.0,1.0,0.0,0.0,9.02020632058151,9.02020632058151,0.0,0.0
ood_compound,A5_train_seed_1,50015,250,250,False,250,133,0,7.328682353368745,25.041631808811402,1832.1705883421862,-2.842170943040401e-14,1.0,1.0,0.0,0.0,5.484369524387231,5.484369524387231,0.0,0.0
ood_compound,A5_train_seed_1,50016,250,250,False,250,176,0,10.462998109715269,18.154944201903923,2615.749527428817,-2.842170943040401e-14,1.0,1.0,0.0,0.0,5.889530844321688,5.889530844321688,0.0,0.0
ood_compound,A5_train_seed_1,50017,250,250,False,250,247,1,6.671666149102128,28.13891031209488,1667.916537275532,-4.263256414560601e-14,1.0,1.0,0.0,0.0,9.111648341973858,9.111648341973858,0.0,0.0
ood_compound,A5_train_seed_1,50018,250,250,False,250,248,0,12.305125530845547,26.752694980976344,3076.281382711387,-7.105427357601002e-14,1.0,1.0,0.0,0.0,9.071800524453355,9.071800524453355,0.0,0.0
ood_compound,A5_train_seed_1,50019,250,250,False,250,250,0,15.204396303773676,15.536157904058532,3801.099075943419,-2.842170943040401e-14,1.0,1.0,0.0,0.0,7.796917374932103,7.796917374932103,0.0,0.0
ood_compound,A5_train_seed_1,50020,250,250,False,250,250,0,6.641974368984453,11.153342826653068,1660.4935922461132,-2.842170943040401e-14,1.0,1.0,0.0,0.0,8.074182369117645,8.074182369117645,0.0,0.0
ood_compound,A5_train_seed_1,50021,250,250,False,250,250,0,10.729054869165902,19.85652683797372,2682.2637172914756,-7.105427357601002e-14,1.0,1.0,0.0,0.0,8.405231961496225,8.405231961496225,0.0,0.0
ood_compound,A5_train_seed_1,50022,250,250,False,250,92,0,3.5218524559079225,19.42003046288077,880.4631139769806,-2.1316282072803006e-14,1.0,1.0,0.0,0.0,7.430501750575726,7.430501750575726,0.0,0.0
ood_compound,A5_train_seed_1,50023,250,250,False,250,163,1,3.7298222019878726,28.503084558424938,932.4555504969682,-2.842170943040401e-14,1.0,1.0,0.0,0.0,9.193703620078962,9.193703620078962,0.0,0.0
ood_compound,A5_train_seed_1,50024,250,250,False,250,247,0,6.160884691159529,19.500065062147417,1540.2211727898823,-8.526512829121202e-14,1.0,1.0,0.0,0.0,8.013228561889722,8.013228561889722,0.0,0.0
ood_compound,A5_train_seed_1,50025,250,250,False,250,109,0,3.571810384538103,26.70903287919605,892.9525961345257,-8.526512829121202e-14,1.0,1.0,0.0,0.0,8.544562614865983,8.544562614865983,0.0,0.0
ood_compound,A5_train_seed_1,50026,250,250,False,250,246,2,8.232581643651255,12.686308209537017,2058.1454109128135,-5.684341886080802e-14,1.0,1.0,0.0,0.0,9.995368816673793,9.995368816673793,0.0,0.0
ood_compound,A5_train_seed_1,50027,250,250,False,250,97,0,3.9845054411826113,21.944800799029164,996.1263602956528,-8.526512829121202e-14,1.0,1.0,0.0,0.0,9.165449950478292,9.165449950478292,0.0,0.0
ood_compound,A5_train_seed_1,50028,250,250,False,250,106,0,4.441739992243843,23.4705221024274,1110.4349980609607,-1.4210854715202004e-14,1.0,1.0,0.0,0.0,6.469678593525735,6.469678593525735,0.0,0.0
ood_compound,A5_train_seed_1,50029,250,250,False,250,250,0,16.678867270117724,30.22335152483484,4169.716817529431,-2.842170943040401e-14,1.0,1.0,0.0,0.0,5.685999462018632,5.685999462018632,0.0,0.0
ood_compound,A5_train_seed_1,50030,250,250,False,250,207,0,4.142816881851759,28.82804695581025,1035.7042204629397,-7.105427357601002e-14,1.0,1.0,0.0,0.0,8.24462612595507,8.24462612595507,0.0,0.0
ood_compound,A5_train_seed_1,50031,250,250,False,250,239,0,5.2472167441704425,28.382724970970003,1311.8041860426106,-4.263256414560601e-14,1.0,1.0,0.0,0.0,9.027209648940403,9.027209648940403,0.0,0.0
ood_compound,A5_train_seed_1,50032,250,250,False,250,80,0,4.230542532979762,17.763250183291344,1057.6356332449407,-1.4210854715202004e-14,1.0,1.0,0.0,0.0,7.49961133771534,7.49961133771534,0.0,0.0
ood_compound,A5_train_seed_1,50033,250,250,False,250,250,0,11.496031230775909,21.06004894577113,2874.007807693977,-7.105427357601002e-14,1.0,1.0,0.0,0.0,8.67690577397727,8.67690577397727,0.0,0.0
ood_compound,A5_train_seed_1,50034,250,250,False,250,250,0,12.537240982030731,26.984039533426937,3134.310245507683,-7.105427357601002e-14,1.0,1.0,0.0,0.0,7.021874814053712,7.021874814053712,0.0,0.0
ood_compound,A5_train_seed_1,50035,250,250,False,250,250,0,9.820555949542445,18.998460946001998,2455.1389873856115,-5.684341886080802e-14,1.0,1.0,0.0,0.0,9.882079723652092,9.882079723652092,0.0,0.0
ood_compound,A5_train_seed_1,50036,250,250,False,250,250,0,17.93361059550907,29.679959402685554,4483.402648877267,-8.526512829121202e-14,1.0,1.0,0.0,0.0,6.847166438375417,6.847166438375417,0.0,0.0
ood_compound,A5_train_seed_1,50037,250,250,False,250,250,0,21.77695751482727,25.57979664115516,5444.239378706818,-2.842170943040401e-14,1.0,1.0,0.0,0.0,4.584028793765401,4.584028793765401,0.0,0.0
ood_compound,A5_train_seed_1,50038,250,250,False,250,250,0,7.201944383499405,18.334399257143343,1800.4860958748511,-5.684341886080802e-14,1.0,1.0,0.0,0.0,9.900110828005607,9.900110828005607,0.0,0.0
ood_compound,A5_train_seed_1,50039,250,250,False,250,250,0,13.308361051245345,24.369346371278958,3327.0902628113363,-1.4210854715202004e-13,1.0,1.0,0.0,0.0,7.784220468572465,7.784220468572465,0.0,0.0
ood_compound,A5_train_seed_1,50040,250,250,False,250,228,0,5.870881880876436,26.299196885290243,1467.7204702191088,-7.815970093361102e-14,1.0,1.0,0.0,0.0,9.481576493447186,9.481576493447186,0.0,0.0
ood_compound,A5_train_seed_1,50041,250,250,False,250,90,0,3.3900530862928244,19.692120967887433,847.5132715732061,-2.842170943040401e-14,1.0,1.0,0.0,0.0,6.4495241441452995,6.4495241441452995,0.0,0.0
ood_compound,A5_train_seed_1,50042,250,250,False,250,246,0,7.7955797795371256,12.795618553181539,1948.8949448842814,-4.263256414560601e-14,1.0,1.0,0.0,0.0,9.191629578661697,9.191629578661697,0.0,0.0
ood_compound,A5_train_seed_1,50043,250,250,False,250,250,0,4.548506919979671,7.940246735284787,1137.1267299949177,-6.394884621840902e-14,1.0,1.0,0.0,0.0,9.532129394260547,9.532129394260547,0.0,0.0
ood_compound,A5_train_seed_1,50044,250,250,False,250,250,0,23.621988946158627,28.559749359600904,5905.497236539657,-2.842170943040401e-14,1.0,1.0,0.0,0.0,5.583109373503175,5.583109373503175,0.0,0.0
ood_compound,A5_train_seed_1,50045,250,250,False,250,250,0,12.361124333307068,18.949954292959276,3090.2810833267667,-2.842170943040401e-14,1.0,1.0,0.0,0.0,8.77214200486258,8.77214200486258,0.0,0.0
ood_compound,A5_train_seed_1,50046,250,250,False,250,67,0,3.1821577205221376,20.437464573908436,795.5394301305344,-2.1316282072803006e-14,1.0,1.0,0.0,0.0,8.069819118016447,8.069819118016447,0.0,0.0
ood_compound,A5_train_seed_1,50047,250,250,False,250,250,0,6.823112127284819,18.851407448537007,1705.7780318212049,-2.842170943040401e-14,1.0,1.0,0.0,0.0,7.442318212146663,7.442318212146663,0.0,0.0
ood_compound,A5_train_seed_1,50048,250,250,False,250,86,0,3.035017721332906,18.049659282773174,758.7544303332265,-7.105427357601002e-14,1.0,1.0,0.0,0.0,8.657672442183712,8.657672442183712,0.0,0.0
ood_compound,A5_train_seed_1,50049,250,250,False,250,196,0,13.0323512813584,31.0706009962859,3258.0878203396,-2.842170943040401e-14,1.0,1.0,0.0,0.0,7.724045995431617,7.724045995431617,0.0,0.0
ood_compound,A5_train_seed_1,50050,250,250,False,250,250,0,7.469959656036433,19.062887121572842,1867.4899140091084,-4.263256414560601e-14,1.0,1.0,0.0,0.0,9.917204800690792,9.917204800690792,0.0,0.0
ood_compound,A5_train_seed_1,50051,250,250,False,250,247,0,11.096201377591296,21.0944912324796,2774.050344397824,-2.842170943040401e-14,1.0,1.0,0.0,0.0,9.460202767165207,9.460202767165207,0.0,0.0
ood_compound,A5_train_seed_1,50052,250,250,False,250,219,7,7.142337806360781,24.503385220979634,1785.5844515901954,-6.394884621840902e-14,1.0,1.0,0.0,0.0,8.724928747881982,8.724928747881982,0.0,0.0
ood_compound,A5_train_seed_1,50053,250,250,False,250,112,0,5.693199663840615,23.501478057921954,1423.2999159601538,-2.1316282072803006e-14,1.0,1.0,0.0,0.0,6.132483295366188,6.132483295366188,0.0,0.0
ood_compound,A5_train_seed_1,50054,250,250,False,250,231,0,4.2566142751891585,21.81520327306884,1064.1535687972896,-7.105427357601002e-14,1.0,1.0,0.0,0.0,8.528283436774407,8.528283436774407,0.0,0.0
ood_compound,A5_train_seed_1,50055,250,250,False,250,104,0,5.916712923310677,21.31629250833425,1479.1782308276693,-2.1316282072803006e-14,1.0,1.0,0.0,0.0,7.200843903184513,7.200843903184513,0.0,0.0
ood_compound,A5_train_seed_1,50056,250,250,False,250,20,0,0.24827382209647406,5.001650958479863,62.06845552411851,-3.552713678800501e-14,1.0,1.0,0.0,0.0,8.774167652660733,8.774167652660733,0.0,0.0
ood_compound,A5_train_seed_1,50057,250,250,False,250,250,0,15.17205074593287,28.079043437552542,3793.0126864832173,-1.1368683772161603e-13,1.0,1.0,0.0,0.0,7.815883489468142,7.815883489468142,0.0,0.0
ood_compound,A5_train_seed_1,50058,250,250,False,250,134,15,6.9692270070766185,20.03506276631934,1742.3067517691545,-2.842170943040401e-14,1.0,1.0,0.0,0.0,6.822998017110314,6.822998017110314,0.0,0.0
ood_compound,A5_train_seed_1,50059,250,250,False,250,250,0,9.941985193878747,20.380650908641268,2485.4962984696867,-5.684341886080802e-14,1.0,1.0,0.0,0.0,8.97566431992188,8.97566431992188,0.0,0.0
ood_compound,A5_train_seed_1,50060,250,250,False,250,250,0,18.492102107249337,25.695548094379035,4623.025526812335,-2.842170943040401e-14,1.0,1.0,0.0,0.0,7.3759436225201735,7.3759436225201735,0.0,0.0
ood_compound,A5_train_seed_1,50061,250,250,False,250,244,0,7.612848234885696,23.145615134305647,1903.212058721424,-9.947598300641403e-14,1.0,1.0,0.0,0.0,8.60020322934308,8.60020322934308,0.0,0.0
ood_compound,A5_train_seed_1,50062,250,250,False,250,234,3,3.932241070807897,17.33419298718498,983.0602677019743,-7.105427357601002e-14,1.0,1.0,0.0,0.0,8.415011047367152,8.415011047367152,0.0,0.0
ood_compound,A5_train_seed_1,50063,250,250,False,250,250,0,14.54565576100737,30.12193269893977,3636.413940251842,-1.1368683772161603e-13,1.0,1.0,0.0,0.0,8.409647224673238,8.409647224673238,0.0,0.0
ood_compound,A5_train_seed_1,50064,250,250,False,250,250,0,18.018688675699696,24.1352941078935,4504.672168924924,-5.684341886080802e-14,1.0,1.0,0.0,0.0,5.777929721367509,5.777929721367509,0.0,0.0
ood_compound,A5_train_seed_1,50065,250,250,False,250,81,0,1.88545405701564,11.478916076557658,471.36351425391,-3.552713678800501e-14,1.0,1.0,0.0,0.0,9.635195091173026,9.635195091173026,0.0,0.0
ood_compound,A5_train_seed_1,50066,250,250,False,250,250,0,16.285334350622175,26.72825736412579,4071.3335876555443,-2.842170943040401e-14,1.0,1.0,0.0,0.0,7.127313401014374,7.127313401014374,0.0,0.0
ood_compound,A5_train_seed_1,50067,250,250,False,250,250,0,9.951625852718367,25.953186655506126,2487.906463179592,-8.526512829121202e-14,1.0,1.0,0.0,0.0,7.870165854754791,7.870165854754791,0.0,0.0
ood_compound,A5_train_seed_1,50068,148,148,False,148,136,0,4.520274494245728,8.276517194391586,669.0006251483677,-3.552713678800501e-14,1.0,1.0,0.0,0.0,9.06816061453909,9.06816061453909,0.0,0.0
ood_compound,A5_train_seed_1,50069,250,250,False,250,107,0,4.3729760897477,28.29082878873237,1093.244022436925,-2.842170943040401e-14,1.0,1.0,0.0,0.0,5.744934520874635,5.744934520874635,0.0,0.0
ood_compound,A5_train_seed_1,50070,250,250,False,250,250,0,6.3290754297973075,9.340240233793066,1582.2688574493268,-5.684341886080802e-14,1.0,1.0,0.0,0.0,8.108456321091158,8.108456321091158,0.0,0.0
ood_compound,A5_train_seed_1,50071,250,250,False,250,250,0,21.02515591655787,29.481497401989706,5256.288979139468,-1.1368683772161603e-13,1.0,1.0,0.0,0.0,6.39057221169836,6.39057221169836,0.0,0.0
ood_compound,A5_train_seed_1,50072,250,250,False,250,240,0,9.437136090049506,26.050876375056948,2359.2840225123764,-2.842170943040401e-14,1.0,1.0,0.0,0.0,8.88988212104015,8.88988212104015,0.0,0.0
ood_compound,A5_train_seed_1,50073,250,250,False,250,246,0,7.580298513816145,18.01082702302027,1895.0746284540362,-8.526512829121202e-14,1.0,1.0,0.0,0.0,9.991717742908063,9.991717742908063,0.0,0.0
ood_compound,A5_train_seed_1,50074,250,250,False,250,250,0,7.8958407482510395,12.017343390950066,1973.9601870627598,-5.684341886080802e-14,1.0,1.0,0.0,0.0,8.377692467431922,8.377692467431922,0.0,0.0
ood_compound,A5_train_seed_1,50075,250,250,False,250,243,0,10.58723849598185,27.087483252354264,2646.8096239954625,-7.105427357601002e-14,1.0,1.0,0.0,0.0,9.606685543452084,9.606685543452084,0.0,0.0
ood_compound,A5_train_seed_1,50076,34,35,True,34,27,3,11.14131659845802,27.21698711126885,389.94608094603075,-422.1899456564403,1.0,1.0,0.0,0.0,7.584852353132585,7.584852353132585,0.0,0.0
ood_compound,A5_train_seed_1,50077,250,250,False,250,90,0,2.4377012750383646,15.635480041189211,609.4253187595912,-4.263256414560601e-14,1.0,1.0,0.0,0.0,9.451730749767135,9.451730749767135,0.0,0.0
ood_compound,A5_train_seed_1,50078,250,250,False,250,250,0,16.114917030856994,30.046436901182894,4028.729257714248,-1.2789769243681803e-13,1.0,1.0,0.0,0.0,7.566270359557086,7.566270359557086,0.0,0.0
ood_compound,A5_train_seed_1,50079,250,250,False,250,235,0,10.850886970558273,35.38222350182336,2712.721742639568,-9.947598300641403e-14,1.0,1.0,0.0,0.0,7.935524588093397,7.935524588093397,0.0,0.0
ood_compound,A5_train_seed_1,50080,250,250,False,250,250,2,5.2521548039805115,14.770695133514474,1313.0387009951278,-2.7533531010703882e-14,1.0,1.0,0.0,0.0,8.882985073317297,8.882985073317297,0.0,0.0
ood_compound,A5_train_seed_1,50081,250,250,False,250,213,0,3.4946746032889835,25.320277394730958,873.6686508222459,-7.105427357601002e-14,1.0,1.0,0.0,0.0,8.426004543613653,8.426004543613653,0.0,0.0
ood_compound,A5_train_seed_1,50082,91,91,False,91,47,0,3.748746129551635,16.432758457200713,341.1358977891988,-3.552713678800501e-14,1.0,1.0,0.0,0.0,5.176716887865304,5.176716887865304,0.0,0.0
ood_compound,A5_train_seed_1,50083,250,250,False,250,233,0,7.132269328364888,24.098972300229125,1783.067332091222,-1.4210854715202004e-14,1.0,1.0,0.0,0.0,7.535937447314379,7.535937447314379,0.0,0.0
ood_compound,A5_train_seed_1,50084,250,250,False,250,250,0,21.82517713797331,24.870684691982955,5456.294284493328,-2.842170943040401e-14,1.0,1.0,0.0,0.0,6.79509417698968,6.79509417698968,0.0,0.0
ood_compound,A5_train_seed_1,50085,250,250,False,250,237,0,8.238475782207665,15.165677042743619,2059.618945551916,-2.842170943040401e-14,1.0,1.0,0.0,0.0,9.476447501245804,9.476447501245804,0.0,0.0
ood_compound,A5_train_seed_1,50086,250,250,False,250,244,55,19.84629303171197,36.54101724139988,4961.573257927992,-4.973799150320701e-14,1.0,1.0,0.0,0.0,7.37259032415773,7.37259032415773,0.0,0.0
ood_compound,A5_train_seed_1,50087,250,250,False,250,216,0,6.544807170139017,12.994098886905732,1636.2017925347543,-2.842170943040401e-14,1.0,1.0,0.0,0.0,7.496398286238631,7.496398286238631,0.0,0.0
ood_compound,A5_train_seed_1,50088,250,250,False,250,246,0,12.157842247313868,28.467170290484223,3039.460561828467,-4.263256414560601e-14,1.0,1.0,0.0,0.0,8.416473142892347,8.416473142892347,0.0,0.0
ood_compound,A5_train_seed_1,50089,250,250,False,250,236,0,2.919704908487474,21.193918351453885,729.9262271218685,-7.105427357601002e-14,1.0,1.0,0.0,0.0,8.397957569849405,8.397957569849405,0.0,0.0
ood_compound,A5_train_seed_1,50090,250,250,False,250,159,29,8.99326270100877,30.936509272882248,2248.3156752521927,-1.7763568394002505e-14,1.0,1.0,0.0,0.0,6.980475099421815,6.980475099421815,0.0,0.0
ood_compound,A5_train_seed_1,50091,250,250,False,250,224,1,8.732416475012178,28.875789066865895,2183.1041187530445,-5.684341886080802e-14,1.0,1.0,0.0,0.0,8.573488292844063,8.573488292844063,0.0,0.0
ood_compound,A5_train_seed_1,50092,250,250,False,250,237,0,6.937821105727855,19.666552802311667,1734.4552764319637,-5.684341886080802e-14,1.0,1.0,0.0,0.0,9.189043204649797,9.189043204649797,0.0,0.0
ood_compound,A5_train_seed_1,50093,250,250,False,250,233,5,10.363536651146584,32.87758161898694,2590.884162786646,-6.394884621840902e-14,1.0,1.0,0.0,0.0,8.340463102271737,8.340463102271737,0.0,0.0
ood_compound,A5_train_seed_1,50094,250,250,False,250,64,0,1.950028873222715,10.891270983472738,487.50721830567875,-2.1316282072803006e-14,1.0,1.0,0.0,0.0,8.888155546015645,8.888155546015645,0.0,0.0
ood_compound,A5_train_seed_1,50095,250,250,False,250,108,0,3.437141323600907,14.203392151694798,859.2853309002268,-7.105427357601002e-14,1.0,1.0,0.0,0.0,5.8798924377785555,5.8798924377785555,0.0,0.0
ood_compound,A5_train_seed_1,50096,250,250,False,250,117,0,4.355599465174959,18.62290219076318,1088.8998662937397,-2.1316282072803006e-14,1.0,1.0,0.0,0.0,7.934226639638049,7.934226639638049,0.0,0.0
ood_compound,A5_train_seed_1,50097,250,250,False,250,223,3,4.456495319774287,12.985704351044902,1114.1238299435718,-4.263256414560601e-14,1.0,1.0,0.0,0.0,8.557509419593854,8.557509419593854,0.0,0.0
ood_compound,A5_train_seed_1,50098,250,250,False,250,241,19,17.699732529748836,44.349413579160476,4424.933132437209,-5.684341886080802e-14,1.0,1.0,0.0,0.0,8.178511937953703,8.178511937953703,0.0,0.0
ood_compound,A5_train_seed_1,50099,250,250,False,250,233,5,6.5133488525000045,18.669593171641612,1628.3372131250012,-6.394884621840902e-14,1.0,1.0,0.0,0.0,8.718374028085028,8.718374028085028,0.0,0.0
motor_fault,A5_train_seed_1,50000,250,250,False,250,240,0,5.443334460171587,7.726050499881885,1360.8336150428968,-7.105427357601002e-14,1.0,1.0,0.0,0.0,8.365327650250759,8.365327650250759,0.0,0.0
motor_fault,A5_train_seed_1,50001,250,250,False,250,202,0,5.08341010899053,28.40466962194641,1270.8525272476325,-7.105427357601002e-14,1.0,1.0,0.0,0.0,8.980891186022468,8.980891186022468,0.0,0.0
motor_fault,A5_train_seed_1,50002,250,250,False,250,240,3,11.99492441690021,33.65811575109107,2998.7311042250526,-8.526512829121202e-14,1.0,1.0,0.0,0.0,7.265124391000116,7.265124391000116,0.0,0.0
motor_fault,A5_train_seed_1,50003,250,250,False,250,73,0,4.283130515746971,34.13706016463321,1070.7826289367429,-2.1316282072803006e-14,1.0,1.0,0.0,0.0,7.045748608936845,7.045748608936845,0.0,0.0
motor_fault,A5_train_seed_1,50004,250,250,False,250,250,0,6.039159587445954,18.509677970844923,1509.7898968614884,-4.263256414560601e-14,1.0,1.0,0.0,0.0,7.559484825991712,7.559484825991712,0.0,0.0
motor_fault,A5_train_seed_1,50005,101,101,False,101,96,0,7.0675398515632555,28.557044338206797,713.8215250078888,-2.842170943040401e-14,1.0,1.0,0.0,0.0,8.352746744991094,8.352746744991094,0.0,0.0
motor_fault,A5_train_seed_1,50006,118,118,False,118,44,0,2.128881610270922,10.392961690219838,251.2080300119688,-2.1316282072803006e-14,1.0,1.0,0.0,0.0,7.760020130871123,7.760020130871123,0.0,0.0
motor_fault,A5_train_seed_1,50007,250,250,False,250,22,0,1.901191810611492,32.01245451417041,475.297952652873,-1.4210854715202004e-14,1.0,1.0,0.0,0.0,8.60811064477991,8.60811064477991,0.0,0.0
motor_fault,A5_train_seed_1,50008,250,250,False,250,247,0,7.136138965423621,29.188382336012694,1784.0347413559052,-7.105427357601002e-14,1.0,1.0,0.0,0.0,9.569509690204073,9.569509690204073,0.0,0.0
motor_fault,A5_train_seed_1,50009,250,250,False,250,238,0,13.442146224603604,32.14080516250795,3360.536556150901,-1.4210854715202004e-14,1.0,1.0,0.0,0.0,7.998110952446056,7.998110952446056,0.0,0.0
motor_fault,A5_train_seed_1,50010,250,250,False,250,19,0,1.3092164010751732,24.652644140604522,327.3041002687933,-7.105427357601002e-15,1.0,1.0,0.0,0.0,6.155580689490393,6.155580689490393,0.0,0.0
motor_fault,A5_train_seed_1,50011,250,250,False,250,131,0,0.9449180168521192,4.47822697983511,236.2295042130298,-2.842170943040401e-14,1.0,1.0,0.0,0.0,7.703406522196339,7.703406522196339,0.0,0.0
motor_fault,A5_train_seed_1,50012,250,250,False,250,29,0,1.1403770795161732,20.715124603148315,285.0942698790433,-2.1316282072803006e-14,1.0,1.0,0.0,0.0,5.1524222443089585,5.1524222443089585,0.0,0.0
motor_fault,A5_train_seed_1,50013,250,250,False,250,56,0,2.1245138800434744,19.732917745589724,531.1284700108686,-4.263256414560601e-14,1.0,1.0,0.0,0.0,9.46974945130509,9.46974945130509,0.0,0.0
motor_fault,A5_train_seed_1,50014,250,250,False,250,249,2,5.861092205216942,13.989392139689855,1465.2730513042357,-5.684341886080802e-14,1.0,1.0,0.0,0.0,9.231310548167702,9.231310548167702,0.0,0.0
motor_fault,A5_train_seed_1,50015,250,250,False,250,47,0,2.3077874226014345,24.18171707941834,576.9468556503587,-2.1316282072803006e-14,1.0,1.0,0.0,0.0,6.7277772275777945,6.7277772275777945,0.0,0.0
motor_fault,A5_train_seed_1,50016,250,250,False,250,250,0,18.95462147862808,24.095157338373586,4738.65536965702,-7.105427357601002e-14,1.0,1.0,0.0,0.0,9.226279115807433,9.226279115807433,0.0,0.0
motor_fault,A5_train_seed_1,50017,250,250,False,250,247,0,6.0846451604291305,28.13891031209488,1521.1612901072826,-5.684341886080802e-14,1.0,1.0,0.0,0.0,9.17462129084961,9.17462129084961,0.0,0.0
motor_fault,A5_train_seed_1,50018,60,61,True,60,60,7,18.528023994794616,42.40555472152671,1130.2094636824716,-52.670767602931676,1.0,1.0,0.0,0.0,10.493200185123037,10.493200185123037,0.0,0.0
motor_fault,A5_train_seed_1,50019,250,250,False,250,250,22,11.083037440622302,28.581150128114004,2770.7593601555755,-8.526512829121202e-14,1.0,1.0,0.0,0.0,8.766524770168235,8.766524770168235,0.0,0.0
motor_fault,A5_train_seed_1,50020,250,250,False,250,250,0,5.224046760104543,11.148889354226691,1306.0116900261357,-4.263256414560601e-14,1.0,1.0,0.0,0.0,7.769220715812231,7.769220715812231,0.0,0.0
motor_fault,A5_train_seed_1,50021,250,250,False,250,53,0,0.6368480871146688,5.6462188941768625,159.2120217786672,-2.1316282072803006e-14,1.0,1.0,0.0,0.0,9.018274644252068,9.018274644252068,0.0,0.0
motor_fault,A5_train_seed_1,50022,250,250,False,250,28,0,1.5105504660586726,20.433016904685893,377.63761651466814,-2.1316282072803006e-14,1.0,1.0,0.0,0.0,7.755245727967007,7.755245727967007,0.0,0.0
motor_fault,A5_train_seed_1,50023,250,250,False,250,60,0,1.774496202278533,28.500852686133967,443.62405056963325,-4.263256414560601e-14,1.0,1.0,0.0,0.0,7.488041709689098,7.488041709689098,0.0,0.0
motor_fault,A5_train_seed_1,50024,250,250,False,250,54,0,0.18276276898018604,2.558075954024313,45.690692245046506,-1.4210854715202004e-14,1.0,1.0,0.0,0.0,8.230604582109764,8.230604582109764,0.0,0.0
motor_fault,A5_train_seed_1,50025,250,250,False,250,207,0,4.147252895676301,26.70903287919605,1036.8132239190752,-4.263256414560601e-14,1.0,1.0,0.0,0.0,8.657727886321167,8.657727886321167,0.0,0.0
motor_fault,A5_train_seed_1,50026,250,250,False,250,239,2,9.102696961122266,22.370632049006733,2275.6742402805667,-5.684341886080802e-14,1.0,1.0,0.0,0.0,9.548455999867013,9.548455999867013,0.0,0.0
motor_fault,A5_train_seed_1,50027,71,71,False,71,21,0,0.954025467953264,5.665202099974105,67.73580822468175,-2.842170943040401e-14,1.0,1.0,0.0,0.0,6.22661720045992,6.22661720045992,0.0,0.0
motor_fault,A5_train_seed_1,50028,250,250,False,250,25,0,1.4733036633943042,23.419907462324847,368.3259158485761,-2.1316282072803006e-14,1.0,1.0,0.0,0.0,5.795114428529204,5.795114428529204,0.0,0.0
motor_fault,A5_train_seed_1,50029,250,250,False,250,73,0,4.362919363643735,30.578880136392165,1090.729840910934,-1.4210854715202004e-14,1.0,1.0,0.0,0.0,7.358755239773951,7.358755239773951,0.0,0.0
motor_fault,A5_train_seed_1,50030,250,250,False,250,204,0,3.7659534601528453,28.82804695581025,941.4883650382113,-5.684341886080802e-14,1.0,1.0,0.0,0.0,8.671528180253175,8.671528180253175,0.0,0.0
motor_fault,A5_train_seed_1,50031,70,70,False,70,45,0,5.407222996113767,28.382724970970003,378.5056097279637,-2.842170943040401e-14,1.0,1.0,0.0,0.0,7.479244955085692,7.479244955085692,0.0,0.0
motor_fault,A5_train_seed_1,50032,250,250,False,250,25,0,1.4986397727978902,21.187129680619925,374.65994319947254,-2.1316282072803006e-14,1.0,1.0,0.0,0.0,7.5243919118945195,7.5243919118945195,0.0,0.0
motor_fault,A5_train_seed_1,50033,250,250,False,250,12,0,0.21163745476849577,5.774092117561121,52.90936369212394,-1.4210854715202004e-14,1.0,1.0,0.0,0.0,9.528046665274294,9.528046665274294,0.0,0.0
motor_fault,A5_train_seed_1,50034,250,250,False,250,233,0,10.645692865467606,30.20287763493063,2661.423216366901,-9.947598300641403e-14,1.0,1.0,0.0,0.0,7.237715383616214,7.237715383616214,0.0,0.0
motor_fault,A5_train_seed_1,50035,250,250,False,250,243,0,7.116297381812753,8.90161654449476,1779.0743454531882,-5.684341886080802e-14,1.0,1.0,0.0,0.0,9.197320200933573,9.197320200933573,0.0,0.0
motor_fault,A5_train_seed_1,50036,250,250,False,250,181,0,7.385207551823777,29.155101482700516,1846.3018879559443,-5.684341886080802e-14,1.0,1.0,0.0,0.0,6.651648441393532,6.651648441393532,0.0,0.0
motor_fault,A5_train_seed_1,50037,250,250,False,250,250,0,7.517580751805248,21.12047356207205,1879.395187951312,-4.263256414560601e-14,1.0,1.0,0.0,0.0,6.537497746196245,6.537497746196245,0.0,0.0
motor_fault,A5_train_seed_1,50038,250,250,False,250,238,0,5.294695457762778,12.786993987303052,1323.6738644406944,-4.263256414560601e-14,1.0,1.0,0.0,0.0,9.868407690373889,9.868407690373889,0.0,0.0
motor_fault,A5_train_seed_1,50039,250,250,False,250,226,0,6.7473291021172574,29.61398642866206,1686.8322755293143,-4.973799150320701e-14,1.0,1.0,0.0,0.0,7.25299378282045,7.25299378282045,0.0,0.0
motor_fault,A5_train_seed_1,50040,250,250,False,250,81,0,1.8477741858895014,26.299196885290243,461.9435464723753,-4.263256414560601e-14,1.0,1.0,0.0,0.0,7.975582598340046,7.975582598340046,0.0,0.0
motor_fault,A5_train_seed_1,50041,250,250,False,250,16,0,0.9888404533360475,21.906488535680733,247.21011333401188,-1.4210854715202004e-14,1.0,1.0,0.0,0.0,4.741512496894875,4.741512496894875,0.0,0.0
motor_fault,A5_train_seed_1,50042,67,67,False,67,64,0,3.144141091031845,5.950076771004255,210.65745309913362,-2.1316282072803006e-14,1.0,1.0,0.0,0.0,8.049448813485943,8.049448813485943,0.0,0.0
motor_fault,A5_train_seed_1,50043,250,250,False,250,19,0,0.29629139085014855,8.090686575534805,74.07284771253714,-2.1316282072803006e-14,1.0,1.0,0.0,0.0,7.48107820426315,7.48107820426315,0.0,0.0
motor_fault,A5_train_seed_1,50044,250,250,False,250,250,0,9.053088038343372,22.684205552805455,2263.272009585843,-5.684341886080802e-14,1.0,1.0,0.0,0.0,9.821662185421403,9.821662185421403,0.0,0.0
motor_fault,A5_train_seed_1,50045,250,250,False,250,250,0,11.70882947108207,21.217760086900725,2927.2073677705175,-2.842170943040401e-14,1.0,1.0,0.0,0.0,8.004962531765514,8.004962531765514,0.0,0.0
motor_fault,A5_train_seed_1,50046,250,250,False,250,16,0,1.057116136723918,20.42241450144643,264.27903418097947,-1.4210854715202004e-14,1.0,1.0,0.0,0.0,6.732536643700181,6.732536643700181,0.0,0.0
motor_fault,A5_train_seed_1,50047,250,250,False,250,12,0,0.21291493596473954,6.943099255472923,53.22873399118488,-4.973799150320701e-14,1.0,1.0,0.0,0.0,6.062474591739617,6.062474591739617,0.0,0.0
motor_fault,A5_train_seed_1,50048,250,250,False,250,71,0,1.6330881195743248,17.987275483536095,408.2720298935812,-4.263256414560601e-14,1.0,1.0,0.0,0.0,8.064973224761163,8.064973224761163,0.0,0.0
motor_fault,A5_train_seed_1,50049,250,250,False,250,27,0,1.7048341803322087,23.7380118279209,426.2085450830522,-2.1316282072803006e-14,1.0,1.0,0.0,0.0,5.743614682682875,5.743614682682875,0.0,0.0
motor_fault,A5_train_seed_1,50050,250,250,False,250,241,0,4.323894380034637,19.062887121572842,1080.9735950086592,-2.6645352591003757e-14,1.0,1.0,0.0,0.0,8.937859702910814,8.937859702910814,0.0,0.0
motor_fault,A5_train_seed_1,50051,250,250,False,250,249,0,10.966226029523467,21.0944912324796,2741.5565073808666,-1.4210854715202004e-14,1.0,1.0,0.0,0.0,9.35808833504705,9.35808833504705,0.0,0.0
motor_fault,A5_train_seed_1,50052,250,250,False,250,244,136,8.571080369126946,21.483256610911734,2142.7700922817367,-6.039613253960852e-14,1.0,1.0,0.0,0.0,6.000025932777462,6.000025932777462,0.0,0.0
motor_fault,A5_train_seed_1,50053,203,203,False,203,31,0,1.8395671059562517,20.732247894617373,373.4321225091191,-2.1316282072803006e-14,1.0,1.0,0.0,0.0,6.756859734000578,6.756859734000578,0.0,0.0
motor_fault,A5_train_seed_1,50054,250,250,False,250,221,0,2.7453971400828476,21.81520327306884,686.3492850207119,-1.4210854715202004e-14,1.0,1.0,0.0,0.0,8.153873219526442,8.153873219526442,0.0,0.0
motor_fault,A5_train_seed_1,50055,250,250,False,250,186,19,9.22553187998429,29.640689302918656,2306.3829699960725,-7.815970093361102e-14,1.0,1.0,0.0,0.0,7.078015330711087,7.078015330711087,0.0,0.0
motor_fault,A5_train_seed_1,50056,40,40,False,40,9,0,0.9821682581929618,5.15539230131064,39.28673032771847,-7.105427357601002e-15,1.0,1.0,0.0,0.0,4.207215105649537,4.207215105649537,0.0,0.0
motor_fault,A5_train_seed_1,50057,250,250,False,250,26,0,1.0133092853363765,16.84171796002742,253.3273213340941,-2.1316282072803006e-14,1.0,1.0,0.0,0.0,4.334522243558604,4.334522243558604,0.0,0.0
motor_fault,A5_train_seed_1,50058,250,250,False,250,55,6,2.4790823834930706,21.39398010322459,619.7705958732677,-1.7763568394002505e-14,1.0,1.0,0.0,0.0,7.760885681768368,7.760885681768368,0.0,0.0
motor_fault,A5_train_seed_1,50059,250,250,False,250,250,0,8.78844736538508,10.389738800084544,2197.11184134627,-7.105427357601002e-14,1.0,1.0,0.0,0.0,9.421120919053005,9.421120919053005,0.0,0.0
motor_fault,A5_train_seed_1,50060,250,250,False,250,34,0,2.5123166787863807,29.450558361947227,628.0791696965952,-2.842170943040401e-14,1.0,1.0,0.0,0.0,8.784572593310177,8.784572593310177,0.0,0.0
motor_fault,A5_train_seed_1,50061,250,250,False,250,146,0,1.824892939233986,4.106463285562508,456.2232348084965,-4.263256414560601e-14,1.0,1.0,0.0,0.0,7.101217625406843,7.101217625406843,0.0,0.0
motor_fault,A5_train_seed_1,50062,250,250,False,250,224,0,3.0706331971417633,16.32837728684549,767.6582992854409,-4.263256414560601e-14,1.0,1.0,0.0,0.0,8.204255830188647,8.204255830188647,0.0,0.0
motor_fault,A5_train_seed_1,50063,250,250,False,250,202,0,3.551682372264441,7.349206610105936,887.9205930661103,-4.263256414560601e-14,1.0,1.0,0.0,0.0,8.718492323204428,8.718492323204428,0.0,0.0
motor_fault,A5_train_seed_1,50064,77,77,False,77,15,0,1.4651686527641035,10.855091333445214,112.81798626283597,-2.842170943040401e-14,1.0,1.0,0.0,0.0,6.238105291331996,6.238105291331996,0.0,0.0
motor_fault,A5_train_seed_1,50065,250,250,False,250,32,0,0.552997666141282,6.318647993476035,138.2494165353205,-2.4868995751603507e-14,1.0,1.0,0.0,0.0,9.451589971700693,9.451589971700693,0.0,0.0
motor_fault,A5_train_seed_1,50066,250,250,False,250,250,0,12.128458007153196,31.898975614816568,3032.114501788299,-4.263256414560601e-14,1.0,1.0,0.0,0.0,8.044240675373103,8.044240675373103,0.0,0.0
motor_fault,A5_train_seed_1,50067,86,86,False,86,80,0,2.6723527483934237,7.047506905067895,229.82233636183446,-3.552713678800501e-14,1.0,1.0,0.0,0.0,8.205618282539662,8.205618282539662,0.0,0.0
motor_fault,A5_train_seed_1,50068,38,38,False,38,19,0,3.3545069192677768,8.283775130863214,127.47126293217552,-3.552713678800501e-14,1.0,1.0,0.0,0.0,5.989701898334534,5.989701898334534,0.0,0.0
motor_fault,A5_train_seed_1,50069,250,250,False,250,21,0,1.4231458308958405,28.29082878873237,355.7864577239601,-2.1316282072803006e-14,1.0,1.0,0.0,0.0,3.8338873326300695,3.8338873326300695,0.0,0.0
motor_fault,A5_train_seed_1,50070,250,250,False,250,239,0,5.404940305066714,6.9239549788845025,1351.2350762666786,-5.684341886080802e-14,1.0,1.0,0.0,0.0,8.31508169886137,8.31508169886137,0.0,0.0
motor_fault,A5_train_seed_1,50071,64,64,False,64,14,0,1.9667791677355946,16.716937414739185,125.87386673507805,-2.842170943040401e-14,1.0,1.0,0.0,0.0,5.689246251562411,5.689246251562411,0.0,0.0
motor_fault,A5_train_seed_1,50072,250,250,False,250,242,0,8.030741777769105,26.050876375056948,2007.685444442276,-2.842170943040401e-14,1.0,1.0,0.0,0.0,7.445055836686563,7.445055836686563,0.0,0.0
motor_fault,A5_train_seed_1,50073,250,250,False,250,230,0,5.449636372804299,14.305916349835085,1362.409093201075,-7.105427357601002e-14,1.0,1.0,0.0,0.0,9.683000118598006,9.683000118598006,0.0,0.0
motor_fault,A5_train_seed_1,50074,250,250,False,250,250,0,6.105571440573462,7.726952231536995,1526.3928601433654,-4.263256414560601e-14,1.0,1.0,0.0,0.0,6.976574801393196,6.976574801393196,0.0,0.0
motor_fault,A5_train_seed_1,50075,250,250,False,250,228,5,6.384645403429973,11.174259341039072,1596.1613508574933,-5.684341886080802e-14,1.0,1.0,0.0,0.0,8.197093257906541,8.197093257906541,0.0,0.0
motor_fault,A5_train_seed_1,50076,38,39,True,38,37,3,14.073688933283632,28.170007006523544,548.8738683980616,-117.06761861268666,1.0,1.0,0.0,0.0,7.514675783168625,7.514675783168625,0.0,0.0
motor_fault,A5_train_seed_1,50077,250,250,False,250,21,3,0.2960187425310792,6.407331393555416,74.00468563276979,-3.552713678800501e-14,1.0,1.0,0.0,0.0,5.453898670277103,5.453898670277103,0.0,0.0
motor_fault,A5_train_seed_1,50078,250,250,False,250,231,0,6.443982074428646,28.707924428511173,1610.9955186071613,-7.105427357601002e-14,1.0,1.0,0.0,0.0,6.7653156771864,6.7653156771864,0.0,0.0
motor_fault,A5_train_seed_1,50079,250,250,False,250,250,158,18.736971871983908,22.873001868819962,4684.242967995977,-9.237055564881302e-14,1.0,1.0,0.0,0.0,10.812321066170762,10.812321066170762,0.0,0.0
motor_fault,A5_train_seed_1,50080,250,250,False,250,105,0,2.10504802022856,14.335753392756507,526.2620050571401,-1.4210854715202004e-14,1.0,1.0,0.0,0.0,7.621314997574119,7.621314997574119,0.0,0.0
motor_fault,A5_train_seed_1,50081,250,250,False,250,48,0,0.9433242817654115,25.320277394730958,235.83107044135286,-8.526512829121202e-14,1.0,1.0,0.0,0.0,8.296128126873601,8.296128126873601,0.0,0.0
motor_fault,A5_train_seed_1,50082,45,45,False,45,14,0,1.9548521182447833,11.105387577128043,87.96834532101525,-3.730349362740526e-14,1.0,1.0,0.0,0.0,4.582085303091825,4.582085303091825,0.0,0.0
motor_fault,A5_train_seed_1,50083,95,95,False,95,44,6,4.975468026608509,24.098972300229125,472.6694625278084,-1.5987211554602254e-14,1.0,1.0,0.0,0.0,5.581128658668627,5.581128658668627,0.0,0.0
motor_fault,A5_train_seed_1,50084,250,250,False,250,17,0,0.650605600384929,20.66805420348867,162.65140009623224,-2.1316282072803006e-14,1.0,1.0,0.0,0.0,4.38861873379694,4.38861873379694,0.0,0.0
motor_fault,A5_train_seed_1,50085,250,250,False,250,221,0,6.762337427391167,15.167201288168656,1690.584356847792,-1.4210854715202004e-14,1.0,1.0,0.0,0.0,8.5103445958289,8.5103445958289,0.0,0.0
motor_fault,A5_train_seed_1,50086,70,70,False,70,35,0,5.104171441908207,25.45928194070522,357.2920009335745,-8.526512829121202e-14,1.0,1.0,0.0,0.0,8.112336042294599,8.112336042294599,0.0,0.0
motor_fault,A5_train_seed_1,50087,77,77,False,77,56,0,2.544595346482591,6.376099466018601,195.93384167915949,-4.263256414560601e-14,1.0,1.0,0.0,0.0,7.7621732157689864,7.7621732157689864,0.0,0.0
motor_fault,A5_train_seed_1,50088,250,250,False,250,250,21,13.09668425196858,28.259669515813847,3274.1710629921454,-4.263256414560601e-14,1.0,1.0,0.0,0.0,8.215562159010203,8.215562159010203,0.0,0.0
motor_fault,A5_train_seed_1,50089,250,250,False,250,190,0,1.8353854290807765,21.193918351453885,458.8463572701941,-7.105427357601002e-14,1.0,1.0,0.0,0.0,8.414940083869697,8.414940083869697,0.0,0.0
motor_fault,A5_train_seed_1,50090,250,250,False,250,43,156,2.3062941505415147,30.938459585038757,576.5735376353787,-2.1316282072803006e-14,1.0,1.0,0.0,0.0,9.1800225667917,9.1800225667917,0.0,0.0
motor_fault,A5_train_seed_1,50091,250,250,False,250,242,15,11.123334742661068,28.878401903278956,2780.8336856652672,-1.865174681370263e-14,1.0,1.0,0.0,0.0,7.770725862581848,7.770725862581848,0.0,0.0
motor_fault,A5_train_seed_1,50092,250,250,False,250,222,6,5.404793525802452,8.859467976597871,1351.198381450613,-5.684341886080802e-14,1.0,1.0,0.0,0.0,8.63468051079333,8.63468051079333,0.0,0.0
motor_fault,A5_train_seed_1,50093,41,42,True,41,41,4,15.94926981613867,44.619855458130836,669.8693322778241,-63.45321034330999,1.0,1.0,0.0,0.0,9.183049520117653,9.183049520117653,0.0,0.0
motor_fault,A5_train_seed_1,50094,44,44,False,44,20,0,1.7376835062282838,6.851175862198467,76.45807427404449,-2.1316282072803006e-14,1.0,1.0,0.0,0.0,6.628096972764607,6.628096972764607,0.0,0.0
motor_fault,A5_train_seed_1,50095,250,250,False,250,25,0,0.5766079668334034,8.730463450875131,144.15199170835086,-3.552713678800501e-14,1.0,1.0,0.0,0.0,4.414386090846945,4.414386090846945,0.0,0.0
motor_fault,A5_train_seed_1,50096,250,250,False,250,29,0,1.539730644717769,19.333969274061918,384.9326611794422,-1.4210854715202004e-14,1.0,1.0,0.0,0.0,9.351050614311179,9.351050614311179,0.0,0.0
motor_fault,A5_train_seed_1,50097,250,250,False,250,234,5,5.008750476277835,19.763481253214064,1252.1876190694588,-5.684341886080802e-14,1.0,1.0,0.0,0.0,8.671684919015815,8.671684919015815,0.0,0.0
motor_fault,A5_train_seed_1,50098,250,250,False,250,60,0,2.1565192699045155,22.64582324576971,539.1298174761289,-7.105427357601002e-14,1.0,1.0,0.0,0.0,5.8330076692659745,5.8330076692659745,0.0,0.0
motor_fault,A5_train_seed_1,50099,45,46,True,45,42,6,9.200779050214706,39.470649460242285,423.2358363098765,-553.2054231629713,1.0,1.0,0.0,0.0,9.229017639604377,9.229017639604377,0.0,0.0
id_reference,A6_train_seed_1,50000,250,250,False,250,1,0,0.0004981323338079468,0.12453308345198669,0.12453308345198669,7.105427357601002e-15,0.1,0.1,6.392123076370607,9.497773389343196,8.416354743777097,0.8416354743777099,3.9720756244659423,3.9884252548217773
id_reference,A6_train_seed_1,50001,250,250,False,250,43,0,1.6019447383705097,22.198679240365188,400.4861845926274,-2.842170943040401e-14,0.10027779954593183,0.1,5.829541670597328,13.121691473159178,9.723279603098396,0.9725061124415557,3.971900990486145,3.9890668392181396
id_reference,A6_train_seed_1,50002,250,250,False,250,20,0,0.08923923156333481,1.8334316799767831,22.309807890833703,-2.842170943040401e-14,0.1,0.1,3.4742231742378,10.796599100415236,9.282484880693389,0.9282484880693388,3.972136493682861,3.988903760910034
id_reference,A6_train_seed_1,50003,250,250,False,250,39,0,2.593315086323286,27.941987759722554,648.3287715808215,-2.1316282072803006e-14,0.1,0.1,6.097651120916652,14.066153957794826,9.743630115596476,0.9743630115596473,2.636400495052338,3.9886486530303955
id_reference,A6_train_seed_1,50004,250,250,False,250,33,0,1.1123885394367385,20.677066575624416,278.0971348591846,-4.263256414560601e-14,0.1,0.1,5.466433993265267,12.927204308324459,8.374859558178612,0.8374859558178614,3.9716907787322997,3.988536834716797
id_reference,A6_train_seed_1,50005,250,250,False,250,39,0,0.8787859320695791,21.090547915430946,219.69648301739477,-2.842170943040401e-14,0.10192410004672656,0.1,3.4130217870097748,10.725468656308573,9.483133525435536,0.9685190691081039,3.972075783729553,3.9891929626464844
id_reference,A6_train_seed_1,50006,250,250,False,250,20,0,0.1953728329772604,3.6189332741242954,48.8432082443151,-2.1316282072803006e-14,0.1,0.1,6.937366646984767,10.008431136012161,8.424363927417366,0.8424363927417367,3.971889847755432,3.988510847091675
id_reference,A6_train_seed_1,50007,250,250,False,250,24,0,2.078126370857561,27.92478015359842,519.5315927143902,-1.4210854715202004e-14,0.1,0.1,6.437403872107585,13.485096462716324,9.642273354988093,0.9642273354988092,3.971061602592468,3.9888453483581543
id_reference,A6_train_seed_1,50008,250,250,False,250,55,0,0.5885484904109941,20.93493639888319,147.13712260274852,-4.263256414560601e-14,0.10021316470342327,0.1,4.196041317975855,10.68331479520365,10.603493134456013,1.0627141408313878,3.9720611362457277,3.9891834259033203
id_reference,A6_train_seed_1,50009,250,250,False,250,43,21,3.0081040605899227,25.415598211757192,752.0260151474807,-1.4210854715202004e-14,0.1,0.1,7.796531995015206,14.252948434459036,9.858457345712653,0.9858457345712655,3.9718659744262697,3.988584280014038
id_reference,A6_train_seed_1,50010,250,250,False,250,18,0,1.4372313652276842,25.078215093748916,359.30784130692103,-7.105427357601002e-15,0.1,0.1,6.332053648211795,12.476409858598931,7.830419559423988,0.783041955942399,3.9713154497146608,3.9885737895965576
id_reference,A6_train_seed_1,50011,250,250,False,250,1,0,0.003100987434387207,0.7752468585968018,0.7752468585968018,0.0,0.1,0.1,5.152315870469459,11.027293845378063,7.293787690010422,0.7293787690010421,3.971929369926453,3.988352060317993
id_reference,A6_train_seed_1,50012,72,72,False,72,15,0,2.142306104621427,16.034412993090356,154.24603953274274,-2.1316282072803006e-14,0.09999999999999999,0.1,5.040075589646086,12.649884763230824,6.677102939015147,0.6677102939015147,3.932608130905363,3.9883768558502197
id_reference,A6_train_seed_1,50013,250,250,False,250,40,0,3.005048134812581,23.312995517834405,751.2620337031452,-7.105427357601002e-14,0.1,0.1,5.712835194108297,13.508942987813453,9.013659024445257,0.9013659024445257,3.9548409538269045,3.988241672515869
id_reference,A6_train_seed_1,50014,250,250,False,250,61,0,0.8300169949375656,20.433446186328872,207.5042487343914,-5.684341886080802e-14,0.1,0.1,4.4346458590769124,10.57705700428405,10.47661149522026,1.0476611495220258,3.971900584220886,3.988874673843384
id_reference,A6_train_seed_1,50015,250,250,False,250,33,0,1.9886075870026452,24.588618220902315,497.1518967506613,-2.1316282072803006e-14,0.1,0.1,5.870140133439161,14.053228909375859,9.062715765875312,0.9062715765875313,3.971534888267517,3.988698720932007
id_reference,A6_train_seed_1,50016,250,250,False,250,38,0,2.9247889925412207,25.024951926399034,731.1972481353051,-1.4210854715202004e-14,0.1,0.1,6.681629980689191,14.701970973598215,8.286565178232076,0.8286565178232077,3.9716354303359984,3.988607168197632
id_reference,A6_train_seed_1,50017,250,250,False,250,37,0,0.3898042737772873,19.801619611670464,97.45106844432183,-2.842170943040401e-14,0.10023720639497705,0.1,3.8907276839407943,7.192359017563406,10.416249088257299,1.044218594027346,3.972088584899902,3.9890828132629395
id_reference,A6_train_seed_1,50018,49,50,True,49,48,0,19.147967038766033,24.972398425337094,957.3983519383016,-13.939310498078513,0.09999999999999998,0.1,12.795691073985127,16.182175244455625,9.40284468402876,0.940284468402876,3.908098301887512,3.988379716873169
id_reference,A6_train_seed_1,50019,250,250,False,250,57,0,4.865654648303934,24.952556752115232,1216.4136620759837,-1.4210854715202004e-14,0.1,0.1,8.130275275918528,12.764873337022856,9.90950716158077,0.990950716158077,3.971817289352417,3.988476514816284
id_reference,A6_train_seed_1,50020,250,250,False,250,9,0,0.05413896874258207,3.0114244310218248,13.534742185645516,-2.842170943040401e-14,0.1,0.1,7.1790890054662135,8.090134594033493,10.425187936220215,1.0425187936220215,3.971941840171814,3.9880714416503906
id_reference,A6_train_seed_1,50021,250,250,False,250,1,0,0.0002801616403105474,0.07004041007763685,0.07004041007763685,0.0,0.10000052471316719,0.1,6.167333168392163,7.2057701582721725,10.202318126346915,1.0202366633536781,3.972000448226929,3.9883599281311035
id_reference,A6_train_seed_1,50022,250,250,False,250,25,0,1.8799357452706686,25.717354065088944,469.98393631766714,-2.1316282072803006e-14,0.1,0.1,5.181977801630151,13.341774073840476,9.407459460767019,0.9407459460767019,3.97146880531311,3.9887776374816895
id_reference,A6_train_seed_1,50023,250,250,False,250,31,0,0.9870551192038785,22.772971658664066,246.76377980096962,-1.4210854715202004e-14,0.10013493829418556,0.1,4.302160194102333,9.55648336526836,9.367636849767434,0.9374441649261855,3.971978479385376,3.989346742630005
id_reference,A6_train_seed_1,50024,250,250,False,250,0,0,0.0,0.0,0.0,9.961325836360668,0.1,0.1,4.420327908642337,7.451519957155597,3.376357471517773,0.33763574715177735,3.9719710121154783,3.988292694091797
id_reference,A6_train_seed_1,50025,250,250,False,250,38,0,1.3687417938076223,19.600432814579438,342.1854484519056,-1.7763568394002505e-14,0.10040139338390795,0.1,4.372225223978567,12.358076167868768,9.910493008664952,0.9947266380427945,3.971964512825012,3.9893338680267334
id_reference,A6_train_seed_1,50026,250,250,False,250,92,0,0.4792959392267104,3.1646180248331537,119.8239848066776,-2.842170943040401e-14,0.1,0.1,4.427290278970869,11.034157381603455,10.578131413895711,1.0578131413895713,3.9720454454421996,3.9889917373657227
id_reference,A6_train_seed_1,50027,37,37,False,37,20,0,0.9305392514933384,7.635707888673209,34.42995230525352,-1.4210854715202004e-14,0.10338289269585782,0.1,5.721179978599622,11.572514981960493,7.032731293546872,0.7228834273461576,3.8807351331453064,3.9893031120300293
id_reference,A6_train_seed_1,50028,250,250,False,250,23,0,1.5601435125769054,25.968646723951412,390.03587814422633,-2.1316282072803006e-14,0.1,0.1,4.545923872040946,10.951220330565253,9.35131714423371,0.9351317144233713,3.9715505695343016,3.9888267517089844
id_reference,A6_train_seed_1,50029,250,250,False,250,35,0,2.9838036744838385,27.061087330094935,745.9509186209597,-1.4210854715202004e-14,0.1,0.1,7.649694663519626,12.065697149451966,9.468027351840297,0.9468027351840299,3.971617790222168,3.9887006282806396
id_reference,A6_train_seed_1,50030,250,250,False,250,29,0,0.762594507489882,21.387321248055027,190.6486268724705,-1.4210854715202004e-14,0.10027244849156972,0.1,4.768192839609894,10.22795060548968,8.538003063176415,0.8558042613689315,3.9719951210021973,3.988847017288208
id_reference,A6_train_seed_1,50031,250,250,False,250,28,0,1.030870434559752,22.455045863287488,257.71760863993796,-2.842170943040401e-14,0.10192076192568938,0.1,3.4107758863189397,10.241330520634964,4.910355674423619,0.5008386217231089,3.9720691528320313,3.989384412765503
id_reference,A6_train_seed_1,50032,250,250,False,250,23,0,1.7731804142497813,25.793753116448837,443.2951035624453,-2.1316282072803006e-14,0.1,0.1,5.04767199152436,14.453533253299241,9.79259456558909,0.9792594565589091,3.9713777284622194,3.9886112213134766
id_reference,A6_train_seed_1,50033,250,250,False,250,0,0,0.0,0.0,0.0,7.092090211279981,0.10003162773110184,0.1,5.626432242436171,6.797122543702879,10.52314098648129,1.0526373810006615,3.9719562034606932,3.988370895385742
id_reference,A6_train_seed_1,50034,250,250,False,250,18,0,0.05397314435333302,1.5273060081560288,13.493286088333257,-7.105427357601002e-15,0.1,0.1,4.504077456631092,9.124683360426168,9.663091438923042,0.9663091438923042,3.9720919704437256,3.988746404647827
id_reference,A6_train_seed_1,50035,250,250,False,250,22,0,0.07734491714549108,1.5100106757202325,19.33622928637277,-1.4210854715202004e-14,0.10015101621337712,0.1,4.101862169218421,12.817722003727779,8.290547846220733,0.8303560720394592,3.9721404323577882,3.988816022872925
id_reference,A6_train_seed_1,50036,250,250,False,250,33,0,0.21273578380244865,2.9524509398329695,53.18394595061216,-4.263256414560601e-14,0.1,0.1,4.419315021169512,8.518672175080082,5.8349596123491905,0.5834959612349191,3.971996557235718,3.9884326457977295
id_reference,A6_train_seed_1,50037,250,250,False,250,23,0,1.0755090140006938,17.61473252838447,268.8772535001734,-2.1316282072803006e-14,0.1,0.1,4.4267249922172685,12.825269244782321,6.88027105462243,0.6880271054622431,3.971834403991699,3.98848557472229
id_reference,A6_train_seed_1,50038,250,250,False,250,41,0,1.1442063797908146,21.43706321322577,286.0515949477037,-4.263256414560601e-14,0.10006876064204537,0.1,5.0268071306002025,11.036505977397061,10.377625954444339,1.0382342635975346,3.9719179859161375,3.989210367202759
id_reference,A6_train_seed_1,50039,250,250,False,250,23,0,0.045630792777678945,0.882654472939736,11.407698194419737,-2.842170943040401e-14,0.1,0.1,5.692371516745176,7.450250274564782,9.670698417999404,0.9670698417999406,3.972014213562012,3.9883344173431396
id_reference,A6_train_seed_1,50040,250,250,False,250,17,0,0.28859250363233924,18.67322727710373,72.14812590808481,-1.4210854715202004e-14,0.15800379674419418,0.1,1.9231821263093138,8.110153349409517,8.669483279545062,1.3684054733146815,3.9721410045623777,3.9888877868652344
id_reference,A6_train_seed_1,50041,250,250,False,250,14,0,1.011621814042628,25.197639419609363,252.90545351065703,-1.4210854715202004e-14,0.1,0.1,3.9497011926801315,11.733948473529018,8.611597768754619,0.861159776875462,3.9715276098251344,3.988661527633667
id_reference,A6_train_seed_1,50042,53,53,False,53,15,0,0.3819289331016028,7.616359086908239,20.242233454384948,-4.263256414560601e-14,0.1128851100249588,0.1,3.8574965008761892,11.859960993909374,8.648863052673928,0.9566651025695241,3.913213990769296,3.9891552925109863
id_reference,A6_train_seed_1,50043,250,250,False,250,0,0,0.0,0.0,0.0,0.1151906967220171,0.1,0.1,6.499216634820194,9.113176758487123,10.327152388182617,1.0327152388182614,3.9718885679244993,3.988159418106079
id_reference,A6_train_seed_1,50044,250,250,False,250,26,0,1.2631859917889232,16.64211351166112,315.7964979472308,-2.1316282072803006e-14,0.1,0.1,4.486310963889641,11.715122371027398,8.288200164456407,0.828820016445641,3.9715778646469118,3.9883885383605957
id_reference,A6_train_seed_1,50045,250,250,False,250,71,26,4.641215380115748,24.281223896369177,1160.3038450289368,-2.842170943040401e-14,0.1,0.1,7.8246831885573425,14.002827935368563,9.535847329556676,0.9535847329556677,3.971916766166687,3.98838472366333
id_reference,A6_train_seed_1,50046,53,53,False,53,17,0,6.381152901546542,25.7980848910813,338.2011037819667,-1.4210854715202004e-14,0.09999999999999996,0.1,7.6327965569952525,13.382430104894842,7.549702830283008,0.7549702830283005,3.9128528585973776,3.9887747764587402
id_reference,A6_train_seed_1,50047,250,250,False,250,7,0,0.017122933892999754,0.7826881408691406,4.2807334732499385,0.0,0.1,0.1,8.80026084075321,10.6928822915577,10.914405866667213,1.0914405866667212,3.9717813844680787,3.988232135772705
id_reference,A6_train_seed_1,50048,250,250,False,250,26,0,0.40204623464541406,9.07704965356626,100.51155866135352,-4.263256414560601e-14,0.13405002205138522,0.1,2.508575232057542,11.293457604695371,7.729234792785706,1.0291807833150783,3.9720914993286134,3.989210367202759
id_reference,A6_train_seed_1,50049,250,250,False,250,23,0,1.8896119633214827,24.600221707546826,472.4029908303707,-2.1316282072803006e-14,0.1,0.1,5.880304048256978,12.622723394123602,8.97368529088777,0.897368529088777,3.970972247123718,3.988541841506958
id_reference,A6_train_seed_1,50050,250,250,False,250,48,0,1.1789371643794835,21.877264651194594,294.73429109487085,-2.842170943040401e-14,0.1,0.1,4.0088181023070515,11.508998654677853,9.062259934161327,0.9062259934161329,3.9720146656036377,3.989105463027954
id_reference,A6_train_seed_1,50051,250,250,False,250,249,0,2.9624736381978436,21.783448203272037,740.6184095494609,-1.4210854715202004e-14,0.10017718856022395,0.1,3.6514444065644898,9.724058639444285,7.744563481959698,0.7757997520453104,3.9719820432662964,3.9890830516815186
id_reference,A6_train_seed_1,50052,250,250,False,250,249,0,5.643177649702508,26.577792519661035,1410.7944124256271,-2.4868995751603507e-14,0.10005622054168745,0.1,6.354392081490053,14.799071760049909,8.174206361752756,0.8179386208957128,3.971764310836792,3.98913311958313
id_reference,A6_train_seed_1,50053,250,250,False,250,21,0,0.9996412362937686,16.699834049924853,249.91030907344214,-2.1316282072803006e-14,0.1,0.1,4.541158755627168,12.994528227160274,8.341754259507015,0.8341754259507015,3.9716838989257814,3.988534450531006
id_reference,A6_train_seed_1,50054,250,250,False,250,45,0,0.8273900016003328,21.00443972888316,206.84750040008322,-4.263256414560601e-14,0.10002815174757032,0.1,3.6035565177414823,10.669555983049689,9.302917653085547,0.9305165350151214,3.9720189924240112,3.9890520572662354
id_reference,A6_train_seed_1,50055,250,250,False,250,34,18,2.512342843713058,25.08354018852449,628.0857109282645,-2.1316282072803006e-14,0.1,0.1,6.595033525263574,12.710084378222982,8.787801472853362,0.8787801472853362,3.9717518978118895,3.988604784011841
id_reference,A6_train_seed_1,50056,48,48,False,48,0,0,0.0,0.0,0.0,8.497163091270679,0.10064081503550566,0.1,5.310731383548318,6.205170888522821,7.012238943107931,0.7066243866666356,3.904977490504583,3.9883270263671875
id_reference,A6_train_seed_1,50057,250,250,False,250,25,0,0.5336198103661467,9.505241779339412,133.40495259153667,-2.1316282072803006e-14,0.1,0.1,7.908101372729854,11.488219606464542,9.47039367366795,0.947039367366795,3.9717116441726685,3.988398551940918
id_reference,A6_train_seed_1,50058,250,250,False,250,29,0,2.429044287717352,27.151569713648623,607.261071929338,-1.7763568394002505e-14,0.1,0.1,7.382410714532646,13.12872533354463,8.914539567856144,0.8914539567856142,3.9717982540130614,3.9888601303100586
id_reference,A6_train_seed_1,50059,250,250,False,250,32,0,0.24724683083875576,3.9249362290006093,61.81170770968894,-2.1316282072803006e-14,0.10025489054567985,0.1,4.742312734403166,12.14295658347647,8.438262748561353,0.8461730066605401,3.9721414880752564,3.9888765811920166
id_reference,A6_train_seed_1,50060,250,250,False,250,25,0,2.13284668759542,24.760307713682106,533.211671898855,-2.1316282072803006e-14,0.1,0.1,6.614724561792638,12.758287103034334,7.890351592346178,0.7890351592346179,3.9701558666229246,3.9886300563812256
id_reference,A6_train_seed_1,50061,250,250,False,250,0,0,0.0,0.0,0.0,2.7770381004411675,0.1,0.1,5.489304311865797,9.405316595043038,5.948190680001451,0.5948190680001452,3.9719038009643555,3.9883170127868652
id_reference,A6_train_seed_1,50062,250,250,False,250,36,0,1.2472285160705627,22.769715921639396,311.8071290176407,-1.4210854715202004e-14,0.10104899543113964,0.1,3.6940932040625567,10.917513444169016,8.323873157719325,0.8414837996832056,3.9720482511520387,3.9893369674682617
id_reference,A6_train_seed_1,50063,250,250,False,250,0,0,0.0,0.0,0.0,6.6576216650462,0.1,0.1,7.595655787146818,9.04281778207382,10.294972193726533,1.0294972193726533,3.971962878227234,3.98813533782959
id_reference,A6_train_seed_1,50064,250,250,False,250,11,0,0.18508999220865502,6.043413927846577,46.272498052163755,-2.1316282072803006e-14,0.1,0.1,3.8537030178045097,10.023489035299816,6.796291626087222,0.6796291626087223,3.971812029838562,3.988593339920044
id_reference,A6_train_seed_1,50065,250,250,False,250,6,0,0.0074786846769039775,0.59467046155802,1.8696711692259944,-2.1316282072803006e-14,0.1,0.1,4.9234371300722195,7.278337620623018,10.273803587095486,1.0273803587095485,3.97202543258667,3.98856520652771
id_reference,A6_train_seed_1,50066,250,250,False,250,39,0,3.273769340855053,25.388418033396984,818.4423352137632,-2.842170943040401e-14,0.1,0.1,7.790327654796779,13.86173528837844,9.940231230139988,0.9940231230139989,3.971797466278076,3.98856782913208
id_reference,A6_train_seed_1,50067,250,250,False,250,11,0,0.027394602436828053,1.2301366046131168,6.848650609207013,-1.4210854715202004e-14,0.10003712083394614,0.1,4.9204019912957255,8.863972366068579,9.783066230820893,0.9786022294354293,3.972081736564636,3.9887335300445557
id_reference,A6_train_seed_1,50068,48,48,False,48,7,0,0.08744711160526147,0.9822551319513552,4.197461357052551,-1.7763568394002505e-14,0.10007606748130393,0.1,3.4815175867385295,6.024858078738942,6.351004840122616,0.6354059807647746,3.90524585545063,3.9887120723724365
id_reference,A6_train_seed_1,50069,250,250,False,250,21,0,1.2488329020078381,25.311294319916016,312.20822550195953,-2.1316282072803006e-14,0.1,0.1,3.754398291663891,12.520863332333704,7.279326603554752,0.7279326603554752,3.9715118207931517,3.988647699356079
id_reference,A6_train_seed_1,50070,250,250,False,250,0,0,0.0,0.0,0.0,7.738653716921284,0.10001601363626153,0.1,5.968630894931541,7.737029681131687,7.8174050184224875,0.7818924708639998,3.9720142488479615,3.98830509185791
id_reference,A6_train_seed_1,50071,74,74,False,74,9,0,0.6268731545661497,10.319926395307123,46.388613437895074,-2.1316282072803006e-14,0.09999999999999998,0.1,4.457181264384821,11.933314427451277,6.536670947183517,0.6536670947183517,3.933978225733783,3.9883666038513184
id_reference,A6_train_seed_1,50072,250,250,False,250,248,0,3.3714624757458185,21.55550419154529,842.8656189364547,-1.5987211554602254e-14,0.10001526609892375,0.1,4.766451482122433,9.21918313890315,7.9274482235593196,0.7929102723919413,3.9719121789932252,3.9891433715820312
id_reference,A6_train_seed_1,50073,250,250,False,250,41,0,1.2451259368907344,21.416524390974192,311.2814842226836,-2.842170943040401e-14,0.1,0.1,5.0765856253798765,11.719355945073852,9.741098914838435,0.9741098914838436,3.9719137496948242,3.989082098007202
id_reference,A6_train_seed_1,50074,250,250,False,250,9,0,0.01706683948193965,0.9512114603922248,4.266709870484913,-1.4210854715202004e-14,0.1,0.1,3.8963195556283163,7.517789013715948,8.760376035954607,0.8760376035954607,3.972120991706848,3.9886159896850586
id_reference,A6_train_seed_1,50075,250,250,False,250,34,0,0.2525804080590182,3.1295890710310785,63.145102014754556,-2.1316282072803006e-14,0.1,0.1,5.619511758278846,11.490106098449033,8.122704304206282,0.8122704304206283,3.972057643890381,3.988713264465332
id_reference,A6_train_seed_1,50076,34,35,True,34,34,3,13.009116616550445,27.437029051090942,455.31908157926557,-292.8005579689297,0.10000000000000002,0.1,8.655739970820049,13.480414697802075,10.117515630008986,1.0117515630008986,3.8744999749319895,3.988919973373413
id_reference,A6_train_seed_1,50077,250,250,False,250,14,3,0.11021006631744207,5.840133646173411,27.552516579360518,-2.842170943040401e-14,0.1491895368268149,0.1,1.8465329631473981,12.201365459742853,5.095518321865409,0.74505585174754,3.972119596481323,3.9892587661743164
id_reference,A6_train_seed_1,50078,250,250,False,250,20,0,0.023391738908082986,0.9952412574485937,5.847934727020746,-3.197442310920451e-14,0.10007192847859878,0.1,6.5991763002423065,9.621128758433848,9.586992810664935,0.9591253745651898,3.9720260877609253,3.9885876178741455
id_reference,A6_train_seed_1,50079,250,250,False,250,76,8,4.014828290939057,26.346560687781665,1003.7070727347643,-1.4210854715202004e-14,0.1,0.1,9.781306690512185,17.530325582554,5.408544251638461,0.5408544251638462,3.6417416237592697,3.988638401031494
id_reference,A6_train_seed_1,50080,250,250,False,250,41,0,1.4456616469608654,22.83392797803792,361.41541174021637,-2.842170943040401e-14,0.10039559307132413,0.1,4.782372877280719,12.078360345170825,9.535933231638289,0.9568222022340731,3.971952078819275,3.989384651184082
id_reference,A6_train_seed_1,50081,50,50,False,50,12,0,1.123784387922697,17.5066513283023,56.189219396134845,-1.4210854715202004e-14,0.13035581720923933,0.1,3.985479507913482,8.156124862182702,8.415333280359214,1.044317010303113,3.908670949935913,3.9891197681427
id_reference,A6_train_seed_1,50082,46,46,False,46,11,0,0.7512974769971765,7.883195101666441,34.55968394187012,-2.842170943040401e-14,0.09999999999999995,0.1,4.270307886216055,8.383746972803653,4.13255805297324,0.413255805297324,3.901625317075978,3.988813877105713
id_reference,A6_train_seed_1,50083,74,74,False,74,54,0,3.937363598627431,20.81104396639429,291.3649062984299,-1.4210854715202004e-14,0.11268467367852056,0.1,4.7438811296426255,10.249277774592972,5.702591334642372,0.6237251705291189,3.934320623810227,3.989187479019165
id_reference,A6_train_seed_1,50084,44,44,False,44,10,0,1.6385518274807447,14.129007263404723,72.09628040915277,-2.1316282072803006e-14,0.09999999999999996,0.1,5.921433269301119,12.655211824914748,6.974729702553063,0.6974729702553064,3.8974412191997874,3.9882802963256836
id_reference,A6_train_seed_1,50085,250,250,False,250,87,0,1.074918782204823,21.245091258642745,268.72969555120574,-1.5987211554602254e-14,0.1000051313355532,0.1,4.872963877828936,9.892914785328076,8.939799678592722,0.8940273526740666,3.9719576959609983,3.989079475402832
id_reference,A6_train_seed_1,50086,250,250,False,250,16,0,1.4437688160960311,29.74275461314973,360.94220402400776,-1.4210854715202004e-14,0.1,0.1,8.864374026324338,15.394967877501335,5.449664736585244,0.5449664736585244,3.971790411949158,3.9889183044433594
id_reference,A6_train_seed_1,50087,250,250,False,250,11,0,0.01677582240352423,0.6707505017050489,4.193955600881058,-7.105427357601002e-15,0.1,0.1,5.540865430692696,7.506643270990814,10.239179671959995,1.0239179671959995,3.97198980140686,3.988443613052368
id_reference,A6_train_seed_1,50088,250,250,False,250,249,0,7.429204909500614,23.56628071430916,1857.3012273751535,-1.4210854715202004e-14,0.10008774366940966,0.1,5.490257656725486,15.510004005062195,7.408840632148115,0.7414966256018567,3.971988862991333,3.9889943599700928
id_reference,A6_train_seed_1,50089,250,250,False,250,6,0,0.223622106043028,16.93779054559438,55.90552651075701,-1.4210854715202004e-14,0.10112400831074442,0.1,3.0472702256159763,10.145657234518227,10.303983157587249,1.0422535609062495,3.9720253467559816,3.989060640335083
id_reference,A6_train_seed_1,50090,250,250,False,250,31,33,2.6040513433103296,28.60607650562948,651.0128358275824,-2.1316282072803006e-14,0.1,0.1,7.255269523909816,14.33110954193274,9.598704808679667,0.9598704808679669,3.9719270401000975,3.9889280796051025
id_reference,A6_train_seed_1,50091,250,250,False,250,249,0,5.505211349129279,21.137181879568374,1376.3028372823198,-1.4210854715202004e-14,0.1,0.1,5.248029396887727,9.472417676099374,8.10631269685972,0.8106312696859718,3.971772476196289,3.9890177249908447
id_reference,A6_train_seed_1,50092,250,250,False,250,40,0,0.5636054719232131,6.040254680939324,140.90136798080326,-1.4210854715202004e-14,0.1,0.1,5.633294232228246,12.936391253710415,8.025143707728011,0.8025143707728013,3.972019462585449,3.9887404441833496
id_reference,A6_train_seed_1,50093,250,250,False,250,250,5,6.804589196413462,26.071875305222235,1701.1472991033656,-2.842170943040401e-14,0.1,0.1,8.784662702123992,14.484677017122186,9.675628290490945,0.9675628290490944,3.9715412588119507,3.9891064167022705
id_reference,A6_train_seed_1,50094,250,250,False,250,0,0,0.0,0.0,0.0,0.040070959241660375,0.1,0.1,6.7212679364125085,7.749745403203324,10.554055714243146,1.055405571424315,3.9719114398956297,3.9882760047912598
id_reference,A6_train_seed_1,50095,250,250,False,250,19,0,0.08172764808228684,1.5662595091433176,20.431912020571712,-2.842170943040401e-14,0.1,0.1,3.8523814060976673,7.595757357229067,5.380144722994188,0.5380144722994188,3.97191787147522,3.9886229038238525
id_reference,A6_train_seed_1,50096,250,250,False,250,26,0,2.0600623934949587,24.587328278231166,515.0155983737396,-1.4210854715202004e-14,0.1,0.1,4.958673984219794,11.127724694444478,8.287788078423523,0.8287788078423524,3.9625976428985594,3.9885754585266113
id_reference,A6_train_seed_1,50097,250,250,False,250,45,0,0.1842247513112024,9.966478447551868,46.0561878278006,-4.263256414560601e-14,0.1,0.1,5.241861259442883,12.372771791155875,10.606012621526165,1.0606012621526166,3.9719717235565186,3.989030599594116
id_reference,A6_train_seed_1,50098,63,63,False,63,25,0,8.587772850255961,29.770280475798444,541.0296895661255,-2.1316282072803006e-14,0.09999999999999995,0.1,11.309374273179412,15.312815825346842,8.90843514683154,0.890843514683154,3.922453725148761,3.988715887069702
id_reference,A6_train_seed_1,50099,250,250,False,250,68,0,0.5892206695909569,16.823790685506104,147.3051673977392,-2.842170943040401e-14,0.10007635538824204,0.1,4.191984117883381,10.970888723329981,10.409516835597556,1.0417380515762205,3.9719857444763185,3.9889819622039795
ood_compound,A6_train_seed_1,50000,250,250,False,250,158,0,1.6112260049863751,12.81274441734311,402.80650124659377,-4.263256414560601e-14,0.1,0.1,6.862421683247565,11.368466133581679,9.269011632796476,0.9269011632796478,3.97195165348053,3.988405704498291
ood_compound,A6_train_seed_1,50001,250,250,False,250,79,0,3.0277683496512773,22.128580261454594,756.9420874128193,-2.842170943040401e-14,0.10016690885557196,0.1,6.259244759727171,14.504357736490586,9.865188307557379,0.9865905892268297,3.9717266492843626,3.9890730381011963
ood_compound,A6_train_seed_1,50002,250,250,False,250,250,0,2.7157026938052202,8.20630154516946,678.9256734513051,-4.263256414560601e-14,0.1,0.1,7.444121795632511,15.318008889308,8.829640410789615,0.8829640410789616,3.9721815195083616,3.9889562129974365
ood_compound,A6_train_seed_1,50003,58,59,True,58,52,5,18.97597809636668,47.75142581937629,1119.5827076856342,-501.9124146070906,0.09999999999999998,0.1,7.984235105303476,14.066153957794826,10.287163073855519,1.0287163073855519,3.9208223496453236,3.988713026046753
ood_compound,A6_train_seed_1,50004,250,250,False,250,134,73,8.368720719909719,27.51634397650463,2092.18017997743,-2.842170943040401e-14,0.1,0.1,8.321644929962753,14.679867328646697,8.590758728167522,0.8590758728167522,3.9719256496429445,3.9885032176971436
ood_compound,A6_train_seed_1,50005,250,250,False,250,79,0,1.6524223719164608,21.090547915430946,413.1055929791152,-2.842170943040401e-14,0.1,0.1,4.9836451537853685,10.810779922073166,9.452851356656403,0.9452851356656403,3.9718061361312866,3.988912582397461
ood_compound,A6_train_seed_1,50006,250,250,False,250,80,0,1.3186147666389738,10.60620675937295,329.65369165974346,-2.1316282072803006e-14,0.1,0.1,9.340667496594882,11.605651545458365,9.443976299120868,0.9443976299120869,3.97202432346344,3.988538980484009
ood_compound,A6_train_seed_1,50007,60,61,True,60,46,3,14.20320206895526,44.55174358265349,866.3953262062709,-478.16693178205423,0.09999999999999996,0.1,7.590507000393967,13.485096462716324,9.876612493135134,0.9876612493135136,3.9230089109452044,3.9888648986816406
ood_compound,A6_train_seed_1,50008,250,250,False,250,202,3,2.0861402733568326,21.026501602146876,521.5350683392081,-2.842170943040401e-14,0.10030115201089822,0.1,5.884860697274132,11.339893247375153,9.979793786995163,0.9997356783037094,3.881357993841171,3.9891765117645264
ood_compound,A6_train_seed_1,50009,250,250,False,250,143,42,12.507394263533376,24.273372521658747,3126.8485658833442,-2.842170943040401e-14,0.1,0.1,10.214369001351239,14.252948434459036,9.126706526024522,0.9126706526024523,3.9722237758636476,3.98854398727417
ood_compound,A6_train_seed_1,50010,250,250,False,250,59,0,4.873800414603176,24.73113125906011,1218.450103650794,-2.1316282072803006e-14,0.1,0.1,7.785211688874419,12.476409858598931,9.21968408302455,0.921968408302455,3.9717641582489014,3.9885315895080566
ood_compound,A6_train_seed_1,50011,250,250,False,250,40,0,0.8902987760493445,11.285529386875105,222.57469401233612,-2.842170943040401e-14,0.1,0.1,5.845820034026471,11.027293845378063,9.15344113451465,0.9153441134514648,3.971712977409363,3.9885356426239014
ood_compound,A6_train_seed_1,50012,250,250,False,250,61,0,2.6419257452627813,17.666638160790903,660.4814363156953,-2.842170943040401e-14,0.1,0.1,6.374693022477752,13.144963269721087,7.4198399429412625,0.7419839942941262,3.971914081573486,3.988286018371582
ood_compound,A6_train_seed_1,50013,250,250,False,250,250,0,19.777275615443962,23.312995517834405,4944.318903860991,-2.842170943040401e-14,0.1,0.1,8.675051195082586,13.508942987813453,8.871506489578362,0.8871506489578362,3.97219793510437,3.9882800579071045
ood_compound,A6_train_seed_1,50014,250,250,False,250,197,0,1.9181987931091151,20.45543680653583,479.54969827727876,-2.842170943040401e-14,0.1,0.1,6.744054016167475,11.25868822070314,10.245540560097034,1.0245540560097033,3.8778686060905456,3.9887404441833496
ood_compound,A6_train_seed_1,50015,250,250,False,250,124,35,7.128744851978693,25.842886225787275,1782.1862129946733,-2.842170943040401e-14,0.1,0.1,9.232806794014142,16.745682750079713,7.711179470865362,0.7711179470865365,3.9718825273513794,3.9887373447418213
ood_compound,A6_train_seed_1,50016,250,250,False,250,176,9,12.50879531382334,24.73635968082185,3127.198828455835,-2.842170943040401e-14,0.1,0.1,11.417644623078937,16.59809453342009,7.888750727116953,0.7888750727116954,3.9722021560668948,3.988593816757202
ood_compound,A6_train_seed_1,50017,250,250,False,250,210,2,1.7136251434987781,19.801619611670464,428.40628587469456,-2.842170943040401e-14,0.10002831387925809,0.1,5.905540226325054,11.777271643228142,9.898026831482929,0.9900760498826385,3.9717984943389895,3.989010810852051
ood_compound,A6_train_seed_1,50018,250,250,False,250,250,0,12.543526150898982,24.312652930698977,3135.8815377247456,-2.842170943040401e-14,0.1,0.1,8.70693673337274,14.447475801524742,8.627526874444106,0.8627526874444107,3.9720326499938965,3.989145040512085
ood_compound,A6_train_seed_1,50019,250,250,False,250,250,0,22.638066497305374,23.419113606522362,5659.516624326344,-2.842170943040401e-14,0.1,0.1,11.450198520129383,14.468754957817065,8.876999271787879,0.887699927178788,3.972387455940247,3.988452911376953
ood_compound,A6_train_seed_1,50020,250,250,False,250,127,0,0.6680638601250117,3.351105983639193,167.01596503125293,-1.4210854715202004e-14,0.1,0.1,8.760107480362132,9.71574292809671,10.009890338526711,1.000989033852671,3.9718711519241334,3.988041877746582
ood_compound,A6_train_seed_1,50021,250,250,False,250,198,0,4.484133887527273,15.903923461950804,1121.0334718818183,-5.684341886080802e-14,0.10000052471316719,0.1,7.647699303412279,11.418748864614564,9.797377223577065,0.9797425730766928,3.971918384552002,3.9880948066711426
ood_compound,A6_train_seed_1,50022,250,250,False,250,96,0,3.836393031548522,24.815782801645884,959.0982578871306,-2.1316282072803006e-14,0.1,0.1,7.579060241675781,13.381461506978043,7.485456947972458,0.7485456947972459,3.9718083772659303,3.988784074783325
ood_compound,A6_train_seed_1,50023,250,250,False,250,76,0,1.7870142833845444,22.668950952516642,446.7535708461361,-1.4210854715202004e-14,0.1001328722841179,0.1,6.761340700366869,11.55021965869276,10.218361554853255,1.0225645837201955,3.971831777572632,3.989394426345825
ood_compound,A6_train_seed_1,50024,250,250,False,250,111,0,2.554023076720202,15.275274292154739,638.5057691800505,-2.842170943040401e-14,0.1,0.1,7.406942625272135,12.654913577245752,9.177740708806775,0.9177740708806778,3.971679139137268,3.988243818283081
ood_compound,A6_train_seed_1,50025,250,250,False,250,51,3,2.5573366422226473,19.600432814579438,639.3341605556618,-2.842170943040401e-14,0.10002300668499263,0.1,6.689880931511979,14.410866406149816,10.222327445331938,1.0224891895862918,3.971799140930176,3.989536762237549
ood_compound,A6_train_seed_1,50026,250,250,False,250,249,2,2.2273265442957064,9.714404114976581,556.8316360739266,-2.842170943040401e-14,0.10020115812324212,0.1,4.720545034688134,11.031008522901795,10.237177781281956,1.025634291556839,3.971863494873047,3.9889631271362305
ood_compound,A6_train_seed_1,50027,250,250,False,250,55,0,2.630801160697438,19.652559566902198,657.7002901743595,-2.1316282072803006e-14,0.10310275183354217,0.1,5.500127826594625,15.948573610979846,10.392887920899014,1.0714552903017212,3.971890411376953,3.9892513751983643
ood_compound,A6_train_seed_1,50028,250,250,False,250,103,0,3.7455612188444203,25.746702814700846,936.390304711105,-1.4210854715202004e-14,0.1,0.1,7.781379421899723,13.601327445680559,7.436211688776496,0.7436211688776495,3.9717053871154784,3.9888548851013184
ood_compound,A6_train_seed_1,50029,250,250,False,250,250,0,19.705363618707487,24.13108341498408,4926.340904676872,-2.842170943040401e-14,0.1,0.1,12.51657071814153,17.286080417226525,9.24076958246874,0.9240769582468741,3.972502082824707,3.9886646270751953
ood_compound,A6_train_seed_1,50030,250,250,False,250,36,2,1.6769252726950317,21.387321248055027,419.2313181737579,-2.842170943040401e-14,0.1000199763651631,0.1,4.636016624718785,11.166749677021363,8.61153633092641,0.8613400752683357,3.9716980667114257,3.988830089569092
ood_compound,A6_train_seed_1,50031,250,250,False,250,81,0,2.189547401629827,21.517053840032954,547.3868504074567,-2.842170943040401e-14,0.1,0.1,6.729903184843811,15.244814238745374,9.378508328652474,0.9378508328652475,3.971868107795715,3.989248514175415
ood_compound,A6_train_seed_1,50032,250,250,False,250,88,0,5.853709504625689,24.798134836694608,1463.4273761564223,-1.4210854715202004e-14,0.1,0.1,7.708391381879899,14.453533253299241,8.423765428531151,0.8423765428531151,3.9718331680297854,3.9885361194610596
ood_compound,A6_train_seed_1,50033,250,250,False,250,190,0,6.6410138313387765,19.642042594893496,1660.2534578346942,-4.263256414560601e-14,0.10003162773110184,0.1,10.398911085189606,14.660533376863516,9.916585712509175,0.9919818536034501,3.97181042098999,3.988192558288574
ood_compound,A6_train_seed_1,50034,250,250,False,250,250,0,7.200944485344015,20.956504626746153,1800.2361213360039,-4.263256414560601e-14,0.1,0.1,9.519775279853638,16.841391054659653,9.387553828221042,0.9387553828221044,3.9721248779296876,3.9886953830718994
ood_compound,A6_train_seed_1,50035,250,250,False,250,243,0,3.375648742412651,20.33680209758206,843.9121856031627,-4.263256414560601e-14,0.10053340903530539,0.1,8.034444256140407,16.336325866188698,8.745884610408176,0.8790317412369396,3.971984313964844,3.9887709617614746
ood_compound,A6_train_seed_1,50036,250,250,False,250,250,0,16.143192925289213,23.788392277711342,4035.7982313223033,-2.842170943040401e-14,0.1,0.1,12.227331769446144,16.11795667413401,9.080352970176886,0.9080352970176887,3.972029517173767,3.9882853031158447
ood_compound,A6_train_seed_1,50037,250,250,False,250,250,0,21.621117905811975,23.865988017770608,5405.279476452994,-2.842170943040401e-14,0.1,0.1,14.336452805312708,15.733884286092797,9.281120743195375,0.9281120743195377,3.972217772483826,3.988344192504883
ood_compound,A6_train_seed_1,50038,250,250,False,250,97,0,2.0074749688607647,21.366560886727058,501.86874221519116,-1.4210854715202004e-14,0.10005572416101281,0.1,7.348842593763191,14.017103781138852,10.252886264582536,1.0258086029442692,3.971771576881409,3.989332675933838
ood_compound,A6_train_seed_1,50039,250,250,False,250,250,0,9.747563070227377,21.628305297583452,2436.8907675568444,-4.263256414560601e-14,0.1,0.1,9.40566880865819,13.927499417160186,8.577825806688702,0.8577825806688707,3.97212202167511,3.988314390182495
ood_compound,A6_train_seed_1,50040,250,250,False,250,36,0,1.4276552452948144,18.67322727710373,356.9138113237036,-2.842170943040401e-14,0.10018156621359071,0.1,4.54114986624389,9.781177399271769,10.180311554366442,1.0197503977101396,3.9716242027282713,3.9887897968292236
ood_compound,A6_train_seed_1,50041,250,250,False,250,86,0,3.021398268998275,25.251070880855544,755.3495672495687,-2.842170943040401e-14,0.1,0.1,7.353252746184317,12.442209468452779,7.802632742745518,0.7802632742745518,3.971589840888977,3.9886486530303955
ood_compound,A6_train_seed_1,50042,250,250,False,250,216,0,1.5250332322410796,10.628585855186406,381.2583080602699,-2.842170943040401e-14,0.1,0.1,5.568049656741279,12.052487365843524,10.576133848824185,1.0576133848824187,3.972005096435547,3.9889400005340576
ood_compound,A6_train_seed_1,50043,250,250,False,250,35,0,0.10512543688501157,1.4078434586314401,26.28135922125289,-2.1316282072803006e-14,0.1,0.1,7.086525375691528,9.153170318766541,8.71059964066845,0.871059964066845,3.9719744482040404,3.9880521297454834
ood_compound,A6_train_seed_1,50044,250,250,False,250,250,0,20.93360619297031,23.76209093200346,5233.4015482425775,-2.842170943040401e-14,0.1,0.1,12.572317790608288,15.392404120628825,7.235744111675576,0.7235744111675576,3.9721175928115846,3.9882638454437256
ood_compound,A6_train_seed_1,50045,250,250,False,250,250,0,9.564570555518738,23.435525996301013,2391.1426388796845,-2.842170943040401e-14,0.1,0.1,7.426613292440871,14.002827935368563,8.962575273340455,0.8962575273340455,3.9710630893707277,3.988353729248047
ood_compound,A6_train_seed_1,50046,250,250,False,250,68,12,4.265640401223481,24.694047080077038,1066.4101003058704,-2.1316282072803006e-14,0.1,0.1,7.765920401368522,13.382430104894842,9.121780481954898,0.91217804819549,3.971959916114807,3.9886562824249268
ood_compound,A6_train_seed_1,50047,250,250,False,250,134,0,3.03715222955285,18.116483712006048,759.2880573882125,-2.1316282072803006e-14,0.1,0.1,9.691726366278656,14.511563928489311,8.8099500204604,0.8809950020460403,3.9717389068603515,3.98850679397583
ood_compound,A6_train_seed_1,50048,250,250,False,250,43,2,1.623942795213788,14.32977668290951,405.985698803447,-2.842170943040401e-14,0.10007808925561287,0.1,6.191042891735836,13.821282259344823,10.007516257863161,1.001620983077597,3.971843388557434,3.989345073699951
ood_compound,A6_train_seed_1,50049,250,250,False,250,184,0,15.026593796159675,24.015034972205793,3756.648449039919,-2.842170943040401e-14,0.10035095686968677,0.1,9.223930459638858,13.013148095317698,9.301517502506293,0.9341136472619253,3.972081198692322,3.988313913345337
ood_compound,A6_train_seed_1,50050,250,250,False,250,118,0,2.2828489575168467,20.72314024226987,570.7122393792117,-2.842170943040401e-14,0.1,0.1,7.289467960808292,11.43003003015972,10.242086016647269,1.024208601664727,3.9717650327682494,3.9891014099121094
ood_compound,A6_train_seed_1,50051,250,250,False,250,247,0,4.55903507938441,20.800657668812544,1139.7587698461025,-2.842170943040401e-14,0.1,0.1,6.733006879432375,9.644858867164459,9.09753291588008,0.9097532915880081,3.9717657718658446,3.9889700412750244
ood_compound,A6_train_seed_1,50052,250,250,False,250,227,0,6.385742225437562,25.96079482328974,1596.4355563593906,-2.842170943040401e-14,0.1,0.1,8.263260743784105,14.924874344140596,8.489677927394082,0.8489677927394085,3.971800273895264,3.989262580871582
ood_compound,A6_train_seed_1,50053,250,250,False,250,99,47,4.567866746105212,22.410267174233176,1141.966686526303,-2.1316282072803006e-14,0.1,0.1,8.224976353222031,13.137774336522703,8.33076439111508,0.8330764391115081,3.9718013019561766,3.988525390625
ood_compound,A6_train_seed_1,50054,250,250,False,250,75,0,1.7411533598544686,20.952921291372096,435.28833996361715,-2.842170943040401e-14,0.1,0.1,6.10313916290269,10.45913207736843,9.871315180038629,0.9871315180038628,3.971796812057495,3.988821029663086
ood_compound,A6_train_seed_1,50055,250,250,False,250,94,106,6.395834589542632,24.82027037831645,1598.958647385658,-2.1316282072803006e-14,0.1,0.1,8.349569552843688,12.715706992354004,8.671541382943811,0.8671541382943813,3.972018317222595,3.988581418991089
ood_compound,A6_train_seed_1,50056,250,250,False,250,0,0,0.0,0.0,0.0,0.2598870644151603,0.10006506356107045,0.1,8.468232213035968,10.46736101426953,8.130657634059286,0.8136031222010216,3.9720290460586547,3.9882094860076904
ood_compound,A6_train_seed_1,50057,250,250,False,250,224,0,11.957504085473468,22.969031645008858,2989.376021368367,-2.842170943040401e-14,0.1,0.1,12.43024817781102,16.90967368446387,9.142184737964167,0.9142184737964165,3.971814709663391,3.9883532524108887
ood_compound,A6_train_seed_1,50058,250,250,False,250,111,30,8.314791365401899,24.84626201058985,2078.697841350475,-2.842170943040401e-14,0.1,0.1,8.98858121188662,13.12872533354463,9.76436130114162,0.9764361301141621,3.9720283937454224,3.988837957382202
ood_compound,A6_train_seed_1,50059,250,250,False,250,250,0,3.42143043175535,18.995927496432426,855.3576079388375,-2.842170943040401e-14,0.10075335656514778,0.1,5.853358648658358,15.272024315280722,10.186657480863968,1.025727740403719,3.9720450229644775,3.9888217449188232
ood_compound,A6_train_seed_1,50060,250,250,False,250,250,0,22.345903757150612,23.071733083233,5586.475939287653,-2.842170943040401e-14,0.1,0.1,9.905215153192774,12.758287103034334,9.254517730785926,0.9254517730785928,3.9723713665008544,3.9883811473846436
ood_compound,A6_train_seed_1,50061,250,250,False,250,149,0,4.5341589414125565,21.55882981617955,1133.5397353531391,-2.842170943040401e-14,0.1,0.1,9.193992738412472,15.079469687322844,9.544153061815832,0.9544153061815832,3.9716109685897827,3.9882664680480957
ood_compound,A6_train_seed_1,50062,250,250,False,250,52,3,1.9881649816279348,24.191150487454866,497.0412454069837,-2.1316282072803006e-14,0.1,0.1,6.11562028184571,11.96309307152162,10.448834875052023,1.0448834875052022,3.97187225151062,3.9895026683807373
ood_compound,A6_train_seed_1,50063,250,250,False,250,194,0,12.714620085203208,24.283446645158495,3178.655021300802,-2.842170943040401e-14,0.1,0.1,10.828981432444936,15.963034340457458,9.700709292494373,0.9700709292494373,3.9717000541687013,3.9881186485290527
ood_compound,A6_train_seed_1,50064,250,250,False,250,250,0,15.487690737924257,23.06972436195123,3871.922684481064,-2.842170943040401e-14,0.1,0.1,12.76727973253536,17.573528743806897,9.167875583875855,0.9167875583875857,3.9720852117538454,3.988556146621704
ood_compound,A6_train_seed_1,50065,250,250,False,250,35,0,0.26656420474953485,4.454116584040459,66.64105118738371,-2.1316282072803006e-14,0.1,0.1,5.660814840691162,9.345932593888467,9.334863209224444,0.9334863209224447,3.972062171936035,3.9885735511779785
ood_compound,A6_train_seed_1,50066,250,250,False,250,250,0,22.698815261399425,23.997581900738446,5674.703815349856,-2.842170943040401e-14,0.1,0.1,11.81328723399333,15.319794760946937,8.73196588455471,0.8731965884554711,3.9723781795501707,3.9885592460632324
ood_compound,A6_train_seed_1,50067,250,250,False,250,157,0,4.0636455355683,19.217687063197516,1015.911383892075,-4.263256414560601e-14,0.1,0.1,9.127589478208371,17.557907990357442,9.596497276180594,0.9596497276180597,3.972112964630127,3.988694667816162
ood_compound,A6_train_seed_1,50068,250,250,False,250,19,0,0.027617542418895843,0.9723371123221962,6.904385604723961,-2.1316282072803006e-14,0.1,0.1,4.258374776526696,8.155354081785022,9.675696448543045,0.9675696448543044,3.9721315755844118,3.9884912967681885
ood_compound,A6_train_seed_1,50069,250,250,False,250,114,0,3.130138151459869,25.276704993580257,782.5345378649673,-2.1316282072803006e-14,0.1,0.1,7.496100698844497,14.165143312759978,7.525730542608058,0.7525730542608059,3.9714788761138915,3.9886064529418945
ood_compound,A6_train_seed_1,50070,250,250,False,250,38,0,0.6364503476583521,7.465369506421781,159.112586914588,-1.4210854715202004e-14,0.1,0.1,6.6562850198114045,9.671266405546566,9.444910045734625,0.9444910045734628,3.971843897819519,3.9884002208709717
ood_compound,A6_train_seed_1,50071,250,250,False,250,250,0,17.81114820260549,23.752878254104854,4452.787050651373,-2.842170943040401e-14,0.1,0.1,11.859135204938939,16.513208074433493,7.95074633005729,0.795074633005729,3.972041464805603,3.988307237625122
ood_compound,A6_train_seed_1,50072,250,250,False,250,239,0,3.200337073427314,21.29390040601067,800.0842683568286,-2.842170943040401e-14,0.1,0.1,5.663336634932708,8.836229000260628,8.367170845559457,0.8367170845559456,3.971911759376526,3.9889540672302246
ood_compound,A6_train_seed_1,50073,250,250,False,250,111,0,2.1969365132612433,21.41613951476681,549.2341283153108,-2.842170943040401e-14,0.1,0.1,7.347767627990846,14.875222508279073,10.17513389585657,1.0175133895856572,3.971747498512268,3.988938570022583
ood_compound,A6_train_seed_1,50074,250,250,False,250,250,0,1.2030261648477945,5.1050083088798806,300.7565412119486,-4.973799150320701e-14,0.1,0.1,6.581712387364219,10.95246554124777,7.885954890684547,0.7885954890684549,3.9721125116348266,3.9885268211364746
ood_compound,A6_train_seed_1,50075,250,250,False,250,151,0,5.5085221116177,23.344723046811694,1377.130527904425,-2.842170943040401e-14,0.1,0.1,10.217714150626579,17.410552941232854,9.104943802994221,0.9104943802994221,3.971792239189148,3.988712787628174
ood_compound,A6_train_seed_1,50076,32,33,True,32,32,2,12.180003877309243,26.458495159847782,401.940127951205,-287.30264097740024,0.1,0.1,8.49955114441408,13.476896556440984,9.505003664243105,0.9505003664243108,3.8676452853462915,3.9889984130859375
ood_compound,A6_train_seed_1,50077,250,250,False,250,46,0,1.6319945483287357,15.248334322797989,407.9986370821839,-2.842170943040401e-14,0.1,0.1,5.521398441693917,13.457781060427415,10.44235153979328,1.044235153979328,3.9719016427993776,3.9892163276672363
ood_compound,A6_train_seed_1,50078,250,250,False,250,250,0,14.65802358516516,24.92395410846161,3664.5058962912904,-3.552713678800501e-14,0.10006960153187938,0.1,11.93233953910653,17.925943508659234,9.640297652550773,0.9644378305688014,3.9718927392959595,3.988544225692749
ood_compound,A6_train_seed_1,50079,250,250,False,250,237,0,9.875192281684564,23.53796513497828,2468.798070421141,-2.842170943040401e-14,0.10063945482356593,0.1,6.908553065563183,15.026173320465189,7.930354559460118,0.7981945434592893,3.971716133117676,3.988687515258789
ood_compound,A6_train_seed_1,50080,250,250,False,250,98,2,1.9234167741613164,23.25492078988263,480.8541935403291,-1.4210854715202004e-14,0.10008638270035664,0.1,6.945466219561291,11.361065107639284,10.070345455436062,1.0074349213035099,3.971839119911194,3.9894626140594482
ood_compound,A6_train_seed_1,50081,250,250,False,250,43,0,1.1125294306177977,17.5066513283023,278.13235765444944,-2.842170943040401e-14,0.10003877555159221,0.1,5.850511434741673,10.367805895932337,10.133712316399873,1.0136728902009042,3.971859106063843,3.988950252532959
ood_compound,A6_train_seed_1,50082,250,250,False,250,35,170,1.2646371125553004,13.40984761178668,316.15927813882513,-1.4210854715202004e-14,0.1,0.1,5.892818243514095,10.8598571794717,9.072199761503034,0.9072199761503034,3.971784432411194,3.988632917404175
ood_compound,A6_train_seed_1,50083,250,250,False,250,241,0,2.4008961055504408,20.8206519809414,600.2240263876101,-1.4210854715202004e-14,0.10024351534468749,0.1,4.689683606334216,9.404379735383527,7.878300515731044,0.7899906187570771,3.9719412202835085,3.9890215396881104
ood_compound,A6_train_seed_1,50084,250,250,False,250,250,0,17.473745343735562,22.61618265334064,4368.43633593389,-2.842170943040401e-14,0.1,0.1,11.448224107125519,12.99008008928852,8.931518666892025,0.8931518666892027,3.9720725660324097,3.9881768226623535
ood_compound,A6_train_seed_1,50085,250,250,False,250,240,0,2.9190055657829435,21.246404081037497,729.7513914457359,-2.842170943040401e-14,0.1,0.1,7.261792057553743,15.75399873314825,8.868403994513054,0.8868403994513053,3.971853143692017,3.988837957382202
ood_compound,A6_train_seed_1,50086,250,250,False,250,247,47,16.993008798835778,37.960693744017476,4248.252199708944,-1.4210854715202004e-14,0.10064011523053286,0.1,7.940767370851612,15.394967877501335,8.518369765710897,0.8569841686791083,3.751618178606033,3.9889259338378906
ood_compound,A6_train_seed_1,50087,250,250,False,250,141,0,2.2420318451491767,7.48521878641776,560.5079612872942,-4.263256414560601e-14,0.1,0.1,8.44089651298849,11.367765771967512,9.216080714729603,0.9216080714729603,3.972135043144226,3.9882802963256836
ood_compound,A6_train_seed_1,50088,250,250,False,250,244,0,6.561352731442973,23.56628071430916,1640.3381828607432,-2.842170943040401e-14,0.1,0.1,7.847952066712619,15.510004005062195,9.678476997785891,0.967847699778589,3.9690176038742067,3.98888897895813
ood_compound,A6_train_seed_1,50089,250,250,False,250,23,0,0.3838192885870239,16.93779054559438,95.95482214675597,-2.842170943040401e-14,0.1,0.1,5.360181354456272,10.467586159018468,9.987524897802768,0.998752489780277,3.9718698568344117,3.989029884338379
ood_compound,A6_train_seed_1,50090,250,250,False,250,146,57,10.201106143790282,26.41129712205321,2550.2765359475707,-2.1316282072803006e-14,0.1,0.1,10.040380029875658,17.97312471302832,8.707896209174606,0.8707896209174607,3.9722245559692384,3.989015817642212
ood_compound,A6_train_seed_1,50091,250,250,False,250,229,0,5.188817621260176,21.136388314517916,1297.204405315044,-2.842170943040401e-14,0.1,0.1,6.063888163544514,13.28184226805713,8.143320437885817,0.8143320437885818,3.971801591873169,3.9890966415405273
ood_compound,A6_train_seed_1,50092,250,250,False,250,61,0,2.6109750328268406,23.04636164067482,652.7437582067101,-2.842170943040401e-14,0.1,0.1,6.859610698932556,14.457680651056185,9.178092125681557,0.9178092125681557,3.971780467033386,3.9887728691101074
ood_compound,A6_train_seed_1,50093,250,250,False,250,250,7,8.855441518849286,25.84531589497528,2213.8603797123214,-2.842170943040401e-14,0.10001379095401347,0.1,8.403580104072514,14.506208678904292,8.842994488283054,0.8844328046593858,3.9714953870773315,3.989346504211426
ood_compound,A6_train_seed_1,50094,250,250,False,250,97,0,0.40493899075138046,2.7816370523551073,101.23474768784511,-2.1316282072803006e-14,0.1,0.1,9.858811813569343,10.534121441413808,8.138482304568134,0.8138482304568132,3.9720176792144777,3.988210678100586
ood_compound,A6_train_seed_1,50095,250,250,False,250,60,46,1.3731288417935552,9.499731925012098,343.2822104483888,-2.1316282072803006e-14,0.1,0.1,6.638199319977337,9.972293449824955,7.880488291701862,0.7880488291701863,3.9720355167388917,3.988553762435913
ood_compound,A6_train_seed_1,50096,250,250,False,250,100,0,4.116024579191785,24.13477515838557,1029.0061447979463,-2.1316282072803006e-14,0.1,0.1,7.508525592811121,12.237272465620181,8.914592124638654,0.8914592124638654,3.921449378967285,3.9885947704315186
ood_compound,A6_train_seed_1,50097,250,250,False,250,192,3,1.1647687283189352,9.966478447551868,291.1921820797338,-5.684341886080802e-14,0.1,0.1,4.611802810126582,12.372771791155875,10.25509587266489,1.025509587266489,3.971812494277954,3.989008665084839
ood_compound,A6_train_seed_1,50098,50,51,True,50,49,4,19.21197155265183,27.715799248318703,979.8105491852432,-146.16357030197003,0.09999999999999998,0.1,9.057557058553494,12.565654210198488,10.20748060934182,1.0207480609341817,3.910277936972824,3.9888007640838623
ood_compound,A6_train_seed_1,50099,250,250,False,250,217,4,2.104671123184723,16.823790685506104,526.1677807961808,-2.842170943040401e-14,0.1002006974368962,0.1,5.062510675193048,9.881355414992285,9.82993033077231,0.9845990737400466,3.971775249481201,3.9890122413635254
motor_fault,A6_train_seed_1,50000,250,250,False,250,192,0,0.2008287113101281,1.3124681505279783,50.20717782753203,-2.842170943040401e-14,0.1,0.1,6.956806001680903,10.154627884868075,9.098683259640838,0.9098683259640838,3.9719121990203856,3.9884252548217773
motor_fault,A6_train_seed_1,50001,250,250,False,250,43,0,1.4444441166647202,22.198679240365188,361.11102916618006,-2.842170943040401e-14,0.10085397571087808,0.1,4.642614638923522,9.999269681539644,9.182242861997365,0.9236077285127555,3.9718168153762816,3.989068031311035
motor_fault,A6_train_seed_1,50002,250,250,False,250,246,2,7.721191609661923,36.45836265264396,1930.2979024154806,-4.263256414560601e-14,0.10004267338206901,0.1,6.743949268712854,16.082244520814925,8.565338251102032,0.8569751936402982,3.8694004101753237,3.98905873298645
motor_fault,A6_train_seed_1,50003,250,250,False,250,45,0,2.6903134315660573,27.941987759722554,672.5783578915143,-2.1316282072803006e-14,0.1,0.1,6.664259606841568,14.066153957794826,10.175907967057851,1.0175907967057851,3.9693313608169554,3.9886486530303955
motor_fault,A6_train_seed_1,50004,250,250,False,250,250,0,2.393082937199941,20.677066575624416,598.2707342999852,-4.263256414560601e-14,0.1,0.1,8.087355774204168,12.927204308324459,9.540014809431979,0.9540014809431977,3.972050651550293,3.9881796836853027
motor_fault,A6_train_seed_1,50005,250,250,False,250,60,0,1.331750219281736,21.090547915430946,332.937554820434,-2.842170943040401e-14,0.10004874287655051,0.1,4.3012419781896885,11.843635389610288,9.395452231833707,0.9397284254085332,3.9719061040878296,3.9891929626464844
motor_fault,A6_train_seed_1,50006,250,250,False,250,87,0,0.6181937814742134,4.368009303721246,154.54844536855336,-2.842170943040401e-14,0.1,0.1,8.506380320234257,10.40116836817378,6.699030797362137,0.6699030797362138,3.9720134801864626,3.988510847091675
motor_fault,A6_train_seed_1,50007,250,250,False,250,24,0,2.08338382052482,27.92478015359842,520.8459551312051,-1.4210854715202004e-14,0.1,0.1,7.2685096150412996,13.485096462716324,9.613296554328768,0.961329655432877,3.9716558465957643,3.9888453483581543
motor_fault,A6_train_seed_1,50008,250,250,False,250,119,0,2.1158830896084817,23.25597546393911,528.9707724021205,-4.263256414560601e-14,0.10044653885807421,0.1,4.911434678711499,11.287640280761517,9.655490368046545,0.9673291986483271,3.895229622840881,3.9891834259033203
motor_fault,A6_train_seed_1,50009,250,250,False,250,250,2,10.48873926014698,25.268659591367918,2622.184815036745,-1.4210854715202004e-14,0.10013083625330511,0.1,7.5675041308272535,17.61345412560358,9.032906713860157,0.9043383811359903,3.969854491233826,3.988584280014038
motor_fault,A6_train_seed_1,50010,250,250,False,250,18,0,1.4372313652276842,25.078215093748916,359.30784130692103,-7.105427357601002e-15,0.1,0.1,6.423246822719754,12.476409858598931,9.344575088219827,0.9344575088219826,3.9715734453201295,3.9885737895965576
motor_fault,A6_train_seed_1,50011,250,250,False,250,1,0,0.003100987434387207,0.7752468585968018,0.7752468585968018,0.0,0.1,0.1,5.634760148779755,11.027293845378063,8.463414687877409,0.846341468787741,3.9717165746688843,3.988352060317993
motor_fault,A6_train_seed_1,50012,250,250,False,250,15,0,0.616984158130971,16.034412993090356,154.24603953274274,-2.1316282072803006e-14,0.1,0.1,3.814503695129628,12.649884763230824,7.039636246166381,0.7039636246166382,3.9716762742996217,3.9883768558502197
motor_fault,A6_train_seed_1,50013,250,250,False,250,31,0,2.4300408177955894,23.312995517834405,607.5102044488974,-1.4210854715202004e-14,0.1,0.1,5.850823550767751,13.508942987813453,9.360038621850693,0.9360038621850695,3.9680030698776245,3.9881134033203125
motor_fault,A6_train_seed_1,50014,250,250,False,250,157,0,1.0598310917039293,20.433446186328872,264.95777292598234,-2.842170943040401e-14,0.1,0.1,5.9737629025137515,9.943337258359188,9.991008949449824,0.9991008949449827,3.9717063455581667,3.988874673843384
motor_fault,A6_train_seed_1,50015,250,250,False,250,40,135,2.051801579458103,24.588618220902315,512.9503948645257,-2.1316282072803006e-14,0.1,0.1,7.464713910274807,14.053228909375859,8.716479581986833,0.8716479581986833,3.9717151823043824,3.988698720932007
motor_fault,A6_train_seed_1,50016,250,250,False,250,250,0,18.126900672227144,25.40677407688074,4531.725168056786,-2.842170943040401e-14,0.1,0.1,8.832155861730184,14.701970973598215,10.57646296178245,1.057646296178245,3.9714674167633057,3.988607168197632
motor_fault,A6_train_seed_1,50017,250,250,False,250,67,0,0.6090357227440041,19.801619611670464,152.258930686001,-2.842170943040401e-14,0.10001551100542874,0.1,3.749446485236435,7.192359017563406,10.42915601334659,1.0430882292595838,3.9719326210021975,3.9890828132629395
motor_fault,A6_train_seed_1,50018,56,57,True,56,55,6,18.674775721093567,32.85923107684087,1064.4622161023333,-35.07294894061816,0.09999999999999999,0.1,12.739453200121082,21.171244978216944,10.157191141165058,1.015719114116506,3.9144034009230766,3.988379716873169
motor_fault,A6_train_seed_1,50019,250,250,False,250,250,159,12.103345848474898,23.78590475791989,3025.8364621187247,-1.4210854715202004e-14,0.1,0.1,4.750820668828688,12.028600301246547,9.039508280698636,0.9039508280698637,3.6018925879001618,3.9884464740753174
motor_fault,A6_train_seed_1,50020,250,250,False,250,9,0,0.05413896874258207,3.0114244310218248,13.534742185645516,-2.842170943040401e-14,0.1,0.1,7.74776285553776,8.703987479374115,9.349199224940433,0.9349199224940434,3.9718370542526245,3.9880151748657227
motor_fault,A6_train_seed_1,50021,250,250,False,250,51,0,0.039011952033490116,0.6699520206448426,9.75298800837253,-2.842170943040401e-14,0.10000052471316719,0.1,6.251029993147089,8.423025204022457,8.123730027087646,0.812377853427751,3.97197843837738,3.9883599281311035
motor_fault,A6_train_seed_1,50022,250,250,False,250,27,0,1.8855990698384313,25.717354065088944,471.3997674596078,-2.1316282072803006e-14,0.1,0.1,6.620352116883736,13.341774073840476,7.929712818292701,0.7929712818292701,3.9716490659713743,3.9887776374816895
motor_fault,A6_train_seed_1,50023,250,250,False,250,30,0,0.7549751284402195,22.772971658664066,188.7437821100549,-2.842170943040401e-14,0.10101768517302799,0.1,5.0925204647625595,10.927639305197438,9.358551337942815,0.9439318931888411,3.971891544342041,3.989348888397217
motor_fault,A6_train_seed_1,50024,250,250,False,250,0,0,0.0,0.0,0.0,9.961325836360668,0.1,0.1,5.009278995677597,7.451519957155597,7.529089189658133,0.7529089189658135,3.971835702896118,3.988292694091797
motor_fault,A6_train_seed_1,50025,250,250,False,250,37,0,1.0712887527083554,19.600432814579438,267.82218817708883,-1.7763568394002505e-14,0.10036316587608726,0.1,5.130381561887636,12.64141051174975,10.138076893299624,1.0168543608774094,3.971787685394287,3.9893338680267334
motor_fault,A6_train_seed_1,50026,250,250,False,250,215,4,4.588451909011852,30.836402632751774,1147.112977252963,-2.842170943040401e-14,0.10017345708342512,0.1,5.46696766999117,14.594699853863478,9.672137168816949,0.9685132514675621,3.784243085384369,3.9889917373657227
motor_fault,A6_train_seed_1,50027,250,250,False,250,19,0,0.13779745257972148,7.635707888673209,34.44936314493037,-1.4210854715202004e-14,0.10000441074235004,0.1,2.963651396169902,11.572514981960493,8.345774831526787,0.8346273767326843,3.9721273717880248,3.9893031120300293
motor_fault,A6_train_seed_1,50028,250,250,False,250,21,0,1.5597066005230817,25.968646723951412,389.92665013077044,-2.1316282072803006e-14,0.1,0.1,6.06996954502343,10.951220330565253,8.766173777235194,0.8766173777235194,3.971372001647949,3.9888267517089844
motor_fault,A6_train_seed_1,50029,250,250,False,250,59,19,3.7517986111690247,25.902562487478768,937.9496527922562,-1.4210854715202004e-14,0.1,0.1,8.748566842300836,13.710933543320198,9.154316240461867,0.9154316240461865,3.971842224121094,3.9887006282806396
motor_fault,A6_train_seed_1,50030,250,250,False,250,26,1,0.6717790528085806,21.387321248055027,167.94476320214517,-1.4210854715202004e-14,0.10158598472662675,0.1,4.251381219684175,10.058608778943258,8.894917946683924,0.9021217574128477,3.9718731422424316,3.988847017288208
motor_fault,A6_train_seed_1,50031,250,250,False,250,28,0,0.9630998235143354,22.455045863287488,240.77495587858385,-2.842170943040401e-14,0.10153292997446553,0.1,3.4453084898074096,10.46772128759002,6.254058767593488,0.6348702426545649,3.9719946279525757,3.9893856048583984
motor_fault,A6_train_seed_1,50032,250,250,False,250,23,0,1.7760432804915263,25.793753116448837,444.01082012288157,-2.1316282072803006e-14,0.1,0.1,6.476149163419869,14.453533253299241,8.270027728221455,0.8270027728221457,3.971601071357727,3.9886112213134766
motor_fault,A6_train_seed_1,50033,250,250,False,250,0,0,0.0,0.0,0.0,0.627843239529426,0.10003162773110184,0.1,5.07631616488548,6.797122543702879,8.464612732099889,0.8467845555625217,3.971955027580261,3.988370895385742
motor_fault,A6_train_seed_1,50034,250,250,False,250,222,0,8.720556733884209,29.966069230701144,2180.139183471052,-2.842170943040401e-14,0.1,0.1,7.5291017773628175,14.915880082020044,8.948846969240451,0.8948846969240452,3.9717186965942384,3.9887537956237793
motor_fault,A6_train_seed_1,50035,250,250,False,250,241,1,2.4807376502286096,18.725912942805767,620.1844125571524,-5.684341886080802e-14,0.10015101621337712,0.1,5.976284567428811,12.817722003727779,8.705620978292735,0.8718633852466596,3.971976203918457,3.988816022872925
motor_fault,A6_train_seed_1,50036,250,250,False,250,196,3,6.967663275730073,30.49624796279007,1741.9158189325183,-4.263256414560601e-14,0.10049998337194731,0.1,6.214886054154309,17.02773906987426,8.52048377326502,0.8562632738338241,3.8111575264930724,3.988907814025879
motor_fault,A6_train_seed_1,50037,250,250,False,250,250,0,5.073039959351312,21.81949613166905,1268.259989837828,-4.263256414560601e-14,0.1,0.1,7.660307705195026,12.825269244782321,7.215297032107177,0.7215297032107177,3.9721234893798827,3.98848557472229
motor_fault,A6_train_seed_1,50038,250,250,False,250,40,0,0.9084815898427306,21.43706321322577,227.12039746068265,-4.263256414560601e-14,0.1,0.1,6.184576708709685,10.919523664184037,9.931028546371213,0.9931028546371214,3.971777310371399,3.9892125129699707
motor_fault,A6_train_seed_1,50039,250,250,False,250,148,0,5.172542331638543,29.650885443907928,1293.1355829096358,-2.842170943040401e-14,0.10000536037133582,0.1,6.497143331797866,15.848661376254002,7.840571991736113,0.784101587616925,3.9718658952713013,3.988804578781128
motor_fault,A6_train_seed_1,50040,250,250,False,250,15,0,0.2901749650923721,18.67322727710373,72.54374127309303,-1.4210854715202004e-14,0.1,0.1,5.272155082781981,9.074978042059394,10.604529600993601,1.0604529600993602,3.971970911026001,3.9888877868652344
motor_fault,A6_train_seed_1,50041,250,250,False,250,14,0,1.011621814042628,25.197639419609363,252.90545351065703,-1.4210854715202004e-14,0.1,0.1,5.007454322535967,11.733948473529018,8.131788805485929,0.8131788805485928,3.9713525381088255,3.988661527633667
motor_fault,A6_train_seed_1,50042,250,250,False,250,15,0,0.08096893381753979,7.616359086908239,20.242233454384948,-4.263256414560601e-14,0.10005361527461755,0.1,4.695555023043128,11.859960993909374,8.40049477572501,0.8405790600410864,3.9721367588043215,3.9891552925109863
motor_fault,A6_train_seed_1,50043,250,250,False,250,0,0,0.0,0.0,0.0,0.1151906967220171,0.1,0.1,6.865967238017104,9.113176758487123,9.446747479260756,0.9446747479260758,3.97190128326416,3.988159418106079
motor_fault,A6_train_seed_1,50044,250,250,False,250,27,0,1.2581403193394203,16.64211351166112,314.5350798348551,-2.1316282072803006e-14,0.1,0.1,7.176346528081178,11.715122371027398,10.052338443732207,1.005233844373221,3.971799168586731,3.9883885383605957
motor_fault,A6_train_seed_1,50045,250,250,False,250,250,22,10.006049007719776,23.435525996301013,2501.512251929944,-2.1316282072803006e-14,0.1,0.1,5.971663550598861,14.002827935368563,8.815761159782776,0.8815761159782777,3.821981991291046,3.98838472366333
motor_fault,A6_train_seed_1,50046,250,250,False,250,17,0,1.3528044151278669,25.7980848910813,338.2011037819667,-1.4210854715202004e-14,0.1,0.1,6.187087164018021,13.382430104894842,8.830927173496553,0.8830927173496553,3.9717183208465574,3.9887747764587402
motor_fault,A6_train_seed_1,50047,250,250,False,250,18,0,0.0362539666712978,0.7826881408691406,9.06349166782445,0.0,0.1,0.1,8.944179688673456,10.6928822915577,9.825062933181693,0.9825062933181694,3.9718017625808715,3.988232135772705
motor_fault,A6_train_seed_1,50048,250,250,False,250,20,0,0.31542043761145766,9.07704965356626,78.85510940286441,-4.263256414560601e-14,0.10017330668071123,0.1,5.073753054232042,11.293457604695371,10.253398929076754,1.0272966652835156,3.971827107429504,3.989210367202759
motor_fault,A6_train_seed_1,50049,250,250,False,250,24,0,1.9024405757012617,24.600221707546826,475.6101439253154,-2.1316282072803006e-14,0.1,0.1,6.269069355915317,12.622723394123602,9.924175536746022,0.9924175536746023,3.971418249130249,3.988541841506958
motor_fault,A6_train_seed_1,50050,250,250,False,250,56,0,1.0435557333275078,21.877264651194594,260.88893333187696,-2.842170943040401e-14,0.1,0.1,5.045972555564235,11.185005724950042,9.538768874483514,0.9538768874483514,3.9718371801376344,3.989105463027954
motor_fault,A6_train_seed_1,50051,250,250,False,250,249,0,3.2753273889728045,21.783448203272037,818.8318472432011,-1.4210854715202004e-14,0.10016411498398207,0.1,3.6021549978542,9.655144837571875,7.789419786505687,0.7802129519744474,3.9718849859237673,3.9890830516815186
motor_fault,A6_train_seed_1,50052,250,250,False,250,249,138,7.015431884376738,26.577792519661035,1753.8579710941844,-1.4210854715202004e-14,0.1,0.1,5.14977602647646,14.799071760049909,8.06174996523955,0.806174996523955,3.9718902463912964,3.9889752864837646
motor_fault,A6_train_seed_1,50053,250,250,False,250,21,149,0.9996412362937686,16.699834049924853,249.91030907344214,-2.1316282072803006e-14,0.1,0.1,6.751945115653021,12.994528227160274,9.764014576649311,0.9764014576649314,3.971451997756958,3.988534450531006
motor_fault,A6_train_seed_1,50054,250,250,False,250,49,0,0.8844597259582098,21.00443972888316,221.11493148955245,-2.842170943040401e-14,0.1005978853382428,0.1,4.414237015562249,10.067130254266278,8.817863593693152,0.8859551570587311,3.9718724784851074,3.9890520572662354
motor_fault,A6_train_seed_1,50055,250,250,False,250,174,49,10.614539312078678,28.12692791362954,2653.6348280196694,-2.842170943040401e-14,0.1,0.1,8.843655617442055,14.439895564276348,8.543744934382266,0.8543744934382267,3.972070951461792,3.9889566898345947
motor_fault,A6_train_seed_1,50056,250,250,False,250,0,0,0.0,0.0,0.0,4.546351687327302,0.10012303648681709,0.1,5.349205077392631,6.29013842841127,8.272745787291877,0.8283114732615094,3.9719821243286133,3.9883270263671875
motor_fault,A6_train_seed_1,50057,250,250,False,250,25,0,0.5332973868126799,9.505241779339412,133.32434670316997,-2.1316282072803006e-14,0.1,0.1,8.31241737453597,11.488219606464542,8.367334276061253,0.8367334276061253,3.971683527946472,3.988398551940918
motor_fault,A6_train_seed_1,50058,250,250,False,250,36,32,2.538948698176306,27.151569713648623,634.7371745440765,-1.7763568394002505e-14,0.1,0.1,7.544869348129163,13.12872533354463,9.440764633538812,0.9440764633538813,3.971925470352173,3.9888601303100586
motor_fault,A6_train_seed_1,50059,250,250,False,250,250,0,2.0143701573715083,3.9249362290006093,503.5925393428771,-4.263256414560601e-14,0.10025489054567985,0.1,5.166718257680604,12.14295658347647,9.037181636833186,0.9060648954877233,3.9720837593078615,3.9888765811920166
motor_fault,A6_train_seed_1,50060,250,250,False,250,38,0,2.2300915108385064,24.760307713682106,557.5228777096266,-2.1316282072803006e-14,0.1,0.1,7.58652587885946,15.512995164607535,9.604517753738952,0.9604517753738955,3.971480752944946,3.9886300563812256
motor_fault,A6_train_seed_1,50061,250,250,False,250,0,0,0.0,0.0,0.0,2.7770381004411675,0.1,0.1,6.027276596186799,9.323703521019818,8.594523042962766,0.8594523042962767,3.971746777534485,3.9883170127868652
motor_fault,A6_train_seed_1,50062,250,250,False,250,42,0,0.9661201572026962,22.769715921639396,241.53003930067405,-4.263256414560601e-14,0.1,0.1,4.652752150617189,11.58583715646169,10.122366685655132,1.0122366685655133,3.971864567756653,3.9893369674682617
motor_fault,A6_train_seed_1,50063,250,250,False,250,0,0,0.0,0.0,0.0,4.254939638932086,0.1,0.1,7.714100799584361,9.52914928674928,9.747223978580022,0.9747223978580023,3.971844536781311,3.98813533782959
motor_fault,A6_train_seed_1,50064,250,250,False,250,11,0,0.18508999220865502,6.043413927846577,46.272498052163755,-2.1316282072803006e-14,0.1,0.1,6.441652809802734,10.023489035299816,9.835678382119463,0.9835678382119464,3.971424818992615,3.988593339920044
motor_fault,A6_train_seed_1,50065,250,250,False,250,182,0,0.5125172418057259,1.133517363267573,128.12931045143148,-4.263256414560601e-14,0.1,0.1,5.074403539692383,7.278337620623018,8.479235781764782,0.8479235781764782,3.9720413360595703,3.98856520652771
motor_fault,A6_train_seed_1,50066,250,250,False,250,250,92,11.736861602420774,25.033299623413086,2934.2154006051933,-2.842170943040401e-14,0.1,0.1,6.125977449590621,17.299840175854655,9.08702757158523,0.9087027571585231,3.7161234574317934,3.98856782913208
motor_fault,A6_train_seed_1,50067,250,250,False,250,182,0,1.3009540691939216,2.8990580255995866,325.2385172984804,-2.842170943040401e-14,0.10003712083394614,0.1,5.96447120292785,8.863972366068579,7.938362948798113,0.7941319012331515,3.9721466932296754,3.9887335300445557
motor_fault,A6_train_seed_1,50068,250,250,False,250,7,0,0.016789845428210205,0.9822551319513552,4.197461357052551,-1.7763568394002505e-14,0.1,0.1,3.265672649172364,6.024858078738942,9.223823295842132,0.9223823295842135,3.972092935562134,3.9887120723724365
motor_fault,A6_train_seed_1,50069,250,250,False,250,21,0,1.2488329020078381,25.311294319916016,312.20822550195953,-2.1316282072803006e-14,0.1,0.1,4.310038119744988,12.520863332333704,8.947425797843211,0.8947425797843209,3.9711992988586426,3.988647699356079
motor_fault,A6_train_seed_1,50070,250,250,False,250,0,0,0.0,0.0,0.0,0.0336640198246414,0.10001601363626153,0.1,6.419590623915416,9.099221852714422,9.199072164230907,0.9200591854448419,3.971852669715881,3.98830509185791
motor_fault,A6_train_seed_1,50071,250,250,False,250,9,0,0.1855544537515803,10.319926395307123,46.388613437895074,-2.1316282072803006e-14,0.1,0.1,4.244019107502934,11.933314427451277,7.720455779153959,0.772045577915396,3.9715156059265135,3.9883666038513184
motor_fault,A6_train_seed_1,50072,250,250,False,250,248,0,3.3518342738211397,21.55550419154529,837.958568455285,-1.4210854715202004e-14,0.1,0.1,4.681082047689558,8.926624588518665,8.094199877769118,0.8094199877769117,3.9719209604263304,3.9891433715820312
motor_fault,A6_train_seed_1,50073,250,250,False,250,55,0,1.1962950614026864,21.416524390974192,299.0737653506716,-2.842170943040401e-14,0.1,0.1,6.283309516588874,11.065443000514081,9.58306192112451,0.9583061921124509,3.971782123565674,3.989082098007202
motor_fault,A6_train_seed_1,50074,250,250,False,250,219,0,1.141891964947015,2.2587941466542016,285.4729912367537,-4.263256414560601e-14,0.1,0.1,5.403447178145509,8.482920994149701,7.894995199191506,0.7894995199191507,3.972081706047058,3.9886159896850586
motor_fault,A6_train_seed_1,50075,250,250,False,250,240,4,0.7668419672889362,3.6095134652192042,191.71049182223405,-4.263256414560601e-14,0.1,0.1,6.582040394458123,14.271808182681484,9.227647587464581,0.9227647587464579,3.971897967338562,3.988713264465332
motor_fault,A6_train_seed_1,50076,39,40,True,39,39,4,14.101387952879474,37.517471569209974,564.055518115179,-161.1886806940091,0.1,0.1,8.530362568194295,13.480414697802075,9.707605176196513,0.9707605176196511,3.8888004958629607,3.988919973373413
motor_fault,A6_train_seed_1,50077,250,250,False,250,14,3,0.11021006631744207,5.840133646173411,27.552516579360518,-2.842170943040401e-14,0.11619491090899928,0.1,2.3235821921027253,12.201365459742853,9.121129322103727,1.0598717286882198,3.9721287155151366,3.9892587661743164
motor_fault,A6_train_seed_1,50078,250,250,False,250,151,0,5.611682873708987,30.184121821117646,1402.9207184272468,-4.263256414560601e-14,0.10012841475246961,0.1,7.28161942761096,16.46743179594243,8.059532778526826,0.8069052889386553,3.9718652105331422,3.988846778869629
motor_fault,A6_train_seed_1,50079,250,250,False,250,250,164,13.889080997387929,24.09715084399525,3472.270249346982,-1.5987211554602254e-14,0.1,0.1,6.89573269782549,15.026173320465189,9.90659318858898,0.9906593188588981,3.294661463975906,3.988638401031494
motor_fault,A6_train_seed_1,50080,250,250,False,250,47,0,1.251146452031684,22.83392797803792,312.786613007921,-2.842170943040401e-14,0.1,0.1,5.6355215678736625,11.490260206577826,9.284669292732783,0.9284669292732783,3.97184947681427,3.9893863201141357
motor_fault,A6_train_seed_1,50081,250,250,False,250,12,0,0.22475687758453938,17.5066513283023,56.189219396134845,-1.4210854715202004e-14,0.10005654877545726,0.1,3.590946341453902,8.156124862182702,10.665786588324819,1.067217175217833,3.9720088911056517,3.9891197681427
motor_fault,A6_train_seed_1,50082,250,250,False,250,11,0,0.13823873576748047,7.883195101666441,34.55968394187012,-2.842170943040401e-14,0.1,0.1,4.1008290704869035,8.383746972803653,6.315122476276672,0.6315122476276673,3.9718600625991822,3.988813877105713
motor_fault,A6_train_seed_1,50083,93,93,False,93,44,8,3.7003467379417936,20.81104396639429,344.1322466285868,-1.4210854715202004e-14,0.10593183230881667,0.1,4.214281190805004,10.249277774592972,7.293653645652448,0.7722875055074637,3.9450797701394684,3.989187479019165
motor_fault,A6_train_seed_1,50084,250,250,False,250,10,0,0.28838512163661106,14.129007263404723,72.09628040915277,-2.1316282072803006e-14,0.1,0.1,3.654975033685357,12.655211824914748,7.674289435624073,0.7674289435624073,3.9715885848999024,3.9882802963256836
motor_fault,A6_train_seed_1,50085,250,250,False,250,204,0,1.3652257968394326,21.245091258642745,341.30644920985816,-1.4210854715202004e-14,0.1,0.1,5.1113696071684425,9.439037667040633,7.995935637456322,0.7995935637456323,3.97191335105896,3.989079713821411
motor_fault,A6_train_seed_1,50086,61,61,False,61,16,0,5.91708531186898,29.74275461314973,360.94220402400776,-1.4210854715202004e-14,0.09999999999999996,0.1,10.708583551822516,15.394967877501335,9.125480761629763,0.9125480761629763,3.9222461942766533,3.9889183044433594
motor_fault,A6_train_seed_1,50087,250,250,False,250,176,0,0.7036661432244072,1.766121302189992,175.91653580610182,-4.263256414560601e-14,0.1,0.1,5.926115377679274,8.484305679957355,7.754769919760757,0.7754769919760759,3.9720709381103516,3.988443613052368
motor_fault,A6_train_seed_1,50088,250,250,False,250,249,0,8.875107432760954,23.56628071430916,2218.7768581902387,-1.4210854715202004e-14,0.10008774366940966,0.1,4.9964701211211295,15.510004005062195,8.082486207296732,0.8088611831167183,3.971779489517212,3.9889943599700928
motor_fault,A6_train_seed_1,50089,250,250,False,250,24,0,0.26156171079819157,16.93779054559438,65.3904276995479,-2.842170943040401e-14,0.1,0.1,5.228955248831756,10.145657234518227,9.888011651796726,0.9888011651796726,3.9719128484725954,3.989060640335083
motor_fault,A6_train_seed_1,50090,250,250,False,250,33,186,2.6698882989570083,28.60607650562948,667.4720747392521,-2.1316282072803006e-14,0.1,0.1,7.124058320627981,14.33110954193274,8.997900881174388,0.8997900881174387,3.972065378189087,3.9889280796051025
motor_fault,A6_train_seed_1,50091,250,250,False,250,249,24,6.547439205579422,21.137181879568374,1636.8598013948554,-1.4210854715202004e-14,0.1,0.1,5.279661507099487,9.551509782148438,8.358577952360854,0.8358577952360854,3.971817530632019,3.989044427871704
motor_fault,A6_train_seed_1,50092,250,250,False,250,36,6,0.2638381456534921,4.285092617519051,65.95953641337303,-1.4210854715202004e-14,0.1,0.1,5.597368746421228,12.936391253710415,9.113161060989318,0.9113161060989319,3.9718164386749266,3.9887404441833496
motor_fault,A6_train_seed_1,50093,250,250,False,250,250,6,9.820751696781501,62.71502665038305,2455.187924195375,-1.4210854715202004e-14,0.10008469364502662,0.1,7.885108363753996,14.484677017122186,9.27838471706281,0.9285116531735895,3.9716033697128297,3.9888205528259277
motor_fault,A6_train_seed_1,50094,250,250,False,250,0,0,0.0,0.0,0.0,0.040070959241660375,0.1,0.1,6.6684358946805515,7.981875417809033,9.109175338874243,0.9109175338874244,3.9719272575378417,3.9882760047912598
motor_fault,A6_train_seed_1,50095,250,250,False,250,19,188,0.08172764808228684,1.5662595091433176,20.431912020571712,-2.842170943040401e-14,0.1,0.1,6.563260683635676,7.6639522082421365,8.988152769771855,0.8988152769771856,3.9716946067810057,3.9886229038238525
motor_fault,A6_train_seed_1,50096,250,250,False,250,27,0,2.093717005692236,24.587328278231166,523.429251423059,-1.4210854715202004e-14,0.1,0.1,5.937515673056849,11.127724694444478,9.580036745909815,0.9580036745909818,3.970361165046692,3.9885754585266113
motor_fault,A6_train_seed_1,50097,250,250,False,250,173,5,1.6328407360534871,19.446595004676382,408.21018401337176,-2.842170943040401e-14,0.1,0.1,4.568271717842832,12.372771791155875,10.237505368910206,1.023750536891021,3.944332282066345,3.989030599594116
motor_fault,A6_train_seed_1,50098,250,250,False,250,25,0,2.156613377120941,29.770280475798444,539.1533442802352,-2.1316282072803006e-14,0.1,0.1,9.899229622595078,17.334650280486102,7.6137516339700575,0.7613751633970057,3.7621976103782653,3.988715887069702
motor_fault,A6_train_seed_1,50099,44,45,True,44,41,7,7.442947951280716,46.00221135808314,334.9326578076322,-625.3291464091205,0.10042419660134456,0.1,7.612726591337009,10.905145947906599,8.63053468855976,0.8674221800585583,3.899466700024075,3.9889819622039795
id_reference,A5_train_seed_2,50000,250,250,False,250,23,0,0.22428341641352165,5.541317546875945,56.07085410338041,-1.4210854715202004e-14,1.0,1.0,0.0,0.0,7.183720282959067,7.183720282959067,0.0,0.0
id_reference,A5_train_seed_2,50001,115,115,False,115,62,0,7.0049102537930175,30.468374979753392,805.564679186197,-1.4210854715202004e-13,1.0,1.0,0.0,0.0,6.7937295952286245,6.7937295952286245,0.0,0.0
id_reference,A5_train_seed_2,50002,250,250,False,250,38,0,0.7144556272680856,7.0231941126866015,178.61390681702142,-1.4210854715202004e-14,1.0,1.0,0.0,0.0,5.676769566188113,5.676769566188113,0.0,0.0
id_reference,A5_train_seed_2,50003,250,250,False,250,43,0,2.439977679395046,26.93956312931109,609.9944198487615,-2.1316282072803006e-14,1.0,1.0,0.0,0.0,6.009915737679675,6.009915737679675,0.0,0.0
id_reference,A5_train_seed_2,50004,74,74,False,74,42,0,6.964077123863364,23.765455512667305,515.3417071658889,-4.973799150320701e-14,1.0,1.0,0.0,0.0,7.15075046366376,7.15075046366376,0.0,0.0
id_reference,A5_train_seed_2,50005,66,66,False,66,57,0,6.238328167860989,15.876446228315082,411.7296590788253,-2.842170943040401e-14,1.0,1.0,0.0,0.0,7.396939022078988,7.396939022078988,0.0,0.0
id_reference,A5_train_seed_2,50006,250,250,False,250,29,0,1.0068474737343995,11.24329684197304,251.71186843359988,-2.842170943040401e-14,1.0,1.0,0.0,0.0,5.143116889657729,5.143116889657729,0.0,0.0
id_reference,A5_train_seed_2,50007,250,250,False,250,29,0,2.299880710608673,29.4031843422488,574.9701776521683,-1.4210854715202004e-14,1.0,1.0,0.0,0.0,6.851817949552806,6.851817949552806,0.0,0.0
id_reference,A5_train_seed_2,50008,250,250,False,250,76,0,1.728433305734094,15.074026628774176,432.1083264335235,-2.842170943040401e-14,1.0,1.0,0.0,0.0,4.4829423099847885,4.4829423099847885,0.0,0.0
id_reference,A5_train_seed_2,50009,128,128,False,128,51,0,8.797790074679918,33.52910597548315,1126.1171295590295,-1.7763568394002505e-14,1.0,1.0,0.0,0.0,8.260198133335642,8.260198133335642,0.0,0.0
id_reference,A5_train_seed_2,50010,54,54,False,54,20,0,6.230467366842037,22.932942679363244,336.44523780947,-1.4210854715202004e-14,1.0,1.0,0.0,0.0,6.190762953775529,6.190762953775529,0.0,0.0
id_reference,A5_train_seed_2,50011,250,250,False,250,48,0,0.9214731451213147,7.454591600799085,230.36828628032868,-4.263256414560601e-14,1.0,1.0,0.0,0.0,6.764735753989604,6.764735753989604,0.0,0.0
id_reference,A5_train_seed_2,50012,250,250,False,250,20,0,0.8560209099984802,22.856204517989916,214.00522749962005,-3.552713678800501e-14,1.0,1.0,0.0,0.0,3.7832304324655106,3.7832304324655106,0.0,0.0
id_reference,A5_train_seed_2,50013,250,250,False,250,54,0,2.645724783661429,18.140583780489205,661.4311959153573,-6.394884621840902e-14,1.0,1.0,0.0,0.0,7.758267577023834,7.758267577023834,0.0,0.0
id_reference,A5_train_seed_2,50014,250,250,False,250,234,0,3.464018977593084,25.787127717306895,866.004744398271,-5.684341886080802e-14,1.0,1.0,0.0,0.0,8.872002273052871,8.872002273052871,0.0,0.0
id_reference,A5_train_seed_2,50015,90,90,False,90,37,0,5.461904469025722,23.927089907876177,491.571402212315,-4.263256414560601e-14,1.0,1.0,0.0,0.0,6.2196291515613025,6.2196291515613025,0.0,0.0
id_reference,A5_train_seed_2,50016,122,122,False,122,34,0,4.086855135926086,25.643982074739537,498.5963265829825,-1.4210854715202004e-14,1.0,1.0,0.0,0.0,7.285380420881728,7.285380420881728,0.0,0.0
id_reference,A5_train_seed_2,50017,85,85,False,85,56,0,3.4887751668970126,23.935956015718524,296.5458891862461,-2.842170943040401e-14,1.0,1.0,0.0,0.0,5.847594435090641,5.847594435090641,0.0,0.0
id_reference,A5_train_seed_2,50018,48,49,True,48,48,0,25.972887277647892,33.1317116378758,1272.6714766047467,-36.32572775026564,1.0,1.0,0.0,0.0,10.069933419602089,10.069933419602089,0.0,0.0
id_reference,A5_train_seed_2,50019,250,250,False,250,69,0,5.232055691910398,32.76097888609656,1308.0139229775996,-1.7763568394002505e-14,1.0,1.0,0.0,0.0,6.955489608033121,6.955489608033121,0.0,0.0
id_reference,A5_train_seed_2,50020,250,250,False,250,38,0,0.8781236556185187,7.6343084183455545,219.53091390462967,-3.552713678800501e-14,1.0,1.0,0.0,0.0,4.266443405065023,4.266443405065023,0.0,0.0
id_reference,A5_train_seed_2,50021,49,49,False,49,16,0,1.6451225332576254,8.868662463989658,80.61100412962364,-3.552713678800501e-14,1.0,1.0,0.0,0.0,6.980943698750143,6.980943698750143,0.0,0.0
id_reference,A5_train_seed_2,50022,76,76,False,76,21,0,4.337074767539048,25.101028332706793,329.6176823329676,-2.1316282072803006e-14,1.0,1.0,0.0,0.0,7.115283592234498,7.115283592234498,0.0,0.0
id_reference,A5_train_seed_2,50023,250,250,False,250,38,0,1.8622270439378308,30.99036353079815,465.5567609844577,-5.684341886080802e-14,1.0,1.0,0.0,0.0,5.075424825454325,5.075424825454325,0.0,0.0
id_reference,A5_train_seed_2,50024,250,250,False,250,3,0,0.058952889430849496,5.717932883157519,14.738222357712374,-7.105427357601002e-15,1.0,1.0,0.0,0.0,4.026871004436709,4.026871004436709,0.0,0.0
id_reference,A5_train_seed_2,50025,99,99,False,99,50,0,6.053638981620977,27.69580127939227,599.3102591804767,-1.1368683772161603e-13,1.0,1.0,0.0,0.0,7.383325311666947,7.383325311666947,0.0,0.0
id_reference,A5_train_seed_2,50026,250,250,False,250,243,0,5.105721483543993,7.010016074641426,1276.4303708859984,-2.842170943040401e-14,1.0,1.0,0.0,0.0,7.411885750876272,7.411885750876272,0.0,0.0
id_reference,A5_train_seed_2,50027,250,250,False,250,26,0,0.5162467122003022,11.019641347748497,129.06167805007553,-1.4210854715202004e-14,1.0,1.0,0.0,0.0,5.753748365134055,5.753748365134055,0.0,0.0
id_reference,A5_train_seed_2,50028,69,69,False,69,23,0,4.114325540871409,21.270785381726558,283.88846232012725,-2.1316282072803006e-14,1.0,1.0,0.0,0.0,5.940949801138119,5.940949801138119,0.0,0.0
id_reference,A5_train_seed_2,50029,84,84,False,84,41,0,9.638513793634097,31.712484845155412,809.6351586652642,-1.4210854715202004e-14,1.0,1.0,0.0,0.0,6.455919620159658,6.455919620159658,0.0,0.0
id_reference,A5_train_seed_2,50030,96,96,False,96,59,0,6.876008536093696,29.722025293891463,660.0968194649948,-4.263256414560601e-14,1.0,1.0,0.0,0.0,7.230589599345659,7.230589599345659,0.0,0.0
id_reference,A5_train_seed_2,50031,63,63,False,63,30,0,6.203863741578689,31.05112240699051,390.8434157194574,-4.263256414560601e-14,1.0,1.0,0.0,0.0,5.242821440989067,5.242821440989067,0.0,0.0
id_reference,A5_train_seed_2,50032,62,62,False,62,27,0,7.658931758397362,25.778288005741395,474.85376902063643,-3.197442310920451e-14,1.0,1.0,0.0,0.0,5.445930184138776,5.445930184138776,0.0,0.0
id_reference,A5_train_seed_2,50033,250,250,False,250,9,0,0.19462170231202125,8.37956895962528,48.655425578005314,-3.552713678800501e-14,1.0,1.0,0.0,0.0,2.5595638484072114,2.5595638484072114,0.0,0.0
id_reference,A5_train_seed_2,50034,62,62,False,62,29,0,2.204911870614976,6.635579037272015,136.70453597812852,-2.842170943040401e-14,1.0,1.0,0.0,0.0,7.69130538488195,7.69130538488195,0.0,0.0
id_reference,A5_train_seed_2,50035,110,110,False,110,81,0,1.4831599436197815,7.443962901188716,163.14759379817596,-1.7763568394002505e-14,1.0,1.0,0.0,0.0,8.079136610823888,8.079136610823888,0.0,0.0
id_reference,A5_train_seed_2,50036,76,76,False,76,41,0,3.89732001418788,11.2790495265596,296.19632107827886,-1.7763568394002505e-14,1.0,1.0,0.0,0.0,7.334134254695984,7.334134254695984,0.0,0.0
id_reference,A5_train_seed_2,50037,63,63,False,63,31,0,5.357712307715818,23.298962132236934,337.53587538609656,-2.842170943040401e-14,1.0,1.0,0.0,0.0,5.440200473656483,5.440200473656483,0.0,0.0
id_reference,A5_train_seed_2,50038,250,250,False,250,74,0,2.676188522318753,29.390863234526712,669.0471305796882,-2.842170943040401e-14,1.0,1.0,0.0,0.0,6.75492925952724,6.75492925952724,0.0,0.0
id_reference,A5_train_seed_2,50039,70,70,False,70,42,0,2.7148781937605415,5.836342153647864,190.0414735632379,-2.1316282072803006e-14,1.0,1.0,0.0,0.0,8.45509509569282,8.45509509569282,0.0,0.0
id_reference,A5_train_seed_2,50040,250,250,False,250,31,0,0.9944211676732049,26.848535119747797,248.60529191830122,-5.684341886080802e-14,1.0,1.0,0.0,0.0,4.137730117586947,4.137730117586947,0.0,0.0
id_reference,A5_train_seed_2,50041,60,60,False,60,13,0,3.080058335950424,30.340088982178923,184.80350015702544,-1.4210854715202004e-14,1.0,1.0,0.0,0.0,4.318548975643089,4.318548975643089,0.0,0.0
id_reference,A5_train_seed_2,50042,250,250,False,250,23,0,0.3062901855101389,6.931922435760498,76.57254637753474,-7.105427357601002e-15,1.0,1.0,0.0,0.0,4.820636747808738,4.820636747808738,0.0,0.0
id_reference,A5_train_seed_2,50043,54,54,False,54,16,0,1.4730282400255474,8.010209166383824,79.54352496137956,-2.1316282072803006e-14,1.0,1.0,0.0,0.0,5.343510719165995,5.343510719165995,0.0,0.0
id_reference,A5_train_seed_2,50044,72,72,False,72,29,0,5.715650156413869,21.07835380487153,411.52681126179857,-2.1316282072803006e-14,1.0,1.0,0.0,0.0,5.086510885072574,5.086510885072574,0.0,0.0
id_reference,A5_train_seed_2,50045,138,138,False,138,68,0,10.13597811320955,32.400249332076875,1398.764979622918,-8.526512829121202e-14,1.0,1.0,0.0,0.0,8.642521411750637,8.642521411750637,0.0,0.0
id_reference,A5_train_seed_2,50046,250,250,False,250,20,0,1.2865321420407814,24.128122556966467,321.6330355101953,-2.842170943040401e-14,1.0,1.0,0.0,0.0,2.9401314945397186,2.9401314945397186,0.0,0.0
id_reference,A5_train_seed_2,50047,250,250,False,250,15,0,0.28642850131978426,7.889087878747182,71.60712532994606,-1.7763568394002505e-14,1.0,1.0,0.0,0.0,3.170804905562604,3.170804905562604,0.0,0.0
id_reference,A5_train_seed_2,50048,250,250,False,250,35,0,1.2975051095592507,17.87023400635312,324.3762773898127,-5.684341886080802e-14,1.0,1.0,0.0,0.0,7.251721135017859,7.251721135017859,0.0,0.0
id_reference,A5_train_seed_2,50049,70,70,False,70,24,0,6.037483617139974,22.588206716141727,422.6238531997982,-3.197442310920451e-14,1.0,1.0,0.0,0.0,6.601542075359883,6.601542075359883,0.0,0.0
id_reference,A5_train_seed_2,50050,97,97,False,97,70,0,5.757541890677803,14.7965426478293,558.4815633957469,-5.684341886080802e-14,1.0,1.0,0.0,0.0,7.336999798712654,7.336999798712654,0.0,0.0
id_reference,A5_train_seed_2,50051,250,250,False,250,248,0,6.523455280270272,23.058580141986074,1630.863820067568,-1.5987211554602254e-14,1.0,1.0,0.0,0.0,5.378983977652592,5.378983977652592,0.0,0.0
id_reference,A5_train_seed_2,50052,250,250,False,250,249,0,13.265322791297477,34.290472927956095,3316.330697824369,-2.4868995751603507e-14,1.0,1.0,0.0,0.0,9.975661229341114,9.975661229341114,0.0,0.0
id_reference,A5_train_seed_2,50053,60,60,False,60,21,0,4.146273252069854,22.31796393831309,248.77639512419123,-2.4868995751603507e-14,1.0,1.0,0.0,0.0,4.813682128839527,4.813682128839527,0.0,0.0
id_reference,A5_train_seed_2,50054,90,90,False,90,64,0,5.002797156889562,14.73395120761572,450.2517441200606,-2.842170943040401e-14,1.0,1.0,0.0,0.0,7.069464377241063,7.069464377241063,0.0,0.0
id_reference,A5_train_seed_2,50055,104,104,False,104,39,0,4.6801655382775476,24.94635860230108,486.7372159808649,-5.684341886080802e-14,1.0,1.0,0.0,0.0,7.927191287292084,7.927191287292084,0.0,0.0
id_reference,A5_train_seed_2,50056,36,36,False,36,8,0,0.9917264986995562,7.793232399298401,35.70215395318402,-1.7763568394002505e-14,1.0,1.0,0.0,0.0,3.140932630313307,3.140932630313307,0.0,0.0
id_reference,A5_train_seed_2,50057,72,72,False,72,27,0,4.142070033002564,16.519238719397904,298.22904237618457,-4.973799150320701e-14,1.0,1.0,0.0,0.0,6.076829094958119,6.076829094958119,0.0,0.0
id_reference,A5_train_seed_2,50058,250,250,False,250,36,0,2.315274032357366,29.133195828990416,578.8185080893415,-2.842170943040401e-14,1.0,1.0,0.0,0.0,5.900910561515901,5.900910561515901,0.0,0.0
id_reference,A5_train_seed_2,50059,250,250,False,250,248,0,4.048974789577299,7.27275705408308,1012.2436973943248,-2.1316282072803006e-14,1.0,1.0,0.0,0.0,7.924698302835995,7.924698302835995,0.0,0.0
id_reference,A5_train_seed_2,50060,70,70,False,70,25,0,6.401677210559634,20.85996695445339,448.1174047391744,-2.1316282072803006e-14,1.0,1.0,0.0,0.0,7.002887703598069,7.002887703598069,0.0,0.0
id_reference,A5_train_seed_2,50061,250,250,False,250,9,0,0.04653010103431504,2.20348858833313,11.63252525857876,-7.105427357601002e-15,1.0,1.0,0.0,0.0,6.9982509306226595,6.9982509306226595,0.0,0.0
id_reference,A5_train_seed_2,50062,70,70,False,70,54,0,6.436540946750178,24.985965281832026,450.55786627251246,-2.842170943040401e-14,1.0,1.0,0.0,0.0,6.184962856388363,6.184962856388363,0.0,0.0
id_reference,A5_train_seed_2,50063,250,250,False,250,9,0,0.22509505487445927,8.351280962641985,56.273763718614816,-2.842170943040401e-14,1.0,1.0,0.0,0.0,5.452019675764925,5.452019675764925,0.0,0.0
id_reference,A5_train_seed_2,50064,38,38,False,38,15,0,4.149898880522495,14.888893949015015,157.69615745985482,-2.842170943040401e-14,1.0,1.0,0.0,0.0,5.785447299602534,5.785447299602534,0.0,0.0
id_reference,A5_train_seed_2,50065,59,59,False,59,23,0,2.042441484659022,8.712707272581978,120.50404759488231,-6.039613253960852e-14,1.0,1.0,0.0,0.0,7.868583241494322,7.868583241494322,0.0,0.0
id_reference,A5_train_seed_2,50066,108,108,False,108,55,0,9.136080947711323,33.33477753857033,986.6967423528229,-2.842170943040401e-14,1.0,1.0,0.0,0.0,7.494198725012172,7.494198725012172,0.0,0.0
id_reference,A5_train_seed_2,50067,51,51,False,51,25,0,1.9381322533914946,6.466801135719938,98.84474492296623,-3.197442310920451e-14,1.0,1.0,0.0,0.0,8.74877873452988,8.74877873452988,0.0,0.0
id_reference,A5_train_seed_2,50068,250,250,False,250,19,0,0.3435344751835821,6.604898619488013,85.88361879589553,-2.842170943040401e-14,1.0,1.0,0.0,0.0,7.367993836421196,7.367993836421196,0.0,0.0
id_reference,A5_train_seed_2,50069,67,67,False,67,20,0,4.1547742246796995,29.996493393699996,278.3698730535399,-2.1316282072803006e-14,1.0,1.0,0.0,0.0,4.674177363495412,4.674177363495412,0.0,0.0
id_reference,A5_train_seed_2,50070,250,250,False,250,19,0,0.32611533222342654,8.255238230768608,81.52883305585664,-2.1316282072803006e-14,1.0,1.0,0.0,0.0,3.547805492641496,3.547805492641496,0.0,0.0
id_reference,A5_train_seed_2,50071,39,39,False,39,10,0,2.423369687449532,18.23324341528608,94.51141781053175,-2.1316282072803006e-14,1.0,1.0,0.0,0.0,4.427934759611452,4.427934759611452,0.0,0.0
id_reference,A5_train_seed_2,50072,250,250,False,250,248,0,11.563268938785685,28.919561417378706,2890.817234696421,-1.4210854715202004e-14,1.0,1.0,0.0,0.0,9.300350722734288,9.300350722734288,0.0,0.0
id_reference,A5_train_seed_2,50073,149,149,False,149,76,0,4.938033233101021,29.133522445203113,735.7669517320521,-2.842170943040401e-14,1.0,1.0,0.0,0.0,6.755513274625271,6.755513274625271,0.0,0.0
id_reference,A5_train_seed_2,50074,80,80,False,80,33,0,1.6234685012491847,6.529138185685461,129.8774800999348,-2.1316282072803006e-14,1.0,1.0,0.0,0.0,7.572417200772653,7.572417200772653,0.0,0.0
id_reference,A5_train_seed_2,50075,250,250,False,250,75,0,1.3505738648702923,9.305236145719944,337.64346621757306,-2.1316282072803006e-14,1.0,1.0,0.0,0.0,9.225092656663287,9.225092656663287,0.0,0.0
id_reference,A5_train_seed_2,50076,250,250,False,250,248,5,9.420727490305493,35.47110661913159,2355.1818725763733,-1.4210854715202004e-14,1.0,1.0,0.0,0.0,9.411825082215186,9.411825082215186,0.0,0.0
id_reference,A5_train_seed_2,50077,250,250,False,250,26,3,0.6015222441505745,10.075904183873098,150.38056103764364,-4.263256414560601e-14,1.0,1.0,0.0,0.0,7.882988474891119,7.882988474891119,0.0,0.0
id_reference,A5_train_seed_2,50078,56,56,False,56,27,0,2.128297909428922,6.313311733198642,119.18468292801963,-3.552713678800501e-14,1.0,1.0,0.0,0.0,8.61346547364546,8.61346547364546,0.0,0.0
id_reference,A5_train_seed_2,50079,250,250,False,250,106,107,5.931514611974784,34.23815004165659,1482.8786529936958,-1.7763568394002505e-14,1.0,1.0,0.0,0.0,7.101096333107377,7.101096333107377,0.0,0.0
id_reference,A5_train_seed_2,50080,130,130,False,130,64,0,5.615924890694336,30.995788994727707,730.0702357902636,-5.684341886080802e-14,1.0,1.0,0.0,0.0,6.384630644318501,6.384630644318501,0.0,0.0
id_reference,A5_train_seed_2,50081,250,250,False,250,24,0,0.6670296469383759,23.422060396363573,166.75741173459397,-4.263256414560601e-14,1.0,1.0,0.0,0.0,3.9374989873723245,3.9374989873723245,0.0,0.0
id_reference,A5_train_seed_2,50082,83,83,False,83,41,0,2.7661984775515056,16.119083996370037,229.59447363677498,-2.842170943040401e-14,1.0,1.0,0.0,0.0,8.565947598276404,8.565947598276404,0.0,0.0
id_reference,A5_train_seed_2,50083,250,250,False,250,238,157,3.6188906571442825,28.38545955454805,904.7226642860707,-2.842170943040401e-14,1.0,1.0,0.0,0.0,5.666949241337509,5.666949241337509,0.0,0.0
id_reference,A5_train_seed_2,50084,39,39,False,39,10,0,3.225882091691904,21.866017820295596,125.80940157598427,-2.842170943040401e-14,1.0,1.0,0.0,0.0,5.28071718013876,5.28071718013876,0.0,0.0
id_reference,A5_train_seed_2,50085,250,250,False,250,249,0,7.027462663191028,29.553519414407152,1756.865665797757,-1.4210854715202004e-14,1.0,1.0,0.0,0.0,7.318664382271969,7.318664382271969,0.0,0.0
id_reference,A5_train_seed_2,50086,84,84,False,84,18,0,4.818969697316869,33.44807379599049,404.793454574617,-1.4210854715202004e-14,1.0,1.0,0.0,0.0,2.785778232085563,2.785778232085563,0.0,0.0
id_reference,A5_train_seed_2,50087,56,56,False,56,27,0,2.510737738946981,8.163027873934755,140.60131338103093,-2.842170943040401e-14,1.0,1.0,0.0,0.0,7.6207918954238565,7.6207918954238565,0.0,0.0
id_reference,A5_train_seed_2,50088,250,250,False,250,249,0,10.745073560711386,31.932571241457243,2686.2683901778464,-8.526512829121202e-14,1.0,1.0,0.0,0.0,5.732441675077704,5.732441675077704,0.0,0.0
id_reference,A5_train_seed_2,50089,72,72,False,72,42,0,2.878418472613575,22.327438767943946,207.2461300281774,-4.263256414560601e-14,1.0,1.0,0.0,0.0,4.8256821369560186,4.8256821369560186,0.0,0.0
id_reference,A5_train_seed_2,50090,250,250,False,250,33,0,3.538528582364105,36.40430648937198,884.6321455910262,-2.1316282072803006e-14,1.0,1.0,0.0,0.0,7.911073917958256,7.911073917958256,0.0,0.0
id_reference,A5_train_seed_2,50091,250,250,False,250,248,0,12.675142731565076,24.214914275526425,3168.785682891269,-1.4210854715202004e-14,1.0,1.0,0.0,0.0,8.400798289516967,8.400798289516967,0.0,0.0
id_reference,A5_train_seed_2,50092,110,110,False,110,83,0,5.89935755443257,17.611771876298487,648.9293309875827,-8.526512829121202e-14,1.0,1.0,0.0,0.0,6.703269387414595,6.703269387414595,0.0,0.0
id_reference,A5_train_seed_2,50093,250,250,False,250,246,0,12.365243221781215,34.21096908438066,3091.3108054453037,-1.7763568394002505e-14,1.0,1.0,0.0,0.0,8.568617362608624,8.568617362608624,0.0,0.0
id_reference,A5_train_seed_2,50094,39,39,False,39,17,0,2.4182902447691563,7.96943285327555,94.31331954599709,-2.842170943040401e-14,1.0,1.0,0.0,0.0,7.111455714885888,7.111455714885888,0.0,0.0
id_reference,A5_train_seed_2,50095,65,65,False,65,20,0,2.2435462107061652,8.503511666967023,145.83050369590075,-3.197442310920451e-14,1.0,1.0,0.0,0.0,6.072775786028467,6.072775786028467,0.0,0.0
id_reference,A5_train_seed_2,50096,116,116,False,116,24,0,3.4796099339188817,20.89713267519016,403.6347523345903,-1.4210854715202004e-14,1.0,1.0,0.0,0.0,6.4443828441341795,6.4443828441341795,0.0,0.0
id_reference,A5_train_seed_2,50097,250,250,False,250,216,0,3.302741396012123,8.413616354231522,825.6853490030308,-2.842170943040401e-14,1.0,1.0,0.0,0.0,9.14992990077985,9.14992990077985,0.0,0.0
id_reference,A5_train_seed_2,50098,250,250,False,250,31,0,3.0246000254241827,37.61164202214968,756.1500063560457,-2.1316282072803006e-14,1.0,1.0,0.0,0.0,2.979341570877142,2.979341570877142,0.0,0.0
id_reference,A5_train_seed_2,50099,250,250,False,250,239,1,4.742689021344038,11.99655506483178,1185.6722553360096,-5.684341886080802e-14,1.0,1.0,0.0,0.0,9.465470225184909,9.465470225184909,0.0,0.0
ood_compound,A5_train_seed_2,50000,250,250,False,250,215,0,4.660042827288508,9.828437536971933,1165.0107068221268,-5.684341886080802e-14,1.0,1.0,0.0,0.0,7.248089332922975,7.248089332922975,0.0,0.0
ood_compound,A5_train_seed_2,50001,250,250,False,250,231,0,6.068558703922099,30.400236603744382,1517.1396759805248,-4.263256414560601e-14,1.0,1.0,0.0,0.0,7.815147433052068,7.815147433052068,0.0,0.0
ood_compound,A5_train_seed_2,50002,250,250,False,250,250,0,8.163729082488906,16.47696251871376,2040.9322706222265,-7.105427357601002e-14,1.0,1.0,0.0,0.0,9.763565787827659,9.763565787827659,0.0,0.0
ood_compound,A5_train_seed_2,50003,61,62,True,61,57,4,19.59379999310107,37.46168625424722,1214.8155995722664,-432.6016618134671,1.0,1.0,0.0,0.0,8.408179778759537,8.408179778759537,0.0,0.0
ood_compound,A5_train_seed_2,50004,250,250,False,250,233,0,14.05984499967605,32.86477953508493,3514.9612499190125,-5.684341886080802e-14,1.0,1.0,0.0,0.0,7.9642077551596655,7.9642077551596655,0.0,0.0
ood_compound,A5_train_seed_2,50005,250,250,False,250,248,0,6.158868370408518,18.570948332972755,1539.7170926021295,-2.842170943040401e-14,1.0,1.0,0.0,0.0,9.11961951708981,9.11961951708981,0.0,0.0
ood_compound,A5_train_seed_2,50006,250,250,False,250,109,0,4.157692621244603,17.791184412595232,1039.4231553111508,-2.842170943040401e-14,1.0,1.0,0.0,0.0,7.526608294765944,7.526608294765944,0.0,0.0
ood_compound,A5_train_seed_2,50007,61,62,True,61,60,3,15.887919610887119,46.54127288267031,985.0510158750013,-524.480180023597,1.0,1.0,0.0,0.0,5.751130005477639,5.751130005477639,0.0,0.0
ood_compound,A5_train_seed_2,50008,250,250,False,250,242,6,7.572659965103144,25.36438065938156,1893.164991275786,-3.552713678800501e-14,1.0,1.0,0.0,0.0,7.741178080273472,7.741178080273472,0.0,0.0
ood_compound,A5_train_seed_2,50009,250,250,False,250,162,13,17.06067635131877,31.879575984547767,4265.169087829692,-3.552713678800501e-14,1.0,1.0,0.0,0.0,9.15758668677624,9.15758668677624,0.0,0.0
ood_compound,A5_train_seed_2,50010,250,250,False,250,65,0,4.60151483954377,23.7552470058778,1150.3787098859425,-2.1316282072803006e-14,1.0,1.0,0.0,0.0,7.470339791000269,7.470339791000269,0.0,0.0
ood_compound,A5_train_seed_2,50011,250,250,False,250,212,0,4.8127968725089065,18.042320695687565,1203.1992181272267,-4.263256414560601e-14,1.0,1.0,0.0,0.0,7.100380836986411,7.100380836986411,0.0,0.0
ood_compound,A5_train_seed_2,50012,150,150,False,150,107,0,9.156296801300675,24.240550236252762,1373.4445201951012,-6.394884621840902e-14,1.0,1.0,0.0,0.0,7.649690787459058,7.649690787459058,0.0,0.0
ood_compound,A5_train_seed_2,50013,250,250,False,250,250,0,13.527068794040245,16.10501357608645,3381.7671985100615,-2.842170943040401e-14,1.0,1.0,0.0,0.0,8.546868846970577,8.546868846970577,0.0,0.0
ood_compound,A5_train_seed_2,50014,250,250,False,250,248,0,7.500365818724008,25.787127717306895,1875.091454681002,-4.263256414560601e-14,1.0,1.0,0.0,0.0,8.03476672444407,8.03476672444407,0.0,0.0
ood_compound,A5_train_seed_2,50015,250,250,False,250,112,0,8.541040326485566,25.334011498836368,2135.2600816213917,-4.263256414560601e-14,1.0,1.0,0.0,0.0,7.08802661053,7.08802661053,0.0,0.0
ood_compound,A5_train_seed_2,50016,250,250,False,250,156,0,13.684778591105678,27.715775245271235,3421.1946477764195,-2.842170943040401e-14,1.0,1.0,0.0,0.0,7.556976554443225,7.556976554443225,0.0,0.0
ood_compound,A5_train_seed_2,50017,250,250,False,250,247,4,7.3715387136786825,23.935956015718524,1842.8846784196705,-5.684341886080802e-14,1.0,1.0,0.0,0.0,7.8657990344656925,7.8657990344656925,0.0,0.0
ood_compound,A5_train_seed_2,50018,250,250,False,250,250,0,18.26017316921663,32.505800421478,4565.043292304157,-8.526512829121202e-14,1.0,1.0,0.0,0.0,9.227002733803149,9.227002733803149,0.0,0.0
ood_compound,A5_train_seed_2,50019,250,250,False,250,250,0,18.7992759867939,22.68435644865014,4699.8189966984755,-2.842170943040401e-14,1.0,1.0,0.0,0.0,4.998088506768043,4.998088506768043,0.0,0.0
ood_compound,A5_train_seed_2,50020,250,250,False,250,27,0,0.29071052069135694,8.455686372009694,72.67763017283923,-2.842170943040401e-14,1.0,1.0,0.0,0.0,9.71505543512012,9.71505543512012,0.0,0.0
ood_compound,A5_train_seed_2,50021,250,250,False,250,250,0,9.835256308659002,21.597217908554722,2458.8140771647504,-7.105427357601002e-14,1.0,1.0,0.0,0.0,8.26531517798662,8.26531517798662,0.0,0.0
ood_compound,A5_train_seed_2,50022,250,250,False,250,77,0,3.811754256657815,25.101028332706793,952.9385641644537,-7.815970093361102e-14,1.0,1.0,0.0,0.0,8.01676904460469,8.01676904460469,0.0,0.0
ood_compound,A5_train_seed_2,50023,250,250,False,250,116,0,3.5330063067881676,30.891794123863995,883.2515766970419,-5.684341886080802e-14,1.0,1.0,0.0,0.0,6.554311939167189,6.554311939167189,0.0,0.0
ood_compound,A5_train_seed_2,50024,250,250,False,250,244,0,6.6545023193762844,19.7552506622826,1663.6255798440711,-5.684341886080802e-14,1.0,1.0,0.0,0.0,7.707772548150182,7.707772548150182,0.0,0.0
ood_compound,A5_train_seed_2,50025,250,250,False,250,109,2,4.2697233982013465,27.69580127939227,1067.4308495503367,-5.684341886080802e-14,1.0,1.0,0.0,0.0,7.887549824324448,7.887549824324448,0.0,0.0
ood_compound,A5_train_seed_2,50026,250,250,False,250,179,4,4.71000747162138,30.54832867035671,1177.501867905345,-3.552713678800501e-14,1.0,1.0,0.0,0.0,6.836841617745913,6.836841617745913,0.0,0.0
ood_compound,A5_train_seed_2,50027,250,250,False,250,221,0,4.379301130297654,26.053438897095408,1094.8252825744137,-2.3092638912203256e-14,1.0,1.0,0.0,0.0,8.642715410435546,8.642715410435546,0.0,0.0
ood_compound,A5_train_seed_2,50028,250,250,False,250,89,0,4.640582353504568,21.270785381726558,1160.145588376142,-2.842170943040401e-14,1.0,1.0,0.0,0.0,7.579725708685425,7.579725708685425,0.0,0.0
ood_compound,A5_train_seed_2,50029,250,250,False,250,250,0,18.265020164290043,24.93118432689609,4566.255041072511,-2.842170943040401e-14,1.0,1.0,0.0,0.0,7.0396161448799415,7.0396161448799415,0.0,0.0
ood_compound,A5_train_seed_2,50030,250,250,False,250,208,2,4.732009700342343,29.722025293891463,1183.0024250855856,-5.684341886080802e-14,1.0,1.0,0.0,0.0,8.003398869310827,8.003398869310827,0.0,0.0
ood_compound,A5_train_seed_2,50031,250,250,False,250,141,0,4.088722658983886,28.899880832084435,1022.1806647459714,-9.947598300641403e-14,1.0,1.0,0.0,0.0,6.365673565361406,6.365673565361406,0.0,0.0
ood_compound,A5_train_seed_2,50032,250,250,False,250,65,0,4.482514003862712,25.51735375011092,1120.628500965678,-5.684341886080802e-14,1.0,1.0,0.0,0.0,7.84817823149183,7.84817823149183,0.0,0.0
ood_compound,A5_train_seed_2,50033,250,250,False,250,237,0,8.531578353375238,15.720480283687028,2132.8945883438096,-3.552713678800501e-14,1.0,1.0,0.0,0.0,8.189297158276242,8.189297158276242,0.0,0.0
ood_compound,A5_train_seed_2,50034,250,250,False,250,250,0,14.696684476000652,28.327036683843446,3674.171119000163,-4.263256414560601e-14,1.0,1.0,0.0,0.0,9.784810835208843,9.784810835208843,0.0,0.0
ood_compound,A5_train_seed_2,50035,250,250,False,250,229,0,6.052545351980827,18.765030342580612,1513.1363379952068,-7.105427357601002e-14,1.0,1.0,0.0,0.0,8.757874946513097,8.757874946513097,0.0,0.0
ood_compound,A5_train_seed_2,50036,250,250,False,250,250,0,20.022578997825065,31.98358139300001,5005.644749456266,-7.815970093361102e-14,1.0,1.0,0.0,0.0,9.36280835676401,9.36280835676401,0.0,0.0
ood_compound,A5_train_seed_2,50037,250,250,False,250,250,0,29.04104518819545,31.752493478321973,7260.261297048863,-2.842170943040401e-14,1.0,1.0,0.0,0.0,9.413626226398886,9.413626226398886,0.0,0.0
ood_compound,A5_train_seed_2,50038,250,250,False,250,226,1,5.8205723639545885,29.390863234526712,1455.1430909886471,-5.684341886080802e-14,1.0,1.0,0.0,0.0,6.708492281278756,6.708492281278756,0.0,0.0
ood_compound,A5_train_seed_2,50039,250,250,False,250,250,0,16.212960025656578,29.63166243078893,4053.240006414145,-5.684341886080802e-14,1.0,1.0,0.0,0.0,9.114672978025823,9.114672978025823,0.0,0.0
ood_compound,A5_train_seed_2,50040,250,250,False,250,217,0,6.0829750430619,26.902733656954666,1520.743760765475,-8.526512829121202e-14,1.0,1.0,0.0,0.0,8.226201612281674,8.226201612281674,0.0,0.0
ood_compound,A5_train_seed_2,50041,250,250,False,250,79,0,2.655159852156628,30.340088982178923,663.7899630391571,-2.842170943040401e-14,1.0,1.0,0.0,0.0,6.8999000521384755,6.8999000521384755,0.0,0.0
ood_compound,A5_train_seed_2,50042,250,250,False,250,218,0,6.052865620669304,25.322331202424035,1513.216405167326,-2.842170943040401e-14,1.0,1.0,0.0,0.0,7.234037833682021,7.234037833682021,0.0,0.0
ood_compound,A5_train_seed_2,50043,250,250,False,250,250,0,9.507717795287913,12.627508713935677,2376.9294488219784,-7.105427357601002e-14,1.0,1.0,0.0,0.0,9.694280753670329,9.694280753670329,0.0,0.0
ood_compound,A5_train_seed_2,50044,250,250,False,250,250,0,28.127516705544195,31.13798016987516,7031.879176386049,-2.842170943040401e-14,1.0,1.0,0.0,0.0,8.32503931161816,8.32503931161816,0.0,0.0
ood_compound,A5_train_seed_2,50045,250,250,False,250,250,120,13.039278312525381,19.60155474182797,3259.819578131345,-4.973799150320701e-14,1.0,1.0,0.0,0.0,10.424286733772956,10.424286733772956,0.0,0.0
ood_compound,A5_train_seed_2,50046,250,250,False,250,77,0,3.604321778521331,21.04780084826616,901.0804446303327,-2.1316282072803006e-14,1.0,1.0,0.0,0.0,8.53201660686425,8.53201660686425,0.0,0.0
ood_compound,A5_train_seed_2,50047,250,250,False,250,250,0,8.793776258626874,13.383409765563183,2198.4440646567186,-6.394884621840902e-14,1.0,1.0,0.0,0.0,8.73927307110858,8.73927307110858,0.0,0.0
ood_compound,A5_train_seed_2,50048,250,250,False,250,92,2,3.5418165619219435,23.295043238234694,885.4541404804859,-5.684341886080802e-14,1.0,1.0,0.0,0.0,8.052856666170127,8.052856666170127,0.0,0.0
ood_compound,A5_train_seed_2,50049,250,250,False,250,223,0,14.487214369323684,28.168662553650893,3621.803592330921,-5.684341886080802e-14,1.0,1.0,0.0,0.0,7.989061312535869,7.989061312535869,0.0,0.0
ood_compound,A5_train_seed_2,50050,250,250,False,250,250,0,6.323374347231786,22.061018714671057,1580.8435868079464,-2.842170943040401e-14,1.0,1.0,0.0,0.0,7.867842655251022,7.867842655251022,0.0,0.0
ood_compound,A5_train_seed_2,50051,250,250,False,250,247,0,10.463943780686703,23.058580141986074,2615.9859451716757,-2.842170943040401e-14,1.0,1.0,0.0,0.0,7.637340149445869,7.637340149445869,0.0,0.0
ood_compound,A5_train_seed_2,50052,250,250,False,250,235,0,10.5278911312444,33.38092702534018,2631.9727828111,-8.526512829121202e-14,1.0,1.0,0.0,0.0,8.95479520599484,8.95479520599484,0.0,0.0
ood_compound,A5_train_seed_2,50053,250,250,False,250,101,0,6.3650922251169675,24.642493808825062,1591.273056279242,-2.842170943040401e-14,1.0,1.0,0.0,0.0,6.985933637071606,6.985933637071606,0.0,0.0
ood_compound,A5_train_seed_2,50054,250,250,False,250,225,0,3.5656366057374544,18.84228889311364,891.4091514343636,-2.842170943040401e-14,1.0,1.0,0.0,0.0,7.686624700109565,7.686624700109565,0.0,0.0
ood_compound,A5_train_seed_2,50055,250,250,False,250,101,0,6.127377569876043,25.625986525504942,1531.844392469011,-5.684341886080802e-14,1.0,1.0,0.0,0.0,8.248023504506369,8.248023504506369,0.0,0.0
ood_compound,A5_train_seed_2,50056,250,250,False,250,18,0,0.2551029891026512,7.793232399298401,63.7757472756628,-3.197442310920451e-14,1.0,1.0,0.0,0.0,7.836734961115536,7.836734961115536,0.0,0.0
ood_compound,A5_train_seed_2,50057,250,250,False,250,250,0,16.0872123226556,28.519009742229052,4021.8030806638994,-6.394884621840902e-14,1.0,1.0,0.0,0.0,8.989545607239032,8.989545607239032,0.0,0.0
ood_compound,A5_train_seed_2,50058,250,250,False,250,125,0,6.893591417014939,21.57993169323058,1723.3978542537347,-2.842170943040401e-14,1.0,1.0,0.0,0.0,8.06149012296591,8.06149012296591,0.0,0.0
ood_compound,A5_train_seed_2,50059,250,250,False,250,235,0,5.951576202816972,18.313907737816038,1487.894050704243,-4.263256414560601e-14,1.0,1.0,0.0,0.0,7.909336207874861,7.909336207874861,0.0,0.0
ood_compound,A5_train_seed_2,50060,250,250,False,250,250,0,19.619768063008685,20.445874452641927,4904.942015752171,-2.842170943040401e-14,1.0,1.0,0.0,0.0,8.742704886880544,8.742704886880544,0.0,0.0
ood_compound,A5_train_seed_2,50061,250,250,False,250,209,0,7.6722873430168255,26.243087877957272,1918.0718357542064,-4.263256414560601e-14,1.0,1.0,0.0,0.0,7.8826205958340525,7.8826205958340525,0.0,0.0
ood_compound,A5_train_seed_2,50062,250,250,False,250,226,2,3.8916191427229063,29.126683294937525,972.9047856807266,-2.842170943040401e-14,1.0,1.0,0.0,0.0,7.822474048392238,7.822474048392238,0.0,0.0
ood_compound,A5_train_seed_2,50063,250,250,False,250,250,0,14.56285987223311,27.250026391269163,3640.7149680582775,-5.684341886080802e-14,1.0,1.0,0.0,0.0,9.711700192082226,9.711700192082226,0.0,0.0
ood_compound,A5_train_seed_2,50064,250,250,False,250,250,0,19.59493580358596,30.31616211151146,4898.733950896491,-2.842170943040401e-14,1.0,1.0,0.0,0.0,8.538205829923925,8.538205829923925,0.0,0.0
ood_compound,A5_train_seed_2,50065,250,250,False,250,70,0,1.9538119186714316,12.891991951325815,488.4529796678579,-3.552713678800501e-14,1.0,1.0,0.0,0.0,9.129989216901322,9.129989216901322,0.0,0.0
ood_compound,A5_train_seed_2,50066,250,250,False,250,250,0,19.883320523850642,26.530094894259577,4970.83013096266,-6.394884621840902e-14,1.0,1.0,0.0,0.0,5.253704144789767,5.253704144789767,0.0,0.0
ood_compound,A5_train_seed_2,50067,250,250,False,250,238,0,7.936533218707737,24.581096140787167,1984.1333046769344,-3.552713678800501e-14,1.0,1.0,0.0,0.0,7.702321307440459,7.702321307440459,0.0,0.0
ood_compound,A5_train_seed_2,50068,250,250,False,250,97,0,1.6879131379492909,6.604898619488013,421.9782844873227,-2.842170943040401e-14,1.0,1.0,0.0,0.0,7.601426501139347,7.601426501139347,0.0,0.0
ood_compound,A5_train_seed_2,50069,250,250,False,250,82,0,3.2473870191341856,29.996493393699996,811.8467547835464,-1.4210854715202004e-14,1.0,1.0,0.0,0.0,5.88973658302889,5.88973658302889,0.0,0.0
ood_compound,A5_train_seed_2,50070,250,250,False,250,56,0,1.4220111212351962,8.867652671383532,355.50278030879906,-2.4868995751603507e-14,1.0,1.0,0.0,0.0,8.88000540758203,8.88000540758203,0.0,0.0
ood_compound,A5_train_seed_2,50071,250,250,False,250,250,0,24.229285155543593,31.250094580084422,6057.321288885898,-1.1368683772161603e-13,1.0,1.0,0.0,0.0,8.40818492150311,8.40818492150311,0.0,0.0
ood_compound,A5_train_seed_2,50072,250,250,False,250,248,0,11.701299845075892,28.627981256383247,2925.3249612689733,-2.842170943040401e-14,1.0,1.0,0.0,0.0,9.41499293704683,9.41499293704683,0.0,0.0
ood_compound,A5_train_seed_2,50073,250,250,False,250,249,0,5.858514340976982,29.133522445203113,1464.6285852442456,-2.842170943040401e-14,1.0,1.0,0.0,0.0,6.571361825873919,6.571361825873919,0.0,0.0
ood_compound,A5_train_seed_2,50074,250,250,False,250,250,0,6.722544330396825,13.53219546304097,1680.6360825992062,-6.394884621840902e-14,1.0,1.0,0.0,0.0,9.638424107267351,9.638424107267351,0.0,0.0
ood_compound,A5_train_seed_2,50075,250,250,False,250,233,0,6.512057852455762,22.451062278765864,1628.0144631139406,-4.263256414560601e-14,1.0,1.0,0.0,0.0,6.947437287051069,6.947437287051069,0.0,0.0
ood_compound,A5_train_seed_2,50076,35,36,True,35,34,3,16.93678187865762,34.58556172075262,609.7241476316743,-443.5679841716408,1.0,1.0,0.0,0.0,9.685549328649998,9.685549328649998,0.0,0.0
ood_compound,A5_train_seed_2,50077,250,250,False,250,148,1,3.324199754751395,22.976704947205555,831.0499386878487,-4.263256414560601e-14,1.0,1.0,0.0,0.0,8.211804159046693,8.211804159046693,0.0,0.0
ood_compound,A5_train_seed_2,50078,250,250,False,250,250,0,17.548276302864686,31.196868912269952,4387.069075716171,-5.684341886080802e-14,1.0,1.0,0.0,0.0,9.56432008807767,9.56432008807767,0.0,0.0
ood_compound,A5_train_seed_2,50079,250,250,False,250,243,10,13.817657539431563,31.60623979188476,3454.4143848578906,-8.526512829121202e-14,1.0,1.0,0.0,0.0,8.223585428525942,8.223585428525942,0.0,0.0
ood_compound,A5_train_seed_2,50080,250,250,False,250,212,2,4.403129686089182,31.440501617114943,1100.7824215222954,-4.263256414560601e-14,1.0,1.0,0.0,0.0,6.847928231261815,6.847928231261815,0.0,0.0
ood_compound,A5_train_seed_2,50081,250,250,False,250,219,0,4.390292533270422,23.422060396363573,1097.5731333176054,-7.105427357601002e-14,1.0,1.0,0.0,0.0,9.221653667789807,9.221653667789807,0.0,0.0
ood_compound,A5_train_seed_2,50082,85,85,False,85,45,0,5.797724478881957,21.106953375082757,492.80658070496634,-1.4210854715202004e-14,1.0,1.0,0.0,0.0,6.368007674723984,6.368007674723984,0.0,0.0
ood_compound,A5_train_seed_2,50083,250,250,False,250,237,0,9.097873353756928,27.269474696344368,2274.468338439232,-1.4210854715202004e-14,1.0,1.0,0.0,0.0,8.817321782297414,8.817321782297414,0.0,0.0
ood_compound,A5_train_seed_2,50084,250,250,False,250,250,0,24.239228710188193,29.760406562055785,6059.807177547048,-7.105427357601002e-14,1.0,1.0,0.0,0.0,7.626972848414297,7.626972848414297,0.0,0.0
ood_compound,A5_train_seed_2,50085,250,250,False,250,228,1,7.641570959993383,29.553519414407152,1910.3927399983459,-5.684341886080802e-14,1.0,1.0,0.0,0.0,7.684583922479064,7.684583922479064,0.0,0.0
ood_compound,A5_train_seed_2,50086,250,250,False,250,248,91,20.63821326543291,33.06005438081993,5159.553316358228,-1.4210854715202004e-14,1.0,1.0,0.0,0.0,6.981896107424202,6.981896107424202,0.0,0.0
ood_compound,A5_train_seed_2,50087,250,250,False,250,187,0,7.461822549600149,16.377263769028936,1865.4556374000372,-6.394884621840902e-14,1.0,1.0,0.0,0.0,8.690539703512746,8.690539703512746,0.0,0.0
ood_compound,A5_train_seed_2,50088,250,250,False,250,249,0,11.187938848788619,31.912870523027063,2796.9847121971547,-2.842170943040401e-14,1.0,1.0,0.0,0.0,6.814983344763288,6.814983344763288,0.0,0.0
ood_compound,A5_train_seed_2,50089,250,250,False,250,218,0,3.685014587730684,22.327438767943946,921.253646932671,-5.684341886080802e-14,1.0,1.0,0.0,0.0,8.915965445785705,8.915965445785705,0.0,0.0
ood_compound,A5_train_seed_2,50090,250,250,False,250,154,29,11.067348644902014,33.79283511607657,2766.837161225503,-2.1316282072803006e-14,1.0,1.0,0.0,0.0,8.122261163205339,8.122261163205339,0.0,0.0
ood_compound,A5_train_seed_2,50091,250,250,False,250,234,0,10.632988631955195,24.214914275526425,2658.247157988799,-2.842170943040401e-14,1.0,1.0,0.0,0.0,7.894347480838567,7.894347480838567,0.0,0.0
ood_compound,A5_train_seed_2,50092,250,250,False,250,215,0,5.359786898817534,25.673914433651042,1339.9467247043835,-4.263256414560601e-14,1.0,1.0,0.0,0.0,5.991102272609304,5.991102272609304,0.0,0.0
ood_compound,A5_train_seed_2,50093,250,250,False,250,230,5,13.280072550181734,33.99036196196071,3320.0181375454335,-9.947598300641403e-14,1.0,1.0,0.0,0.0,8.292554172385392,8.292554172385392,0.0,0.0
ood_compound,A5_train_seed_2,50094,250,250,False,250,69,0,2.725766781539468,13.130554462627828,681.441695384867,-6.394884621840902e-14,1.0,1.0,0.0,0.0,9.534737609429376,9.534737609429376,0.0,0.0
ood_compound,A5_train_seed_2,50095,244,244,False,244,123,0,2.5553528433632566,16.67873913189183,623.5060937806346,-1.4210854715202004e-14,1.0,1.0,0.0,0.0,6.212605011632086,6.212605011632086,0.0,0.0
ood_compound,A5_train_seed_2,50096,250,250,False,250,101,0,4.4803519980488415,20.50131209300373,1120.0879995122104,-2.1316282072803006e-14,1.0,1.0,0.0,0.0,6.462600406811594,6.462600406811594,0.0,0.0
ood_compound,A5_train_seed_2,50097,250,250,False,250,192,4,3.6376269327230575,17.95191831909385,909.4067331807644,-5.684341886080802e-14,1.0,1.0,0.0,0.0,7.236395466126672,7.236395466126672,0.0,0.0
ood_compound,A5_train_seed_2,50098,250,250,False,250,237,7,17.582585548500692,40.34609197689241,4395.646387125173,-6.394884621840902e-14,1.0,1.0,0.0,0.0,8.279997842655417,8.279997842655417,0.0,0.0
ood_compound,A5_train_seed_2,50099,250,250,False,250,190,5,4.006461159059182,15.929949287065693,1001.6152897647953,-5.684341886080802e-14,1.0,1.0,0.0,0.0,7.24800592791227,7.24800592791227,0.0,0.0
motor_fault,A5_train_seed_2,50000,250,250,False,250,111,0,3.5053937671957494,29.06914608134325,876.3484417989373,-4.263256414560601e-14,1.0,1.0,0.0,0.0,8.683383420690875,8.683383420690875,0.0,0.0
motor_fault,A5_train_seed_2,50001,250,250,False,250,178,0,4.223292378699163,30.468374979753392,1055.8230946747908,-1.4210854715202004e-13,1.0,1.0,0.0,0.0,7.141958790751564,7.141958790751564,0.0,0.0
motor_fault,A5_train_seed_2,50002,250,250,False,250,247,3,11.19686802947774,41.924157071858964,2799.217007369435,-5.684341886080802e-14,1.0,1.0,0.0,0.0,8.745598235843143,8.745598235843143,0.0,0.0
motor_fault,A5_train_seed_2,50003,250,250,False,250,32,0,2.4336938080927104,26.93956312931109,608.4234520231776,-2.1316282072803006e-14,1.0,1.0,0.0,0.0,7.181920338456437,7.181920338456437,0.0,0.0
motor_fault,A5_train_seed_2,50004,250,250,False,250,243,0,3.5381231004043174,23.765455512667305,884.5307751010794,-4.973799150320701e-14,1.0,1.0,0.0,0.0,3.8431931238182484,3.8431931238182484,0.0,0.0
motor_fault,A5_train_seed_2,50005,250,250,False,250,235,5,5.749256146219295,22.910712379348066,1437.3140365548238,-2.842170943040401e-14,1.0,1.0,0.0,0.0,7.723994505449382,7.723994505449382,0.0,0.0
motor_fault,A5_train_seed_2,50006,250,250,False,250,42,0,1.0696831736600503,11.24329684197304,267.42079341501255,-2.842170943040401e-14,1.0,1.0,0.0,0.0,5.562763996259435,5.562763996259435,0.0,0.0
motor_fault,A5_train_seed_2,50007,250,250,False,250,30,0,2.3175773823804784,29.4031843422488,579.3943455951196,-1.4210854715202004e-14,1.0,1.0,0.0,0.0,8.163330350644966,8.163330350644966,0.0,0.0
motor_fault,A5_train_seed_2,50008,114,114,False,114,97,1,6.859367578573096,25.352073829653673,781.967903957333,-5.684341886080802e-14,1.0,1.0,0.0,0.0,6.939818864510937,6.939818864510937,0.0,0.0
motor_fault,A5_train_seed_2,50009,250,250,False,250,234,83,14.382178592069558,33.3303731836289,3595.5446480173896,-4.263256414560601e-14,1.0,1.0,0.0,0.0,10.547571821557167,10.547571821557167,0.0,0.0
motor_fault,A5_train_seed_2,50010,250,250,False,250,20,0,1.34578095123788,22.932942679363244,336.44523780947,-1.4210854715202004e-14,1.0,1.0,0.0,0.0,5.655792310604328,5.655792310604328,0.0,0.0
motor_fault,A5_train_seed_2,50011,250,250,False,250,186,0,2.857148976413455,7.353845563167429,714.2872441033637,-5.684341886080802e-14,1.0,1.0,0.0,0.0,7.272258816818665,7.272258816818665,0.0,0.0
motor_fault,A5_train_seed_2,50012,250,250,False,250,28,0,0.9500118034476257,22.856204517989916,237.5029508619064,-3.552713678800501e-14,1.0,1.0,0.0,0.0,4.107045586816309,4.107045586816309,0.0,0.0
motor_fault,A5_train_seed_2,50013,250,250,False,250,31,0,1.8217774323149132,17.47853758499952,455.44435807872827,-6.394884621840902e-14,1.0,1.0,0.0,0.0,9.29432699724016,9.29432699724016,0.0,0.0
motor_fault,A5_train_seed_2,50014,250,250,False,250,237,3,6.153388684892051,25.787127717306895,1538.3471712230128,-5.684341886080802e-14,1.0,1.0,0.0,0.0,7.939305669424419,7.939305669424419,0.0,0.0
motor_fault,A5_train_seed_2,50015,250,250,False,250,61,0,1.9784250340696117,23.927089907876177,494.6062585174029,-4.263256414560601e-14,1.0,1.0,0.0,0.0,8.918725119560175,8.918725119560175,0.0,0.0
motor_fault,A5_train_seed_2,50016,250,250,False,250,246,0,22.912753894543275,31.952049626551904,5728.188473635819,-7.105427357601002e-14,1.0,1.0,0.0,0.0,10.392167248746084,10.392167248746084,0.0,0.0
motor_fault,A5_train_seed_2,50017,250,250,False,250,230,0,5.122293340099921,23.935956015718524,1280.5733350249802,-4.263256414560601e-14,1.0,1.0,0.0,0.0,8.444400468007236,8.444400468007236,0.0,0.0
motor_fault,A5_train_seed_2,50018,57,58,True,57,57,5,24.88405646495427,39.84649497260787,1443.2752749673477,-51.54409997107584,1.0,1.0,0.0,0.0,10.381524458661051,10.381524458661051,0.0,0.0
motor_fault,A5_train_seed_2,50019,250,250,False,250,250,181,15.53710742818238,20.40410306422829,3884.276857045595,-2.842170943040401e-14,1.0,1.0,0.0,0.0,9.810687229907877,9.810687229907877,0.0,0.0
motor_fault,A5_train_seed_2,50020,250,250,False,250,39,0,1.035279422505319,8.060018262546638,258.81985562632974,-3.552713678800501e-14,1.0,1.0,0.0,0.0,9.674242355186589,9.674242355186589,0.0,0.0
motor_fault,A5_train_seed_2,50021,250,250,False,250,91,0,1.4620663224343098,9.233568112402688,365.51658060857744,-5.684341886080802e-14,1.0,1.0,0.0,0.0,9.062394136816478,9.062394136816478,0.0,0.0
motor_fault,A5_train_seed_2,50022,250,250,False,250,26,0,1.337411791664435,25.101028332706793,334.35294791610875,-2.1316282072803006e-14,1.0,1.0,0.0,0.0,8.119524162615354,8.119524162615354,0.0,0.0
motor_fault,A5_train_seed_2,50023,250,250,False,250,40,0,1.8432111276936247,30.99036353079815,460.8027819234062,-5.684341886080802e-14,1.0,1.0,0.0,0.0,5.661654795907503,5.661654795907503,0.0,0.0
motor_fault,A5_train_seed_2,50024,250,250,False,250,3,0,0.058952889430849496,5.717932883157519,14.738222357712374,-7.105427357601002e-15,1.0,1.0,0.0,0.0,7.641530334668451,7.641530334668451,0.0,0.0
motor_fault,A5_train_seed_2,50025,250,250,False,250,210,0,4.4228263311585625,27.69580127939227,1105.7065827896406,-1.1368683772161603e-13,1.0,1.0,0.0,0.0,8.477111328678951,8.477111328678951,0.0,0.0
motor_fault,A5_train_seed_2,50026,250,250,False,250,194,4,7.013027842890837,32.37908963677942,1753.2569607227092,-2.842170943040401e-14,1.0,1.0,0.0,0.0,6.650932736022229,6.650932736022229,0.0,0.0
motor_fault,A5_train_seed_2,50027,250,250,False,250,28,0,0.4755694168349532,11.019641347748497,118.8923542087383,-1.4210854715202004e-14,1.0,1.0,0.0,0.0,6.306832393838138,6.306832393838138,0.0,0.0
motor_fault,A5_train_seed_2,50028,250,250,False,250,23,0,1.1327735090858069,21.270785381726558,283.1933772714517,-2.1316282072803006e-14,1.0,1.0,0.0,0.0,6.967173392008717,6.967173392008717,0.0,0.0
motor_fault,A5_train_seed_2,50029,250,250,False,250,66,0,4.878585211863132,32.237982578830085,1219.646302965783,-3.552713678800501e-14,1.0,1.0,0.0,0.0,8.306795862162698,8.306795862162698,0.0,0.0
motor_fault,A5_train_seed_2,50030,250,250,False,250,198,0,3.6721772497179153,29.722025293891463,918.0443124294789,-4.263256414560601e-14,1.0,1.0,0.0,0.0,7.775579003509607,7.775579003509607,0.0,0.0
motor_fault,A5_train_seed_2,50031,99,99,False,99,37,0,4.453594064649545,31.05112240699051,440.90581240030497,-4.263256414560601e-14,1.0,1.0,0.0,0.0,5.314599831649194,5.314599831649194,0.0,0.0
motor_fault,A5_train_seed_2,50032,250,250,False,250,34,0,2.026032205577377,25.778288005741395,506.50805139434425,-3.197442310920451e-14,1.0,1.0,0.0,0.0,8.13280270439336,8.13280270439336,0.0,0.0
motor_fault,A5_train_seed_2,50033,250,250,False,250,23,0,0.22302308842389415,8.37956895962528,55.755772105973534,-3.552713678800501e-14,1.0,1.0,0.0,0.0,4.9916182754429395,4.9916182754429395,0.0,0.0
motor_fault,A5_train_seed_2,50034,246,246,False,246,176,0,7.307415204781177,34.71235894981111,1797.6241403761694,-5.684341886080802e-14,1.0,1.0,0.0,0.0,7.631052262605391,7.631052262605391,0.0,0.0
motor_fault,A5_train_seed_2,50035,250,250,False,250,235,0,6.571873139264342,28.438433258879236,1642.9682848160855,-5.684341886080802e-14,1.0,1.0,0.0,0.0,8.686501693376007,8.686501693376007,0.0,0.0
motor_fault,A5_train_seed_2,50036,250,250,False,250,219,0,11.03821374349478,31.890406815276965,2759.553435873695,-4.263256414560601e-14,1.0,1.0,0.0,0.0,8.181988678440312,8.181988678440312,0.0,0.0
motor_fault,A5_train_seed_2,50037,250,250,False,250,227,0,9.606524932494704,28.430596460289987,2401.631233123676,-4.263256414560601e-14,1.0,1.0,0.0,0.0,7.016971222821849,7.016971222821849,0.0,0.0
motor_fault,A5_train_seed_2,50038,250,250,False,250,227,0,4.9984319070577055,29.390863234526712,1249.6079767644264,-5.684341886080802e-14,1.0,1.0,0.0,0.0,7.751465765558489,7.751465765558489,0.0,0.0
motor_fault,A5_train_seed_2,50039,218,218,False,218,162,0,8.783014553415297,32.55431705541634,1914.697172644535,-4.263256414560601e-14,1.0,1.0,0.0,0.0,8.339325994663817,8.339325994663817,0.0,0.0
motor_fault,A5_train_seed_2,50040,89,89,False,89,66,0,3.624710965066572,26.848535119747797,322.5992758909249,-5.684341886080802e-14,1.0,1.0,0.0,0.0,6.472090175008315,6.472090175008315,0.0,0.0
motor_fault,A5_train_seed_2,50041,81,81,False,81,13,0,2.2815246932966105,30.340088982178923,184.80350015702544,-1.4210854715202004e-14,1.0,1.0,0.0,0.0,5.635508270746029,5.635508270746029,0.0,0.0
motor_fault,A5_train_seed_2,50042,70,70,False,70,65,0,2.4825343779407483,6.931922435760498,173.77740645585237,-7.105427357601002e-15,1.0,1.0,0.0,0.0,7.447752308937023,7.447752308937023,0.0,0.0
motor_fault,A5_train_seed_2,50043,250,250,False,250,16,0,0.31817409984551825,8.010209166383824,79.54352496137956,-2.1316282072803006e-14,1.0,1.0,0.0,0.0,5.359660266277099,5.359660266277099,0.0,0.0
motor_fault,A5_train_seed_2,50044,250,250,False,250,53,0,2.349831009318916,21.07835380487153,587.4577523297289,-2.842170943040401e-14,1.0,1.0,0.0,0.0,3.633767757194565,3.633767757194565,0.0,0.0
motor_fault,A5_train_seed_2,50045,250,250,False,250,250,169,13.007417793515646,19.300631359110113,3251.8544483789115,-8.526512829121202e-14,1.0,1.0,0.0,0.0,10.479483579057867,10.479483579057867,0.0,0.0
motor_fault,A5_train_seed_2,50046,250,250,False,250,20,0,1.2865321420407814,24.128122556966467,321.6330355101953,-2.842170943040401e-14,1.0,1.0,0.0,0.0,6.211819791643174,6.211819791643174,0.0,0.0
motor_fault,A5_train_seed_2,50047,250,250,False,250,15,0,0.28642850131978426,7.889087878747182,71.60712532994606,-1.7763568394002505e-14,1.0,1.0,0.0,0.0,4.867912087145045,4.867912087145045,0.0,0.0
motor_fault,A5_train_seed_2,50048,250,250,False,250,72,0,1.719649732786906,17.87023400635312,429.9124331967265,-5.684341886080802e-14,1.0,1.0,0.0,0.0,7.809519632143858,7.809519632143858,0.0,0.0
motor_fault,A5_train_seed_2,50049,250,250,False,250,38,0,1.8829036644902457,22.588206716141727,470.72591612256144,-3.197442310920451e-14,1.0,1.0,0.0,0.0,9.152168938991284,9.152168938991284,0.0,0.0
motor_fault,A5_train_seed_2,50050,250,250,False,250,230,0,3.617503405572885,14.7965426478293,904.3758513932213,-4.263256414560601e-14,1.0,1.0,0.0,0.0,8.626649455443069,8.626649455443069,0.0,0.0
motor_fault,A5_train_seed_2,50051,250,250,False,250,248,0,9.182416122473803,23.058580141986074,2295.604030618451,-1.4210854715202004e-14,1.0,1.0,0.0,0.0,7.1141403090499935,7.1141403090499935,0.0,0.0
motor_fault,A5_train_seed_2,50052,250,250,False,250,240,167,13.388463646812907,34.290472927956095,3347.1159117032266,-1.4210854715202004e-14,1.0,1.0,0.0,0.0,9.413135638841325,9.413135638841325,0.0,0.0
motor_fault,A5_train_seed_2,50053,250,250,False,250,29,0,1.026367845111124,22.31796393831309,256.591961277781,-2.4868995751603507e-14,1.0,1.0,0.0,0.0,6.6796850260607625,6.6796850260607625,0.0,0.0
motor_fault,A5_train_seed_2,50054,250,250,False,250,189,0,2.2498931989022943,14.73395120761572,562.4732997255736,-2.842170943040401e-14,1.0,1.0,0.0,0.0,7.241274983784963,7.241274983784963,0.0,0.0
motor_fault,A5_train_seed_2,50055,250,250,False,250,245,0,17.33661647768663,30.419471189620555,4334.154119421657,-7.105427357601002e-14,1.0,1.0,0.0,0.0,9.14168741518824,9.14168741518824,0.0,0.0
motor_fault,A5_train_seed_2,50056,250,250,False,250,8,0,0.1428086158127361,7.793232399298401,35.70215395318402,-1.7763568394002505e-14,1.0,1.0,0.0,0.0,3.16166993988114,3.16166993988114,0.0,0.0
motor_fault,A5_train_seed_2,50057,76,76,False,76,27,0,3.900637628359325,16.519238719397904,296.4484597553087,-4.973799150320701e-14,1.0,1.0,0.0,0.0,6.717215868529959,6.717215868529959,0.0,0.0
motor_fault,A5_train_seed_2,50058,106,106,False,106,53,0,7.064392614793084,29.133195828990416,748.8256171680669,-2.842170943040401e-14,1.0,1.0,0.0,0.0,7.661863317329717,7.661863317329717,0.0,0.0
motor_fault,A5_train_seed_2,50059,250,250,False,250,248,0,6.047898244265209,7.27275705408308,1511.9745610663022,-5.684341886080802e-14,1.0,1.0,0.0,0.0,10.067852906877262,10.067852906877262,0.0,0.0
motor_fault,A5_train_seed_2,50060,250,250,False,250,43,0,2.1294739543427816,20.85996695445339,532.3684885856954,-2.1316282072803006e-14,1.0,1.0,0.0,0.0,8.1741671552814,8.1741671552814,0.0,0.0
motor_fault,A5_train_seed_2,50061,250,250,False,250,201,0,2.8674117130830035,6.642786500163701,716.8529282707509,-5.684341886080802e-14,1.0,1.0,0.0,0.0,7.202342931896558,7.202342931896558,0.0,0.0
motor_fault,A5_train_seed_2,50062,250,250,False,250,219,0,3.224881858040449,24.985965281832026,806.2204645101122,-7.105427357601002e-14,1.0,1.0,0.0,0.0,7.85522456873208,7.85522456873208,0.0,0.0
motor_fault,A5_train_seed_2,50063,250,250,False,250,57,0,1.115041594900866,8.491407674999637,278.76039872521653,-5.684341886080802e-14,1.0,1.0,0.0,0.0,9.649684970781585,9.649684970781585,0.0,0.0
motor_fault,A5_train_seed_2,50064,250,250,False,250,15,0,0.6307846298394193,14.888893949015015,157.69615745985482,-2.842170943040401e-14,1.0,1.0,0.0,0.0,5.4916317637767245,5.4916317637767245,0.0,0.0
motor_fault,A5_train_seed_2,50065,250,250,False,250,24,0,0.4878755152074116,8.712707272581978,121.96887880185291,-6.039613253960852e-14,1.0,1.0,0.0,0.0,7.518328167798635,7.518328167798635,0.0,0.0
motor_fault,A5_train_seed_2,50066,250,250,False,250,250,162,14.81264787046074,31.543584520707537,3703.161967615185,-7.105427357601002e-14,1.0,1.0,0.0,0.0,10.23157602280366,10.23157602280366,0.0,0.0
motor_fault,A5_train_seed_2,50067,84,84,False,84,30,0,1.217187079049756,6.466801135719938,102.24371464017952,-3.197442310920451e-14,1.0,1.0,0.0,0.0,8.114872558531658,8.114872558531658,0.0,0.0
motor_fault,A5_train_seed_2,50068,250,250,False,250,19,0,0.3435344751835821,6.604898619488013,85.88361879589553,-2.842170943040401e-14,1.0,1.0,0.0,0.0,7.4363296799645955,7.4363296799645955,0.0,0.0
motor_fault,A5_train_seed_2,50069,250,250,False,250,20,0,1.1141571789054436,29.996493393699996,278.53929472636094,-2.1316282072803006e-14,1.0,1.0,0.0,0.0,5.439880335025528,5.439880335025528,0.0,0.0
motor_fault,A5_train_seed_2,50070,250,250,False,250,47,0,0.9893825127866747,8.814449502518867,247.34562819666866,-4.263256414560601e-14,1.0,1.0,0.0,0.0,8.99947852962224,8.99947852962224,0.0,0.0
motor_fault,A5_train_seed_2,50071,56,56,False,56,10,0,1.6877038894737812,18.23324341528608,94.51141781053175,-2.1316282072803006e-14,1.0,1.0,0.0,0.0,4.882382747915181,4.882382747915181,0.0,0.0
motor_fault,A5_train_seed_2,50072,250,250,False,250,222,0,10.110248951544559,28.919561417378706,2527.56223788614,-1.4210854715202004e-14,1.0,1.0,0.0,0.0,8.849786381247895,8.849786381247895,0.0,0.0
motor_fault,A5_train_seed_2,50073,250,250,False,250,226,0,4.4894226307917595,29.133522445203113,1122.35565769794,-4.263256414560601e-14,1.0,1.0,0.0,0.0,7.354476528366007,7.354476528366007,0.0,0.0
motor_fault,A5_train_seed_2,50074,250,250,False,250,218,0,5.189736169652215,27.683986817573263,1297.4340424130537,-7.105427357601002e-14,1.0,1.0,0.0,0.0,8.751798305716228,8.751798305716228,0.0,0.0
motor_fault,A5_train_seed_2,50075,250,250,False,250,111,5,2.9305145322260144,26.1515801826816,732.6286330565036,-4.263256414560601e-14,1.0,1.0,0.0,0.0,8.190526674646827,8.190526674646827,0.0,0.0
motor_fault,A5_train_seed_2,50076,39,40,True,39,38,4,22.89298893493986,36.45325936910453,915.7195573975945,-256.2379878800773,1.0,1.0,0.0,0.0,10.338978286754031,10.338978286754031,0.0,0.0
motor_fault,A5_train_seed_2,50077,54,54,False,54,43,3,4.186685495947393,10.075904183873098,226.08101678115924,-4.263256414560601e-14,1.0,1.0,0.0,0.0,7.7125957107783405,7.7125957107783405,0.0,0.0
motor_fault,A5_train_seed_2,50078,89,89,False,89,49,0,1.7873295584366893,6.313311733198642,159.07233070086534,-3.552713678800501e-14,1.0,1.0,0.0,0.0,8.714506953383674,8.714506953383674,0.0,0.0
motor_fault,A5_train_seed_2,50079,250,250,False,250,250,164,20.314729618372702,33.33272198498602,5078.682404593175,-2.842170943040401e-14,1.0,1.0,0.0,0.0,10.606792823780706,10.606792823780706,0.0,0.0
motor_fault,A5_train_seed_2,50080,250,250,False,250,89,1,2.6073110461406888,30.995788994727707,651.8277615351722,-2.842170943040401e-14,1.0,1.0,0.0,0.0,6.325395120440781,6.325395120440781,0.0,0.0
motor_fault,A5_train_seed_2,50081,84,84,False,84,46,0,2.905595209433452,23.422060396363573,244.06999759240995,-4.263256414560601e-14,1.0,1.0,0.0,0.0,5.5445062403968155,5.5445062403968155,0.0,0.0
motor_fault,A5_train_seed_2,50082,250,250,False,250,21,0,0.5560508845564832,16.119083996370037,139.0127211391208,-2.842170943040401e-14,1.0,1.0,0.0,0.0,6.368025203754805,6.368025203754805,0.0,0.0
motor_fault,A5_train_seed_2,50083,250,250,False,250,221,159,3.281773799801022,28.38545955454805,820.4434499502555,-2.842170943040401e-14,1.0,1.0,0.0,0.0,5.979038308630832,5.979038308630832,0.0,0.0
motor_fault,A5_train_seed_2,50084,55,55,False,55,10,0,2.287443665017896,21.866017820295596,125.80940157598427,-2.842170943040401e-14,1.0,1.0,0.0,0.0,5.025973896686678,5.025973896686678,0.0,0.0
motor_fault,A5_train_seed_2,50085,250,250,False,250,213,0,6.300428395543262,29.553519414407152,1575.1070988858155,-1.4210854715202004e-14,1.0,1.0,0.0,0.0,6.942439663184705,6.942439663184705,0.0,0.0
motor_fault,A5_train_seed_2,50086,75,75,False,75,18,0,5.397246060994894,33.44807379599049,404.793454574617,-1.4210854715202004e-14,1.0,1.0,0.0,0.0,3.108789033296526,3.108789033296526,0.0,0.0
motor_fault,A5_train_seed_2,50087,250,250,False,250,42,0,0.6838266133457794,8.163027873934755,170.95665333644484,-2.842170943040401e-14,1.0,1.0,0.0,0.0,5.420013560678741,5.420013560678741,0.0,0.0
motor_fault,A5_train_seed_2,50088,250,250,False,250,248,56,9.41511918612934,31.932571241457243,2353.7797965323352,-8.526512829121202e-14,1.0,1.0,0.0,0.0,7.2981116490964615,7.2981116490964615,0.0,0.0
motor_fault,A5_train_seed_2,50089,250,250,False,250,161,0,1.6744024217000006,22.327438767943946,418.60060542500014,-5.684341886080802e-14,1.0,1.0,0.0,0.0,7.522485967113979,7.522485967113979,0.0,0.0
motor_fault,A5_train_seed_2,50090,250,250,False,250,38,102,3.7577650936623255,36.40430648937198,939.4412734155813,-2.1316282072803006e-14,1.0,1.0,0.0,0.0,8.60211560675814,8.60211560675814,0.0,0.0
motor_fault,A5_train_seed_2,50091,250,250,False,250,233,31,11.905626888871877,24.214914275526425,2976.406722217969,-1.4210854715202004e-14,1.0,1.0,0.0,0.0,8.003300662685492,8.003300662685492,0.0,0.0
motor_fault,A5_train_seed_2,50092,250,250,False,250,105,0,2.6744188115684184,15.267805733155054,668.6047028921046,-7.105427357601002e-14,1.0,1.0,0.0,0.0,5.0693406660690785,5.0693406660690785,0.0,0.0
motor_fault,A5_train_seed_2,50093,42,43,True,42,42,4,22.977594747462422,38.62944217094142,988.0365741408842,-56.448740843103536,1.0,1.0,0.0,0.0,10.737122044996783,10.737122044996783,0.0,0.0
motor_fault,A5_train_seed_2,50094,250,250,False,250,17,0,0.37725327818398835,7.96943285327555,94.31331954599709,-2.842170943040401e-14,1.0,1.0,0.0,0.0,6.111292145359482,6.111292145359482,0.0,0.0
motor_fault,A5_train_seed_2,50095,250,250,False,250,20,0,0.583322014783603,8.503511666967023,145.83050369590075,-3.197442310920451e-14,1.0,1.0,0.0,0.0,8.288409762139082,8.288409762139082,0.0,0.0
motor_fault,A5_train_seed_2,50096,250,250,False,250,24,0,1.6167249976376068,20.89713267519016,404.1812494094017,-1.4210854715202004e-14,1.0,1.0,0.0,0.0,7.308849538022228,7.308849538022228,0.0,0.0
motor_fault,A5_train_seed_2,50097,250,250,False,250,206,6,3.6949597661314577,24.996602736411052,923.7399415328645,-4.263256414560601e-14,1.0,1.0,0.0,0.0,7.079408261578278,7.079408261578278,0.0,0.0
motor_fault,A5_train_seed_2,50098,250,250,False,250,29,0,2.9506556579620375,37.61164202214968,737.6639144905093,-2.1316282072803006e-14,1.0,1.0,0.0,0.0,3.6264803157495265,3.6264803157495265,0.0,0.0
motor_fault,A5_train_seed_2,50099,47,48,True,47,45,9,9.016458620379108,46.61771838854912,432.7900137781972,-622.0648223491401,1.0,1.0,0.0,0.0,8.05118748602504,8.05118748602504,0.0,0.0
id_reference,A6_train_seed_2,50000,250,250,False,250,0,0,0.0,0.0,0.0,0.24245551457752867,0.10061328684477983,0.1,4.982914352415766,8.217164549996134,11.047168889442071,1.1109816934486534,3.9740828180313112,3.990154504776001
id_reference,A6_train_seed_2,50001,250,250,False,250,46,0,1.5939454606361578,21.922238848466254,398.48636515903945,-1.4210854715202004e-14,0.1,0.1,5.922134695022302,8.948509356462512,9.786931112360293,0.9786931112360296,3.9737327423095703,3.9906005859375
id_reference,A6_train_seed_2,50002,250,250,False,250,20,0,0.10687022080614758,2.079995770273286,26.717555201536896,-1.4210854715202004e-14,0.10030377953808503,0.1,3.6248539756100726,8.678056796505107,10.021499344153558,1.004808665225059,3.9737720947265625,3.9907724857330322
id_reference,A6_train_seed_2,50003,250,250,False,250,41,0,2.519180258134218,26.957722315158822,629.7950645335545,-2.1316282072803006e-14,0.1,0.1,9.014902503615783,11.448767479856672,5.263827585601859,0.5263827585601859,3.9616458568572996,3.9903666973114014
id_reference,A6_train_seed_2,50004,250,250,False,250,33,0,1.088957068780089,20.19307801433868,272.23926719502225,-1.4210854715202004e-14,0.1,0.1,7.2434133517395445,8.389048322399566,8.489002017961853,0.8489002017961852,3.973944134712219,3.990429401397705
id_reference,A6_train_seed_2,50005,250,250,False,250,35,0,0.8839727117644531,22.47696744442862,220.9931779411133,-2.842170943040401e-14,0.10003524825629766,0.1,3.276428836860047,9.200442721777216,8.807434995577394,0.8810135742575708,3.974029893875122,3.9907641410827637
id_reference,A6_train_seed_2,50006,250,250,False,250,26,0,0.21047044510612414,3.4998356291431216,52.617611276531036,-2.1316282072803006e-14,0.1,0.1,6.292455454555004,7.50370136152732,7.858785106199013,0.7858785106199013,3.973763068199158,3.990124464035034
id_reference,A6_train_seed_2,50007,250,250,False,250,34,0,2.109595604808717,28.014525790825143,527.3989012021792,-1.4210854715202004e-14,0.1,0.1,8.182387137678955,12.015585016277354,4.7220322965573684,0.47220322965573686,3.9731782121658323,3.9903006553649902
id_reference,A6_train_seed_2,50008,250,250,False,250,55,0,0.595075831311434,21.42902810016687,148.76895782785851,-2.842170943040401e-14,0.10862094819942968,0.1,2.535704750456199,10.35191655421504,9.707489170819981,1.0547280239711676,3.973784588813782,3.990893840789795
id_reference,A6_train_seed_2,50009,250,250,False,250,37,22,2.9765510411071787,25.383136841625124,744.1377602767947,-1.4210854715202004e-14,0.1,0.1,7.683938877469267,11.59846169872172,9.815684813945412,0.9815684813945412,3.9737873773574828,3.9899044036865234
id_reference,A6_train_seed_2,50010,250,250,False,250,19,0,1.4831071327301022,25.88744322005215,370.77678318252555,-7.105427357601002e-15,0.1,0.1,8.141027757960183,10.15126845194368,8.15070373618821,0.8150703736188213,3.973329652786255,3.9900264739990234
id_reference,A6_train_seed_2,50011,250,250,False,250,1,0,0.000633793830871582,0.1584484577178955,0.1584484577178955,0.0,0.10032746541643602,0.1,3.3555878558350694,9.124131762226103,6.4657254633995915,0.6488656862693944,3.9738816175460814,3.9903957843780518
id_reference,A6_train_seed_2,50012,51,51,False,51,15,0,2.9970031250417275,16.006855621613376,152.8471593771281,-2.1316282072803006e-14,0.09999999999999998,0.1,5.085993404172825,6.428492831661935,6.749776284985543,0.6749776284985544,3.9118716296027687,3.9903206825256348
id_reference,A6_train_seed_2,50013,250,250,False,250,40,0,3.0646753762265138,23.6677172691072,766.1688440566285,-1.4210854715202004e-14,0.10007293516221379,0.1,8.349034444815356,11.309690223965413,9.089097781473544,0.9095582487629692,3.965032467842102,3.9898416996002197
id_reference,A6_train_seed_2,50014,250,250,False,250,50,0,0.7562738596077907,20.545985734944594,189.06846490194766,-7.105427357601002e-14,0.1000122039964182,0.1,5.286149633459686,9.511119885108817,9.352696950414543,0.9353892375869397,3.9739238424301147,3.9904704093933105
id_reference,A6_train_seed_2,50015,250,250,False,250,39,0,1.8977147165077763,23.383653467919064,474.4286791269441,-2.1316282072803006e-14,0.1,0.1,7.514417206402148,9.284632848471869,7.559778995176315,0.7559778995176316,3.97385027217865,3.990478754043579
id_reference,A6_train_seed_2,50016,250,250,False,250,43,0,2.862008315167073,24.193462996719965,715.5020787917683,-1.4210854715202004e-14,0.1,0.1,8.08578701212655,9.571775614942123,8.63179288428816,0.863179288428816,3.9738567619323732,3.9903032779693604
id_reference,A6_train_seed_2,50017,250,250,False,250,40,0,0.4127845074901577,20.676814821040153,103.19612687253942,-1.4210854715202004e-14,0.1093744682069932,0.1,2.4701072431669435,9.230117603020183,9.513725712997847,1.0396764802384504,3.9739919500350953,3.9905600547790527
id_reference,A6_train_seed_2,50018,49,50,True,49,47,0,19.23698077053952,24.949632082776876,961.8490385269761,-15.036200267087722,0.09999999999999998,0.1,6.025173814700138,12.972503292312698,10.832432193449206,1.0832432193449204,3.9091883516311645,3.9897098541259766
id_reference,A6_train_seed_2,50019,250,250,False,250,59,0,4.861410754527599,24.887962751971546,1215.3526886318998,-1.4210854715202004e-14,0.1,0.1,7.714142258030323,11.01991128689528,8.87666573784671,0.8876665737846713,3.9736532850265505,3.9899656772613525
id_reference,A6_train_seed_2,50020,250,250,False,250,7,0,0.04037898728082591,2.8944498712905875,10.094746820206478,-2.1316282072803006e-14,0.1,0.1,4.749487883378147,8.411705986951048,8.918613861854537,0.8918613861854539,3.973963384628296,3.990029811859131
id_reference,A6_train_seed_2,50021,250,250,False,250,2,0,0.0014672555301173027,0.24004280882067694,0.3668138825293257,-7.105427357601002e-15,0.10046193176652124,0.1,3.974759575646549,4.6373225308743615,10.693254242113499,1.0729502348303699,3.9737714252471923,3.9903316497802734
id_reference,A6_train_seed_2,50022,250,250,False,250,29,0,1.8404511292563048,25.15015276390642,460.1127823140762,-2.1316282072803006e-14,0.1,0.1,7.946849002662883,10.069249465473126,9.317522542011393,0.9317522542011396,3.9737927198410032,3.9904062747955322
id_reference,A6_train_seed_2,50023,250,250,False,250,29,0,0.9253286032027024,22.34812175583727,231.3321508006756,-1.4210854715202004e-14,0.1,0.1,5.217677637831523,8.604095428509535,10.034444740942714,1.0034444740942716,3.9738577690124512,3.9910495281219482
id_reference,A6_train_seed_2,50024,250,250,False,250,0,0,0.0,0.0,0.0,9.482299911209779,0.10052238947119675,0.1,4.419982348907748,4.5410086487649215,8.435881898632056,0.8481302918760587,3.973872408866882,3.9902970790863037
id_reference,A6_train_seed_2,50025,250,250,False,250,39,0,1.329081451964877,18.496846440783866,332.27036299121926,-2.1316282072803006e-14,0.10008206095914321,0.1,5.310023868253379,9.227377881431945,10.12763037519445,1.0135588568351743,3.973896441459656,3.990931510925293
id_reference,A6_train_seed_2,50026,250,250,False,250,92,0,0.46334234901046356,4.044438966793041,115.8355872526159,-2.842170943040401e-14,0.10161517557136243,0.1,4.690500936151823,10.460660188392431,10.386003436482719,1.0557031421098517,3.973801118850708,3.990760564804077
id_reference,A6_train_seed_2,50027,45,45,False,45,20,0,0.8359876505989455,7.70386850814672,37.61944427695255,-1.4210854715202004e-14,0.10260407458309272,0.1,4.296232573936651,9.889722778072992,6.31821432920735,0.6432978585834804,3.9016118473476835,3.9910452365875244
id_reference,A6_train_seed_2,50028,250,250,False,250,25,0,1.5321181771454382,25.96921748786796,383.02954428635957,-2.1316282072803006e-14,0.1,0.1,7.0587153549554875,10.368651508209817,7.98999688278575,0.7989996882785751,3.973759424209595,3.9906325340270996
id_reference,A6_train_seed_2,50029,250,250,False,250,38,0,3.044543121366823,27.11249170794551,761.1357803417058,-1.4210854715202004e-14,0.1,0.1,7.545350477791573,10.220992218701891,8.01603484944528,0.801603484944528,3.9735691061019898,3.990325927734375
id_reference,A6_train_seed_2,50030,250,250,False,250,30,0,0.8017130018801815,20.70225046615648,200.42825047004536,-2.842170943040401e-14,0.10036496432633141,0.1,5.196557491117173,7.605715621822682,9.141773317952444,0.9172108233385806,3.9737942199707033,3.9906835556030273
id_reference,A6_train_seed_2,50031,250,250,False,250,27,0,1.0088783197860551,23.468464483646727,252.21957994651376,-2.842170943040401e-14,0.1,0.1,5.4573901238099,10.743297411484603,8.839497167427496,0.8839497167427495,3.9739573612213133,3.991018295288086
id_reference,A6_train_seed_2,50032,250,250,False,250,25,0,1.7475815095779825,25.370977966428875,436.89537739449565,-2.1316282072803006e-14,0.1,0.1,7.821887209821619,10.08073300348666,9.624592275767066,0.9624592275767065,3.973721345901489,3.9900670051574707
id_reference,A6_train_seed_2,50033,250,250,False,250,0,0,0.0,0.0,0.0,9.311305214350178,0.10011964097195303,0.1,3.744866600297858,3.8476810964366104,10.661294755077487,1.0672263080590747,3.9737591400146486,3.990246057510376
id_reference,A6_train_seed_2,50034,250,250,False,250,20,0,0.07673463244678794,1.6722784028209678,19.183658111696985,-2.1316282072803006e-14,0.10075633261920058,0.1,3.45289346373834,5.035099095928307,10.294091097051055,1.0359977475119648,3.973735958099365,3.9904754161834717
id_reference,A6_train_seed_2,50035,250,250,False,250,29,0,0.10996061726571524,1.7211189409257999,27.49015431642881,-2.1316282072803006e-14,0.10016555752188998,0.1,4.4128317338196155,9.889208424834848,10.508589257691971,1.0526283229207247,3.973777961730957,3.9906020164489746
id_reference,A6_train_seed_2,50036,250,250,False,250,31,0,0.21265677941695468,3.2909578588724386,53.16419485423867,-1.4210854715202004e-14,0.1,0.1,5.847361047711544,7.616933731394915,4.831874978176318,0.4831874978176318,3.9740182161331177,3.99021053314209
id_reference,A6_train_seed_2,50037,250,250,False,250,23,0,1.0646102040620444,17.53001906262836,266.1525510155111,-2.1316282072803006e-14,0.1,0.1,6.576108959467993,7.325160695800821,9.400786766415015,0.9400786766415015,3.9738676223754883,3.99037504196167
id_reference,A6_train_seed_2,50038,250,250,False,250,39,0,1.1135719745408228,21.436049115405368,278.3929936352057,-1.4210854715202004e-14,0.1,0.1,5.817874732632487,10.942984488243887,10.269934592176535,1.0269934592176535,3.973870943069458,3.99106502532959
id_reference,A6_train_seed_2,50039,250,250,False,250,20,0,0.039924925285465186,0.9210667893959945,9.981231321366296,-2.842170943040401e-14,0.1,0.1,3.892387746604575,5.549418192399834,8.04890387811204,0.8048903878112039,3.973824040412903,3.9900739192962646
id_reference,A6_train_seed_2,50040,250,250,False,250,14,0,0.2663291981024562,18.053965189822353,66.58229952561405,-1.4210854715202004e-14,0.10008190823535247,0.1,3.068403244549213,7.458490883560633,4.116598917674931,0.41239100820488983,3.974148699760437,3.9905622005462646
id_reference,A6_train_seed_2,50041,250,250,False,250,17,0,0.9773131460866038,24.74065883471979,244.32828652165094,-1.4210854715202004e-14,0.1,0.1,6.602915528119924,8.487596041226947,6.804107150982397,0.6804107150982398,3.9736956815719604,3.990459680557251
id_reference,A6_train_seed_2,50042,56,56,False,56,13,0,0.39232400129639355,7.593509576476183,21.97014407259804,-1.4210854715202004e-14,0.09999999999999999,0.1,3.6327941998193665,9.431796498046392,8.097675430400765,0.8097675430400765,3.9189432774271284,3.9908664226531982
id_reference,A6_train_seed_2,50043,250,250,False,250,0,0,0.0,0.0,0.0,1.3382247448024671,0.1,0.1,3.870134539237695,4.799873786218702,8.54506787751285,0.854506787751285,3.9738262004852296,3.99015212059021
id_reference,A6_train_seed_2,50044,250,250,False,250,26,0,1.1933089475619663,15.910020984360665,298.3272368904916,-2.1316282072803006e-14,0.1,0.1,6.285654687536253,7.106190063726391,7.514650835710732,0.7514650835710733,3.9739030456542968,3.990359306335449
id_reference,A6_train_seed_2,50045,250,250,False,250,69,26,4.6227659938841175,23.875440660930696,1155.6914984710293,-2.842170943040401e-14,0.1,0.1,7.744584734946153,10.706546340258887,9.60689465517222,0.9606894655172218,3.9737745714187622,3.990023136138916
id_reference,A6_train_seed_2,50046,61,61,False,61,18,0,5.751756040637413,26.83827197749749,350.85711847888217,-1.4210854715202004e-14,0.09999999999999996,0.1,6.870523314672708,9.826493103961282,7.529949872231698,0.7529949872231696,3.924347345946265,3.990243434906006
id_reference,A6_train_seed_2,50047,250,250,False,250,7,0,0.008919777691736727,0.4492005348205552,2.2299444229341816,0.0,0.1,0.1,4.589409444363807,6.300025170100014,8.39440958099422,0.8394409580994219,3.973726948738098,3.9900808334350586
id_reference,A6_train_seed_2,50048,250,250,False,250,27,0,0.41322161795155443,8.90657050002418,103.30540448788861,-2.220446049250313e-14,0.10013824513013383,0.1,3.872759330569323,9.156255001425409,8.928587107289083,0.8942041780511328,3.973964447975159,3.991035223007202
id_reference,A6_train_seed_2,50049,250,250,False,250,25,0,1.9394547830010311,25.49951303570573,484.86369575025776,-2.1316282072803006e-14,0.1,0.1,7.902513406974513,10.69174466204778,9.106164075976405,0.9106164075976406,3.9726689224243166,3.990105390548706
id_reference,A6_train_seed_2,50050,250,250,False,250,44,0,1.1518708057146099,22.139075342690376,287.96770142865245,-5.684341886080802e-14,0.1,0.1,4.202368727870152,9.113510204413217,9.909623566012218,0.9909623566012218,3.973930591583252,3.9908018112182617
id_reference,A6_train_seed_2,50051,250,250,False,250,249,0,3.5346011020266896,21.983741295790246,883.6502755066724,-1.4210854715202004e-14,0.1,0.1,5.326101642985683,8.360151524520957,10.075579700132728,1.0075579700132729,3.9738441162109375,3.990769386291504
id_reference,A6_train_seed_2,50052,250,250,False,250,249,0,5.439473912455138,26.00681907605938,1359.8684781137845,-2.4868995751603507e-14,0.1,0.1,7.437477448305888,11.39195198691464,9.086282087789987,0.9086282087789986,3.972553819656372,3.9906184673309326
id_reference,A6_train_seed_2,50053,250,250,False,250,21,0,0.9767760425323162,16.35110568992935,244.19401063307905,-2.1316282072803006e-14,0.1,0.1,6.233122583659953,7.2914885056762415,8.545725363275109,0.8545725363275107,3.9738453731536865,3.990321636199951
id_reference,A6_train_seed_2,50054,250,250,False,250,45,0,0.7874243637219644,21.048050538995493,196.85609093049112,-2.842170943040401e-14,0.1,0.1,3.9767924929140057,8.271177313225442,9.871431799147135,0.9871431799147138,3.973916473388672,3.990554094314575
id_reference,A6_train_seed_2,50055,250,250,False,250,37,17,2.479300908177011,24.67185854472648,619.8252270442528,-2.1316282072803006e-14,0.1,0.1,8.305970627860344,9.784669719534607,9.791004083097791,0.9791004083097791,3.9739539556503294,3.9901511669158936
id_reference,A6_train_seed_2,50056,51,51,False,51,0,0,0.0,0.0,0.0,12.256978085844736,0.09999999999999998,0.1,3.716042319852671,4.285794584233647,6.619827859600386,0.6619827859600386,3.9117901138230864,3.990237236022949
id_reference,A6_train_seed_2,50057,250,250,False,250,24,0,0.4955386511827773,9.323683613713877,123.88466279569433,-2.1316282072803006e-14,0.1,0.1,5.525301799092205,7.814715014421985,7.142751655006911,0.714275165500691,3.973753984451294,3.9902563095092773
id_reference,A6_train_seed_2,50058,250,250,False,250,30,0,2.499756797614997,27.74141791032035,624.9391994037492,-1.7763568394002505e-14,0.1,0.1,7.904597152970606,11.065515976557085,9.277086160272498,0.92770861602725,3.9738047771453857,3.9904367923736572
id_reference,A6_train_seed_2,50059,250,250,False,250,29,0,0.2559707881343568,4.050639614222656,63.9926970335892,-1.4210854715202004e-14,0.10018281411673914,0.1,2.8455622203322153,9.35742718965078,10.82639248617157,1.0843457209996685,3.9737362012863158,3.9905006885528564
id_reference,A6_train_seed_2,50060,250,250,False,250,27,0,2.1927281170211983,25.301268062252507,548.1820292552995,-2.1316282072803006e-14,0.1,0.1,8.779124243689198,11.016799216515437,10.016847038506151,1.0016847038506154,3.973173728942871,3.9903314113616943
id_reference,A6_train_seed_2,50061,250,250,False,250,0,0,0.0,0.0,0.0,2.7225038880435832,0.10070665029860573,0.1,5.232215661769025,6.701278160544172,8.698748021933675,0.8759143534164385,3.9738262815475465,3.990266799926758
id_reference,A6_train_seed_2,50062,250,250,False,250,34,0,1.1748382740608332,22.765986098046838,293.7095685152083,-2.1316282072803006e-14,0.1000098472924733,0.1,3.3289111610896316,9.641871820380073,10.135601306068047,1.013626554115444,3.973961992263794,3.991065263748169
id_reference,A6_train_seed_2,50063,250,250,False,250,0,0,0.0,0.0,0.0,4.194163067120201,0.1004526838396159,0.1,5.053526541617194,5.449987340784296,9.372044584496766,0.9407274527665904,3.974025156021118,3.9901952743530273
id_reference,A6_train_seed_2,50064,250,250,False,250,13,0,0.19743338931875679,6.439987211499945,49.358347329689195,-2.1316282072803006e-14,0.1,0.1,6.379362227807982,6.77723591280376,10.029937836011047,1.002993783601105,3.9738202571868895,3.9904541969299316
id_reference,A6_train_seed_2,50065,250,250,False,250,4,0,0.011572381632261085,0.9240038081786618,2.893095408065271,7.105427357601002e-15,0.10036333774709186,0.1,3.4784142400792954,5.430747297621476,10.974789905255497,1.1008755965981036,3.9737552404403687,3.9905872344970703
id_reference,A6_train_seed_2,50066,250,250,False,250,39,0,3.259307349892158,25.397609314862994,814.8268374730395,-2.842170943040401e-14,0.1,0.1,7.761027112969645,11.564575999052554,9.526573832602665,0.9526573832602667,3.9737290296554564,3.989964723587036
id_reference,A6_train_seed_2,50067,250,250,False,250,10,0,0.03460698685516421,1.8123119861856198,8.651746713791052,-1.0658141036401503e-14,0.10088124853756807,0.1,3.3616048120869926,6.5147007854133845,9.998063990951426,1.0070019191148198,3.973743989944458,3.9904139041900635
id_reference,A6_train_seed_2,50068,49,49,False,49,8,0,0.1578315484699976,1.4599490978398901,7.733745875029883,-1.0658141036401503e-14,0.10618895016027181,0.1,3.613446099985162,5.131301312725847,8.15371845875696,0.8773557672182714,3.9086992886601664,3.990483283996582
id_reference,A6_train_seed_2,50069,250,250,False,250,17,0,1.2268434453276045,25.422495051619325,306.7108613319011,-2.1316282072803006e-14,0.1,0.1,5.994985084117392,8.168693617149403,6.359758210409872,0.6359758210409873,3.9736894855499267,3.9905924797058105
id_reference,A6_train_seed_2,50070,250,250,False,250,0,0,0.0,0.0,0.0,10.794634708937508,0.10038754491814166,0.1,3.5778872680267053,4.637397128084722,11.084513834716134,1.112196400342131,3.974067931175232,3.990165948867798
id_reference,A6_train_seed_2,50071,51,51,False,51,9,0,0.8330781812475149,9.033383011590226,42.48698724362326,-2.1316282072803006e-14,0.09999999999999998,0.1,5.330702847571646,6.234496437839916,4.8392185449179985,0.4839218544917999,3.911769427505194,3.9901740550994873
id_reference,A6_train_seed_2,50072,250,250,False,250,248,0,3.3937412654690835,21.12445664382023,848.4353163672708,-1.4210854715202004e-14,0.1,0.1,7.008449762309938,8.821079536827636,8.31250162048107,0.8312501620481072,3.973494674682617,3.990840435028076
id_reference,A6_train_seed_2,50073,250,250,False,250,50,0,1.2417531797602395,21.424395553775753,310.43829494005985,-2.842170943040401e-14,0.1,0.1,6.012706306988748,10.880054946741351,10.115874979030865,1.0115874979030866,3.9738365898132324,3.990936040878296
id_reference,A6_train_seed_2,50074,250,250,False,250,10,0,0.03172034298755146,1.228627687656293,7.930085746887865,-1.4210854715202004e-14,0.10100350459400526,0.1,3.7904476006185854,5.319798286222045,10.923041286151445,1.1029322181171188,3.973768672943115,3.9904747009277344
id_reference,A6_train_seed_2,50075,250,250,False,250,34,0,0.24454237298752213,2.9992784853246293,61.13559324688053,-2.1316282072803006e-14,0.10047909181438394,0.1,5.614128749890045,9.725908746158698,8.908514809155209,0.8948819791500113,3.97396138381958,3.990506649017334
id_reference,A6_train_seed_2,50076,34,35,True,34,27,3,12.857184343023976,27.441916406133966,450.00145200583916,-300.90977143329735,0.10000000000000002,0.1,5.294259612504583,7.476866029208417,9.85438371881395,0.9854383718813949,3.8758368083408903,3.990442991256714
id_reference,A6_train_seed_2,50077,50,50,False,50,12,3,0.5909404162335749,5.556483054995972,29.547020811678742,-3.552713678800501e-14,0.10015024494344343,0.1,3.938328340081232,7.719137621366213,6.06446772663963,0.6075997698575716,3.91052433013916,3.99116587638855
id_reference,A6_train_seed_2,50078,250,250,False,250,22,0,0.054151323699203766,0.9372607719050144,13.537830924800941,-1.0658141036401503e-14,0.1,0.1,3.705376513172627,5.307143630664576,8.578037134559782,0.8578037134559782,3.973798137664795,3.9900612831115723
id_reference,A6_train_seed_2,50079,250,250,False,250,72,17,4.0383347634699875,26.22553634873765,1009.5836908674969,-1.4210854715202004e-14,0.1,0.1,9.418173091620803,17.483693873305977,4.1243434973195585,0.41243434973195575,3.744820221424103,3.9899604320526123
id_reference,A6_train_seed_2,50080,250,250,False,250,40,0,1.4020190007269864,22.39015943565081,350.5047501817466,-2.842170943040401e-14,0.1,0.1,5.921098318682382,10.350673882471646,10.16723721562618,1.0167237215626181,3.973830662727356,3.991183042526245
id_reference,A6_train_seed_2,50081,250,250,False,250,6,0,0.2060999288772494,16.367679684713725,51.52498221931235,-1.4210854715202004e-14,0.10017106774153993,0.1,2.914869030328782,9.121382655566885,3.093856602193944,0.31099691825862963,3.9741350040435792,3.990851402282715
id_reference,A6_train_seed_2,50082,45,45,False,45,11,0,0.7973169616172582,8.04339873736218,35.87926327277662,-2.842170943040401e-14,0.09999999999999996,0.1,5.078808302242767,7.293165270841885,5.921751320661615,0.5921751320661617,3.901620446311103,3.9906771183013916
id_reference,A6_train_seed_2,50083,75,75,False,75,53,0,3.799951268319302,21.457642257463583,284.99634512394766,-1.4210854715202004e-14,0.10113181408058367,0.1,4.370686232003397,8.818265081121936,7.476636722717129,0.7580837552891435,3.936704079310099,3.99088191986084
id_reference,A6_train_seed_2,50084,44,44,False,44,9,0,1.57966118299052,12.894136236024359,69.50509205158288,-2.1316282072803006e-14,0.09999999999999996,0.1,4.876320854506062,6.350272244278702,5.090704980924811,0.5090704980924812,3.8993266387419268,3.9901010990142822
id_reference,A6_train_seed_2,50085,250,250,False,250,220,0,1.0760157546155007,20.83776479221895,269.0039386538752,-1.5987211554602254e-14,0.1,0.1,6.912479857763896,10.302905592651237,9.988038423340814,0.9988038423340815,3.973735288619995,3.9909186363220215
id_reference,A6_train_seed_2,50086,60,60,False,60,17,0,6.175486323513881,29.6041501362669,370.52917941083285,-1.4210854715202004e-14,0.09999999999999996,0.1,9.850692768676254,13.904749098220451,7.195077915595878,0.7195077915595878,3.922611478964488,3.9907588958740234
id_reference,A6_train_seed_2,50087,250,250,False,250,12,0,0.023356879721152368,0.8016678027446864,5.839219930288092,-2.842170943040401e-14,0.1,0.1,3.604504513931646,5.95330711169878,9.453015341859263,0.9453015341859262,3.9737755651474,3.990307569503784
id_reference,A6_train_seed_2,50088,250,250,False,250,249,0,7.49337965373704,22.732056060569523,1873.34491343426,-1.4210854715202004e-14,0.10006295408446428,0.1,5.262214501976051,9.227503924457604,7.64002778806783,0.7643787686172354,3.9740780467987062,3.99076509475708
id_reference,A6_train_seed_2,50089,250,250,False,250,5,0,0.2213931799141988,15.800441642280038,55.348294978549696,-1.4210854715202004e-14,0.10070701196005725,0.1,2.7876444645368434,8.145708136652893,9.913638612120216,0.99790655665069,3.97403386592865,3.9907193183898926
id_reference,A6_train_seed_2,50090,250,250,False,250,37,34,2.6243732092768655,28.68357608268113,656.0933023192164,-2.1316282072803006e-14,0.1,0.1,8.67027461574796,12.569188447268543,10.163582491461442,1.016358249146144,3.973911699295044,3.990210771560669
id_reference,A6_train_seed_2,50091,250,250,False,250,249,0,5.569131949464492,21.534127878292676,1392.282987366123,-1.4210854715202004e-14,0.1,0.1,7.522231908121831,8.990807809054834,8.104145862421008,0.8104145862421007,3.9733348922729492,3.990644693374634
id_reference,A6_train_seed_2,50092,250,250,False,250,38,0,0.5414584283114998,6.067440288739363,135.36460707787495,-4.263256414560601e-14,0.10210317855359013,0.1,4.170682748696437,9.586493647287417,9.386098649028996,0.9563620051696248,3.9740036525726317,3.9904427528381348
id_reference,A6_train_seed_2,50093,250,250,False,250,248,5,6.620455385917194,26.0621974185468,1655.1138464792984,-1.4210854715202004e-14,0.1,0.1,9.273173890969167,12.55227203510644,8.594429951421988,0.8594429951421987,3.9732042417526245,3.990821123123169
id_reference,A6_train_seed_2,50094,250,250,False,250,0,0,0.0,0.0,0.0,0.6044733726098812,0.1,0.1,3.9687362731417424,7.963265907131195,9.96843459825335,0.996843459825335,3.9737752532958983,3.990264892578125
id_reference,A6_train_seed_2,50095,250,250,False,250,17,0,0.06068158162371573,1.6496412021516635,15.170395405928932,-1.4210854715202004e-14,0.1,0.1,7.223629785290726,7.916748652741482,8.175308041054553,0.8175308041054552,3.973984567642212,3.990478277206421
id_reference,A6_train_seed_2,50096,250,250,False,250,37,0,2.1453908526674916,25.356222428418913,536.347713166873,-1.4210854715202004e-14,0.1,0.1,8.37770173281723,9.865930832026745,8.946389628674947,0.8946389628674947,3.9729005279541014,3.9902687072753906
id_reference,A6_train_seed_2,50097,250,250,False,250,28,0,0.1824943346384369,10.249457803259684,45.623583659609224,-2.842170943040401e-14,0.10312912985216138,0.1,5.573897902907876,8.73399575374948,9.980397353626428,1.0305195963635867,3.974006106376648,3.9908840656280518
id_reference,A6_train_seed_2,50098,62,62,False,62,27,0,8.627634424449774,29.017694717266032,534.913334315886,-2.1316282072803006e-14,0.09999999999999996,0.1,9.768769636344466,15.67646351855619,7.33828740275988,0.733828740275988,3.8487346133878155,3.9903857707977295
id_reference,A6_train_seed_2,50099,250,250,False,250,67,0,0.573964301947268,16.489227906418943,143.491075486817,-2.842170943040401e-14,0.10084145588883928,0.1,4.473131374382637,9.823383043113049,9.656647424320944,0.9722708086543508,3.9737844343185427,3.990713357925415
ood_compound,A6_train_seed_2,50000,250,250,False,250,118,0,1.293609387560908,11.559603217230563,323.402346890227,-4.973799150320701e-14,0.10053756514634801,0.1,4.9317368438301346,9.898302996669026,6.806616554648708,0.6860729995750378,3.973956832885742,3.9903244972229004
ood_compound,A6_train_seed_2,50001,250,250,False,250,75,0,3.0107586896815635,21.849847801334985,752.6896724203908,-2.842170943040401e-14,0.10006229070100539,0.1,6.561204476585251,10.343147820330124,9.387810587803058,0.9393971328907794,3.9731492471694945,3.990633010864258
ood_compound,A6_train_seed_2,50002,250,250,False,250,249,0,2.8359287247145764,8.259817239594545,708.982181178644,-4.973799150320701e-14,0.10010407426696566,0.1,3.3893288494882117,8.678056796505107,10.715323571138821,1.0723965371158442,3.973986680030823,3.990844964981079
ood_compound,A6_train_seed_2,50003,57,58,True,57,53,4,17.733427250042467,42.83801170725607,1028.5387805024632,-420.1702161895889,0.09999999999999998,0.1,4.418996583997958,9.746929323664236,6.889171096582247,0.6889171096582247,3.921392116053351,3.9905049800872803
ood_compound,A6_train_seed_2,50004,250,250,False,250,136,73,8.325867904212544,28.736300215245546,2081.466976053136,-2.842170943040401e-14,0.10002943162625567,0.1,7.111357508393714,12.963961664938733,7.686757332955477,0.7689266377112501,3.9738890943527223,3.9904932975769043
ood_compound,A6_train_seed_2,50005,250,250,False,250,62,0,1.625463848009531,20.934969203829937,406.36596200238273,-2.842170943040401e-14,0.10059527491021573,0.1,5.355726648815631,9.503333331349396,8.761469050736912,0.8817002938743138,3.973856869697571,3.9905099868774414
ood_compound,A6_train_seed_2,50006,250,250,False,250,74,0,1.2848770006886676,10.599674073529597,321.2192501721669,-2.1316282072803006e-14,0.1,0.1,5.097467730369477,7.130339135077697,9.48002237938923,0.9480022379389231,3.9738420038223268,3.990403652191162
ood_compound,A6_train_seed_2,50007,60,61,True,60,50,3,14.107376861997546,51.979579592941164,860.5499885818502,-546.5466283771837,0.09999999999999996,0.1,4.8339970145275295,12.512880595276604,5.1303030068931115,0.5130303006893112,3.9247136272367884,3.990581512451172
ood_compound,A6_train_seed_2,50008,250,250,False,250,192,3,2.1335506263655075,21.42902810016687,533.3876565913769,-2.842170943040401e-14,0.10087660650337123,0.1,6.021912350362609,10.469898634796813,9.0243295535698,0.9080755391387336,3.971793161392212,3.9909164905548096
ood_compound,A6_train_seed_2,50009,250,250,False,250,144,43,12.389986410742202,24.15347569631443,3097.4966026855504,-2.842170943040401e-14,0.1,0.1,6.009216176703185,10.700812566901147,8.776099311465735,0.8776099311465737,3.9737940521240236,3.989989995956421
ood_compound,A6_train_seed_2,50010,250,250,False,250,68,0,4.7957721756024805,24.19795743125037,1198.94304390062,-2.1316282072803006e-14,0.1,0.1,7.230065251294398,11.449527844128648,6.936390201634991,0.6936390201634992,3.9734187421798706,3.9899604320526123
ood_compound,A6_train_seed_2,50011,250,250,False,250,40,0,0.8416701114001632,11.238928799791273,210.4175278500408,-2.842170943040401e-14,0.10065079324727867,0.1,5.778021142429929,9.124131762226103,9.077880189172465,0.9095940252875052,3.973559392929077,3.990643262863159
ood_compound,A6_train_seed_2,50012,250,250,False,250,65,0,2.6226629058649413,17.654555052995892,655.6657264662354,-2.842170943040401e-14,0.1,0.1,5.540476426151117,7.004169791868992,8.511954895082276,0.8511954895082275,3.973927211761475,3.9900381565093994
ood_compound,A6_train_seed_2,50013,250,250,False,250,250,0,20.477427806981108,23.6677172691072,5119.356951745277,-2.842170943040401e-14,0.1,0.1,4.289728912399867,5.009499490459006,7.899846473430632,0.7899846473430632,3.973852535247803,3.99001145362854
ood_compound,A6_train_seed_2,50014,250,250,False,250,191,0,1.9708675605987838,20.561520129941346,492.7168901496959,-2.842170943040401e-14,0.1,0.1,7.002484102136656,14.349606641956509,9.225100535619726,0.9225100535619727,3.9733299865722658,3.990584135055542
ood_compound,A6_train_seed_2,50015,250,250,False,250,119,36,7.057670743653591,24.66859085355198,1764.4176859133977,-2.842170943040401e-14,0.1,0.1,7.356808094158449,10.511000076886178,7.824749958743372,0.7824749958743372,3.973970760345459,3.990568161010742
ood_compound,A6_train_seed_2,50016,250,250,False,250,179,9,12.422100370035922,23.875561890018457,3105.5250925089804,-2.842170943040401e-14,0.1,0.1,6.528923438200278,11.370620901254185,7.815946173609221,0.7815946173609221,3.9739869737625124,3.9902915954589844
ood_compound,A6_train_seed_2,50017,250,250,False,250,201,2,1.644631449196028,20.676814821040153,411.15786229900704,-2.842170943040401e-14,0.10063420380354242,0.1,6.2072869670632205,9.878247076296178,9.475576396337626,0.9512014620923471,3.9738003635406494,3.9907374382019043
ood_compound,A6_train_seed_2,50018,250,250,False,250,250,0,13.056801510947823,24.317254450852257,3264.2003777369555,-2.842170943040401e-14,0.10017303727392723,0.1,7.319435666056637,13.34707970719123,9.795586889620001,0.9811084564432492,3.9734452018737794,3.990783214569092
ood_compound,A6_train_seed_2,50019,250,250,False,250,250,0,22.884032330137114,23.530886182719414,5721.008082534278,-2.842170943040401e-14,0.1,0.1,5.777161531724519,7.394598123298923,8.024830783942495,0.8024830783942496,3.973842590332031,3.990051031112671
ood_compound,A6_train_seed_2,50020,250,250,False,250,91,0,0.4533538907844273,4.025180497960196,113.33847269610682,-4.263256414560601e-14,0.1,0.1,5.765851896910724,8.411705986951048,4.866827267969718,0.48668272679697183,3.973974795341492,3.9901280403137207
ood_compound,A6_train_seed_2,50021,250,250,False,250,203,0,4.050447126427366,15.220461965984763,1012.6117816068413,-4.263256414560601e-14,0.10040060328066462,0.1,4.937165157165926,6.382671893298409,6.565898257878467,0.6598041683907081,3.973977560043335,3.9902896881103516
ood_compound,A6_train_seed_2,50022,250,250,False,250,96,0,3.7463445792602474,24.303567018196752,936.5861448150619,-2.1316282072803006e-14,0.1,0.1,7.796336352718355,12.08110355966161,7.3184767508712385,0.7318476750871238,3.9738209867477416,3.9904751777648926
ood_compound,A6_train_seed_2,50023,250,250,False,250,74,0,1.740163943807343,22.21128704332732,435.04098595183575,-2.842170943040401e-14,0.1,0.1,7.185538528604767,13.113230811395974,9.79285812937528,0.9792858129375281,3.9736204986572266,3.9910242557525635
ood_compound,A6_train_seed_2,50024,250,250,False,250,111,0,2.525950073702892,15.1075703316517,631.487518425723,-4.263256414560601e-14,0.10047642522704331,0.1,6.109242019162654,8.259423696850767,8.958201170914437,0.9002568463716852,3.9736062326431276,3.990281581878662
ood_compound,A6_train_seed_2,50025,250,250,False,250,53,3,2.5220172853275398,18.496846440783866,630.504321331885,-2.842170943040401e-14,0.1,0.1,6.80976253579379,14.807075625533098,10.057767983079176,1.0057767983079176,3.9737253103256225,3.99104905128479
ood_compound,A6_train_seed_2,50026,250,250,False,250,250,2,1.8821170463451977,8.465143853212687,470.5292615862994,-2.842170943040401e-14,0.10154931085535424,0.1,4.425077476300979,10.594268323835836,9.004701376918435,0.9128290442599513,3.9739226541519166,3.9907445907592773
ood_compound,A6_train_seed_2,50027,250,250,False,250,54,0,2.602698107058176,19.36192891295612,650.674526764544,-1.4210854715202004e-14,0.1002373553826078,0.1,6.318663294629711,11.51854377583786,9.747760604168853,0.9755080718792348,3.9739229164123535,3.9909918308258057
ood_compound,A6_train_seed_2,50028,250,250,False,250,94,0,3.771090395725292,25.77965830875735,942.772598931323,-1.4210854715202004e-14,0.1,0.1,7.806452550793287,11.034967184010652,7.551118279506235,0.7551118279506236,3.973923634529114,3.9906742572784424
ood_compound,A6_train_seed_2,50029,250,250,False,250,250,0,19.521389148554096,24.81597377875884,4880.347287138524,-2.842170943040401e-14,0.1,0.1,5.184514104450501,7.7590825610165854,7.793512664154047,0.7793512664154048,3.9738689613342286,3.9902026653289795
ood_compound,A6_train_seed_2,50030,250,250,False,250,40,2,1.7356991540031859,20.699906698790787,433.92478850079647,-2.842170943040401e-14,0.10019189650556311,0.1,5.326060996825798,9.487817982733054,9.007437222825768,0.9020212886929982,3.9730599946975707,3.9908287525177
ood_compound,A6_train_seed_2,50031,250,250,False,250,67,0,2.236772624322768,22.300882390914282,559.193156080692,-2.842170943040401e-14,0.1,0.1,7.327874080502685,10.059498418607546,9.327851527119831,0.9327851527119833,3.973465858459473,3.9909586906433105
ood_compound,A6_train_seed_2,50032,250,250,False,250,88,0,5.590465134931006,23.678671658023884,1397.6162837327515,-1.4210854715202004e-14,0.1,0.1,7.117356370194977,11.702381388962598,6.677845928512499,0.6677845928512499,3.9737306337356566,3.9902589321136475
ood_compound,A6_train_seed_2,50033,250,250,False,250,185,0,6.192616612246835,18.299182217068964,1548.1541530617087,-4.263256414560601e-14,0.10184278823675945,0.1,3.6253318816953133,6.035082844614476,9.277183700090017,0.9475418116943297,3.9739847764968874,3.990232229232788
ood_compound,A6_train_seed_2,50034,250,250,False,250,250,0,7.255634032117192,20.59578219743439,1813.908508029298,-2.842170943040401e-14,0.100744217486815,0.1,4.015570700132859,5.961349490725754,10.318325548485078,1.0385231797724719,3.9739697093963624,3.99043607711792
ood_compound,A6_train_seed_2,50035,250,250,False,250,244,0,3.274850310493332,19.008394334341194,818.712577623333,-4.263256414560601e-14,0.1000458264601981,0.1,3.8681117389247506,10.42942321483148,10.075893465749214,1.0080105533680903,3.973969023704529,3.9905824661254883
ood_compound,A6_train_seed_2,50036,250,250,False,250,250,0,15.972699651788295,23.86073183352261,3993.1749129470736,-3.552713678800501e-14,0.1,0.1,5.421225430932018,6.172011022264275,8.642851179481463,0.8642851179481463,3.9739101867675783,3.990090847015381
ood_compound,A6_train_seed_2,50037,250,250,False,250,250,0,21.62154682050195,23.877372156151573,5405.386705125487,-2.842170943040401e-14,0.1,0.1,4.471223479106293,6.803005638321714,10.20301364322051,1.0203013643220513,3.9739481353759767,3.9900600910186768
ood_compound,A6_train_seed_2,50038,250,250,False,250,91,2,1.9801949927227596,21.36185101274396,495.04874818068987,-2.1316282072803006e-14,0.10006564997382213,0.1,7.309593635050631,14.385555968959704,9.364494996633207,0.9369841732741631,3.9736806392669677,3.9911813735961914
ood_compound,A6_train_seed_2,50039,250,250,False,250,250,0,9.625672222156549,21.36749525867619,2406.418055539137,-2.842170943040401e-14,0.1,0.1,5.187493049237984,6.524413137243765,8.416268752639203,0.8416268752639204,3.9739118347167968,3.990122079849243
ood_compound,A6_train_seed_2,50040,250,250,False,250,40,0,1.5014835250057446,18.053965189822353,375.3708812514361,-4.263256414560601e-14,0.10135525608016525,0.1,5.018229584531315,7.7581305659008875,9.61390170471264,0.9732341511553755,3.973715916633606,3.990551710128784
ood_compound,A6_train_seed_2,50041,250,250,False,250,49,0,2.870235546195017,24.355636752837427,717.5588865487542,-2.842170943040401e-14,0.1,0.1,7.447042782318513,10.780363729008059,7.248934351704565,0.7248934351704566,3.973859541893005,3.9905128479003906
ood_compound,A6_train_seed_2,50042,250,250,False,250,217,0,1.46805110195147,9.82390445947127,367.0127754878675,-2.842170943040401e-14,0.1013766761951284,0.1,6.0253693382970654,10.36116420883284,10.028460518919845,1.0170629599474177,3.9739806699752807,3.9906723499298096
ood_compound,A6_train_seed_2,50043,250,250,False,250,28,0,0.09095135432017712,1.3159159639972355,22.73783858004428,-4.263256414560601e-14,0.1,0.1,5.324818376763209,5.787741000413461,8.76395373899148,0.8763953738991482,3.9739496154785154,3.9900031089782715
ood_compound,A6_train_seed_2,50044,250,250,False,250,250,0,20.787609400210858,23.52629415904382,5196.902350052715,-2.842170943040401e-14,0.1,0.1,4.383127700279205,7.106190063726391,7.516837945710282,0.7516837945710283,3.974101553916931,3.9902801513671875
ood_compound,A6_train_seed_2,50045,250,250,False,250,250,0,9.807728003093205,23.591525824547958,2451.9320007733013,-2.842170943040401e-14,0.1,0.1,6.3177341803757106,9.527898663655188,10.019346046843632,1.0019346046843634,3.9731363534927366,3.9898335933685303
ood_compound,A6_train_seed_2,50046,250,250,False,250,73,13,4.2627815909238596,24.728258099955628,1065.695397730965,-2.1316282072803006e-14,0.1,0.1,7.554469039085277,11.946621168885162,8.843673260857791,0.8843673260857791,3.973730809211731,3.990135431289673
ood_compound,A6_train_seed_2,50047,250,250,False,250,111,0,2.9471081188779866,17.84106898701183,736.7770297194967,-2.1316282072803006e-14,0.1,0.1,5.620783824279008,7.400336497447995,9.340415787358834,0.9340415787358836,3.97399258518219,3.9904966354370117
ood_compound,A6_train_seed_2,50048,250,250,False,250,47,1,1.6919306275632042,14.769553564156002,422.9826568908011,-2.842170943040401e-14,0.10020958517497192,0.1,6.133876120405122,12.394478592565969,9.945129737472449,0.9962944390087448,3.9737972507476806,3.9910473823547363
ood_compound,A6_train_seed_2,50049,250,250,False,250,184,0,15.215577513032699,23.65089704527228,3803.8943782581746,-2.842170943040401e-14,0.10034985492369751,0.1,5.188695897582264,10.83266503008101,6.50076146559782,0.6528704783527761,3.97372997379303,3.990022897720337
ood_compound,A6_train_seed_2,50050,250,250,False,250,118,0,2.3256383561157885,20.891303042520242,581.4095890289472,-2.842170943040401e-14,0.1,0.1,7.505226806572074,13.505697212350832,9.31929369367577,0.9319293693675769,3.9736395683288572,3.9907500743865967
ood_compound,A6_train_seed_2,50051,250,250,False,250,247,0,4.6278429612733305,20.22487721558749,1156.9607403183327,-2.842170943040401e-14,0.1,0.1,8.272609115097644,13.660815036382303,9.912276872718394,0.9912276872718396,3.973578155517578,3.9907424449920654
ood_compound,A6_train_seed_2,50052,250,250,False,250,228,0,6.641125094437806,25.333964029571472,1660.2812736094515,-2.842170943040401e-14,0.1,0.1,7.9025906975480416,10.675959824834973,6.975548773572288,0.6975548773572289,3.790503752708435,3.990823745727539
ood_compound,A6_train_seed_2,50053,250,250,False,250,106,45,4.5748221973364505,22.33209198202561,1143.7055493341127,-2.1316282072803006e-14,0.1,0.1,6.7367119595341105,10.084510237051015,9.127613448486834,0.9127613448486837,3.9738570175170898,3.9904539585113525
ood_compound,A6_train_seed_2,50054,250,250,False,250,72,0,1.7603396195754613,20.763148774065165,440.0849048938653,-1.4210854715202004e-14,0.1,0.1,6.700295919192105,12.639519183966495,9.994345702023683,0.9994345702023684,3.9736485385894778,3.990584135055542
ood_compound,A6_train_seed_2,50055,250,250,False,250,98,106,6.349480557064984,24.07080614429891,1587.370139266246,-2.1316282072803006e-14,0.1,0.1,7.735224920618576,11.504932370798745,9.041949715440177,0.9041949715440178,3.9739838571548463,3.990208625793457
ood_compound,A6_train_seed_2,50056,250,250,False,250,0,0,0.0,0.0,0.0,0.60962287768983,0.1,0.1,5.7713651046884635,6.075239411873921,10.826509146093938,1.082650914609394,3.9740645513534547,3.990173101425171
ood_compound,A6_train_seed_2,50057,250,250,False,250,207,0,11.805937511008532,22.58203510404935,2951.484377752133,-2.842170943040401e-14,0.1,0.1,4.67562090234684,7.814715014421985,9.381248667106968,0.9381248667106965,3.97400289440155,3.990377187728882
ood_compound,A6_train_seed_2,50058,250,250,False,250,112,32,8.187929934380117,25.623005447509946,2046.9824835950292,-2.842170943040401e-14,0.1,0.1,7.575573766096712,13.24597245205918,8.471871983224856,0.8471871983224858,3.9738095064163206,3.990342378616333
ood_compound,A6_train_seed_2,50059,250,250,False,250,247,0,3.318736016742688,18.674113631930815,829.684004185672,-2.842170943040401e-14,0.10009686341527796,0.1,5.507564422593921,9.668446807449149,9.240402274646538,0.9248816095069895,3.973973670959473,3.990443468093872
ood_compound,A6_train_seed_2,50060,250,250,False,250,250,0,22.857769286521954,23.64846441466705,5714.442321630489,-2.842170943040401e-14,0.1,0.1,5.184269059950722,6.632081177841644,5.9087360916083025,0.5908736091608302,3.9738407316207884,3.989987850189209
ood_compound,A6_train_seed_2,50061,250,250,False,250,149,0,4.431841188099022,21.356831750707023,1107.9602970247556,-2.842170943040401e-14,0.10067570621883218,0.1,5.480623819265863,7.759525004720936,8.463301059766065,0.8522135359318683,3.9736621780395507,3.9902398586273193
ood_compound,A6_train_seed_2,50062,250,250,False,250,51,3,1.9259659572744627,24.187377898088958,481.49148931861566,-1.4210854715202004e-14,0.1,0.1,6.830107526491755,14.222112427649542,10.179629655592752,1.0179629655592752,3.973826050758362,3.991135835647583
ood_compound,A6_train_seed_2,50063,250,250,False,250,190,0,12.356006620400258,23.70791516942506,3089.0016551000645,-2.842170943040401e-14,0.10041761379829513,0.1,4.675127083632096,7.067559834638335,8.535851990436392,0.8568610141878847,3.973930806159973,3.990248918533325
ood_compound,A6_train_seed_2,50064,250,250,False,250,250,0,15.428413084667314,23.030133130195587,3857.1032711668286,-2.842170943040401e-14,0.1,0.1,4.960843568970104,7.014097999666266,9.665424282310752,0.9665424282310755,3.973978801727295,3.9903955459594727
ood_compound,A6_train_seed_2,50065,250,250,False,250,36,0,0.29140625279052135,4.536697790914608,72.85156319763034,-4.618527782440651e-14,0.10035742373767093,0.1,5.192333265070159,6.031228329825884,10.174026314043159,1.02074231818224,3.974092350959778,3.9905855655670166
ood_compound,A6_train_seed_2,50066,250,250,False,250,250,0,22.859816492402764,24.059006124192887,5714.9541231006915,-2.842170943040401e-14,0.1,0.1,5.781981609394601,7.704517902658092,7.668686703904805,0.7668686703904805,3.9738353357315064,3.9901199340820312
ood_compound,A6_train_seed_2,50067,250,250,False,250,167,0,4.048027705534838,18.780331566872853,1012.0069263837095,-3.552713678800501e-14,0.10097169984751099,0.1,5.107410685222334,6.665874156761135,10.028559826569943,1.0107575907497415,3.9740165662765503,3.9904167652130127
ood_compound,A6_train_seed_2,50068,250,250,False,250,26,0,0.04410259695316216,1.6065471649578997,11.02564923829054,-3.552713678800501e-14,0.10103354111365055,0.1,4.876299256735084,5.268348297295052,8.885910609922067,0.8985628463210628,3.9740356683731077,3.9903595447540283
ood_compound,A6_train_seed_2,50069,250,250,False,250,58,0,3.0618838018396426,25.18872792038834,765.4709504599107,-1.4210854715202004e-14,0.1,0.1,6.881724152661531,9.900553618404404,8.366338691439617,0.8366338691439617,3.973905652999878,3.9905354976654053
ood_compound,A6_train_seed_2,50070,250,250,False,250,35,0,0.4347071509120009,6.557755044731028,108.67678772800022,-1.4210854715202004e-14,0.10031707011899525,0.1,6.109818872566452,7.91978227213331,7.746994262746574,0.7777655995064059,3.9737840423583983,3.990283727645874
ood_compound,A6_train_seed_2,50071,250,250,False,250,250,0,17.66310781193053,23.539725548130104,4415.776952982633,-2.842170943040401e-14,0.1,0.1,4.872809693834607,6.48936555394874,6.888418637899408,0.6888418637899408,3.974035382270813,3.9903006553649902
ood_compound,A6_train_seed_2,50072,250,250,False,250,243,0,3.384324771777324,20.81905284651855,846.0811929443311,-2.842170943040401e-14,0.1,0.1,8.945969513054662,11.756096602361138,8.857600594334553,0.8857600594334554,3.9734546346664428,3.990671396255493
ood_compound,A6_train_seed_2,50073,250,250,False,250,108,0,2.2082312007071083,21.35716456675213,552.057800176777,-2.842170943040401e-14,0.1,0.1,7.395404748163871,12.503179995656364,9.106146093127682,0.9106146093127682,3.9734798059463503,3.990776300430298
ood_compound,A6_train_seed_2,50074,250,250,False,250,250,0,1.3383352570305624,4.484919155662398,334.5838142576406,-7.105427357601002e-14,0.10122303276448057,0.1,3.326009598510933,5.779321100518874,9.635572389631113,0.9765128665000856,3.974005742073059,3.990435838699341
ood_compound,A6_train_seed_2,50075,250,250,False,250,149,0,5.112647412411911,21.9061938665245,1278.1618531029776,-4.263256414560601e-14,0.10043092399732695,0.1,4.336282924920966,9.725908746158698,9.341200991607378,0.9375834883848215,3.9739648208618163,3.9904284477233887
ood_compound,A6_train_seed_2,50076,32,33,True,32,27,2,12.04278254526792,26.460707186182365,397.4118239938414,-285.4589597111416,0.1,0.1,5.368488880915941,7.1059646781067505,9.830137572345192,0.9830137572345191,3.8690060052004727,3.990502119064331
ood_compound,A6_train_seed_2,50077,250,250,False,250,47,0,1.7252162745303457,15.624493054669614,431.3040686325864,-4.263256414560601e-14,0.10014320429394613,0.1,5.786673458448056,7.719137621366213,9.91866933423185,0.9920605670584657,3.973936230659485,3.9909732341766357
ood_compound,A6_train_seed_2,50078,250,250,False,250,250,0,14.303035400040569,23.79298679339635,3575.7588500101424,-2.842170943040401e-14,0.10028909833519405,0.1,5.088698303676301,7.135348847311725,9.115184683227914,0.9146826940197188,3.973908208847046,3.9902987480163574
ood_compound,A6_train_seed_2,50079,250,250,False,250,249,0,10.347221512221099,24.75585780960927,2586.8053780552746,-2.842170943040401e-14,0.1,0.1,7.252294975569259,11.8701401772245,8.183888354815315,0.8183888354815317,3.912643313407898,3.990385055541992
ood_compound,A6_train_seed_2,50080,250,250,False,250,94,2,1.8454579033558267,22.60003408152076,461.36447583895665,-2.842170943040401e-14,0.1,0.1,7.662854623962264,14.306238663236941,9.70041357314468,0.9700413573144678,3.9736773405075074,3.991246223449707
ood_compound,A6_train_seed_2,50081,250,250,False,250,41,0,1.195288794700525,16.367679684713725,298.8221986751313,-5.684341886080802e-14,0.10015588676887441,0.1,5.867518923520047,8.939824456414312,10.18140101686004,1.019251138547786,3.973787790298462,3.9905893802642822
ood_compound,A6_train_seed_2,50082,250,250,False,250,36,169,1.2759900224794005,13.48647945268007,318.99750561985013,-1.4210854715202004e-14,0.1,0.1,8.396160090151906,9.790230680863013,7.36531829649408,0.7365318296494082,3.9739981822967527,3.990265369415283
ood_compound,A6_train_seed_2,50083,250,250,False,250,237,0,2.553044613928355,21.168787975435965,638.2611534820887,-1.4210854715202004e-14,0.10019332758022012,0.1,6.060353998529563,8.98968363774166,8.291627163414995,0.8307629953558576,3.9733402185440063,3.9908034801483154
ood_compound,A6_train_seed_2,50084,250,250,False,250,250,0,16.786401501598128,22.03945347195921,4196.600375399532,-2.842170943040401e-14,0.1,0.1,4.609516213733576,5.437766933518739,7.3754844319804915,0.7375484431980494,3.9740937013626096,3.990276575088501
ood_compound,A6_train_seed_2,50085,250,250,False,250,245,0,2.975260516559136,20.65546279137927,743.815129139784,-2.842170943040401e-14,0.1,0.1,8.452883343538248,12.686245284265334,9.040481888557563,0.9040481888557566,3.9732952852249146,3.990692615509033
ood_compound,A6_train_seed_2,50086,250,250,False,250,240,48,16.895837270829645,38.74736025890103,4223.959317707411,-2.1316282072803006e-14,0.1,0.1,7.7870000695963935,12.328007234163515,6.998820439917952,0.6998820439917952,3.4383004517555236,3.9904661178588867
ood_compound,A6_train_seed_2,50087,250,250,False,250,146,0,2.317681421472281,7.580739789378548,579.4203553680702,-4.263256414560601e-14,0.1000030724840219,0.1,3.9295786203117355,5.562611024446204,10.932577565449131,1.093292387874664,3.9740810585021973,3.9901559352874756
ood_compound,A6_train_seed_2,50088,250,250,False,250,247,0,6.01432603637677,22.701000229843928,1503.5815090941924,-2.842170943040401e-14,0.10010935174607859,0.1,7.8134616440325475,12.82506665515512,7.725828678555044,0.7735276165900343,3.9715119400024412,3.990339756011963
ood_compound,A6_train_seed_2,50089,250,250,False,250,32,0,0.424191962028458,15.800441642280038,106.04799050711449,-2.842170943040401e-14,0.10017345355595515,0.1,5.369550172179145,8.13763383198767,10.093580334274952,1.0110027596867666,3.973819259643555,3.990837812423706
ood_compound,A6_train_seed_2,50090,250,250,False,250,158,58,10.108498809751534,26.25029374712257,2527.1247024378836,-2.1316282072803006e-14,0.1,0.1,7.3311529117341845,11.050200417951457,8.24346578283987,0.8243465782839869,3.9739307346343993,3.9905292987823486
ood_compound,A6_train_seed_2,50091,250,250,False,250,241,0,5.36858325536966,20.330589459521562,1342.145813842415,-2.842170943040401e-14,0.1001142393688516,0.1,8.3801527777396,12.55804687688372,8.508567855679411,0.8518430084798445,3.963000235557556,3.990748882293701
ood_compound,A6_train_seed_2,50092,250,250,False,250,60,0,2.475479054890945,22.02379836948509,618.8697637227363,-5.684341886080802e-14,0.10093961283502086,0.1,4.738178951336355,9.586493647287417,6.391420696039903,0.6487354055148072,3.9738246507644654,3.9904534816741943
ood_compound,A6_train_seed_2,50093,250,250,False,250,248,7,9.128824293583351,25.8358101967769,2282.206073395838,-2.842170943040401e-14,0.1,0.1,7.56313564305409,12.060180715261684,7.868102387374665,0.7868102387374666,3.830419867515564,3.991164207458496
ood_compound,A6_train_seed_2,50094,250,250,False,250,57,0,0.37710535695774794,3.042380494688626,94.27633923943698,-2.842170943040401e-14,0.1,0.1,5.4113455611009105,7.963265907131195,10.87186631704825,1.0871866317048253,3.974061149597168,3.990180253982544
ood_compound,A6_train_seed_2,50095,250,250,False,250,64,41,1.372842377630025,9.506851927864409,343.2105944075062,-1.4210854715202004e-14,0.1,0.1,6.861274139430129,10.079009168243076,8.605591050112045,0.8605591050112046,3.9739047546386717,3.990206241607666
ood_compound,A6_train_seed_2,50096,250,250,False,250,127,0,4.092599310057041,24.97570059743644,1023.1498275142603,-2.1316282072803006e-14,0.1,0.1,7.101149331398261,11.095373217489428,7.153711734262626,0.7153711734262626,3.96879213142395,3.990405321121216
ood_compound,A6_train_seed_2,50097,250,250,False,250,178,3,1.0251185166508847,10.249457803259684,256.27962916272116,-5.684341886080802e-14,0.10185786516951151,0.1,4.49716937356927,9.122349337318303,8.752717539811718,0.8897972424286995,3.9738633651733397,3.9908695220947266
ood_compound,A6_train_seed_2,50098,50,51,True,50,50,4,19.16292025364016,27.50810946419452,977.308932935648,-134.3091643404675,0.09999999999999998,0.1,6.298512249038169,9.730884637841969,9.882700187744991,0.9882700187744992,3.911812053007238,3.990485191345215
ood_compound,A6_train_seed_2,50099,250,250,False,250,215,4,1.8562276758572682,16.4709513628327,464.05691896431705,-5.684341886080802e-14,0.10070550991100681,0.1,5.4464441728966,9.774871106712542,8.787379293258185,0.8819721664733827,3.973841917037964,3.9907710552215576
motor_fault,A6_train_seed_2,50000,250,250,False,250,2,0,0.000754264252105756,0.10334104859026912,0.188566063026439,0.0,0.10061328684477983,0.1,5.40310607363929,8.853164169680936,8.265662509776536,0.8328310554821,3.9737613916397097,3.990154504776001
motor_fault,A6_train_seed_2,50001,250,250,False,250,43,0,1.470746283083539,21.922238848466254,367.6865707708847,-2.842170943040401e-14,0.10012571025830176,0.1,5.355224146045626,8.948509356462512,9.275156388577969,0.9287839797488,3.973405352592468,3.990596055984497
motor_fault,A6_train_seed_2,50002,250,250,False,250,244,4,9.473380815093986,33.04856650901641,2368.3452037734965,-2.842170943040401e-14,0.10072086508736229,0.1,6.358488906543893,16.649930147275658,7.289782113638465,0.7341899028496138,3.84979020857811,3.9907724857330322
motor_fault,A6_train_seed_2,50003,250,250,False,250,46,0,2.610192207412793,26.957722315158822,652.5480518531982,-2.1316282072803006e-14,0.1,0.1,9.50062329210757,13.161362101601325,8.232772316650852,0.8232772316650853,3.9670883111953734,3.9903666973114014
motor_fault,A6_train_seed_2,50004,250,250,False,250,250,0,2.505764033291343,20.19307801433868,626.4410083228357,-4.263256414560601e-14,0.10044714882171545,0.1,2.9620749016469397,9.155293117848803,8.257450246765156,0.8301734742119524,3.9738244667053224,3.9899380207061768
motor_fault,A6_train_seed_2,50005,250,250,False,250,57,0,1.3746579238134131,22.47696744442862,343.6644809533533,-2.842170943040401e-14,0.10028441554457047,0.1,3.490109298395806,9.200442721777216,9.354440006090778,0.9365052060608025,3.973881595611572,3.9907641410827637
motor_fault,A6_train_seed_2,50006,250,250,False,250,85,0,0.5261999667929201,3.4998356291431216,131.54999169823003,-2.842170943040401e-14,0.1,0.1,5.964642921070977,8.100824050502347,9.157277208087873,0.9157277208087874,3.973763282775879,3.990124464035034
motor_fault,A6_train_seed_2,50007,250,250,False,250,35,0,2.11412877179145,28.014525790825143,528.5321929478624,-1.4210854715202004e-14,0.1,0.1,8.692002613413436,12.652425713860236,6.831732082286893,0.6831732082286894,3.9734670038223268,3.9903006553649902
motor_fault,A6_train_seed_2,50008,250,250,False,250,116,0,2.1735392283658834,21.992008992701805,543.3848070914709,-5.684341886080802e-14,0.1009973606717083,0.1,5.366183245080358,10.35191655421504,8.477613284156114,0.8567114147284551,3.970198335647583,3.990893840789795
motor_fault,A6_train_seed_2,50009,250,250,False,250,250,2,10.419815317328208,25.245251705263957,2604.953829332052,-2.842170943040401e-14,0.1,0.1,6.2949515825139075,17.7398342128697,9.591615259418246,0.9591615259418245,3.973071773529053,3.98989200592041
motor_fault,A6_train_seed_2,50010,250,250,False,250,19,0,1.4831071327301022,25.88744322005215,370.77678318252555,-7.105427357601002e-15,0.1,0.1,8.377510063458104,10.981539073949218,5.17768134943356,0.517768134943356,3.9733704996109007,3.9900264739990234
motor_fault,A6_train_seed_2,50011,250,250,False,250,1,0,0.000633793830871582,0.1584484577178955,0.1584484577178955,0.0,0.1003266877656366,0.1,4.758812834265356,9.124131762226103,8.383781627755935,0.8406658298678189,3.973611038208008,3.9903957843780518
motor_fault,A6_train_seed_2,50012,250,250,False,250,15,0,0.6113886375085124,16.006855621613376,152.8471593771281,-2.1316282072803006e-14,0.1,0.1,6.066139724653071,6.76270052442175,8.275961149197647,0.8275961149197648,3.973945017814636,3.99021315574646
motor_fault,A6_train_seed_2,50013,250,250,False,250,31,0,2.5034575368354357,23.6677172691072,625.864384208859,-2.842170943040401e-14,0.1,0.1,8.577726139924806,13.712477778304029,6.272320893983926,0.6272320893983927,3.9717375831604005,3.9898416996002197
motor_fault,A6_train_seed_2,50014,250,250,False,250,146,0,1.074954634363027,20.545985734944594,268.73865859075676,-4.263256414560601e-14,0.10010991074302138,0.1,6.042254602604506,9.511119885108817,8.8800810424259,0.8885501595333241,3.973755774497986,3.9904704093933105
motor_fault,A6_train_seed_2,50015,250,250,False,250,37,135,1.965427899039129,23.383653467919064,491.35697475978225,-2.1316282072803006e-14,0.1,0.1,8.324567285675366,12.024912197042266,7.987997265431813,0.7987997265431813,3.973867262840271,3.9904115200042725
motor_fault,A6_train_seed_2,50016,250,250,False,250,250,0,18.147031594531793,25.359303281169893,4536.757898632948,-2.1316282072803006e-14,0.1,0.1,7.647824173774522,14.61334782751273,9.90264067930898,0.9902640679308983,3.972969567298889,3.9903032779693604
motor_fault,A6_train_seed_2,50017,250,250,False,250,70,0,0.5307631706009109,20.676814821040153,132.69079265022773,-2.842170943040401e-14,0.10202356045306547,0.1,3.8479385203892615,9.230117603020183,8.400664927166737,0.8556003867458218,3.9738304557800292,3.9905600547790527
motor_fault,A6_train_seed_2,50018,56,57,True,56,52,6,18.453152416208642,32.601129589204014,1051.8296877238927,-30.93676265513279,0.09999999999999999,0.1,8.57791986339584,16.02531974535929,10.044575868936537,1.0044575868936538,3.415377341864402,3.9897098541259766
motor_fault,A6_train_seed_2,50019,250,250,False,250,250,155,12.24985353584628,24.042061613684915,3062.46338396157,-1.4210854715202004e-14,0.1,0.1,6.775163915479821,8.313077333731037,9.705437177207253,0.9705437177207255,3.9682137622833253,3.9899656772613525
motor_fault,A6_train_seed_2,50020,250,250,False,250,7,0,0.04037898728082591,2.8944498712905875,10.094746820206478,-2.1316282072803006e-14,0.1,0.1,4.411721268482272,8.411705986951048,7.575921591985408,0.757592159198541,3.9738945474624634,3.9899988174438477
motor_fault,A6_train_seed_2,50021,250,250,False,250,5,0,0.0020011544674979707,0.24004280882067694,0.5002886168744927,-7.105427357601002e-15,0.10046193176652124,0.1,3.2660562631695034,6.475828326999436,3.7681569397539936,0.3804405045944196,3.9739646940231323,3.9903316497802734
motor_fault,A6_train_seed_2,50022,250,250,False,250,30,0,1.843674958648131,25.15015276390642,460.91873966203275,-2.1316282072803006e-14,0.1,0.1,8.84189136940738,11.109460176648748,7.928542520057735,0.7928542520057735,3.9737485799789427,3.9904062747955322
motor_fault,A6_train_seed_2,50023,250,250,False,250,27,0,0.7222484189451618,22.34812175583727,180.56210473629045,-5.684341886080802e-14,0.10026672533007651,0.1,5.684423902033459,8.604095428509535,10.084509497358056,1.011275651096533,3.9737080001831053,3.9909889698028564
motor_fault,A6_train_seed_2,50024,250,250,False,250,0,0,0.0,0.0,0.0,9.482299911209779,0.10052238947119675,0.1,4.661603930570023,6.164928495925821,8.161943639207703,0.8207364659336233,3.9736998081207275,3.9902970790863037
motor_fault,A6_train_seed_2,50025,250,250,False,250,38,0,1.1128757396673696,18.496846440783866,278.2189349168424,-1.4210854715202004e-14,0.10008206095914321,0.1,5.446631213552528,9.227377881431945,10.082019409094292,1.0089977602251587,3.973696675300598,3.9909346103668213
motor_fault,A6_train_seed_2,50026,250,250,False,250,215,5,4.553922996315795,32.80875226628679,1138.4807490789487,-5.684341886080802e-14,0.10126925277864282,0.1,5.457472103597654,10.80773597796392,8.774730270452125,0.8886311922716995,3.852830705881119,3.990760564804077
motor_fault,A6_train_seed_2,50027,250,250,False,250,19,0,0.14966517833753207,7.70386850814672,37.41629458438302,-1.4210854715202004e-14,0.1004687334249567,0.1,3.803701017853238,9.889722778072992,8.710136323467694,0.8730793889660637,3.9738465318679808,3.9910452365875244
motor_fault,A6_train_seed_2,50028,250,250,False,250,25,0,1.531021526545005,25.96921748786796,382.75538163625123,-2.1316282072803006e-14,0.1,0.1,8.957991704597942,10.46093292219943,8.997600728599073,0.8997600728599072,3.973814507484436,3.9906325340270996
motor_fault,A6_train_seed_2,50029,250,250,False,250,51,18,3.7492740092236234,25.992590031321654,937.3185023059059,-1.4210854715202004e-14,0.1,0.1,7.956953597149978,12.556180875984175,8.26454602398448,0.826454602398448,3.9732923831939697,3.990325927734375
motor_fault,A6_train_seed_2,50030,250,250,False,250,29,0,0.7406465343183963,20.70225046615648,185.16163357959908,-1.4210854715202004e-14,0.10038565707704694,0.1,4.746179214731636,7.410295421951857,9.266199738351672,0.9298821201510609,3.9736619710922243,3.9906835556030273
motor_fault,A6_train_seed_2,50031,250,250,False,250,27,0,0.9610251944673582,23.468464483646727,240.25629861683956,-2.842170943040401e-14,0.10165938998215092,0.1,5.28565410456483,10.743297411484603,9.042350892986512,0.9175732373073533,3.973801838874817,3.991016387939453
motor_fault,A6_train_seed_2,50032,250,250,False,250,26,0,1.751233082856913,25.370977966428875,437.80827071422823,-2.1316282072803006e-14,0.1,0.1,8.58921728166608,11.52051017785511,8.322634635508075,0.8322634635508076,3.973643967628479,3.9900670051574707
motor_fault,A6_train_seed_2,50033,250,250,False,250,0,0,0.0,0.0,0.0,2.8348864210139624,0.10044695636280071,0.1,3.25793763817693,6.072395330012863,9.342377668508801,0.9387846370784282,3.973971467971802,3.990246057510376
motor_fault,A6_train_seed_2,50034,250,250,False,250,227,0,8.661613056109731,30.140560048617104,2165.4032640274327,-4.263256414560601e-14,0.1008391369892925,0.1,5.778315166717472,16.440647534882824,7.890254792484188,0.7959427349383448,3.973608093261719,3.9906740188598633
motor_fault,A6_train_seed_2,50035,250,250,False,250,244,1,2.303744508179087,20.16723632031575,575.9361270447718,-7.105427357601002e-14,0.10369020929885235,0.1,3.541062751420407,10.629439830339548,8.326149080184244,0.8630764846119252,3.9739082593917847,3.9906020164489746
motor_fault,A6_train_seed_2,50036,250,250,False,250,194,0,6.663704273680453,30.64991671871277,1665.926068420113,-2.842170943040401e-14,0.1,0.1,6.018658188872164,11.823225716051509,8.244502663900333,0.8244502663900335,3.8972088546752928,3.9909005165100098
motor_fault,A6_train_seed_2,50037,250,250,False,250,250,0,4.0272557507712,20.762993874864012,1006.8139376928001,-2.842170943040401e-14,0.11832606849510895,0.1,3.9733440569334175,9.247123526798582,7.307271712548299,0.8390939411265927,3.9738480129241944,3.990243911743164
motor_fault,A6_train_seed_2,50038,250,250,False,250,50,0,0.9645627934555457,21.436049115405368,241.14069836388643,-4.263256414560601e-14,0.1,0.1,6.43631150016559,11.226392170979556,10.07779352416236,1.007779352416236,3.973683313369751,3.991065502166748
motor_fault,A6_train_seed_2,50039,250,250,False,250,146,0,5.046542989698938,29.814856447823527,1261.6357474247345,-3.552713678800501e-14,0.10002028607792843,0.1,5.0285254975879905,11.291547678550486,7.95215073259515,0.7953733547865102,3.9737825059890746,3.9908254146575928
motor_fault,A6_train_seed_2,50040,250,250,False,250,22,0,0.2711964892198213,18.053965189822353,67.79912230495533,-2.842170943040401e-14,0.10114436803607293,0.1,5.20147358772745,7.458490883560633,10.268497045012696,1.0368583132470848,3.9739250326156617,3.9905622005462646
motor_fault,A6_train_seed_2,50041,250,250,False,250,17,0,0.9773131460866038,24.74065883471979,244.32828652165094,-1.4210854715202004e-14,0.1,0.1,8.034059194683678,8.590629139056327,9.610117028291995,0.9610117028291996,3.973788496017456,3.990459680557251
motor_fault,A6_train_seed_2,50042,250,250,False,250,13,0,0.08788057629039216,7.593509576476183,21.97014407259804,-1.4210854715202004e-14,0.1,0.1,2.9686987439465793,9.431796498046392,10.752685078888275,1.0752685078888276,3.9737431716918947,3.9908664226531982
motor_fault,A6_train_seed_2,50043,250,250,False,250,0,0,0.0,0.0,0.0,1.3382247448024671,0.1,0.1,4.213283382843164,7.182287384401426,5.30609880597149,0.530609880597149,3.9739558153152466,3.99015212059021
motor_fault,A6_train_seed_2,50044,250,250,False,250,27,0,1.1929165227459952,15.910020984360665,298.2291306864988,-2.1316282072803006e-14,0.1,0.1,4.8663207896018195,8.970516218478995,7.820525459669657,0.7820525459669657,3.973935972213745,3.990359306335449
motor_fault,A6_train_seed_2,50045,250,250,False,250,250,23,10.16035196079114,23.591525824547958,2540.087990197785,-2.1316282072803006e-14,0.1,0.1,6.173986742359776,9.035331646626721,9.369674760091826,0.9369674760091826,3.9727553739547727,3.9898769855499268
motor_fault,A6_train_seed_2,50046,250,250,False,250,18,0,1.4034284739155287,26.83827197749749,350.85711847888217,-1.4210854715202004e-14,0.1,0.1,8.48478752369847,11.945830335851198,7.794281002003149,0.7794281002003149,3.973720511436462,3.990243434906006
motor_fault,A6_train_seed_2,50047,250,250,False,250,17,0,0.017799363367744944,0.4492005348205552,4.449840841936236,0.0,0.1,0.1,5.858608212156427,8.829654884583446,7.576229934866839,0.7576229934866838,3.9738727712631228,3.9900808334350586
motor_fault,A6_train_seed_2,50048,250,250,False,250,26,0,0.32246826041743115,8.90657050002418,80.61706510435779,-2.842170943040401e-14,0.10074250515497571,0.1,5.012004077739035,9.156255001425409,10.22441902491397,1.0295010910146998,3.9738149499893187,3.991035223007202
motor_fault,A6_train_seed_2,50049,250,250,False,250,26,0,1.9508190823007177,25.49951303570573,487.7047705751794,-2.1316282072803006e-14,0.1,0.1,8.611326300781366,11.472899338764387,5.788023744302324,0.5788023744302324,3.973277009963989,3.990105390548706
motor_fault,A6_train_seed_2,50050,250,250,False,250,54,0,1.1251321331737902,22.139075342690376,281.28303329344755,-2.842170943040401e-14,0.10027935768868898,0.1,5.731388342402238,9.101615546638802,9.685312191969835,0.9707169803839115,3.973776644706726,3.9908018112182617
motor_fault,A6_train_seed_2,50051,250,250,False,250,249,0,3.8422597952272124,21.983741295790246,960.564948806803,-1.4210854715202004e-14,0.10004179865666668,0.1,5.76143051242559,8.567134077040699,9.853103366311473,0.9856552351167633,3.973725450515747,3.990769386291504
motor_fault,A6_train_seed_2,50052,250,250,False,250,249,139,6.988460671732635,26.00681907605938,1747.1151679331588,-1.4210854715202004e-14,0.10033703484323309,0.1,6.161695286896521,11.39195198691464,6.92099762619198,0.6949341744113631,3.9733951177597047,3.9903783798217773
motor_fault,A6_train_seed_2,50053,250,250,False,250,21,148,0.9767760425323162,16.35110568992935,244.19401063307905,-2.1316282072803006e-14,0.1,0.1,8.374914993757427,10.711932740780982,8.738225068286217,0.873822506828622,3.97367031288147,3.9902615547180176
motor_fault,A6_train_seed_2,50054,250,250,False,250,52,0,0.9413014566516364,21.048050538995493,235.32536416290912,-2.842170943040401e-14,0.10065758083832788,0.1,5.3886840038000265,8.651188286189132,9.928919422889537,0.9988690106502012,3.9737600755691527,3.990554094314575
motor_fault,A6_train_seed_2,50055,250,250,False,250,171,49,10.332204273930696,28.029725950256495,2583.051068482674,-2.842170943040401e-14,0.1,0.1,6.965566779192735,12.900397731618336,7.813213781626619,0.7813213781626619,3.973892406463623,3.9906303882598877
motor_fault,A6_train_seed_2,50056,250,250,False,250,6,0,0.0007454891481615995,0.05194119129736143,0.18637228704039988,-1.4210854715202004e-14,0.10134769813924253,0.1,3.9138385589237803,5.846419089654882,9.483667690573643,0.9618219225856317,3.973968424797058,3.990237236022949
motor_fault,A6_train_seed_2,50057,250,250,False,250,22,0,0.4941074652220077,9.323683613713877,123.52686630550193,-2.1316282072803006e-14,0.1,0.1,5.129142648932357,8.087000838923668,8.397869775594051,0.8397869775594052,3.9737382707595823,3.9902563095092773
motor_fault,A6_train_seed_2,50058,250,250,False,250,33,32,2.597671493642584,27.74141791032035,649.417873410646,-1.7763568394002505e-14,0.1,0.1,8.307992182133663,11.915403562360796,9.441061684072146,0.9441061684072147,3.9738049478530884,3.9904367923736572
motor_fault,A6_train_seed_2,50059,250,250,False,250,247,0,2.103008498501059,4.050639614222656,525.7521246252647,-4.263256414560601e-14,0.10436552689349878,0.1,2.8977027114993597,9.35742718965078,10.26853411754529,1.072282644542734,3.973921166419983,3.9905006885528564
motor_fault,A6_train_seed_2,50060,250,250,False,250,33,0,2.258148490486157,25.301268062252507,564.5371226215392,-2.1316282072803006e-14,0.1,0.1,9.336000425723272,12.481908260223095,9.85067181256769,0.9850671812567688,3.9726204967498777,3.9903314113616943
motor_fault,A6_train_seed_2,50061,250,250,False,250,0,0,0.0,0.0,0.0,2.7225038880435832,0.10070665029860573,0.1,5.461467843522087,6.725038598583923,8.314143951226574,0.8374539463457288,3.973641240119934,3.990266799926758
motor_fault,A6_train_seed_2,50062,250,250,False,250,46,0,0.9638830697865389,22.765986098046838,240.97076744663474,-1.4210854715202004e-14,0.10061883457835583,0.1,5.419730407415665,9.641871820380073,10.167376661375563,1.0214269940107141,3.9738049573898317,3.9910664558410645
motor_fault,A6_train_seed_2,50063,250,250,False,250,0,0,0.0,0.0,0.0,4.194163067120201,0.1004526838396159,0.1,4.948587093941518,7.770498900560969,5.937775360802579,0.5973005303971716,3.9738688097000123,3.9901952743530273
motor_fault,A6_train_seed_2,50064,250,250,False,250,13,0,0.19743338931875679,6.439987211499945,49.358347329689195,-2.1316282072803006e-14,0.1,0.1,8.161576566436938,9.022389296898199,9.414663496048282,0.9414663496048284,3.9736891641616823,3.9904541969299316
motor_fault,A6_train_seed_2,50065,250,250,False,250,163,0,0.27712973537447066,0.9240038081786618,69.28243384361767,-4.263256414560601e-14,0.10036333774709186,0.1,3.6256767547725204,5.988527090843235,7.0771680378451745,0.7111134098570713,3.97400092792511,3.9905872344970703
motor_fault,A6_train_seed_2,50066,250,250,False,250,250,54,11.712552620712762,25.557105175839094,2928.1381551781906,-2.842170943040401e-14,0.10000827473900725,0.1,6.558646773091279,17.34410110438189,9.81916243624374,0.9820095493344215,3.972678349494934,3.989964723587036
motor_fault,A6_train_seed_2,50067,250,250,False,250,183,0,1.0990068723657784,1.8123119861856198,274.7517180914446,-4.263256414560601e-14,0.10088124853756807,0.1,4.174708179411216,6.5147007854133845,6.853092729001221,0.6925047929197993,3.9739226865768433,3.9904139041900635
motor_fault,A6_train_seed_2,50068,250,250,False,250,8,0,0.030934983500119532,1.4599490978398901,7.733745875029883,-1.0658141036401503e-14,0.10121303423141327,0.1,3.437046999407781,3.7138444435460802,11.010151420220245,1.1131639906051691,3.9737253618240356,3.990483283996582
motor_fault,A6_train_seed_2,50069,250,250,False,250,17,0,1.2268434453276045,25.422495051619325,306.7108613319011,-2.1316282072803006e-14,0.1,0.1,7.599938449693906,8.480700359310168,9.216713697921296,0.9216713697921297,3.973814779281616,3.9905924797058105
motor_fault,A6_train_seed_2,50070,250,250,False,250,0,0,0.0,0.0,0.0,5.995342511230206,0.10038754491814166,0.1,4.980267461700439,7.103818875107269,8.920258208248477,0.8957708376953654,3.9737196245193482,3.990165948867798
motor_fault,A6_train_seed_2,50071,250,250,False,250,9,0,0.16994794897449306,9.033383011590226,42.48698724362326,-2.1316282072803006e-14,0.1,0.1,6.574256640857964,7.060203953593041,7.559978140434131,0.7559978140434132,3.9739241991043093,3.9901740550994873
motor_fault,A6_train_seed_2,50072,250,250,False,250,243,0,3.4326397999922467,21.12445664382023,858.1599499980616,-1.4210854715202004e-14,0.10073712045493952,0.1,5.7962262923451355,8.277664092051815,7.898363260236385,0.7951970182469802,3.973551279067993,3.990840435028076
motor_fault,A6_train_seed_2,50073,250,250,False,250,56,0,1.248030843210306,21.424395553775753,312.0077108025765,-2.842170943040401e-14,0.10002562427138868,0.1,6.506606133577087,10.450691245316284,9.901763384677006,0.9903571558315362,3.973663447380066,3.990936279296875
motor_fault,A6_train_seed_2,50074,250,250,False,250,222,0,0.8807432073144958,1.3031317995201148,220.18580182862397,-4.263256414560601e-14,0.10140581126820722,0.1,3.170449505624185,6.218568139960906,6.017052428612614,0.6151758008762327,3.9739313983917235,3.9904747009277344
motor_fault,A6_train_seed_2,50075,250,250,False,250,102,5,0.45978035978617876,3.0545984012022878,114.94508994654468,-2.842170943040401e-14,0.10088367616726426,0.1,4.950518507443032,9.824390782697622,5.663777405746497,0.5739379395857216,3.973806676864624,3.990506649017334
motor_fault,A6_train_seed_2,50076,39,40,True,39,37,4,13.956627781071461,36.077672953269754,558.2651112428584,-153.26849983777387,0.1,0.1,5.794824168403869,10.61272818907134,9.899221376764675,0.9899221376764675,3.890183186531067,3.990442991256714
motor_fault,A6_train_seed_2,50077,250,250,False,250,12,3,0.11818808324671497,5.556483054995972,29.547020811678742,-3.552713678800501e-14,0.1000300489886887,0.1,3.565034062758562,7.719137621366213,9.846076364220346,0.9848382358607564,3.9741486930847167,3.99116587638855
motor_fault,A6_train_seed_2,50078,250,250,False,250,148,0,5.493696907239033,30.150186284382997,1373.4242268097582,-4.263256414560601e-14,0.1,0.1,5.6527654646770955,11.781717284128657,9.394126442744472,0.9394126442744475,3.9736080741882325,3.9908061027526855
motor_fault,A6_train_seed_2,50079,250,250,False,250,250,164,13.728716773917034,25.53655106104904,3432.1791934792586,-1.4210854715202004e-14,0.1,0.1,10.176680812470295,16.845051762290588,9.703800390217934,0.9703800390217933,3.579881899595261,3.9899604320526123
motor_fault,A6_train_seed_2,50080,250,250,False,250,48,0,1.2430517063811748,22.39015943565081,310.7629265952937,-2.842170943040401e-14,0.10005730702324692,0.1,6.370661667599163,10.086405262144696,9.95280309613624,0.9957134372079391,3.9736995372772217,3.991185426712036
motor_fault,A6_train_seed_2,50081,250,250,False,250,6,0,0.2060999288772494,16.367679684713725,51.52498221931235,-1.4210854715202004e-14,0.10066305701621797,0.1,4.680647399061516,9.121382655566885,10.530420092156135,1.0599587870756635,3.9739981536865234,3.990851402282715
motor_fault,A6_train_seed_2,50082,250,250,False,250,11,0,0.1435170530911065,8.04339873736218,35.87926327277662,-2.842170943040401e-14,0.1,0.1,7.749028382394698,8.249189294532218,7.630510481864699,0.7630510481864701,3.974065089225769,3.9906771183013916
motor_fault,A6_train_seed_2,50083,96,96,False,96,47,15,3.8106900443154625,21.457642257463583,365.8262442542844,-1.4210854715202004e-14,0.10134172744170077,0.1,4.443726242458103,8.818265081121936,7.7085335629013185,0.7798791435088349,3.947953882316748,3.99088191986084
motor_fault,A6_train_seed_2,50084,250,250,False,250,9,0,0.2780203682063315,12.894136236024359,69.50509205158288,-2.1316282072803006e-14,0.1,0.1,5.8602216532787414,6.348771337411479,7.676459416578759,0.7676459416578759,3.9739002208709717,3.9900968074798584
motor_fault,A6_train_seed_2,50085,250,250,False,250,206,0,1.4560188364570998,20.83776479221895,364.004709114275,-1.4210854715202004e-14,0.10043491330015152,0.1,6.397172641207071,8.471985716824753,9.363542563704083,0.9406154527966663,3.9736316843032835,3.9909186363220215
motor_fault,A6_train_seed_2,50086,59,59,False,59,17,0,6.280155583234455,29.6041501362669,370.52917941083285,-1.4210854715202004e-14,0.09999999999999998,0.1,10.106964113952827,15.284679928802172,7.358505486432285,0.7358505486432286,3.919515516798375,3.9907588958740234
motor_fault,A6_train_seed_2,50087,250,250,False,250,174,0,0.2800340163078715,1.0617396152838898,70.00850407696788,-4.263256414560601e-14,0.1,0.1,4.041877063467349,6.476878297922741,4.900288491449698,0.49002884914496975,3.9739565448760987,3.990307569503784
motor_fault,A6_train_seed_2,50088,250,250,False,250,249,0,8.933223481531368,22.732056060569523,2233.305870382842,-1.4210854715202004e-14,0.1000913149581311,0.1,6.28364710750035,9.227503924457604,8.473944074751405,0.8478677617756238,3.9738029680252076,3.99076509475708
motor_fault,A6_train_seed_2,50089,250,250,False,250,26,0,0.27939983474378255,15.800441642280038,69.84995868594564,-2.842170943040401e-14,0.10091445491380716,0.1,5.26733904851264,8.145708136652893,10.367248239316734,1.0441332871391746,3.973849464416504,3.9907193183898926
motor_fault,A6_train_seed_2,50090,250,250,False,250,40,187,2.6913827119394953,28.68357608268113,672.8456779848739,-2.1316282072803006e-14,0.1,0.1,9.445522206023655,13.425661676259068,10.369388210986077,1.0369388210986081,3.973981113433838,3.990210771560669
motor_fault,A6_train_seed_2,50091,250,250,False,250,249,24,6.622412153885054,21.534127878292676,1655.6030384712635,-1.4210854715202004e-14,0.10041509623500278,0.1,6.462402227137787,10.40376497730184,7.953825410523735,0.7985829975076174,3.9730009546279907,3.9907116889953613
motor_fault,A6_train_seed_2,50092,250,250,False,250,42,6,0.24492507415260184,3.6913743331179423,61.23126853815046,-4.263256414560601e-14,0.10034068333195022,0.1,4.682029211155691,9.586493647287417,8.033200233442155,0.8060580854050453,3.973628067970276,3.9904427528381348
motor_fault,A6_train_seed_2,50093,250,250,False,250,250,6,9.778703786602797,61.99590181314585,2444.675946650699,-1.4210854715202004e-14,0.1000182036290395,0.1,8.943359717112621,14.09491750582389,8.516615976430021,0.8518075486409934,3.8395171885490416,3.9904489517211914
motor_fault,A6_train_seed_2,50094,250,250,False,250,0,0,0.0,0.0,0.0,0.6044733726098812,0.1,0.1,3.839077775595062,7.963265907131195,4.545404213954051,0.4545404213954052,3.9739685831069944,3.990264892578125
motor_fault,A6_train_seed_2,50095,250,250,False,250,17,187,0.06068158162371573,1.6496412021516635,15.170395405928932,-1.4210854715202004e-14,0.1,0.1,8.804581286041834,10.006977012566791,7.61184540600947,0.761184540600947,3.973996708869934,3.9904491901397705
motor_fault,A6_train_seed_2,50096,250,250,False,250,41,0,2.1789937271525672,25.356222428418913,544.7484317881418,-1.4210854715202004e-14,0.1,0.1,7.391913360424585,11.75503413458711,9.556171181633436,0.9556171181633434,3.971788969039917,3.9902687072753906
motor_fault,A6_train_seed_2,50097,250,250,False,250,165,4,1.5716955614427393,18.653222142152256,392.9238903606848,-5.684341886080802e-14,0.10488700200009403,0.1,4.200684867498996,8.73399575374948,8.420178290120534,0.8768442922491351,3.973493405342102,3.9908840656280518
motor_fault,A6_train_seed_2,50098,82,82,False,82,27,0,6.494949728199963,29.017694717266032,532.585877712397,-2.1316282072803006e-14,0.09999999999999999,0.1,9.614158548360624,16.520535426546438,6.447868654079822,0.6447868654079822,3.518161274674462,3.9903857707977295
motor_fault,A6_train_seed_2,50099,44,45,True,44,44,8,7.767648840337488,46.75836470095217,349.544197815187,-626.9021497177814,0.10153231245566324,0.1,5.496032390342056,9.823383043113049,8.583132163899752,0.8748914843866209,3.901116307576497,3.990713357925415
id_reference,A5_train_seed_3,50000,250,250,False,250,21,0,0.23948886369250147,5.705692601673412,59.87221592312537,-2.842170943040401e-14,1.0,1.0,0.0,0.0,8.510598024689159,8.510598024689159,0.0,0.0
id_reference,A5_train_seed_3,50001,145,145,False,145,64,0,4.588997378177541,21.86998246425178,665.4046198357435,-2.842170943040401e-14,1.0,1.0,0.0,0.0,5.53632254847049,5.53632254847049,0.0,0.0
id_reference,A5_train_seed_3,50002,60,60,False,60,51,0,4.341671340046675,10.092818325493068,260.5002804028005,-1.4210854715202004e-14,1.0,1.0,0.0,0.0,7.752555755567128,7.752555755567128,0.0,0.0
id_reference,A5_train_seed_3,50003,250,250,False,250,122,22,4.075166712414927,19.455557104377313,1018.7916781037318,-2.1316282072803006e-14,1.0,1.0,0.0,0.0,7.824739006141716,7.824739006141716,0.0,0.0
id_reference,A5_train_seed_3,50004,87,87,False,87,34,0,5.166382009853855,27.965708963780017,449.4752348572854,-2.842170943040401e-14,1.0,1.0,0.0,0.0,5.966948176929341,5.966948176929341,0.0,0.0
id_reference,A5_train_seed_3,50005,68,68,False,68,54,0,5.930279756837446,14.801309567943985,403.2590234649463,-2.842170943040401e-14,1.0,1.0,0.0,0.0,7.370789860801685,7.370789860801685,0.0,0.0
id_reference,A5_train_seed_3,50006,250,250,False,250,33,0,1.3951481047871035,14.241093701109955,348.78702619677586,-6.394884621840902e-14,1.0,1.0,0.0,0.0,3.263871182228605,3.263871182228605,0.0,0.0
id_reference,A5_train_seed_3,50007,250,250,False,250,23,0,1.4052263821128481,20.59551167944062,351.30659552821203,-1.4210854715202004e-14,1.0,1.0,0.0,0.0,8.314935799337531,8.314935799337531,0.0,0.0
id_reference,A5_train_seed_3,50008,94,94,False,94,91,0,5.016248801409815,14.45017973307166,471.5273873325226,-5.684341886080802e-14,1.0,1.0,0.0,0.0,7.229824598212685,7.229824598212685,0.0,0.0
id_reference,A5_train_seed_3,50009,250,250,False,250,51,0,3.6650536018047406,31.438424368488455,916.2634004511851,-1.4210854715202004e-14,1.0,1.0,0.0,0.0,7.02944502393844,7.02944502393844,0.0,0.0
id_reference,A5_train_seed_3,50010,250,250,False,250,24,0,0.9861379131931347,17.673200739762837,246.5344782982837,-7.105427357601002e-15,1.0,1.0,0.0,0.0,5.18467461117426,5.18467461117426,0.0,0.0
id_reference,A5_train_seed_3,50011,250,250,False,250,1,0,0.013877872467041016,3.469468116760254,3.469468116760254,0.0,1.0,1.0,0.0,0.0,8.300603437609581,8.300603437609581,0.0,0.0
id_reference,A5_train_seed_3,50012,76,76,False,76,26,0,3.582216956505975,23.806371629540497,272.2484886944541,-2.1316282072803006e-14,1.0,1.0,0.0,0.0,6.578035913058517,6.578035913058517,0.0,0.0
id_reference,A5_train_seed_3,50013,250,250,False,250,42,0,2.3878911245771857,17.244909122812917,596.9727811442964,-6.394884621840902e-14,1.0,1.0,0.0,0.0,7.3725514357843815,7.3725514357843815,0.0,0.0
id_reference,A5_train_seed_3,50014,250,250,False,250,246,0,4.208291350494801,12.78537341822184,1052.0728376237003,-4.263256414560601e-14,1.0,1.0,0.0,0.0,8.548874195016799,8.548874195016799,0.0,0.0
id_reference,A5_train_seed_3,50015,122,122,False,122,41,0,6.255796291873779,30.521742964684087,763.207147608601,-2.1316282072803006e-14,1.0,1.0,0.0,0.0,8.095653740972857,8.095653740972857,0.0,0.0
id_reference,A5_train_seed_3,50016,110,110,False,110,43,0,8.86928895409128,31.331698949278014,975.6217849500408,-1.4210854715202004e-14,1.0,1.0,0.0,0.0,7.38930958038498,7.38930958038498,0.0,0.0
id_reference,A5_train_seed_3,50017,73,73,False,73,61,0,5.04205179555962,13.541356998040612,368.06978107585223,-1.4210854715202004e-14,1.0,1.0,0.0,0.0,7.590192248728409,7.590192248728409,0.0,0.0
id_reference,A5_train_seed_3,50018,48,49,True,48,48,0,24.0821929555105,32.163801949219916,1180.0274548200146,-7.591397504560675,1.0,1.0,0.0,0.0,7.998891030221848,7.998891030221848,0.0,0.0
id_reference,A5_train_seed_3,50019,131,131,False,131,71,0,7.156229121825047,22.253995407628093,937.4660149590811,-1.4210854715202004e-14,1.0,1.0,0.0,0.0,7.71385120232344,7.71385120232344,0.0,0.0
id_reference,A5_train_seed_3,50020,61,61,False,61,44,0,5.471792247784014,11.764613414139774,333.77932711482487,-5.684341886080802e-14,1.0,1.0,0.0,0.0,9.684604065638656,9.684604065638656,0.0,0.0
id_reference,A5_train_seed_3,50021,250,250,False,250,26,0,0.5403083074846476,8.662429646105416,135.07707687116192,-3.552713678800501e-14,1.0,1.0,0.0,0.0,7.477224810160132,7.477224810160132,0.0,0.0
id_reference,A5_train_seed_3,50022,86,86,False,86,22,0,5.206800585920491,30.131695483104735,447.7848503891622,-2.1316282072803006e-14,1.0,1.0,0.0,0.0,6.617361944867374,6.617361944867374,0.0,0.0
id_reference,A5_train_seed_3,50023,73,73,False,73,40,0,4.529958689555466,23.092435793515516,330.686984337549,-1.4210854715202004e-14,1.0,1.0,0.0,0.0,4.555351826419572,4.555351826419572,0.0,0.0
id_reference,A5_train_seed_3,50024,250,250,False,250,5,0,0.023181195834276313,2.950018378648005,5.795298958569078,-2.1316282072803006e-14,1.0,1.0,0.0,0.0,3.281119374179698,3.281119374179698,0.0,0.0
id_reference,A5_train_seed_3,50025,250,250,False,250,55,0,1.8785061234516485,17.054545972441474,469.6265308629121,-2.842170943040401e-14,1.0,1.0,0.0,0.0,5.2120262790493195,5.2120262790493195,0.0,0.0
id_reference,A5_train_seed_3,50026,250,250,False,250,249,0,5.797084603527657,8.729519198179966,1449.2711508819143,-4.263256414560601e-14,1.0,1.0,0.0,0.0,8.045885852850027,8.045885852850027,0.0,0.0
id_reference,A5_train_seed_3,50027,36,36,False,36,19,0,2.3496507246805995,7.049584093085299,84.58742608850159,-2.842170943040401e-14,1.0,1.0,0.0,0.0,6.6459529970654465,6.6459529970654465,0.0,0.0
id_reference,A5_train_seed_3,50028,64,64,False,64,26,0,6.852947107042569,28.5315052665187,438.5886148507244,-2.1316282072803006e-14,1.0,1.0,0.0,0.0,7.810628507521882,7.810628507521882,0.0,0.0
id_reference,A5_train_seed_3,50029,96,96,False,96,44,0,5.663550340210058,19.689114521913744,543.7008326601656,-1.4210854715202004e-14,1.0,1.0,0.0,0.0,7.0814939711825,7.0814939711825,0.0,0.0
id_reference,A5_train_seed_3,50030,80,80,False,80,54,0,4.622963166054085,20.556160787514678,369.83705328432677,-5.684341886080802e-14,1.0,1.0,0.0,0.0,5.156721271546859,5.156721271546859,0.0,0.0
id_reference,A5_train_seed_3,50031,67,67,False,67,43,0,4.950074548745575,23.119674563097455,331.6549947659535,-2.842170943040401e-14,1.0,1.0,0.0,0.0,6.694857979916707,6.694857979916707,0.0,0.0
id_reference,A5_train_seed_3,50032,65,65,False,65,24,0,9.05364769055633,32.92115322479363,588.4870998861614,-2.1316282072803006e-14,1.0,1.0,0.0,0.0,6.456584015649213,6.456584015649213,0.0,0.0
id_reference,A5_train_seed_3,50033,250,250,False,250,11,0,0.17348908024158152,6.901097296837835,43.37227006039538,-2.1316282072803006e-14,1.0,1.0,0.0,0.0,5.289108267630156,5.289108267630156,0.0,0.0
id_reference,A5_train_seed_3,50034,54,54,False,54,44,0,5.368009421688088,10.909922979138289,289.87250877115673,-1.7763568394002505e-14,1.0,1.0,0.0,0.0,9.41453818011835,9.41453818011835,0.0,0.0
id_reference,A5_train_seed_3,50035,97,97,False,97,87,0,2.042571921214748,6.8349931623912195,198.12947635783058,-2.1316282072803006e-14,1.0,1.0,0.0,0.0,8.272447768584543,8.272447768584543,0.0,0.0
id_reference,A5_train_seed_3,50036,66,66,False,66,53,0,5.967909361276883,10.691134706579431,393.8820178442743,-3.552713678800501e-14,1.0,1.0,0.0,0.0,8.264099879746741,8.264099879746741,0.0,0.0
id_reference,A5_train_seed_3,50037,60,60,False,60,37,0,8.214425112183937,25.210129980475685,492.86550673103625,-3.552713678800501e-14,1.0,1.0,0.0,0.0,7.392167208290494,7.392167208290494,0.0,0.0
id_reference,A5_train_seed_3,50038,250,250,False,250,80,0,2.1999113270675412,14.530977574699296,549.9778317668853,-2.842170943040401e-14,1.0,1.0,0.0,0.0,7.550403544331383,7.550403544331383,0.0,0.0
id_reference,A5_train_seed_3,50039,63,63,False,63,48,0,4.878694320538194,9.50044230058217,307.3577421939062,-5.684341886080802e-14,1.0,1.0,0.0,0.0,8.776913310990684,8.776913310990684,0.0,0.0
id_reference,A5_train_seed_3,50040,250,250,False,250,27,0,0.5224394707373927,11.477109830851502,130.6098676843482,-5.684341886080802e-14,1.0,1.0,0.0,0.0,4.370359408762439,4.370359408762439,0.0,0.0
id_reference,A5_train_seed_3,50041,52,52,False,52,18,0,5.3715488122990065,28.0695015084428,279.32053823954834,-1.4210854715202004e-14,1.0,1.0,0.0,0.0,6.168577313244076,6.168577313244076,0.0,0.0
id_reference,A5_train_seed_3,50042,46,46,False,46,21,0,2.082750017458271,6.823948299392042,95.80650080308047,-1.4210854715202004e-14,1.0,1.0,0.0,0.0,5.4951112069926165,5.4951112069926165,0.0,0.0
id_reference,A5_train_seed_3,50043,49,49,False,49,18,0,2.182545896556766,7.973706877555343,106.94474893128154,-3.552713678800501e-14,1.0,1.0,0.0,0.0,6.816752844465051,6.816752844465051,0.0,0.0
id_reference,A5_train_seed_3,50044,63,63,False,63,32,0,7.648903226265281,22.369697595790157,481.8809032547127,-2.1316282072803006e-14,1.0,1.0,0.0,0.0,6.591115003638229,6.591115003638229,0.0,0.0
id_reference,A5_train_seed_3,50045,250,250,False,250,61,0,3.823940377418553,23.169075359952487,955.9850943546382,-2.1316282072803006e-14,1.0,1.0,0.0,0.0,7.574692016734002,7.574692016734002,0.0,0.0
id_reference,A5_train_seed_3,50046,250,250,False,250,19,0,0.9500774265759385,18.68114025794465,237.51935664398462,-1.4210854715202004e-14,1.0,1.0,0.0,0.0,3.2846106551212735,3.2846106551212735,0.0,0.0
id_reference,A5_train_seed_3,50047,250,250,False,250,21,0,0.5156120955964779,8.864171793059423,128.9030238991195,-1.5987211554602254e-14,1.0,1.0,0.0,0.0,5.440844575953977,5.440844575953977,0.0,0.0
id_reference,A5_train_seed_3,50048,61,61,False,61,28,0,1.9455107441812256,9.6947495893527,118.67615539505476,-1.4210854715202004e-14,1.0,1.0,0.0,0.0,4.758576052502722,4.758576052502722,0.0,0.0
id_reference,A5_train_seed_3,50049,75,75,False,75,30,0,4.527359039674204,18.541646726413862,339.5519279755653,-4.973799150320701e-14,1.0,1.0,0.0,0.0,6.849527130797016,6.849527130797016,0.0,0.0
id_reference,A5_train_seed_3,50050,250,250,False,250,71,0,2.150798894109682,15.659544830043297,537.6997235274205,-1.9095836023552692e-14,1.0,1.0,0.0,0.0,6.706753239550215,6.706753239550215,0.0,0.0
id_reference,A5_train_seed_3,50051,250,250,False,250,249,0,7.1520384470689455,16.65405805763013,1788.0096117672365,-1.687538997430238e-14,1.0,1.0,0.0,0.0,6.703337902524486,6.703337902524486,0.0,0.0
id_reference,A5_train_seed_3,50052,250,250,False,250,250,0,11.186537220154609,31.658092983610125,2796.634305038652,-5.684341886080802e-14,1.0,1.0,0.0,0.0,8.141959145995225,8.141959145995225,0.0,0.0
id_reference,A5_train_seed_3,50053,52,52,False,52,26,0,8.367371385646033,24.2274103388806,435.1033120535937,-2.1316282072803006e-14,1.0,1.0,0.0,0.0,7.768877851378571,7.768877851378571,0.0,0.0
id_reference,A5_train_seed_3,50054,250,250,False,250,66,0,1.8877614410369628,19.11097599266173,471.94036025924066,-4.263256414560601e-14,1.0,1.0,0.0,0.0,6.300733098579369,6.300733098579369,0.0,0.0
id_reference,A5_train_seed_3,50055,92,92,False,92,39,0,9.883278451627415,32.770977264740985,909.2616175497221,-2.1316282072803006e-14,1.0,1.0,0.0,0.0,7.849059996998419,7.849059996998419,0.0,0.0
id_reference,A5_train_seed_3,50056,250,250,False,250,10,0,0.19107771549328734,7.625909986751821,47.769428873321836,-2.842170943040401e-14,1.0,1.0,0.0,0.0,4.888588071973186,4.888588071973186,0.0,0.0
id_reference,A5_train_seed_3,50057,250,250,False,250,26,0,1.2135363221910844,17.929715484275025,303.38408054777113,-3.197442310920451e-14,1.0,1.0,0.0,0.0,8.731312181124213,8.731312181124213,0.0,0.0
id_reference,A5_train_seed_3,50058,70,70,False,70,37,0,6.872965020451351,22.7547509419936,481.1075514315945,-1.7763568394002505e-14,1.0,1.0,0.0,0.0,6.112275432197303,6.112275432197303,0.0,0.0
id_reference,A5_train_seed_3,50059,93,93,False,93,80,0,3.225764203284902,8.046763551876708,299.9960709054959,-1.4210854715202004e-14,1.0,1.0,0.0,0.0,6.970756283135497,6.970756283135497,0.0,0.0
id_reference,A5_train_seed_3,50060,250,250,False,250,26,0,1.4335536146735286,17.83176953644433,358.3884036683821,-2.1316282072803006e-14,1.0,1.0,0.0,0.0,4.76518254859997,4.76518254859997,0.0,0.0
id_reference,A5_train_seed_3,50061,250,250,False,250,5,0,0.02043623193979266,1.5765044266794124,5.109057984948165,-1.4210854715202004e-14,1.0,1.0,0.0,0.0,5.119534556758221,5.119534556758221,0.0,0.0
id_reference,A5_train_seed_3,50062,70,70,False,70,52,0,5.8284382688682905,15.13216669947094,407.9906788207803,-2.1316282072803006e-14,1.0,1.0,0.0,0.0,6.800840439724001,6.800840439724001,0.0,0.0
id_reference,A5_train_seed_3,50063,38,38,False,38,19,0,2.851425867924091,8.011527163021656,108.35418298111546,-3.197442310920451e-14,1.0,1.0,0.0,0.0,9.940594235111366,9.940594235111366,0.0,0.0
id_reference,A5_train_seed_3,50064,53,53,False,53,17,0,3.052105857154316,13.559550638728044,161.76161042917875,-1.7763568394002505e-14,1.0,1.0,0.0,0.0,6.140699812983193,6.140699812983193,0.0,0.0
id_reference,A5_train_seed_3,50065,52,52,False,52,24,0,2.262286448669291,8.637705086141484,117.63889533080314,-4.973799150320701e-14,1.0,1.0,0.0,0.0,7.155404175793587,7.155404175793587,0.0,0.0
id_reference,A5_train_seed_3,50066,108,108,False,108,52,0,6.6932228829367935,27.08077072266805,722.8680713571737,-2.842170943040401e-14,1.0,1.0,0.0,0.0,6.798801150242213,6.798801150242213,0.0,0.0
id_reference,A5_train_seed_3,50067,47,47,False,47,35,0,4.353548048003018,9.655597478823811,204.61675825614188,-2.1316282072803006e-14,1.0,1.0,0.0,0.0,8.868869343098707,8.868869343098707,0.0,0.0
id_reference,A5_train_seed_3,50068,250,250,False,250,21,0,0.49334860315244317,9.808855374270664,123.33715078811079,-2.842170943040401e-14,1.0,1.0,0.0,0.0,4.492428144139488,4.492428144139488,0.0,0.0
id_reference,A5_train_seed_3,50069,250,250,False,250,23,0,1.3527513954887944,28.045498574390898,338.18784887219863,-2.1316282072803006e-14,1.0,1.0,0.0,0.0,3.5256388349590937,3.5256388349590937,0.0,0.0
id_reference,A5_train_seed_3,50070,250,250,False,250,22,0,0.20322108307291079,5.803626441776989,50.80527076822769,-2.1316282072803006e-14,1.0,1.0,0.0,0.0,7.9103451973696,7.9103451973696,0.0,0.0
id_reference,A5_train_seed_3,50071,250,250,False,250,14,0,0.480696293459341,16.083103898396658,120.17407336483525,-2.842170943040401e-14,1.0,1.0,0.0,0.0,2.086002321117799,2.086002321117799,0.0,0.0
id_reference,A5_train_seed_3,50072,250,250,False,250,245,0,8.864806300196935,16.029970637137783,2216.2015750492337,-9.947598300641403e-14,1.0,1.0,0.0,0.0,7.689609743975888,7.689609743975888,0.0,0.0
id_reference,A5_train_seed_3,50073,250,250,False,250,85,0,2.585858942596372,17.65456388639931,646.464735649093,-4.263256414560601e-14,1.0,1.0,0.0,0.0,7.642149976302387,7.642149976302387,0.0,0.0
id_reference,A5_train_seed_3,50074,57,57,False,57,34,0,2.1648699532975404,9.52571997071544,123.3975873379598,-2.842170943040401e-14,1.0,1.0,0.0,0.0,7.747148094039335,7.747148094039335,0.0,0.0
id_reference,A5_train_seed_3,50075,250,250,False,250,47,0,1.5313245268503757,10.579421621416257,382.8311317125939,-2.1316282072803006e-14,1.0,1.0,0.0,0.0,9.412568417014322,9.412568417014322,0.0,0.0
id_reference,A5_train_seed_3,50076,250,250,False,250,250,3,8.166624824005087,33.976621052789426,2041.6562060012718,-1.4210854715202004e-14,1.0,1.0,0.0,0.0,9.177983885578033,9.177983885578033,0.0,0.0
id_reference,A5_train_seed_3,50077,250,250,False,250,15,2,0.26678931532734845,7.775898533784603,66.69732883183711,-1.4210854715202004e-14,1.0,1.0,0.0,0.0,3.1116730311003815,3.1116730311003815,0.0,0.0
id_reference,A5_train_seed_3,50078,70,70,False,70,39,0,4.204658904010395,9.624889721511432,294.32612328072764,-2.842170943040401e-14,1.0,1.0,0.0,0.0,8.468968048451456,8.468968048451456,0.0,0.0
id_reference,A5_train_seed_3,50079,250,250,False,250,69,28,5.116277837322272,32.51225477791281,1279.069459330568,-1.4210854715202004e-14,1.0,1.0,0.0,0.0,4.226199428350256,4.226199428350256,0.0,0.0
id_reference,A5_train_seed_3,50080,250,250,False,250,67,0,2.3682512903924096,20.045276058562976,592.0628225981023,-4.263256414560601e-14,1.0,1.0,0.0,0.0,5.708217688034281,5.708217688034281,0.0,0.0
id_reference,A5_train_seed_3,50081,66,66,False,66,19,0,1.3352633442049509,9.79519513586194,88.12738071752676,-3.552713678800501e-14,1.0,1.0,0.0,0.0,4.116875267767292,4.116875267767292,0.0,0.0
id_reference,A5_train_seed_3,50082,250,250,False,250,126,0,2.1725920638597445,13.808083153667056,543.1480159649361,-2.842170943040401e-14,1.0,1.0,0.0,0.0,6.745868575982136,6.745868575982136,0.0,0.0
id_reference,A5_train_seed_3,50083,76,76,False,76,59,0,5.704005414711628,20.43725917383605,433.50441151808377,-4.263256414560601e-14,1.0,1.0,0.0,0.0,5.243068772054518,5.243068772054518,0.0,0.0
id_reference,A5_train_seed_3,50084,250,250,False,250,17,0,0.6126642710687047,21.620511717186663,153.16606776717617,-2.1316282072803006e-14,1.0,1.0,0.0,0.0,2.240256716360741,2.240256716360741,0.0,0.0
id_reference,A5_train_seed_3,50085,250,250,False,250,247,0,7.867273857131213,20.331428438795616,1966.8184642828032,-2.842170943040401e-14,1.0,1.0,0.0,0.0,8.58938710885268,8.58938710885268,0.0,0.0
id_reference,A5_train_seed_3,50086,68,68,False,68,15,0,5.113456003139029,30.856971352396148,347.715008213454,-1.4210854715202004e-14,1.0,1.0,0.0,0.0,4.230143576839845,4.230143576839845,0.0,0.0
id_reference,A5_train_seed_3,50087,250,250,False,250,31,0,0.816970385007853,10.470169102786478,204.24259625196325,-2.842170943040401e-14,1.0,1.0,0.0,0.0,5.684334400923665,5.684334400923665,0.0,0.0
id_reference,A5_train_seed_3,50088,250,250,False,250,248,0,10.550922151170806,31.60204108268733,2637.7305377927014,-2.842170943040401e-14,1.0,1.0,0.0,0.0,5.199016063064441,5.199016063064441,0.0,0.0
id_reference,A5_train_seed_3,50089,62,62,False,62,46,0,3.4989204312392683,9.236985901830597,216.93306673683463,-1.4210854715202004e-14,1.0,1.0,0.0,0.0,7.147425962695258,7.147425962695258,0.0,0.0
id_reference,A5_train_seed_3,50090,76,76,False,76,31,0,9.435170264188265,34.43136706930688,717.0729400783082,-2.1316282072803006e-14,1.0,1.0,0.0,0.0,6.659014723789938,6.659014723789938,0.0,0.0
id_reference,A5_train_seed_3,50091,250,250,False,250,249,0,9.877564524507706,14.391347347254582,2469.3911311269267,-4.263256414560601e-14,1.0,1.0,0.0,0.0,8.266309239158298,8.266309239158298,0.0,0.0
id_reference,A5_train_seed_3,50092,250,250,False,250,62,0,1.0807260398838803,9.64578612154557,270.18150997097007,-1.4210854715202004e-14,1.0,1.0,0.0,0.0,5.517787475592384,5.517787475592384,0.0,0.0
id_reference,A5_train_seed_3,50093,250,250,False,250,241,0,10.755448108648539,33.09128019811628,2688.862027162135,-1.7763568394002505e-14,1.0,1.0,0.0,0.0,9.635731477489863,9.635731477489863,0.0,0.0
id_reference,A5_train_seed_3,50094,49,49,False,49,19,0,2.128738242267105,8.343815233693018,104.30817387108814,-4.973799150320701e-14,1.0,1.0,0.0,0.0,7.048276542989676,7.048276542989676,0.0,0.0
id_reference,A5_train_seed_3,50095,51,51,False,51,31,0,4.481973076464797,10.15154013376449,228.58062689970467,-2.842170943040401e-14,1.0,1.0,0.0,0.0,8.241309697028733,8.241309697028733,0.0,0.0
id_reference,A5_train_seed_3,50096,114,114,False,114,24,0,3.7845695662322583,21.246263746651763,431.44093055047745,-4.973799150320701e-14,1.0,1.0,0.0,0.0,7.510244485244354,7.510244485244354,0.0,0.0
id_reference,A5_train_seed_3,50097,250,250,False,250,246,0,2.7860371449038386,8.678806158926694,696.5092862259596,-5.684341886080802e-14,1.0,1.0,0.0,0.0,7.769293981826959,7.769293981826959,0.0,0.0
id_reference,A5_train_seed_3,50098,67,67,False,67,33,0,10.099302444197278,34.13528979441362,676.6532637612177,-2.1316282072803006e-14,1.0,1.0,0.0,0.0,5.418370880083835,5.418370880083835,0.0,0.0
id_reference,A5_train_seed_3,50099,250,250,False,250,247,0,4.969353862707574,10.216039654759175,1242.3384656768935,-2.842170943040401e-14,1.0,1.0,0.0,0.0,9.3902721236437,9.3902721236437,0.0,0.0
ood_compound,A5_train_seed_3,50000,250,250,False,250,250,0,7.085422121018507,14.055144301084198,1771.3555302546267,-7.105427357601002e-14,1.0,1.0,0.0,0.0,7.9384359699449245,7.9384359699449245,0.0,0.0
ood_compound,A5_train_seed_3,50001,250,250,False,250,220,0,5.546018325839328,27.126875025331252,1386.504581459832,-2.842170943040401e-14,1.0,1.0,0.0,0.0,7.63666608987916,7.63666608987916,0.0,0.0
ood_compound,A5_train_seed_3,50002,250,250,False,250,250,0,8.155054026924772,17.30384425614239,2038.763506731193,-5.684341886080802e-14,1.0,1.0,0.0,0.0,9.19705649027892,9.19705649027892,0.0,0.0
ood_compound,A5_train_seed_3,50003,55,56,True,55,50,4,13.716791450733504,38.88339008715604,768.1403212410762,-404.8129815558709,1.0,1.0,0.0,0.0,8.239595641913485,8.239595641913485,0.0,0.0
ood_compound,A5_train_seed_3,50004,250,250,False,250,147,44,9.112436461964526,29.564496703362025,2278.1091154911314,-5.684341886080802e-14,1.0,1.0,0.0,0.0,7.665455832799905,7.665455832799905,0.0,0.0
ood_compound,A5_train_seed_3,50005,250,250,False,250,246,0,6.5411590233146555,19.67353166147459,1635.2897558286638,-2.842170943040401e-14,1.0,1.0,0.0,0.0,9.878847550597886,9.878847550597886,0.0,0.0
ood_compound,A5_train_seed_3,50006,250,250,False,250,116,0,5.734591612524626,19.961026820714256,1433.6479031311565,-5.3290705182007514e-14,1.0,1.0,0.0,0.0,7.624155214994457,7.624155214994457,0.0,0.0
ood_compound,A5_train_seed_3,50007,58,59,True,58,56,3,13.903136022074285,47.99604341174493,820.2850253023828,-42.08052764399025,1.0,1.0,0.0,0.0,6.921970660165347,6.921970660165347,0.0,0.0
ood_compound,A5_train_seed_3,50008,250,250,False,250,226,4,7.622129907441752,29.15475269536797,1905.532476860438,-5.684341886080802e-14,1.0,1.0,0.0,0.0,8.807840398618598,8.807840398618598,0.0,0.0
ood_compound,A5_train_seed_3,50009,250,250,False,250,162,0,12.20157336228024,29.331396178282485,3050.39334057006,-2.842170943040401e-14,1.0,1.0,0.0,0.0,6.425637951011795,6.425637951011795,0.0,0.0
ood_compound,A5_train_seed_3,50010,250,250,False,250,67,0,3.7960755692544015,20.17776926589196,949.0188923136004,-2.1316282072803006e-14,1.0,1.0,0.0,0.0,7.678679990615391,7.678679990615391,0.0,0.0
ood_compound,A5_train_seed_3,50011,250,250,False,250,55,0,1.7676980685516328,16.78667252764683,441.9245171379082,-2.842170943040401e-14,1.0,1.0,0.0,0.0,8.102947924373654,8.102947924373654,0.0,0.0
ood_compound,A5_train_seed_3,50012,176,176,False,176,101,0,7.734619790221658,25.405167892959955,1361.293083079012,-4.263256414560601e-14,1.0,1.0,0.0,0.0,7.009450433584902,7.009450433584902,0.0,0.0
ood_compound,A5_train_seed_3,50013,250,250,False,250,250,0,15.119395242469698,16.90656208857522,3779.8488106174245,-9.947598300641403e-14,1.0,1.0,0.0,0.0,11.212749551736675,11.212749551736675,0.0,0.0
ood_compound,A5_train_seed_3,50014,250,250,False,250,244,0,7.632632760248598,24.832528126830585,1908.1581900621495,-2.842170943040401e-14,1.0,1.0,0.0,0.0,9.038722067904352,9.038722067904352,0.0,0.0
ood_compound,A5_train_seed_3,50015,250,250,False,250,148,0,8.423179152877543,32.036989915347434,2105.7947882193857,-2.842170943040401e-14,1.0,1.0,0.0,0.0,8.293520671281339,8.293520671281339,0.0,0.0
ood_compound,A5_train_seed_3,50016,250,250,False,250,205,0,14.803004713246635,31.197724572378988,3700.751178311659,-3.552713678800501e-14,1.0,1.0,0.0,0.0,7.290166065342778,7.290166065342778,0.0,0.0
ood_compound,A5_train_seed_3,50017,250,250,False,250,233,2,7.62653362273855,26.119664566226387,1906.6334056846374,-4.263256414560601e-14,1.0,1.0,0.0,0.0,8.70992616033406,8.70992616033406,0.0,0.0
ood_compound,A5_train_seed_3,50018,250,250,False,250,248,0,18.129366982873712,31.674334327270444,4532.341745718428,-8.526512829121202e-14,1.0,1.0,0.0,0.0,7.977075831604523,7.977075831604523,0.0,0.0
ood_compound,A5_train_seed_3,50019,250,250,False,250,250,0,16.70380957025372,18.396440963096346,4175.95239256343,-7.105427357601002e-14,1.0,1.0,0.0,0.0,9.709815680079064,9.709815680079064,0.0,0.0
ood_compound,A5_train_seed_3,50020,250,250,False,250,250,0,15.35411028957908,19.337733023064864,3838.52757239477,-7.105427357601002e-14,1.0,1.0,0.0,0.0,10.03840914694144,10.03840914694144,0.0,0.0
ood_compound,A5_train_seed_3,50021,250,250,False,250,250,0,12.096673408063511,24.29844729640983,3024.1683520158776,-7.105427357601002e-14,1.0,1.0,0.0,0.0,8.625626950943088,8.625626950943088,0.0,0.0
ood_compound,A5_train_seed_3,50022,250,250,False,250,102,0,3.8686198361720416,30.131695483104735,967.1549590430104,-2.1316282072803006e-14,1.0,1.0,0.0,0.0,7.790424475440759,7.790424475440759,0.0,0.0
ood_compound,A5_train_seed_3,50023,250,250,False,250,138,0,3.3584630805062976,23.092435793515516,839.6157701265744,-2.842170943040401e-14,1.0,1.0,0.0,0.0,7.495730919149015,7.495730919149015,0.0,0.0
ood_compound,A5_train_seed_3,50024,250,250,False,250,150,0,5.856584945229781,24.12468314022319,1464.1462363074454,-2.842170943040401e-14,1.0,1.0,0.0,0.0,7.143471723689263,7.143471723689263,0.0,0.0
ood_compound,A5_train_seed_3,50025,250,250,False,250,93,1,3.5420728479225065,23.542867105466932,885.5182119806267,-5.684341886080802e-14,1.0,1.0,0.0,0.0,7.720770733856743,7.720770733856743,0.0,0.0
ood_compound,A5_train_seed_3,50026,250,250,False,250,249,3,7.274811493041663,15.17236806074689,1818.7028732604158,-7.105427357601002e-14,1.0,1.0,0.0,0.0,8.135319920770627,8.135319920770627,0.0,0.0
ood_compound,A5_train_seed_3,50027,250,250,False,250,85,0,3.8395356389715447,25.03659291448716,959.8839097428862,-2.842170943040401e-14,1.0,1.0,0.0,0.0,7.879395777820981,7.879395777820981,0.0,0.0
ood_compound,A5_train_seed_3,50028,250,250,False,250,142,0,5.4369085558903265,28.523600959103412,1359.2271389725815,-2.1316282072803006e-14,1.0,1.0,0.0,0.0,8.092119793364649,8.092119793364649,0.0,0.0
ood_compound,A5_train_seed_3,50029,250,250,False,250,250,0,17.56814436711574,25.353323492240563,4392.036091778935,-2.842170943040401e-14,1.0,1.0,0.0,0.0,7.0695547754395465,7.0695547754395465,0.0,0.0
ood_compound,A5_train_seed_3,50030,250,250,False,250,211,0,3.616020310916541,21.550620617919062,904.0050777291353,-5.684341886080802e-14,1.0,1.0,0.0,0.0,7.360120299908552,7.360120299908552,0.0,0.0
ood_compound,A5_train_seed_3,50031,250,250,False,250,246,0,5.784828554086815,23.119674563097455,1446.2071385217037,-4.263256414560601e-14,1.0,1.0,0.0,0.0,9.000639341951771,9.000639341951771,0.0,0.0
ood_compound,A5_train_seed_3,50032,250,250,False,250,90,0,7.143158771303643,31.939587280725362,1785.7896928259106,-1.4210854715202004e-14,1.0,1.0,0.0,0.0,7.98263882633231,7.98263882633231,0.0,0.0
ood_compound,A5_train_seed_3,50033,250,250,False,250,250,0,13.107189637838117,23.77576106464693,3276.7974094595293,-3.552713678800501e-14,1.0,1.0,0.0,0.0,10.835107863937811,10.835107863937811,0.0,0.0
ood_compound,A5_train_seed_3,50034,250,250,False,250,250,0,13.927204371744665,27.05150744450077,3481.8010929361662,-4.263256414560601e-14,1.0,1.0,0.0,0.0,8.596172800544718,8.596172800544718,0.0,0.0
ood_compound,A5_train_seed_3,50035,250,250,False,250,250,0,8.555342375326891,21.560291017681216,2138.8355938317227,-5.684341886080802e-14,1.0,1.0,0.0,0.0,8.94699250964738,8.94699250964738,0.0,0.0
ood_compound,A5_train_seed_3,50036,250,250,False,250,250,0,20.18501591990712,31.751993490388077,5046.25397997678,-5.684341886080802e-14,1.0,1.0,0.0,0.0,8.032500282442308,8.032500282442308,0.0,0.0
ood_compound,A5_train_seed_3,50037,250,250,False,250,250,0,26.75711746462061,31.732134969729632,6689.279366155152,-2.842170943040401e-14,1.0,1.0,0.0,0.0,8.36351567052121,8.36351567052121,0.0,0.0
ood_compound,A5_train_seed_3,50038,250,250,False,250,246,0,6.7478814611671165,20.81599077744641,1686.9703652917792,-8.526512829121202e-14,1.0,1.0,0.0,0.0,8.704304452097963,8.704304452097963,0.0,0.0
ood_compound,A5_train_seed_3,50039,250,250,False,250,250,0,16.14236581702644,27.6592952341517,4035.5914542566106,-7.105427357601002e-14,1.0,1.0,0.0,0.0,8.261382595599416,8.261382595599416,0.0,0.0
ood_compound,A5_train_seed_3,50040,250,250,False,250,223,0,6.00304026342966,20.951837342203078,1500.760065857415,-5.684341886080802e-14,1.0,1.0,0.0,0.0,8.348287510160077,8.348287510160077,0.0,0.0
ood_compound,A5_train_seed_3,50041,250,250,False,250,137,0,4.610577623033735,29.239239846533756,1152.6444057584338,-2.842170943040401e-14,1.0,1.0,0.0,0.0,7.231059695183906,7.231059695183906,0.0,0.0
ood_compound,A5_train_seed_3,50042,250,250,False,250,245,0,6.750616669414548,14.332662639421867,1687.654167353637,-2.842170943040401e-14,1.0,1.0,0.0,0.0,7.924332099529915,7.924332099529915,0.0,0.0
ood_compound,A5_train_seed_3,50043,250,250,False,250,250,0,10.820486499484364,12.367989716270776,2705.121624871091,-9.947598300641403e-14,1.0,1.0,0.0,0.0,10.025454029230827,10.025454029230827,0.0,0.0
ood_compound,A5_train_seed_3,50044,250,250,False,250,250,0,26.938847842618866,31.005025052133373,6734.711960654717,-1.1368683772161603e-13,1.0,1.0,0.0,0.0,8.756315781080218,8.756315781080218,0.0,0.0
ood_compound,A5_train_seed_3,50045,250,250,False,250,250,0,15.051655293135598,18.41695761804866,3762.9138232838995,-2.842170943040401e-14,1.0,1.0,0.0,0.0,8.039905738315642,8.039905738315642,0.0,0.0
ood_compound,A5_train_seed_3,50046,250,250,False,250,72,0,4.234839560804228,31.055662657370405,1058.709890201057,-2.1316282072803006e-14,1.0,1.0,0.0,0.0,7.946976490432424,7.946976490432424,0.0,0.0
ood_compound,A5_train_seed_3,50047,250,250,False,250,250,0,9.18949855449663,17.95013585142726,2297.374638624158,-4.263256414560601e-14,1.0,1.0,0.0,0.0,11.02177788661045,11.02177788661045,0.0,0.0
ood_compound,A5_train_seed_3,50048,250,250,False,250,77,0,2.555594336570233,17.846948186939827,638.8985841425583,-5.684341886080802e-14,1.0,1.0,0.0,0.0,7.609306518969388,7.609306518969388,0.0,0.0
ood_compound,A5_train_seed_3,50049,250,250,False,250,234,0,15.221811509625654,22.19166329159278,3805.452877406414,-1.2079226507921703e-13,1.0,1.0,0.0,0.0,9.650326985780005,9.650326985780005,0.0,0.0
ood_compound,A5_train_seed_3,50050,250,250,False,250,246,0,7.333733129724653,23.08661167504101,1833.4332824311632,-2.842170943040401e-14,1.0,1.0,0.0,0.0,9.124012981935085,9.124012981935085,0.0,0.0
ood_compound,A5_train_seed_3,50051,250,250,False,250,247,0,10.509213104446722,17.018222832158994,2627.3032761116806,-1.4210854715202004e-14,1.0,1.0,0.0,0.0,8.436611857130774,8.436611857130774,0.0,0.0
ood_compound,A5_train_seed_3,50052,250,250,False,250,246,0,9.393351903979744,32.96417546711412,2348.3379759949357,-4.263256414560601e-14,1.0,1.0,0.0,0.0,7.678843006761274,7.678843006761274,0.0,0.0
ood_compound,A5_train_seed_3,50053,250,250,False,250,115,0,7.547450516295102,30.188305318230842,1886.8626290737755,-2.1316282072803006e-14,1.0,1.0,0.0,0.0,7.497428443003357,7.497428443003357,0.0,0.0
ood_compound,A5_train_seed_3,50054,250,250,False,250,225,0,4.774053415054805,21.19016304124607,1193.5133537637012,-2.842170943040401e-14,1.0,1.0,0.0,0.0,8.194374057950474,8.194374057950474,0.0,0.0
ood_compound,A5_train_seed_3,50055,250,250,False,250,113,0,8.404170632423302,32.51826070915056,2101.0426581058255,-2.1316282072803006e-14,1.0,1.0,0.0,0.0,8.353202975941837,8.353202975941837,0.0,0.0
ood_compound,A5_train_seed_3,50056,250,250,False,250,24,0,0.3334254509739986,7.625909986751821,83.35636274349966,-2.842170943040401e-14,1.0,1.0,0.0,0.0,8.564210187378933,8.564210187378933,0.0,0.0
ood_compound,A5_train_seed_3,50057,250,250,False,250,214,0,16.52852503964005,29.983992150471078,4132.131259910013,-8.526512829121202e-14,1.0,1.0,0.0,0.0,8.628628026122914,8.628628026122914,0.0,0.0
ood_compound,A5_train_seed_3,50058,250,250,False,250,126,0,9.16453889895535,28.3984027512963,2291.1347247388376,-2.842170943040401e-14,1.0,1.0,0.0,0.0,7.4478260257431215,7.4478260257431215,0.0,0.0
ood_compound,A5_train_seed_3,50059,250,250,False,250,250,0,8.097824361087461,21.863019691793294,2024.4560902718654,-2.842170943040401e-14,1.0,1.0,0.0,0.0,7.77141734954903,7.77141734954903,0.0,0.0
ood_compound,A5_train_seed_3,50060,250,250,False,250,250,0,15.356306341483664,16.035131900856893,3839.0765853709163,-8.526512829121202e-14,1.0,1.0,0.0,0.0,8.446082079127958,8.446082079127958,0.0,0.0
ood_compound,A5_train_seed_3,50061,250,250,False,250,183,0,9.56919078721897,30.404332434687706,2392.2976968047424,-2.842170943040401e-14,1.0,1.0,0.0,0.0,7.9699624219007905,7.9699624219007905,0.0,0.0
ood_compound,A5_train_seed_3,50062,250,250,False,250,246,2,3.815689652075354,16.949088510313697,953.9224130188385,-1.4210854715202004e-14,1.0,1.0,0.0,0.0,8.108762668717151,8.108762668717151,0.0,0.0
ood_compound,A5_train_seed_3,50063,250,250,False,250,250,0,20.51482020029954,31.707715955913503,5128.705050074885,-6.394884621840902e-14,1.0,1.0,0.0,0.0,10.00536326256298,10.00536326256298,0.0,0.0
ood_compound,A5_train_seed_3,50064,250,250,False,250,250,0,22.349445151590487,27.40659570359672,5587.361287897622,-9.947598300641403e-14,1.0,1.0,0.0,0.0,9.35030656336364,9.35030656336364,0.0,0.0
ood_compound,A5_train_seed_3,50065,250,250,False,250,69,0,2.0919516519948003,12.704781458638209,522.9879129987,-2.842170943040401e-14,1.0,1.0,0.0,0.0,9.023334820657212,9.023334820657212,0.0,0.0
ood_compound,A5_train_seed_3,50066,250,250,False,250,250,0,17.829074638753518,23.32160841833384,4457.26865968838,-7.105427357601002e-14,1.0,1.0,0.0,0.0,8.535378125274566,8.535378125274566,0.0,0.0
ood_compound,A5_train_seed_3,50067,250,250,False,250,250,0,8.47783281678235,26.947172739630545,2119.4582041955873,-4.263256414560601e-14,1.0,1.0,0.0,0.0,8.936857283005173,8.936857283005173,0.0,0.0
ood_compound,A5_train_seed_3,50068,128,128,False,128,114,0,4.124720102899905,9.804829353170735,527.9641731711879,-4.263256414560601e-14,1.0,1.0,0.0,0.0,8.65345046614724,8.65345046614724,0.0,0.0
ood_compound,A5_train_seed_3,50069,250,250,False,250,151,0,5.4640338026331445,28.07243055891418,1366.0084506582862,-2.1316282072803006e-14,1.0,1.0,0.0,0.0,6.743586168341006,6.743586168341006,0.0,0.0
ood_compound,A5_train_seed_3,50070,250,250,False,250,243,0,4.258683157717531,8.709513904829407,1064.6707894293827,-4.263256414560601e-14,1.0,1.0,0.0,0.0,5.9885306581676705,5.9885306581676705,0.0,0.0
ood_compound,A5_train_seed_3,50071,250,250,False,250,250,0,23.746772478133302,31.045730115893935,5936.693119533325,-1.1368683772161603e-13,1.0,1.0,0.0,0.0,8.88087879360794,8.88087879360794,0.0,0.0
ood_compound,A5_train_seed_3,50072,250,250,False,250,244,0,8.48631255791482,16.029970637137783,2121.578139478705,-7.105427357601002e-14,1.0,1.0,0.0,0.0,7.775954751584144,7.775954751584144,0.0,0.0
ood_compound,A5_train_seed_3,50073,250,250,False,250,242,0,7.368953269994984,23.009988390952344,1842.238317498746,-4.263256414560601e-14,1.0,1.0,0.0,0.0,9.057925216408533,9.057925216408533,0.0,0.0
ood_compound,A5_train_seed_3,50074,250,250,False,250,250,0,7.351754479879792,13.678385349086028,1837.938619969948,-7.105427357601002e-14,1.0,1.0,0.0,0.0,9.311183876228432,9.311183876228432,0.0,0.0
ood_compound,A5_train_seed_3,50075,250,250,False,250,245,0,11.720291127237383,30.87761838270129,2930.0727818093455,-4.263256414560601e-14,1.0,1.0,0.0,0.0,10.290567604222746,10.290567604222746,0.0,0.0
ood_compound,A5_train_seed_3,50076,36,37,True,36,31,4,14.475192307663095,33.44967361217749,535.5821153835345,-207.9250158447696,1.0,1.0,0.0,0.0,7.907539931093199,7.907539931093199,0.0,0.0
ood_compound,A5_train_seed_3,50077,250,250,False,250,77,0,2.5305340992637513,16.8204469646798,632.6335248159378,-2.842170943040401e-14,1.0,1.0,0.0,0.0,5.743715141605398,5.743715141605398,0.0,0.0
ood_compound,A5_train_seed_3,50078,250,250,False,250,250,0,18.704300284160954,29.884949252532046,4676.075071040239,-5.684341886080802e-14,1.0,1.0,0.0,0.0,7.8110404504400615,7.8110404504400615,0.0,0.0
ood_compound,A5_train_seed_3,50079,250,250,False,250,240,0,11.047474388599895,31.788317239075578,2761.8685971499735,-2.842170943040401e-14,1.0,1.0,0.0,0.0,8.86385705109026,8.86385705109026,0.0,0.0
ood_compound,A5_train_seed_3,50080,250,250,False,250,199,2,5.0064642234430075,20.045276058562976,1251.6160558607519,-2.842170943040401e-14,1.0,1.0,0.0,0.0,8.419714671704751,8.419714671704751,0.0,0.0
ood_compound,A5_train_seed_3,50081,250,250,False,250,160,0,2.910382847159375,16.31258858557179,727.5957117898437,-5.684341886080802e-14,1.0,1.0,0.0,0.0,7.508238294713039,7.508238294713039,0.0,0.0
ood_compound,A5_train_seed_3,50082,116,116,False,116,59,0,5.454887908201964,19.570335656383573,632.7669973514278,-1.4210854715202004e-14,1.0,1.0,0.0,0.0,7.479245854657022,7.479245854657022,0.0,0.0
ood_compound,A5_train_seed_3,50083,250,250,False,250,225,0,7.990055355987556,20.43725917383605,1997.513838996889,-1.1368683772161603e-13,1.0,1.0,0.0,0.0,7.724069909582889,7.724069909582889,0.0,0.0
ood_compound,A5_train_seed_3,50084,250,250,False,250,250,0,21.810103561952396,27.607187701624785,5452.525890488099,-2.842170943040401e-14,1.0,1.0,0.0,0.0,6.206962563701434,6.206962563701434,0.0,0.0
ood_compound,A5_train_seed_3,50085,250,250,False,250,243,0,7.62898661711768,20.331428438795616,1907.24665427942,-2.842170943040401e-14,1.0,1.0,0.0,0.0,8.103281325959916,8.103281325959916,0.0,0.0
ood_compound,A5_train_seed_3,50086,250,250,False,250,239,42,15.427966366812283,33.472964337423335,3856.9915917030708,-3.552713678800501e-14,1.0,1.0,0.0,0.0,7.856990496129386,7.856990496129386,0.0,0.0
ood_compound,A5_train_seed_3,50087,250,250,False,250,189,0,7.598736804730455,16.5207999969607,1899.6842011826138,-4.263256414560601e-14,1.0,1.0,0.0,0.0,8.729377328093946,8.729377328093946,0.0,0.0
ood_compound,A5_train_seed_3,50088,250,250,False,250,243,0,12.01129833991386,31.580341859963497,3002.8245849784653,-2.842170943040401e-14,1.0,1.0,0.0,0.0,9.549704191192413,9.549704191192413,0.0,0.0
ood_compound,A5_train_seed_3,50089,250,250,False,250,212,0,2.392028633074848,9.236985901830597,598.007158268712,-4.263256414560601e-14,1.0,1.0,0.0,0.0,7.434399988571715,7.434399988571715,0.0,0.0
ood_compound,A5_train_seed_3,50090,250,250,False,250,144,0,11.552705862212724,33.852242708911476,2888.176465553181,-1.7763568394002505e-14,1.0,1.0,0.0,0.0,7.209862894618138,7.209862894618138,0.0,0.0
ood_compound,A5_train_seed_3,50091,250,250,False,250,233,0,8.414163335492791,16.797065168171322,2103.5408338731977,-7.105427357601002e-14,1.0,1.0,0.0,0.0,8.241539689719737,8.241539689719737,0.0,0.0
ood_compound,A5_train_seed_3,50092,250,250,False,250,234,2,6.063015918041236,22.42177926445078,1515.753979510309,-4.973799150320701e-14,1.0,1.0,0.0,0.0,7.823013801072226,7.823013801072226,0.0,0.0
ood_compound,A5_train_seed_3,50093,250,250,False,250,222,3,10.008795256454109,32.86528687266337,2502.198814113527,-5.684341886080802e-14,1.0,1.0,0.0,0.0,8.94110386185167,8.94110386185167,0.0,0.0
ood_compound,A5_train_seed_3,50094,250,250,False,250,69,0,2.7992505920826716,12.702177343122472,699.8126480206679,-2.1316282072803006e-14,1.0,1.0,0.0,0.0,9.862082469039011,9.862082469039011,0.0,0.0
ood_compound,A5_train_seed_3,50095,176,176,False,176,103,0,5.702675202763242,17.833680001222792,1003.6708356863305,-4.973799150320701e-14,1.0,1.0,0.0,0.0,8.240315568332006,8.240315568332006,0.0,0.0
ood_compound,A5_train_seed_3,50096,250,250,False,250,153,6,8.150650318824578,23.16055338713212,2037.6625797061447,-1.4210854715202004e-13,1.0,1.0,0.0,0.0,9.022229445672272,9.022229445672272,0.0,0.0
ood_compound,A5_train_seed_3,50097,250,250,False,250,244,4,5.948978112072631,10.416484547310326,1487.2445280181576,-5.684341886080802e-14,1.0,1.0,0.0,0.0,8.233100280609106,8.233100280609106,0.0,0.0
ood_compound,A5_train_seed_3,50098,250,250,False,250,232,11,15.298181725986943,36.04202147033665,3824.5454314967355,-3.552713678800501e-14,1.0,1.0,0.0,0.0,8.406358164007804,8.406358164007804,0.0,0.0
ood_compound,A5_train_seed_3,50099,250,250,False,250,241,4,7.424443404960895,20.52060719710656,1856.1108512402238,-2.842170943040401e-14,1.0,1.0,0.0,0.0,8.568060769271188,8.568060769271188,0.0,0.0
motor_fault,A5_train_seed_3,50000,250,250,False,250,169,0,4.885723840711313,28.311285183355086,1221.4309601778282,-5.684341886080802e-14,1.0,1.0,0.0,0.0,7.656078665784087,7.656078665784087,0.0,0.0
motor_fault,A5_train_seed_3,50001,250,250,False,250,198,0,3.9078935875844873,21.86998246425178,976.9733968961218,-2.842170943040401e-14,1.0,1.0,0.0,0.0,6.94910215259625,6.94910215259625,0.0,0.0
motor_fault,A5_train_seed_3,50002,250,250,False,250,238,1,10.209469730769738,29.839500120429733,2552.3674326924347,-5.684341886080802e-14,1.0,1.0,0.0,0.0,7.277699180753637,7.277699180753637,0.0,0.0
motor_fault,A5_train_seed_3,50003,250,250,False,250,75,0,2.6681964612226894,19.455557104377313,667.0491153056723,-2.1316282072803006e-14,1.0,1.0,0.0,0.0,8.260387688762545,8.260387688762545,0.0,0.0
motor_fault,A5_train_seed_3,50004,250,250,False,250,29,0,1.665346730839382,27.965708963780017,416.3366827098455,-2.842170943040401e-14,1.0,1.0,0.0,0.0,4.131195442833743,4.131195442833743,0.0,0.0
motor_fault,A5_train_seed_3,50005,94,94,False,94,60,0,6.606638508254945,28.66303464866189,621.0240197759648,-2.842170943040401e-14,1.0,1.0,0.0,0.0,7.392281588666235,7.392281588666235,0.0,0.0
motor_fault,A5_train_seed_3,50006,250,250,False,250,42,0,1.352788373762586,14.241093701109955,338.19709344064654,-6.394884621840902e-14,1.0,1.0,0.0,0.0,3.4873629975462883,3.4873629975462883,0.0,0.0
motor_fault,A5_train_seed_3,50007,250,250,False,250,23,0,1.4122031126540413,20.59551167944062,353.0507781635103,-1.4210854715202004e-14,1.0,1.0,0.0,0.0,6.54964718206553,6.54964718206553,0.0,0.0
motor_fault,A5_train_seed_3,50008,250,250,False,250,226,0,6.595171829747336,25.367428553067775,1648.792957436834,-5.684341886080802e-14,1.0,1.0,0.0,0.0,9.352965848433447,9.352965848433447,0.0,0.0
motor_fault,A5_train_seed_3,50009,250,250,False,250,247,0,15.4559566319289,31.08069784676616,3863.989157982225,-3.552713678800501e-14,1.0,1.0,0.0,0.0,7.488617748419921,7.488617748419921,0.0,0.0
motor_fault,A5_train_seed_3,50010,250,250,False,250,27,0,1.0138910432350516,17.673200739762837,253.4727608087629,-7.105427357601002e-15,1.0,1.0,0.0,0.0,8.435222672118742,8.435222672118742,0.0,0.0
motor_fault,A5_train_seed_3,50011,250,250,False,250,1,0,0.013877872467041016,3.469468116760254,3.469468116760254,0.0,1.0,1.0,0.0,0.0,8.116876753507704,8.116876753507704,0.0,0.0
motor_fault,A5_train_seed_3,50012,91,91,False,91,28,0,3.0854949746716103,23.806371629540497,280.78004269511655,-2.1316282072803006e-14,1.0,1.0,0.0,0.0,4.638488052169696,4.638488052169696,0.0,0.0
motor_fault,A5_train_seed_3,50013,250,250,False,250,33,0,2.010607019791863,17.244909122812917,502.65175494796574,-6.394884621840902e-14,1.0,1.0,0.0,0.0,8.76788948882488,8.76788948882488,0.0,0.0
motor_fault,A5_train_seed_3,50014,250,250,False,250,244,1,5.885262059695328,13.410187979444474,1471.3155149238319,-4.263256414560601e-14,1.0,1.0,0.0,0.0,8.6086774697633,8.6086774697633,0.0,0.0
motor_fault,A5_train_seed_3,50015,250,250,False,250,63,3,3.46490464476811,30.521742964684087,866.2261611920276,-2.1316282072803006e-14,1.0,1.0,0.0,0.0,8.948918338364209,8.948918338364209,0.0,0.0
motor_fault,A5_train_seed_3,50016,250,250,False,250,247,0,20.259263339906198,31.331698949278014,5064.81583497655,-2.1316282072803006e-14,1.0,1.0,0.0,0.0,8.894037641541878,8.894037641541878,0.0,0.0
motor_fault,A5_train_seed_3,50017,250,250,False,250,240,0,5.537416610866623,13.541356998040612,1384.3541527166558,-4.263256414560601e-14,1.0,1.0,0.0,0.0,9.174585371605408,9.174585371605408,0.0,0.0
motor_fault,A5_train_seed_3,50018,56,57,True,56,56,5,25.4430791215682,40.23488811836626,1450.2555099293875,-48.45215961646097,1.0,1.0,0.0,0.0,9.012277092338834,9.012277092338834,0.0,0.0
motor_fault,A5_train_seed_3,50019,250,250,False,250,250,176,17.068934510452863,18.946424090326836,4267.2336276132155,-2.842170943040401e-14,1.0,1.0,0.0,0.0,8.117215310143163,8.117215310143163,0.0,0.0
motor_fault,A5_train_seed_3,50020,250,250,False,250,233,0,4.967139373292334,11.764613414139774,1241.7848433230836,-5.684341886080802e-14,1.0,1.0,0.0,0.0,8.805455129612755,8.805455129612755,0.0,0.0
motor_fault,A5_train_seed_3,50021,250,250,False,250,59,0,0.5911205659452978,8.662429646105416,147.78014148632445,-3.552713678800501e-14,1.0,1.0,0.0,0.0,8.194193856272232,8.194193856272232,0.0,0.0
motor_fault,A5_train_seed_3,50022,250,250,False,250,29,0,1.799299649875538,30.131695483104735,449.8249124688845,-2.1316282072803006e-14,1.0,1.0,0.0,0.0,8.213726389003861,8.213726389003861,0.0,0.0
motor_fault,A5_train_seed_3,50023,250,250,False,250,43,0,1.2993212201875788,23.092435793515516,324.8303050468947,-2.842170943040401e-14,1.0,1.0,0.0,0.0,6.102735792859212,6.102735792859212,0.0,0.0
motor_fault,A5_train_seed_3,50024,250,250,False,250,68,0,0.8445909598768759,4.266754566189817,211.14773996921897,-2.842170943040401e-14,1.0,1.0,0.0,0.0,7.772884363020788,7.772884363020788,0.0,0.0
motor_fault,A5_train_seed_3,50025,250,250,False,250,221,0,3.6009202419326867,13.795735490883846,900.2300604831717,-2.842170943040401e-14,1.0,1.0,0.0,0.0,7.346250122752452,7.346250122752452,0.0,0.0
motor_fault,A5_train_seed_3,50026,250,250,False,250,232,4,8.112334966577922,30.56670108250132,2028.0837416444804,-4.263256414560601e-14,1.0,1.0,0.0,0.0,7.897032796519403,7.897032796519403,0.0,0.0
motor_fault,A5_train_seed_3,50027,250,250,False,250,19,0,0.33834970435400635,7.049584093085299,84.58742608850159,-2.842170943040401e-14,1.0,1.0,0.0,0.0,3.646889628031351,3.646889628031351,0.0,0.0
motor_fault,A5_train_seed_3,50028,250,250,False,250,26,0,1.758133021351237,28.5315052665187,439.53325533780924,-2.1316282072803006e-14,1.0,1.0,0.0,0.0,7.257486297066838,7.257486297066838,0.0,0.0
motor_fault,A5_train_seed_3,50029,250,250,False,250,75,0,3.8044876061774464,21.77991794924177,951.1219015443615,-1.4210854715202004e-14,1.0,1.0,0.0,0.0,8.040035365908569,8.040035365908569,0.0,0.0
motor_fault,A5_train_seed_3,50030,250,250,False,250,186,2,2.3406319889251446,20.556160787514678,585.1579972312861,-2.842170943040401e-14,1.0,1.0,0.0,0.0,6.551095915084065,6.551095915084065,0.0,0.0
motor_fault,A5_train_seed_3,50031,94,94,False,94,43,0,3.681888626231554,23.119674563097455,346.0975308657661,-2.842170943040401e-14,1.0,1.0,0.0,0.0,5.989536662885482,5.989536662885482,0.0,0.0
motor_fault,A5_train_seed_3,50032,250,250,False,250,28,0,2.405830361185469,32.92115322479363,601.4575902963672,-2.1316282072803006e-14,1.0,1.0,0.0,0.0,8.352240889124591,8.352240889124591,0.0,0.0
motor_fault,A5_train_seed_3,50033,37,37,False,37,11,0,1.1722235151458211,6.901097296837835,43.37227006039538,-2.1316282072803006e-14,1.0,1.0,0.0,0.0,8.314477828347068,8.314477828347068,0.0,0.0
motor_fault,A5_train_seed_3,50034,250,250,False,250,243,0,11.645263154162853,32.366234647878116,2911.315788540713,-5.684341886080802e-14,1.0,1.0,0.0,0.0,8.266152086304366,8.266152086304366,0.0,0.0
motor_fault,A5_train_seed_3,50035,250,250,False,250,250,0,6.597769003354373,9.269878153713517,1649.4422508385933,-5.684341886080802e-14,1.0,1.0,0.0,0.0,8.370552500032463,8.370552500032463,0.0,0.0
motor_fault,A5_train_seed_3,50036,250,250,False,250,168,0,7.286959543304518,32.097224048008925,1821.7398858261295,-4.263256414560601e-14,1.0,1.0,0.0,0.0,8.10086559543395,8.10086559543395,0.0,0.0
motor_fault,A5_train_seed_3,50037,250,250,False,250,160,0,4.220779068806232,25.210129980475685,1055.194767201558,-4.263256414560601e-14,1.0,1.0,0.0,0.0,5.556329704235862,5.556329704235862,0.0,0.0
motor_fault,A5_train_seed_3,50038,250,250,False,250,237,0,4.742825423171174,14.530977574699296,1185.7063557927936,-2.842170943040401e-14,1.0,1.0,0.0,0.0,8.057053107795943,8.057053107795943,0.0,0.0
motor_fault,A5_train_seed_3,50039,215,215,False,215,173,0,9.478225326611764,31.853300638157013,2037.8184452215291,-5.684341886080802e-14,1.0,1.0,0.0,0.0,8.31596566952055,8.31596566952055,0.0,0.0
motor_fault,A5_train_seed_3,50040,250,250,False,250,72,0,1.5701903125474668,11.477109830851502,392.5475781368667,-5.684341886080802e-14,1.0,1.0,0.0,0.0,6.714586557425463,6.714586557425463,0.0,0.0
motor_fault,A5_train_seed_3,50041,250,250,False,250,18,0,1.1172821529581933,28.0695015084428,279.32053823954834,-1.4210854715202004e-14,1.0,1.0,0.0,0.0,5.2714420224334555,5.2714420224334555,0.0,0.0
motor_fault,A5_train_seed_3,50042,250,250,False,250,48,0,0.5198490653921606,6.823948299392042,129.96226634804015,-1.4210854715202004e-14,1.0,1.0,0.0,0.0,5.300894212195286,5.300894212195286,0.0,0.0
motor_fault,A5_train_seed_3,50043,35,35,False,35,18,0,3.0555642551794726,7.973706877555343,106.94474893128154,-3.552713678800501e-14,1.0,1.0,0.0,0.0,9.445272156353903,9.445272156353903,0.0,0.0
motor_fault,A5_train_seed_3,50044,250,250,False,250,37,0,1.9428597479584528,22.369697595790157,485.7149369896132,-2.1316282072803006e-14,1.0,1.0,0.0,0.0,3.4443536314951464,3.4443536314951464,0.0,0.0
motor_fault,A5_train_seed_3,50045,250,250,False,250,250,25,14.56470979520291,17.848439840045913,3641.1774488007277,-2.1316282072803006e-14,1.0,1.0,0.0,0.0,7.976887746510409,7.976887746510409,0.0,0.0
motor_fault,A5_train_seed_3,50046,250,250,False,250,21,0,0.973520109978644,18.68114025794465,243.380027494661,-1.4210854715202004e-14,1.0,1.0,0.0,0.0,7.191782533817965,7.191782533817965,0.0,0.0
motor_fault,A5_train_seed_3,50047,250,250,False,250,21,0,0.5156120955964779,8.864171793059423,128.9030238991195,-1.5987211554602254e-14,1.0,1.0,0.0,0.0,5.994747647628537,5.994747647628537,0.0,0.0
motor_fault,A5_train_seed_3,50048,250,250,False,250,68,0,1.4408079360252688,9.6947495893527,360.2019840063172,-4.263256414560601e-14,1.0,1.0,0.0,0.0,7.751714783038363,7.751714783038363,0.0,0.0
motor_fault,A5_train_seed_3,50049,250,250,False,250,38,0,1.4666938794998357,18.541646726413862,366.6734698749589,-4.973799150320701e-14,1.0,1.0,0.0,0.0,8.090806909631182,8.090806909631182,0.0,0.0
motor_fault,A5_train_seed_3,50050,250,250,False,250,231,0,3.9725701154383812,15.659544830043297,993.1425288595954,-2.1316282072803006e-14,1.0,1.0,0.0,0.0,8.42380172251015,8.42380172251015,0.0,0.0
motor_fault,A5_train_seed_3,50051,250,250,False,250,249,0,9.798251818712046,16.65405805763013,2449.5629546780115,-1.4210854715202004e-14,1.0,1.0,0.0,0.0,8.409413970309059,8.409413970309059,0.0,0.0
motor_fault,A5_train_seed_3,50052,250,250,False,250,214,161,10.404599419386967,31.658092983610125,2601.1498548467416,-5.684341886080802e-14,1.0,1.0,0.0,0.0,7.8357761457974,7.8357761457974,0.0,0.0
motor_fault,A5_train_seed_3,50053,250,250,False,250,26,0,1.7427714169554458,24.2274103388806,435.69285423886146,-2.1316282072803006e-14,1.0,1.0,0.0,0.0,6.328865102106635,6.328865102106635,0.0,0.0
motor_fault,A5_train_seed_3,50054,250,250,False,250,222,0,2.9194373827752407,19.11097599266173,729.8593456938102,-4.263256414560601e-14,1.0,1.0,0.0,0.0,7.563395160515322,7.563395160515322,0.0,0.0
motor_fault,A5_train_seed_3,50055,250,250,False,250,212,0,14.5161801949627,32.770977264740985,3629.045048740675,-2.842170943040401e-14,1.0,1.0,0.0,0.0,8.937793792258667,8.937793792258667,0.0,0.0
motor_fault,A5_train_seed_3,50056,250,250,False,250,10,0,0.19107771549328734,7.625909986751821,47.769428873321836,-2.842170943040401e-14,1.0,1.0,0.0,0.0,6.640461400756571,6.640461400756571,0.0,0.0
motor_fault,A5_train_seed_3,50057,58,58,False,58,27,0,5.258993709129982,17.929715484275025,305.02163512953894,-3.197442310920451e-14,1.0,1.0,0.0,0.0,8.028865298386714,8.028865298386714,0.0,0.0
motor_fault,A5_train_seed_3,50058,250,250,False,250,52,0,2.524801814458632,22.7547509419936,631.200453614658,-1.7763568394002505e-14,1.0,1.0,0.0,0.0,7.8389463802816515,7.8389463802816515,0.0,0.0
motor_fault,A5_train_seed_3,50059,250,250,False,250,250,0,6.839155398934692,9.23246961790156,1709.788849733673,-5.684341886080802e-14,1.0,1.0,0.0,0.0,8.880094975829829,8.880094975829829,0.0,0.0
motor_fault,A5_train_seed_3,50060,102,102,False,102,47,0,4.325312830261126,17.83176953644433,441.18190868663487,-2.1316282072803006e-14,1.0,1.0,0.0,0.0,7.8717198180224575,7.8717198180224575,0.0,0.0
motor_fault,A5_train_seed_3,50061,250,250,False,250,20,0,0.239454818913936,4.828244571558023,59.863704728484,-4.263256414560601e-14,1.0,1.0,0.0,0.0,8.30494126145272,8.30494126145272,0.0,0.0
motor_fault,A5_train_seed_3,50062,94,94,False,94,76,0,4.550180949386503,15.13216669947094,427.7170092423313,-5.684341886080802e-14,1.0,1.0,0.0,0.0,7.8132833903853784,7.8132833903853784,0.0,0.0
motor_fault,A5_train_seed_3,50063,250,250,False,250,173,0,3.541795992644899,8.011527163021656,885.4489981612248,-4.263256414560601e-14,1.0,1.0,0.0,0.0,8.525594301575502,8.525594301575502,0.0,0.0
motor_fault,A5_train_seed_3,50064,250,250,False,250,17,0,0.647046441716715,13.559550638728044,161.76161042917875,-1.7763568394002505e-14,1.0,1.0,0.0,0.0,4.495777780776014,4.495777780776014,0.0,0.0
motor_fault,A5_train_seed_3,50065,250,250,False,250,48,0,0.5151522159019523,8.637705086141484,128.78805397548805,-4.973799150320701e-14,1.0,1.0,0.0,0.0,7.648592936113309,7.648592936113309,0.0,0.0
motor_fault,A5_train_seed_3,50066,250,250,False,250,250,127,16.076426918483516,32.26080629418913,4019.1067296208794,-8.526512829121202e-14,1.0,1.0,0.0,0.0,7.391639009321304,7.391639009321304,0.0,0.0
motor_fault,A5_train_seed_3,50067,82,82,False,82,62,0,3.055418789197457,9.655597478823811,250.5443407141915,-2.1316282072803006e-14,1.0,1.0,0.0,0.0,9.330673087298024,9.330673087298024,0.0,0.0
motor_fault,A5_train_seed_3,50068,250,250,False,250,21,0,0.49334860315244317,9.808855374270664,123.33715078811079,-2.842170943040401e-14,1.0,1.0,0.0,0.0,5.357462195700073,5.357462195700073,0.0,0.0
motor_fault,A5_train_seed_3,50069,250,250,False,250,25,0,1.354132130018204,28.045498574390898,338.53303250455104,-2.1316282072803006e-14,1.0,1.0,0.0,0.0,5.0894421885207395,5.0894421885207395,0.0,0.0
motor_fault,A5_train_seed_3,50070,250,250,False,250,110,0,1.203585428209348,7.252346512592178,300.896357052337,-4.263256414560601e-14,1.0,1.0,0.0,0.0,5.955604926317839,5.955604926317839,0.0,0.0
motor_fault,A5_train_seed_3,50071,41,41,False,41,14,0,2.931074960117933,16.083103898396658,120.17407336483525,-2.842170943040401e-14,1.0,1.0,0.0,0.0,6.066107230182284,6.066107230182284,0.0,0.0
motor_fault,A5_train_seed_3,50072,250,250,False,250,209,0,7.799614494266833,16.029970637137783,1949.9036235667081,-9.947598300641403e-14,1.0,1.0,0.0,0.0,7.624398973719848,7.624398973719848,0.0,0.0
motor_fault,A5_train_seed_3,50073,250,250,False,250,229,0,4.992106483505944,17.65456388639931,1248.026620876486,-2.842170943040401e-14,1.0,1.0,0.0,0.0,8.130455922769446,8.130455922769446,0.0,0.0
motor_fault,A5_train_seed_3,50074,250,250,False,250,250,0,6.364284093454977,9.52571997071544,1591.0710233637442,-4.263256414560601e-14,1.0,1.0,0.0,0.0,8.77207018352608,8.77207018352608,0.0,0.0
motor_fault,A5_train_seed_3,50075,250,250,False,250,230,5,5.87997617047024,10.750943779067704,1469.99404261756,-4.263256414560601e-14,1.0,1.0,0.0,0.0,8.208307020538188,8.208307020538188,0.0,0.0
motor_fault,A5_train_seed_3,50076,39,40,True,39,38,4,19.50284896774862,33.976621052789426,780.1139587099448,-93.0500737254803,1.0,1.0,0.0,0.0,8.101043680886534,8.101043680886534,0.0,0.0
motor_fault,A5_train_seed_3,50077,250,250,False,250,15,2,0.26678931532734845,7.775898533784603,66.69732883183711,-1.4210854715202004e-14,1.0,1.0,0.0,0.0,3.2272307776539337,3.2272307776539337,0.0,0.0
motor_fault,A5_train_seed_3,50078,250,250,False,250,234,0,9.546396361968696,30.596397419185436,2386.599090492174,-4.263256414560601e-14,1.0,1.0,0.0,0.0,8.210790285771624,8.210790285771624,0.0,0.0
motor_fault,A5_train_seed_3,50079,250,250,False,250,250,164,20.00609084584469,32.51225477791281,5001.522711461173,-1.4210854715202004e-14,1.0,1.0,0.0,0.0,8.02332691455188,8.02332691455188,0.0,0.0
motor_fault,A5_train_seed_3,50080,250,250,False,250,159,0,2.571991958572825,20.045276058562976,642.9979896432062,-2.842170943040401e-14,1.0,1.0,0.0,0.0,7.443581042122605,7.443581042122605,0.0,0.0
motor_fault,A5_train_seed_3,50081,250,250,False,250,40,0,0.49092878754304525,9.79519513586194,122.73219688576131,-3.552713678800501e-14,1.0,1.0,0.0,0.0,4.949788777654519,4.949788777654519,0.0,0.0
motor_fault,A5_train_seed_3,50082,42,42,False,42,18,0,1.8614613243625642,13.808083153667056,78.1813756232277,-2.842170943040401e-14,1.0,1.0,0.0,0.0,5.846993215836821,5.846993215836821,0.0,0.0
motor_fault,A5_train_seed_3,50083,93,93,False,93,55,0,4.635165180899452,20.43725917383605,431.07036182364897,-4.263256414560601e-14,1.0,1.0,0.0,0.0,5.8625638074887245,5.8625638074887245,0.0,0.0
motor_fault,A5_train_seed_3,50084,43,43,False,43,17,0,3.562001575980841,21.620511717186663,153.16606776717617,-2.1316282072803006e-14,1.0,1.0,0.0,0.0,6.338846617107233,6.338846617107233,0.0,0.0
motor_fault,A5_train_seed_3,50085,250,250,False,250,226,0,6.646412014041684,20.331428438795616,1661.603003510421,-2.842170943040401e-14,1.0,1.0,0.0,0.0,7.794682773012443,7.794682773012443,0.0,0.0
motor_fault,A5_train_seed_3,50086,66,66,False,66,15,0,5.268409215355363,30.856971352396148,347.715008213454,-1.4210854715202004e-14,1.0,1.0,0.0,0.0,4.131040638281089,4.131040638281089,0.0,0.0
motor_fault,A5_train_seed_3,50087,250,250,False,250,49,0,1.0305050416463426,10.470169102786478,257.62626041158563,-2.842170943040401e-14,1.0,1.0,0.0,0.0,6.7871883779413436,6.7871883779413436,0.0,0.0
motor_fault,A5_train_seed_3,50088,250,250,False,250,248,9,10.979818747788565,31.60204108268733,2744.9546869471415,-2.842170943040401e-14,1.0,1.0,0.0,0.0,8.028257404774918,8.028257404774918,0.0,0.0
motor_fault,A5_train_seed_3,50089,250,250,False,250,103,0,1.3489420336479736,9.236985901830597,337.2355084119934,-2.842170943040401e-14,1.0,1.0,0.0,0.0,7.256194235170187,7.256194235170187,0.0,0.0
motor_fault,A5_train_seed_3,50090,250,250,False,250,34,177,3.0178747581098007,34.43136706930688,754.4686895274501,-2.1316282072803006e-14,1.0,1.0,0.0,0.0,9.608770527983015,9.608770527983015,0.0,0.0
motor_fault,A5_train_seed_3,50091,250,250,False,250,215,14,9.2381384289905,15.260141145330985,2309.534607247625,-4.263256414560601e-14,1.0,1.0,0.0,0.0,7.7558748458703155,7.7558748458703155,0.0,0.0
motor_fault,A5_train_seed_3,50092,250,250,False,250,197,7,5.118745452224017,30.073588770511368,1279.6863630560042,-4.973799150320701e-14,1.0,1.0,0.0,0.0,7.3910129453993685,7.3910129453993685,0.0,0.0
motor_fault,A5_train_seed_3,50093,42,43,True,42,42,4,19.802106543811366,34.79286845959561,851.4905813838888,-24.789608458541437,1.0,1.0,0.0,0.0,7.2377069053439405,7.2377069053439405,0.0,0.0
motor_fault,A5_train_seed_3,50094,36,36,False,36,19,0,2.8974492741968927,8.343815233693018,104.30817387108814,-4.973799150320701e-14,1.0,1.0,0.0,0.0,9.303435307492954,9.303435307492954,0.0,0.0
motor_fault,A5_train_seed_3,50095,94,94,False,94,34,0,2.5865213192642718,10.15154013376449,243.13300401084155,-2.842170943040401e-14,1.0,1.0,0.0,0.0,8.18967477429414,8.18967477429414,0.0,0.0
motor_fault,A5_train_seed_3,50096,250,250,False,250,27,0,1.7538646725104194,21.246263746651763,438.4661681276049,-4.973799150320701e-14,1.0,1.0,0.0,0.0,7.497824154998094,7.497824154998094,0.0,0.0
motor_fault,A5_train_seed_3,50097,250,250,False,250,212,6,6.107282338894409,28.49171722324687,1526.8205847236022,-4.263256414560601e-14,1.0,1.0,0.0,0.0,8.040399992752848,8.040399992752848,0.0,0.0
motor_fault,A5_train_seed_3,50098,64,64,False,64,41,0,10.841133281261296,34.13528979441362,693.832530000723,-2.1316282072803006e-14,1.0,1.0,0.0,0.0,5.334853508592246,5.334853508592246,0.0,0.0
motor_fault,A5_train_seed_3,50099,250,250,False,250,228,11,9.69078687594118,41.44216032913498,2422.696718985295,-5.684341886080802e-14,1.0,1.0,0.0,0.0,8.705873335458067,8.705873335458067,0.0,0.0
id_reference,A6_train_seed_3,50000,250,250,False,250,0,0,0.0,0.0,0.0,3.581350094980621,0.10008532099401592,0.1,2.961019165868569,5.397497151252277,10.133840031085239,1.0140595000741413,3.968333122253418,3.985280752182007
id_reference,A6_train_seed_3,50001,250,250,False,250,43,0,1.5937006121774207,21.804669754565353,398.42515304435517,-2.1316282072803006e-14,0.1,0.1,4.753467640268779,10.980964167275445,9.380695765709442,0.9380695765709443,3.9673217067718505,3.986442804336548
id_reference,A6_train_seed_3,50002,250,250,False,250,21,0,0.09765808325756319,1.9079105424553044,24.414520814390798,-7.105427357601002e-15,0.14550133611276939,0.1,1.783873833977615,6.202012244514474,7.7459475585623006,1.1228795915417293,3.968646465301514,3.985853910446167
id_reference,A6_train_seed_3,50003,250,250,False,250,39,0,2.4891566717248015,27.12371279444187,622.2891679312004,-2.1316282072803006e-14,0.1,0.1,10.407483964692732,14.851782226882293,7.803341966143925,0.7803341966143926,3.968256265640259,3.986690044403076
id_reference,A6_train_seed_3,50004,250,250,False,250,33,0,1.1076903748407152,20.5133226846948,276.9225937101788,-2.842170943040401e-14,0.1001902750678648,0.1,6.921746211340611,10.465128336800849,10.18729953274797,1.0204029992744832,3.9705065507888793,3.98716402053833
id_reference,A6_train_seed_3,50005,250,250,False,250,40,0,0.9082676196760108,21.338787430706933,227.0669049190027,-2.842170943040401e-14,0.1,0.1,3.537104957738673,11.031216756608972,7.908987536302404,0.7908987536302404,3.9680886182785033,3.9855353832244873
id_reference,A6_train_seed_3,50006,250,250,False,250,20,0,0.21126204158369183,3.701569361555726,52.815510395922956,-2.1316282072803006e-14,0.10041736812251392,0.1,3.795860902360546,7.0428382097999345,8.710912516116027,0.8756050925554874,3.9698200979232787,3.987020254135132
id_reference,A6_train_seed_3,50007,250,250,False,250,34,0,2.132484716031652,28.311139646630668,533.121179007913,-1.4210854715202004e-14,0.1,0.1,8.595256645787941,9.848210794996508,8.787519570693924,0.8787519570693922,3.9696739110946657,3.9859468936920166
id_reference,A6_train_seed_3,50008,250,250,False,250,55,0,0.5854458716002872,21.716770394518363,146.3614679000718,-2.842170943040401e-14,0.10047585208975272,0.1,3.146078478179989,11.559266462334362,8.663314843411598,0.8711510401653664,3.9680132856369017,3.985645294189453
id_reference,A6_train_seed_3,50009,250,250,False,250,43,21,3.0068679909650644,25.40753315748521,751.7169977412661,-1.4210854715202004e-14,0.10017049124542736,0.1,6.300149760868342,12.779034186383731,10.329295827393846,1.0343727008780568,3.9696414613723756,3.986185073852539
id_reference,A6_train_seed_3,50010,250,250,False,250,19,0,1.5112628756653392,26.10689074744678,377.8157189163348,-7.105427357601002e-15,0.1,0.1,7.28831288914942,9.03831581761072,7.596614141358365,0.7596614141358365,3.9697408599853516,3.986034870147705
id_reference,A6_train_seed_3,50011,250,250,False,250,0,0,0.0,0.0,0.0,0.7688675403594942,0.10261788173315026,0.1,3.176856655970013,6.917161418000063,7.3706042421211135,0.7562607032952209,3.969021728515625,3.9859278202056885
id_reference,A6_train_seed_3,50012,50,50,False,50,15,0,2.9865968327778556,15.126837213379735,149.3298416388928,-2.1316282072803006e-14,0.10257904544287001,0.1,3.9063566743652847,7.183349692233972,8.44649578680295,0.8700097496769861,3.905836400985718,3.9870119094848633
id_reference,A6_train_seed_3,50013,250,250,False,250,40,0,3.2097677923240444,23.795113637956153,802.4419480810111,-2.842170943040401e-14,0.1,0.1,9.82626067055582,12.652443772786352,10.084814813432713,1.0084814813432716,3.969113265991211,3.9861161708831787
id_reference,A6_train_seed_3,50014,250,250,False,250,65,0,0.8510386241332583,20.61601953402469,212.75965603331457,-4.263256414560601e-14,0.1,0.1,5.133159364781783,11.29028919639196,10.59372566752729,1.059372566752729,3.967548466682434,3.9852044582366943
id_reference,A6_train_seed_3,50015,250,250,False,250,38,0,1.9458793576687625,23.83826387951873,486.46983941719066,-2.1316282072803006e-14,0.1,0.1,7.971183226742353,9.226165639183963,10.218633620346202,1.0218633620346202,3.970738938331604,3.9870409965515137
id_reference,A6_train_seed_3,50016,250,250,False,250,43,0,2.879404220146087,24.667514860881564,719.8510550365218,-1.4210854715202004e-14,0.1,0.1,8.855729290649014,11.009902599818858,9.199212307041762,0.9199212307041762,3.970462274551392,3.9869186878204346
id_reference,A6_train_seed_3,50017,250,250,False,250,40,0,0.3955620672816883,21.120073427538856,98.89051682042208,-1.4210854715202004e-14,0.1013507686130198,0.1,3.145990677641999,10.738943525457275,8.390737186069678,0.8506832430065019,3.9681826038360595,3.985285758972168
id_reference,A6_train_seed_3,50018,49,50,True,49,47,0,18.696494285607137,24.53481682650372,934.824714280357,-15.2727539969353,0.09999999999999998,0.1,5.734946790002854,8.7151467580014,8.192301080259613,0.8192301080259614,3.9046961307525634,3.9853882789611816
id_reference,A6_train_seed_3,50019,250,250,False,250,59,0,5.004388222691798,25.121380910674088,1251.0970556729494,-1.4210854715202004e-14,0.1002221648770065,0.1,7.4052202343072695,13.646458338150836,10.309583746959579,1.0328553122797266,3.9692605113983155,3.985980749130249
id_reference,A6_train_seed_3,50020,250,250,False,250,7,0,0.04634915092170043,2.8249584833107027,11.587287730425107,-2.1316282072803006e-14,0.10399918773830862,0.1,4.371096989994814,6.776962605713875,8.41812705614284,0.8843226356560312,3.968741276741028,3.9848029613494873
id_reference,A6_train_seed_3,50021,250,250,False,250,0,0,0.0,0.0,0.0,3.363852543605212,0.10185143317328718,0.1,3.733192732945908,5.012984912699934,9.288213087113958,0.9456382881320299,3.9688348445892334,3.9856739044189453
id_reference,A6_train_seed_3,50022,250,250,False,250,29,0,1.9028634717719048,25.600226372950146,475.7158679429762,-2.1316282072803006e-14,0.1,0.1,7.650778577008317,9.032401611535336,10.306062249002567,1.0306062249002568,3.970572757720947,3.9867351055145264
id_reference,A6_train_seed_3,50023,250,250,False,250,34,0,0.9561411682106611,22.030865916544254,239.03529205266528,-1.4210854715202004e-14,0.10099644414471988,0.1,3.7984669399385482,11.37089609054414,8.283845064658104,0.8373094590466699,3.967419325828552,3.9860382080078125
id_reference,A6_train_seed_3,50024,250,250,False,250,0,0,0.0,0.0,0.0,9.525209087383224,0.1,0.1,4.109293244467264,4.916559560668836,7.789636291082976,0.7789636291082979,3.968813186645508,3.9860122203826904
id_reference,A6_train_seed_3,50025,250,250,False,250,40,1,1.357191967750061,19.499284057214457,339.29799193751523,-1.4210854715202004e-14,0.1149761433778483,0.1,2.9288286306121227,10.242884473189624,8.180834836718198,0.9344683369961067,3.967848559379578,3.9872171878814697
id_reference,A6_train_seed_3,50026,250,250,False,250,97,0,0.4136464892673616,3.2188430056268826,103.4116223168404,-2.842170943040401e-14,0.11367187871892233,0.1,2.4028843910784325,7.689489806946144,8.876502916724476,1.002485445542992,3.968066125869751,3.9855570793151855
id_reference,A6_train_seed_3,50027,37,37,False,37,23,0,1.1364004627969473,8.113213239249964,42.04681712348705,-1.4210854715202004e-14,0.10016541693036866,0.1,4.92641938079064,11.159784067775853,7.433904770019264,0.7448901403946312,3.877982912836848,3.987342596054077
id_reference,A6_train_seed_3,50028,250,250,False,250,25,0,1.6091303814312898,27.0763169476099,402.28259535782246,-2.1316282072803006e-14,0.1,0.1,5.9232801177100685,10.587842620875135,10.501205692757418,1.0501205692757418,3.9707472820281984,3.9868240356445312
id_reference,A6_train_seed_3,50029,250,250,False,250,38,0,3.093834715050185,27.159769749146655,773.4586787625462,-1.4210854715202004e-14,0.1,0.1,6.445196671209815,11.472935448226284,9.638380545469104,0.9638380545469106,3.9691240940093993,3.9855926036834717
id_reference,A6_train_seed_3,50030,250,250,False,250,29,0,0.765905285077733,21.433633965903294,191.47632126943327,-4.263256414560601e-14,0.1,0.1,4.346401637720112,11.113966162341349,8.978476807839561,0.8978476807839562,3.9675226573944093,3.9862358570098877
id_reference,A6_train_seed_3,50031,250,250,False,250,31,0,1.0497075042485149,22.653776445636296,262.4268760621287,-2.842170943040401e-14,0.10023254146751945,0.1,3.6133837579327444,12.402282549015348,4.626327011016024,0.4645969102539413,3.967964645385742,3.985844612121582
id_reference,A6_train_seed_3,50032,250,250,False,250,23,0,1.7829601367551833,25.89910748559443,445.74003418879585,-2.1316282072803006e-14,0.10000349626830743,0.1,7.701578298484933,9.927835044592493,10.767296649845864,1.0767607801723156,3.970335747718811,3.986701011657715
id_reference,A6_train_seed_3,50033,250,250,False,250,0,0,0.0,0.0,0.0,10.921330075944987,0.10014638265802585,0.1,3.692417897803585,5.173921726439768,9.065286746060107,0.9075336060710458,3.968820333480835,3.985434055328369
id_reference,A6_train_seed_3,50034,250,250,False,250,19,0,0.056470778964900825,1.4450765670543495,14.117694741225206,-2.1316282072803006e-14,0.13924185678180856,0.1,1.9328396642488137,6.023263630547374,7.919481081093891,1.1053684630366651,3.9687249450683595,3.9856855869293213
id_reference,A6_train_seed_3,50035,250,250,False,250,30,0,0.08632463957509003,1.5177896834129756,21.581159893772508,-1.4210854715202004e-14,0.13170199189133786,0.1,2.344473502847931,7.582981453967665,8.287171066489174,1.0879012639339263,3.9684218721389772,3.985715627670288
id_reference,A6_train_seed_3,50036,250,250,False,250,33,0,0.2326797846250016,3.2622526158967426,58.169946156250404,-3.552713678800501e-14,0.10109941576500497,0.1,3.381487721934157,5.03796432545745,6.792818431342867,0.6899649066456892,3.9701076889038087,3.9871912002563477
id_reference,A6_train_seed_3,50037,250,250,False,250,23,0,1.030568629874459,16.428143205045323,257.64215746861476,-2.1316282072803006e-14,0.10097914725698316,0.1,4.6216510542292655,8.071619118605156,8.980062046424578,0.9062542204399925,3.9707626123428343,3.9871654510498047
id_reference,A6_train_seed_3,50038,250,250,False,250,49,0,1.1154090320032657,21.330871646494334,278.85225800081645,-2.842170943040401e-14,0.1,0.1,4.778350665908819,12.201663834890812,10.38883985254996,1.0388839852549958,3.967423056602478,3.986149549484253
id_reference,A6_train_seed_3,50039,250,250,False,250,25,0,0.07029558174955343,0.9952531890692203,17.57389543738836,-4.973799150320701e-14,0.10208262902930404,0.1,3.2884888034672026,5.068931933488905,9.533024392047238,0.9749979698315806,3.968948480606079,3.985705852508545
id_reference,A6_train_seed_3,50040,99,99,False,99,16,0,0.7233336485995836,18.715100318838346,71.61003121135877,-4.263256414560601e-14,0.15672573810004864,0.1,2.720823202664723,10.257664918754392,6.701170993944491,1.0844396799917952,3.944708819341178,3.9865167140960693
id_reference,A6_train_seed_3,50041,250,250,False,250,17,0,1.0328190354740654,25.93783229031334,258.20475886851636,-1.4210854715202004e-14,0.1,0.1,5.094583684251034,9.343503634916557,10.339674194477423,1.0339674194477422,3.970606707572937,3.9867303371429443
id_reference,A6_train_seed_3,50042,54,54,False,54,15,0,0.4204188310518961,7.808104200337796,22.702616876802388,-2.1316282072803006e-14,0.1354121702354068,0.1,3.099558551082772,8.248076972751063,8.022243663188526,1.0965196143666385,3.911198616027832,3.9860141277313232
id_reference,A6_train_seed_3,50043,250,250,False,250,0,0,0.0,0.0,0.0,1.3845375061092255,0.10195657661766308,0.1,3.90516099067262,4.177667194638451,8.598509776358126,0.8805555366131443,3.9690009727478026,3.985123634338379
id_reference,A6_train_seed_3,50044,250,250,False,250,26,0,1.2281015050128832,16.12557620372979,307.02537625322077,-2.1316282072803006e-14,0.10056172760394844,0.1,5.1783509822702944,8.278539224357926,10.27931049383482,1.0333953439128252,3.9706584129333495,3.9870805740356445
id_reference,A6_train_seed_3,50045,250,250,False,250,69,25,4.752809280435045,24.486920521529342,1188.2023201087613,-2.842170943040401e-14,0.10000506488755173,0.1,7.612933430906491,18.6161727823673,10.21053096397057,1.0211005425167121,3.969564101219177,3.9862654209136963
id_reference,A6_train_seed_3,50046,62,62,False,62,18,0,5.75635956735221,27.070940448621048,356.89429317583705,-1.4210854715202004e-14,0.09999999999999996,0.1,6.699530138184288,9.672337093664954,8.377796280165917,0.8377796280165919,3.9209599456479474,3.985975980758667
id_reference,A6_train_seed_3,50047,250,250,False,250,0,0,0.0,0.0,0.0,0.5947306156158447,0.10002679345308602,0.1,4.98476220148217,5.985355712756429,9.13955956013735,0.9142365987037023,3.969254599571228,3.986138105392456
id_reference,A6_train_seed_3,50048,250,250,False,250,29,0,0.4294449908178455,9.656263840280934,107.36124770446138,-1.4210854715202004e-14,0.14646716045431532,0.1,2.0690053378960576,10.306156295766554,9.18313841692491,1.3567954296230613,3.968260277748108,3.986964225769043
id_reference,A6_train_seed_3,50049,250,250,False,250,25,0,1.9977600386264553,25.91642225398569,499.4400096566138,-2.1316282072803006e-14,0.10006997874698909,0.1,7.964162166699677,10.754621580862628,10.073478555035285,1.007904380152246,3.969845871925354,3.9861176013946533
id_reference,A6_train_seed_3,50050,250,250,False,250,51,0,1.184195472524859,21.04292945856063,296.0488681312147,-4.263256414560601e-14,0.1,0.1,4.105865794319692,10.824843700017915,10.197912987160711,1.0197912987160713,3.9675644311904907,3.9855382442474365
id_reference,A6_train_seed_3,50051,250,250,False,250,250,0,3.2908771992350876,20.81834211112166,822.7192998087719,-1.4210854715202004e-14,0.1,0.1,3.8584492819630003,11.543330044488462,8.418167355091548,0.8418167355091548,3.9674468050003053,3.9851458072662354
id_reference,A6_train_seed_3,50052,250,250,False,250,249,0,5.636354916879082,25.695847496522614,1409.0887292197704,-2.4868995751603507e-14,0.1,0.1,5.06953642306997,11.110341227525478,8.049574969673506,0.8049574969673506,3.9666151628494264,3.985747814178467
id_reference,A6_train_seed_3,50053,250,250,False,250,22,0,0.9753290528925291,16.405635058772706,243.8322632231323,-2.1316282072803006e-14,0.1,0.1,5.178017068666304,7.648581734477902,10.355391427204683,1.0355391427204685,3.9708015356063844,3.987096071243286
id_reference,A6_train_seed_3,50054,250,250,False,250,48,0,0.7991497337685108,21.408685102243396,199.7874334421277,-2.842170943040401e-14,0.1,0.1,4.0179389550620614,11.022752828320328,9.097793777876042,0.9097793777876044,3.967598761558533,3.985139846801758
id_reference,A6_train_seed_3,50055,250,250,False,250,37,22,2.4878260820451406,24.88019148563602,621.9565205112851,-2.1316282072803006e-14,0.1,0.1,8.177111967923391,10.98328035354957,9.421478482775507,0.9421478482775508,3.9705752458572388,3.986954689025879
id_reference,A6_train_seed_3,50056,55,55,False,55,0,0,0.0,0.0,0.0,12.31503413858097,0.100517604696556,0.1,3.894123401604542,4.6853020336699185,5.8973583206019,0.5932367969837576,3.9132128715515138,3.9859774112701416
id_reference,A6_train_seed_3,50057,250,250,False,250,22,0,0.5042870045790898,9.191281312511219,126.07175114477245,-2.1316282072803006e-14,0.10025019235567587,0.1,3.854333950527212,6.921806704626211,7.15352977078609,0.7180935079266114,3.9699294109344483,3.9864354133605957
id_reference,A6_train_seed_3,50058,250,250,False,250,30,0,2.535987568690067,27.785712464576033,633.9968921725167,-1.7763568394002505e-14,0.1,0.1,6.044015927716804,11.561400743367138,9.658736076277838,0.965873607627784,3.9696386823654173,3.985891342163086
id_reference,A6_train_seed_3,50059,250,250,False,250,32,0,0.2668395276495483,4.0834738435449704,66.70988191238708,-1.4210854715202004e-14,0.1273819069744996,0.1,2.116484807215702,9.017835622844101,8.855067673981939,1.1293708171931471,3.9685427751541136,3.9856510162353516
id_reference,A6_train_seed_3,50060,250,250,False,250,27,0,2.1420503785201603,24.741533851569013,535.5125946300401,-2.1316282072803006e-14,0.1,0.1,6.518331491251696,10.902295692284865,6.024089639187069,0.6024089639187067,3.9691184425354002,3.9868013858795166
id_reference,A6_train_seed_3,50061,250,250,False,250,0,0,0.0,0.0,0.0,2.428553031756074,0.126249213140933,0.1,1.905155018966676,5.38057900627429,8.79008053344283,1.1237473513289766,3.9687295379638674,3.986084461212158
id_reference,A6_train_seed_3,50062,250,250,False,250,39,0,1.2333006805313205,21.293638426487068,308.3251701328301,-1.4210854715202004e-14,0.10041656239896565,0.1,3.615480691340152,11.248958168053589,9.705960050513422,0.9749584882132619,3.967679141044617,3.986314296722412
id_reference,A6_train_seed_3,50063,250,250,False,250,0,0,0.0,0.0,0.0,6.380472905609601,0.10195409926202302,0.1,4.156465059209619,4.6737071011322975,8.274153037201945,0.8469740519185129,3.968639039039612,3.9851126670837402
id_reference,A6_train_seed_3,50064,250,250,False,250,12,0,0.19945097185096552,6.499058861272467,49.86274296274138,-2.1316282072803006e-14,0.10016534327653955,0.1,4.0853655431319265,6.231794397610964,9.157013208589582,0.9174426784140446,3.9706713209152222,3.9871585369110107
id_reference,A6_train_seed_3,50065,250,250,False,250,3,0,0.0038017086086560405,0.43193921155976356,0.9504271521640101,-7.105427357601002e-15,0.12024660831110717,0.1,2.046039591286029,8.221033921395955,8.2298569067707,0.9878183337753808,3.9686747608184816,3.985893964767456
id_reference,A6_train_seed_3,50066,250,250,False,250,39,0,3.3127625563378915,25.432613751318087,828.1906390844729,-2.842170943040401e-14,0.10012846895542436,0.1,6.4931310559994495,11.917120415140811,10.386016756360801,1.0397608629314878,3.969501784324646,3.986027956008911
id_reference,A6_train_seed_3,50067,250,250,False,250,12,0,0.03463796981304015,1.3576329069366244,8.659492453260036,-1.4210854715202004e-14,0.1249180661913803,0.1,2.1443544206013896,6.645936607853988,8.31727714053775,1.0354864410282898,3.968708882331848,3.9852700233459473
id_reference,A6_train_seed_3,50068,47,47,False,47,7,0,0.04453330070139606,0.776409624364161,2.0930651329656147,-7.105427357601002e-15,0.09999999999999995,0.1,3.373026203729077,4.935997505283325,6.679645312113959,0.667964531211396,3.9005439433645694,3.9856395721435547
id_reference,A6_train_seed_3,50069,250,250,False,250,17,0,1.2995437728801094,26.697648853691103,324.88594322002734,-2.1316282072803006e-14,0.1,0.1,4.650790734821568,11.268490148022844,9.980154194794789,0.9980154194794787,3.9705542192459107,3.986734390258789
id_reference,A6_train_seed_3,50070,250,250,False,250,0,0,0.0,0.0,0.0,11.175932477282675,0.11490795146781063,0.1,2.0082663826419958,4.6424902742327605,10.194007479301522,1.1726080909865608,3.9682869806289673,3.985318183898926
id_reference,A6_train_seed_3,50071,42,42,False,42,8,0,1.0827966515187795,9.754952039293185,45.47745936378874,-2.1316282072803006e-14,0.1008956139840522,0.1,3.6497053865850986,5.396271748774865,8.45271579948061,0.8544928379305569,3.890718210311163,3.986842632293701
id_reference,A6_train_seed_3,50072,250,250,False,250,250,0,3.522962580720019,20.025883382637787,880.7406451800048,-1.4654943925052066e-14,0.1,0.1,4.246476221313992,11.110441871889705,9.957119377229942,0.9957119377229939,3.966655563354492,3.9852731227874756
id_reference,A6_train_seed_3,50073,250,250,False,250,55,0,1.2262624687119819,21.492308556882016,306.5656171779955,-2.842170943040401e-14,0.1,0.1,4.8102731144719675,11.622348026797692,10.380470738088905,1.0380470738088905,3.9673651247024537,3.985534191131592
id_reference,A6_train_seed_3,50074,250,250,False,250,7,0,0.009364125236256363,0.6996914825333531,2.341031309064091,-7.105427357601002e-15,0.17868605673586313,0.1,1.4223965819795734,5.081476148255142,7.934781641421072,1.4210872401896526,3.9685709285736084,3.985384702682495
id_reference,A6_train_seed_3,50075,250,250,False,250,41,0,0.24709107901352836,2.979825907109446,61.77276975338209,-2.842170943040401e-14,0.1,0.1,4.928150770866405,8.118137862500141,9.066443499496563,0.9066443499496564,3.968639175415039,3.985840320587158
id_reference,A6_train_seed_3,50076,34,35,True,34,29,3,12.796138589190235,27.38723097331625,447.8648506216582,-298.60552044518363,0.10000000000000002,0.1,7.979202120174068,13.298968448711095,9.451271117295063,0.9451271117295065,3.8697555405753,3.984489917755127
id_reference,A6_train_seed_3,50077,53,53,False,53,16,3,0.603515530131636,5.720090246357905,31.986323096976705,-2.1316282072803006e-14,0.10105783632888687,0.1,4.008686475675265,10.624961836415844,6.4753855957534645,0.6536017318817016,3.9103918525407897,3.98750376701355
id_reference,A6_train_seed_3,50078,250,250,False,250,22,0,0.03906536913940595,1.1611745311495485,9.766342284851486,-7.105427357601002e-15,0.10024436277503876,0.1,3.728429051358374,7.1191246171344735,9.756339327892931,0.9779918095496111,3.9688684816360476,3.9853765964508057
id_reference,A6_train_seed_3,50079,250,250,False,250,53,18,4.0580135138400895,26.085749346348848,1014.5033784600223,-1.4210854715202004e-14,0.1,0.1,6.433625502861786,11.119087192946903,8.043366065984156,0.8043366065984155,3.7269372477531433,3.9841856956481934
id_reference,A6_train_seed_3,50080,250,250,False,250,43,0,1.4117139475080922,21.364480037411653,352.92848687702303,-2.842170943040401e-14,0.1,0.1,4.178635589412808,12.081094808862375,8.759822775544158,0.8759822775544158,3.967359999656677,3.986100673675537
id_reference,A6_train_seed_3,50081,55,55,False,55,16,0,1.0274045132865464,17.410530880208256,56.507248230760055,-1.4210854715202004e-14,0.1434947576681981,0.1,3.688611181870961,10.558236304955678,6.489026030043055,0.9067956115831898,3.9125168843702838,3.9860384464263916
id_reference,A6_train_seed_3,50082,250,250,False,250,6,0,0.13341281029038657,8.178550635510987,33.35320257259664,-2.842170943040401e-14,0.1,0.1,3.762076773931426,6.1886729300806795,6.137579887470918,0.6137579887470918,3.970622208595276,3.9867429733276367
id_reference,A6_train_seed_3,50083,72,72,False,72,58,0,4.109115511579079,20.004255543069707,295.85631683369365,-1.4210854715202004e-14,0.09999999999999999,0.1,5.770347961097168,11.662981009946598,7.796224509453061,0.7796224509453064,3.9282934168974557,3.985309600830078
id_reference,A6_train_seed_3,50084,44,44,False,44,9,0,1.5597882807060062,13.903658530945656,68.63068435106428,-2.842170943040401e-14,0.10086563035860956,0.1,3.2972685125094343,6.29484175736519,8.039769769876386,0.8118762115073707,3.894929002631794,3.9866764545440674
id_reference,A6_train_seed_3,50085,250,250,False,250,111,0,1.046322563224841,19.988048282316555,261.5806408062102,-1.4210854715202004e-14,0.1,0.1,4.274786887283144,11.636976575616607,9.80744000108667,0.9807440001086672,3.966945004463196,3.985203742980957
id_reference,A6_train_seed_3,50086,79,79,False,79,19,0,4.732847638069231,30.038259681196028,373.8949634074692,-1.4210854715202004e-14,0.09999999999999996,0.1,6.13008146735262,10.677644788529337,7.677604653381265,0.7677604653381266,3.8779586447945125,3.9863321781158447
id_reference,A6_train_seed_3,50087,250,250,False,250,7,0,0.009032216909473114,0.6589707311066323,2.2580542273682784,-4.973799150320701e-14,0.10116666097882442,0.1,3.2486296694424226,6.652591883393902,9.88276126496603,0.999248164227211,3.968918188095093,3.9857561588287354
id_reference,A6_train_seed_3,50088,250,250,False,250,249,0,7.596127658987782,23.802070558498226,1899.0319147469454,-1.4210854715202004e-14,0.1,0.1,4.38539815362538,11.011107621758656,7.743839002632198,0.7743839002632197,3.9682561559677123,3.9855072498321533
id_reference,A6_train_seed_3,50089,250,250,False,250,8,0,0.21862252108114424,17.038833454819443,54.65563027028606,-1.4210854715202004e-14,0.14196618733241,0.1,2.054900726333568,9.559754204760258,8.16980912043983,1.1432939862514724,3.9679858779907224,3.9856951236724854
id_reference,A6_train_seed_3,50090,250,250,False,250,37,33,2.6448875521905073,28.7290564905297,661.2218880476269,-2.1316282072803006e-14,0.1,0.1,6.38296167503992,9.451937890466997,10.266422260742685,1.026642226074269,3.9700054473876953,3.9863264560699463
id_reference,A6_train_seed_3,50091,250,250,False,250,249,0,5.674357899112842,20.362391635104576,1418.5894747782104,-1.4210854715202004e-14,0.1,0.1,4.356402435238218,12.002144599957187,10.325348557373607,1.0325348557373608,3.9665222492218017,3.9849343299865723
id_reference,A6_train_seed_3,50092,250,250,False,250,41,0,0.5619351588524646,6.047024237921979,140.48378971311615,-2.842170943040401e-14,0.11139609970353118,0.1,2.533897218760052,8.802915531751246,7.679936035295177,0.8540742953986028,3.9683847713470457,3.985748767852783
id_reference,A6_train_seed_3,50093,250,250,False,250,249,5,6.963418660479208,26.062569138549947,1740.8546651198021,-2.842170943040401e-14,0.1,0.1,6.644052110214846,13.76668961330943,10.489871522165195,1.0489871522165195,3.9665910816192627,3.9853568077087402
id_reference,A6_train_seed_3,50094,250,250,False,250,0,0,0.0,0.0,0.0,1.3292950116708582,0.10035568199601226,0.1,4.282830839505644,6.418831919101561,9.326895264700328,0.9364184971323671,3.968974988937378,3.985168695449829
id_reference,A6_train_seed_3,50095,250,250,False,250,19,0,0.08690436127736055,1.7741090853157713,21.726090319340138,-2.842170943040401e-14,0.10044902911479639,0.1,3.934823597994402,6.366759608570573,9.008571450063679,0.9052958197209909,3.970752040863037,3.987114906311035
id_reference,A6_train_seed_3,50096,250,250,False,250,37,0,2.2167267148188103,25.92873777949771,554.1816787047026,-1.4210854715202004e-14,0.1,0.1,8.585569792241653,9.921712068430047,9.937021961723282,0.9937021961723282,3.9697281618118287,3.986142635345459
id_reference,A6_train_seed_3,50097,250,250,False,250,47,0,0.19230539778387032,10.92453976876235,48.07634944596758,-4.263256414560601e-14,0.1,0.1,3.9196951576858554,8.450387817007297,9.54853782898788,0.9548537828987883,3.967897035598755,3.9858341217041016
id_reference,A6_train_seed_3,50098,62,62,False,62,26,0,8.766022674540455,29.69857719965128,543.4934058215082,-2.1316282072803006e-14,0.09999999999999996,0.1,6.432730110715196,9.831609278754012,9.8663689866404,0.9866368986640398,3.2972742146061313,3.984745740890503
id_reference,A6_train_seed_3,50099,250,250,False,250,69,0,0.6304256634039026,17.596904905405687,157.60641585097565,-2.842170943040401e-14,0.10009827606777742,0.1,3.949474843900026,11.403292600513291,10.19577945842534,1.0205884958347027,3.9678314142227173,3.985163688659668
ood_compound,A6_train_seed_3,50000,250,250,False,250,135,0,1.469774101759524,12.64036519503431,367.443525439881,-2.842170943040401e-14,0.1001661115582769,0.1,6.900669971735999,10.764292092744752,8.590262778921742,0.8603499439671205,3.96837366771698,3.9856770038604736
ood_compound,A6_train_seed_3,50001,250,250,False,250,77,0,2.934334990837128,21.747971800248326,733.5837477092821,-2.842170943040401e-14,0.10005046384655482,0.1,5.086150660792251,10.980964167275445,9.432302188435273,0.9436652789246611,3.953782073020935,3.9864137172698975
ood_compound,A6_train_seed_3,50002,250,250,False,250,250,0,2.5459051951285,8.311039872237938,636.476298782125,-4.263256414560601e-14,0.10159823081889763,0.1,4.434345713922263,9.04461060849419,10.687153316461032,1.086251648306667,3.968207070350647,3.985992431640625
ood_compound,A6_train_seed_3,50003,58,59,True,58,55,5,18.670711214286122,49.889216026854456,1101.5719616428812,-519.6966726266294,0.09999999999999998,0.1,5.860330444174502,14.124186075597098,8.708713097889548,0.8708713097889551,3.917259753760645,3.986767530441284
ood_compound,A6_train_seed_3,50004,250,250,False,250,140,73,8.524865721349002,27.713502646108054,2131.2164303372506,-2.842170943040401e-14,0.1,0.1,9.919677149644613,19.451715069065642,9.534921510480446,0.9534921510480446,3.969437943458557,3.9873149394989014
ood_compound,A6_train_seed_3,50005,250,250,False,250,81,0,1.7574944040665854,21.338787430706933,439.3736010166464,-4.263256414560601e-14,0.1,0.1,5.45016513173922,11.053336192194294,10.577227888511537,1.0577227888511538,3.967542682647705,3.985273838043213
ood_compound,A6_train_seed_3,50006,250,250,False,250,96,0,1.3690530881736245,10.5554092961701,342.2632720434061,-2.1316282072803006e-14,0.1,0.1,5.847460907100325,7.996632341059113,9.8990500025516,0.9899050002551603,3.9687715435028075,3.98544979095459
ood_compound,A6_train_seed_3,50007,60,61,True,60,50,3,14.500267842307407,48.80841455156276,884.5163383807518,-515.2154283499094,0.09999999999999996,0.1,6.040996373198141,9.334793374457524,7.926867985297721,0.7926867985297721,3.9189872546274156,3.9849092960357666
ood_compound,A6_train_seed_3,50008,250,250,False,250,204,3,2.24805157604303,21.716770394518363,562.0128940107575,-2.842170943040401e-14,0.10078244836709076,0.1,5.653575193937265,11.559266462334362,10.31488957371845,1.0385065243579092,3.96765163230896,3.9857089519500732
ood_compound,A6_train_seed_3,50009,250,250,False,250,144,42,12.54562726364619,24.280767445695478,3136.4068159115477,-2.842170943040401e-14,0.10016819120062564,0.1,7.412236197587536,12.240885918707201,9.713470567117202,0.9726795243334329,3.9686761236190797,3.986316442489624
ood_compound,A6_train_seed_3,50010,250,250,False,250,67,0,4.963906242578624,24.688603998629898,1240.9765606446558,-2.1316282072803006e-14,0.1,0.1,8.314651498993342,12.024025994704873,9.40016199929766,0.9400161999297663,3.9692453575134277,3.985996961593628
ood_compound,A6_train_seed_3,50011,250,250,False,250,37,0,0.8787080836832256,11.593900199407317,219.6770209208064,-2.842170943040401e-14,0.10008519835754018,0.1,5.790934877238063,10.094791456944915,7.316467124984345,0.7321526912301954,3.9683829612731936,3.986607789993286
ood_compound,A6_train_seed_3,50012,250,250,False,250,72,0,2.441518656850274,16.7379375136098,610.3796642125685,-4.263256414560601e-14,0.10239572138331758,0.1,5.014721503506648,7.183349692233972,9.907742011468322,1.0171210959210786,3.970194200515747,3.9872472286224365
ood_compound,A6_train_seed_3,50013,250,250,False,250,250,0,21.340823325638883,23.4961059309512,5335.205831409721,-2.842170943040401e-14,0.1,0.1,9.613405374712508,10.799069209224765,10.656055426744297,1.06560554267443,3.9667410707473754,3.9841713905334473
ood_compound,A6_train_seed_3,50014,250,250,False,250,199,0,2.0245540589425857,20.61601953402469,506.1385147356464,-5.684341886080802e-14,0.1,0.1,6.225634443743541,12.429304142304245,10.436950550338825,1.0436950550338826,3.9673500185012815,3.9852051734924316
ood_compound,A6_train_seed_3,50015,250,250,False,250,122,34,7.12358991357302,25.148043498555193,1780.897478393255,-2.842170943040401e-14,0.1,0.1,8.350351566203258,13.87552339283508,8.006053206638937,0.8006053206638936,3.9698844537734987,3.9871439933776855
ood_compound,A6_train_seed_3,50016,250,250,False,250,179,8,12.215160238990338,24.288285022879524,3053.7900597475846,-2.842170943040401e-14,0.1,0.1,7.145059862132262,14.228974990075782,6.2837715232957505,0.6283771523295751,3.969671672821045,3.9869892597198486
ood_compound,A6_train_seed_3,50017,250,250,False,250,210,2,1.9714855230997772,21.120073427538856,492.8713807749443,-4.263256414560601e-14,0.10000445555106217,0.1,6.0644918363320794,11.844132657785854,10.457084336799157,1.045744243633907,3.9675317735671998,3.985126256942749
ood_compound,A6_train_seed_3,50018,250,250,False,250,250,0,12.957485532397554,24.036552886818374,3239.3713830993884,-2.842170943040401e-14,0.1,0.1,8.369168008308987,12.236763391814005,9.568028469654443,0.9568028469654447,3.967233967781067,3.9849982261657715
ood_compound,A6_train_seed_3,50019,250,250,False,250,250,0,23.500764596383473,23.769688902820988,5875.191149095868,-2.842170943040401e-14,0.1,0.1,10.042422266402177,11.195495569047987,8.741800786653949,0.8741800786653948,3.9675159158706665,3.9840025901794434
ood_compound,A6_train_seed_3,50020,250,250,False,250,125,0,0.48134374498518195,3.3663965749859908,120.33593624629549,-4.263256414560601e-14,0.1,0.1,6.576881727282381,8.57274705118081,4.942061962876247,0.49420619628762474,3.9695963678359987,3.9865150451660156
ood_compound,A6_train_seed_3,50021,250,250,False,250,206,0,4.493930111483888,15.89408467883301,1123.4825278709718,-4.263256414560601e-14,0.1,0.1,7.773595691670613,10.054998291588293,9.15505542198536,0.915505542198536,3.9684652137756347,3.9855895042419434
ood_compound,A6_train_seed_3,50022,250,250,False,250,96,0,3.8566196437241542,25.146155486067983,964.1549109310386,-2.1316282072803006e-14,0.1,0.1,8.939756767128362,13.78730515963733,7.343888807330114,0.7343888807330113,3.9698801755905153,3.9867873191833496
ood_compound,A6_train_seed_3,50023,250,250,False,250,66,0,1.684254166318085,22.008499912242495,421.06354157952126,-1.4210854715202004e-14,0.10018532059273572,0.1,4.707031523049414,11.494042168605764,8.424658603933493,0.8441772837926493,3.9671272010803222,3.9857776165008545
ood_compound,A6_train_seed_3,50024,250,250,False,250,91,0,2.5782105779000553,15.58839521078412,644.5526444750138,-2.842170943040401e-14,0.10029695495128357,0.1,5.309544735431223,8.774521990730335,8.79840269502653,0.8821738781135547,3.9681566495895386,3.985978603363037
ood_compound,A6_train_seed_3,50025,250,250,False,250,55,3,2.5397370751435,19.499284057214457,634.934268785875,-2.842170943040401e-14,0.10093401005500087,0.1,4.208700845867873,10.540858974509865,8.762272567781356,0.883980522989578,3.967458465576172,3.9876933097839355
ood_compound,A6_train_seed_3,50026,250,250,False,250,250,2,2.0264696938866615,9.849755902536792,506.61742347166535,-4.263256414560601e-14,0.100088333603163,0.1,4.027699664741729,10.389834803926611,9.067826939503691,0.9072948379683005,3.9677673187255857,3.985524892807007
ood_compound,A6_train_seed_3,50027,250,250,False,250,59,0,2.6627683376116478,19.87711722003396,665.692084402912,-2.842170943040401e-14,0.10330802554383724,0.1,3.803974311690793,10.109316369023013,9.690466813506282,0.99872331323509,3.967909338951111,3.986109972000122
ood_compound,A6_train_seed_3,50028,250,250,False,250,107,0,3.895950445322148,26.553023678977468,973.987611330537,-1.4210854715202004e-14,0.1,0.1,8.80995685113234,13.334785086676394,7.873499448334367,0.7873499448334369,3.970011962890625,3.9870193004608154
ood_compound,A6_train_seed_3,50029,250,250,False,250,250,0,19.79605081197466,25.692588776675386,4949.012702993665,-2.842170943040401e-14,0.1,0.1,7.436573382129698,11.420366671052541,8.403277115849502,0.8403277115849501,3.967932439804077,3.984255075454712
ood_compound,A6_train_seed_3,50030,250,250,False,250,38,2,1.7446722013268832,21.433633965903294,436.1680503317208,-1.4210854715202004e-14,0.10017611165226653,0.1,4.599339324738195,11.16766375391651,9.27441834720631,0.928212108701674,3.8980738124847414,3.986448287963867
ood_compound,A6_train_seed_3,50031,250,250,False,250,87,0,2.1618473790780373,21.521762863298317,540.4618447695093,-2.842170943040401e-14,0.10001217858385612,0.1,4.930471384337554,11.62245487470984,7.83678791819132,0.7837524376715439,3.9670025615692137,3.985168218612671
ood_compound,A6_train_seed_3,50032,250,250,False,250,88,0,5.7927482707498426,24.755368095675088,1448.1870676874607,-1.4210854715202004e-14,0.10076805471982436,0.1,9.03414725128212,14.386876124142407,8.389618358421947,0.846097373952444,3.969731267929077,3.9868052005767822
ood_compound,A6_train_seed_3,50033,250,250,False,250,188,0,6.472722659684901,19.183956154411845,1618.1806649212251,-2.842170943040401e-14,0.100027739548381,0.1,4.4712792768944585,8.66489469146784,9.65678242309796,0.9659477850360181,3.968478985786438,3.986051559448242
ood_compound,A6_train_seed_3,50034,250,250,False,250,250,0,7.204378942061935,20.93544210267684,1801.0947355154838,-2.842170943040401e-14,0.10076006086658035,0.1,5.334983593067957,9.725198910409794,10.052727939537318,1.0115603993344295,3.9682782258987426,3.9855713844299316
ood_compound,A6_train_seed_3,50035,250,250,False,250,246,0,3.1863310319834977,20.28829854631677,796.5827579958744,-4.263256414560601e-14,0.10241753862795056,0.1,3.910136301884689,9.723934260980178,10.36170332112206,1.0630213802441686,3.9681490459442137,3.9856438636779785
ood_compound,A6_train_seed_3,50036,250,250,False,250,250,0,16.165077218066696,23.86389932269363,4041.2693045166743,-4.973799150320701e-14,0.1,0.1,7.87722632499868,10.358053825288358,9.681102504809372,0.9681102504809374,3.968204584121704,3.9848415851593018
ood_compound,A6_train_seed_3,50037,250,250,False,250,250,0,21.167102225148323,23.58973166861556,5291.775556287081,-2.842170943040401e-14,0.1,0.1,7.759229052884117,8.786790939525781,7.090111620480686,0.7090111620480686,3.969082194328308,3.985883951187134
ood_compound,A6_train_seed_3,50038,250,250,False,250,92,2,1.913422549860239,21.330871646494334,478.3556374650598,-2.842170943040401e-14,0.10054020450604634,0.1,5.440560640133495,11.582067855635039,10.170322866607775,1.0212567530830206,3.9671229372024537,3.9863083362579346
ood_compound,A6_train_seed_3,50039,250,250,False,250,250,0,9.52724895991133,21.485567075707454,2381.812239977832,-5.684341886080802e-14,0.1,0.1,7.666264153025803,9.65187472184547,7.476291155095403,0.7476291155095404,3.968847974777222,3.9859795570373535
ood_compound,A6_train_seed_3,50040,250,250,False,250,42,0,1.522143942890387,18.715100318838346,380.5359857225967,-2.842170943040401e-14,0.10037762858276766,0.1,4.024268283172163,10.8640985371601,9.90739140802381,0.994676648550248,3.9676806631088257,3.986593008041382
ood_compound,A6_train_seed_3,50041,250,250,False,250,82,0,2.982172036774546,25.170877014103905,745.5430091936365,-2.842170943040401e-14,0.1,0.1,8.884888004531728,12.975138527906992,8.130871472789913,0.8130871472789915,3.969988208770752,3.986990213394165
ood_compound,A6_train_seed_3,50042,250,250,False,250,215,0,1.4733432023982613,10.74274733211404,368.33580059956535,-2.842170943040401e-14,0.10128948779826717,0.1,3.798045605088808,9.248403869339018,8.790600669763029,0.8911841722957643,3.9680230264663696,3.9855427742004395
ood_compound,A6_train_seed_3,50043,250,250,False,250,40,0,0.1412884897671225,1.4818578113481506,35.32212244178062,-3.552713678800501e-14,0.1,0.1,5.875866659413756,6.366267569531747,10.751764625413475,1.0751764625413476,3.9681032333374024,3.9843406677246094
ood_compound,A6_train_seed_3,50044,250,250,False,250,250,0,20.962715225205248,23.8022261931258,5240.678806301312,-2.842170943040401e-14,0.1,0.1,8.390850076714809,9.688055525027407,8.584635272090669,0.858463527209067,3.968921875,3.9863901138305664
ood_compound,A6_train_seed_3,50045,250,250,False,250,250,0,9.30883306544102,24.386369785060428,2327.208266360255,-2.842170943040401e-14,0.1,0.1,9.29837433248039,11.504270096793801,10.59217382624198,1.0592173826241982,3.96849880695343,3.9852285385131836
ood_compound,A6_train_seed_3,50046,250,250,False,250,73,13,4.292679159822492,25.351369582070998,1073.169789955623,-2.1316282072803006e-14,0.10019371066381164,0.1,7.440787073865918,11.851421388127475,8.969989627770765,0.8983928565417891,3.969431746482849,3.9862220287323
ood_compound,A6_train_seed_3,50047,250,250,False,250,246,0,3.5705264956231013,18.93246937660665,892.6316239057753,-2.1316282072803006e-14,0.1,0.1,6.630563624057917,8.745992107628808,8.371462291465171,0.8371462291465173,3.9697259044647217,3.987309217453003
ood_compound,A6_train_seed_3,50048,250,250,False,250,49,2,1.6799404640117246,14.751741752217148,419.98511600293114,-2.1316282072803006e-14,0.10065277665584395,0.1,3.8950890352636898,11.077429337278982,9.82380293390814,0.98913458350558,3.967538752555847,3.9874749183654785
ood_compound,A6_train_seed_3,50049,250,250,False,250,175,0,15.889399202853504,24.468332291238486,3972.3498007133758,-2.842170943040401e-14,0.1,0.1,9.721268563575137,16.542467896972116,8.838183333116795,0.8838183333116796,3.96798722076416,3.9862935543060303
ood_compound,A6_train_seed_3,50050,250,250,False,250,120,0,2.3156622216748,21.04292945856063,578.9155554187,-2.842170943040401e-14,0.1,0.1,6.098630585192677,10.914243747533666,10.297351320878755,1.0297351320878756,3.967164889335632,3.9852683544158936
ood_compound,A6_train_seed_3,50051,250,250,False,250,250,0,4.637985199338381,20.72157377770047,1159.4962998345952,-2.842170943040401e-14,0.1,0.1,5.7031381125323914,10.848505997727838,10.461542054959923,1.0461542054959923,3.96686518573761,3.9849910736083984
ood_compound,A6_train_seed_3,50052,250,250,False,250,245,0,6.419270784361102,25.51224510244152,1604.8176960902756,-2.842170943040401e-14,0.1,0.1,6.44850974131892,11.110341227525478,8.992396887371841,0.8992396887371841,3.9657475624084473,3.985779047012329
ood_compound,A6_train_seed_3,50053,250,250,False,250,103,46,4.5952207421705715,21.87128439557105,1148.805185542643,-2.1316282072803006e-14,0.1,0.1,8.02139792176775,13.113853326588972,8.839100005775695,0.8839100005775697,3.9699288358688354,3.9872426986694336
ood_compound,A6_train_seed_3,50054,250,250,False,250,75,0,1.7670701680098295,21.408685102243396,441.7675420024574,-4.263256414560601e-14,0.1,0.1,5.838697732147817,11.066594050390753,10.211476472357615,1.0211476472357617,3.9671439762115477,3.9851324558258057
ood_compound,A6_train_seed_3,50055,250,250,False,250,98,106,6.2998864462789985,24.660189043771243,1574.9716115697497,-2.1316282072803006e-14,0.10164412924995685,0.1,8.624601751612264,15.31108308085976,7.547537727177911,0.7668220372606683,3.969897036552429,3.9870247840881348
ood_compound,A6_train_seed_3,50056,250,250,False,250,0,0,0.0,0.0,0.0,0.5854651927947998,0.1001896298721385,0.1,3.5266228392728625,3.8666744567308413,9.999472692589345,1.0012803180219902,3.9684528408050537,3.9850680828094482
ood_compound,A6_train_seed_3,50057,250,250,False,250,244,0,11.9133486565141,22.963573032462026,2978.337164128525,-2.842170943040401e-14,0.1,0.1,5.670932736078086,8.45264652245266,8.604989795618131,0.8604989795618131,3.9692345905303954,3.9871397018432617
ood_compound,A6_train_seed_3,50058,250,250,False,250,112,30,8.385923092720608,26.377796301627804,2096.480773180152,-2.842170943040401e-14,0.10000245761999531,0.1,7.688260304460056,14.113120900914899,9.51832409007959,0.9518509167727917,3.969006258010864,3.9862112998962402
ood_compound,A6_train_seed_3,50059,250,250,False,250,250,0,3.2674944907872274,19.305688546598123,816.8736226968068,-2.842170943040401e-14,0.10033985677170076,0.1,4.591461866995476,9.017835622844101,9.19671840944442,0.9234193873216536,3.9682234926223754,3.985541343688965
ood_compound,A6_train_seed_3,50060,250,250,False,250,250,0,22.850750741492398,23.32107150817915,5712.687685373099,-2.842170943040401e-14,0.1,0.1,7.9269771819842285,8.90921170551354,7.58422030799051,0.7584220307990509,3.968775602340698,3.9853739738464355
ood_compound,A6_train_seed_3,50061,250,250,False,250,136,0,4.594276704928,21.874738707366998,1148.569176232,-5.684341886080802e-14,0.10149721932829397,0.1,4.585498820193048,9.179982363177473,9.291646719503468,0.9435021527525046,3.9680963163375855,3.9860727787017822
ood_compound,A6_train_seed_3,50062,250,250,False,250,55,3,1.9607330388813256,22.728267056298012,490.18325972033136,-1.4210854715202004e-14,0.1001134334222578,0.1,5.454421202338549,11.768214568338419,10.496923156548323,1.050838874710522,3.9673935203552246,3.9872004985809326
ood_compound,A6_train_seed_3,50063,250,250,False,250,193,0,12.58342189258934,23.359910458516882,3145.855473147335,-2.842170943040401e-14,0.1,0.1,7.6445799393844975,10.042861396498743,9.533790287103093,0.9533790287103096,3.9685578651428224,3.9863851070404053
ood_compound,A6_train_seed_3,50064,250,250,False,250,250,0,15.446702127600012,23.20974570591725,3861.675531900003,-2.842170943040401e-14,0.1,0.1,6.479633031129941,8.634419469844449,8.775403817113078,0.8775403817113079,3.9685449542999267,3.9854040145874023
ood_compound,A6_train_seed_3,50065,250,250,False,250,40,0,0.28939276701542166,4.325443168072113,72.34819175385542,-2.1316282072803006e-14,0.1,0.1,4.64094800011306,8.680031008701846,8.145575458137595,0.8145575458137596,3.9685203933715822,3.985877752304077
ood_compound,A6_train_seed_3,50066,250,250,False,250,250,0,23.527839842656064,24.399847630337558,5881.959960664016,-2.842170943040401e-14,0.1,0.1,10.009697580229785,11.180812536441081,8.58804384830528,0.8588043848305279,3.9675757064819335,3.9839701652526855
ood_compound,A6_train_seed_3,50067,250,250,False,250,136,0,4.034372991512963,19.34694749468458,1008.5932478782406,-2.842170943040401e-14,0.10002338111655039,0.1,5.272534615346945,7.318540147037718,9.375536363310635,0.937739832945082,3.968447193145752,3.9852306842803955
ood_compound,A6_train_seed_3,50068,250,250,False,250,23,0,0.022461028219791925,0.776409624364161,5.615257054947981,-3.552713678800501e-14,0.10065476125374843,0.1,4.085374842605822,4.850327396682414,8.150388770684996,0.8210661733097591,3.968483822822571,3.9855446815490723
ood_compound,A6_train_seed_3,50069,250,250,False,250,75,0,3.141323293638707,25.84601290169227,785.3308234096768,-2.1316282072803006e-14,0.1,0.1,7.9049170772738675,11.587465017427654,8.627211234004522,0.8627211234004522,3.9698823680877684,3.987041711807251
ood_compound,A6_train_seed_3,50070,250,250,False,250,38,0,0.622651207985716,7.746962882026981,155.662801996429,-1.4210854715202004e-14,0.1000806443008616,0.1,6.846211781316842,10.291442067221919,8.23874120622031,0.8244315434562718,3.968264458656311,3.985527515411377
ood_compound,A6_train_seed_3,50071,250,250,False,250,250,0,17.8253130081417,23.772650258182498,4456.328252035424,-2.842170943040401e-14,0.1,0.1,7.8602245674828035,9.76793217023398,8.878945628878123,0.8878945628878122,3.968872000694275,3.986719846725464
ood_compound,A6_train_seed_3,50072,250,250,False,250,249,0,3.4917115198844475,19.9352574921799,872.9278799711119,-2.842170943040401e-14,0.1,0.1,5.564022055241518,10.250946757823348,10.149373262402005,1.0149373262402004,3.9665489292144773,3.98479962348938
ood_compound,A6_train_seed_3,50073,250,250,False,250,104,0,2.1270974490624646,21.492308556882016,531.7743622656161,-2.842170943040401e-14,0.10004946806484179,0.1,5.850367482682731,11.066114440850384,10.114049256692999,1.0117732013876035,3.9669043197631835,3.985116720199585
ood_compound,A6_train_seed_3,50074,250,250,False,250,247,0,1.0780795887085077,5.184390578899778,269.51989717712695,-4.263256414560601e-14,0.1003929413340472,0.1,5.912523144294297,9.708393210480155,10.083188013531124,1.0115148019559497,3.968286460876465,3.985400676727295
ood_compound,A6_train_seed_3,50075,250,250,False,250,165,0,5.535625784026235,23.341180496238405,1383.9064460065586,-4.263256414560601e-14,0.10190116753975081,0.1,4.2846083773594446,10.080654241392423,10.06177554379611,1.0236150509510316,3.968185881614685,3.9857473373413086
ood_compound,A6_train_seed_3,50076,32,33,True,32,29,2,11.967152528010773,26.407497431067664,394.91603342435553,-281.70582311061213,0.1,0.1,7.985592898841065,12.14635343385994,9.31459472013083,0.931459472013083,3.8628936969872676,3.984570264816284
ood_compound,A6_train_seed_3,50077,250,250,False,250,51,0,1.705752514731776,15.730674153362207,426.438128682944,-2.842170943040401e-14,0.10090401960812984,0.1,3.610257060645115,10.135759833607361,9.987439167573323,1.008035656906596,3.9678561248779296,3.9863009452819824
ood_compound,A6_train_seed_3,50078,250,250,False,250,250,0,14.600851782061815,24.915715449536734,3650.2129455154536,-3.552713678800501e-14,0.10060236738072746,0.1,6.463581078359921,10.76163852827993,9.538654893417755,0.9597571355101068,3.968185399055481,3.9853339195251465
ood_compound,A6_train_seed_3,50079,250,250,False,250,249,0,10.036882609431288,24.49571321029218,2509.220652357822,-2.842170943040401e-14,0.10008462875539337,0.1,7.449406387290401,12.826531027955745,9.82072224172712,0.9827761063700942,3.9664082469940185,3.9840896129608154
ood_compound,A6_train_seed_3,50080,250,250,False,250,90,2,1.8026552082255385,21.729675406202496,450.6638020563846,-1.4210854715202004e-14,0.1,0.1,5.060579627762455,11.811308329748739,10.011279432685582,1.0011279432685583,3.9669813766479494,3.9859776496887207
ood_compound,A6_train_seed_3,50081,250,250,False,250,44,0,1.1344311287499795,17.410530880208256,283.6077821874949,-2.842170943040401e-14,0.1,0.1,4.571028301834452,9.521151480381137,10.396727809414212,1.0396727809414215,3.9674512214660647,3.9854578971862793
ood_compound,A6_train_seed_3,50082,250,250,False,250,36,169,1.2796647193482977,13.46222025850296,319.9161798370744,-1.4210854715202004e-14,0.1,0.1,7.571296247260689,10.319524888766498,10.139428262883492,1.0139428262883494,3.970345156669617,3.987175464630127
ood_compound,A6_train_seed_3,50083,250,250,False,250,242,0,2.515619651609143,20.005691669475297,628.9049129022858,-1.4210854715202004e-14,0.10000970790669951,0.1,5.119420302565306,14.67357606705479,9.122000700573524,0.912264243279903,3.967214247703552,3.985839605331421
ood_compound,A6_train_seed_3,50084,250,250,False,250,250,0,16.955804549584073,22.59313863927991,4238.951137396019,-2.842170943040401e-14,0.1,0.1,8.667148690481014,9.88953649837477,6.9371813035211884,0.6937181303521189,3.969424645423889,3.986748695373535
ood_compound,A6_train_seed_3,50085,250,250,False,250,250,0,2.8952801993247976,19.988048282316555,723.8200498311994,-2.842170943040401e-14,0.1,0.1,5.784208776681117,11.115520558751157,9.694100383840876,0.9694100383840877,3.9666300554275513,3.98465895652771
ood_compound,A6_train_seed_3,50086,250,250,False,250,246,47,16.362798238715804,38.06729663161502,4090.699559678951,-3.552713678800501e-14,0.1003982004909235,0.1,5.140304311716396,14.542521608861641,7.768499129937322,0.7793484235855498,3.8012526243925095,3.9846999645233154
ood_compound,A6_train_seed_3,50087,250,250,False,250,146,0,2.2666920221568203,7.595172570733244,566.6730055392051,-2.842170943040401e-14,0.10100466547536091,0.1,3.775468555084384,6.43238238135517,9.018708531971638,0.9119574247179734,3.9684249715805056,3.985300302505493
ood_compound,A6_train_seed_3,50088,250,250,False,250,247,0,6.661407779173464,23.784370781747388,1665.351944793366,-2.842170943040401e-14,0.10021829317954786,0.1,5.9242834307182735,11.005908385947606,10.397015494198724,1.0417041185923872,3.9670205821990967,3.9849581718444824
ood_compound,A6_train_seed_3,50089,250,250,False,250,26,0,0.3504280837522483,17.038833454819443,87.60702093806208,-2.842170943040401e-14,0.10046274202920254,0.1,4.580379376843154,9.559754204760258,10.16903864078464,1.0218982665283418,3.9675351371765135,3.9854695796966553
ood_compound,A6_train_seed_3,50090,250,250,False,250,159,58,10.264349201960817,26.709937095906522,2566.087300490204,-2.1316282072803006e-14,0.1,0.1,7.699339128577436,11.90808952031613,8.716276290021812,0.8716276290021812,3.968913933753967,3.986355781555176
ood_compound,A6_train_seed_3,50091,250,250,False,250,248,0,5.311961092903741,19.889124656790287,1327.9902732259352,-2.842170943040401e-14,0.10001385546367308,0.1,6.111425179786956,12.933514330098069,9.945954326126975,0.9946982091573937,3.96643240070343,3.9849841594696045
ood_compound,A6_train_seed_3,50092,250,250,False,250,62,0,2.5785485853922068,23.04515867832305,644.6371463480517,-2.842170943040401e-14,0.10082842649030005,0.1,4.814381196732989,10.448259384533992,8.554078578569618,0.8626926595900193,3.9679110765457155,3.985673189163208
ood_compound,A6_train_seed_3,50093,250,250,False,250,244,7,8.832156439233849,25.838151967806514,2208.0391098084624,-2.842170943040401e-14,0.1,0.1,7.244615457871663,14.166455365604468,9.386951516543107,0.9386951516543108,3.9654102001190186,3.986530303955078
ood_compound,A6_train_seed_3,50094,250,250,False,250,108,0,0.5425320660265556,2.942621657177236,135.63301650663888,-3.552713678800501e-14,0.10076935294077818,0.1,4.218602864436064,6.962806457954559,8.020296184019355,0.8102162607405827,3.968766879081726,3.985445499420166
ood_compound,A6_train_seed_3,50095,250,250,False,250,64,35,1.384060427006113,9.54102747564235,346.01510675152826,-4.263256414560601e-14,0.1,0.1,5.837382178483331,12.552524341689551,9.281000115010857,0.9281000115010857,3.969749619483948,3.9871768951416016
ood_compound,A6_train_seed_3,50096,250,250,False,250,127,0,4.280236070358728,25.646479378944566,1070.059017589682,-2.1316282072803006e-14,0.1,0.1,9.019671868872845,14.653168841993352,7.877320610701105,0.7877320610701105,3.9689998397827146,3.986233711242676
ood_compound,A6_train_seed_3,50097,250,250,False,250,194,3,1.1973681132396772,10.92453976876235,299.34202830991927,-5.684341886080802e-14,0.10053823298092002,0.1,4.269288660110729,10.147516190324371,9.352585054577764,0.9393854441108748,3.96761439037323,3.9860105514526367
ood_compound,A6_train_seed_3,50098,50,51,True,50,50,4,19.13295217503623,27.496769726480508,975.7805609268477,-135.9830058444187,0.09999999999999998,0.1,8.456232980196237,14.57153301480498,9.46584907252451,0.9465849072524511,3.905701571819829,3.9843807220458984
ood_compound,A6_train_seed_3,50099,250,250,False,250,220,4,2.117233775135022,17.596904905405687,529.3084437837555,-2.842170943040401e-14,0.10064441459260805,0.1,4.323203804603084,11.193026035658928,9.170416018736521,0.922860290901647,3.967528781890869,3.985100507736206
motor_fault,A6_train_seed_3,50000,250,250,False,250,158,0,0.09263098490311628,0.9302059717304592,23.157746225779068,-2.842170943040401e-14,0.10008532099401592,0.1,5.907752358262077,9.731728027824552,7.625324787442923,0.7632079757099095,3.9683917388916017,3.985280752182007
motor_fault,A6_train_seed_3,50001,250,250,False,250,42,0,1.4521333028441759,21.804669754565353,363.033325711044,-2.842170943040401e-14,0.10002050390537019,0.1,4.890048877893103,10.980964167275445,9.12787822993559,0.9130186342314396,3.9593290700912473,3.986442804336548
motor_fault,A6_train_seed_3,50002,250,250,False,250,246,3,7.340745465001917,37.47977573033249,1835.1863662504793,-3.197442310920451e-14,0.10022289896487362,0.1,5.680908721245297,12.869220512858707,9.559714053636228,0.958248034799487,3.966450469017029,3.986955404281616
motor_fault,A6_train_seed_3,50003,250,250,False,250,35,0,2.574573955068897,27.12371279444187,643.6434887672242,-2.1316282072803006e-14,0.1,0.1,10.24987933437865,16.936363116188975,8.546074418479744,0.8546074418479744,3.967747024536133,3.986690044403076
motor_fault,A6_train_seed_3,50004,250,250,False,250,250,0,2.4445387181906466,20.5133226846948,611.1346795476617,-4.263256414560601e-14,0.1,0.1,3.9855161032738344,7.881710807076484,7.545116536235937,0.7545116536235937,3.9682261295318604,3.984971761703491
motor_fault,A6_train_seed_3,50005,250,250,False,250,65,0,1.753584707698146,21.338787430706933,438.39617692453646,-2.842170943040401e-14,0.10063488306806082,0.1,4.166571611575441,11.031216756608972,9.59754881892077,0.9657528683963326,3.967809994697571,3.9855353832244873
motor_fault,A6_train_seed_3,50006,250,250,False,250,87,0,0.5161364090208401,3.701569361555726,129.03410225521003,-4.263256414560601e-14,0.10041736812251392,0.1,5.261144913564448,9.844640256415744,8.54561385952835,0.8590752268967197,3.969228359222412,3.9869155883789062
motor_fault,A6_train_seed_3,50007,250,250,False,250,34,0,2.13678211982936,28.311139646630668,534.19552995734,-1.4210854715202004e-14,0.1,0.1,9.388223820210754,11.52354770425705,9.823162654146843,0.9823162654146846,3.9697275342941283,3.98590350151062
motor_fault,A6_train_seed_3,50008,250,250,False,250,119,0,2.0854189217017054,22.817620266149387,521.3547304254264,-2.842170943040401e-14,0.10008131361750029,0.1,5.028079209105019,11.559266462334362,9.684209807952648,0.9690738447217266,3.9677681875228883,3.985645294189453
motor_fault,A6_train_seed_3,50009,250,250,False,250,250,2,10.356846205448855,25.26433651226883,2589.211551362214,-2.842170943040401e-14,0.1,0.1,9.016476728250185,12.282855193347372,9.645655884364805,0.9645655884364804,3.968480779647827,3.9861741065979004
motor_fault,A6_train_seed_3,50010,250,250,False,250,19,0,1.5112628756653392,26.10689074744678,377.8157189163348,-7.105427357601002e-15,0.1,0.1,8.825740672895273,12.474262133273157,9.733394109768907,0.9733394109768908,3.969698000907898,3.9862496852874756
motor_fault,A6_train_seed_3,50011,250,250,False,250,0,0,0.0,0.0,0.0,0.7688675403594942,0.1,0.1,3.708319673527445,8.70385050369756,5.147698887497453,0.5147698887497454,3.9687243795394895,3.9859225749969482
motor_fault,A6_train_seed_3,50012,250,250,False,250,15,0,0.5973193665555712,15.126837213379735,149.3298416388928,-2.1316282072803006e-14,0.10093148165932903,0.1,4.481604632016605,7.183349692233972,9.816992650876108,0.9907065440574979,3.9708084650039672,3.987222194671631
motor_fault,A6_train_seed_3,50013,250,250,False,250,32,0,2.6124240302595654,23.795113637956153,653.1060075648913,-1.4210854715202004e-14,0.1,0.1,11.198374409309672,19.11291196405342,9.437274159417324,0.9437274159417325,3.9689779319763185,3.9865331649780273
motor_fault,A6_train_seed_3,50014,250,250,False,250,160,0,1.1331340210713023,20.61601953402469,283.2835052678256,-4.263256414560601e-14,0.10002982776006601,0.1,5.953853720904803,11.29028919639196,10.463559367928955,1.0466178577854248,3.9674636936187744,3.9854016304016113
motor_fault,A6_train_seed_3,50015,250,250,False,250,39,135,2.007400060796347,23.83826387951873,501.85001519908684,-2.1316282072803006e-14,0.10146515097819739,0.1,10.19922558124294,17.11307908750889,8.623032376372379,0.8775174097528683,3.970241512298584,3.987246036529541
motor_fault,A6_train_seed_3,50016,250,250,False,250,250,0,17.04137512869782,24.93833374721053,4260.343782174455,-2.1316282072803006e-14,0.1,0.1,4.606449192206355,11.960090123514163,10.470569111650947,1.0470569111650947,3.967330102920532,3.9864327907562256
motor_fault,A6_train_seed_3,50017,250,250,False,250,69,0,0.6280587296688276,21.120073427538856,157.0146824172069,-2.842170943040401e-14,0.1,0.1,4.207144207678935,10.738943525457275,10.393790576117045,1.0393790576117043,3.9677231855392456,3.985285758972168
motor_fault,A6_train_seed_3,50018,56,57,True,56,56,6,18.409131077913095,34.175289518878095,1049.3204714410465,-6.349897885683202,0.09999999999999999,0.1,8.420631789934504,13.780453959605167,9.40137813865518,0.9401378138655179,3.5725303951062655,3.985259771347046
motor_fault,A6_train_seed_3,50019,250,250,False,250,250,167,12.09067894802623,25.121380910674088,3022.6697370065576,-1.509903313490213e-14,0.1,0.1,11.676038307886353,14.779938323729484,9.834701983724948,0.983470198372495,3.9678986949920656,3.9850802421569824
motor_fault,A6_train_seed_3,50020,250,250,False,250,7,0,0.04634915092170043,2.8249584833107027,11.587287730425107,-2.1316282072803006e-14,0.1,0.1,3.7988754810757244,6.776962605713875,6.375820220805869,0.6375820220805869,3.969609519958496,3.9863224029541016
motor_fault,A6_train_seed_3,50021,250,250,False,250,19,0,0.0019277760407442424,0.03963210126601837,0.4819440101860606,-4.263256414560601e-14,0.10266879568155705,0.1,4.77200604899035,8.597408696903418,7.855196729233019,0.810305954918306,3.96861909198761,3.9856739044189453
motor_fault,A6_train_seed_3,50022,250,250,False,250,30,0,1.908458252793067,25.600226372950146,477.11456319826675,-2.1316282072803006e-14,0.1,0.1,10.04670113700099,14.24104788884799,7.958693676677974,0.7958693676677975,3.970415383338928,3.9869141578674316
motor_fault,A6_train_seed_3,50023,250,250,False,250,32,0,0.7328923175623953,22.030865916544254,183.22307939059883,-2.842170943040401e-14,0.1,0.1,4.536230416588334,11.816005187609859,8.047480496632634,0.8047480496632635,3.9672841749191283,3.9858412742614746
motor_fault,A6_train_seed_3,50024,250,250,False,250,0,0,0.0,0.0,0.0,9.525209087383224,0.10096785053808355,0.1,4.126495970353294,7.481571305526124,6.966323523288187,0.7013315953769931,3.968730209350586,3.9860122203826904
motor_fault,A6_train_seed_3,50025,250,250,False,250,41,1,1.123497728611461,19.499284057214457,280.8744321528652,-2.842170943040401e-14,0.1,0.1,4.2631324755373505,10.242884473189624,8.952556214446588,0.8952556214446589,3.9673974466323854,3.9872171878814697
motor_fault,A6_train_seed_3,50026,250,250,False,250,213,5,4.590142999272432,32.55282603126583,1147.5357498181081,-5.684341886080802e-14,0.10284266269066458,0.1,4.67751207831408,11.459824590011575,9.351828111557738,0.9584033976524042,3.902644169330597,3.9856081008911133
motor_fault,A6_train_seed_3,50027,250,250,False,250,23,0,0.16712439465361614,8.113213239249964,41.78109866340404,-1.4210854715202004e-14,0.1367026864248827,0.1,2.0417892297325895,11.159784067775853,9.885313915798166,1.3640754274968363,3.9683299226760864,3.98708438873291
motor_fault,A6_train_seed_3,50028,250,250,False,250,25,0,1.608040972413727,27.0763169476099,402.0102431034318,-2.1316282072803006e-14,0.1,0.1,10.257587197097102,11.869561066792244,9.58439593808697,0.9584395938086974,3.9707497777938845,3.986940383911133
motor_fault,A6_train_seed_3,50029,250,250,False,250,54,18,3.858555696626643,26.231404505973675,964.6389241566608,-1.4210854715202004e-14,0.1,0.1,7.6430481547827105,20.410775101892202,10.16363111867552,1.0163631118675518,3.967812039375305,3.9859414100646973
motor_fault,A6_train_seed_3,50030,250,250,False,250,25,1,0.7121346179643802,21.433633965903294,178.03365449109504,-2.842170943040401e-14,0.10017911900580598,0.1,4.366453711541649,11.113966162341349,9.141655373231057,0.9157329207820426,3.9673428392410277,3.9862358570098877
motor_fault,A6_train_seed_3,50031,250,250,False,250,31,0,0.9889056676841514,22.653776445636296,247.22641692103787,-2.842170943040401e-14,0.10000292819207642,0.1,3.641545243548557,11.301448087466971,6.267233308158654,0.6267337230338187,3.9676606245040893,3.985869884490967
motor_fault,A6_train_seed_3,50032,250,250,False,250,23,0,1.7861638968873672,25.89910748559443,446.5409742218418,-2.1316282072803006e-14,0.1003055649367294,0.1,10.105046478525447,15.226735295319234,9.06589438483955,0.9096935413097917,3.9702008085250853,3.9869139194488525
motor_fault,A6_train_seed_3,50033,250,250,False,250,0,0,0.0,0.0,0.0,1.8033871100852394,0.10016708239606328,0.1,4.625190436183229,7.433197400356442,8.993192607515116,0.9004085252614941,3.9682775049209593,3.985434055328369
motor_fault,A6_train_seed_3,50034,250,250,False,250,226,0,8.501231903743884,31.016074476059053,2125.307975935971,-2.842170943040401e-14,0.10111156052402737,0.1,6.1571623615901725,13.296719818519518,9.449003582646174,0.9538471021564481,3.9659389505386353,3.9860641956329346
motor_fault,A6_train_seed_3,50035,250,250,False,250,245,1,2.2876075916516836,18.820641326995553,571.9018979129208,-4.263256414560601e-14,0.10303802791068419,0.1,5.710656430675472,11.749108796551539,10.024351301396145,1.0357611532676478,3.96805495262146,3.985715627670288
motor_fault,A6_train_seed_3,50036,250,250,False,250,196,3,6.907678866167684,30.81855566120288,1726.919716541921,-3.552713678800501e-14,0.10092553898150176,0.1,5.785865807778062,11.737590235762745,9.10061986204211,0.9185238139776527,3.96873265171051,3.9877800941467285
motor_fault,A6_train_seed_3,50037,250,250,False,250,250,0,5.842956421729085,22.23606602531809,1460.7391054322711,-4.263256414560601e-14,0.10447553541185596,0.1,5.1761599987691005,12.036847846405028,8.423789531225873,0.8899222192021594,3.968649109840393,3.9872629642486572
motor_fault,A6_train_seed_3,50038,250,250,False,250,57,0,0.9279688754908679,21.330871646494334,231.992218872717,-2.1316282072803006e-14,0.1,0.1,5.614045954255353,12.201663834890812,10.204935750674071,1.0204935750674073,3.9672412214279174,3.986168146133423
motor_fault,A6_train_seed_3,50039,250,250,False,250,145,0,5.17044330308525,30.170539489763993,1292.6108257713124,-4.973799150320701e-14,0.10177489817850514,0.1,5.026722954077211,12.208989824537051,9.081692123458478,0.9262648688845119,3.96883550453186,3.987504482269287
motor_fault,A6_train_seed_3,50040,250,250,False,250,17,0,0.2847910066055456,18.715100318838346,71.19775165138641,-4.263256414560601e-14,0.1,0.1,4.013543305241891,10.257664918754392,9.721322300819567,0.9721322300819569,3.9679486446380614,3.9865167140960693
motor_fault,A6_train_seed_3,50041,250,250,False,250,17,0,1.0328190354740654,25.93783229031334,258.20475886851636,-1.4210854715202004e-14,0.1,0.1,8.452376913601523,9.343503634916557,10.662569922195496,1.0662569922195495,3.9706663389205934,3.986894130706787
motor_fault,A6_train_seed_3,50042,250,250,False,250,15,0,0.09081046750720956,7.808104200337796,22.702616876802388,-2.1316282072803006e-14,0.11315741631387922,0.1,2.244002438711634,8.248076972751063,8.484771675634118,0.9595628479814857,3.9682632007598877,3.9860141277313232
motor_fault,A6_train_seed_3,50043,250,250,False,250,0,0,0.0,0.0,0.0,1.3845375061092255,0.1024341262090058,0.1,3.738754416815664,7.471187969114062,7.635060120044977,0.7882421602618653,3.9688419914245605,3.9859893321990967
motor_fault,A6_train_seed_3,50044,250,250,False,250,27,0,1.2238746139780348,16.12557620372979,305.9686534945087,-2.1316282072803006e-14,0.1,0.1,3.7957592226929697,8.278539224357926,6.645602414713053,0.6645602414713053,3.9694857807159423,3.986138105392456
motor_fault,A6_train_seed_3,50045,250,250,False,250,250,23,9.91312920841742,24.486920521529342,2478.282302104355,-2.1316282072803006e-14,0.10005818940811806,0.1,9.949696370813225,12.985914291055895,10.18053387810461,1.0185067045127352,3.9686908779144288,3.985163688659668
motor_fault,A6_train_seed_3,50046,250,250,False,250,18,0,1.4275771727033482,27.070940448621048,356.89429317583705,-1.4210854715202004e-14,0.1,0.1,7.876286483409009,11.174942374845168,10.301983018190812,1.0301983018190812,3.9699555349349978,3.9860596656799316
motor_fault,A6_train_seed_3,50047,250,250,False,250,0,0,0.0,0.0,0.0,0.09857897188583564,0.10002679345308602,0.1,5.325334807055314,9.024087439265031,8.139514512950848,0.8142320939850521,3.9696155834197997,3.9866981506347656
motor_fault,A6_train_seed_3,50048,250,250,False,250,24,0,0.3430835585477501,9.656263840280934,85.77088963693753,-1.4210854715202004e-14,0.10000973091326955,0.1,3.8428487055701033,10.306156295766554,9.791142744080862,0.9791887219391273,3.967549595832825,3.986964225769043
motor_fault,A6_train_seed_3,50049,250,250,False,250,24,0,2.00494348362045,25.91642225398569,501.23587090511245,-2.1316282072803006e-14,0.1,0.1,9.723634905391748,15.102655991438859,8.49652381301875,0.849652381301875,3.9697464838027954,3.986429452896118
motor_fault,A6_train_seed_3,50050,250,250,False,250,59,0,1.1038672646527288,21.04292945856063,275.9668161631822,-2.842170943040401e-14,0.10000663275141003,0.1,5.371381906606091,10.824843700017915,10.048490215605762,1.0049076360328186,3.967449860572815,3.9855382442474365
motor_fault,A6_train_seed_3,50051,250,250,False,250,250,0,3.6904146926466246,20.81834211112166,922.6036731616562,-1.4210854715202004e-14,0.10024744743577166,0.1,4.221894968152892,11.37518754535052,8.851541461521167,0.8870912317042691,3.9672787961959837,3.9851458072662354
motor_fault,A6_train_seed_3,50052,250,250,False,250,249,140,6.998593888455019,25.695847496522614,1749.648472113755,-1.4210854715202004e-14,0.10017439395196867,0.1,5.109322542095427,11.110341227525478,8.839903711818605,0.8853428484786824,3.9672308149337767,3.9862067699432373
motor_fault,A6_train_seed_3,50053,250,250,False,250,21,148,0.9744468115480772,16.405635058772706,243.6117028870193,-2.1316282072803006e-14,0.1,0.1,10.039943609135912,14.217618944516596,9.63819737962705,0.9638197379627051,3.970680766105652,3.987262487411499
motor_fault,A6_train_seed_3,50054,250,250,False,250,53,0,0.9324504634744901,21.408685102243396,233.11261586862253,-2.842170943040401e-14,0.1,0.1,5.012937472374844,11.022752828320328,9.74644223387858,0.9746442233878582,3.967382089614868,3.985139846801758
motor_fault,A6_train_seed_3,50055,250,250,False,250,172,50,10.632209269160445,27.823677420376644,2658.052317290111,-4.263256414560601e-14,0.1,0.1,9.205065311832476,19.86021188475947,8.989292983063285,0.8989292983063286,3.9691023044586182,3.9875237941741943
motor_fault,A6_train_seed_3,50056,250,250,False,250,0,0,0.0,0.0,0.0,2.0844433572979,0.10693176696827818,0.1,3.438044628074141,4.835099092491044,9.124565772326676,0.9840732707734331,3.968476483345032,3.9857993125915527
motor_fault,A6_train_seed_3,50057,250,250,False,250,20,0,0.5017292487452256,9.191281312511219,125.4323121863064,-2.1316282072803006e-14,0.1002881110920589,0.1,4.66171760933694,8.164924267591903,8.505972281673829,0.8536772375822425,3.969603413581848,3.9867756366729736
motor_fault,A6_train_seed_3,50058,250,250,False,250,34,32,2.642098568186175,27.785712464576033,660.5246420465437,-1.7763568394002505e-14,0.10001508682981304,0.1,6.631479398124211,13.366870423782977,10.309539027874903,1.031072365114464,3.9696877660751344,3.9862053394317627
motor_fault,A6_train_seed_3,50059,250,250,False,250,250,0,1.7705005101811602,4.0834738435449704,442.62512754529007,-4.263256414560601e-14,0.1,0.1,4.737561022980252,9.017835622844101,10.60986322525021,1.0609863225250211,3.9680125427246096,3.9856510162353516
motor_fault,A6_train_seed_3,50060,250,250,False,250,31,0,2.2067175106281702,24.741533851569013,551.6793776570426,-2.1316282072803006e-14,0.1,0.1,8.469252195729878,17.193309334459435,8.382627568575916,0.8382627568575918,3.9690524730682375,3.9868013858795166
motor_fault,A6_train_seed_3,50061,250,250,False,250,0,0,0.0,0.0,0.0,2.428553031756074,0.1,0.1,4.9455565946898705,9.533321491609785,4.395321088608947,0.4395321088608947,3.968862033843994,3.986084461212158
motor_fault,A6_train_seed_3,50062,250,250,False,250,57,0,0.9850582406067442,21.293638426487068,246.26456015168606,-2.842170943040401e-14,0.1,0.1,5.144367259662894,10.926222847010957,10.184848888839719,1.0184848888839722,3.9675055932998657,3.986344814300537
motor_fault,A6_train_seed_3,50063,250,250,False,250,0,0,0.0,0.0,0.0,5.721686288979313,0.10165941109685661,0.1,5.248861028079366,8.789643287550332,7.744979224534194,0.7907995716647528,3.9684873819351196,3.985513925552368
motor_fault,A6_train_seed_3,50064,250,250,False,250,12,0,0.19945097185096552,6.499058861272467,49.86274296274138,-2.1316282072803006e-14,0.10016534327653955,0.1,9.513858605181957,10.899901788243984,10.780706629178393,1.0798120204729258,3.970956124305725,3.987347364425659
motor_fault,A6_train_seed_3,50065,250,250,False,250,158,0,0.42405311939457957,0.7620549350129864,106.0132798486449,-2.842170943040401e-14,0.10093300819617516,0.1,4.99755167351005,8.221033921395955,8.178197911113678,0.8263454504160301,3.9683508834838865,3.9860029220581055
motor_fault,A6_train_seed_3,50066,250,250,False,250,250,126,11.667428876593712,26.200367461554073,2916.857219148428,-2.842170943040401e-14,0.1,0.1,10.567550613088818,14.089050892615452,9.743810313955862,0.9743810313955863,3.968336964607239,3.9855358600616455
motor_fault,A6_train_seed_3,50067,250,250,False,250,184,0,0.8810824201832143,1.9381290597892675,220.27060504580356,-2.842170943040401e-14,0.1000522170415887,0.1,5.694922906284612,8.121741526653807,6.622047776264654,0.6626702474948538,3.968901322364807,3.98598575592041
motor_fault,A6_train_seed_3,50068,250,250,False,250,7,0,0.008372260531862458,0.776409624364161,2.0930651329656147,-7.105427357601002e-15,0.19677497938094224,0.1,1.2777270801088498,4.935997505283325,8.133745958886173,1.6107954747299946,3.968743727684021,3.98561954498291
motor_fault,A6_train_seed_3,50069,250,250,False,250,17,0,1.2995437728801094,26.697648853691103,324.88594322002734,-2.1316282072803006e-14,0.1,0.1,7.394420599347515,11.268490148022844,10.64144250838178,1.064144250838178,3.9706566438674926,3.986898183822632
motor_fault,A6_train_seed_3,50070,250,250,False,250,0,0,0.0,0.0,0.0,2.814345530117677,0.1007018797247562,0.1,4.9755886060182055,8.331504428428554,8.239363923274555,0.8290423784879358,3.9681510877609254,3.985318183898926
motor_fault,A6_train_seed_3,50071,250,250,False,250,8,0,0.18190983745515496,9.754952039293185,45.47745936378874,-2.1316282072803006e-14,0.10015046314932079,0.1,5.817634605586169,6.607599359618988,10.441336738569214,1.0456828451979807,3.9708564367294312,3.9871463775634766
motor_fault,A6_train_seed_3,50072,250,250,False,250,250,0,3.5140172848926516,20.025883382637787,878.504321223163,-1.4210854715202004e-14,0.10003690328811084,0.1,4.8982375461296295,12.43249855681438,9.53689972141801,0.9540037138186015,3.967170834541321,3.985696315765381
motor_fault,A6_train_seed_3,50073,250,250,False,250,59,0,1.2068216667234846,21.492308556882016,301.70541668087117,-2.842170943040401e-14,0.10027574401602919,0.1,5.70125418689996,11.622348026797692,10.086015272909542,1.0114999749304958,3.967161277770996,3.98555064201355
motor_fault,A6_train_seed_3,50074,250,250,False,250,218,0,0.9291616259017361,1.9732177647534237,232.29040647543403,-2.842170943040401e-14,0.10058660999255868,0.1,6.030856719447185,7.684001403114927,9.381611725873203,0.9423108402422381,3.9683407096862795,3.985384702682495
motor_fault,A6_train_seed_3,50075,250,250,False,250,229,5,0.6262050948061202,3.2115444398396353,156.55127370153005,-4.263256414560601e-14,0.1,0.1,6.648587541534759,11.680202877459957,9.472440302904001,0.9472440302904002,3.968231135368347,3.985840320587158
motor_fault,A6_train_seed_3,50076,39,40,True,39,34,4,13.771489274832073,34.80867608257936,550.8595709932829,-147.68096507814099,0.1,0.1,8.403572354380739,13.177105125764772,9.430643118505595,0.9430643118505593,3.8840344727039335,3.984489917755127
motor_fault,A6_train_seed_3,50077,250,250,False,250,16,3,0.1279452923879068,5.720090246357905,31.986323096976705,-2.1316282072803006e-14,0.12688773328544806,0.1,2.069008581342553,10.624961836415844,9.01959915973765,1.1505391817511064,3.9685782051086425,3.98750376701355
motor_fault,A6_train_seed_3,50078,250,250,False,250,147,0,5.576072336743462,30.42648759088331,1394.0180841858655,-4.263256414560601e-14,0.10034794870480894,0.1,5.838090161012811,12.954763608476817,9.088538052531156,0.9120903931796761,3.968542279243469,3.9876790046691895
motor_fault,A6_train_seed_3,50079,250,250,False,250,250,164,14.116851342536448,25.491384892759108,3529.212835634112,-1.4210854715202004e-14,0.1,0.1,13.627474318247819,19.20166604208623,9.459525929085988,0.9459525929085987,2.7549303722381593,3.9846575260162354
motor_fault,A6_train_seed_3,50080,250,250,False,250,49,0,1.2408921886301036,21.364480037411653,310.2230471575259,-2.842170943040401e-14,0.10007790463177366,0.1,5.06005477632713,11.480943274584614,9.402736296295393,0.940997905249343,3.9671468152999876,3.986074924468994
motor_fault,A6_train_seed_3,50081,250,250,False,250,14,0,0.22173438556982977,17.410530880208256,55.433596392457446,-1.4210854715202004e-14,0.10195558288289354,0.1,3.0539712888274133,10.558236304955678,8.416336438622034,0.8622826403701661,3.9679041061401366,3.9860384464263916
motor_fault,A6_train_seed_3,50082,250,250,False,250,6,0,0.13341281029038657,8.178550635510987,33.35320257259664,-2.842170943040401e-14,0.1,0.1,4.577779884824107,8.306921947370032,8.844933869870275,0.8844933869870274,3.970701802253723,3.986855983734131
motor_fault,A6_train_seed_3,50083,95,95,False,95,46,13,3.790310457957407,20.004255543069707,360.0794935059537,-1.4210854715202004e-14,0.09999999999999996,0.1,5.517665339223978,11.662981009946598,7.650343638831055,0.7650343638831056,3.9425330011468183,3.9863786697387695
motor_fault,A6_train_seed_3,50084,250,250,False,250,9,0,0.2745227374042571,13.903658530945656,68.63068435106428,-2.842170943040401e-14,0.1001523509431153,0.1,4.356311740260154,6.29484175736519,10.368997571942346,1.0382900224697076,3.9708513345718384,3.9871435165405273
motor_fault,A6_train_seed_3,50085,250,250,False,250,211,0,1.3780540824681415,19.988048282316555,344.5135206170354,-1.4210854715202004e-14,0.1,0.1,4.851223483098402,13.341514925315911,9.205510370401285,0.9205510370401286,3.967232936859131,3.985717535018921
motor_fault,A6_train_seed_3,50086,60,60,False,60,19,0,6.23158272345782,30.038259681196028,373.8949634074692,-1.4210854715202004e-14,0.09999999999999996,0.1,6.304515663026711,10.677644788529337,8.816336799229976,0.8816336799229977,3.5936265190442405,3.9863321781158447
motor_fault,A6_train_seed_3,50087,250,250,False,250,151,0,0.09631861451780285,0.6981359555704465,24.079653629450714,-4.973799150320701e-14,0.1016006582870119,0.1,3.9571880697831268,7.684371853853687,7.0118937036414914,0.716350718338985,3.9694969120025636,3.9865853786468506
motor_fault,A6_train_seed_3,50088,250,250,False,250,249,0,9.143294906314928,23.802070558498226,2285.823726578732,-1.4210854715202004e-14,0.10006923540211397,0.1,5.225380100227569,11.011107621758656,10.460827990504665,1.046622258558501,3.9673971071243286,3.985093832015991
motor_fault,A6_train_seed_3,50089,250,250,False,250,31,0,0.2512262831063975,17.038833454819443,62.80657077659937,-2.842170943040401e-14,0.1,0.1,4.681121971255773,9.559754204760258,10.08791204243458,1.008791204243458,3.96754407119751,3.9856951236724854
motor_fault,A6_train_seed_3,50090,250,250,False,250,40,186,2.7122561536544336,28.7290564905297,678.0640384136084,-2.1316282072803006e-14,0.1,0.1,7.228502623056268,11.718556564892273,10.11089611645902,1.011089611645902,3.9700374546051025,3.986372709274292
motor_fault,A6_train_seed_3,50091,250,250,False,250,249,24,6.68453547435307,20.362391635104576,1671.1338685882674,-1.4210854715202004e-14,0.1,0.1,5.32305472561962,14.153536029621595,9.9222539022245,0.9922253902224502,3.9671325178146364,3.9861624240875244
motor_fault,A6_train_seed_3,50092,250,250,False,250,45,5,0.26975986936962076,4.150744973781398,67.4399673424052,-2.842170943040401e-14,0.10136801236356507,0.1,5.442058872375229,11.214866789202919,6.791066549387796,0.687111425622046,3.96825825214386,3.985748767852783
motor_fault,A6_train_seed_3,50093,250,250,False,250,250,6,9.919701769323298,61.12719142207573,2479.9254423308244,-1.4210854715202004e-14,0.10008192362777958,0.1,6.216885215917593,13.220132334988572,10.238097457392021,1.0245861502670697,3.966090250968933,3.9843521118164062
motor_fault,A6_train_seed_3,50094,250,250,False,250,0,0,0.0,0.0,0.0,1.3292950116708582,0.10073481894600195,0.1,4.683690560758956,8.268268494973908,8.548894743883558,0.8624102633883737,3.9684747533798217,3.985203742980957
motor_fault,A6_train_seed_3,50095,250,250,False,250,19,188,0.08690436127736055,1.7741090853157713,21.726090319340138,-2.842170943040401e-14,0.10044902911479639,0.1,9.36288448388734,12.64901015560406,10.65050973990446,1.0694896487050691,3.9704545621871947,3.987029790878296
motor_fault,A6_train_seed_3,50096,250,250,False,250,39,0,2.2402634673671247,25.92873777949771,560.0658668417811,-1.4210854715202004e-14,0.10027354998732167,0.1,11.15209443226936,16.224669884828472,8.582033498003716,0.8605822726233961,3.9696234874725342,3.98653244972229
motor_fault,A6_train_seed_3,50097,250,250,False,250,186,5,1.690158738353625,19.07733741786397,422.53968458840626,-2.842170943040401e-14,0.10010874696547944,0.1,4.623905445321798,10.03484543291068,8.91171351563009,0.8923306077069569,3.96697962474823,3.9858341217041016
motor_fault,A6_train_seed_3,50098,80,80,False,80,27,0,6.760462731661278,29.69857719965128,540.8370185329022,-2.1316282072803006e-14,0.09999999999999999,0.1,6.856731050534019,11.727987036675861,9.336195030183205,0.9336195030183209,3.3551396362483503,3.984745740890503
motor_fault,A6_train_seed_3,50099,44,45,True,44,44,8,7.4157008548731795,46.54459115430519,333.7065384692931,-623.7919312839217,0.09999999999999996,0.1,6.9326088422363785,11.403292600513291,8.99188185310818,0.8991881853108179,3.8956783559587267,3.9862139225006104
id_reference,A5_train_seed_4,50000,250,250,False,250,25,0,0.3102042610395633,5.772265700905675,77.55106525989082,-1.4210854715202004e-14,1.0,1.0,0.0,0.0,6.892861243671256,6.892861243671256,0.0,0.0
id_reference,A5_train_seed_4,50001,150,150,False,150,65,0,4.664876066253537,20.907101976015973,699.7314099380307,-5.684341886080802e-14,1.0,1.0,0.0,0.0,7.066987910491451,7.066987910491451,0.0,0.0
id_reference,A5_train_seed_4,50002,250,250,False,250,41,0,0.8590219893880928,7.493378118080923,214.7554973470232,-1.7763568394002505e-14,1.0,1.0,0.0,0.0,4.037457503179681,4.037457503179681,0.0,0.0
id_reference,A5_train_seed_4,50003,250,250,False,250,41,0,2.1583610319913644,20.309978470377523,539.5902579978411,-2.6645352591003757e-14,1.0,1.0,0.0,0.0,6.368609583281586,6.368609583281586,0.0,0.0
id_reference,A5_train_seed_4,50004,68,68,False,68,40,0,7.6246092069358085,26.52832699623321,518.473426071635,-7.815970093361102e-14,1.0,1.0,0.0,0.0,7.6419045427367776,7.6419045427367776,0.0,0.0
id_reference,A5_train_seed_4,50005,250,250,False,250,62,0,1.6813448113227296,15.189679957539278,420.3362028306824,-2.842170943040401e-14,1.0,1.0,0.0,0.0,6.00629615158473,6.00629615158473,0.0,0.0
id_reference,A5_train_seed_4,50006,250,250,False,250,30,0,0.9758124632215358,11.574644278962069,243.95311580538396,-2.1316282072803006e-14,1.0,1.0,0.0,0.0,5.97109510503908,5.97109510503908,0.0,0.0
id_reference,A5_train_seed_4,50007,75,75,False,75,29,0,5.681693151606774,26.823413075441533,426.12698637050806,-1.4210854715202004e-14,1.0,1.0,0.0,0.0,6.879165945588725,6.879165945588725,0.0,0.0
id_reference,A5_train_seed_4,50008,96,96,False,96,96,0,5.066067129979172,24.94524411626239,486.34244447800046,-4.263256414560601e-14,1.0,1.0,0.0,0.0,7.939744623879766,7.939744623879766,0.0,0.0
id_reference,A5_train_seed_4,50009,250,250,False,250,50,0,4.300065696998087,33.40591860186759,1075.0164242495216,-1.4210854715202004e-14,1.0,1.0,0.0,0.0,8.748571285212252,8.748571285212252,0.0,0.0
id_reference,A5_train_seed_4,50010,250,250,False,250,20,0,1.2404099474538293,19.610789199321804,310.10248686345733,-7.105427357601002e-15,1.0,1.0,0.0,0.0,5.482290045355141,5.482290045355141,0.0,0.0
id_reference,A5_train_seed_4,50011,250,250,False,250,4,0,0.015427911384647004,2.319014049145232,3.856977846161751,-3.552713678800501e-15,1.0,1.0,0.0,0.0,3.4614641166347306,3.4614641166347306,0.0,0.0
id_reference,A5_train_seed_4,50012,250,250,False,250,25,0,1.0823369947408823,21.304514521283807,270.5842486852206,-3.552713678800501e-14,1.0,1.0,0.0,0.0,5.128936413575022,5.128936413575022,0.0,0.0
id_reference,A5_train_seed_4,50013,250,250,False,250,52,0,2.7461390596382445,18.080620233954445,686.5347649095611,-7.105427357601002e-14,1.0,1.0,0.0,0.0,6.799730929871041,6.799730929871041,0.0,0.0
id_reference,A5_train_seed_4,50014,250,250,False,250,247,0,4.519682158841353,12.944683034207408,1129.9205397103383,-8.526512829121202e-14,1.0,1.0,0.0,0.0,9.461822677720873,9.461822677720873,0.0,0.0
id_reference,A5_train_seed_4,50015,250,250,False,250,40,0,2.3342511599108837,23.770455438445943,583.562789977721,-6.394884621840902e-14,1.0,1.0,0.0,0.0,5.487418242859909,5.487418242859909,0.0,0.0
id_reference,A5_train_seed_4,50016,250,250,False,250,45,0,3.219156671818613,28.968678800963055,804.7891679546533,-6.394884621840902e-14,1.0,1.0,0.0,0.0,6.225981076793513,6.225981076793513,0.0,0.0
id_reference,A5_train_seed_4,50017,250,250,False,250,240,0,2.7140499603610366,21.585031165143388,678.5124900902591,-4.263256414560601e-14,1.0,1.0,0.0,0.0,7.072882687340436,7.072882687340436,0.0,0.0
id_reference,A5_train_seed_4,50018,50,51,True,50,50,0,22.691406316042123,30.98601235229042,1157.2617221181483,-37.520490913143774,1.0,1.0,0.0,0.0,7.979172373276789,7.979172373276789,0.0,0.0
id_reference,A5_train_seed_4,50019,124,124,False,124,74,0,10.876258404806137,31.94787343993408,1348.656042195961,-1.4210854715202004e-14,1.0,1.0,0.0,0.0,9.076510028705195,9.076510028705195,0.0,0.0
id_reference,A5_train_seed_4,50020,60,60,False,60,41,0,3.172770758958776,9.558269309795193,190.36624553752657,-4.973799150320701e-14,1.0,1.0,0.0,0.0,7.624492482431965,7.624492482431965,0.0,0.0
id_reference,A5_train_seed_4,50021,46,46,False,46,24,0,2.092423196720862,6.153913574273406,96.25146704915964,-1.4210854715202004e-14,1.0,1.0,0.0,0.0,7.727890274691981,7.727890274691981,0.0,0.0
id_reference,A5_train_seed_4,50022,73,73,False,73,28,0,5.760060255742329,19.561494574057306,420.48439866919,-4.618527782440651e-14,1.0,1.0,0.0,0.0,8.022389992963271,8.022389992963271,0.0,0.0
id_reference,A5_train_seed_4,50023,70,70,False,70,38,0,4.979452750247941,23.87723281600868,348.5616925173559,-4.263256414560601e-14,1.0,1.0,0.0,0.0,5.5553479447187675,5.5553479447187675,0.0,0.0
id_reference,A5_train_seed_4,50024,32,32,False,32,4,0,0.2294655676786909,2.7780575670169867,7.3428981657181085,-7.105427357601002e-15,1.0,1.0,0.0,0.0,3.0202173777266377,3.0202173777266377,0.0,0.0
id_reference,A5_train_seed_4,50025,250,250,False,250,42,0,2.105700574612189,19.677092297608237,526.4251436530473,-1.4210854715202004e-14,1.0,1.0,0.0,0.0,8.623544424615677,8.623544424615677,0.0,0.0
id_reference,A5_train_seed_4,50026,250,250,False,250,246,0,5.887159481531989,9.50341267795198,1471.7898703829972,-4.263256414560601e-14,1.0,1.0,0.0,0.0,8.48734289100732,8.48734289100732,0.0,0.0
id_reference,A5_train_seed_4,50027,250,250,False,250,24,0,0.5445956453674181,10.34400225891511,136.14891134185453,-1.4210854715202004e-14,1.0,1.0,0.0,0.0,3.6782757310075396,3.6782757310075396,0.0,0.0
id_reference,A5_train_seed_4,50028,250,250,False,250,24,0,1.2004614598032386,20.273410470974827,300.11536495080964,-8.526512829121202e-14,1.0,1.0,0.0,0.0,3.992615968309028,3.992615968309028,0.0,0.0
id_reference,A5_train_seed_4,50029,81,81,False,81,50,0,9.49201670163117,31.722586466992624,768.8533528321248,-1.4210854715202004e-14,1.0,1.0,0.0,0.0,8.51332129955499,8.51332129955499,0.0,0.0
id_reference,A5_train_seed_4,50030,79,79,False,79,59,0,7.241048431915038,21.80279001127609,572.042826121288,-5.684341886080802e-14,1.0,1.0,0.0,0.0,7.438085279188634,7.438085279188634,0.0,0.0
id_reference,A5_train_seed_4,50031,58,58,False,58,33,0,5.4653650762080215,18.586598978367586,316.99117442006525,-1.4210854715202004e-14,1.0,1.0,0.0,0.0,5.471495871623615,5.471495871623615,0.0,0.0
id_reference,A5_train_seed_4,50032,53,53,False,53,26,0,8.12016200905131,20.386505359149467,430.3685864797194,-2.1316282072803006e-14,1.0,1.0,0.0,0.0,6.156892395995767,6.156892395995767,0.0,0.0
id_reference,A5_train_seed_4,50033,35,35,False,35,8,0,0.799850474715567,5.061571588822185,27.994766615044846,-7.105427357601002e-15,1.0,1.0,0.0,0.0,6.238103590106215,6.238103590106215,0.0,0.0
id_reference,A5_train_seed_4,50034,250,250,False,250,31,0,0.6174711816281689,6.476766526646955,154.36779540704222,-1.4210854715202004e-14,1.0,1.0,0.0,0.0,3.7154124111302744,3.7154124111302744,0.0,0.0
id_reference,A5_train_seed_4,50035,232,232,False,232,231,0,2.723904252255676,9.173189291295843,631.9457865233169,-2.1316282072803006e-14,1.0,1.0,0.0,0.0,8.684926359906683,8.684926359906683,0.0,0.0
id_reference,A5_train_seed_4,50036,84,84,False,84,45,0,4.24141548877317,11.160580209567174,356.2789010569463,-2.842170943040401e-14,1.0,1.0,0.0,0.0,6.9634917493307755,6.9634917493307755,0.0,0.0
id_reference,A5_train_seed_4,50037,74,74,False,74,36,0,4.752923459431959,16.19821401190145,351.71633599796496,-4.973799150320701e-14,1.0,1.0,0.0,0.0,6.503082476903651,6.503082476903651,0.0,0.0
id_reference,A5_train_seed_4,50038,98,98,False,98,82,0,5.994303362534,17.881160762848943,587.441729528332,-2.842170943040401e-14,1.0,1.0,0.0,0.0,8.14710056916494,8.14710056916494,0.0,0.0
id_reference,A5_train_seed_4,50039,80,80,False,80,44,0,3.2074428355118956,6.541827026159404,256.59542684095163,-2.842170943040401e-14,1.0,1.0,0.0,0.0,6.781671930541276,6.781671930541276,0.0,0.0
id_reference,A5_train_seed_4,50040,250,250,False,250,23,0,0.46688350359340747,11.158909349362302,116.72087589835186,-2.842170943040401e-14,1.0,1.0,0.0,0.0,4.9851478602745845,4.9851478602745845,0.0,0.0
id_reference,A5_train_seed_4,50041,58,58,False,58,17,0,3.1674140958694768,18.930417001637213,183.71001756042966,-7.460698725481052e-14,1.0,1.0,0.0,0.0,7.580180509185962,7.580180509185962,0.0,0.0
id_reference,A5_train_seed_4,50042,250,250,False,250,26,0,0.4404786327985529,6.925196865393292,110.11965819963824,-2.842170943040401e-14,1.0,1.0,0.0,0.0,4.5786676158127,4.5786676158127,0.0,0.0
id_reference,A5_train_seed_4,50043,34,34,False,34,18,0,2.164145024582606,5.847672829453868,73.58093083580862,-2.842170943040401e-14,1.0,1.0,0.0,0.0,7.07818034940268,7.07818034940268,0.0,0.0
id_reference,A5_train_seed_4,50044,250,250,False,250,34,0,1.5677940396348766,17.61044615170404,391.94850990871913,-6.394884621840902e-14,1.0,1.0,0.0,0.0,5.329268028419988,5.329268028419988,0.0,0.0
id_reference,A5_train_seed_4,50045,250,250,False,250,71,0,5.685849934517078,32.444411049137706,1421.4624836292696,-2.842170943040401e-14,1.0,1.0,0.0,0.0,8.680409456222062,8.680409456222062,0.0,0.0
id_reference,A5_train_seed_4,50046,250,250,False,250,21,0,1.0993194847019234,21.961925224590953,274.82987117548083,-1.4210854715202004e-14,1.0,1.0,0.0,0.0,4.927692659367857,4.927692659367857,0.0,0.0
id_reference,A5_train_seed_4,50047,250,250,False,250,12,0,0.1709093987559612,6.500029131125135,42.7273496889903,-2.1316282072803006e-14,1.0,1.0,0.0,0.0,4.852349461030585,4.852349461030585,0.0,0.0
id_reference,A5_train_seed_4,50048,250,250,False,250,33,0,1.1735647089687122,17.122904734341134,293.39117724217806,-1.4210854715202004e-14,1.0,1.0,0.0,0.0,7.9714795355995065,7.9714795355995065,0.0,0.0
id_reference,A5_train_seed_4,50049,81,81,False,81,26,0,5.120919932637696,19.23807167716308,414.79451454365335,-2.1316282072803006e-14,1.0,1.0,0.0,0.0,6.648726835173098,6.648726835173098,0.0,0.0
id_reference,A5_train_seed_4,50050,250,250,False,250,78,0,2.388526727319903,13.766276582427304,597.1316818299758,-4.263256414560601e-14,1.0,1.0,0.0,0.0,7.831098221602066,7.831098221602066,0.0,0.0
id_reference,A5_train_seed_4,50051,250,250,False,250,250,0,9.907295189495134,17.3032888901395,2476.8237973737832,-1.4210854715202004e-14,1.0,1.0,0.0,0.0,8.591864589972083,8.591864589972083,0.0,0.0
id_reference,A5_train_seed_4,50052,250,250,False,250,249,0,9.067853023055756,28.65086366464758,2266.963255763939,-4.973799150320701e-14,1.0,1.0,0.0,0.0,6.029549904375131,6.029549904375131,0.0,0.0
id_reference,A5_train_seed_4,50053,85,85,False,85,25,0,4.944675593294461,22.841412475467646,420.2974254300292,-7.105427357601002e-14,1.0,1.0,0.0,0.0,6.392462390875557,6.392462390875557,0.0,0.0
id_reference,A5_train_seed_4,50054,250,250,False,250,68,0,2.088981606312429,15.123839208022353,522.2454015781072,-4.263256414560601e-14,1.0,1.0,0.0,0.0,7.874913853502875,7.874913853502875,0.0,0.0
id_reference,A5_train_seed_4,50055,250,250,False,250,44,0,3.3924745235575493,30.812005365105353,848.1186308893873,-2.1316282072803006e-14,1.0,1.0,0.0,0.0,6.069444099961303,6.069444099961303,0.0,0.0
id_reference,A5_train_seed_4,50056,250,250,False,250,9,0,0.11071289250237488,5.166764070020134,27.67822312559372,-1.0658141036401503e-14,1.0,1.0,0.0,0.0,3.9963655875837967,3.9963655875837967,0.0,0.0
id_reference,A5_train_seed_4,50057,69,69,False,69,26,0,4.236769977443636,16.067941487773734,292.3371284436109,-2.1316282072803006e-14,1.0,1.0,0.0,0.0,6.6601647438417375,6.6601647438417375,0.0,0.0
id_reference,A5_train_seed_4,50058,250,250,False,250,42,0,2.558307117871285,26.736163248307033,639.5767794678212,-1.7763568394002505e-14,1.0,1.0,0.0,0.0,6.947108654145976,6.947108654145976,0.0,0.0
id_reference,A5_train_seed_4,50059,250,250,False,250,248,0,4.725723455828989,10.476731598807746,1181.4308639572473,-2.4868995751603507e-14,1.0,1.0,0.0,0.0,8.395987792674763,8.395987792674763,0.0,0.0
id_reference,A5_train_seed_4,50060,250,250,False,250,33,0,1.8179291121333527,19.387019849938056,454.48227803333816,-2.1316282072803006e-14,1.0,1.0,0.0,0.0,6.859050409187769,6.859050409187769,0.0,0.0
id_reference,A5_train_seed_4,50061,250,250,False,250,6,0,0.04199650054757535,3.1811166276022718,10.499125136893838,0.0,1.0,1.0,0.0,0.0,3.330276560493989,3.330276560493989,0.0,0.0
id_reference,A5_train_seed_4,50062,250,250,False,250,49,0,1.6065287739365057,14.3807363117008,401.63219348412645,-4.263256414560601e-14,1.0,1.0,0.0,0.0,7.054161463492175,7.054161463492175,0.0,0.0
id_reference,A5_train_seed_4,50063,38,38,False,38,22,0,1.6952601445454083,5.0942909343646905,64.41988549272551,-1.7763568394002505e-14,1.0,1.0,0.0,0.0,8.027884371024784,8.027884371024784,0.0,0.0
id_reference,A5_train_seed_4,50064,250,250,False,250,17,0,0.6445329297459398,14.82366114685203,161.13323243648495,-2.1316282072803006e-14,1.0,1.0,0.0,0.0,5.780119099238199,5.780119099238199,0.0,0.0
id_reference,A5_train_seed_4,50065,250,250,False,250,18,0,0.27886377388251987,5.326622206950154,69.71594347062997,-3.552713678800501e-14,1.0,1.0,0.0,0.0,2.787304122450589,2.787304122450589,0.0,0.0
id_reference,A5_train_seed_4,50066,250,250,False,250,54,0,4.049739676059821,32.901273231588085,1012.4349190149553,-2.842170943040401e-14,1.0,1.0,0.0,0.0,7.9314573356421025,7.9314573356421025,0.0,0.0
id_reference,A5_train_seed_4,50067,250,250,False,250,25,0,0.4681893981983642,6.560151638486984,117.04734954959105,-1.4210854715202004e-14,1.0,1.0,0.0,0.0,3.346213906367103,3.346213906367103,0.0,0.0
id_reference,A5_train_seed_4,50068,59,59,False,59,17,0,1.2217273471957457,6.137595663911466,72.08191348454899,-2.842170943040401e-14,1.0,1.0,0.0,0.0,4.372459666153237,4.372459666153237,0.0,0.0
id_reference,A5_train_seed_4,50069,58,58,False,58,18,0,4.028340476722891,19.77953158515753,233.64374764992772,-8.526512829121202e-14,1.0,1.0,0.0,0.0,8.210390428623258,8.210390428623258,0.0,0.0
id_reference,A5_train_seed_4,50070,45,45,False,45,24,0,1.407465179727612,5.880198614083693,63.335933087742546,-2.842170943040401e-14,1.0,1.0,0.0,0.0,7.700588696807921,7.700588696807921,0.0,0.0
id_reference,A5_train_seed_4,50071,250,250,False,250,13,0,0.46790934384373245,17.463999035799453,116.97733596093312,-1.4210854715202004e-14,1.0,1.0,0.0,0.0,5.254317863462238,5.254317863462238,0.0,0.0
id_reference,A5_train_seed_4,50072,250,250,False,250,250,0,11.469817863087043,17.99043929558343,2867.4544657717606,-1.4210854715202004e-14,1.0,1.0,0.0,0.0,10.112252786356835,10.112252786356835,0.0,0.0
id_reference,A5_train_seed_4,50073,121,121,False,121,90,0,6.147618692910557,16.80980901549903,743.8618618421774,-4.263256414560601e-14,1.0,1.0,0.0,0.0,8.525676835660288,8.525676835660288,0.0,0.0
id_reference,A5_train_seed_4,50074,250,250,False,250,33,0,0.4499317973678958,6.035850893751525,112.48294934197395,-2.1316282072803006e-14,1.0,1.0,0.0,0.0,5.561488097989492,5.561488097989492,0.0,0.0
id_reference,A5_train_seed_4,50075,250,250,False,250,89,0,1.3843086335522274,9.36228470280351,346.0771583880569,-1.4210854715202004e-14,1.0,1.0,0.0,0.0,9.092882899585543,9.092882899585543,0.0,0.0
id_reference,A5_train_seed_4,50076,250,250,False,250,250,4,12.359879065152885,30.879969759263155,3089.9697662882213,-3.197442310920451e-14,1.0,1.0,0.0,0.0,9.237423585549838,9.237423585549838,0.0,0.0
id_reference,A5_train_seed_4,50077,250,250,False,250,17,2,0.3461137348874685,10.852013576908446,86.52843372186712,-2.842170943040401e-14,1.0,1.0,0.0,0.0,7.190648133154613,7.190648133154613,0.0,0.0
id_reference,A5_train_seed_4,50078,250,250,False,250,30,0,0.6278623432239776,6.565371811704518,156.9655858059944,-3.197442310920451e-14,1.0,1.0,0.0,0.0,6.089218566040772,6.089218566040772,0.0,0.0
id_reference,A5_train_seed_4,50079,250,250,False,250,66,0,4.623767295585378,31.242478452878505,1155.9418238963447,-1.4210854715202004e-14,1.0,1.0,0.0,0.0,4.605886462187769,4.605886462187769,0.0,0.0
id_reference,A5_train_seed_4,50080,91,91,False,91,72,0,6.5890037536432375,15.381174702453043,599.5993415815346,-2.842170943040401e-14,1.0,1.0,0.0,0.0,8.056116296166762,8.056116296166762,0.0,0.0
id_reference,A5_train_seed_4,50081,250,250,False,250,27,0,0.439296522715297,20.384837586948915,109.82413067882425,-1.7763568394002505e-14,1.0,1.0,0.0,0.0,3.47025682890423,3.47025682890423,0.0,0.0
id_reference,A5_train_seed_4,50082,250,250,False,250,118,0,2.465725335000853,16.419579846566226,616.4313337502132,-2.842170943040401e-14,1.0,1.0,0.0,0.0,7.565823257466018,7.565823257466018,0.0,0.0
id_reference,A5_train_seed_4,50083,126,126,False,126,92,0,4.712836833867009,19.17586159676647,593.8174410672431,-1.5987211554602254e-14,1.0,1.0,0.0,0.0,5.785711563370381,5.785711563370381,0.0,0.0
id_reference,A5_train_seed_4,50084,250,250,False,250,15,0,0.623070212898944,20.830416794304895,155.76755322473602,-2.1316282072803006e-14,1.0,1.0,0.0,0.0,5.454171236558155,5.454171236558155,0.0,0.0
id_reference,A5_train_seed_4,50085,250,250,False,250,250,0,9.870993974944053,21.935866923945575,2467.748493736013,-1.9539925233402755e-14,1.0,1.0,0.0,0.0,10.266564453811537,10.266564453811537,0.0,0.0
id_reference,A5_train_seed_4,50086,250,250,False,250,21,0,1.607248283006391,32.59036684800635,401.81207075159773,-6.394884621840902e-14,1.0,1.0,0.0,0.0,6.586878996851832,6.586878996851832,0.0,0.0
id_reference,A5_train_seed_4,50087,62,62,False,62,28,0,2.4212310469893388,7.407781061672873,150.116324913339,-2.1316282072803006e-14,1.0,1.0,0.0,0.0,5.939621545788113,5.939621545788113,0.0,0.0
id_reference,A5_train_seed_4,50088,250,250,False,250,249,0,12.250463672577647,24.023632854941937,3062.615918144412,-2.3092638912203256e-14,1.0,1.0,0.0,0.0,6.6498374870250485,6.6498374870250485,0.0,0.0
id_reference,A5_train_seed_4,50089,250,250,False,250,57,0,1.4324738708817604,18.81931294910252,358.1184677204401,-2.842170943040401e-14,1.0,1.0,0.0,0.0,6.049644703602758,6.049644703602758,0.0,0.0
id_reference,A5_train_seed_4,50090,250,250,False,250,38,0,3.034018129531566,32.00485714759333,758.5045323828915,-2.1316282072803006e-14,1.0,1.0,0.0,0.0,8.99988983160748,8.99988983160748,0.0,0.0
id_reference,A5_train_seed_4,50091,250,250,False,250,247,0,13.04721915344102,17.341602751880743,3261.804788360255,-1.4210854715202004e-14,1.0,1.0,0.0,0.0,10.28612017915133,10.28612017915133,0.0,0.0
id_reference,A5_train_seed_4,50092,250,250,False,250,73,0,1.2947299788456805,8.297950752655403,323.68249471142013,-1.4210854715202004e-14,1.0,1.0,0.0,0.0,8.750718900381587,8.750718900381587,0.0,0.0
id_reference,A5_train_seed_4,50093,250,250,False,250,250,0,12.52531754236232,30.733764747970294,3131.32938559058,-1.7763568394002505e-14,1.0,1.0,0.0,0.0,8.923740709097531,8.923740709097531,0.0,0.0
id_reference,A5_train_seed_4,50094,36,36,False,36,18,0,2.0696408656337137,7.543892149547587,74.5070711628137,-1.4210854715202004e-14,1.0,1.0,0.0,0.0,6.953929246924034,6.953929246924034,0.0,0.0
id_reference,A5_train_seed_4,50095,98,98,False,98,27,0,1.667035043784383,7.950138850946189,163.36943429086955,-2.1316282072803006e-14,1.0,1.0,0.0,0.0,6.472164591324694,6.472164591324694,0.0,0.0
id_reference,A5_train_seed_4,50096,82,82,False,82,37,0,5.769828909097853,19.409056844059585,473.12597054602395,-7.105427357601002e-14,1.0,1.0,0.0,0.0,6.558731785498453,6.558731785498453,0.0,0.0
id_reference,A5_train_seed_4,50097,250,250,False,250,246,0,4.122739829480437,9.522861599056258,1030.6849573701093,-5.684341886080802e-14,1.0,1.0,0.0,0.0,10.020684848402878,10.020684848402878,0.0,0.0
id_reference,A5_train_seed_4,50098,250,250,False,250,35,0,1.7223562588141927,30.950195804756962,430.58906470354816,-2.1316282072803006e-14,1.0,1.0,0.0,0.0,6.501420084655385,6.501420084655385,0.0,0.0
id_reference,A5_train_seed_4,50099,250,250,False,250,250,0,5.2816517283862625,10.711734916295278,1320.4129320965656,-4.263256414560601e-14,1.0,1.0,0.0,0.0,9.362550733611814,9.362550733611814,0.0,0.0
ood_compound,A5_train_seed_4,50000,250,250,False,250,143,0,2.026822396776439,8.395927293673468,506.70559919410977,-4.973799150320701e-14,1.0,1.0,0.0,0.0,7.00594977698296,7.00594977698296,0.0,0.0
ood_compound,A5_train_seed_4,50001,250,250,False,250,232,0,6.254311981561977,26.696941259295993,1563.5779953904942,-7.105427357601002e-14,1.0,1.0,0.0,0.0,9.258864202105345,9.258864202105345,0.0,0.0
ood_compound,A5_train_seed_4,50002,250,250,False,250,245,0,7.861621597894323,16.14677288290007,1965.4053994735807,-8.526512829121202e-14,1.0,1.0,0.0,0.0,7.4587864473676495,7.4587864473676495,0.0,0.0
ood_compound,A5_train_seed_4,50003,56,57,True,56,53,4,16.72748614471379,38.894335626936865,953.466710248686,-444.1907744092965,1.0,1.0,0.0,0.0,8.970056283543437,8.970056283543437,0.0,0.0
ood_compound,A5_train_seed_4,50004,250,250,False,250,234,3,13.106412373781314,30.833755818555026,3276.6030934453283,-5.684341886080802e-14,1.0,1.0,0.0,0.0,8.571446163517878,8.571446163517878,0.0,0.0
ood_compound,A5_train_seed_4,50005,250,250,False,250,235,0,6.395528542962595,19.985495910821424,1598.882135740649,-7.105427357601002e-14,1.0,1.0,0.0,0.0,9.037057777078699,9.037057777078699,0.0,0.0
ood_compound,A5_train_seed_4,50006,250,250,False,250,114,0,3.864258271248751,17.810384134919865,966.0645678121878,-2.1316282072803006e-14,1.0,1.0,0.0,0.0,5.6173737978029115,5.6173737978029115,0.0,0.0
ood_compound,A5_train_seed_4,50007,62,63,True,62,57,3,15.761593995462638,47.28310241738151,992.9804217141462,-556.3900081505903,1.0,1.0,0.0,0.0,8.853670860776296,8.853670860776296,0.0,0.0
ood_compound,A5_train_seed_4,50008,250,250,False,250,244,3,7.421292483438353,24.94524411626239,1855.3231208595882,-8.526512829121202e-14,1.0,1.0,0.0,0.0,9.02282093031253,9.02282093031253,0.0,0.0
ood_compound,A5_train_seed_4,50009,250,250,False,250,163,17,16.538945624082746,32.29265130149269,4134.736406020686,-2.842170943040401e-14,1.0,1.0,0.0,0.0,9.494020459980398,9.494020459980398,0.0,0.0
ood_compound,A5_train_seed_4,50010,250,250,False,250,68,0,4.921722402789276,27.318579293256008,1230.4306006973188,-2.1316282072803006e-14,1.0,1.0,0.0,0.0,10.076565592743918,10.076565592743918,0.0,0.0
ood_compound,A5_train_seed_4,50011,250,250,False,250,235,0,6.0747486863757585,16.88588653386949,1518.6871715939396,-5.684341886080802e-14,1.0,1.0,0.0,0.0,8.616428733393745,8.616428733393745,0.0,0.0
ood_compound,A5_train_seed_4,50012,185,185,False,185,105,0,5.612592001101409,22.955785465240478,1038.3295202037607,-5.684341886080802e-14,1.0,1.0,0.0,0.0,6.379391416318936,6.379391416318936,0.0,0.0
ood_compound,A5_train_seed_4,50013,250,250,False,250,250,0,15.115587651637528,17.821205646879157,3778.896912909382,-7.105427357601002e-14,1.0,1.0,0.0,0.0,7.8313544577970475,7.8313544577970475,0.0,0.0
ood_compound,A5_train_seed_4,50014,250,250,False,250,250,0,8.389421549275049,22.968498921879693,2097.355387318762,-5.684341886080802e-14,1.0,1.0,0.0,0.0,9.581768404434783,9.581768404434783,0.0,0.0
ood_compound,A5_train_seed_4,50015,250,250,False,250,135,0,8.553288256574339,30.748836700108715,2138.3220641435846,-3.552713678800501e-14,1.0,1.0,0.0,0.0,6.165222811910076,6.165222811910076,0.0,0.0
ood_compound,A5_train_seed_4,50016,250,250,False,250,181,0,12.503870821327629,28.56054329314071,3125.9677053319074,-2.842170943040401e-14,1.0,1.0,0.0,0.0,6.279194906353101,6.279194906353101,0.0,0.0
ood_compound,A5_train_seed_4,50017,250,250,False,250,247,0,6.968964168084131,21.585031165143388,1742.2410420210329,-8.526512829121202e-14,1.0,1.0,0.0,0.0,8.906949056301734,8.906949056301734,0.0,0.0
ood_compound,A5_train_seed_4,50018,250,250,False,250,245,0,16.318265981606455,29.654187742327842,4079.5664954016133,-2.842170943040401e-14,1.0,1.0,0.0,0.0,6.777563835421434,6.777563835421434,0.0,0.0
ood_compound,A5_train_seed_4,50019,250,250,False,250,250,0,18.591720610251237,20.933040946402926,4647.930152562809,-2.842170943040401e-14,1.0,1.0,0.0,0.0,8.29219557895148,8.29219557895148,0.0,0.0
ood_compound,A5_train_seed_4,50020,250,250,False,250,156,0,4.01954740373336,15.43349054350683,1004.8868509333399,-2.4868995751603507e-14,1.0,1.0,0.0,0.0,6.988678997201987,6.988678997201987,0.0,0.0
ood_compound,A5_train_seed_4,50021,250,250,False,250,211,0,6.723149801875592,15.309257799105206,1680.787450468898,-7.105427357601002e-14,1.0,1.0,0.0,0.0,7.347500191019479,7.347500191019479,0.0,0.0
ood_compound,A5_train_seed_4,50022,250,250,False,250,95,0,4.924743019432098,27.586164134155037,1231.1857548580244,-3.552713678800501e-14,1.0,1.0,0.0,0.0,8.356133794962966,8.356133794962966,0.0,0.0
ood_compound,A5_train_seed_4,50023,250,250,False,250,169,0,4.247291779888074,23.81046608144388,1061.8229449720184,-3.552713678800501e-14,1.0,1.0,0.0,0.0,8.850134372281016,8.850134372281016,0.0,0.0
ood_compound,A5_train_seed_4,50024,250,250,False,250,247,0,7.091531428519551,21.335974648229044,1772.8828571298877,-7.105427357601002e-14,1.0,1.0,0.0,0.0,7.664156043605762,7.664156043605762,0.0,0.0
ood_compound,A5_train_seed_4,50025,250,250,False,250,100,0,4.179020506935542,25.006574192264136,1044.7551267338854,-2.842170943040401e-14,1.0,1.0,0.0,0.0,8.256028760006435,8.256028760006435,0.0,0.0
ood_compound,A5_train_seed_4,50026,250,250,False,250,246,0,6.596310504807776,17.538876289959727,1649.077626201944,-5.684341886080802e-14,1.0,1.0,0.0,0.0,8.150047981838584,8.150047981838584,0.0,0.0
ood_compound,A5_train_seed_4,50027,250,250,False,250,99,0,4.075301103754053,23.842779767957623,1018.8252759385132,-2.1316282072803006e-14,1.0,1.0,0.0,0.0,8.226784295148436,8.226784295148436,0.0,0.0
ood_compound,A5_train_seed_4,50028,250,250,False,250,109,0,5.525777596282378,29.758132448130166,1381.4443990705945,-2.1316282072803006e-14,1.0,1.0,0.0,0.0,7.188999094751087,7.188999094751087,0.0,0.0
ood_compound,A5_train_seed_4,50029,250,250,False,250,250,0,21.18555188040877,30.316013684611107,5296.387970102192,-2.842170943040401e-14,1.0,1.0,0.0,0.0,7.0956325156357,7.0956325156357,0.0,0.0
ood_compound,A5_train_seed_4,50030,250,250,False,250,183,2,4.694577496249172,25.43376632579364,1173.644374062293,-2.842170943040401e-14,1.0,1.0,0.0,0.0,8.175326740564742,8.175326740564742,0.0,0.0
ood_compound,A5_train_seed_4,50031,250,250,False,250,240,0,5.164917873281181,19.850267875781512,1291.2294683202952,-8.526512829121202e-14,1.0,1.0,0.0,0.0,8.797620986369994,8.797620986369994,0.0,0.0
ood_compound,A5_train_seed_4,50032,250,250,False,250,88,0,6.759130765287631,29.80118377923016,1689.7826913219078,-1.4210854715202004e-14,1.0,1.0,0.0,0.0,8.77948181650231,8.77948181650231,0.0,0.0
ood_compound,A5_train_seed_4,50033,250,250,False,250,220,0,10.717954110358765,23.853159608361437,2679.4885275896913,-9.947598300641403e-14,1.0,1.0,0.0,0.0,7.513529953129003,7.513529953129003,0.0,0.0
ood_compound,A5_train_seed_4,50034,250,250,False,250,242,0,9.969134499976498,23.380807960729406,2492.2836249941247,-8.526512829121202e-14,1.0,1.0,0.0,0.0,7.392823091892682,7.392823091892682,0.0,0.0
ood_compound,A5_train_seed_4,50035,250,250,False,250,249,0,9.49498982417381,23.463956158454504,2373.7474560434525,-1.1368683772161603e-13,1.0,1.0,0.0,0.0,8.559503275144722,8.559503275144722,0.0,0.0
ood_compound,A5_train_seed_4,50036,250,250,False,250,242,0,14.443004383125293,25.389562604460295,3610.7510957813233,-7.105427357601002e-14,1.0,1.0,0.0,0.0,6.938344082303896,6.938344082303896,0.0,0.0
ood_compound,A5_train_seed_4,50037,250,250,False,250,250,0,17.508727859020563,26.29636936406116,4377.181964755141,-7.105427357601002e-14,1.0,1.0,0.0,0.0,5.840683668302951,5.840683668302951,0.0,0.0
ood_compound,A5_train_seed_4,50038,250,250,False,250,245,0,7.773700401837606,20.523052303198988,1943.4251004594014,-4.263256414560601e-14,1.0,1.0,0.0,0.0,10.219680651567707,10.219680651567707,0.0,0.0
ood_compound,A5_train_seed_4,50039,250,250,False,250,212,0,6.98882988847994,17.291565550782686,1747.2074721199851,-7.815970093361102e-14,1.0,1.0,0.0,0.0,8.27225880261142,8.27225880261142,0.0,0.0
ood_compound,A5_train_seed_4,50040,250,250,False,250,231,0,6.064151047664595,19.74206623213546,1516.0377619161486,-5.684341886080802e-14,1.0,1.0,0.0,0.0,9.869966659213743,9.869966659213743,0.0,0.0
ood_compound,A5_train_seed_4,50041,250,250,False,250,96,0,3.93182564819469,25.025567781544325,982.9564120486724,-7.815970093361102e-14,1.0,1.0,0.0,0.0,7.070515624682812,7.070515624682812,0.0,0.0
ood_compound,A5_train_seed_4,50042,250,250,False,250,246,0,5.831560617817619,13.020556631313378,1457.8901544544046,-4.263256414560601e-14,1.0,1.0,0.0,0.0,8.19568416005957,8.19568416005957,0.0,0.0
ood_compound,A5_train_seed_4,50043,250,250,False,250,250,0,5.591575464447074,5.921826681213015,1397.8938661117686,-9.237055564881302e-14,1.0,1.0,0.0,0.0,8.121608847604518,8.121608847604518,0.0,0.0
ood_compound,A5_train_seed_4,50044,250,250,False,250,250,0,17.103187681324787,23.498510423390133,4275.796920331197,-1.3500311979441904e-13,1.0,1.0,0.0,0.0,8.698389087631602,8.698389087631602,0.0,0.0
ood_compound,A5_train_seed_4,50045,250,250,False,250,250,127,13.723633636136132,26.95357288157619,3430.908409034033,-2.842170943040401e-14,1.0,1.0,0.0,0.0,9.952726249821657,9.952726249821657,0.0,0.0
ood_compound,A5_train_seed_4,50046,250,250,False,250,90,0,5.418459014743647,31.898392480534227,1354.6147536859116,-2.1316282072803006e-14,1.0,1.0,0.0,0.0,7.9363850241591685,7.9363850241591685,0.0,0.0
ood_compound,A5_train_seed_4,50047,250,250,False,250,233,0,5.997400122543702,10.448635062119392,1499.3500306359256,-1.4210854715202004e-14,1.0,1.0,0.0,0.0,7.226233816097377,7.226233816097377,0.0,0.0
ood_compound,A5_train_seed_4,50048,250,250,False,250,88,2,3.625186104899766,22.677959846948657,906.2965262249415,-2.842170943040401e-14,1.0,1.0,0.0,0.0,8.17352309983133,8.17352309983133,0.0,0.0
ood_compound,A5_train_seed_4,50049,250,250,False,250,208,0,14.183462045057745,29.720716971457495,3545.865511264436,-5.684341886080802e-14,1.0,1.0,0.0,0.0,7.208234517956566,7.208234517956566,0.0,0.0
ood_compound,A5_train_seed_4,50050,250,250,False,250,247,0,8.248464473785528,22.970849544821213,2062.116118446382,-7.105427357601002e-14,1.0,1.0,0.0,0.0,10.230594423752372,10.230594423752372,0.0,0.0
ood_compound,A5_train_seed_4,50051,250,250,False,250,250,0,12.710740775569398,19.581482572882074,3177.6851938923496,-2.842170943040401e-14,1.0,1.0,0.0,0.0,10.051442655007268,10.051442655007268,0.0,0.0
ood_compound,A5_train_seed_4,50052,250,250,False,250,247,0,11.080768479629931,28.65086366464758,2770.1921199074827,-5.684341886080802e-14,1.0,1.0,0.0,0.0,7.735785625873801,7.735785625873801,0.0,0.0
ood_compound,A5_train_seed_4,50053,250,250,False,250,113,0,7.461600292844847,29.511394377580167,1865.4000732112117,-2.1316282072803006e-14,1.0,1.0,0.0,0.0,6.388735115730167,6.388735115730167,0.0,0.0
ood_compound,A5_train_seed_4,50054,250,250,False,250,241,0,5.2149088431090584,20.350139847688833,1303.7272107772646,-4.263256414560601e-14,1.0,1.0,0.0,0.0,9.683301681982524,9.683301681982524,0.0,0.0
ood_compound,A5_train_seed_4,50055,250,250,False,250,112,0,9.12275909125381,30.542132697916667,2280.6897728134527,-2.1316282072803006e-14,1.0,1.0,0.0,0.0,8.361171828900535,8.361171828900535,0.0,0.0
ood_compound,A5_train_seed_4,50056,250,250,False,250,20,0,0.22119731519581892,5.166764070020134,55.29932879895473,-2.1316282072803006e-14,1.0,1.0,0.0,0.0,6.497512803248026,6.497512803248026,0.0,0.0
ood_compound,A5_train_seed_4,50057,250,250,False,250,250,0,12.848488338505005,28.68870448181085,3212.1220846262513,-5.684341886080802e-14,1.0,1.0,0.0,0.0,7.899326443400994,7.899326443400994,0.0,0.0
ood_compound,A5_train_seed_4,50058,250,250,False,250,132,0,11.238924256256656,29.730391927725826,2809.731064064164,-2.842170943040401e-14,1.0,1.0,0.0,0.0,8.29234613096081,8.29234613096081,0.0,0.0
ood_compound,A5_train_seed_4,50059,250,250,False,250,236,0,8.61199368508087,18.941890372833008,2152.9984212702175,-5.684341886080802e-14,1.0,1.0,0.0,0.0,7.792386149887183,7.792386149887183,0.0,0.0
ood_compound,A5_train_seed_4,50060,250,250,False,250,250,0,19.698506579056215,22.669958116372648,4924.626644764054,-2.842170943040401e-14,1.0,1.0,0.0,0.0,6.373195940296604,6.373195940296604,0.0,0.0
ood_compound,A5_train_seed_4,50061,250,250,False,250,223,0,8.138770888893815,24.4164232722168,2034.6927222234535,-7.105427357601002e-14,1.0,1.0,0.0,0.0,8.289642535446696,8.289642535446696,0.0,0.0
ood_compound,A5_train_seed_4,50062,250,250,False,250,243,2,3.9154591392687412,16.86650403652374,978.8647848171853,-4.263256414560601e-14,1.0,1.0,0.0,0.0,8.915333928594253,8.915333928594253,0.0,0.0
ood_compound,A5_train_seed_4,50063,250,250,False,250,212,0,11.78389929082963,22.74312973355742,2945.974822707408,-9.237055564881302e-14,1.0,1.0,0.0,0.0,7.94487765939741,7.94487765939741,0.0,0.0
ood_compound,A5_train_seed_4,50064,250,250,False,250,250,0,17.454089849204067,25.9421159742422,4363.522462301016,-5.684341886080802e-14,1.0,1.0,0.0,0.0,7.300458388020197,7.300458388020197,0.0,0.0
ood_compound,A5_train_seed_4,50065,250,250,False,250,75,0,1.7136268036796083,9.355790907902595,428.40670091990205,-2.842170943040401e-14,1.0,1.0,0.0,0.0,7.0745982061702,7.0745982061702,0.0,0.0
ood_compound,A5_train_seed_4,50066,250,250,False,250,250,0,19.46575008613598,25.70765452105259,4866.437521533995,-2.842170943040401e-14,1.0,1.0,0.0,0.0,8.463797289754105,8.463797289754105,0.0,0.0
ood_compound,A5_train_seed_4,50067,250,250,False,250,246,0,9.059526704767666,20.26576857813591,2264.8816761919165,-5.684341886080802e-14,1.0,1.0,0.0,0.0,8.466975122445568,8.466975122445568,0.0,0.0
ood_compound,A5_train_seed_4,50068,250,250,False,250,153,0,3.0395242901896764,7.697984855136865,759.8810725474191,-3.552713678800501e-14,1.0,1.0,0.0,0.0,7.902391085374266,7.902391085374266,0.0,0.0
ood_compound,A5_train_seed_4,50069,250,250,False,250,106,0,4.5987237971166035,27.649648497663076,1149.6809492791508,-8.526512829121202e-14,1.0,1.0,0.0,0.0,7.148437017303726,7.148437017303726,0.0,0.0
ood_compound,A5_train_seed_4,50070,250,250,False,250,82,0,1.065771415163163,7.591154404830805,266.44285379079076,-7.105427357601002e-14,1.0,1.0,0.0,0.0,7.280014974170836,7.280014974170836,0.0,0.0
ood_compound,A5_train_seed_4,50071,250,250,False,250,250,0,16.66701329501212,27.836504153783682,4166.75332375303,-1.2789769243681803e-13,1.0,1.0,0.0,0.0,7.807550917324208,7.807550917324208,0.0,0.0
ood_compound,A5_train_seed_4,50072,250,250,False,250,250,0,10.26503885060434,19.119114881069333,2566.259712651085,-2.842170943040401e-14,1.0,1.0,0.0,0.0,9.290497636012333,9.290497636012333,0.0,0.0
ood_compound,A5_train_seed_4,50073,250,250,False,250,249,0,9.078466967484353,23.326777047164178,2269.6167418710884,-5.684341886080802e-14,1.0,1.0,0.0,0.0,10.194785223030756,10.194785223030756,0.0,0.0
ood_compound,A5_train_seed_4,50074,250,250,False,250,250,0,5.91382516782459,7.178731436427402,1478.4562919561474,-6.394884621840902e-14,1.0,1.0,0.0,0.0,6.461004813437525,6.461004813437525,0.0,0.0
ood_compound,A5_train_seed_4,50075,250,250,False,250,250,0,10.75340087047881,29.915099630005063,2688.3502176197026,-8.526512829121202e-14,1.0,1.0,0.0,0.0,8.581294062548004,8.581294062548004,0.0,0.0
ood_compound,A5_train_seed_4,50076,35,36,True,35,35,3,13.99309812093325,31.852050505598505,503.75153235359704,-168.6711860275982,1.0,1.0,0.0,0.0,8.304482455168612,8.304482455168612,0.0,0.0
ood_compound,A5_train_seed_4,50077,250,250,False,250,92,0,3.2586276437863906,18.368458711084013,814.6569109465977,-2.842170943040401e-14,1.0,1.0,0.0,0.0,8.337168756986623,8.337168756986623,0.0,0.0
ood_compound,A5_train_seed_4,50078,250,250,False,250,214,0,13.868828180875187,30.027147219485524,3467.207045218797,-5.684341886080802e-14,1.0,1.0,0.0,0.0,8.520347766419043,8.520347766419043,0.0,0.0
ood_compound,A5_train_seed_4,50079,250,250,False,250,248,0,16.22047195027693,30.38289289165495,4055.1179875692324,-2.842170943040401e-14,1.0,1.0,0.0,0.0,8.182582620546544,8.182582620546544,0.0,0.0
ood_compound,A5_train_seed_4,50080,250,250,False,250,245,2,7.946274650246719,18.67820083607221,1986.56866256168,-2.842170943040401e-14,1.0,1.0,0.0,0.0,10.214725684078175,10.214725684078175,0.0,0.0
ood_compound,A5_train_seed_4,50081,250,250,False,250,220,0,4.533380746968225,20.505105625101404,1133.3451867420563,-5.684341886080802e-14,1.0,1.0,0.0,0.0,9.280780772007226,9.280780772007226,0.0,0.0
ood_compound,A5_train_seed_4,50082,69,69,False,69,49,0,9.933373641367158,20.64717938654446,685.402781254334,-1.4210854715202004e-14,1.0,1.0,0.0,0.0,9.163564315027163,9.163564315027163,0.0,0.0
ood_compound,A5_train_seed_4,50083,250,250,False,250,242,0,9.646499679114418,26.30219492202253,2411.6249197786046,-1.509903313490213e-14,1.0,1.0,0.0,0.0,9.207220184307593,9.207220184307593,0.0,0.0
ood_compound,A5_train_seed_4,50084,250,250,False,250,250,0,12.466697073167506,20.830416794304895,3116.6742682918766,-7.105427357601002e-14,1.0,1.0,0.0,0.0,8.70109688269826,8.70109688269826,0.0,0.0
ood_compound,A5_train_seed_4,50085,250,250,False,250,243,0,10.458946171722292,22.816166852619734,2614.7365429305733,-2.842170943040401e-14,1.0,1.0,0.0,0.0,9.42301126971018,9.42301126971018,0.0,0.0
ood_compound,A5_train_seed_4,50086,250,250,False,250,250,45,20.531927345559133,47.71100837614689,5132.981836389783,-2.1316282072803006e-14,1.0,1.0,0.0,0.0,8.022024966377053,8.022024966377053,0.0,0.0
ood_compound,A5_train_seed_4,50087,250,250,False,250,207,0,7.461202440013856,14.001966393180467,1865.3006100034638,-4.973799150320701e-14,1.0,1.0,0.0,0.0,7.826095287450797,7.826095287450797,0.0,0.0
ood_compound,A5_train_seed_4,50088,250,250,False,250,246,0,10.424926245820632,24.054211051594027,2606.231561455158,-3.175237850427948e-14,1.0,1.0,0.0,0.0,8.17633178019183,8.17633178019183,0.0,0.0
ood_compound,A5_train_seed_4,50089,250,250,False,250,227,0,3.8143623776710367,18.81931294910252,953.5905944177591,-7.105427357601002e-14,1.0,1.0,0.0,0.0,9.240476937183981,9.240476937183981,0.0,0.0
ood_compound,A5_train_seed_4,50090,250,250,False,250,161,26,12.512069758143433,34.47687889531743,3128.017439535858,-3.197442310920451e-14,1.0,1.0,0.0,0.0,8.137900463485368,8.137900463485368,0.0,0.0
ood_compound,A5_train_seed_4,50091,250,250,False,250,244,0,11.951523914685364,21.66196198241025,2987.880978671341,-2.842170943040401e-14,1.0,1.0,0.0,0.0,9.4658519772846,9.4658519772846,0.0,0.0
ood_compound,A5_train_seed_4,50092,250,250,False,250,246,0,8.096340106642902,23.47226459755378,2024.0850266607254,-5.684341886080802e-14,1.0,1.0,0.0,0.0,8.662137438590932,8.662137438590932,0.0,0.0
ood_compound,A5_train_seed_4,50093,250,250,False,250,246,3,13.340292846960251,31.798237502425533,3335.0732117400626,-5.684341886080802e-14,1.0,1.0,0.0,0.0,7.8107954762411955,7.8107954762411955,0.0,0.0
ood_compound,A5_train_seed_4,50094,250,250,False,250,64,0,1.8984137367622655,10.247680781936554,474.60343419056636,-2.1316282072803006e-14,1.0,1.0,0.0,0.0,6.663728803038468,6.663728803038468,0.0,0.0
ood_compound,A5_train_seed_4,50095,250,250,False,250,125,0,4.951675447000738,16.781428845795293,1237.9188617501843,-3.552713678800501e-14,1.0,1.0,0.0,0.0,7.396561937667717,7.396561937667717,0.0,0.0
ood_compound,A5_train_seed_4,50096,250,250,False,250,125,0,5.033809749865562,19.55143422187612,1258.4524374663906,-5.684341886080802e-14,1.0,1.0,0.0,0.0,7.38086703652305,7.38086703652305,0.0,0.0
ood_compound,A5_train_seed_4,50097,250,250,False,250,242,3,7.286859036042944,15.767609683342407,1821.714759010736,-5.684341886080802e-14,1.0,1.0,0.0,0.0,9.071993813458159,9.071993813458159,0.0,0.0
ood_compound,A5_train_seed_4,50098,51,52,True,51,51,4,25.278192577749266,42.29857618537369,1314.466014042962,-196.81562749503348,1.0,1.0,0.0,0.0,7.584945736783605,7.584945736783605,0.0,0.0
ood_compound,A5_train_seed_4,50099,250,250,False,250,250,4,7.371001754476476,18.844996035192807,1842.750438619119,-4.263256414560601e-14,1.0,1.0,0.0,0.0,8.76852950576006,8.76852950576006,0.0,0.0
motor_fault,A5_train_seed_4,50000,250,250,False,250,73,2,0.5757304083641558,5.772265700905675,143.93260209103894,-4.263256414560601e-14,1.0,1.0,0.0,0.0,7.839801450011224,7.839801450011224,0.0,0.0
motor_fault,A5_train_seed_4,50001,250,250,False,250,213,0,5.091714188608793,19.276054136046195,1272.9285471521982,-4.263256414560601e-14,1.0,1.0,0.0,0.0,9.097938005146593,9.097938005146593,0.0,0.0
motor_fault,A5_train_seed_4,50002,250,250,False,250,223,0,10.648386915865096,34.2928496909472,2662.096728966274,-5.684341886080802e-14,1.0,1.0,0.0,0.0,8.249021065298596,8.249021065298596,0.0,0.0
motor_fault,A5_train_seed_4,50003,250,250,False,250,55,0,2.3736295741635485,20.309978470377523,593.4073935408871,-2.6645352591003757e-14,1.0,1.0,0.0,0.0,5.967891103461415,5.967891103461415,0.0,0.0
motor_fault,A5_train_seed_4,50004,250,250,False,250,250,0,7.981552019133889,26.52832699623321,1995.3880047834723,-4.263256414560601e-14,1.0,1.0,0.0,0.0,8.92430044528695,8.92430044528695,0.0,0.0
motor_fault,A5_train_seed_4,50005,250,250,False,250,244,0,4.869553713521945,15.189679957539278,1217.3884283804864,-3.552713678800501e-14,1.0,1.0,0.0,0.0,8.568446231748823,8.568446231748823,0.0,0.0
motor_fault,A5_train_seed_4,50006,250,250,False,250,46,0,1.1120083862215628,11.574644278962069,278.0020965553907,-2.1316282072803006e-14,1.0,1.0,0.0,0.0,5.837353701289187,5.837353701289187,0.0,0.0
motor_fault,A5_train_seed_4,50007,250,250,False,250,35,0,1.8338968576416503,26.823413075441533,458.47421441041257,-1.4210854715202004e-14,1.0,1.0,0.0,0.0,8.916464942158859,8.916464942158859,0.0,0.0
motor_fault,A5_train_seed_4,50008,250,250,False,250,250,0,7.411438773504159,24.94524411626239,1852.8596933760398,-8.526512829121202e-14,1.0,1.0,0.0,0.0,9.6291664280215,9.6291664280215,0.0,0.0
motor_fault,A5_train_seed_4,50009,250,250,False,250,250,97,15.007650163266243,33.16485337912779,3751.912540816561,-4.263256414560601e-14,1.0,1.0,0.0,0.0,9.336497193895037,9.336497193895037,0.0,0.0
motor_fault,A5_train_seed_4,50010,250,250,False,250,20,0,1.2404099474538293,19.610789199321804,310.10248686345733,-7.105427357601002e-15,1.0,1.0,0.0,0.0,8.204449947587651,8.204449947587651,0.0,0.0
motor_fault,A5_train_seed_4,50011,250,250,False,250,228,0,3.958362377967149,5.8766644562009995,989.5905944917872,-5.684341886080802e-14,1.0,1.0,0.0,0.0,7.52409129205684,7.52409129205684,0.0,0.0
motor_fault,A5_train_seed_4,50012,250,250,False,250,29,0,1.1120163025006726,21.304514521283807,278.0040756251682,-3.552713678800501e-14,1.0,1.0,0.0,0.0,5.674707010372368,5.674707010372368,0.0,0.0
motor_fault,A5_train_seed_4,50013,250,250,False,250,33,0,2.2578753167816283,21.078364940602334,564.4688291954071,-7.105427357601002e-14,1.0,1.0,0.0,0.0,8.45545523521157,8.45545523521157,0.0,0.0
motor_fault,A5_train_seed_4,50014,250,250,False,250,247,0,7.487140617742764,14.971290344010098,1871.7851544356909,-5.684341886080802e-14,1.0,1.0,0.0,0.0,10.058683508510072,10.058683508510072,0.0,0.0
motor_fault,A5_train_seed_4,50015,250,250,False,250,51,0,2.711793077423752,23.770455438445943,677.948269355938,-6.394884621840902e-14,1.0,1.0,0.0,0.0,10.013763355390147,10.013763355390147,0.0,0.0
motor_fault,A5_train_seed_4,50016,250,250,False,250,247,0,23.774611818379373,33.16129816411838,5943.652954594843,-6.394884621840902e-14,1.0,1.0,0.0,0.0,9.591308270238544,9.591308270238544,0.0,0.0
motor_fault,A5_train_seed_4,50017,250,250,False,250,248,0,6.160391151723466,21.585031165143388,1540.0977879308666,-5.684341886080802e-14,1.0,1.0,0.0,0.0,9.425396174823938,9.425396174823938,0.0,0.0
motor_fault,A5_train_seed_4,50018,56,57,True,56,56,5,24.295009158894345,39.39006527041612,1384.8155220569777,-47.75717110043298,1.0,1.0,0.0,0.0,8.240238331622944,8.240238331622944,0.0,0.0
motor_fault,A5_train_seed_4,50019,250,250,False,250,250,180,15.545065306813111,25.752350455832136,3886.2663267032776,-1.7763568394002505e-14,1.0,1.0,0.0,0.0,9.478529967415307,9.478529967415307,0.0,0.0
motor_fault,A5_train_seed_4,50020,250,250,False,250,235,0,1.6141793285513792,9.558269309795193,403.5448321378448,-4.973799150320701e-14,1.0,1.0,0.0,0.0,6.669126055016803,6.669126055016803,0.0,0.0
motor_fault,A5_train_seed_4,50021,250,250,False,250,54,0,0.6183256093368625,6.153913574273406,154.58140233421562,-1.4210854715202004e-14,1.0,1.0,0.0,0.0,6.919154451825105,6.919154451825105,0.0,0.0
motor_fault,A5_train_seed_4,50022,250,250,False,250,29,0,1.7109547861162522,19.561494574057306,427.738696529063,-4.618527782440651e-14,1.0,1.0,0.0,0.0,9.906622417061262,9.906622417061262,0.0,0.0
motor_fault,A5_train_seed_4,50023,250,250,False,250,59,0,2.102888786749161,23.87723281600868,525.7221966872903,-5.684341886080802e-14,1.0,1.0,0.0,0.0,7.296499554892663,7.296499554892663,0.0,0.0
motor_fault,A5_train_seed_4,50024,250,250,False,250,220,0,2.9649125055394925,4.086727967779845,741.2281263848731,-4.263256414560601e-14,1.0,1.0,0.0,0.0,6.732582881412739,6.732582881412739,0.0,0.0
motor_fault,A5_train_seed_4,50025,92,92,False,92,76,0,7.748819736775065,19.20269145972019,712.891415783306,-2.842170943040401e-14,1.0,1.0,0.0,0.0,8.807886156930781,8.807886156930781,0.0,0.0
motor_fault,A5_train_seed_4,50026,250,250,False,250,246,0,8.32913275593527,28.841727844563252,2082.2831889838176,-5.684341886080802e-14,1.0,1.0,0.0,0.0,9.022734309871472,9.022734309871472,0.0,0.0
motor_fault,A5_train_seed_4,50027,50,50,False,50,24,0,2.7122520384322413,10.34400225891511,135.61260192161205,-1.4210854715202004e-14,1.0,1.0,0.0,0.0,7.326660970725992,7.326660970725992,0.0,0.0
motor_fault,A5_train_seed_4,50028,250,250,False,250,26,0,1.2192844304808637,20.273410470974827,304.8211076202159,-8.526512829121202e-14,1.0,1.0,0.0,0.0,6.622893753752395,6.622893753752395,0.0,0.0
motor_fault,A5_train_seed_4,50029,250,250,False,250,74,0,4.664524079051583,32.391416300587565,1166.131019762896,-1.4210854715202004e-14,1.0,1.0,0.0,0.0,8.67153273372893,8.67153273372893,0.0,0.0
motor_fault,A5_train_seed_4,50030,83,83,False,83,64,0,7.091412022783496,21.80279001127609,588.5871978910302,-2.842170943040401e-14,1.0,1.0,0.0,0.0,8.253018720098153,8.253018720098153,0.0,0.0
motor_fault,A5_train_seed_4,50031,92,92,False,92,45,0,4.409934788254011,18.586598978367586,405.714000519369,-1.4210854715202004e-14,1.0,1.0,0.0,0.0,6.338749473392068,6.338749473392068,0.0,0.0
motor_fault,A5_train_seed_4,50032,250,250,False,250,32,0,1.7897376064002293,20.386505359149467,447.4344016000573,-2.1316282072803006e-14,1.0,1.0,0.0,0.0,9.879199222617927,9.879199222617927,0.0,0.0
motor_fault,A5_train_seed_4,50033,31,31,False,31,8,0,0.9030569875820917,5.061571588822185,27.994766615044846,-7.105427357601002e-15,1.0,1.0,0.0,0.0,6.706041499572259,6.706041499572259,0.0,0.0
motor_fault,A5_train_seed_4,50034,250,250,False,250,211,0,8.074352893767543,29.16672900360025,2018.588223441886,-5.684341886080802e-14,1.0,1.0,0.0,0.0,7.776351635075047,7.776351635075047,0.0,0.0
motor_fault,A5_train_seed_4,50035,250,250,False,250,242,0,5.878421853718641,10.57201271601416,1469.6054634296602,-4.263256414560601e-14,1.0,1.0,0.0,0.0,6.384543680031476,6.384543680031476,0.0,0.0
motor_fault,A5_train_seed_4,50036,250,250,False,250,224,0,11.367609141625834,28.1973800811435,2841.9022854064588,-5.684341886080802e-14,1.0,1.0,0.0,0.0,7.974054960920915,7.974054960920915,0.0,0.0
motor_fault,A5_train_seed_4,50037,250,250,False,250,250,0,5.849037819862447,16.19821401190145,1462.259454965612,-5.684341886080802e-14,1.0,1.0,0.0,0.0,7.8643011167692185,7.8643011167692185,0.0,0.0
motor_fault,A5_train_seed_4,50038,250,250,False,250,241,0,5.67357748453149,17.881160762848943,1418.3943711328725,-5.684341886080802e-14,1.0,1.0,0.0,0.0,10.003753201716552,10.003753201716552,0.0,0.0
motor_fault,A5_train_seed_4,50039,250,250,False,250,226,0,9.829898736067166,31.237813109631148,2457.474684016792,-4.263256414560601e-14,1.0,1.0,0.0,0.0,8.423490858577876,8.423490858577876,0.0,0.0
motor_fault,A5_train_seed_4,50040,250,250,False,250,77,0,1.9959570746825608,11.158909349362302,498.9892686706402,-4.263256414560601e-14,1.0,1.0,0.0,0.0,7.378131719738081,7.378131719738081,0.0,0.0
motor_fault,A5_train_seed_4,50041,250,250,False,250,17,0,0.7348400702417186,18.930417001637213,183.71001756042966,-7.460698725481052e-14,1.0,1.0,0.0,0.0,4.860323858068873,4.860323858068873,0.0,0.0
motor_fault,A5_train_seed_4,50042,250,250,False,250,236,0,1.50625204753456,6.925196865393292,376.56301188364,-2.842170943040401e-14,1.0,1.0,0.0,0.0,6.820013191107437,6.820013191107437,0.0,0.0
motor_fault,A5_train_seed_4,50043,36,36,False,36,18,0,2.043914745439128,5.847672829453868,73.58093083580862,-2.842170943040401e-14,1.0,1.0,0.0,0.0,6.840085270383082,6.840085270383082,0.0,0.0
motor_fault,A5_train_seed_4,50044,250,250,False,250,45,0,1.9073860953786759,17.61044615170404,476.846523844669,-6.394884621840902e-14,1.0,1.0,0.0,0.0,7.3317580879312665,7.3317580879312665,0.0,0.0
motor_fault,A5_train_seed_4,50045,250,250,False,250,250,178,13.163623855299987,28.93640112031561,3290.905963824997,-2.1316282072803006e-14,1.0,1.0,0.0,0.0,9.536999198443185,9.536999198443185,0.0,0.0
motor_fault,A5_train_seed_4,50046,250,250,False,250,24,0,1.1116891016157158,21.961925224590953,277.92227540392895,-1.4210854715202004e-14,1.0,1.0,0.0,0.0,7.156202327597536,7.156202327597536,0.0,0.0
motor_fault,A5_train_seed_4,50047,250,250,False,250,12,0,0.1709093987559612,6.500029131125135,42.7273496889903,-2.1316282072803006e-14,1.0,1.0,0.0,0.0,6.716331162317909,6.716331162317909,0.0,0.0
motor_fault,A5_train_seed_4,50048,250,250,False,250,74,0,2.0421147758739013,17.122904734341134,510.5286939684753,-4.263256414560601e-14,1.0,1.0,0.0,0.0,7.659642608439828,7.659642608439828,0.0,0.0
motor_fault,A5_train_seed_4,50049,250,250,False,250,38,0,1.7905116303295499,19.23807167716308,447.6279075823875,-2.1316282072803006e-14,1.0,1.0,0.0,0.0,8.04829596314956,8.04829596314956,0.0,0.0
motor_fault,A5_train_seed_4,50050,99,99,False,99,88,0,6.994843483802821,14.932198887056188,692.4895048964793,-2.842170943040401e-14,1.0,1.0,0.0,0.0,8.952713743906543,8.952713743906543,0.0,0.0
motor_fault,A5_train_seed_4,50051,250,250,False,250,250,0,11.833957945070834,17.3032888901395,2958.4894862677083,-1.4210854715202004e-14,1.0,1.0,0.0,0.0,9.929963697484839,9.929963697484839,0.0,0.0
motor_fault,A5_train_seed_4,50052,250,250,False,250,233,167,10.031854453987409,28.65086366464758,2507.9636134968523,-2.1316282072803006e-14,1.0,1.0,0.0,0.0,6.78431208857175,6.78431208857175,0.0,0.0
motor_fault,A5_train_seed_4,50053,250,250,False,250,30,0,1.707644594679335,22.841412475467646,426.9111486698338,-7.105427357601002e-14,1.0,1.0,0.0,0.0,6.610164281289467,6.610164281289467,0.0,0.0
motor_fault,A5_train_seed_4,50054,94,94,False,94,75,0,6.444277363691466,15.123839208022353,605.7620721869978,-2.842170943040401e-14,1.0,1.0,0.0,0.0,8.664126743709382,8.664126743709382,0.0,0.0
motor_fault,A5_train_seed_4,50055,250,250,False,250,171,38,10.145628808369008,30.812005365105353,2536.4072020922517,-4.263256414560601e-14,1.0,1.0,0.0,0.0,8.454768288794556,8.454768288794556,0.0,0.0
motor_fault,A5_train_seed_4,50056,45,45,False,45,9,0,0.6150716250131938,5.166764070020134,27.67822312559372,-1.0658141036401503e-14,1.0,1.0,0.0,0.0,5.359752174276623,5.359752174276623,0.0,0.0
motor_fault,A5_train_seed_4,50057,59,59,False,59,27,0,4.957966902231693,16.067941487773734,292.5200472316699,-2.1316282072803006e-14,1.0,1.0,0.0,0.0,7.060416706528426,7.060416706528426,0.0,0.0
motor_fault,A5_train_seed_4,50058,250,250,False,250,51,11,3.073730951557295,26.77230392721718,768.4327378893238,-1.7763568394002505e-14,1.0,1.0,0.0,0.0,9.283087623290646,9.283087623290646,0.0,0.0
motor_fault,A5_train_seed_4,50059,250,250,False,250,231,0,4.906324516808611,11.066912435197372,1226.5811292021526,-5.684341886080802e-14,1.0,1.0,0.0,0.0,5.9846800002516245,5.9846800002516245,0.0,0.0
motor_fault,A5_train_seed_4,50060,250,250,False,250,50,0,2.187502876541272,19.387019849938056,546.8757191353179,-2.1316282072803006e-14,1.0,1.0,0.0,0.0,9.40243835512191,9.40243835512191,0.0,0.0
motor_fault,A5_train_seed_4,50061,250,250,False,250,224,0,1.2123707989586952,3.2160546141608535,303.0926997396738,-4.263256414560601e-14,1.0,1.0,0.0,0.0,6.722240003350876,6.722240003350876,0.0,0.0
motor_fault,A5_train_seed_4,50062,99,99,False,99,81,0,5.832107827647088,14.3807363117008,577.3786749370618,-5.684341886080802e-14,1.0,1.0,0.0,0.0,8.845628641110636,8.845628641110636,0.0,0.0
motor_fault,A5_train_seed_4,50063,250,250,False,250,150,0,1.0512016735482297,5.0942909343646905,262.80041838705745,-2.842170943040401e-14,1.0,1.0,0.0,0.0,8.173946862656127,8.173946862656127,0.0,0.0
motor_fault,A5_train_seed_4,50064,89,89,False,89,17,0,1.810485757713314,14.82366114685203,161.13323243648495,-2.1316282072803006e-14,1.0,1.0,0.0,0.0,6.713315409111688,6.713315409111688,0.0,0.0
motor_fault,A5_train_seed_4,50065,250,250,False,250,18,0,0.27886377388251987,5.326622206950154,69.71594347062997,-3.552713678800501e-14,1.0,1.0,0.0,0.0,5.768170120057243,5.768170120057243,0.0,0.0
motor_fault,A5_train_seed_4,50066,250,250,False,250,250,162,15.58244394900261,30.57798807452308,3895.610987250652,-2.842170943040401e-14,1.0,1.0,0.0,0.0,9.535896218070352,9.535896218070352,0.0,0.0
motor_fault,A5_train_seed_4,50067,250,250,False,250,56,0,0.5656802706540088,6.560151638486984,141.4200676635022,-1.4210854715202004e-14,1.0,1.0,0.0,0.0,5.6990607718213235,5.6990607718213235,0.0,0.0
motor_fault,A5_train_seed_4,50068,64,64,False,64,17,0,1.126279898196078,6.137595663911466,72.08191348454899,-2.842170943040401e-14,1.0,1.0,0.0,0.0,5.008409670570337,5.008409670570337,0.0,0.0
motor_fault,A5_train_seed_4,50069,250,250,False,250,19,0,0.9387386330268567,19.77953158515753,234.68465825671416,-8.526512829121202e-14,1.0,1.0,0.0,0.0,5.579355843765341,5.579355843765341,0.0,0.0
motor_fault,A5_train_seed_4,50070,250,250,False,250,67,0,0.4402935760862191,5.880198614083693,110.07339402155478,-2.842170943040401e-14,1.0,1.0,0.0,0.0,7.399572645477497,7.399572645477497,0.0,0.0
motor_fault,A5_train_seed_4,50071,250,250,False,250,13,0,0.46790934384373245,17.463999035799453,116.97733596093312,-1.4210854715202004e-14,1.0,1.0,0.0,0.0,4.812164793035629,4.812164793035629,0.0,0.0
motor_fault,A5_train_seed_4,50072,250,250,False,250,228,0,10.022639173540147,17.99043929558343,2505.6597933850367,-1.4210854715202004e-14,1.0,1.0,0.0,0.0,9.460863255224009,9.460863255224009,0.0,0.0
motor_fault,A5_train_seed_4,50073,250,250,False,250,235,0,6.379951871479303,16.981268585185518,1594.9879678698258,-4.263256414560601e-14,1.0,1.0,0.0,0.0,9.91666327150833,9.91666327150833,0.0,0.0
motor_fault,A5_train_seed_4,50074,250,250,False,250,65,0,1.4164738840273012,7.813766903364847,354.1184710068253,-5.684341886080802e-14,1.0,1.0,0.0,0.0,7.352500302717092,7.352500302717092,0.0,0.0
motor_fault,A5_train_seed_4,50075,250,250,False,250,246,4,5.296286351818416,10.695779538053877,1324.071587954604,-4.973799150320701e-14,1.0,1.0,0.0,0.0,6.421537622348612,6.421537622348612,0.0,0.0
motor_fault,A5_train_seed_4,50076,38,39,True,38,38,3,18.175616285875574,33.237303410405175,708.8490351491474,-57.80533601553907,1.0,1.0,0.0,0.0,8.009397080010123,8.009397080010123,0.0,0.0
motor_fault,A5_train_seed_4,50077,250,250,False,250,24,2,0.37504410291567447,10.852013576908446,93.76102572891861,-2.842170943040401e-14,1.0,1.0,0.0,0.0,6.484630343492874,6.484630343492874,0.0,0.0
motor_fault,A5_train_seed_4,50078,250,250,False,250,97,0,1.4297311409648004,6.565371811704518,357.43278524120007,-3.197442310920451e-14,1.0,1.0,0.0,0.0,6.790631453242526,6.790631453242526,0.0,0.0
motor_fault,A5_train_seed_4,50079,250,250,False,250,250,164,20.378516809759727,31.094387339078516,5094.629202439932,-2.1316282072803006e-14,1.0,1.0,0.0,0.0,10.02662586341397,10.02662586341397,0.0,0.0
motor_fault,A5_train_seed_4,50080,250,250,False,250,235,0,4.994234575878593,15.406684567891709,1248.5586439696483,-2.842170943040401e-14,1.0,1.0,0.0,0.0,9.793865582923289,9.793865582923289,0.0,0.0
motor_fault,A5_train_seed_4,50081,83,83,False,83,66,0,4.719814066199996,20.384837586948915,391.74456749459966,-4.263256414560601e-14,1.0,1.0,0.0,0.0,8.945747143206155,8.945747143206155,0.0,0.0
motor_fault,A5_train_seed_4,50082,250,250,False,250,64,0,0.8785752844157549,16.419579846566226,219.64382110393873,-2.842170943040401e-14,1.0,1.0,0.0,0.0,6.819482413492139,6.819482413492139,0.0,0.0
motor_fault,A5_train_seed_4,50083,250,250,False,250,55,3,1.9853692078949252,19.17586159676647,496.3423019737313,-1.4210854715202004e-14,1.0,1.0,0.0,0.0,3.7564489410039634,3.7564489410039634,0.0,0.0
motor_fault,A5_train_seed_4,50084,250,250,False,250,15,0,0.623070212898944,20.830416794304895,155.76755322473602,-2.1316282072803006e-14,1.0,1.0,0.0,0.0,5.314759690660623,5.314759690660623,0.0,0.0
motor_fault,A5_train_seed_4,50085,250,250,False,250,232,0,8.869827299379633,21.935866923945575,2217.456824844908,-1.4210854715202004e-14,1.0,1.0,0.0,0.0,10.04983305822421,10.04983305822421,0.0,0.0
motor_fault,A5_train_seed_4,50086,250,250,False,250,35,0,1.742379933443983,32.59036684800635,435.59498336099574,-6.394884621840902e-14,1.0,1.0,0.0,0.0,6.728684528338019,6.728684528338019,0.0,0.0
motor_fault,A5_train_seed_4,50087,250,250,False,250,49,0,0.9130879166557766,7.407781061672873,228.27197916394414,-2.1316282072803006e-14,1.0,1.0,0.0,0.0,5.201760578325165,5.201760578325165,0.0,0.0
motor_fault,A5_train_seed_4,50088,250,250,False,250,248,29,12.22150403505342,24.023632854941937,3055.376008763355,-2.3092638912203256e-14,1.0,1.0,0.0,0.0,8.826154013992554,8.826154013992554,0.0,0.0
motor_fault,A5_train_seed_4,50089,250,250,False,250,167,0,2.3203094043312373,18.81931294910252,580.0773510828093,-5.684341886080802e-14,1.0,1.0,0.0,0.0,8.253169778345697,8.253169778345697,0.0,0.0
motor_fault,A5_train_seed_4,50090,250,250,False,250,44,171,3.3299900479559663,32.00485714759333,832.4975119889916,-2.1316282072803006e-14,1.0,1.0,0.0,0.0,8.935404295794592,8.935404295794592,0.0,0.0
motor_fault,A5_train_seed_4,50091,250,250,False,250,241,42,13.066464250623001,17.60608479134226,3266.6160626557503,-1.4210854715202004e-14,1.0,1.0,0.0,0.0,9.758624120365287,9.758624120365287,0.0,0.0
motor_fault,A5_train_seed_4,50092,250,250,False,250,240,7,6.487849551657734,10.181333611182048,1621.9623879144335,-7.105427357601002e-14,1.0,1.0,0.0,0.0,8.033508810195473,8.033508810195473,0.0,0.0
motor_fault,A5_train_seed_4,50093,42,43,True,42,42,4,18.191067125699718,53.62387753659272,782.2158864050879,-75.97739562570138,1.0,1.0,0.0,0.0,7.739859324294143,7.739859324294143,0.0,0.0
motor_fault,A5_train_seed_4,50094,37,37,False,37,18,0,2.0137046260219917,7.543892149547587,74.5070711628137,-1.4210854715202004e-14,1.0,1.0,0.0,0.0,6.680238566716292,6.680238566716292,0.0,0.0
motor_fault,A5_train_seed_4,50095,250,250,False,250,28,0,0.680906695464487,7.950138850946189,170.22667386612176,-2.1316282072803006e-14,1.0,1.0,0.0,0.0,8.815755135104824,8.815755135104824,0.0,0.0
motor_fault,A5_train_seed_4,50096,250,250,False,250,38,0,1.933670225177309,19.409056844059585,483.41755629432726,-7.105427357601002e-14,1.0,1.0,0.0,0.0,9.55082669849811,9.55082669849811,0.0,0.0
motor_fault,A5_train_seed_4,50097,250,250,False,250,243,5,7.009163463229969,24.243794582965474,1752.2908658074923,-4.263256414560601e-14,1.0,1.0,0.0,0.0,9.06685167149943,9.06685167149943,0.0,0.0
motor_fault,A5_train_seed_4,50098,250,250,False,250,47,0,1.9234958332617826,30.950195804756962,480.87395831544563,-2.1316282072803006e-14,1.0,1.0,0.0,0.0,6.806773598556391,6.806773598556391,0.0,0.0
motor_fault,A5_train_seed_4,50099,250,250,False,250,250,13,9.441455817650246,37.54745589444783,2360.3639544125613,-2.842170943040401e-14,1.0,1.0,0.0,0.0,9.291199957304336,9.291199957304336,0.0,0.0
id_reference,A6_train_seed_4,50000,250,250,False,250,0,0,0.0,0.0,0.0,0.11480461287597876,0.10032183221411438,0.1,5.258317759087598,5.880661863260357,8.002666344692303,0.8030061138966563,3.849643841743469,3.8660342693328857
id_reference,A6_train_seed_4,50001,250,250,False,250,40,0,1.4881387637683334,20.62309826330404,372.03469094208333,-2.842170943040401e-14,0.17000806432942955,0.1,2.449680341854347,10.820031422064384,10.468547134412747,1.8208693244628913,3.8444838523864746,3.8685991764068604
id_reference,A6_train_seed_4,50002,250,250,False,250,20,0,0.07955728526799788,1.7047530921069003,19.88932131699947,-3.552713678800501e-14,0.1002296100547942,0.1,6.136874266508922,7.320873557531628,10.26333888450012,1.0283824991190773,3.8512937746047973,3.868129253387451
id_reference,A6_train_seed_4,50003,250,250,False,250,35,0,2.4582127102573947,26.620853580305436,614.5531775643486,-2.1316282072803006e-14,0.1,0.1,5.932555321785484,9.10012718055234,10.304587219506924,1.0304587219506924,3.836422465324402,3.8783795833587646
id_reference,A6_train_seed_4,50004,250,250,False,250,29,0,1.018146498076772,19.360869062000265,254.53662451919303,-2.842170943040401e-14,0.1,0.1,8.24194280042963,9.43030677427602,10.415926489823944,1.0415926489823943,3.842197534561157,3.871232032775879
id_reference,A6_train_seed_4,50005,250,250,False,250,40,0,0.9074080275605693,21.43794361847151,226.85200689014232,-2.842170943040401e-14,0.10080984845541438,0.1,5.6601145519239395,10.332350913800115,8.81873017327481,0.8881132951566834,3.847648900985718,3.868237257003784
id_reference,A6_train_seed_4,50006,250,250,False,250,26,0,0.19775471685179247,3.346316853780033,49.43867921294812,-2.842170943040401e-14,0.1,0.1,5.9986349733585556,8.000706341588959,7.537916160277911,0.7537916160277913,3.8481744260787965,3.8679471015930176
id_reference,A6_train_seed_4,50007,250,250,False,250,32,0,1.9989878665544125,27.091505290284708,499.7469666386031,-1.4210854715202004e-14,0.1,0.1,8.332751562198286,11.678563987083088,9.9829976005309,0.99829976005309,3.8411447734832764,3.863767385482788
id_reference,A6_train_seed_4,50008,250,250,False,250,55,0,0.5732119735565719,20.653441264454635,143.30299338914298,-2.842170943040401e-14,0.1011305530931351,0.1,5.948862823488076,7.037227991125819,8.402242574740574,0.8506918251431488,3.8472650079727173,3.8654227256774902
id_reference,A6_train_seed_4,50009,250,250,False,250,37,20,2.7808382830994627,23.944958688397406,695.2095707748657,-1.4210854715202004e-14,0.1,0.1,8.744005645073896,10.377522519216427,10.782224367819195,1.0782224367819195,3.8419342555999756,3.871168613433838
id_reference,A6_train_seed_4,50010,250,250,False,250,20,0,1.4132838862963633,24.640898701949677,353.32097157409083,-7.105427357601002e-15,0.1,0.1,7.490530563217326,8.324919870200763,9.45917536110224,0.9459175361102239,3.8408470067977905,3.8728785514831543
id_reference,A6_train_seed_4,50011,250,250,False,250,1,0,0.002689793968200689,0.6724484920501723,0.6724484920501723,0.0,0.11629701981013162,0.1,2.466698566495926,6.4623682915368095,9.73215242329711,1.134459833256022,3.8459829988479615,3.8661794662475586
id_reference,A6_train_seed_4,50012,79,79,False,79,16,0,1.7688199167464136,14.669860453101602,139.73677342296668,-2.1316282072803006e-14,0.09999999999999996,0.1,5.689733265856755,7.246379631394353,6.526109221483703,0.6526109221483705,3.8130562577066542,3.8675873279571533
id_reference,A6_train_seed_4,50013,250,250,False,250,40,0,2.9744413658465945,22.244482184743664,743.6103414616487,-1.4210854715202004e-14,0.1,0.1,6.528248848746962,9.114383961987713,10.524747476781963,1.0524747476781964,3.8399275598526,3.862544059753418
id_reference,A6_train_seed_4,50014,250,250,False,250,62,0,0.8063768540527169,19.119614533919915,201.59421351317923,-2.842170943040401e-14,0.10049536287767273,0.1,4.000574196913297,9.992312589934349,10.375540498554505,1.0426905776682598,3.844872912406921,3.8660597801208496
id_reference,A6_train_seed_4,50015,250,250,False,250,35,0,1.8411878105793895,23.145854099051185,460.29695264484735,-2.1316282072803006e-14,0.1,0.1,8.382892672217084,9.112546938527444,7.9086178429080185,0.7908617842908018,3.841648958206177,3.8637468814849854
id_reference,A6_train_seed_4,50016,250,250,False,250,43,0,2.749292165656533,23.465453202099035,687.3230414141333,-1.4210854715202004e-14,0.1,0.1,8.857517201860723,10.085611134358558,8.6225071125038,0.8622507112503801,3.842146821975708,3.872729778289795
id_reference,A6_train_seed_4,50017,250,250,False,250,40,0,0.3720002056352778,19.623620002551455,93.00005140881944,-2.842170943040401e-14,0.10027755086991508,0.1,6.325699622033592,9.126420673296662,8.189829102445803,0.8209360652144256,3.848206868171692,3.866718292236328
id_reference,A6_train_seed_4,50018,49,50,True,49,48,0,18.25776505926474,23.42106118120423,912.888252963237,-13.99240537741769,0.09999999999999998,0.1,7.53942069677974,12.73081484957762,9.997735495930264,0.9997735495930264,3.7860172748565675,3.875246286392212
id_reference,A6_train_seed_4,50019,250,250,False,250,59,0,4.687320626157108,23.678325341268625,1171.830156539277,-1.4210854715202004e-14,0.1,0.1,7.962325299762643,11.78594685819838,10.605370294702274,1.0605370294702272,3.8419864177703857,3.874370574951172
id_reference,A6_train_seed_4,50020,250,250,False,250,7,0,0.042900174328206614,2.7128187760584925,10.725043582051654,-2.842170943040401e-14,0.1,0.1,5.294728749903373,9.063256562374967,9.583873550803311,0.9583873550803312,3.8517299032211305,3.8692307472229004
id_reference,A6_train_seed_4,50021,250,250,False,250,1,0,0.0006740236957855686,0.16850592394639216,0.16850592394639216,1.4210854715202004e-14,0.1,0.1,4.946542821808475,5.435061560490869,7.6130899552910165,0.7613089955291017,3.850785828590393,3.867264986038208
id_reference,A6_train_seed_4,50022,250,250,False,250,29,0,1.7970895616710816,24.50038577043476,449.2723904177704,-2.1316282072803006e-14,0.1,0.1,8.402591861413065,9.447970701556901,8.049689640639574,0.8049689640639573,3.841860691070557,3.8654892444610596
id_reference,A6_train_seed_4,50023,250,250,False,250,30,0,0.8911597602874647,21.207270655710545,222.78994007186617,-1.4210854715202004e-14,0.11616140919178145,0.1,2.438062383030291,6.81477628466312,10.103706004895706,1.1851671496231806,3.8454461193084715,3.8816628456115723
id_reference,A6_train_seed_4,50024,250,250,False,250,0,0,0.0,0.0,0.0,10.145361921824183,0.10011597537720132,0.1,4.320959057383562,4.942115298079151,7.055920199620572,0.7061848037736913,3.8482149057388306,3.8642935752868652
id_reference,A6_train_seed_4,50025,250,250,False,250,36,0,1.2792250065322306,18.14007006287927,319.8062516330576,-2.842170943040401e-14,0.114061456996525,0.1,2.776406081453044,9.087842226154216,10.6123964248304,1.21738250911586,3.84618643951416,3.8966877460479736
id_reference,A6_train_seed_4,50026,250,250,False,250,90,0,0.5030878702431612,3.2066417579955098,125.77196756079029,-2.842170943040401e-14,0.10437032083532918,0.1,4.209444470487128,7.179467696708555,10.194300112957022,1.0646314275672222,3.8461224212646483,3.8653018474578857
id_reference,A6_train_seed_4,50027,50,50,False,50,22,0,0.835386709295742,7.590702289696549,41.7693354647871,-1.4210854715202004e-14,0.09999999999999998,0.1,5.233001997009641,7.108665647956534,8.692045804194795,0.8692045804194796,3.7868541574478147,3.8717706203460693
id_reference,A6_train_seed_4,50028,250,250,False,250,19,0,1.5137672102677837,25.95578559990014,378.4418025669459,-2.1316282072803006e-14,0.1,0.1,7.908299621424024,11.422582687274854,8.062673443231871,0.8062673443231873,3.842347722053528,3.8727118968963623
id_reference,A6_train_seed_4,50029,250,250,False,250,38,0,2.9126179107914236,25.778092381606967,728.1544776978559,-1.4210854715202004e-14,0.1,0.1,7.3484466780732385,11.319265703238736,10.043122822953027,1.0043122822953026,3.8418608446121216,3.8753278255462646
id_reference,A6_train_seed_4,50030,250,250,False,250,25,0,0.6614474884257661,20.021211356557682,165.36187210644152,-4.263256414560601e-14,0.18354776209571325,0.1,2.1725124787048236,11.628301076287018,10.310715029361939,1.9196880223122317,3.844485415458679,3.8658151626586914
id_reference,A6_train_seed_4,50031,250,250,False,250,30,0,0.9688115839428906,22.18124018113351,242.20289598572265,-2.842170943040401e-14,0.10136784712811087,0.1,3.0113502225950444,9.183387605685716,6.763190131510553,0.6863529588245277,3.846157960891724,3.8792104721069336
id_reference,A6_train_seed_4,50032,250,250,False,250,25,0,1.680452789153043,24.39397827229823,420.1131972882607,-2.1316282072803006e-14,0.1,0.1,8.209745093958512,8.90705150570418,8.372749312138517,0.8372749312138517,3.84204558467865,3.8720579147338867
id_reference,A6_train_seed_4,50033,250,250,False,250,0,0,0.0,0.0,0.0,6.941537945014829,0.10010285904226537,0.1,4.953999244266598,5.09929815479691,8.03757672904766,0.8045470217277123,3.850189119338989,3.866217613220215
id_reference,A6_train_seed_4,50034,250,250,False,250,19,0,0.04983809848386155,1.6437063910147944,12.459524620965388,-7.105427357601002e-15,0.10007726370591898,0.1,5.783533397540437,6.708438529174349,9.520082021940604,0.9525575335853586,3.8516021766662596,3.8686225414276123
id_reference,A6_train_seed_4,50035,250,250,False,250,27,0,0.07984664300308597,1.4223176836144904,19.961660750771493,-2.1316282072803006e-14,0.10027615557723477,0.1,5.7655933848024175,8.452314407454828,8.141753943834098,0.8169477603055886,3.8491021966934205,3.8664305210113525
id_reference,A6_train_seed_4,50036,250,250,False,250,31,0,0.19071696127638385,2.83448059116386,47.67924031909596,-2.1316282072803006e-14,0.1,0.1,6.9540248313586,8.112304992113167,6.9562581521197915,0.6956258152119792,3.846097445487976,3.8647563457489014
id_reference,A6_train_seed_4,50037,250,250,False,250,23,0,0.9738361448558834,16.11921070327395,243.45903621397085,-2.1316282072803006e-14,0.1,0.1,7.666852708125271,9.476388131937805,7.192007545321813,0.7192007545321815,3.843409893989563,3.8670430183410645
id_reference,A6_train_seed_4,50038,250,250,False,250,51,0,1.0931339858316294,20.350499345925297,273.28349645790735,-2.842170943040401e-14,0.1012205713357444,0.1,3.317861333074524,9.50181695729948,10.485542341664186,1.0604244061328552,3.845116068840027,3.868483543395996
id_reference,A6_train_seed_4,50039,250,250,False,250,18,0,0.025107865531638088,1.0464569416972795,6.276966382909522,-2.842170943040401e-14,0.1,0.1,5.713170494859252,6.247504667217085,7.417795755257896,0.7417795755257897,3.8513815002441407,3.868133783340454
id_reference,A6_train_seed_4,50040,250,250,False,250,19,0,0.25115261167263925,17.202673902674256,62.78815291815981,-1.4210854715202004e-14,0.10000957234560576,0.1,4.930484980160727,6.944983000890175,9.925886685783984,0.9926697514311233,3.847953968048096,3.866792917251587
id_reference,A6_train_seed_4,50041,250,250,False,250,17,0,0.964940094456171,24.488353102559138,241.23502361404275,-1.4210854715202004e-14,0.1,0.1,7.033467528743046,7.858635416504793,7.2182422148900365,0.7218242214890038,3.843038800239563,3.867863893508911
id_reference,A6_train_seed_4,50042,55,55,False,55,15,0,0.34421937543903325,7.588337310483714,18.93206564914683,-2.842170943040401e-14,0.10001447799357482,0.1,4.855930822400303,6.009354402093516,8.334510113398833,0.833538958332419,3.79229379567233,3.8700432777404785
id_reference,A6_train_seed_4,50043,250,250,False,250,1,0,0.0005526912688980588,0.1381728172245147,0.1381728172245147,0.0,0.1,0.1,4.36130875780564,6.37821640770181,9.468665344605967,0.9468665344605967,3.852721966743469,3.8691704273223877
id_reference,A6_train_seed_4,50044,250,250,False,250,29,0,1.1550337428592212,15.566220586730008,288.75843571480533,-2.1316282072803006e-14,0.1,0.1,7.226522651166761,10.44886664070796,8.020653179884752,0.8020653179884752,3.842889024734497,3.87019681930542
id_reference,A6_train_seed_4,50045,250,250,False,250,64,25,4.387683531356069,22.90574789324854,1096.9208828390174,-2.842170943040401e-14,0.1,0.1,8.842656868462543,11.524326253026656,10.706954033810867,1.0706954033810867,3.8419496603012084,3.8657455444335938
id_reference,A6_train_seed_4,50046,52,52,False,52,18,0,6.44277678352609,25.59918419022259,335.02439274335666,-1.4210854715202004e-14,0.09999999999999996,0.1,7.74286630038843,9.314400369527576,8.584239035250873,0.8584239035250874,3.786360346353971,3.8714380264282227
id_reference,A6_train_seed_4,50047,250,250,False,250,4,0,0.004241668737024042,0.34827173025793456,1.0604171842560106,0.0,0.1,0.1,4.373157614401138,7.250329337696575,9.907076691170555,0.9907076691170557,3.853836486816406,3.8705997467041016
id_reference,A6_train_seed_4,50048,250,250,False,250,26,0,0.37041627366617785,9.783037339928505,92.60406841654446,-1.4210854715202004e-14,0.10028997982971544,0.1,3.708445282711363,7.002692207782726,8.913782553437603,0.8931078509361421,3.8472522659301758,3.88961124420166
id_reference,A6_train_seed_4,50049,250,250,False,250,25,0,1.8765033839989715,24.597657959560273,469.12584599974286,-2.1316282072803006e-14,0.1,0.1,7.258487022886384,9.061317164900426,8.877785089206187,0.8877785089206188,3.8404748449325563,3.866791248321533
id_reference,A6_train_seed_4,50050,250,250,False,250,53,0,1.1730536719581197,20.599719360401053,293.26341798952996,-4.263256414560601e-14,0.1024029073219768,0.1,4.590506378376351,10.578533549249283,10.199464046586291,1.044794931830316,3.8457871761322022,3.866701602935791
id_reference,A6_train_seed_4,50051,250,250,False,250,250,0,3.5981884102997936,20.815576988564814,899.5471025749484,-1.4210854715202004e-14,0.10238356072997495,0.1,3.9195760201970518,9.83403652796335,10.574129190037016,1.0813761152035568,3.845360152244568,3.865928888320923
id_reference,A6_train_seed_4,50052,250,250,False,250,250,0,5.746391893048514,25.373814968162513,1436.5979732621286,-2.4868995751603507e-14,0.10026342902466383,0.1,4.974798600736274,13.534453764113275,10.250350618109897,1.0278902381997022,3.844282937049866,3.8811187744140625
id_reference,A6_train_seed_4,50053,250,250,False,250,25,0,0.921501050713179,15.192502125448723,230.37526267829475,-2.1316282072803006e-14,0.1,0.1,7.488434349779148,8.242466521666335,7.014448859925291,0.7014448859925293,3.8428493547439575,3.8675637245178223
id_reference,A6_train_seed_4,50054,250,250,False,250,49,0,0.792124207763989,20.168182415176318,198.03105194099723,-2.842170943040401e-14,0.10322485558637325,0.1,4.2175657164736124,8.824966923373113,10.183735875182595,1.0517312485069579,3.845468633651733,3.86513090133667
id_reference,A6_train_seed_4,50055,250,250,False,250,37,15,2.3900234761161228,23.560567047949746,597.5058690290307,-2.1316282072803006e-14,0.1,0.1,9.293517308869205,10.50245800450497,10.355512291255646,1.035551229125565,3.8417351484298705,3.8709771633148193
id_reference,A6_train_seed_4,50056,43,43,False,43,0,0,0.0,0.0,0.0,5.469790597207002,0.10092442587247524,0.1,3.8859915379611256,4.761394262148682,9.109062866851634,0.9197565969078139,3.774401847706285,3.8679616451263428
id_reference,A6_train_seed_4,50057,250,250,False,250,25,0,0.4567386148576958,8.260764428843322,114.18465371442394,-2.1316282072803006e-14,0.1,0.1,4.834394547204608,8.736289905458365,7.657778087792688,0.7657778087792688,3.849788233757019,3.8682470321655273
id_reference,A6_train_seed_4,50058,250,250,False,250,30,0,2.4041337611465057,26.930332793986146,601.0334402866264,-1.7763568394002505e-14,0.1,0.1,8.691388214870251,11.44903996290195,9.994434514475154,0.9994434514475153,3.8418723888397217,3.8745880126953125
id_reference,A6_train_seed_4,50059,250,250,False,250,29,0,0.24680086831093195,3.9331264613403873,61.70021707773299,-2.1316282072803006e-14,0.1001722656637468,0.1,6.406243024440439,8.608795270013797,10.08890225912154,1.0103886077811224,3.8500207633972168,3.866819143295288
id_reference,A6_train_seed_4,50060,250,250,False,250,26,0,2.107256029272038,24.80521457402839,526.8140073180095,-2.1316282072803006e-14,0.1,0.1,6.537355631201335,10.142303704312978,9.786984639136369,0.978698463913637,3.83987495136261,3.8762283325195312
id_reference,A6_train_seed_4,50061,250,250,False,250,0,0,0.0,0.0,0.0,2.387419530975606,0.1,0.1,4.236440666015007,5.182022657613794,8.087878667599025,0.8087878667599026,3.847417964935303,3.8639564514160156
id_reference,A6_train_seed_4,50062,250,250,False,250,36,0,1.1853511447007172,21.15800867115361,296.3377861751793,-1.4210854715202004e-14,0.10031737737378194,0.1,4.727527518120866,10.160031930755357,9.383395309595134,0.9401457338631394,3.8467838354110717,3.874246120452881
id_reference,A6_train_seed_4,50063,250,250,False,250,0,0,0.0,0.0,0.0,6.245430783412374,0.10006986116219978,0.1,5.291129974823769,5.523814627851745,9.01159464181673,0.9019415639872591,3.851077392578125,3.8676421642303467
id_reference,A6_train_seed_4,50064,250,250,False,250,13,0,0.19004818838414428,6.280081419871751,47.51204709603607,-2.1316282072803006e-14,0.1,0.1,6.841775606899745,7.479250825257048,5.853723405977516,0.5853723405977517,3.844356420516968,3.8656442165374756
id_reference,A6_train_seed_4,50065,250,250,False,250,4,0,0.005725181891154851,0.7689241870202781,1.4312954727887126,-1.4210854715202004e-14,0.1,0.1,5.457547711084548,6.559383820318963,7.777742900174716,0.7777742900174714,3.8505081825256346,3.8668408393859863
id_reference,A6_train_seed_4,50066,250,250,False,250,39,0,3.10688357511686,24.343539427919094,776.7208937792151,-2.842170943040401e-14,0.1,0.1,8.415728602197483,9.834250686998029,10.731785999421362,1.0731785999421364,3.8418318223953247,3.873415231704712
id_reference,A6_train_seed_4,50067,250,250,False,250,9,0,0.022706562721063743,1.4146649523135235,5.676640680265936,-1.4210854715202004e-14,0.10052156234161419,0.1,5.725365696667523,6.301621064022019,9.708368249900722,0.9753739232072679,3.85173708152771,3.8685097694396973
id_reference,A6_train_seed_4,50068,49,49,False,49,3,0,0.04144248846609239,1.2630660410143657,2.0306819348385274,-1.4210854715202004e-14,0.10163641903093121,0.1,4.556479931256244,5.914634972012446,7.1094166590581125,0.7236492205188033,3.7837537064844247,3.86607027053833
id_reference,A6_train_seed_4,50069,250,250,False,250,20,0,1.2034552403110985,25.286364876081034,300.86381007777464,-2.1316282072803006e-14,0.1,0.1,5.620762673981708,10.771567853021969,6.287883482593077,0.6287883482593076,3.845038022041321,3.8691747188568115
id_reference,A6_train_seed_4,50070,250,250,False,250,0,0,0.0,0.0,0.0,7.8455223106543315,0.10053564605225708,0.1,3.397754519469324,4.771254802384097,7.892506774020426,0.7937145051050905,3.849026463508606,3.8665781021118164
id_reference,A6_train_seed_4,50071,43,43,False,43,9,0,0.9430472024197993,9.753820969583163,40.55102970405137,-2.1316282072803006e-14,0.09999999999999998,0.1,5.4436737474288455,8.706045179689868,7.046037465921705,0.7046037465921704,3.7725599422011267,3.8667051792144775
id_reference,A6_train_seed_4,50072,250,250,False,250,248,0,3.5041991925758746,20.812885061314415,876.0497981439687,-1.4210854715202004e-14,0.10146343719047192,0.1,2.766200558327225,7.542725941589792,10.067049056839364,1.0199097043709175,3.8443277101516724,3.864933729171753
id_reference,A6_train_seed_4,50073,250,250,False,250,54,0,1.2118892680003726,20.71038037126936,302.97231700009314,-2.842170943040401e-14,0.10013531439493016,0.1,3.7063892467294774,10.493748977068073,10.580523550694547,1.0587903087077908,3.844774175643921,3.8642988204956055
id_reference,A6_train_seed_4,50074,250,250,False,250,4,0,0.007902477398831313,1.2091508138198,1.9756193497078285,-7.105427357601002e-15,0.10025651965696784,0.1,5.726538146912711,6.518158207897622,8.093023639223185,0.8115077665998249,3.850154282569885,3.8665575981140137
id_reference,A6_train_seed_4,50075,250,250,False,250,33,0,0.24039755873146443,3.0952006092796935,60.099389682866104,-1.4210854715202004e-14,0.1006464750443685,0.1,5.939095378272561,8.002427297631312,8.586029922091296,0.8649698939495167,3.8479838066101073,3.865880250930786
id_reference,A6_train_seed_4,50076,34,35,True,34,20,3,12.403127559627702,27.328192105330288,434.1094645869696,-337.3978933341795,0.1015607054978055,0.1,4.928074878752351,10.492832838811037,9.369038961259484,0.9532443520286887,3.7521790776933943,3.8731706142425537
id_reference,A6_train_seed_4,50077,250,250,False,250,16,3,0.11067825946122238,5.161968136136414,27.669564865305595,-7.105427357601002e-15,0.1,0.1,5.376544494908845,6.918055198639094,9.757297648210997,0.9757297648210997,3.849550810813904,3.8750264644622803
id_reference,A6_train_seed_4,50078,250,250,False,250,21,0,0.033652682480502176,1.4512206750853847,8.413170620125545,-7.105427357601002e-15,0.10058053286121464,0.1,5.6843110605198754,6.558374743785197,8.079247935541842,0.8131204445728832,3.851878803253174,3.868478775024414
id_reference,A6_train_seed_4,50079,250,250,False,250,81,10,3.9520874723100152,24.83592583514554,988.0218680775038,-1.4210854715202004e-14,0.1,0.1,7.583478517517306,12.63083460336406,7.376889369559499,0.7376889369559498,3.5505321300029755,3.8759775161743164
id_reference,A6_train_seed_4,50080,250,250,False,250,41,0,1.3884227953448691,21.332033485123326,347.1056988362173,-2.842170943040401e-14,0.10141698590648557,0.1,3.58514972072387,11.03198045892644,10.428550431574124,1.0556265811015975,3.845355034828186,3.8749430179595947
id_reference,A6_train_seed_4,50081,60,60,False,60,14,0,0.8564761154439241,16.353441456654892,51.38856692663545,-2.1316282072803006e-14,0.10131476949512307,0.1,4.7134748862152,6.40606820244653,8.56174029505213,0.863016362805176,3.7985166947046918,3.8696398735046387
id_reference,A6_train_seed_4,50082,52,52,False,52,6,0,0.5714589552553849,7.4826091845926825,29.715865673280014,-2.842170943040401e-14,0.09999999999999996,0.1,6.519962801644564,7.9726124395915,5.343666935828215,0.5343666935828216,3.786577875797565,3.8676605224609375
id_reference,A6_train_seed_4,50083,77,77,False,77,54,0,3.654607337993292,20.98648198907764,281.40476502548347,-1.4210854715202004e-14,0.10864494321440533,0.1,3.533950997464829,8.105664335203036,6.790462523922275,0.7393669891598127,3.8094786390081627,3.866605043411255
id_reference,A6_train_seed_4,50084,46,46,False,46,10,0,1.3759992171398705,13.329545674673524,63.29596398843404,-2.1316282072803006e-14,0.09999999999999995,0.1,5.105431116711179,8.3725991306222,7.237190869990585,0.7237190869990585,3.77893983281177,3.8671603202819824
id_reference,A6_train_seed_4,50085,250,250,False,250,217,0,1.0715753448248546,20.62811812085306,267.8938362062137,-1.5987211554602254e-14,0.10021607278479826,0.1,3.2885567700336256,7.468145747679631,10.216688544746518,1.0227383571427904,3.8446137351989744,3.862657070159912
id_reference,A6_train_seed_4,50086,60,60,False,60,19,0,6.072184414396779,29.028193759937995,364.3310648638068,-1.4210854715202004e-14,0.09999999999999996,0.1,7.293455100575576,9.583542208322509,7.979344614952813,0.7979344614952814,3.798122938474019,3.876605272293091
id_reference,A6_train_seed_4,50087,250,250,False,250,6,0,0.010457503374358326,0.8492664784672038,2.614375843589581,0.0,0.1,0.1,5.3969396914511485,7.473281580748303,7.769002924140786,0.7769002924140787,3.851653877258301,3.86855411529541
id_reference,A6_train_seed_4,50088,250,250,False,250,250,0,7.675577518306016,23.77636388605896,1918.8943795765042,-1.4210854715202004e-14,0.10347484711872872,0.1,3.7869426231127155,12.085446055066855,8.50458336924895,0.8830699714151911,3.84461763381958,3.8663241863250732
id_reference,A6_train_seed_4,50089,250,250,False,250,5,0,0.20028662122314167,16.156076429067088,50.07165530578542,-1.4210854715202004e-14,0.10257499343239132,0.1,4.143153558053879,6.312223693328353,9.355426072977574,0.9627538300958774,3.845899454116821,3.8640692234039307
id_reference,A6_train_seed_4,50090,250,250,False,250,37,33,2.543729513653145,28.504959680061454,635.9323784132862,-2.1316282072803006e-14,0.1,0.1,9.737395991225323,11.273829040237082,10.647431757865887,1.0647431757865888,3.8416007251739503,3.862755298614502
id_reference,A6_train_seed_4,50091,250,250,False,250,249,0,5.6525304103132665,20.803105005505355,1413.1326025783167,-1.4210854715202004e-14,0.10011752953732005,0.1,3.271930176379642,9.556768167475717,10.34123397147836,1.0350241174107633,3.8440305871963503,3.8633322715759277
id_reference,A6_train_seed_4,50092,250,250,False,250,45,0,0.5414939650925623,5.787879812985776,135.3734912731406,-2.842170943040401e-14,0.10468505451438713,0.1,3.660187648163187,6.994273564924356,10.095200848602143,1.060009857250846,3.8461420431137086,3.8667850494384766
id_reference,A6_train_seed_4,50093,250,250,False,250,244,5,6.780425885236738,25.389120911948982,1695.1064713091846,-2.842170943040401e-14,0.10012935991523582,0.1,5.660777890671869,10.219762833450046,10.395428712174594,1.040482045287075,3.8307694578170777,3.8729231357574463
id_reference,A6_train_seed_4,50094,250,250,False,250,0,0,0.0,0.0,0.0,1.3258724548586898,0.1,0.1,4.495108240197148,7.329486142988387,8.790121528290118,0.8790121528290119,3.852041612625122,3.868630886077881
id_reference,A6_train_seed_4,50095,250,250,False,250,17,0,0.05113214231852078,1.8273666268223936,12.783035579630194,-2.1316282072803006e-14,0.1,0.1,7.9383628632409415,8.759046241310504,7.222140436890855,0.7222140436890855,3.843532269477844,3.865449905395508
id_reference,A6_train_seed_4,50096,250,250,False,250,37,0,2.081883812316417,24.526876642424096,520.4709530791043,-1.4210854715202004e-14,0.1,0.1,6.363490398254246,8.142504001173904,8.458776842134696,0.8458776842134698,3.840780379295349,3.8776309490203857
id_reference,A6_train_seed_4,50097,250,250,False,250,53,0,0.23303049038251014,9.941660090228448,58.25762259562754,-4.263256414560601e-14,0.10614386218178765,0.1,3.4206462970058884,9.78347501523715,10.720236537810223,1.1407605961411038,3.8451093263626097,3.8654825687408447
id_reference,A6_train_seed_4,50098,62,62,False,62,27,0,8.248988242367986,28.170681061093354,511.43727102681515,-2.1316282072803006e-14,0.09999999999999996,0.1,7.800694164061475,10.065133237297209,9.368482150955668,0.9368482150955667,3.7605341365260463,3.875441312789917
id_reference,A6_train_seed_4,50099,250,250,False,250,68,0,0.6101915182772032,16.39983919527091,152.5478795693008,-2.842170943040401e-14,0.10144772784731845,0.1,4.542351814775669,10.0033854541265,10.41094365957493,1.0568832773680077,3.845627710342407,3.8664278984069824
ood_compound,A6_train_seed_4,50000,250,250,False,250,220,0,1.8036192780198972,13.31530926618785,450.9048195049743,-5.684341886080802e-14,0.1002057989743281,0.1,8.025056858114302,12.783754803808064,10.143722678072878,1.0160859046872277,3.846578254699707,3.8699164390563965
ood_compound,A6_train_seed_4,50001,250,250,False,250,76,0,2.8869174920123712,20.849922386300953,721.7293730030929,-2.842170943040401e-14,0.10743054884048213,0.1,4.371866677711801,12.834358194015115,9.887374986119516,1.060634494813151,3.84294010925293,3.869083881378174
ood_compound,A6_train_seed_4,50002,250,250,False,250,250,0,2.6112710651311346,8.009777473398847,652.8177662827836,-4.263256414560601e-14,0.1025270051730297,0.1,5.054034109207101,10.536631154809745,7.770176023657834,0.7994395902814241,3.846400942802429,3.8681044578552246
ood_compound,A6_train_seed_4,50003,58,59,True,58,55,5,18.43657342451519,46.46177070100731,1087.757832046396,-489.3249268800921,0.10055568557268031,0.1,6.252534782394666,10.746251479974797,8.4941989590684,0.8554730677422346,3.797674793308064,3.8750579357147217
ood_compound,A6_train_seed_4,50004,250,250,False,250,115,72,8.126868926157238,27.425761633650016,2031.7172315393095,-2.842170943040401e-14,0.1,0.1,9.952497515510652,18.881363156512222,9.068120104487763,0.9068120104487762,3.815370369911194,3.888721227645874
ood_compound,A6_train_seed_4,50005,250,250,False,250,79,0,1.7706714380393567,21.031439787235165,442.66785950983916,-4.263256414560601e-14,0.10003782127730318,0.1,4.803794573322252,10.311427543415975,10.097438210613603,1.010047534563436,3.8218206005096436,3.8643810749053955
ood_compound,A6_train_seed_4,50006,250,250,False,250,112,0,1.3589802692984814,10.366211741679729,339.7450673246203,-2.842170943040401e-14,0.1,0.1,6.055938513816509,8.290677897168239,8.682419509893123,0.8682419509893123,3.8514410181045533,3.8699228763580322
ood_compound,A6_train_seed_4,50007,60,61,True,60,56,3,13.71327577144784,42.7493601815047,836.5098220583183,-457.7296551640013,0.10003319824290217,0.1,6.657314336560533,11.608872131004883,9.821370338488457,0.9825023176929901,3.799882529211826,3.876021146774292
ood_compound,A6_train_seed_4,50008,250,250,False,250,203,3,2.1556260352995062,20.653441264454635,538.9065088248766,-4.263256414560601e-14,0.10147113836626606,0.1,4.430708462275467,11.832741250843029,9.57663200419696,0.9710512322788003,3.7576541855335237,3.8708271980285645
ood_compound,A6_train_seed_4,50009,250,250,False,250,144,42,12.018497748515845,24.161563962111952,3004.6244371289613,-2.842170943040401e-14,0.1,0.1,8.159021735462842,11.028329580878346,9.874720866287815,0.9874720866287815,3.8451740579605103,3.8739564418792725
ood_compound,A6_train_seed_4,50010,250,250,False,250,68,0,4.704824327010555,23.80938525793305,1176.2060817526387,-2.1316282072803006e-14,0.1,0.1,8.08375001262243,9.092000817105154,9.038707834079661,0.9038707834079664,3.842973974227905,3.876851797103882
ood_compound,A6_train_seed_4,50011,250,250,False,250,37,0,0.9395546602172794,11.434333321937693,234.88866505431986,-2.842170943040401e-14,0.1002722587140026,0.1,6.699798074109971,12.598901363694253,10.213734052225766,1.0242053768202752,3.8451617012023926,3.8712661266326904
ood_compound,A6_train_seed_4,50012,250,250,False,250,61,0,2.342083223933704,16.301800771637556,585.520805983426,-2.842170943040401e-14,0.1,0.1,6.805195608974727,9.08290572676064,7.952648214108235,0.7952648214108236,3.8454588470458986,3.867971658706665
ood_compound,A6_train_seed_4,50013,250,250,False,250,250,0,19.780207735146142,22.22929881332708,4945.051933786535,-2.842170943040401e-14,0.1,0.1,12.991677070191564,15.340412177144723,10.418530704039645,1.0418530704039648,3.8429226160049437,3.8591318130493164
ood_compound,A6_train_seed_4,50014,250,250,False,250,202,0,2.0929453111474166,19.119614533919915,523.2363277868542,-2.842170943040401e-14,0.1111464772852136,0.1,4.0841732787075875,11.776522110597314,10.293566542501406,1.148589574489479,3.7100393922328947,3.8659985065460205
ood_compound,A6_train_seed_4,50015,250,250,False,250,133,34,6.821674131142242,24.472584247482406,1705.4185327855605,-2.842170943040401e-14,0.1,0.1,8.562704279919892,11.18857698872163,7.294589728335517,0.7294589728335518,3.8433800525665283,3.8650405406951904
ood_compound,A6_train_seed_4,50016,250,250,False,250,179,10,11.731798352525493,23.203793048539264,2932.9495881313733,-2.842170943040401e-14,0.1,0.1,7.656841636824955,11.559869218951318,8.338180227248813,0.8338180227248813,3.8441943597793578,3.872769832611084
ood_compound,A6_train_seed_4,50017,250,250,False,250,209,2,1.7005363149160875,19.623620002551455,425.1340787290219,-2.842170943040401e-14,0.10013980598986404,0.1,4.025732665388468,11.959251380684444,9.729047653289312,0.9742543063992583,3.843352128982544,3.868622303009033
ood_compound,A6_train_seed_4,50018,250,250,False,250,250,0,12.427007086606832,23.42106118120423,3106.7517716517077,-2.842170943040401e-14,0.10005245675497562,0.1,8.551309556683194,17.230269907453344,8.7419602534137,0.8745716355961488,3.844050437927246,3.8637197017669678
ood_compound,A6_train_seed_4,50019,250,250,False,250,250,0,22.086818352280094,22.279539941530224,5521.704588070023,-2.842170943040401e-14,0.1,0.1,9.940595359546684,11.78594685819838,9.04310394827287,0.9043103948272869,3.843979096412659,3.860779047012329
ood_compound,A6_train_seed_4,50020,250,250,False,250,125,0,0.9188139937832893,4.0932241704663745,229.70349844582233,-4.263256414560601e-14,0.1,0.1,9.626140886105716,11.924118866511726,6.914828385358238,0.6914828385358238,3.845264026641846,3.8664982318878174
ood_compound,A6_train_seed_4,50021,250,250,False,250,223,0,4.578834427648719,16.004517767528164,1144.7086069121797,-5.684341886080802e-14,0.1,0.1,9.753514861109291,12.928766642420777,10.256644458858961,1.0256644458858961,3.84610218334198,3.8671019077301025
ood_compound,A6_train_seed_4,50022,250,250,False,250,97,0,3.5526443243883414,23.907803411063007,888.1610810970853,-2.1316282072803006e-14,0.1,0.1,8.095468554761096,10.46438288855319,9.364352417914597,0.9364352417914596,3.8432398853302003,3.874246120452881
ood_compound,A6_train_seed_4,50023,250,250,False,250,74,0,1.6866305167510205,21.110520846216776,421.6576291877551,-1.4210854715202004e-14,0.12011337865936327,0.1,3.600370253401949,11.215256930875515,10.118956146259883,1.2344632603393055,3.844554138183594,3.8823156356811523
ood_compound,A6_train_seed_4,50024,250,250,False,250,92,0,2.6353846781399524,15.57658874181505,658.8461695349881,-2.842170943040401e-14,0.10443178982695181,0.1,5.607116546854036,10.914341195659391,9.988747398295159,1.0445380582160997,3.845137755393982,3.867251396179199
ood_compound,A6_train_seed_4,50025,250,250,False,250,51,3,2.4650961200278796,18.4093231748378,616.27403000697,-2.842170943040401e-14,0.14361098055025986,0.1,3.2587453940046704,11.383379269750739,10.640684909594533,1.553171492118844,3.845477292060852,3.9106640815734863
ood_compound,A6_train_seed_4,50026,250,250,False,250,246,2,2.269117258604714,10.036765613814993,567.2793146511785,-8.526512829121202e-14,0.10288630924886027,0.1,4.382754966566426,13.345799577015974,10.185561407900169,1.0486790467625648,3.84404554271698,3.871323585510254
ood_compound,A6_train_seed_4,50027,250,250,False,250,58,0,2.6226809073835704,19.67015938330968,655.6702268458926,-2.1316282072803006e-14,0.10097252068161865,0.1,4.909104092062125,10.4759533593747,10.2303175380944,1.033916789132861,3.845795867919922,3.8688008785247803
ood_compound,A6_train_seed_4,50028,250,250,False,250,108,0,3.591141777578777,25.731163265505522,897.7854443946942,-1.4210854715202004e-14,0.1,0.1,8.319056311516947,11.445202595629347,8.482988322660203,0.8482988322660202,3.84318274974823,3.874608039855957
ood_compound,A6_train_seed_4,50029,250,250,False,250,250,0,19.553261581519777,24.128361264679246,4888.315395379945,-2.842170943040401e-14,0.1,0.1,7.778759979539887,11.319265703238736,8.151723280346484,0.8151723280346485,3.8472103605270385,3.868086338043213
ood_compound,A6_train_seed_4,50030,250,250,False,250,36,3,1.6282472144790079,20.021211356557682,407.06180361975197,-2.842170943040401e-14,0.11261632984332043,0.1,4.006325897578971,13.174481965134442,10.425802483349162,1.1790078483041535,3.808524380683899,3.8687148094177246
ood_compound,A6_train_seed_4,50031,250,250,False,250,83,0,2.141792956868029,20.84920159077445,535.4482392170072,-2.842170943040401e-14,0.11716916786272284,0.1,4.139356949131044,10.569955873181009,9.405601032861306,1.1095439330049044,3.8451471824645997,3.8854434490203857
ood_compound,A6_train_seed_4,50032,250,250,False,250,89,0,5.477206758751596,23.260837664389932,1369.301689687899,-1.4210854715202004e-14,0.1,0.1,8.3489221214737,10.719717420662228,9.43892809513791,0.9438928095137913,3.843029125213623,3.8770482540130615
ood_compound,A6_train_seed_4,50033,250,250,False,250,188,0,6.726148955310769,20.07717527602596,1681.5372388276924,-4.263256414560601e-14,0.10018740285223063,0.1,4.699046367547917,9.070469803334626,9.574533911533653,0.9591026211798988,3.845996455192566,3.864959716796875
ood_compound,A6_train_seed_4,50034,250,250,False,250,250,0,7.093948149989388,20.27627074730677,1773.487037497347,-3.552713678800501e-14,0.10048925095142246,0.1,6.582772078430265,12.44085573873862,8.137629027177951,0.8179293920702315,3.846191530227661,3.866154432296753
ood_compound,A6_train_seed_4,50035,250,250,False,250,241,0,3.4919657442068024,20.403909565993878,872.9914360517006,-4.263256414560601e-14,0.10698174802188302,0.1,4.535699024074776,13.622840408379986,9.73352034818123,1.0478688404303285,3.8453705472946167,3.8686838150024414
ood_compound,A6_train_seed_4,50036,250,250,False,250,250,0,15.45192728230852,23.087081008235174,3862.98182057713,-3.552713678800501e-14,0.1,0.1,8.235185003772798,12.0464307558253,5.708043514823817,0.5708043514823818,3.8428207778930665,3.863671064376831
ood_compound,A6_train_seed_4,50037,250,250,False,250,250,0,20.184643821775545,22.376991472475286,5046.160955443886,-2.842170943040401e-14,0.1,0.1,6.497790810519377,9.476388131937805,7.314073925430544,0.7314073925430545,3.8429520540237427,3.859642744064331
ood_compound,A6_train_seed_4,50038,250,250,False,250,103,0,1.9541398729708337,20.350499345925297,488.53496824270843,-2.842170943040401e-14,0.11790730264874978,0.1,3.797569218095104,10.97667723005436,10.33892227395172,1.2306049341187957,3.8435940103530886,3.8805978298187256
ood_compound,A6_train_seed_4,50039,250,250,False,250,250,0,9.216860421642407,20.68293348507525,2304.2151054106016,-2.842170943040401e-14,0.1,0.1,9.444796982995264,12.22621792212437,6.444596795138957,0.6444596795138957,3.844141540527344,3.865845203399658
ood_compound,A6_train_seed_4,50040,250,250,False,250,36,0,1.4230648737765959,17.202673902674256,355.766218444149,-2.842170943040401e-14,0.10773633655849425,0.1,3.9023490913922556,12.433533369614528,10.77906922582642,1.163815694182274,3.8389578285217287,3.866711378097534
ood_compound,A6_train_seed_4,50041,250,250,False,250,103,0,2.9438468349406626,23.944625063246235,735.9617087351656,-2.842170943040401e-14,0.1,0.1,7.728677474569402,10.125311110262563,9.173404505130726,0.9173404505130726,3.843273001670837,3.8706274032592773
ood_compound,A6_train_seed_4,50042,250,250,False,250,215,0,1.5426440377437152,10.63008351639697,385.6610094359288,-2.842170943040401e-14,0.10399961430205133,0.1,4.653002815382781,11.440274030576042,9.828550351790998,1.0258144520156784,3.8454899549484254,3.866694927215576
ood_compound,A6_train_seed_4,50043,250,250,False,250,28,0,0.08529535692419313,1.408534844727209,21.323839231048282,-3.552713678800501e-14,0.1,0.1,8.740678484456932,10.359192511699455,7.155700645426896,0.7155700645426898,3.8492694330215453,3.8685312271118164
ood_compound,A6_train_seed_4,50044,250,250,False,250,250,0,20.018159326497628,22.522113102034048,5004.539831624407,-2.842170943040401e-14,0.1,0.1,8.40311309790764,10.49083419461386,8.271808813781272,0.8271808813781274,3.842505705833435,3.8587560653686523
ood_compound,A6_train_seed_4,50045,250,250,False,250,250,0,9.4428563770191,22.797168341582356,2360.714094254775,-2.842170943040401e-14,0.1,0.1,5.460118728151887,13.89322977361665,10.583132783906624,1.0583132783906624,3.842756781578064,3.8595962524414062
ood_compound,A6_train_seed_4,50046,250,250,False,250,73,10,4.2056318467983544,24.49116018245344,1051.4079616995887,-2.1316282072803006e-14,0.1,0.1,8.357135743126307,11.023077247538113,10.55587152662796,1.0555871526627962,3.844273099899292,3.876434087753296
ood_compound,A6_train_seed_4,50047,250,250,False,250,219,0,3.2167995815882042,17.809093459701696,804.199895397051,-2.1316282072803006e-14,0.1,0.1,6.885102767812761,8.365332742612672,9.42493996224339,0.9424939962243388,3.848524263381958,3.869248151779175
ood_compound,A6_train_seed_4,50048,250,250,False,250,44,1,1.6269229478390288,14.581954524513554,406.7307369597572,-4.263256414560601e-14,0.1248690040904437,0.1,2.9474946553700456,9.641852477114902,10.75307266307226,1.3520095187748054,3.84516766166687,3.8991599082946777
ood_compound,A6_train_seed_4,50049,250,250,False,250,184,0,14.836546996539582,22.93285823875477,3709.1367491348956,-2.842170943040401e-14,0.1,0.1,7.319469367392814,9.761254051740789,10.665973080865978,1.0665973080865978,3.8426323089599608,3.862351179122925
ood_compound,A6_train_seed_4,50050,250,250,False,250,121,0,2.3514776237007675,19.885956328358724,587.8694059251919,-4.263256414560601e-14,0.10652287492198681,0.1,4.226365513347171,11.230741498617572,10.42235191340708,1.113248342646985,3.7817273254394532,3.864794969558716
ood_compound,A6_train_seed_4,50051,250,250,False,250,250,0,4.64860367865162,20.365815253070764,1162.150919662905,-2.842170943040401e-14,0.10142720455613699,0.1,3.7072557579453878,9.83403652796335,10.421214115100112,1.056716462389093,3.8436101598739625,3.8637306690216064
ood_compound,A6_train_seed_4,50052,250,250,False,250,246,0,6.506666968949004,25.317727435764343,1626.666742237251,-2.842170943040401e-14,0.10038779742739944,0.1,5.265286732394791,12.31523048871965,9.191448548285024,0.9206065839012781,3.6147599469423293,3.874389410018921
ood_compound,A6_train_seed_4,50053,250,250,False,250,112,46,4.376115850458624,21.047272357099608,1094.028962614656,-2.1316282072803006e-14,0.1,0.1,8.158957108116589,10.96873610410194,7.496354698023469,0.7496354698023472,3.844116693496704,3.8705313205718994
ood_compound,A6_train_seed_4,50054,250,250,False,250,73,0,1.7629934555150117,20.237971339434093,440.7483638787529,-2.842170943040401e-14,0.10727751810824078,0.1,3.8353428373924565,10.817829795936577,10.588894931284882,1.1395956603890827,3.7988426637649537,3.8637185096740723
ood_compound,A6_train_seed_4,50055,250,250,False,250,98,106,5.998686952573684,23.277230120979056,1499.671738143421,-2.1316282072803006e-14,0.1,0.1,9.10362289302823,11.722370659601287,9.22460436732928,0.922460436732928,3.843446897506714,3.872147798538208
ood_compound,A6_train_seed_4,50056,250,250,False,250,0,0,0.0,0.0,0.0,0.05727156737653161,0.10013162373572172,0.1,5.807065437496987,6.068807230961958,8.984555398713608,0.8997394723142546,3.851113637924194,3.867100238800049
ood_compound,A6_train_seed_4,50057,250,250,False,250,250,0,11.7145570014574,22.84203997472915,2928.63925036435,-2.842170943040401e-14,0.1,0.1,5.733119090903974,8.756554633304964,7.021463835027983,0.7021463835027983,3.8455264148712156,3.8690598011016846
ood_compound,A6_train_seed_4,50058,250,250,False,250,112,28,8.290584277334153,24.831927346371984,2072.6460693335384,-2.842170943040401e-14,0.1,0.1,9.274589396022925,11.44903996290195,10.063511889315219,1.0063511889315218,3.845840352058411,3.8752737045288086
ood_compound,A6_train_seed_4,50059,250,250,False,250,247,0,3.3246412072219127,18.8017072794062,831.1603018054782,-2.1316282072803006e-14,0.1043191603404052,0.1,5.608907702034525,8.519507857248039,8.48190946819819,0.8901928384045127,3.84663685798645,3.8662664890289307
ood_compound,A6_train_seed_4,50060,250,250,False,250,250,0,22.24323416785732,22.76109591836566,5560.80854196433,-2.842170943040401e-14,0.1,0.1,8.290528973612306,10.142303704312978,8.367706218368038,0.836770621836804,3.843698844909668,3.8601090908050537
ood_compound,A6_train_seed_4,50061,250,250,False,250,137,0,4.707862917786053,21.947369506788274,1176.9657294465133,-2.842170943040401e-14,0.10492489452540568,0.1,4.318916729991848,9.032634950599927,9.1480898832241,0.9664866278000181,3.8449760303497316,3.8639659881591797
ood_compound,A6_train_seed_4,50062,250,250,False,250,52,3,1.9121942058789996,22.579296172347824,478.0485514697499,-1.4210854715202004e-14,0.10378643778475466,0.1,3.4889578565124046,10.34577694143989,10.222117821754464,1.0635979851535449,3.845489236831665,3.8880348205566406
ood_compound,A6_train_seed_4,50063,250,250,False,250,191,0,12.711621586120808,24.186925081536494,3177.905396530202,-3.552713678800501e-14,0.10006986116219978,0.1,9.440873772546878,13.890435391253128,9.806604344249415,0.9814425342305281,3.8446040592193604,3.8684258460998535
ood_compound,A6_train_seed_4,50064,250,250,False,250,250,0,14.922062862229362,22.636265176883796,3730.5157155573406,-2.842170943040401e-14,0.1,0.1,6.852434366094166,9.588630186390585,5.081004792234827,0.5081004792234826,3.8445014209747312,3.866715908050537
ood_compound,A6_train_seed_4,50065,250,250,False,250,40,0,0.267145857868863,3.8906906961902084,66.78646446721575,-2.1316282072803006e-14,0.1,0.1,6.524106777687441,7.688849048878905,8.22916053314384,0.8229160533143839,3.8497330656051636,3.865922451019287
ood_compound,A6_train_seed_4,50066,250,250,False,250,250,0,22.0545168113179,22.827489496948353,5513.629202829475,-2.842170943040401e-14,0.1,0.1,9.817349886741562,11.726602801000787,8.79192966479442,0.879192966479442,3.844040964126587,3.8621342182159424
ood_compound,A6_train_seed_4,50067,250,250,False,250,134,0,3.976752403625986,19.09189003013829,994.1881009064964,-2.842170943040401e-14,0.1003805420712822,0.1,6.55304493381074,9.743478236288567,9.570260107218775,0.9603075580153295,3.8482328357696534,3.866852045059204
ood_compound,A6_train_seed_4,50068,250,250,False,250,7,0,0.008514403096693542,1.2630660410143657,2.1286007741733854,-2.1316282072803006e-14,0.100190957693039,0.1,6.3566215904965935,6.728751804038264,9.521140832832815,0.9535906158407718,3.8500627746582032,3.8665144443511963
ood_compound,A6_train_seed_4,50069,250,250,False,250,115,0,3.0486756549623686,24.765311399168816,762.1689137405922,-1.4210854715202004e-14,0.1,0.1,6.841341555361116,10.771567853021969,7.930788612612329,0.7930788612612328,3.843735246658325,3.870006799697876
ood_compound,A6_train_seed_4,50070,250,250,False,250,39,0,0.6732687925312566,7.6974883986006155,168.31719813281416,-2.842170943040401e-14,0.1007312548703035,0.1,8.247364234869321,13.603799368074565,10.327480295389584,1.039022931992809,3.8465005617141723,3.8730385303497314
ood_compound,A6_train_seed_4,50071,250,250,False,250,250,0,16.988778324864143,22.850412095475665,4247.194581216036,-2.842170943040401e-14,0.1,0.1,9.25452309802015,11.843615276032342,7.621815894965908,0.762181589496591,3.8428029832839967,3.8615787029266357
ood_compound,A6_train_seed_4,50072,250,250,False,250,248,0,3.4718111334246413,20.812885061314415,867.9527833561604,-2.842170943040401e-14,0.10093788471729881,0.1,4.306264805713241,9.000690535234911,10.494557662707036,1.057545144216339,3.843983880996704,3.8619964122772217
ood_compound,A6_train_seed_4,50073,250,250,False,250,119,0,2.157482639272085,20.71038037126936,539.3706598180212,-4.263256414560601e-14,0.11313228565359051,0.1,4.1066678981639395,11.175287335028825,10.357156972953318,1.180330843564542,3.8205925703048704,3.8651833534240723
ood_compound,A6_train_seed_4,50074,250,250,False,250,237,0,1.347220303114797,5.403936781896931,336.80507577869923,-4.263256414560601e-14,0.10023473888442029,0.1,5.876582851222305,10.692435967652315,9.33039476699735,0.9350470293687643,3.8459612312316893,3.8659346103668213
ood_compound,A6_train_seed_4,50075,250,250,False,250,179,0,5.528485333320655,23.29059978887297,1382.121333330164,-4.263256414560601e-14,0.10409389176771949,0.1,4.980169794565109,11.791413244700228,9.663123196993059,1.0086243683883733,3.8316227912902834,3.865933895111084
ood_compound,A6_train_seed_4,50076,32,33,True,32,20,2,11.59361458886984,25.944913081377344,382.58928143270475,-302.55786751676317,0.10114319908440977,0.1,4.663552605481592,9.33354175591884,9.378176035511727,0.9486298465944,3.7447878736438174,3.8717868328094482
ood_compound,A6_train_seed_4,50077,250,250,False,250,48,0,1.621902872295487,15.230844281316713,405.47571807387175,-4.263256414560601e-14,0.10215757003556115,0.1,3.6485559641299967,9.383125819705237,10.575523805965489,1.0816006026790466,3.84500061416626,3.8649137020111084
ood_compound,A6_train_seed_4,50078,250,250,False,250,250,0,14.362738880300396,24.34712419860744,3590.684720075099,-2.842170943040401e-14,0.10063053128839879,0.1,7.277875953245194,14.02175479175651,7.7700248384027395,0.7826389428898007,3.8232529802322386,3.8694355487823486
ood_compound,A6_train_seed_4,50079,250,250,False,250,250,0,10.071365643542151,24.31117117910139,2517.8414108855377,-2.842170943040401e-14,0.10025659159487557,0.1,6.395430934343836,13.545309855190302,9.181350116393435,0.9207162966982073,3.6995409183502197,3.8668007850646973
ood_compound,A6_train_seed_4,50080,250,250,False,250,110,2,1.8690424566566346,21.69868404916123,467.26061416415865,-2.1316282072803006e-14,0.1193134972768363,0.1,3.6054535692708196,10.364416771989733,10.374013014290044,1.2500107307401962,3.844614978790283,3.878972053527832
ood_compound,A6_train_seed_4,50081,250,250,False,250,47,0,1.066382769613599,16.353441456654892,266.59569240339977,-2.842170943040401e-14,0.13974380455603194,0.1,2.795495469219036,10.82429654810188,10.839024743264671,1.5285007051833837,3.844079452514648,3.864741802215576
ood_compound,A6_train_seed_4,50082,250,250,False,250,36,170,1.2369110881037417,12.936395182842517,309.22777202593545,-1.4210854715202004e-14,0.1,0.1,9.35951979755342,10.669653981160165,9.522957892952789,0.9522957892952789,3.842266345024109,3.8664486408233643
ood_compound,A6_train_seed_4,50083,250,250,False,250,239,0,2.41605791491229,20.98648198907764,604.0144787280725,-1.4210854715202004e-14,0.10149720709328879,0.1,3.861812247440419,12.183481357249201,9.091017635600725,0.9251704543013666,3.8441673393249514,3.8774685859680176
ood_compound,A6_train_seed_4,50084,250,250,False,250,250,0,16.237396784312082,21.28274715901181,4059.34919607802,-2.842170943040401e-14,0.1,0.1,10.89610668544822,13.7527785044255,9.084821469907594,0.9084821469907596,3.8426909379959104,3.863212823867798
ood_compound,A6_train_seed_4,50085,250,250,False,250,240,0,2.9212537844783957,20.62811812085306,730.3134461195989,-2.842170943040401e-14,0.101062520098958,0.1,4.793877526334981,11.92293633695449,10.086380447403622,1.016909082763933,3.8427460136413574,3.868149995803833
ood_compound,A6_train_seed_4,50086,250,250,False,250,238,49,16.576541269791363,39.349851143270925,4144.135317447841,-1.4210854715202004e-14,0.1011001326446087,0.1,4.873278085275845,11.272718687123913,8.56164124157133,0.8659635158966142,3.36587461912632,3.8701798915863037
ood_compound,A6_train_seed_4,50087,250,250,False,250,131,0,2.239619383869656,7.546912266203712,559.904845967414,-3.552713678800501e-14,0.1,0.1,5.554075329068053,7.798615542905485,8.612402858177468,0.8612402858177468,3.8490366773605347,3.866891860961914
ood_compound,A6_train_seed_4,50088,250,250,False,250,248,0,6.544966260378032,23.759415368393615,1636.241565094508,-2.842170943040401e-14,0.10020450938612055,0.1,4.6211653141539735,12.085446055066855,10.223248928715133,1.0239001844540716,3.7026682236194612,3.8651506900787354
ood_compound,A6_train_seed_4,50089,250,250,False,250,37,0,0.3926304889676144,16.156076429067088,98.1576222419036,-2.842170943040401e-14,0.1317231404469793,0.1,2.779346218534851,10.583156441644523,10.908218560601897,1.4460124273364965,3.844362961769104,3.8676364421844482
ood_compound,A6_train_seed_4,50090,250,250,False,250,158,59,10.153329839014479,26.69943038950038,2538.33245975362,-2.1316282072803006e-14,0.1,0.1,9.399944229753148,11.981370555376579,9.003727455136909,0.900372745513691,3.8458801174163817,3.8675990104675293
ood_compound,A6_train_seed_4,50091,250,250,False,250,250,0,5.318167661734869,20.803105005505355,1329.5419154337173,-2.842170943040401e-14,0.10021883177050947,0.1,5.205684409703391,12.698985078603151,10.301844228826315,1.0318057697385288,3.8307620306015013,3.8756725788116455
ood_compound,A6_train_seed_4,50092,250,250,False,250,81,0,2.593392808342167,22.92277168276637,648.3482020855417,-4.263256414560601e-14,0.10168980136848169,0.1,5.655283122050529,14.284949602064847,10.394591486437493,1.0574626005432164,3.8238577098846434,3.8692729473114014
ood_compound,A6_train_seed_4,50093,250,250,False,250,248,7,8.924578679367182,25.18169599032961,2231.1446698417953,-2.842170943040401e-14,0.10048949323305945,0.1,5.833878097827711,12.723808121568954,9.417260695972342,0.9446864873207691,3.542796949148178,3.8799142837524414
ood_compound,A6_train_seed_4,50094,250,250,False,250,168,0,0.6054296838356341,2.7523318760330033,151.35742095890853,-2.842170943040401e-14,0.1,0.1,6.1574863798839266,7.600324978605212,8.590463035204102,0.8590463035204102,3.8504344673156736,3.86891770362854
ood_compound,A6_train_seed_4,50095,250,250,False,250,65,52,1.3726563493052153,9.490324708957989,343.16408732630384,-2.1316282072803006e-14,0.1,0.1,7.881386112695023,11.249201631928566,8.709582412360104,0.8709582412360106,3.8465325984954832,3.8687591552734375
ood_compound,A6_train_seed_4,50096,250,250,False,250,128,0,4.041997472638004,24.131826253161734,1010.4993681595008,-2.1316282072803006e-14,0.1,0.1,6.45589118861924,8.522939335726626,8.893723967587343,0.8893723967587344,3.841422592163086,3.8748886585235596
ood_compound,A6_train_seed_4,50097,250,250,False,250,191,3,1.2330405378054927,9.941660090228448,308.2601344513732,-4.263256414560601e-14,0.10195495208311477,0.1,4.3147028227856,13.12419631472085,10.524892210018956,1.0743712256939242,3.84423025226593,3.8679492473602295
ood_compound,A6_train_seed_4,50098,50,51,True,50,45,4,18.471103855500598,27.49080587036515,942.0262966305304,-131.21014279577454,0.09999999999999998,0.1,5.972455521944259,11.692992690951344,9.972542034172479,0.9972542034172479,3.786606007931279,3.8708279132843018
ood_compound,A6_train_seed_4,50099,250,250,False,250,217,4,2.1780962462322178,16.39983919527091,544.5240615580544,-4.263256414560601e-14,0.10203396195048559,0.1,4.394955426557612,12.619738754176256,10.24786266929983,1.0470518733997929,3.820205736160278,3.8721697330474854
motor_fault,A6_train_seed_4,50000,250,250,False,250,216,0,0.36520699988504324,1.4562899026259453,91.3017499712608,-4.263256414560601e-14,0.10032183221411438,0.1,7.952901576370965,13.481815385982493,9.958733807134461,0.9986128601408718,3.846463523864746,3.871701717376709
motor_fault,A6_train_seed_4,50001,250,250,False,250,41,0,1.3730642000764797,20.62309826330404,343.2660500191199,-2.842170943040401e-14,0.11115807466549742,0.1,3.951355324000018,13.178469209040905,10.208959434052893,1.1418435075315503,3.8412651920318606,3.8685991764068604
motor_fault,A6_train_seed_4,50002,250,250,False,250,244,3,7.69364726950455,36.753636355491,1923.4118173761374,-3.552713678800501e-14,0.10315854759376851,0.1,6.5195435810828375,19.076509522954318,8.468778887223849,0.8744470396451104,3.5911229112148284,3.9086475372314453
motor_fault,A6_train_seed_4,50003,250,250,False,250,41,0,2.5565468054829763,26.620853580305436,639.136701370744,-2.1316282072803006e-14,0.1,0.1,7.120474863393393,8.944676692845121,9.93801315990763,0.993801315990763,3.8425616188049316,3.8788633346557617
motor_fault,A6_train_seed_4,50004,250,250,False,250,250,0,2.4995560187443533,19.360869062000265,624.8890046860884,-4.263256414560601e-14,0.1,0.1,7.5970046705739955,8.279390441097023,7.38815477316742,0.7388154773167421,3.851937837600708,3.8811028003692627
motor_fault,A6_train_seed_4,50005,250,250,False,250,65,0,1.7575244052810655,21.43794361847151,439.38110132026634,-2.842170943040401e-14,0.10070573630561745,0.1,5.373670422239189,11.269226627532069,9.666469777812454,0.9714380922006732,3.7988435800075533,3.868237257003784
motor_fault,A6_train_seed_4,50006,250,250,False,250,96,0,0.6442053031984117,4.198136925187309,161.05132579960292,-4.263256414560601e-14,0.1,0.1,8.026015010851944,13.4392144579062,7.766340926172163,0.7766340926172165,3.8487927875518797,3.8758130073547363
motor_fault,A6_train_seed_4,50007,250,250,False,250,34,0,2.0159145372534955,27.091505290284708,503.9786343133739,-1.4210854715202004e-14,0.1,0.1,8.993916453120638,12.334902395287452,8.67687629549585,0.8676876295495849,3.8409039058685304,3.863767385482788
motor_fault,A6_train_seed_4,50008,250,250,False,250,121,0,2.2056501538725324,22.167808963734803,551.4125384681331,-5.684341886080802e-14,0.1000038841164224,0.1,4.882247610768265,12.196533746391962,9.731466869844164,0.9731703344121252,3.755178924322128,3.8707845211029053
motor_fault,A6_train_seed_4,50009,250,250,False,250,250,2,10.34510715786855,25.120873172508166,2586.276789467138,-2.842170943040401e-14,0.1,0.1,5.648840578609223,15.896931282913405,10.370295785313877,1.0370295785313879,3.844274263381958,3.8837661743164062
motor_fault,A6_train_seed_4,50010,250,250,False,250,20,0,1.4132838862963633,24.640898701949677,353.32097157409083,-7.105427357601002e-15,0.1,0.1,9.118884011073504,10.08707663745838,10.30406759504369,1.030406759504369,3.8416494140625,3.871959924697876
motor_fault,A6_train_seed_4,50011,250,250,False,250,1,0,0.002689793968200689,0.6724484920501723,0.6724484920501723,0.0,0.10009872048743036,0.1,5.809949531687336,11.74270318168228,9.543229346101642,0.9552499712845254,3.8454137487411497,3.8705496788024902
motor_fault,A6_train_seed_4,50012,250,250,False,250,16,0,0.5589470936918667,14.669860453101602,139.73677342296668,-2.1316282072803006e-14,0.1,0.1,6.7569658793153575,7.785053524163791,7.963456705535187,0.7963456705535187,3.843794949531555,3.8694241046905518
motor_fault,A6_train_seed_4,50013,250,250,False,250,32,0,2.4421834279801904,22.244482184743664,610.5458569950476,-1.4210854715202004e-14,0.1,0.1,7.940281070410973,19.718707512793316,10.479090710780307,1.0479090710780306,3.8400691947937013,3.8704097270965576
motor_fault,A6_train_seed_4,50014,250,250,False,250,158,0,1.2170144700957066,19.119614533919915,304.25361752392666,-2.842170943040401e-14,0.1092895603926352,0.1,3.762990525903572,12.519984145029646,10.1998723542467,1.1194088570338463,3.842371251106262,3.8660597801208496
motor_fault,A6_train_seed_4,50015,250,250,False,250,47,134,1.9203770158634923,23.145854099051185,480.09425396587307,-2.1316282072803006e-14,0.1,0.1,9.034557872670518,11.826460723443239,8.925076629905147,0.8925076629905148,3.843261554718018,3.8752660751342773
motor_fault,A6_train_seed_4,50016,250,250,False,250,250,0,17.77697455868239,25.483629672409776,4444.243639670598,-2.842170943040401e-14,0.1,0.1,5.421205986547662,20.168187040046522,10.663671002395802,1.0663671002395805,3.843296501159668,3.880938768386841
motor_fault,A6_train_seed_4,50017,250,250,False,250,70,0,0.6301049171717997,19.623620002551455,157.52622929294992,-4.263256414560601e-14,0.10225226909138473,0.1,4.409045912935621,9.126420673296662,10.097424516367937,1.0302122795656037,3.8454668054580687,3.866718292236328
motor_fault,A6_train_seed_4,50018,56,57,True,56,53,6,17.89680185936477,32.952203910826896,1020.117705983792,-24.323963103326662,0.09999999999999999,0.1,9.522137643275757,23.983413305868012,8.340193507627058,0.8340193507627057,3.7946974269130775,3.8731141090393066
motor_fault,A6_train_seed_4,50019,250,250,False,250,250,177,11.95364593446688,23.570061790310696,2988.41148361672,-1.4210854715202004e-14,0.10006914498458457,0.1,5.094126269239581,22.89910557646189,10.954010028277027,1.0961008498102143,3.8430784540176393,3.878244638442993
motor_fault,A6_train_seed_4,50020,250,250,False,250,7,0,0.042900174328206614,2.7128187760584925,10.725043582051654,-2.842170943040401e-14,0.1,0.1,7.381259434503963,9.255405966828656,3.339981951130844,0.3339981951130845,3.845920961380005,3.8699748516082764
motor_fault,A6_train_seed_4,50021,250,250,False,250,43,0,0.016170784329910756,0.3209609096118907,4.042696082477689,-2.842170943040401e-14,0.1,0.1,6.942388120641262,10.4462755770775,7.857240977284374,0.7857240977284375,3.847004808425903,3.871464252471924
motor_fault,A6_train_seed_4,50022,250,250,False,250,30,0,1.8109765441446484,24.50038577043476,452.7441360361621,-2.1316282072803006e-14,0.1,0.1,9.38656964090727,11.17502027233654,9.191099757867438,0.9191099757867438,3.8414791383743285,3.8758602142333984
motor_fault,A6_train_seed_4,50023,250,250,False,250,28,0,0.6798631174717475,21.207270655710545,169.96577936793688,-2.842170943040401e-14,0.16080944995967186,0.1,2.503297953599674,11.627465455290794,10.153601021848969,1.695323721488778,3.844757070541382,3.8816628456115723
motor_fault,A6_train_seed_4,50024,250,250,False,250,0,0,0.0,0.0,0.0,10.145361921824183,0.10011597537720132,0.1,4.849582803124302,7.019676956008032,9.469861347598561,0.9475789185714903,3.846039045333862,3.8679089546203613
motor_fault,A6_train_seed_4,50025,250,250,False,250,37,0,1.0745238385125477,18.14007006287927,268.6309596281369,-2.842170943040401e-14,0.14896397857338362,0.1,3.131854500176495,13.510604099798176,10.796882587420788,1.627733240581545,3.8448898420333864,3.8966877460479736
motor_fault,A6_train_seed_4,50026,250,250,False,250,220,5,5.018518669855933,32.379250448886935,1254.6296674639832,-5.684341886080802e-14,0.10060231454471603,0.1,5.157391543421874,16.73138372110467,9.79885058419741,0.984880155959493,3.668996025800705,3.904555082321167
motor_fault,A6_train_seed_4,50027,250,250,False,250,22,0,0.165114507631256,7.590702289696549,41.278626907814,-1.4210854715202004e-14,0.1,0.1,4.477605472192467,7.108665647956534,10.625497325657296,1.0625497325657298,3.8473134841918943,3.8717706203460693
motor_fault,A6_train_seed_4,50028,250,250,False,250,19,0,1.5137672102677837,25.95578559990014,378.4418025669459,-2.1316282072803006e-14,0.1,0.1,9.34672168258627,11.422582687274854,9.04935866567062,0.9049358665670624,3.84143102645874,3.8727118968963623
motor_fault,A6_train_seed_4,50029,250,250,False,250,58,18,3.6372093902265075,25.11015876115199,909.3023475566268,-1.4210854715202004e-14,0.1,0.1,8.041602919573135,11.319265703238736,9.986477943316054,0.9986477943316053,3.842824634552002,3.876796245574951
motor_fault,A6_train_seed_4,50030,250,250,False,250,21,2,0.6327757001494912,20.021211356557682,158.19392503737282,-2.1316282072803006e-14,0.11538458530838042,0.1,3.61497311998045,15.594240446086706,10.2297862859077,1.1793462101387073,3.8440817251205446,3.8658151626586914
motor_fault,A6_train_seed_4,50031,250,250,False,250,28,0,0.9253024914494382,22.18124018113351,231.32562286235955,-2.842170943040401e-14,0.10508874507959474,0.1,3.1030025067703857,10.877795535052346,7.7141835403441545,0.8116358453957219,3.846422345161438,3.8792104721069336
motor_fault,A6_train_seed_4,50032,250,250,False,250,26,0,1.6870769816034057,24.39397827229823,421.76924540085145,-2.1316282072803006e-14,0.1,0.1,9.193411297067986,11.419496678386977,9.281446441926903,0.9281446441926904,3.8415490350723265,3.876500129699707
motor_fault,A6_train_seed_4,50033,250,250,False,250,0,0,0.0,0.0,0.0,1.1776237798237332,0.10010285904226537,0.1,5.562686687022522,6.771467751865741,8.520728540195362,0.8528622028424826,3.848258952140808,3.8674683570861816
motor_fault,A6_train_seed_4,50034,250,250,False,250,223,0,8.743748239383043,29.84079095262662,2185.937059845761,-2.842170943040401e-14,0.10322867854750731,0.1,7.4974117922109205,19.269655626880187,8.626813480917052,0.887555639276287,3.663866651535034,3.8964765071868896
motor_fault,A6_train_seed_4,50035,250,250,False,250,242,1,2.364231976979575,19.249313990383556,591.0579942448938,-4.263256414560601e-14,0.10360005687239268,0.1,6.011383044011912,12.321768091638173,9.814152049624505,1.0179985967526188,3.8450839538574217,3.872889518737793
motor_fault,A6_train_seed_4,50036,250,250,False,250,190,0,6.722135635676657,30.62101596458848,1680.533908919164,-2.842170943040401e-14,0.10036676551612272,0.1,6.490674041652427,17.9745768496489,7.705997714566551,0.7723058479715579,3.442471940279007,3.8930001258850098
motor_fault,A6_train_seed_4,50037,250,250,False,250,240,0,4.754862966468002,21.608415584347444,1188.7157416170005,-4.263256414560601e-14,0.1,0.1,7.945360636408254,13.13789482036873,8.74481080928233,0.8744810809282331,3.848938540458679,3.8737728595733643
motor_fault,A6_train_seed_4,50038,250,250,False,250,68,0,0.9488574273486122,20.350499345925297,237.21435683715305,-2.842170943040401e-14,0.12087032455058841,0.1,3.3232600175742766,11.909384364775958,10.442153359084703,1.2749979452360476,3.8436378536224365,3.868483543395996
motor_fault,A6_train_seed_4,50039,250,250,False,250,141,0,5.105996924978714,29.82730126336414,1276.4992312446786,-4.263256414560601e-14,0.10091755945451697,0.1,7.217513865918958,19.202634679334906,7.84916259609563,0.7921111816830755,3.7629117238521577,3.8936386108398438
motor_fault,A6_train_seed_4,50040,250,250,False,250,28,0,0.25563960495110805,17.202673902674256,63.90990123777701,-2.842170943040401e-14,0.1296263667889437,0.1,2.3255772629232543,6.951217942973768,10.807782292961248,1.4114783657719536,3.8451416549682618,3.8668274879455566
motor_fault,A6_train_seed_4,50041,250,250,False,250,17,0,0.964940094456171,24.488353102559138,241.23502361404275,-1.4210854715202004e-14,0.1,0.1,8.151438612920579,8.697773909127195,8.085204033229475,0.8085204033229476,3.841610251426697,3.8676490783691406
motor_fault,A6_train_seed_4,50042,250,250,False,250,15,0,0.07572826259658731,7.588337310483714,18.93206564914683,-2.842170943040401e-14,0.10000318515858646,0.1,6.27818366322236,6.588589160117982,8.291034442413775,0.8291227925797352,3.8492375078201295,3.8700432777404785
motor_fault,A6_train_seed_4,50043,250,250,False,250,1,0,0.0005526912688980588,0.1381728172245147,0.1381728172245147,0.0,0.1,0.1,6.963942841353262,10.404644856829977,5.710091602026323,0.5710091602026323,3.847867943763733,3.8722712993621826
motor_fault,A6_train_seed_4,50044,250,250,False,250,28,0,1.1513043361335527,15.566220586730008,287.82608403338816,-2.1316282072803006e-14,0.1,0.1,6.226229638575689,10.44886664070796,6.189264607048215,0.6189264607048217,3.8450139894485473,3.882023572921753
motor_fault,A6_train_seed_4,50045,250,250,False,250,250,22,9.837660656961187,22.90574789324854,2459.4151642402967,-2.1316282072803006e-14,0.10003583968274489,0.1,4.831658219786812,23.49441708257071,10.912162968066761,1.0915198461510045,3.843511381149292,3.8781425952911377
motor_fault,A6_train_seed_4,50046,250,250,False,250,18,0,1.3400975709734266,25.59918419022259,335.02439274335666,-1.4210854715202004e-14,0.1,0.1,9.248199727711034,10.144607398088544,10.432018659572693,1.0432018659572693,3.8408736820220946,3.8680293560028076
motor_fault,A6_train_seed_4,50047,250,250,False,250,4,0,0.004241668737024042,0.34827173025793456,1.0604171842560106,0.0,0.1,0.1,8.636879186088285,12.926793955366241,4.903940947100813,0.4903940947100813,3.8480377292633055,3.87437105178833
motor_fault,A6_train_seed_4,50048,250,250,False,250,26,0,0.2962911807663646,9.783037339928505,74.07279519159115,-5.684341886080802e-14,0.1636203484179009,0.1,2.1962890693144272,10.35052682082078,10.845551394226517,1.7939645992637516,3.8453157300949097,3.88961124420166
motor_fault,A6_train_seed_4,50049,250,250,False,250,26,0,1.8857670713571542,24.597657959560273,471.44176783928856,-2.1316282072803006e-14,0.1,0.1,8.585612623363595,10.439746048790473,10.70558130527194,1.070558130527194,3.8417978925704954,3.8823091983795166
motor_fault,A6_train_seed_4,50050,250,250,False,250,60,0,1.1190067899611327,20.599719360401053,279.75169749028316,-4.263256414560601e-14,0.10084213132444766,0.1,3.824382861591658,11.904454570022704,10.093227357202688,1.0174454098942447,3.844464159965515,3.866701602935791
motor_fault,A6_train_seed_4,50051,250,250,False,250,250,0,3.8322486176625614,20.815576988564814,958.0621544156404,-1.4210854715202004e-14,0.1001712734865252,0.1,3.8456642224491664,10.180130325130813,10.1103780063843,1.0118344502624634,3.8446001195907593,3.865928888320923
motor_fault,A6_train_seed_4,50052,250,250,False,250,249,142,7.0926631739853505,25.373814968162513,1773.1657934963375,-1.4210854715202004e-14,0.10285897162466552,0.1,3.9020535676751806,13.534453764113275,10.039580102119764,1.0333099130279042,3.844953490257263,3.8696274757385254
motor_fault,A6_train_seed_4,50053,250,250,False,250,25,148,0.9222432431722852,15.192502125448723,230.5608107930713,-2.1316282072803006e-14,0.1,0.1,9.396223169588673,11.324051698443226,8.867325040544435,0.8867325040544434,3.841941309928894,3.872565507888794
motor_fault,A6_train_seed_4,50054,250,250,False,250,50,0,0.9201357208968666,20.168182415176318,230.03393022421665,-2.842170943040401e-14,0.10345876285597046,0.1,3.563568710855411,12.21726278783347,9.991466669973253,1.0364490054759405,3.8448683528900145,3.86513090133667
motor_fault,A6_train_seed_4,50055,250,250,False,250,157,49,10.14095828099845,28.055719854649862,2535.239570249613,-2.842170943040401e-14,0.10014256685283154,0.1,9.362145054936478,15.271443918201527,9.242825588947722,0.9255680270693027,3.8465542640686037,3.8822574615478516
motor_fault,A6_train_seed_4,50056,250,250,False,250,0,0,0.0,0.0,0.0,5.469790597207002,0.10015900125006576,0.1,5.454751432555795,7.069545263010365,8.381248103995368,0.8396470637578326,3.8504387226104737,3.8688905239105225
motor_fault,A6_train_seed_4,50057,250,250,False,250,25,0,0.46119831019689866,8.260764428843322,115.29957754922467,-2.1316282072803006e-14,0.1,0.1,6.6357650262597225,11.667435460550493,5.805537487909072,0.5805537487909074,3.848576110839844,3.877775192260742
motor_fault,A6_train_seed_4,50058,250,250,False,250,33,32,2.513132836246208,26.930332793986146,628.283209061552,-1.7763568394002505e-14,0.1,0.1,9.349730731823215,11.720687059966382,10.483972198525434,1.0483972198525435,3.843012763977051,3.8765196800231934
motor_fault,A6_train_seed_4,50059,250,250,False,250,247,0,1.9745975499491637,3.9331264613403873,493.64938748729094,-4.263256414560601e-14,0.1001946922490071,0.1,4.435003176103184,8.13902766571912,9.13677275379764,0.9153913304890152,3.844929613113403,3.8702244758605957
motor_fault,A6_train_seed_4,50060,250,250,False,250,37,0,2.183876439581205,24.80521457402839,545.9691098953012,-2.1316282072803006e-14,0.1,0.1,8.345626267594414,10.434613176924593,9.275267582399826,0.9275267582399827,3.842232789039612,3.8809943199157715
motor_fault,A6_train_seed_4,50061,250,250,False,250,0,0,0.0,0.0,0.0,2.426436071476175,0.1,0.1,6.514415805294975,11.378961426740714,9.610493180585857,0.9610493180585858,3.84593798828125,3.8700904846191406
motor_fault,A6_train_seed_4,50062,250,250,False,250,54,0,0.9838836405076133,21.15800867115361,245.97091012690333,-1.4210854715202004e-14,0.10213910541002608,0.1,3.4562830976892616,11.187268686792457,10.156617561255883,1.0370822736513756,3.8451608057022093,3.874246120452881
motor_fault,A6_train_seed_4,50063,250,250,False,250,0,0,0.0,0.0,0.0,4.026834078519585,0.10006986116219978,0.1,7.681373779608996,12.061790021604635,7.889508035559402,0.7897329033615265,3.8465190744400024,3.874680280685425
motor_fault,A6_train_seed_4,50064,250,250,False,250,13,0,0.19004818838414428,6.280081419871751,47.51204709603607,-2.1316282072803006e-14,0.1,0.1,9.395914525124613,10.183986762497513,9.343764419200154,0.9343764419200153,3.8410283794403077,3.8656442165374756
motor_fault,A6_train_seed_4,50065,250,250,False,250,188,0,0.5540054002053066,0.9678081130490843,138.50135005132665,-2.842170943040401e-14,0.1,0.1,6.2492650700828705,8.158965349325689,8.761357353819102,0.8761357353819104,3.84755495262146,3.868077278137207
motor_fault,A6_train_seed_4,50066,250,250,False,250,250,127,11.475769541870937,25.022306109313178,2868.9423854677343,-2.842170943040401e-14,0.10022859447511871,0.1,5.206690358178275,22.539991272307507,11.005945519451263,1.1028726506180286,3.8448379154205323,3.8820629119873047
motor_fault,A6_train_seed_4,50067,250,250,False,250,179,0,0.9572822966445794,1.762955732205333,239.32057416114486,-4.263256414560601e-14,0.10052156234161419,0.1,6.504973856794256,10.022568601485506,7.216299722756624,0.7261670704928581,3.8468206005096435,3.8687355518341064
motor_fault,A6_train_seed_4,50068,250,250,False,250,3,0,0.008122727739354109,1.2630660410143657,2.0306819348385274,-1.4210854715202004e-14,0.10032073813006252,0.1,5.551876135323335,5.892851617182193,8.039965274264087,0.8064872081305551,3.851197329521179,3.8676581382751465
motor_fault,A6_train_seed_4,50069,250,250,False,250,20,0,1.2034552403110985,25.286364876081034,300.86381007777464,-2.1316282072803006e-14,0.1,0.1,7.3088132365648155,10.771567853021969,8.701245731970317,0.8701245731970316,3.8415507192611695,3.8691747188568115
motor_fault,A6_train_seed_4,50070,250,250,False,250,6,0,0.002243515304730329,0.145771895237801,0.5608788261825822,-1.4210854715202004e-14,0.10053564605225708,0.1,7.092086771968405,11.500579220489188,9.655015496860795,0.9699653773891272,3.8469098138809206,3.8718836307525635
motor_fault,A6_train_seed_4,50071,250,250,False,250,9,0,0.1622041188162055,9.753820969583163,40.55102970405137,-2.1316282072803006e-14,0.1,0.1,7.582169833254671,8.706045179689868,8.595253236774992,0.859525323677499,3.842019139289856,3.86670184135437
motor_fault,A6_train_seed_4,50072,250,250,False,250,248,0,3.412692118749842,20.812885061314415,853.1730296874605,-1.4210854715202004e-14,0.10169684134448513,0.1,3.5632280183110407,10.149228425038526,9.565720711959683,0.9747129177374252,3.8448425741195678,3.8734729290008545
motor_fault,A6_train_seed_4,50073,250,250,False,250,58,0,1.2121201977964193,20.71038037126936,303.0300494491048,-2.842170943040401e-14,0.1153514104470677,0.1,3.5409072332853238,11.95260652698565,10.292510075093837,1.2003449086252291,3.8410959959030153,3.8642988204956055
motor_fault,A6_train_seed_4,50074,250,250,False,250,216,0,1.2530344382565817,2.197577029059287,313.25860956414544,-4.263256414560601e-14,0.10025651965696784,0.1,6.313247444198385,8.952577317783536,9.168067252196835,0.9190121278971899,3.8460752325057985,3.8692729473114014
motor_fault,A6_train_seed_4,50075,250,250,False,250,241,4,1.0280027812118588,3.6179834455694917,257.0006953029647,-4.263256414560601e-14,0.1006464750443685,0.1,7.183220005500653,16.31971787881676,10.412188515018444,1.0475857532422315,3.807821496486664,3.874349355697632
motor_fault,A6_train_seed_4,50076,39,40,True,39,31,4,13.107545051933002,30.45735893350074,524.3018020773201,-148.29170960251435,0.1,0.1,4.998931160503668,10.492832838811037,9.228946310888013,0.9228946310888013,3.7652921974658966,3.8697409629821777
motor_fault,A6_train_seed_4,50077,250,250,False,250,16,3,0.11067825946122238,5.161968136136414,27.669564865305595,-7.105427357601002e-15,0.1,0.1,4.203267248317643,6.918055198639094,9.328616884360715,0.9328616884360715,3.847342146873474,3.8750264644622803
motor_fault,A6_train_seed_4,50078,250,250,False,250,143,0,5.585272614997881,30.277103844304083,1396.3181537494702,-4.263256414560601e-14,0.10096206017799386,0.1,7.204028997705185,18.962599412290157,8.426444096021275,0.8504750161198015,3.717823340177536,3.8997182846069336
motor_fault,A6_train_seed_4,50079,250,250,False,250,250,164,13.841020970394906,24.83592583514554,3460.2552425987265,-1.4210854715202004e-14,0.10121194499601915,0.1,5.840351225328801,22.86008181518177,9.69831742341388,0.9771782087457804,3.843032079696655,3.871816635131836
motor_fault,A6_train_seed_4,50080,250,250,False,250,47,0,1.226565819308808,21.332033485123326,306.641454827202,-2.842170943040401e-14,0.1159444031958852,0.1,3.43003348466476,11.948993138776528,10.097606661412716,1.1878138723041718,3.844719409942627,3.8751120567321777
motor_fault,A6_train_seed_4,50081,250,250,False,250,15,0,0.2029815740495733,16.353441456654892,50.74539351239332,-2.1316282072803006e-14,0.10821384509728182,0.1,2.507199190324447,6.40606820244653,10.72257078928814,1.161441944547301,3.8455633850097657,3.8696398735046387
motor_fault,A6_train_seed_4,50082,250,250,False,250,6,0,0.11886346269312005,7.4826091845926825,29.715865673280014,-2.842170943040401e-14,0.1,0.1,8.671645537278756,9.042657521153258,7.0723025649922775,0.7072302564992279,3.842831558227539,3.8676605224609375
motor_fault,A6_train_seed_4,50083,94,94,False,94,45,16,3.794352733412639,20.98648198907764,356.66915694078807,-1.4210854715202004e-14,0.10033613485075014,0.1,4.761701407674481,12.424994829757273,8.105516416857812,0.8129730286777922,3.822771001369395,3.886484384536743
motor_fault,A6_train_seed_4,50084,250,250,False,250,10,0,0.25318385595373616,13.329545674673524,63.29596398843404,-2.1316282072803006e-14,0.1,0.1,6.54695288875693,8.3725991306222,6.762552178311006,0.6762552178311005,3.843471924781799,3.8671603202819824
motor_fault,A6_train_seed_4,50085,250,250,False,250,201,0,1.4541327572904246,20.62811812085306,363.5331893226061,-1.4210854715202004e-14,0.10368566561328155,0.1,3.5380580909817825,10.968391615877628,10.049113844600358,1.045132523848585,3.844945810317993,3.875863790512085
motor_fault,A6_train_seed_4,50086,59,59,False,59,19,0,6.17510279430181,29.028193759937995,364.3310648638068,-1.4210854715202004e-14,0.09999999999999998,0.1,7.404027424565958,9.713396328771266,8.25206719059795,0.825206719059795,3.7804200891721047,3.877639055252075
motor_fault,A6_train_seed_4,50087,250,250,False,250,190,0,0.5170530848980691,0.8492664784672038,129.26327122451727,-4.263256414560601e-14,0.1,0.1,6.647967239194226,9.677888093304372,6.353350014865204,0.6353350014865204,3.8468174257278442,3.8700551986694336
motor_fault,A6_train_seed_4,50088,250,250,False,250,250,0,9.157803938463564,23.77636388605896,2289.4509846158912,-1.4210854715202004e-14,0.10182932794288876,0.1,3.7589088521320537,12.085446055066855,10.110043163903654,1.028382046243963,3.843940061569214,3.8663241863250732
motor_fault,A6_train_seed_4,50089,250,250,False,250,30,0,0.2701958216533513,16.156076429067088,67.54895541333784,-1.4210854715202004e-14,0.12188795914767539,0.1,2.5065801323652535,7.930974129148342,10.720799157327153,1.3153201859027168,3.844620083808899,3.8658370971679688
motor_fault,A6_train_seed_4,50090,250,250,False,250,40,186,2.617566220426545,28.504959680061454,654.3915551066362,-2.1316282072803006e-14,0.1,0.1,10.54504142116884,12.287569812641898,10.65081570641669,1.065081570641669,3.8420464582443237,3.8635196685791016
motor_fault,A6_train_seed_4,50091,250,250,False,250,249,25,6.663490928184683,20.803105005505355,1665.8727320461708,-1.4210854715202004e-14,0.10106931010944516,0.1,3.8411134885090075,12.50655746576206,10.132349987102383,1.0245799501869983,3.8452863807678224,3.8799309730529785
motor_fault,A6_train_seed_4,50092,250,250,False,250,172,6,0.3041251134726732,3.927231708574629,76.0312783681683,-4.263256414560601e-14,0.1054686596871895,0.1,5.890172084249425,17.253660084665036,10.374144820559795,1.0955506384605882,3.844973973274231,3.8719778060913086
motor_fault,A6_train_seed_4,50093,250,250,False,250,244,7,9.80143065800041,59.18883852076702,2450.3576645001026,-1.4210854715202004e-14,0.1,0.1,5.115780320253784,10.219762833450046,10.18785894945499,1.0187858949454989,3.767873066186905,3.87939715385437
motor_fault,A6_train_seed_4,50094,250,250,False,250,0,0,0.0,0.0,0.0,1.3258724548586898,0.1,0.1,6.944245828684798,10.464548677693433,6.1574872307419355,0.6157487230741936,3.848061646461487,3.8719348907470703
motor_fault,A6_train_seed_4,50095,250,250,False,250,17,187,0.05113214231852078,1.8273666268223936,12.783035579630194,-2.1316282072803006e-14,0.1,0.1,9.88457717063891,11.190350740178163,9.670805946180712,0.967080594618071,3.8416210680007934,3.865449905395508
motor_fault,A6_train_seed_4,50096,250,250,False,250,41,0,2.1130095221446292,24.526876642424096,528.2523805361573,-1.4210854715202004e-14,0.1,0.1,7.629683849671771,9.439830653618744,9.511304018910813,0.9511304018910816,3.8413340682983397,3.880434274673462
motor_fault,A6_train_seed_4,50097,250,250,False,250,184,5,1.696148602617618,18.94426571253983,424.0371506544045,-2.842170943040401e-14,0.10177281325904337,0.1,4.401024165143008,14.543290577416018,10.317690448945376,1.051529361073642,3.790641679048538,3.8681232929229736
motor_fault,A6_train_seed_4,50098,69,69,False,69,27,0,7.366554866013147,28.170681061093354,508.29228575490714,-2.1316282072803006e-14,0.09999999999999996,0.1,7.626294577804428,10.020342671035959,9.574334468694735,0.9574334468694736,3.213813128678695,3.877828359603882
motor_fault,A6_train_seed_4,50099,44,45,True,44,41,7,7.419518618008973,47.26430876692574,333.87833781040376,-633.6548352132812,0.10062248457430004,0.1,7.253662214001189,14.674928272640674,8.590453734355261,0.8655781484819861,3.7795202996995716,3.920131206512451
