scenario,controller,seed,reward,steps,success,final_distance,max_speed,max_command_torque,fault_seen
id_reference,A2_unfiltered_train_seed_0,50000,-22.75720367896721,67,True,0.04879981004785128,5.545424013533695,40.0,False
id_reference,A2_unfiltered_train_seed_0,50001,-106.84336823050062,114,True,0.04890560447421445,8.531704016527728,40.0,False
id_reference,A2_unfiltered_train_seed_0,50002,-28.688379818015633,30,True,0.04000961765007195,10.047753622771033,40.0,False
id_reference,A2_unfiltered_train_seed_0,50003,-177.5558124493006,250,False,0.17197197719676655,11.297937467013346,40.0,False
id_reference,A2_unfiltered_train_seed_0,50004,-33.133174254127695,44,True,0.02811393555628162,10.394144596119027,40.0,False
id_reference,A2_unfiltered_train_seed_0,50005,-67.341967685892,66,True,0.004844083574498354,12.695084356218498,40.0,False
id_reference,A2_unfiltered_train_seed_0,50006,-32.02611795502566,56,True,0.02242289061207639,6.58580754523988,40.0,False
id_reference,A2_unfiltered_train_seed_0,50007,-104.07127862543514,72,True,0.02795134760279347,10.44767452371506,40.0,False
id_reference,A2_unfiltered_train_seed_0,50008,-69.26677610717331,63,True,0.03159033449375067,6.716417070760554,40.0,False
id_reference,A2_unfiltered_train_seed_0,50009,-66.0204908504972,120,True,0.049457783845489454,8.846715408151343,40.0,False
id_reference,A2_unfiltered_train_seed_0,50010,-81.30700110455662,250,False,0.06957947650701891,11.564193311729838,40.0,False
id_reference,A2_unfiltered_train_seed_0,50011,-23.21006505205198,81,True,0.04987266194121374,2.301060819967414,38.737056732177734,False
id_reference,A2_unfiltered_train_seed_0,50012,-69.306298229821,250,False,0.09527405218141852,9.149148822473588,40.0,False
id_reference,A2_unfiltered_train_seed_0,50013,-165.64721969494107,250,False,0.3188318207212798,9.175688843615923,40.0,False
id_reference,A2_unfiltered_train_seed_0,50014,-206.81282610700532,250,False,0.23802534031335307,16.3279556632364,40.0,False
id_reference,A2_unfiltered_train_seed_0,50015,-78.38588484294057,78,True,0.04955143241650174,11.784814612315902,40.0,False
id_reference,A2_unfiltered_train_seed_0,50016,-94.16274566071182,250,False,0.10306577795344699,9.164436572610022,40.0,False
id_reference,A2_unfiltered_train_seed_0,50017,-57.351796274964265,55,True,0.04468628454924651,6.530272134197953,40.0,False
id_reference,A2_unfiltered_train_seed_0,50018,-80.59578897913184,63,True,0.04963417875046286,12.189630741511339,40.0,False
id_reference,A2_unfiltered_train_seed_0,50019,-88.03784074628695,137,True,0.04979513207473057,10.447366805119321,40.0,False
id_reference,A2_unfiltered_train_seed_0,50020,-35.57976570290311,57,True,0.03289660136296634,3.562156973160406,40.0,False
id_reference,A2_unfiltered_train_seed_0,50021,-11.739661645536557,32,True,0.020804836640549235,5.167251976391657,30.64283561706543,False
id_reference,A2_unfiltered_train_seed_0,50022,-73.35673178382159,81,True,0.048004904988881596,11.310636518459114,40.0,False
id_reference,A2_unfiltered_train_seed_0,50023,-82.94505044879354,75,True,0.04727864006975442,7.82649926625406,40.0,False
id_reference,A2_unfiltered_train_seed_0,50024,-56.92145242792282,250,False,0.1323827456923281,2.2816066906186747,30.66659927368164,False
id_reference,A2_unfiltered_train_seed_0,50025,-89.66494335529106,89,True,0.028011817335039862,9.381038119706936,40.0,False
id_reference,A2_unfiltered_train_seed_0,50026,-112.36822898354536,250,False,0.20450110086288545,7.782872561012208,40.0,False
id_reference,A2_unfiltered_train_seed_0,50027,-69.2966338618748,250,False,0.09860770033387782,8.62582382272721,40.0,False
id_reference,A2_unfiltered_train_seed_0,50028,-82.29247091980245,63,True,0.048791250862700024,15.086033641875378,40.0,False
id_reference,A2_unfiltered_train_seed_0,50029,-78.44595639880106,70,True,0.0462936403269144,11.74122501773475,40.0,False
id_reference,A2_unfiltered_train_seed_0,50030,-78.79320874718553,95,True,0.04924219820975536,7.392225821619063,40.0,False
id_reference,A2_unfiltered_train_seed_0,50031,-75.69196782249283,55,True,0.018383718411940732,12.133864357635668,40.0,False
id_reference,A2_unfiltered_train_seed_0,50032,-59.93686914078316,64,True,0.039914507119914365,11.887132054132756,40.0,False
id_reference,A2_unfiltered_train_seed_0,50033,-4.441286823173591,32,True,0.01764650666525988,4.448008554075077,23.932907104492188,False
id_reference,A2_unfiltered_train_seed_0,50034,-62.70392824753259,250,False,0.0905075517864932,9.739136257931827,40.0,False
id_reference,A2_unfiltered_train_seed_0,50035,-34.99407620516821,61,True,0.04781972868628568,6.805339699941534,40.0,False
id_reference,A2_unfiltered_train_seed_0,50036,-29.68926181023049,48,True,0.031716894220645185,6.420149700507133,40.0,False
id_reference,A2_unfiltered_train_seed_0,50037,-36.39923457104184,43,True,0.04317327389832868,9.197788602089263,40.0,False
id_reference,A2_unfiltered_train_seed_0,50038,-193.30055693707394,250,False,0.18722081219151315,16.14712993483914,40.0,False
id_reference,A2_unfiltered_train_seed_0,50039,-23.233614857444742,47,True,0.03177567180778023,5.186728959053147,39.83794403076172,False
id_reference,A2_unfiltered_train_seed_0,50040,-77.12880532817529,250,False,0.09668031985835007,7.157455704055636,40.0,False
id_reference,A2_unfiltered_train_seed_0,50041,-42.022762007335416,50,True,0.03835783108896745,11.676017499641594,40.0,False
id_reference,A2_unfiltered_train_seed_0,50042,-69.87814917182031,250,False,0.12509170380695772,8.703594590549887,40.0,False
id_reference,A2_unfiltered_train_seed_0,50043,-12.403131390001782,49,True,0.0497775913533226,4.188070748281244,40.0,False
id_reference,A2_unfiltered_train_seed_0,50044,-48.398240671363396,73,True,0.04867980510781993,10.229017449342104,40.0,False
id_reference,A2_unfiltered_train_seed_0,50045,-87.0233635542594,131,True,0.0456138453139278,9.638995111153575,40.0,False
id_reference,A2_unfiltered_train_seed_0,50046,-84.30948129497479,250,False,0.10218032714357107,13.461156834147847,40.0,False
id_reference,A2_unfiltered_train_seed_0,50047,-113.1239057635334,250,False,0.22567748932570555,4.26945006486376,40.0,False
id_reference,A2_unfiltered_train_seed_0,50048,-52.988544771930286,89,True,0.049992177262013576,7.845966917298185,40.0,False
id_reference,A2_unfiltered_train_seed_0,50049,-78.63406986177777,70,True,0.048969067278244155,12.769805710703675,40.0,False
id_reference,A2_unfiltered_train_seed_0,50050,-122.294038588381,91,True,0.03882181728659032,10.024577919834988,40.0,False
id_reference,A2_unfiltered_train_seed_0,50051,-122.42691392635561,77,True,0.04976491029840308,13.810463884881587,40.0,False
id_reference,A2_unfiltered_train_seed_0,50052,-186.55266288643142,250,False,0.17368218761326992,12.93622341585554,40.0,False
id_reference,A2_unfiltered_train_seed_0,50053,-34.64456615529518,48,True,0.010072628462880467,8.538005175254032,40.0,False
id_reference,A2_unfiltered_train_seed_0,50054,-79.54758789012315,57,True,0.023756165917177198,8.49142395562606,40.0,False
id_reference,A2_unfiltered_train_seed_0,50055,-62.63078865085232,71,True,0.016707593751983996,10.128207536692472,40.0,False
id_reference,A2_unfiltered_train_seed_0,50056,-44.42292417146287,250,False,0.09438216894663852,4.9784556465056635,22.7324275970459,False
id_reference,A2_unfiltered_train_seed_0,50057,-111.91463011401399,250,False,0.1702112832733701,6.288320834949877,40.0,False
id_reference,A2_unfiltered_train_seed_0,50058,-86.6954641245654,97,True,0.04961418758184677,12.806155521818107,40.0,False
id_reference,A2_unfiltered_train_seed_0,50059,-61.36330813873157,250,False,0.07062854385860307,6.984099557520707,40.0,False
id_reference,A2_unfiltered_train_seed_0,50060,-125.26077036781517,250,False,0.09448757831095733,13.09983837933237,40.0,False
id_reference,A2_unfiltered_train_seed_0,50061,-65.21887650684496,250,False,0.07385848121727423,2.028756568700958,40.0,False
id_reference,A2_unfiltered_train_seed_0,50062,-91.58084919346388,69,True,0.04753974407898683,12.390745037699512,40.0,False
id_reference,A2_unfiltered_train_seed_0,50063,-58.1027311081657,250,False,0.05601361349594354,4.440585575800778,33.705787658691406,False
id_reference,A2_unfiltered_train_seed_0,50064,-59.5090470899286,250,False,0.07341455757904801,9.516860367966201,40.0,False
id_reference,A2_unfiltered_train_seed_0,50065,-21.163528031306704,43,True,0.042597827965607585,6.4935073532995045,38.38026809692383,False
id_reference,A2_unfiltered_train_seed_0,50066,-98.00794274858414,250,False,0.1143375142837978,8.859765624507203,40.0,False
id_reference,A2_unfiltered_train_seed_0,50067,-62.99469932897926,250,False,0.10878277569945499,7.238470288277222,38.0614128112793,False
id_reference,A2_unfiltered_train_seed_0,50068,-15.213115564442266,35,True,0.04646892584976684,7.325425609099187,23.4700984954834,False
id_reference,A2_unfiltered_train_seed_0,50069,-58.51727291509708,60,True,0.0455068197940533,14.134438046939529,40.0,False
id_reference,A2_unfiltered_train_seed_0,50070,-13.890561232837978,60,True,0.04879322219505652,6.316387212288577,29.17095184326172,False
id_reference,A2_unfiltered_train_seed_0,50071,-20.930019881420236,62,True,0.0497143134319495,7.368789189515284,40.0,False
id_reference,A2_unfiltered_train_seed_0,50072,-137.662321940726,250,False,0.14238534911933018,8.614947067733425,40.0,False
id_reference,A2_unfiltered_train_seed_0,50073,-165.72011904696535,250,False,0.11377333761587845,13.888435950733694,40.0,False
id_reference,A2_unfiltered_train_seed_0,50074,-19.421198705850344,39,True,0.021976920071558922,6.7428464270996225,35.974361419677734,False
id_reference,A2_unfiltered_train_seed_0,50075,-114.00767363186444,250,False,0.16899995383425725,7.523468106652947,40.0,False
id_reference,A2_unfiltered_train_seed_0,50076,-154.64900555861988,250,False,0.13835413508623995,11.810717357554797,40.0,False
id_reference,A2_unfiltered_train_seed_0,50077,-77.72892643919762,250,False,0.06356805905803393,12.314135698759388,40.0,False
id_reference,A2_unfiltered_train_seed_0,50078,-121.35584831006469,250,False,0.3692283184327775,6.123670451340214,40.0,False
id_reference,A2_unfiltered_train_seed_0,50079,-85.41031933246222,64,True,0.017543940711922022,12.691772859615059,40.0,False
id_reference,A2_unfiltered_train_seed_0,50080,-132.91934539105299,89,True,0.0381842397811518,13.7313951044648,40.0,False
id_reference,A2_unfiltered_train_seed_0,50081,-79.93617909895573,250,False,0.12267429270991916,7.1252688839280145,40.0,False
id_reference,A2_unfiltered_train_seed_0,50082,-28.79204590778046,43,True,0.014307278545335526,14.60323722733303,40.0,False
id_reference,A2_unfiltered_train_seed_0,50083,-77.70717579246889,62,True,0.03713746510923853,10.057531888969494,40.0,False
id_reference,A2_unfiltered_train_seed_0,50084,-53.61116486254467,250,False,0.06619188311736877,6.611351552025665,36.00772476196289,False
id_reference,A2_unfiltered_train_seed_0,50085,-87.86208973975737,109,True,0.049944562891377116,10.624895119744261,40.0,False
id_reference,A2_unfiltered_train_seed_0,50086,-93.15275883311296,250,False,0.08808179094041321,17.79987863912681,40.0,False
id_reference,A2_unfiltered_train_seed_0,50087,-20.65709132654873,32,True,0.04852372833951362,6.564103929577942,40.0,False
id_reference,A2_unfiltered_train_seed_0,50088,-138.64500084826054,250,False,0.15006165375771743,13.386776925181145,40.0,False
id_reference,A2_unfiltered_train_seed_0,50089,-83.65010716701576,250,False,0.11276553303668808,7.820365739770525,40.0,False
id_reference,A2_unfiltered_train_seed_0,50090,-124.23107289901715,222,True,0.047831454960210844,10.326069857391817,40.0,False
id_reference,A2_unfiltered_train_seed_0,50091,-161.82051588103948,250,False,0.09638706710877068,9.196446742411128,40.0,False
id_reference,A2_unfiltered_train_seed_0,50092,-66.90429023769961,96,True,0.049984203252454264,4.49006813459875,40.0,False
id_reference,A2_unfiltered_train_seed_0,50093,-133.83245290294803,250,False,0.08269869755684403,11.715320359416134,40.0,False
id_reference,A2_unfiltered_train_seed_0,50094,-22.74785311648458,57,True,0.047932191751562554,2.931184906192864,40.0,False
id_reference,A2_unfiltered_train_seed_0,50095,-24.933717091803228,39,True,0.042341532343559904,6.8987720173740446,40.0,False
id_reference,A2_unfiltered_train_seed_0,50096,-110.22059727365733,250,False,0.06185473746882867,10.153435777992998,40.0,False
id_reference,A2_unfiltered_train_seed_0,50097,-156.99232390006821,250,False,0.3317195012284972,7.089264010142123,40.0,False
id_reference,A2_unfiltered_train_seed_0,50098,-98.48500967959389,250,False,0.09315628895724647,13.882807529556862,40.0,False
id_reference,A2_unfiltered_train_seed_0,50099,-152.79296402731515,250,False,0.28112955535634065,7.148568336723,40.0,False
id_reference,A5_hocbf_train_seed_0,50000,-27.1000118470812,71,True,0.04845332209220888,4.625324404463893,40.0,False
id_reference,A5_hocbf_train_seed_0,50001,-116.15004915345752,116,True,0.04636606227452651,4.9400030271284185,40.0,False
id_reference,A5_hocbf_train_seed_0,50002,-53.15450107112333,92,True,0.04966376759024432,6.45208101724327,40.0,False
id_reference,A5_hocbf_train_seed_0,50003,-228.73834190620516,250,False,0.17198382214760602,4.276873047318218,40.0,False
id_reference,A5_hocbf_train_seed_0,50004,-72.55543950560758,62,True,0.0466846181865264,4.543068992682059,40.0,False
id_reference,A5_hocbf_train_seed_0,50005,-117.40137428670657,250,False,0.11442816340475531,6.2465506930093255,40.0,False
id_reference,A5_hocbf_train_seed_0,50006,-49.32998364901117,69,True,0.02848114675049605,3.0985705854477867,40.0,False
id_reference,A5_hocbf_train_seed_0,50007,-104.01863834944629,76,True,0.020746282554368722,4.548161703755771,40.0,False
id_reference,A5_hocbf_train_seed_0,50008,-95.11720212248113,100,True,0.027816463103583253,6.742032046196792,40.0,False
id_reference,A5_hocbf_train_seed_0,50009,-119.39168387660065,116,True,0.025082611025398976,3.1645249135282127,40.0,False
id_reference,A5_hocbf_train_seed_0,50010,-100.13286531484103,250,False,0.06957947717397678,3.667985903448494,40.0,False
id_reference,A5_hocbf_train_seed_0,50011,-25.922214344585832,86,True,0.049615468172009854,2.247912330436825,36.954139709472656,False
id_reference,A5_hocbf_train_seed_0,50012,-79.84921603033908,250,False,0.1017351997983154,3.6114928164822033,36.227073669433594,False
id_reference,A5_hocbf_train_seed_0,50013,-243.12288626418717,250,False,0.31893062180568577,4.639448130416453,40.0,False
id_reference,A5_hocbf_train_seed_0,50014,-188.69017857228434,250,False,0.33013930216556076,4.44414724453831,40.0,False
id_reference,A5_hocbf_train_seed_0,50015,-86.59884628939811,89,True,0.047266664141826675,3.4281565916315397,40.0,False
id_reference,A5_hocbf_train_seed_0,50016,-147.2241918179958,250,False,0.103093850322973,2.1227415215214487,40.0,False
id_reference,A5_hocbf_train_seed_0,50017,-68.57387367949424,79,True,0.028682921152751336,5.039465595721705,40.0,False
id_reference,A5_hocbf_train_seed_0,50018,-154.36329186998412,48,False,2.1298952434710126,5.674787086011754,40.0,False
id_reference,A5_hocbf_train_seed_0,50019,-281.36698371350394,250,False,0.6407889762341993,2.8056702194348024,40.0,False
id_reference,A5_hocbf_train_seed_0,50020,-41.19655504204003,64,True,0.026040792073732763,2.9101234995046568,40.0,False
id_reference,A5_hocbf_train_seed_0,50021,-18.665250379849375,41,True,0.021579269961740824,3.0788720916100103,28.722579956054688,False
id_reference,A5_hocbf_train_seed_0,50022,-80.69166108346936,68,True,0.049624670138151805,3.914171275727201,40.0,False
id_reference,A5_hocbf_train_seed_0,50023,-86.75177849221843,71,True,0.0350268634854934,6.131415810040635,40.0,False
id_reference,A5_hocbf_train_seed_0,50024,-56.92145242792282,250,False,0.1323827456923281,2.2816066906186747,30.66659927368164,False
id_reference,A5_hocbf_train_seed_0,50025,-84.46921340429482,94,True,0.0016560583393844834,6.660105613044717,40.0,False
id_reference,A5_hocbf_train_seed_0,50026,-243.65069511175648,250,False,0.6622548333918323,6.2405999419896,40.0,False
id_reference,A5_hocbf_train_seed_0,50027,-35.35878337321512,39,True,0.04928979339269597,6.328640718945609,40.0,False
id_reference,A5_hocbf_train_seed_0,50028,-68.13660534198033,65,True,0.04860046109950796,6.035550268578978,40.0,False
id_reference,A5_hocbf_train_seed_0,50029,-122.21018116932333,84,True,0.04660523247329433,4.0630581539349295,40.0,False
id_reference,A5_hocbf_train_seed_0,50030,-85.11588615918537,104,True,0.04915206370274217,4.828627436215071,40.0,False
id_reference,A5_hocbf_train_seed_0,50031,-81.00943475520897,61,True,0.034929171608069916,6.64896316863447,40.0,False
id_reference,A5_hocbf_train_seed_0,50032,-67.48556410803538,54,True,0.04897811480807906,3.050581198330857,40.0,False
id_reference,A5_hocbf_train_seed_0,50033,-5.427706426125988,33,True,0.018559101994639376,3.921694730276522,24.74816131591797,False
id_reference,A5_hocbf_train_seed_0,50034,-79.40584010885476,250,False,0.09050454409226956,5.309863682550103,40.0,False
id_reference,A5_hocbf_train_seed_0,50035,-73.56535335847062,125,True,0.048544308173979776,4.996893779817227,40.0,False
id_reference,A5_hocbf_train_seed_0,50036,-69.58370838351485,74,True,0.044026438593293096,2.505044253583727,40.0,False
id_reference,A5_hocbf_train_seed_0,50037,-64.96580350537086,60,True,0.04579108942050764,3.29929489322395,40.0,False
id_reference,A5_hocbf_train_seed_0,50038,-152.88599241445857,250,False,0.1872290004769166,5.883675166756936,40.0,False
id_reference,A5_hocbf_train_seed_0,50039,-56.34572366242942,76,True,0.032300068650960516,2.3603521000784173,38.19791030883789,False
id_reference,A5_hocbf_train_seed_0,50040,-75.63416611994107,250,False,0.0966803218592648,4.993130525152918,40.0,False
id_reference,A5_hocbf_train_seed_0,50041,-50.98971566467327,51,True,0.013790966463667509,4.662965156475973,40.0,False
id_reference,A5_hocbf_train_seed_0,50042,-73.9046966375577,250,False,0.12508903486891218,4.872970093422869,40.0,False
id_reference,A5_hocbf_train_seed_0,50043,-17.950646375818444,58,True,0.04998907254725673,2.412021298662868,40.0,False
id_reference,A5_hocbf_train_seed_0,50044,-69.18612570057718,64,True,0.039516280383822884,2.5740389539657054,37.78451919555664,False
id_reference,A5_hocbf_train_seed_0,50045,-197.87852342502865,132,True,0.045905560068117884,5.221306992963429,40.0,False
id_reference,A5_hocbf_train_seed_0,50046,-94.00844119577567,250,False,0.10218032345826591,5.016286096291299,40.0,False
id_reference,A5_hocbf_train_seed_0,50047,-113.46230552263428,250,False,0.22567738778268395,4.090929445879381,40.0,False
id_reference,A5_hocbf_train_seed_0,50048,-47.5541969408002,91,True,0.04972690999109536,6.521248544194232,40.0,False
id_reference,A5_hocbf_train_seed_0,50049,-93.72366000820145,72,True,0.04817191821981278,3.797401420743407,40.0,False
id_reference,A5_hocbf_train_seed_0,50050,-108.615776434591,102,True,0.04709516402791795,5.719958016416346,40.0,False
id_reference,A5_hocbf_train_seed_0,50051,-132.751984123029,250,False,0.08372833972380726,5.665055802420244,40.0,False
id_reference,A5_hocbf_train_seed_0,50052,-260.8090628781265,250,False,0.3508134781162053,6.020174885795693,40.0,False
id_reference,A5_hocbf_train_seed_0,50053,-52.40316272516834,57,True,0.0030081136206166585,2.9710847133451486,39.027099609375,False
id_reference,A5_hocbf_train_seed_0,50054,-99.81685683887291,89,True,0.04573517021507864,5.268919046751453,40.0,False
id_reference,A5_hocbf_train_seed_0,50055,-97.61049376653263,112,True,0.04792686446364297,2.3175212989379657,40.0,False
id_reference,A5_hocbf_train_seed_0,50056,-45.29926233410933,250,False,0.09430652388768367,4.250661119711943,24.654699325561523,False
id_reference,A5_hocbf_train_seed_0,50057,-116.58701765131114,250,False,0.17027436524196285,3.6227419941102608,40.0,False
id_reference,A5_hocbf_train_seed_0,50058,-92.1213021433327,102,True,0.04990556915111631,4.850763570188529,40.0,False
id_reference,A5_hocbf_train_seed_0,50059,-63.86611827473335,90,True,0.048900926198778755,4.521994821932491,40.0,False
id_reference,A5_hocbf_train_seed_0,50060,-150.18584190267026,250,False,0.09448762168621543,5.0041494389639345,40.0,False
id_reference,A5_hocbf_train_seed_0,50061,-65.21887650684496,250,False,0.07385848121727423,2.028756568700958,40.0,False
id_reference,A5_hocbf_train_seed_0,50062,-124.67435313030133,250,False,0.15048425626393935,6.504638679538652,40.0,False
id_reference,A5_hocbf_train_seed_0,50063,-62.56347225726297,250,False,0.05601361449474076,2.6888641451375808,35.04307174682617,False
id_reference,A5_hocbf_train_seed_0,50064,-65.26104560753541,250,False,0.07341452188544174,4.245636613318794,36.609596252441406,False
id_reference,A5_hocbf_train_seed_0,50065,-24.56865225850816,40,True,0.0216174012068647,4.246092711715225,36.74513244628906,False
id_reference,A5_hocbf_train_seed_0,50066,-159.7431823451631,250,False,0.099742197487204,2.9654177677347477,40.0,False
id_reference,A5_hocbf_train_seed_0,50067,-75.28517282484418,250,False,0.108800843535606,4.314573117573958,40.0,False
id_reference,A5_hocbf_train_seed_0,50068,-20.219390677993854,40,True,0.04232612790194244,4.67956965568742,27.577613830566406,False
id_reference,A5_hocbf_train_seed_0,50069,-64.13847174661782,66,True,0.048045238349646587,5.054395683138878,40.0,False
id_reference,A5_hocbf_train_seed_0,50070,-17.716425413288896,66,True,0.049297787771428514,4.14835734398485,31.01106071472168,False
id_reference,A5_hocbf_train_seed_0,50071,-30.102384851306176,89,True,0.04989033028722667,4.0735333092756045,37.54236602783203,False
id_reference,A5_hocbf_train_seed_0,50072,-166.3020878393333,250,False,0.2313217692733232,5.513659187659245,40.0,False
id_reference,A5_hocbf_train_seed_0,50073,-148.58634191036774,250,False,0.08173548494870538,5.589078752626928,40.0,False
id_reference,A5_hocbf_train_seed_0,50074,-36.826588344956676,71,True,0.04978110530529283,4.167319990121691,37.448238372802734,False
id_reference,A5_hocbf_train_seed_0,50075,-141.74707018306637,250,False,0.17454115678390028,5.041089721169098,40.0,False
id_reference,A5_hocbf_train_seed_0,50076,-377.4263558240194,250,False,0.8442680265266467,8.957108811161714,40.0,False
id_reference,A5_hocbf_train_seed_0,50077,-74.6320158006936,250,False,0.07676505368522121,7.951278428646106,40.0,False
id_reference,A5_hocbf_train_seed_0,50078,-136.33227484993074,250,False,0.45871802651746313,3.079777363436462,40.0,False
id_reference,A5_hocbf_train_seed_0,50079,-243.25062280429034,250,False,0.15152778851186138,5.4750056793580155,40.0,False
id_reference,A5_hocbf_train_seed_0,50080,-106.13985794966861,94,True,0.04963258047210602,6.909795878981277,40.0,False
id_reference,A5_hocbf_train_seed_0,50081,-78.2035302537695,250,False,0.12267429065991965,5.62303349881838,40.0,False
id_reference,A5_hocbf_train_seed_0,50082,-32.277554421793155,47,True,0.04477539853747936,6.343423545860979,40.0,False
id_reference,A5_hocbf_train_seed_0,50083,-84.43602028283816,80,True,0.010174303523576867,6.867702159212358,40.0,False
id_reference,A5_hocbf_train_seed_0,50084,-61.3202859685177,250,False,0.06619193817501647,3.874541963386783,35.9357795715332,False
id_reference,A5_hocbf_train_seed_0,50085,-152.03186407068367,250,False,0.16046992117872336,5.357517536573712,40.0,False
id_reference,A5_hocbf_train_seed_0,50086,-103.2066424974556,250,False,0.08808295469339233,6.667938951012733,40.0,False
id_reference,A5_hocbf_train_seed_0,50087,-33.24829583696054,44,True,0.025446231309111233,3.3415236601103295,40.0,False
id_reference,A5_hocbf_train_seed_0,50088,-168.82154189162526,250,False,0.2482475423681174,5.719495724205998,40.0,False
id_reference,A5_hocbf_train_seed_0,50089,-86.73221818799642,250,False,0.11276566747912481,6.071462291300142,40.0,False
id_reference,A5_hocbf_train_seed_0,50090,-134.334680760115,222,True,0.04877926515327183,3.9328657697600353,40.0,False
id_reference,A5_hocbf_train_seed_0,50091,-218.878156220093,250,False,0.44292579896030376,5.420329513953814,40.0,False
id_reference,A5_hocbf_train_seed_0,50092,-114.02318951230984,128,True,0.04841062785680865,4.325981857330185,40.0,False
id_reference,A5_hocbf_train_seed_0,50093,-408.59710639393825,250,False,1.0483934066504674,8.968958536974373,40.0,False
id_reference,A5_hocbf_train_seed_0,50094,-23.355390879282062,57,True,0.04817770098290528,2.9492796245137876,40.0,False
id_reference,A5_hocbf_train_seed_0,50095,-40.25402353127299,52,True,0.04732957631518431,3.648512271731981,35.09013366699219,False
id_reference,A5_hocbf_train_seed_0,50096,-150.09594709193055,250,False,0.0618362412057873,3.7690639875332437,40.0,False
id_reference,A5_hocbf_train_seed_0,50097,-206.215344970636,250,False,0.4589641389876855,6.263859039236665,40.0,False
id_reference,A5_hocbf_train_seed_0,50098,-122.71828104247334,250,False,0.0931562946063273,5.627453195133755,40.0,False
id_reference,A5_hocbf_train_seed_0,50099,-219.162827426513,250,False,0.47193186012117105,5.001741106603068,40.0,False
id_reference,A6_prefilter_train_seed_0,50000,-233.51271457790878,250,False,0.7006621709917564,4.014737434790885,36.00672149658203,False
id_reference,A6_prefilter_train_seed_0,50001,-175.07580405562175,250,False,0.32512156898940237,11.215313377671244,40.0,False
id_reference,A6_prefilter_train_seed_0,50002,-121.5824991650475,250,False,0.325837285826714,6.747537763119404,40.0,False
id_reference,A6_prefilter_train_seed_0,50003,-246.94708159514985,250,False,0.49909112129754063,12.557530956706362,40.0,False
id_reference,A6_prefilter_train_seed_0,50004,-132.00365689755722,250,False,0.33402551244734013,8.795842775567923,40.0,False
id_reference,A6_prefilter_train_seed_0,50005,-112.32509453762995,250,False,0.08699312182603505,14.397163653416174,40.0,False
id_reference,A6_prefilter_train_seed_0,50006,-97.35840265077037,250,False,0.17297758308035627,5.396688471408064,40.0,False
id_reference,A6_prefilter_train_seed_0,50007,-239.64659015971787,250,False,0.4830452125156818,10.94889861351774,40.0,False
id_reference,A6_prefilter_train_seed_0,50008,-162.3934762932954,250,False,0.3118572837681184,7.651534045223734,40.0,False
id_reference,A6_prefilter_train_seed_0,50009,-136.9558076333733,250,False,0.31160999653263494,10.472794889171706,40.0,False
id_reference,A6_prefilter_train_seed_0,50010,-82.15928884059242,250,False,0.08016981828503342,13.545177461607963,40.0,False
id_reference,A6_prefilter_train_seed_0,50011,-156.00007910765515,250,False,0.48241771809446404,3.9458369656861634,40.0,False
id_reference,A6_prefilter_train_seed_0,50012,-40.41252852340989,56,True,0.04690614260287211,11.094964328765327,40.0,False
id_reference,A6_prefilter_train_seed_0,50013,-216.4373076308604,250,False,0.5602863200989961,11.053367673497215,40.0,False
id_reference,A6_prefilter_train_seed_0,50014,-265.0011499525364,250,False,0.5848635372977146,17.735001591125826,40.0,False
id_reference,A6_prefilter_train_seed_0,50015,-227.9388577414366,250,False,0.5878617563393146,10.943453190549256,40.0,False
id_reference,A6_prefilter_train_seed_0,50016,-227.62868346375436,250,False,0.7015749245079103,10.488223717239292,40.0,False
id_reference,A6_prefilter_train_seed_0,50017,-122.30031169959304,250,False,0.20207668491119696,8.967170136458135,40.0,False
id_reference,A6_prefilter_train_seed_0,50018,-95.13377486792078,82,True,0.04778345639251352,12.001289553639593,40.0,False
id_reference,A6_prefilter_train_seed_0,50019,-200.14553160722838,250,False,0.42266543430189535,12.480010104973331,40.0,False
id_reference,A6_prefilter_train_seed_0,50020,-144.24274753143362,250,False,0.27746095182052477,1.8453889088980915,40.0,False
id_reference,A6_prefilter_train_seed_0,50021,-104.51654594467368,250,False,0.23009387349291507,2.716461825159421,29.070575714111328,False
id_reference,A6_prefilter_train_seed_0,50022,-172.26696985124835,250,False,0.30664791049296136,11.895537759162957,40.0,False
id_reference,A6_prefilter_train_seed_0,50023,-132.8099403702568,250,False,0.20224492232383667,9.775311815650785,40.0,False
id_reference,A6_prefilter_train_seed_0,50024,-58.70189307601307,250,False,0.13416190274751863,3.1314332973198575,29.866086959838867,False
id_reference,A6_prefilter_train_seed_0,50025,-178.87207839290102,250,False,0.3204886778260562,14.258841442864773,40.0,False
id_reference,A6_prefilter_train_seed_0,50026,-259.7578630749252,250,False,0.7538499070801613,5.453267531632752,40.0,False
id_reference,A6_prefilter_train_seed_0,50027,-39.993821818147566,45,True,0.04739093504094358,7.678043650174606,40.0,False
id_reference,A6_prefilter_train_seed_0,50028,-156.42586385696663,250,False,0.14872559477005623,16.167670080649344,40.0,False
id_reference,A6_prefilter_train_seed_0,50029,-165.35270643067008,250,False,0.24906833153932853,13.874372154447814,40.0,False
id_reference,A6_prefilter_train_seed_0,50030,-144.89501681857593,250,False,0.29984004901469025,9.857659065380266,40.0,False
id_reference,A6_prefilter_train_seed_0,50031,-106.31601729806157,250,False,0.05416173803753471,14.061505658301202,40.0,False
id_reference,A6_prefilter_train_seed_0,50032,-149.67536138541962,250,False,0.27356939125370705,12.300131424659613,40.0,False
id_reference,A6_prefilter_train_seed_0,50033,-62.49210509036818,250,False,0.1337734519111176,2.8271672969047343,25.988990783691406,False
id_reference,A6_prefilter_train_seed_0,50034,-108.46892397312048,250,False,0.2605789544390126,5.554240251550951,40.0,False
id_reference,A6_prefilter_train_seed_0,50035,-209.2335306437362,250,False,0.6401164801773991,4.505741853737614,40.0,False
id_reference,A6_prefilter_train_seed_0,50036,-83.46382650834728,250,False,0.09593304168938047,3.8585396966590277,39.56554412841797,False
id_reference,A6_prefilter_train_seed_0,50037,-103.93495467907621,250,False,0.15835233444479618,11.190993086954217,40.0,False
id_reference,A6_prefilter_train_seed_0,50038,-265.3258607811293,250,False,0.42594627217849385,17.697553959768182,40.0,False
id_reference,A6_prefilter_train_seed_0,50039,-100.47084335397307,250,False,0.16592771602733083,1.966762725787056,36.896690368652344,False
id_reference,A6_prefilter_train_seed_0,50040,-82.2693555055242,250,False,0.08797224386394134,9.808029799591361,40.0,False
id_reference,A6_prefilter_train_seed_0,50041,-71.67711705798378,250,False,0.05462889041403728,13.340973769927768,40.0,False
id_reference,A6_prefilter_train_seed_0,50042,-46.06325102605317,54,True,0.04726992704914135,5.856012120371139,40.0,False
id_reference,A6_prefilter_train_seed_0,50043,-76.26647248604232,250,False,0.13112099795191978,1.5798794191297276,39.820430755615234,False
id_reference,A6_prefilter_train_seed_0,50044,-120.37864891463038,250,False,0.1636463085499187,11.630095662379823,40.0,False
id_reference,A6_prefilter_train_seed_0,50045,-176.97332213269195,250,False,0.3474777209138903,11.653093622251033,40.0,False
id_reference,A6_prefilter_train_seed_0,50046,-57.437899457740684,57,True,0.0477850974973544,15.43252149546691,40.0,False
id_reference,A6_prefilter_train_seed_0,50047,-119.96212741335128,250,False,0.25169874866809333,2.65532504155379,40.0,False
id_reference,A6_prefilter_train_seed_0,50048,-103.47225047766366,250,False,0.21081455472718758,8.118200176125892,40.0,False
id_reference,A6_prefilter_train_seed_0,50049,-134.8123205234806,250,False,0.12209824590278998,14.828443351224596,40.0,False
id_reference,A6_prefilter_train_seed_0,50050,-184.49758793944065,250,False,0.27535592774855383,12.198692273567458,40.0,False
id_reference,A6_prefilter_train_seed_0,50051,-163.0562350445728,250,False,0.0974588329267688,12.961749476734889,40.0,False
id_reference,A6_prefilter_train_seed_0,50052,-180.04274422511696,250,False,0.1353547255514736,14.755632046298198,40.0,False
id_reference,A6_prefilter_train_seed_0,50053,-106.85702274379518,250,False,0.17501139283587774,8.77042855036541,40.0,False
id_reference,A6_prefilter_train_seed_0,50054,-193.7944528223356,250,False,0.2455553552687059,19.280675503873013,40.0,False
id_reference,A6_prefilter_train_seed_0,50055,-223.3512358711061,250,False,0.6334035825889537,10.223673584785903,40.0,False
id_reference,A6_prefilter_train_seed_0,50056,-8.0658317648751,48,True,0.049662962066240844,2.9638285336840706,22.786901473999023,False
id_reference,A6_prefilter_train_seed_0,50057,-115.75755233359874,250,False,0.18185913327454326,7.811931176489469,40.0,False
id_reference,A6_prefilter_train_seed_0,50058,-154.12812751817754,250,False,0.1739608722129514,15.094735572459085,40.0,False
id_reference,A6_prefilter_train_seed_0,50059,-168.96343996450554,250,False,0.49837841388634035,4.154535835407103,40.0,False
id_reference,A6_prefilter_train_seed_0,50060,-150.67050200977647,250,False,0.10572443716538406,15.479625715342056,40.0,False
id_reference,A6_prefilter_train_seed_0,50061,-131.9032357284904,250,False,0.365058428406011,3.1253998526662152,37.22397232055664,False
id_reference,A6_prefilter_train_seed_0,50062,-149.6552348798537,250,False,0.21676524333426436,14.956717437184473,40.0,False
id_reference,A6_prefilter_train_seed_0,50063,-149.38029737061575,250,False,0.3654966645340989,1.7325915361549344,33.399932861328125,False
id_reference,A6_prefilter_train_seed_0,50064,-66.78305558329419,250,False,0.0916765719501114,6.7023238423582185,39.59362030029297,False
id_reference,A6_prefilter_train_seed_0,50065,-90.91324728887295,250,False,0.2008298869215736,4.648287147511393,40.0,False
id_reference,A6_prefilter_train_seed_0,50066,-150.8088963805568,250,False,0.2961430761536232,10.568756659070699,40.0,False
id_reference,A6_prefilter_train_seed_0,50067,-105.01497190365308,250,False,0.2571448549203803,4.51874657000913,38.10771942138672,False
id_reference,A6_prefilter_train_seed_0,50068,-48.04993513970197,250,False,0.06036901859771579,4.789441809222547,22.41031265258789,False
id_reference,A6_prefilter_train_seed_0,50069,-99.85785365100934,250,False,0.05244487648022779,16.147284747914387,40.0,False
id_reference,A6_prefilter_train_seed_0,50070,-230.83718287782884,250,False,0.8037426140313824,3.2356802394944286,28.64411735534668,False
id_reference,A6_prefilter_train_seed_0,50071,-19.044138440947666,42,True,0.0494633168668412,6.07039612413936,40.0,False
id_reference,A6_prefilter_train_seed_0,50072,-141.9914472309255,250,False,0.11373738398155621,11.598085736156523,40.0,False
id_reference,A6_prefilter_train_seed_0,50073,-232.69692033699394,250,False,0.3930748931576227,15.29497066811978,40.0,False
id_reference,A6_prefilter_train_seed_0,50074,-143.70408431236908,250,False,0.4190727236487537,4.114468550143139,31.357513427734375,False
id_reference,A6_prefilter_train_seed_0,50075,-250.18755720869066,250,False,0.7570349311089685,4.744462505043245,40.0,False
id_reference,A6_prefilter_train_seed_0,50076,-180.80768713274784,250,False,0.21083879131102462,11.486628098882143,40.0,False
id_reference,A6_prefilter_train_seed_0,50077,-57.16945606560967,250,False,0.05695749767940433,9.607230157104993,40.0,False
id_reference,A6_prefilter_train_seed_0,50078,-107.5603152578997,250,False,0.232159216519526,3.1120439811972305,39.34916687011719,False
id_reference,A6_prefilter_train_seed_0,50079,-155.8481986744389,250,False,0.1255563882527134,12.964424553098809,40.0,False
id_reference,A6_prefilter_train_seed_0,50080,-210.17007044595422,250,False,0.2505999674312097,16.51694173533432,40.0,False
id_reference,A6_prefilter_train_seed_0,50081,-47.84314725052936,62,True,0.04988726370157304,9.999415153778653,40.0,False
id_reference,A6_prefilter_train_seed_0,50082,-26.57703877825286,42,True,0.04907263996413149,10.918433389505427,40.0,False
id_reference,A6_prefilter_train_seed_0,50083,-77.66058993537482,63,True,0.0400579944402163,11.930942539221656,40.0,False
id_reference,A6_prefilter_train_seed_0,50084,-20.95286341078629,41,True,0.049881598846373415,6.731743116165615,40.0,False
id_reference,A6_prefilter_train_seed_0,50085,-153.15824410742243,250,False,0.1927995407125281,14.038567941510648,40.0,False
id_reference,A6_prefilter_train_seed_0,50086,-59.0712816227463,57,True,0.012126803252718856,17.66488262172643,40.0,False
id_reference,A6_prefilter_train_seed_0,50087,-83.24435793784265,250,False,0.14352227355137956,3.3532903387886974,40.0,False
id_reference,A6_prefilter_train_seed_0,50088,-76.92748788117207,56,True,0.049894035517846956,16.61244423768091,40.0,False
id_reference,A6_prefilter_train_seed_0,50089,-122.50688106392563,250,False,0.23487580766841062,6.26861099664124,40.0,False
id_reference,A6_prefilter_train_seed_0,50090,-189.9426415201397,250,False,0.39308080549068963,10.96460099614521,40.0,False
id_reference,A6_prefilter_train_seed_0,50091,-177.7292191520863,250,False,0.09423169070216411,10.608977154902057,40.0,False
id_reference,A6_prefilter_train_seed_0,50092,-241.3333178150123,250,False,0.7753197112025045,4.43394078084932,40.0,False
id_reference,A6_prefilter_train_seed_0,50093,-187.15747609993605,250,False,0.2625115376169403,11.246338115328822,40.0,False
id_reference,A6_prefilter_train_seed_0,50094,-88.00527027169372,250,False,0.16185979917752896,2.309934943295978,39.781410217285156,False
id_reference,A6_prefilter_train_seed_0,50095,-77.71031955227642,250,False,0.10289305291918925,4.0608699330423965,38.39579391479492,False
id_reference,A6_prefilter_train_seed_0,50096,-200.4090834904182,250,False,0.5069458948824893,11.922762905778846,40.0,False
id_reference,A6_prefilter_train_seed_0,50097,-267.43552019873965,250,False,0.865136609645037,5.7101896355433786,40.0,False
id_reference,A6_prefilter_train_seed_0,50098,-66.3042308663595,60,True,0.013372139703908128,13.777994858901309,40.0,False
id_reference,A6_prefilter_train_seed_0,50099,-237.46394245262118,250,False,0.6603381154281878,9.09296474570211,40.0,False
id_reference,A6_hocbf_train_seed_0,50000,-233.51271457790878,250,False,0.7006621709917564,4.014737434790885,36.00672149658203,False
id_reference,A6_hocbf_train_seed_0,50001,-178.87622606931527,250,False,0.32527798293123367,4.9158100638033515,40.0,False
id_reference,A6_hocbf_train_seed_0,50002,-126.99882264969219,250,False,0.3256870768186029,6.248289592535783,40.0,False
id_reference,A6_hocbf_train_seed_0,50003,-288.54109167615803,250,False,0.4985779295450914,4.297663996919225,40.0,False
id_reference,A6_hocbf_train_seed_0,50004,-159.37527477323567,250,False,0.334017221710724,4.228191792404444,40.0,False
id_reference,A6_hocbf_train_seed_0,50005,-116.77216500915716,250,False,0.08045967572357357,6.263447747303657,40.0,False
id_reference,A6_hocbf_train_seed_0,50006,-107.27635124587371,250,False,0.17296426499203754,2.926804758926539,40.0,False
id_reference,A6_hocbf_train_seed_0,50007,-210.9628365816979,250,False,0.4827314568422111,4.227105991147284,40.0,False
id_reference,A6_hocbf_train_seed_0,50008,-168.26055892187694,250,False,0.3090277203275815,5.711698935666444,40.0,False
id_reference,A6_hocbf_train_seed_0,50009,-179.2878989755607,250,False,0.31218256169752623,2.8149195672811795,40.0,False
id_reference,A6_hocbf_train_seed_0,50010,-101.98778379397713,250,False,0.08016982174482346,3.667985903448494,40.0,False
id_reference,A6_hocbf_train_seed_0,50011,-156.00007910765515,250,False,0.48241771809446404,3.9458369656861634,40.0,False
id_reference,A6_hocbf_train_seed_0,50012,-41.77481626964317,49,True,0.010508865219273715,2.760479147930608,40.0,False
id_reference,A6_hocbf_train_seed_0,50013,-287.6486103142582,250,False,0.5594826626581311,4.238153732068634,40.0,False
id_reference,A6_hocbf_train_seed_0,50014,-231.0787981244381,250,False,0.5869616144467108,4.303991000212348,40.0,False
id_reference,A6_hocbf_train_seed_0,50015,-202.76032497925505,250,False,0.5861953190245712,3.4260343672269635,40.0,False
id_reference,A6_hocbf_train_seed_0,50016,-249.77700186135536,250,False,0.703287326355561,2.1227415215214487,40.0,False
id_reference,A6_hocbf_train_seed_0,50017,-125.30816207936515,250,False,0.19482141452042243,4.949861183799075,40.0,False
id_reference,A6_hocbf_train_seed_0,50018,-157.09220953427425,49,False,2.0340046540745,5.674787086011754,40.0,False
id_reference,A6_hocbf_train_seed_0,50019,-267.3111536646999,250,False,0.42188506530421604,3.1302321723169646,40.0,False
id_reference,A6_hocbf_train_seed_0,50020,-152.9216947255471,250,False,0.2772719700509148,1.0956868206603825,40.0,False
id_reference,A6_hocbf_train_seed_0,50021,-104.51654594467368,250,False,0.23009387349291507,2.716461825159421,29.070575714111328,False
id_reference,A6_hocbf_train_seed_0,50022,-155.27850174543664,250,False,0.3065929534124693,3.914171275727201,40.0,False
id_reference,A6_hocbf_train_seed_0,50023,-141.08729057391446,250,False,0.20225551618297133,6.0752356086758015,40.0,False
id_reference,A6_hocbf_train_seed_0,50024,-58.70189307601307,250,False,0.13416190274751863,3.1314332973198575,29.866086959838867,False
id_reference,A6_hocbf_train_seed_0,50025,-156.3331857694878,250,False,0.3203385545910627,6.253001335608827,40.0,False
id_reference,A6_hocbf_train_seed_0,50026,-269.1404986657703,250,False,0.7526565599084324,5.185998051172122,40.0,False
id_reference,A6_hocbf_train_seed_0,50027,-37.23964632784186,42,True,0.04987135319249773,6.56695495444687,40.0,False
id_reference,A6_hocbf_train_seed_0,50028,-114.59562907310642,250,False,0.14872386600664916,6.035550268578978,40.0,False
id_reference,A6_hocbf_train_seed_0,50029,-181.38414004339248,250,False,0.24915530385501677,4.304873671384736,40.0,False
id_reference,A6_hocbf_train_seed_0,50030,-148.8174166590639,250,False,0.2997139306240386,4.46781605443465,40.0,False
id_reference,A6_hocbf_train_seed_0,50031,-108.91177305018458,250,False,0.05416173811277593,6.567882171210849,40.0,False
id_reference,A6_hocbf_train_seed_0,50032,-138.09055869082545,250,False,0.27357367508101804,3.050581198330857,40.0,False
id_reference,A6_hocbf_train_seed_0,50033,-62.49210509036818,250,False,0.1337734519111176,2.8271672969047343,25.988990783691406,False
id_reference,A6_hocbf_train_seed_0,50034,-112.42318264867056,250,False,0.2605394038753228,5.013262061124844,40.0,False
id_reference,A6_hocbf_train_seed_0,50035,-211.24528789708944,250,False,0.6401802924915792,4.3698876181781205,40.0,False
id_reference,A6_hocbf_train_seed_0,50036,-106.36989962098984,250,False,0.09587035020254538,2.4192642464524106,40.0,False
id_reference,A6_hocbf_train_seed_0,50037,-118.43287185604548,250,False,0.15830994807650106,2.729790434298251,40.0,False
id_reference,A6_hocbf_train_seed_0,50038,-197.16903160955607,250,False,0.4276115483871687,6.061223782132886,40.0,False
id_reference,A6_hocbf_train_seed_0,50039,-107.11827461215114,250,False,0.1659704350622896,1.9121436014089441,35.624534606933594,False
id_reference,A6_hocbf_train_seed_0,50040,-78.91396725788702,250,False,0.08797224378738944,4.717153228611304,40.0,False
id_reference,A6_hocbf_train_seed_0,50041,-78.80319168133745,250,False,0.054628903148810554,4.662965156475973,40.0,False
id_reference,A6_hocbf_train_seed_0,50042,-44.82714171396647,55,True,0.045262932361680656,4.902736214500615,40.0,False
id_reference,A6_hocbf_train_seed_0,50043,-76.26647248604232,250,False,0.13112099795191978,1.5798794191297276,39.820430755615234,False
id_reference,A6_hocbf_train_seed_0,50044,-121.71537693486972,250,False,0.1636344337794977,2.203215315884336,40.0,False
id_reference,A6_hocbf_train_seed_0,50045,-257.8419507281909,250,False,0.347816807170731,5.203810789718422,40.0,False
id_reference,A6_hocbf_train_seed_0,50046,-60.72039253599096,60,True,0.049611117226732525,5.016286096291299,40.0,False
id_reference,A6_hocbf_train_seed_0,50047,-119.96212741335128,250,False,0.25169874866809333,2.65532504155379,40.0,False
id_reference,A6_hocbf_train_seed_0,50048,-100.87431960755647,250,False,0.21081405021993058,5.634338294888259,40.0,False
id_reference,A6_hocbf_train_seed_0,50049,-130.1844129171942,250,False,0.12209828849322522,3.953574439908767,40.0,False
id_reference,A6_hocbf_train_seed_0,50050,-171.22334191504245,250,False,0.2724657052468647,5.815943818043224,40.0,False
id_reference,A6_hocbf_train_seed_0,50051,-156.15312801746006,250,False,0.21862281633768377,5.776894561869166,40.0,False
id_reference,A6_hocbf_train_seed_0,50052,-267.5153590718266,250,False,0.37200010161097,6.195372089346796,40.0,False
id_reference,A6_hocbf_train_seed_0,50053,-109.02480798935707,250,False,0.1749965974296456,2.8964078270918154,40.0,False
id_reference,A6_hocbf_train_seed_0,50054,-157.4108862395435,250,False,0.24562280991440077,5.165712457066736,40.0,False
id_reference,A6_hocbf_train_seed_0,50055,-221.73741893844644,250,False,0.6316221965458184,2.3175212989379657,40.0,False
id_reference,A6_hocbf_train_seed_0,50056,-8.0658317648751,48,True,0.049662962066240844,2.9638285336840706,22.786901473999023,False
id_reference,A6_hocbf_train_seed_0,50057,-113.40399057134032,250,False,0.1819891590761848,3.3903134149154703,40.0,False
id_reference,A6_hocbf_train_seed_0,50058,-134.78380051941386,250,False,0.17394675910477397,4.850763570188529,40.0,False
id_reference,A6_hocbf_train_seed_0,50059,-175.47439515881163,250,False,0.4984705516556355,3.8036405210779107,40.0,False
id_reference,A6_hocbf_train_seed_0,50060,-151.765316539324,250,False,0.10572444063698061,5.252005341914409,40.0,False
id_reference,A6_hocbf_train_seed_0,50061,-131.9032357284904,250,False,0.365058428406011,3.1253998526662152,37.22397232055664,False
id_reference,A6_hocbf_train_seed_0,50062,-142.8432044772269,250,False,0.21377375176163013,6.629466895870821,40.0,False
id_reference,A6_hocbf_train_seed_0,50063,-149.38029737061575,250,False,0.3654966645340989,1.7325915361549344,33.399932861328125,False
id_reference,A6_hocbf_train_seed_0,50064,-69.91333547572849,250,False,0.09167657843702391,4.131995580637126,40.0,False
id_reference,A6_hocbf_train_seed_0,50065,-91.07649819552294,250,False,0.20082999413838076,4.571393661896861,40.0,False
id_reference,A6_hocbf_train_seed_0,50066,-187.63566170742178,250,False,0.296341970277353,3.167046281348108,40.0,False
id_reference,A6_hocbf_train_seed_0,50067,-106.84031048490728,250,False,0.25712934466684173,4.207376432397207,38.89149856567383,False
id_reference,A6_hocbf_train_seed_0,50068,-48.780670932713704,250,False,0.06036901827083751,4.564793178813717,22.74873161315918,False
id_reference,A6_hocbf_train_seed_0,50069,-87.99065931599709,250,False,0.052444875606407176,5.048935529943304,40.0,False
id_reference,A6_hocbf_train_seed_0,50070,-230.83718287782884,250,False,0.8037426140313824,3.2356802394944286,28.64411735534668,False
id_reference,A6_hocbf_train_seed_0,50071,-23.965780726955696,42,True,0.04947942413051181,3.255858688837711,40.0,False
id_reference,A6_hocbf_train_seed_0,50072,-173.3831331855213,250,False,0.25646157946565024,5.718410358142143,40.0,False
id_reference,A6_hocbf_train_seed_0,50073,-199.1812256613325,250,False,0.3939730978440035,5.610709093721542,40.0,False
id_reference,A6_hocbf_train_seed_0,50074,-144.72273977223168,250,False,0.4190700146227975,3.923991833662532,31.7045955657959,False
id_reference,A6_hocbf_train_seed_0,50075,-253.5333011815877,250,False,0.7569370374338695,4.73594602439362,40.0,False
id_reference,A6_hocbf_train_seed_0,50076,-116.18771354934893,34,False,2.565358136727266,10.72726350023052,40.0,False
id_reference,A6_hocbf_train_seed_0,50077,-55.84928910939226,250,False,0.05695749874736935,8.279590273310923,40.0,False
id_reference,A6_hocbf_train_seed_0,50078,-109.20421447455367,250,False,0.23218546831454082,2.916594916294917,39.386932373046875,False
id_reference,A6_hocbf_train_seed_0,50079,-244.95930305499047,250,False,0.13920827132422717,5.421659278387227,40.0,False
id_reference,A6_hocbf_train_seed_0,50080,-168.72048979056976,250,False,0.2506010549406675,6.938506449146694,40.0,False
id_reference,A6_hocbf_train_seed_0,50081,-43.94203052113426,59,True,0.04855181692277401,5.098614146803011,40.0,False
id_reference,A6_hocbf_train_seed_0,50082,-31.707962762925398,51,True,0.049131122904846544,6.346373572991664,40.0,False
id_reference,A6_hocbf_train_seed_0,50083,-82.26249779753931,73,True,0.0469335644872648,6.805037005626071,40.0,False
id_reference,A6_hocbf_train_seed_0,50084,-29.27213294959471,44,True,0.04543368992449069,2.479048487236638,40.0,False
id_reference,A6_hocbf_train_seed_0,50085,-158.1587552541127,250,False,0.1928210666663596,5.361911230641107,40.0,False
id_reference,A6_hocbf_train_seed_0,50086,-70.16495346838914,61,True,0.009508557867936002,6.667938951012733,40.0,False
id_reference,A6_hocbf_train_seed_0,50087,-85.05333671383308,250,False,0.1435275978419187,2.802995509386251,40.0,False
id_reference,A6_hocbf_train_seed_0,50088,-172.48764552216699,250,False,0.17427552713899042,5.829767889240528,40.0,False
id_reference,A6_hocbf_train_seed_0,50089,-121.20280813960325,250,False,0.23487599338553666,5.085926769050743,40.0,False
id_reference,A6_hocbf_train_seed_0,50090,-178.07929337120646,250,False,0.3934320572037593,3.964325017281245,40.0,False
id_reference,A6_hocbf_train_seed_0,50091,-217.80600368999902,250,False,0.4307807769475078,5.676589228957058,40.0,False
id_reference,A6_hocbf_train_seed_0,50092,-252.99095197799218,250,False,0.7752255595976005,4.403825532816645,40.0,False
id_reference,A6_hocbf_train_seed_0,50093,-407.9639064082289,250,False,1.0320839738059275,10.025931074215089,40.0,False
id_reference,A6_hocbf_train_seed_0,50094,-88.00527027169372,250,False,0.16185979917752896,2.309934943295978,39.781410217285156,False
id_reference,A6_hocbf_train_seed_0,50095,-81.91567112043211,250,False,0.10289338268868473,3.6649162548500898,37.21519088745117,False
id_reference,A6_hocbf_train_seed_0,50096,-233.7797900917105,250,False,0.5071678797181124,3.4194772604411168,40.0,False
id_reference,A6_hocbf_train_seed_0,50097,-266.29168678950964,250,False,0.865214042756119,5.759466305072737,40.0,False
id_reference,A6_hocbf_train_seed_0,50098,-90.73670877829571,63,True,0.025453169344683238,5.563806481675295,40.0,False
id_reference,A6_hocbf_train_seed_0,50099,-247.1619698124346,250,False,0.6607276650417224,4.675273997911051,40.0,False
ood_compound,A2_unfiltered_train_seed_0,50000,-256.83568320082986,250,False,0.7304170945026077,5.36702420144,40.0,False
ood_compound,A2_unfiltered_train_seed_0,50001,-203.14735698855844,250,False,0.19200439781510922,9.758210262736815,40.0,False
ood_compound,A2_unfiltered_train_seed_0,50002,-153.4241661988975,250,False,0.2120376370658283,9.428633456846361,40.0,False
ood_compound,A2_unfiltered_train_seed_0,50003,-438.77584487191825,250,False,0.25867903705355266,19.080097161848055,40.0,False
ood_compound,A2_unfiltered_train_seed_0,50004,-352.82530992478786,250,False,1.1872694014153176,6.596810612898205,40.0,False
ood_compound,A2_unfiltered_train_seed_0,50005,-227.3123619255714,250,False,0.28157201988141267,16.05284088178393,40.0,False
ood_compound,A2_unfiltered_train_seed_0,50006,-232.0867198459351,250,False,0.6262970725679228,6.63917681291075,40.0,False
ood_compound,A2_unfiltered_train_seed_0,50007,-292.20511557787074,250,False,0.6404252074609222,8.941872673355473,40.0,False
ood_compound,A2_unfiltered_train_seed_0,50008,-240.24083640443624,250,False,0.5729213391582472,9.034209918142254,40.0,False
ood_compound,A2_unfiltered_train_seed_0,50009,-144.84862325518628,250,False,0.32615353175189726,7.285760036785513,40.0,False
ood_compound,A2_unfiltered_train_seed_0,50010,-173.45968662648784,250,False,0.35722731760761234,7.444034588526427,40.0,False
ood_compound,A2_unfiltered_train_seed_0,50011,-254.12901278402668,250,False,0.631222111871315,3.2813084249364346,40.0,False
ood_compound,A2_unfiltered_train_seed_0,50012,-62.07690628150331,73,True,0.0393214688491662,7.505986569394073,40.0,False
ood_compound,A2_unfiltered_train_seed_0,50013,-326.8077921786634,250,False,0.843761810930214,6.437533558415691,40.0,False
ood_compound,A2_unfiltered_train_seed_0,50014,-255.71285239705352,250,False,0.5947099750589722,10.840756653419824,40.0,False
ood_compound,A2_unfiltered_train_seed_0,50015,-182.21384277586859,250,False,0.20433440273850023,10.739588412492598,40.0,False
ood_compound,A2_unfiltered_train_seed_0,50016,-224.64619502288153,250,False,0.8177205130525844,7.941641148897994,40.0,False
ood_compound,A2_unfiltered_train_seed_0,50017,-233.73330135417206,250,False,0.5469155102547074,6.642729194738658,40.0,False
ood_compound,A2_unfiltered_train_seed_0,50018,-140.7757989493689,144,True,0.049747663516437765,8.17985281831387,40.0,False
ood_compound,A2_unfiltered_train_seed_0,50019,-245.89008686485226,250,False,0.7309966610210251,8.44760411288974,40.0,False
ood_compound,A2_unfiltered_train_seed_0,50020,-222.7398049969551,250,False,0.2998210491271406,2.9363347870630885,40.0,False
ood_compound,A2_unfiltered_train_seed_0,50021,-296.1943837378573,250,False,0.8106943045467265,3.254075430337216,40.0,False
ood_compound,A2_unfiltered_train_seed_0,50022,-192.33867132236946,250,False,0.3109555372469571,9.624302014706947,40.0,False
ood_compound,A2_unfiltered_train_seed_0,50023,-191.85947257305503,250,False,0.1449806926580906,10.518252494816172,40.0,False
ood_compound,A2_unfiltered_train_seed_0,50024,-293.99959148078085,250,False,0.8456389261922009,2.854315381292852,40.0,False
ood_compound,A2_unfiltered_train_seed_0,50025,-183.67558747730388,250,False,0.23456436652050067,11.017362076126082,40.0,False
ood_compound,A2_unfiltered_train_seed_0,50026,-322.9413578904042,250,False,1.089943215612201,7.232154463026223,40.0,False
ood_compound,A2_unfiltered_train_seed_0,50027,-184.64025258738923,250,False,0.2426869819740303,8.230439495328133,40.0,False
ood_compound,A2_unfiltered_train_seed_0,50028,-191.70668394534445,250,False,0.16912287299062098,12.913769856531584,40.0,False
ood_compound,A2_unfiltered_train_seed_0,50029,-191.38936288791484,250,False,0.39337377846648924,9.428915991232223,40.0,False
ood_compound,A2_unfiltered_train_seed_0,50030,-173.11244806678192,250,False,0.2075568270053562,8.775788278870426,40.0,False
ood_compound,A2_unfiltered_train_seed_0,50031,-172.92438653546643,250,False,0.0984638777935143,10.628736833585009,40.0,False
ood_compound,A2_unfiltered_train_seed_0,50032,-171.35495870540865,250,False,0.3377311916142608,9.4344054225841,40.0,False
ood_compound,A2_unfiltered_train_seed_0,50033,-287.02951847006653,250,False,0.7207461155630049,2.6154980706984605,40.0,False
ood_compound,A2_unfiltered_train_seed_0,50034,-157.26837621920566,250,False,0.20109853254171703,8.372280831210384,40.0,False
ood_compound,A2_unfiltered_train_seed_0,50035,-285.79931137508675,250,False,0.7847502939942089,6.1676861476077,40.0,False
ood_compound,A2_unfiltered_train_seed_0,50036,-392.82984552493855,250,False,0.8575922555869099,4.996834024622039,40.0,False
ood_compound,A2_unfiltered_train_seed_0,50037,-131.4508679210881,250,False,0.14045022506563298,7.989013692869041,40.0,False
ood_compound,A2_unfiltered_train_seed_0,50038,-238.8025634997464,250,False,0.33349282544727027,15.755220277299156,40.0,False
ood_compound,A2_unfiltered_train_seed_0,50039,-149.27000413989438,250,False,0.3004963456286631,4.089810624808672,40.0,False
ood_compound,A2_unfiltered_train_seed_0,50040,-208.46664126458637,250,False,0.44991899397130425,7.164590822735211,40.0,False
ood_compound,A2_unfiltered_train_seed_0,50041,-142.37807498083822,250,False,0.13083320687248984,8.651731186678067,40.0,False
ood_compound,A2_unfiltered_train_seed_0,50042,-196.9977040758878,250,False,0.49179125465912243,6.54626824501461,40.0,False
ood_compound,A2_unfiltered_train_seed_0,50043,-29.139883569570546,59,True,0.046273518872008645,3.874996504724112,40.0,False
ood_compound,A2_unfiltered_train_seed_0,50044,-91.47138577664853,120,True,0.0498704482195722,9.201287320454268,40.0,False
ood_compound,A2_unfiltered_train_seed_0,50045,-218.41761727734925,250,False,0.2394977284251849,7.5274482560348535,40.0,False
ood_compound,A2_unfiltered_train_seed_0,50046,-197.4558248262028,250,False,0.593324053615125,8.314348583943147,40.0,False
ood_compound,A2_unfiltered_train_seed_0,50047,-403.61761991617425,250,False,1.1550596609337416,4.93547156759769,40.0,False
ood_compound,A2_unfiltered_train_seed_0,50048,-161.0988640282177,250,False,0.24235606602204499,10.187028722382204,40.0,False
ood_compound,A2_unfiltered_train_seed_0,50049,-210.91210480612753,250,False,0.362671789864474,9.421288894820727,40.0,False
ood_compound,A2_unfiltered_train_seed_0,50050,-249.76151257836213,250,False,0.3333680876630638,19.312493277897556,40.0,False
ood_compound,A2_unfiltered_train_seed_0,50051,-119.14210745871821,91,True,0.04445561061209681,12.677991486833266,40.0,False
ood_compound,A2_unfiltered_train_seed_0,50052,-442.7014127515045,250,False,0.8787514634347319,19.130403414117193,40.0,False
ood_compound,A2_unfiltered_train_seed_0,50053,-110.8225397212102,250,False,0.0830136552062421,7.883493871111709,40.0,False
ood_compound,A2_unfiltered_train_seed_0,50054,-184.41179389725554,250,False,0.24757336821662762,10.749646330710313,40.0,False
ood_compound,A2_unfiltered_train_seed_0,50055,-305.0144433429527,250,False,0.906482035959619,9.14293340830364,40.0,False
ood_compound,A2_unfiltered_train_seed_0,50056,-72.29350345372998,250,False,0.09074518856202275,4.359351314575975,39.30073547363281,False
ood_compound,A2_unfiltered_train_seed_0,50057,-403.29560221288966,250,False,1.6361522018384083,5.81067777762357,40.0,False
ood_compound,A2_unfiltered_train_seed_0,50058,-229.45778155328696,250,False,0.15601359901895118,10.060611117480427,40.0,False
ood_compound,A2_unfiltered_train_seed_0,50059,-204.273484262527,250,False,0.42653649045985603,5.901441576538986,40.0,False
ood_compound,A2_unfiltered_train_seed_0,50060,-238.25874481192938,250,False,0.3564024188803314,7.851437107761033,40.0,False
ood_compound,A2_unfiltered_train_seed_0,50061,-323.3523830603407,250,False,1.2429649151017614,2.8027703741751924,40.0,False
ood_compound,A2_unfiltered_train_seed_0,50062,-203.63394988542808,250,False,0.22699353904274563,18.401161249542078,40.0,False
ood_compound,A2_unfiltered_train_seed_0,50063,-339.07660935164233,250,False,0.9446748358417467,3.301864766462375,40.0,False
ood_compound,A2_unfiltered_train_seed_0,50064,-241.6711772873806,250,False,0.23831788337749016,7.023146439733357,40.0,False
ood_compound,A2_unfiltered_train_seed_0,50065,-106.01354568718716,250,False,0.18463803824744474,6.562197875595602,40.0,False
ood_compound,A2_unfiltered_train_seed_0,50066,-210.49071493128912,250,False,0.4427056695962605,6.071203813420271,40.0,False
ood_compound,A2_unfiltered_train_seed_0,50067,-172.282734092565,250,False,0.21524296042392912,7.367421031542232,40.0,False
ood_compound,A2_unfiltered_train_seed_0,50068,-61.25188625301702,250,False,0.067725680655332,6.345065632907465,40.0,False
ood_compound,A2_unfiltered_train_seed_0,50069,-123.52145240827755,93,True,0.04784774736903584,11.163359432121274,40.0,False
ood_compound,A2_unfiltered_train_seed_0,50070,-296.22148978756354,250,False,0.9501887686907489,6.822963170584105,40.0,False
ood_compound,A2_unfiltered_train_seed_0,50071,-115.25506577848053,250,False,0.09291144430145269,6.288699795165368,40.0,False
ood_compound,A2_unfiltered_train_seed_0,50072,-182.1020074971753,250,False,0.23724444723257945,10.760396601757515,40.0,False
ood_compound,A2_unfiltered_train_seed_0,50073,-203.68043620950377,250,False,0.30851976685541477,12.898317395086726,40.0,False
ood_compound,A2_unfiltered_train_seed_0,50074,-189.22902702454462,250,False,0.5215228622406678,6.149501322866923,40.0,False
ood_compound,A2_unfiltered_train_seed_0,50075,-333.23127453349605,250,False,0.8323629782905864,6.72513644015963,40.0,False
ood_compound,A2_unfiltered_train_seed_0,50076,-214.98440841393688,250,False,0.2956809684244403,10.64761437251858,40.0,False
ood_compound,A2_unfiltered_train_seed_0,50077,-168.64611638359676,250,False,0.2761381957518592,9.048729500462557,40.0,False
ood_compound,A2_unfiltered_train_seed_0,50078,-403.00577351022355,250,False,1.4043087416737274,5.014797699103023,40.0,False
ood_compound,A2_unfiltered_train_seed_0,50079,-251.76721673370366,250,False,0.23224172602158275,14.362310444459398,40.0,False
ood_compound,A2_unfiltered_train_seed_0,50080,-191.1635680804607,250,False,0.11746213118948434,16.237233416745568,40.0,False
ood_compound,A2_unfiltered_train_seed_0,50081,-166.31262960023616,250,False,0.3074874638279084,8.2202866975344,40.0,False
ood_compound,A2_unfiltered_train_seed_0,50082,-62.68695757470246,88,True,0.04651893444016188,9.882133167399477,40.0,False
ood_compound,A2_unfiltered_train_seed_0,50083,-163.72972076324902,250,False,0.14139956739540055,11.054183955420829,40.0,False
ood_compound,A2_unfiltered_train_seed_0,50084,-65.88249032243723,71,True,0.04889331374341822,4.786951199295851,40.0,False
ood_compound,A2_unfiltered_train_seed_0,50085,-184.20146805624887,250,False,0.15630775198851474,16.251413302314276,40.0,False
ood_compound,A2_unfiltered_train_seed_0,50086,-118.36782096504913,250,False,0.12056113320911567,10.766248413297465,40.0,False
ood_compound,A2_unfiltered_train_seed_0,50087,-85.29078095060414,250,False,0.07428364029406338,5.76673736517746,40.0,False
ood_compound,A2_unfiltered_train_seed_0,50088,-229.2426458020433,250,False,0.32271515900917397,10.014147074782205,40.0,False
ood_compound,A2_unfiltered_train_seed_0,50089,-161.05194211690014,250,False,0.3254676107573061,9.029577908043764,40.0,False
ood_compound,A2_unfiltered_train_seed_0,50090,-233.43451097581362,250,False,0.13310587682384856,9.852014472692872,40.0,False
ood_compound,A2_unfiltered_train_seed_0,50091,-211.58934363386373,250,False,0.21612913176226858,7.587025107568863,40.0,False
ood_compound,A2_unfiltered_train_seed_0,50092,-284.1519376292563,250,False,0.7473558972260186,4.391691048065534,40.0,False
ood_compound,A2_unfiltered_train_seed_0,50093,-263.4901421649134,250,False,0.3057961011226231,9.532290780499437,40.0,False
ood_compound,A2_unfiltered_train_seed_0,50094,-124.79110046126468,250,False,0.17302005403703943,3.354127880359385,40.0,False
ood_compound,A2_unfiltered_train_seed_0,50095,-85.96883268271812,250,False,0.09128133616127827,6.633244747069004,40.0,False
ood_compound,A2_unfiltered_train_seed_0,50096,-256.1272097723342,250,False,0.44579444668637935,8.727503297958913,40.0,False
ood_compound,A2_unfiltered_train_seed_0,50097,-280.4550838903653,250,False,0.8631428301811738,7.44875771424874,40.0,False
ood_compound,A2_unfiltered_train_seed_0,50098,-136.56600910783266,250,False,0.08223843381858503,9.276494119163733,40.0,False
ood_compound,A2_unfiltered_train_seed_0,50099,-306.07199449307126,250,False,0.9823208899972314,7.842087255094327,40.0,False
ood_compound,A5_hocbf_train_seed_0,50000,-356.88581588105706,250,False,1.1379512194402497,4.983690786953689,40.0,False
ood_compound,A5_hocbf_train_seed_0,50001,-221.34244061200408,250,False,0.24263997320791644,4.852235763216451,40.0,False
ood_compound,A5_hocbf_train_seed_0,50002,-453.43641835040404,250,False,1.5736126587788624,6.814995890654346,40.0,False
ood_compound,A5_hocbf_train_seed_0,50003,-200.36311725044368,57,False,3.228823651704283,10.455401993490256,40.0,False
ood_compound,A5_hocbf_train_seed_0,50004,-507.8446576132705,250,False,1.418721962134,5.079404375780457,40.0,False
ood_compound,A5_hocbf_train_seed_0,50005,-240.23834164630432,250,False,0.5047284500581086,4.630316040277625,40.0,False
ood_compound,A5_hocbf_train_seed_0,50006,-383.17267376933455,250,False,0.9885677254307175,2.8279200300772183,40.0,False
ood_compound,A5_hocbf_train_seed_0,50007,-187.64267372835292,64,False,2.940581990963894,11.850659884524504,40.0,False
ood_compound,A5_hocbf_train_seed_0,50008,-316.9483177525256,250,False,0.9996696339996042,7.828723421450887,40.0,False
ood_compound,A5_hocbf_train_seed_0,50009,-405.2319808810152,230,True,0.04757490063829064,2.5541739966349617,40.0,False
ood_compound,A5_hocbf_train_seed_0,50010,-286.3774805240663,250,False,0.3631610624176079,3.4608879196275706,40.0,False
ood_compound,A5_hocbf_train_seed_0,50011,-275.43558118422004,250,False,0.8679406456778459,3.2813084249364346,40.0,False
ood_compound,A5_hocbf_train_seed_0,50012,-309.4834957010965,218,True,0.048736038031555344,2.4027398237478512,37.42925262451172,False
ood_compound,A5_hocbf_train_seed_0,50013,-957.146924882411,250,False,3.251752318962539,2.184498819371901,40.0,False
ood_compound,A5_hocbf_train_seed_0,50014,-313.9661235330434,250,False,0.9831424379752894,6.425954602150909,40.0,False
ood_compound,A5_hocbf_train_seed_0,50015,-399.81628626125536,250,False,0.20058411506817383,3.553394937403537,40.0,False
ood_compound,A5_hocbf_train_seed_0,50016,-538.3660831864445,250,False,0.4874798893588397,2.037686027577954,40.0,False
ood_compound,A5_hocbf_train_seed_0,50017,-319.8755679937529,250,False,1.0370485613745715,7.603753237411722,40.0,False
ood_compound,A5_hocbf_train_seed_0,50018,-529.9945343376777,250,False,0.8241330956681063,5.916089708526329,40.0,False
ood_compound,A5_hocbf_train_seed_0,50019,-798.0028316089384,250,False,2.800328903599488,0.9738879933564872,40.0,False
ood_compound,A5_hocbf_train_seed_0,50020,-370.2268390711633,250,False,1.1510606712348304,1.958270509552832,40.0,False
ood_compound,A5_hocbf_train_seed_0,50021,-400.6262731915978,250,False,1.180333072258447,1.4558436898722005,40.0,False
ood_compound,A5_hocbf_train_seed_0,50022,-320.8881385612978,250,False,0.3118230132068771,3.3077073736121174,40.0,False
ood_compound,A5_hocbf_train_seed_0,50023,-193.19515275743566,250,False,0.1468945099654357,6.200997069400141,40.0,False
ood_compound,A5_hocbf_train_seed_0,50024,-338.1465616359093,250,False,0.9641904465237322,2.5229704723636974,40.0,False
ood_compound,A5_hocbf_train_seed_0,50025,-188.5782869140074,250,False,0.23599573434966375,8.088174086805898,40.0,False
ood_compound,A5_hocbf_train_seed_0,50026,-401.1805981619388,250,False,1.4819567795563517,7.48162731041204,40.0,False
ood_compound,A5_hocbf_train_seed_0,50027,-198.5869771774871,250,False,0.2418036532132645,5.509068981366816,40.0,False
ood_compound,A5_hocbf_train_seed_0,50028,-343.3782339947698,250,False,0.16311307327964214,5.811036793852286,40.0,False
ood_compound,A5_hocbf_train_seed_0,50029,-718.6022893694502,250,False,1.816080524380974,2.6713072500415236,40.0,False
ood_compound,A5_hocbf_train_seed_0,50030,-182.49729873264502,250,False,0.232898277884062,7.001729846552397,40.0,False
ood_compound,A5_hocbf_train_seed_0,50031,-208.13450286636996,250,False,0.10202197335683968,5.735264895092898,40.0,False
ood_compound,A5_hocbf_train_seed_0,50032,-298.5330266063311,250,False,0.335418953405842,2.9837843830791337,40.0,False
ood_compound,A5_hocbf_train_seed_0,50033,-404.28355588702345,250,False,1.6916981495663768,2.051089728634102,40.0,False
ood_compound,A5_hocbf_train_seed_0,50034,-489.5684956484025,250,False,1.643322524060047,4.894310593004387,40.0,False
ood_compound,A5_hocbf_train_seed_0,50035,-423.6594245003895,250,False,1.4419456568937155,5.489429337286554,40.0,False
ood_compound,A5_hocbf_train_seed_0,50036,-581.9936918003928,250,False,2.363573577550898,1.4521596954499558,40.0,False
ood_compound,A5_hocbf_train_seed_0,50037,-605.3916178983324,250,False,2.233912889105791,0.9963292243622331,40.0,False
ood_compound,A5_hocbf_train_seed_0,50038,-269.6330703585747,250,False,0.5701260707505766,6.75449725299418,40.0,False
ood_compound,A5_hocbf_train_seed_0,50039,-501.79098134850295,250,False,1.7955278743759278,1.9594557536012749,40.0,False
ood_compound,A5_hocbf_train_seed_0,50040,-233.57375503611235,250,False,0.6945600653979485,6.222014081536334,40.0,False
ood_compound,A5_hocbf_train_seed_0,50041,-273.78208942703503,250,False,0.12798688992391713,2.9860210610134024,40.0,False
ood_compound,A5_hocbf_train_seed_0,50042,-326.3024010695663,250,False,1.0426748646636632,4.94721377600808,40.0,False
ood_compound,A5_hocbf_train_seed_0,50043,-307.7028105390953,250,False,0.8734870842745586,0.7686343943860391,40.0,False
ood_compound,A5_hocbf_train_seed_0,50044,-661.7473546121057,250,False,2.3706630813085665,1.1682444538155907,39.12370681762695,False
ood_compound,A5_hocbf_train_seed_0,50045,-377.7540950037162,250,False,1.097714962693365,3.2965043200931716,40.0,False
ood_compound,A5_hocbf_train_seed_0,50046,-305.6384670922826,250,False,0.47538134900670836,2.4700039543957852,40.0,False
ood_compound,A5_hocbf_train_seed_0,50047,-421.5648329589156,250,False,1.033728783050083,4.250420642366702,40.0,False
ood_compound,A5_hocbf_train_seed_0,50048,-163.33581542018655,250,False,0.24203589177277063,7.023269982774397,40.0,False
ood_compound,A5_hocbf_train_seed_0,50049,-646.6611309908623,250,False,0.4411629583929096,4.550532175763557,40.0,False
ood_compound,A5_hocbf_train_seed_0,50050,-260.956392878513,250,False,0.4951255754484619,5.233246904111702,40.0,False
ood_compound,A5_hocbf_train_seed_0,50051,-263.7929395030565,250,False,0.6401757328938463,5.153566312299827,40.0,False
ood_compound,A5_hocbf_train_seed_0,50052,-377.4832330915086,250,False,0.9367509271413327,5.6196439419677375,40.0,False
ood_compound,A5_hocbf_train_seed_0,50053,-353.0056655799411,250,False,0.08124840617819272,2.0838768577950133,39.08293533325195,False
ood_compound,A5_hocbf_train_seed_0,50054,-206.305239904426,250,False,0.31384340678883854,4.834919454146099,40.0,False
ood_compound,A5_hocbf_train_seed_0,50055,-365.77857997234815,250,False,0.9175620526876088,2.802764382268129,40.0,False
ood_compound,A5_hocbf_train_seed_0,50056,-78.19453147892834,250,False,0.09074535917890603,2.8688186152323927,40.0,False
ood_compound,A5_hocbf_train_seed_0,50057,-520.343724175769,250,False,0.3631554556047436,2.6632238516370883,40.0,False
ood_compound,A5_hocbf_train_seed_0,50058,-333.5027601998974,250,False,0.4834302400140995,4.041668795861803,40.0,False
ood_compound,A5_hocbf_train_seed_0,50059,-369.70053863817935,250,False,1.144470975702272,4.133584627940934,40.0,False
ood_compound,A5_hocbf_train_seed_0,50060,-904.5602101639929,250,False,3.208210545127019,0.7564219043565816,40.0,False
ood_compound,A5_hocbf_train_seed_0,50061,-361.5327641248409,250,False,1.3071626084108796,2.105621627215063,40.0,False
ood_compound,A5_hocbf_train_seed_0,50062,-191.16573991106836,250,False,0.22573120061467083,8.14044271457374,40.0,False
ood_compound,A5_hocbf_train_seed_0,50063,-488.24498917476393,250,False,2.3454103656101037,1.6536605137313283,40.0,False
ood_compound,A5_hocbf_train_seed_0,50064,-543.316738283383,250,False,1.3977427438911336,3.009957381189281,40.0,False
ood_compound,A5_hocbf_train_seed_0,50065,-138.40860287209767,250,False,0.1841984822311261,3.825015654032303,40.0,False
ood_compound,A5_hocbf_train_seed_0,50066,-752.006283850153,250,False,2.60816562105642,1.3439471624635615,40.0,False
ood_compound,A5_hocbf_train_seed_0,50067,-407.32556152917783,250,False,0.8395878341719918,4.2762249953104865,40.0,False
ood_compound,A5_hocbf_train_seed_0,50068,-138.80443378802352,250,False,0.06772190590808834,3.4263270498215634,40.0,False
ood_compound,A5_hocbf_train_seed_0,50069,-373.88348411834914,250,False,0.07550925690108111,3.873946116374834,39.758338928222656,False
ood_compound,A5_hocbf_train_seed_0,50070,-312.26202419793634,250,False,0.9526104746664006,5.503367629908684,40.0,False
ood_compound,A5_hocbf_train_seed_0,50071,-642.8385044308249,250,False,2.731846609801578,1.4748473307817906,40.0,False
ood_compound,A5_hocbf_train_seed_0,50072,-232.05670422765982,250,False,0.37801735883754695,4.552718217146866,40.0,False
ood_compound,A5_hocbf_train_seed_0,50073,-262.60060769021175,250,False,0.48679139810585276,4.802985405988638,40.0,False
ood_compound,A5_hocbf_train_seed_0,50074,-408.421716598809,250,False,1.3996296279638185,3.7889611992284413,40.0,False
ood_compound,A5_hocbf_train_seed_0,50075,-421.33506032923515,250,False,1.2696726324210166,4.575649760196221,40.0,False
ood_compound,A5_hocbf_train_seed_0,50076,-114.76247015253671,35,False,2.2247003494358073,11.07425672880149,40.0,False
ood_compound,A5_hocbf_train_seed_0,50077,-184.9716751348534,250,False,0.2751401788875054,6.586876271159798,40.0,False
ood_compound,A5_hocbf_train_seed_0,50078,-576.1676747078149,250,False,2.445900004182095,5.421308269936702,40.0,False
ood_compound,A5_hocbf_train_seed_0,50079,-432.65057497991586,250,False,0.8092650030377151,6.200773653317645,40.0,False
ood_compound,A5_hocbf_train_seed_0,50080,-196.58203583412546,250,False,0.12038364003456162,7.7213123134965915,40.0,False
ood_compound,A5_hocbf_train_seed_0,50081,-179.64585099819672,250,False,0.32400333241763946,4.665213266910565,40.0,False
ood_compound,A5_hocbf_train_seed_0,50082,-87.7862007133238,110,True,0.04844400860271172,2.8919069378438724,40.0,False
ood_compound,A5_hocbf_train_seed_0,50083,-183.28963952870217,250,False,0.1828100444552896,6.996991109707133,40.0,False
ood_compound,A5_hocbf_train_seed_0,50084,-629.7858494512997,250,False,2.42780254084103,2.0901883940675137,38.04014587402344,False
ood_compound,A5_hocbf_train_seed_0,50085,-271.3617492550862,250,False,0.5105496068692301,4.497596714918785,40.0,False
ood_compound,A5_hocbf_train_seed_0,50086,-307.14231894172764,250,False,0.5398178464135089,10.235467919413365,40.0,False
ood_compound,A5_hocbf_train_seed_0,50087,-335.005511609716,250,False,0.05865834635882996,1.5025473200752415,40.0,False
ood_compound,A5_hocbf_train_seed_0,50088,-382.77394156755827,250,False,1.2171828740291004,3.5164599645363173,40.0,False
ood_compound,A5_hocbf_train_seed_0,50089,-180.1279203862436,250,False,0.4043620314973972,5.966666538657154,40.0,False
ood_compound,A5_hocbf_train_seed_0,50090,-425.577167815402,250,False,0.21238787967186348,4.085241174132416,40.0,False
ood_compound,A5_hocbf_train_seed_0,50091,-285.0585531316345,250,False,0.49232152906570564,6.00953287303454,40.0,False
ood_compound,A5_hocbf_train_seed_0,50092,-345.4691943260992,250,False,1.1166489215466129,6.456148285274218,40.0,False
ood_compound,A5_hocbf_train_seed_0,50093,-454.9951426880965,250,False,1.2259916828363597,10.010814134981029,40.0,False
ood_compound,A5_hocbf_train_seed_0,50094,-161.05110617425117,250,False,0.17144942289586537,1.6335989349917843,40.0,False
ood_compound,A5_hocbf_train_seed_0,50095,-244.4036437831757,250,False,0.09280879728176986,2.258349313225168,40.0,False
ood_compound,A5_hocbf_train_seed_0,50096,-462.5277004230957,250,False,0.4365166753009728,3.083309642844034,40.0,False
ood_compound,A5_hocbf_train_seed_0,50097,-329.6539904772216,250,False,1.1664020266132433,8.053053694007447,40.0,False
ood_compound,A5_hocbf_train_seed_0,50098,-132.89506243402565,51,False,1.6947228319874121,10.725317109014998,40.0,False
ood_compound,A5_hocbf_train_seed_0,50099,-365.2027029578394,250,False,1.356984174569582,9.703151828942504,40.0,False
ood_compound,A6_prefilter_train_seed_0,50000,-360.5194856690043,250,False,1.1678272180006057,9.886091736495569,40.0,False
ood_compound,A6_prefilter_train_seed_0,50001,-259.012226606875,250,False,0.4353399961537642,15.420862790005163,40.0,False
ood_compound,A6_prefilter_train_seed_0,50002,-357.21613869116396,250,False,1.1196405325304613,6.9794686155971,40.0,False
ood_compound,A6_prefilter_train_seed_0,50003,-629.0967277332501,250,False,1.3255564082935936,30.56133348976853,40.0,False
ood_compound,A6_prefilter_train_seed_0,50004,-346.3890077817464,250,False,1.190636039322917,5.715608734202589,40.0,False
ood_compound,A6_prefilter_train_seed_0,50005,-277.6799525106483,250,False,0.6166192693387338,11.377391213101575,40.0,False
ood_compound,A6_prefilter_train_seed_0,50006,-214.69774953774464,250,False,0.49215654217076316,6.148445664669432,40.0,False
ood_compound,A6_prefilter_train_seed_0,50007,-366.26809135365653,250,False,0.9100943247068022,9.068848675127542,40.0,False
ood_compound,A6_prefilter_train_seed_0,50008,-311.3106895101801,250,False,0.9632531015758335,8.441175755578215,40.0,False
ood_compound,A6_prefilter_train_seed_0,50009,-183.60444653129628,250,False,0.45072642155237846,8.72723033918933,40.0,False
ood_compound,A6_prefilter_train_seed_0,50010,-236.71335159509363,250,False,0.664009666547508,8.818225917086133,40.0,False
ood_compound,A6_prefilter_train_seed_0,50011,-275.8337785282044,250,False,0.8009084821738215,8.130732331291787,40.0,False
ood_compound,A6_prefilter_train_seed_0,50012,-272.47184600598183,250,False,0.8045036435541832,8.83080522105735,40.0,False
ood_compound,A6_prefilter_train_seed_0,50013,-375.1076418739902,250,False,1.1619148207012409,8.063588454131295,40.0,False
ood_compound,A6_prefilter_train_seed_0,50014,-379.38505890671394,250,False,1.0086512584852179,16.327409700192312,40.0,False
ood_compound,A6_prefilter_train_seed_0,50015,-372.44349158541127,250,False,1.1059997159961883,9.888800634131117,40.0,False
ood_compound,A6_prefilter_train_seed_0,50016,-305.03879306152,250,False,1.0175840567492176,9.19747157709063,40.0,False
ood_compound,A6_prefilter_train_seed_0,50017,-315.3804031258462,250,False,0.9811737065751408,7.689345604459121,40.0,False
ood_compound,A6_prefilter_train_seed_0,50018,-226.4171272195855,250,False,0.32472329883337925,8.54233155493732,40.0,False
ood_compound,A6_prefilter_train_seed_0,50019,-275.2317582747407,250,False,0.6008634302377541,10.315082256383487,40.0,False
ood_compound,A6_prefilter_train_seed_0,50020,-408.7869210947439,250,False,1.044428700958493,6.808179510097936,40.0,False
ood_compound,A6_prefilter_train_seed_0,50021,-402.8188408102163,250,False,1.27839097993694,6.458757992888842,40.0,False
ood_compound,A6_prefilter_train_seed_0,50022,-348.7296154357838,250,False,0.9291586489416599,9.628888912221086,40.0,False
ood_compound,A6_prefilter_train_seed_0,50023,-246.96383295814414,250,False,0.46371588911911743,14.196779299373645,40.0,False
ood_compound,A6_prefilter_train_seed_0,50024,-318.65162383907096,250,False,0.8897387907257033,7.380378135571973,40.0,False
ood_compound,A6_prefilter_train_seed_0,50025,-292.11225272718514,250,False,0.5844151656541902,21.77454520077499,40.0,False
ood_compound,A6_prefilter_train_seed_0,50026,-401.897851704215,250,False,1.46188736396513,6.766540776236673,40.0,False
ood_compound,A6_prefilter_train_seed_0,50027,-283.1149325149075,250,False,0.697134462182852,10.214143986661343,40.0,False
ood_compound,A6_prefilter_train_seed_0,50028,-376.9302692573336,250,False,1.0070396890726394,13.472615266949182,40.0,False
ood_compound,A6_prefilter_train_seed_0,50029,-274.789122857967,250,False,0.43816020651607185,11.246457524717908,40.0,False
ood_compound,A6_prefilter_train_seed_0,50030,-213.20890273322334,250,False,0.4500979157335837,11.714086607497602,40.0,False
ood_compound,A6_prefilter_train_seed_0,50031,-212.4319329858112,250,False,0.29818872123839973,15.007236918878554,40.0,False
ood_compound,A6_prefilter_train_seed_0,50032,-310.8032823302266,250,False,0.9300510283968993,9.336870049702114,40.0,False
ood_compound,A6_prefilter_train_seed_0,50033,-384.2320529295567,250,False,0.898800245235068,4.34699416279084,40.0,False
ood_compound,A6_prefilter_train_seed_0,50034,-427.771796994777,250,False,1.3507641096690008,4.973517609113532,40.0,False
ood_compound,A6_prefilter_train_seed_0,50035,-416.1702305612081,250,False,1.40268015645016,4.3030904458683334,40.0,False
ood_compound,A6_prefilter_train_seed_0,50036,-470.92959145939955,250,False,1.4862243517169431,3.713127410910131,40.0,False
ood_compound,A6_prefilter_train_seed_0,50037,-334.65701111741384,250,False,1.1321190520746147,9.31401665553738,40.0,False
ood_compound,A6_prefilter_train_seed_0,50038,-306.878412404256,250,False,0.7550506138804135,16.51104566395522,40.0,False
ood_compound,A6_prefilter_train_seed_0,50039,-379.79933328510555,250,False,1.303142284944034,3.164488082041451,40.0,False
ood_compound,A6_prefilter_train_seed_0,50040,-268.8257397287113,250,False,0.7772587644311245,8.94349226122795,40.0,False
ood_compound,A6_prefilter_train_seed_0,50041,-321.9115362652338,250,False,1.00409312800752,9.4304679019091,40.0,False
ood_compound,A6_prefilter_train_seed_0,50042,-311.9913355583322,250,False,0.9953425647161076,5.09993647068942,40.0,False
ood_compound,A6_prefilter_train_seed_0,50043,-302.0827740411465,250,False,0.9781270067595054,3.5750335256312047,40.0,False
ood_compound,A6_prefilter_train_seed_0,50044,-371.9921839148358,250,False,1.2524675391654627,10.104273039515752,40.0,False
ood_compound,A6_prefilter_train_seed_0,50045,-288.7814323661432,250,False,0.6147766286593953,8.291772611729254,40.0,False
ood_compound,A6_prefilter_train_seed_0,50046,-250.99951768409574,250,False,0.6107206990277708,9.64980982389426,40.0,False
ood_compound,A6_prefilter_train_seed_0,50047,-493.555146809434,250,False,1.675834699560506,5.317538490090939,40.0,False
ood_compound,A6_prefilter_train_seed_0,50048,-231.57282262835236,250,False,0.5786442864457021,12.267359332797067,40.0,False
ood_compound,A6_prefilter_train_seed_0,50049,-333.87818791002314,250,False,0.7539843536980875,10.696626820902644,40.0,False
ood_compound,A6_prefilter_train_seed_0,50050,-314.66536830738676,250,False,0.6938236209192765,21.748729338994337,40.0,False
ood_compound,A6_prefilter_train_seed_0,50051,-215.83682958014253,250,False,0.35696268667298064,12.170500820396969,40.0,False
ood_compound,A6_prefilter_train_seed_0,50052,-422.46019706889354,250,False,0.7084675845784197,19.77791933239349,40.0,False
ood_compound,A6_prefilter_train_seed_0,50053,-325.28651483399386,250,False,1.1104627642138634,7.70432174756243,40.0,False
ood_compound,A6_prefilter_train_seed_0,50054,-282.0278509190783,250,False,0.5699695356920746,19.797183832060973,40.0,False
ood_compound,A6_prefilter_train_seed_0,50055,-316.53975610953444,250,False,0.8920279554945966,8.93194530448127,40.0,False
ood_compound,A6_prefilter_train_seed_0,50056,-229.7123485548508,250,False,0.6468910672329055,2.0592547059124806,39.78004837036133,False
ood_compound,A6_prefilter_train_seed_0,50057,-458.8756363706909,250,False,1.6129642901827483,7.369711368307888,40.0,False
ood_compound,A6_prefilter_train_seed_0,50058,-271.6988172139712,250,False,0.39606181623387704,11.904173651989483,40.0,False
ood_compound,A6_prefilter_train_seed_0,50059,-328.5972915537955,250,False,1.0214954439365853,3.615999556156881,40.0,False
ood_compound,A6_prefilter_train_seed_0,50060,-328.4173083295012,250,False,0.687032840800674,9.572995426905173,40.0,False
ood_compound,A6_prefilter_train_seed_0,50061,-341.23028918193876,250,False,0.9107229585181209,4.7864313920737045,40.0,False
ood_compound,A6_prefilter_train_seed_0,50062,-273.2145378302857,250,False,0.5658200315437,18.698658208994527,40.0,False
ood_compound,A6_prefilter_train_seed_0,50063,-454.7754372651918,250,False,1.038104158468412,6.347487872659018,40.0,False
ood_compound,A6_prefilter_train_seed_0,50064,-354.29286356763004,250,False,1.1946651564016326,5.460458772792677,40.0,False
ood_compound,A6_prefilter_train_seed_0,50065,-252.8255344799638,250,False,0.7752916261462022,4.549964324741156,40.0,False
ood_compound,A6_prefilter_train_seed_0,50066,-280.675990566414,250,False,0.5379943097891432,7.1003644986696255,40.0,False
ood_compound,A6_prefilter_train_seed_0,50067,-386.7853062124278,250,False,1.114485848767084,4.435245615973801,40.0,False
ood_compound,A6_prefilter_train_seed_0,50068,-258.23592816336145,250,False,0.7678960864040808,3.4126358517035595,38.16153335571289,False
ood_compound,A6_prefilter_train_seed_0,50069,-325.5917651411695,250,False,0.9581581450565454,12.571581317009283,40.0,False
ood_compound,A6_prefilter_train_seed_0,50070,-331.2873849952528,250,False,1.032660466085571,6.497503496009201,40.0,False
ood_compound,A6_prefilter_train_seed_0,50071,-302.8682657288958,250,False,1.3101760307637007,5.25400572862367,40.0,False
ood_compound,A6_prefilter_train_seed_0,50072,-201.34001984119908,250,False,0.24321937202943678,14.486611072508381,40.0,False
ood_compound,A6_prefilter_train_seed_0,50073,-315.1459262973525,250,False,0.6968006752339099,17.613653745520114,40.0,False
ood_compound,A6_prefilter_train_seed_0,50074,-404.31787985120656,250,False,1.3675320579359034,3.7279345109253654,40.0,False
ood_compound,A6_prefilter_train_seed_0,50075,-413.7837178732024,250,False,1.2505748462929078,4.355938461484519,40.0,False
ood_compound,A6_prefilter_train_seed_0,50076,-384.16189905990404,250,False,0.7903290827844294,10.508083421469113,40.0,False
ood_compound,A6_prefilter_train_seed_0,50077,-253.29112295728976,250,False,0.754539027178519,8.14994945457575,40.0,False
ood_compound,A6_prefilter_train_seed_0,50078,-498.0508846963736,250,False,1.2565920423153536,3.1828902147992233,40.0,False
ood_compound,A6_prefilter_train_seed_0,50079,-355.25557570397154,250,False,0.44421059736461077,13.299307422801224,40.0,False
ood_compound,A6_prefilter_train_seed_0,50080,-262.5191149043559,250,False,0.5046108412903972,18.21770023656624,40.0,False
ood_compound,A6_prefilter_train_seed_0,50081,-240.00626750700397,250,False,0.6913819819068716,9.709801128428694,40.0,False
ood_compound,A6_prefilter_train_seed_0,50082,-228.6134218599,250,False,0.7218504385825129,7.805096390459312,40.0,False
ood_compound,A6_prefilter_train_seed_0,50083,-178.76999496212667,250,False,0.12386868928095901,15.530933744508339,40.0,False
ood_compound,A6_prefilter_train_seed_0,50084,-254.0094799243785,250,False,1.2831738199164753,5.045755910586058,40.0,False
ood_compound,A6_prefilter_train_seed_0,50085,-265.8050086454361,250,False,0.4236999568997807,20.66187714965882,40.0,False
ood_compound,A6_prefilter_train_seed_0,50086,-154.06904648268903,250,False,0.23604859947041779,10.7252519722136,40.0,False
ood_compound,A6_prefilter_train_seed_0,50087,-260.16800564689885,250,False,0.769353943823364,3.41753960262742,40.0,False
ood_compound,A6_prefilter_train_seed_0,50088,-336.71404048173963,250,False,0.6596719443978394,15.85948869090104,40.0,False
ood_compound,A6_prefilter_train_seed_0,50089,-236.84216012608172,250,False,0.7226659167191201,10.589389657752886,40.0,False
ood_compound,A6_prefilter_train_seed_0,50090,-296.93242482427576,250,False,0.5559110808066399,9.79213348772416,40.0,False
ood_compound,A6_prefilter_train_seed_0,50091,-252.18205357262372,250,False,0.24350180292291226,11.667072239601337,40.0,False
ood_compound,A6_prefilter_train_seed_0,50092,-344.22880284039314,250,False,1.0562199060595323,4.932680696555061,40.0,False
ood_compound,A6_prefilter_train_seed_0,50093,-398.71967439850187,250,False,1.100483507691319,10.700189289378093,40.0,False
ood_compound,A6_prefilter_train_seed_0,50094,-294.1321433096827,250,False,0.7955662622471776,3.995222264246021,40.0,False
ood_compound,A6_prefilter_train_seed_0,50095,-244.84432982127046,250,False,1.0327023016756502,4.772544944639951,40.0,False
ood_compound,A6_prefilter_train_seed_0,50096,-392.7180110150391,250,False,1.1342016300673212,10.206365449350692,40.0,False
ood_compound,A6_prefilter_train_seed_0,50097,-334.60630018055286,250,False,1.1347016733235469,7.806002544520779,40.0,False
ood_compound,A6_prefilter_train_seed_0,50098,-180.72743048319927,250,False,0.26308400999602266,9.186582677216942,40.0,False
ood_compound,A6_prefilter_train_seed_0,50099,-372.0947210160198,250,False,1.323249355050976,7.07790168637071,40.0,False
ood_compound,A6_hocbf_train_seed_0,50000,-373.66613625802444,250,False,1.167899741252456,5.113852105740344,40.0,False
ood_compound,A6_hocbf_train_seed_0,50001,-245.37887310098927,250,False,0.43300237202621356,4.87684520002327,40.0,False
ood_compound,A6_hocbf_train_seed_0,50002,-454.42169379360723,250,False,1.564444487865414,6.597940110959752,40.0,False
ood_compound,A6_hocbf_train_seed_0,50003,-204.25250714421153,58,False,3.197239451353686,10.677267475185154,40.0,False
ood_compound,A6_hocbf_train_seed_0,50004,-513.2183605874386,250,False,1.034772284501864,5.281253711247901,40.0,False
ood_compound,A6_hocbf_train_seed_0,50005,-262.52293482933567,250,False,0.6190407524196688,4.414216208369767,40.0,False
ood_compound,A6_hocbf_train_seed_0,50006,-295.51862090593124,250,False,0.4677966548374827,2.6802726864786406,40.0,False
ood_compound,A6_hocbf_train_seed_0,50007,-177.1503478392981,60,False,2.9594669273521292,10.40492772708821,40.0,False
ood_compound,A6_hocbf_train_seed_0,50008,-327.8604750132241,250,False,0.9979738369776097,7.947077979135619,40.0,False
ood_compound,A6_hocbf_train_seed_0,50009,-430.78728663782675,250,False,0.40377872463668385,2.8626487445305644,40.0,False
ood_compound,A6_hocbf_train_seed_0,50010,-325.9859083738006,250,False,0.6634635865326514,3.2807226726910104,40.0,False
ood_compound,A6_hocbf_train_seed_0,50011,-271.4256949784999,250,False,0.800666975321541,5.5457637590190885,40.0,False
ood_compound,A6_hocbf_train_seed_0,50012,-225.17401634512836,250,False,0.14266735053768273,1.8677791119265383,40.0,False
ood_compound,A6_hocbf_train_seed_0,50013,-962.1734482386931,250,False,3.3846326051794886,2.337328496348984,40.0,False
ood_compound,A6_hocbf_train_seed_0,50014,-326.70328891613684,250,False,1.0178440166263052,4.790768661592476,40.0,False
ood_compound,A6_hocbf_train_seed_0,50015,-439.80138621408724,250,False,1.0777167383240494,3.553394937403537,40.0,False
ood_compound,A6_hocbf_train_seed_0,50016,-521.0154744338789,250,False,1.1457071164658073,1.6015451471172646,40.0,False
ood_compound,A6_hocbf_train_seed_0,50017,-323.6507879430919,250,False,1.0452139382193573,7.176194194309485,40.0,False
ood_compound,A6_hocbf_train_seed_0,50018,-532.3940568659738,250,False,0.8570398354705516,5.443737289857232,40.0,False
ood_compound,A6_hocbf_train_seed_0,50019,-798.0028316089384,250,False,2.800328903599488,0.9738879933564872,40.0,False
ood_compound,A6_hocbf_train_seed_0,50020,-399.7136547811903,250,False,1.1551705156483747,1.981123015867841,40.0,False
ood_compound,A6_hocbf_train_seed_0,50021,-423.11450869553994,250,False,1.3045178577885284,1.8123258114963687,40.0,False
ood_compound,A6_hocbf_train_seed_0,50022,-386.1459800706418,250,False,0.9326561603163439,3.3077073736121174,40.0,False
ood_compound,A6_hocbf_train_seed_0,50023,-241.78781035131362,250,False,0.46332128800570843,6.329761048793764,40.0,False
ood_compound,A6_hocbf_train_seed_0,50024,-321.511620342076,250,False,0.890880351561184,3.097091661574609,40.0,False
ood_compound,A6_hocbf_train_seed_0,50025,-244.51924377898598,250,False,0.5827712221015522,8.766006882923763,40.0,False
ood_compound,A6_hocbf_train_seed_0,50026,-402.7331124945665,250,False,1.4800655229285,7.3184630608668995,40.0,False
ood_compound,A6_hocbf_train_seed_0,50027,-269.32769038472776,250,False,0.6973098712405543,6.307349127979812,40.0,False
ood_compound,A6_hocbf_train_seed_0,50028,-411.5270981811762,250,False,0.9778918885153302,5.811036793852286,40.0,False
ood_compound,A6_hocbf_train_seed_0,50029,-718.6022893694502,250,False,1.816080524380974,2.6713072500415236,40.0,False
ood_compound,A6_hocbf_train_seed_0,50030,-212.46178425065253,250,False,0.4527072278343916,8.039225142573596,40.0,False
ood_compound,A6_hocbf_train_seed_0,50031,-237.62785347770986,250,False,0.3013897236402323,6.158539339902758,40.0,False
ood_compound,A6_hocbf_train_seed_0,50032,-367.854676276415,250,False,0.9429927974012583,2.6735549472374456,40.0,False
ood_compound,A6_hocbf_train_seed_0,50033,-426.1948620756841,250,False,1.3621748777627103,1.6129819771716547,40.0,False
ood_compound,A6_hocbf_train_seed_0,50034,-484.2822495545592,250,False,1.631612044855492,4.539125970206294,40.0,False
ood_compound,A6_hocbf_train_seed_0,50035,-425.89527044129414,250,False,1.4158851409994455,5.360977603556208,40.0,False
ood_compound,A6_hocbf_train_seed_0,50036,-586.2113447954398,250,False,2.3086274935165796,1.436389036542146,40.0,False
ood_compound,A6_hocbf_train_seed_0,50037,-609.4999170397243,250,False,2.2683327048743487,0.9963292243622331,40.0,False
ood_compound,A6_hocbf_train_seed_0,50038,-303.9653082625538,250,False,0.7632232788241171,6.9027979861612065,40.0,False
ood_compound,A6_hocbf_train_seed_0,50039,-502.3811385316923,250,False,1.8534663475666204,1.9797308557744644,40.0,False
ood_compound,A6_hocbf_train_seed_0,50040,-260.3217861558158,250,False,0.777266415211102,6.570772094145732,40.0,False
ood_compound,A6_hocbf_train_seed_0,50041,-380.40569287064164,250,False,0.9802138465013198,2.9860210610134024,40.0,False
ood_compound,A6_hocbf_train_seed_0,50042,-331.44624326544533,250,False,1.0447919634790557,3.9908237937395907,40.0,False
ood_compound,A6_hocbf_train_seed_0,50043,-339.3638940004137,250,False,1.018042243691165,1.2612857290503048,40.0,False
ood_compound,A6_hocbf_train_seed_0,50044,-678.1234502771074,250,False,2.342238310206379,0.8282347082284894,40.0,False
ood_compound,A6_hocbf_train_seed_0,50045,-331.4064389465009,250,False,0.8423870449186127,3.2830753837810627,40.0,False
ood_compound,A6_hocbf_train_seed_0,50046,-303.6916815195115,250,False,0.6083654335846314,3.1113145004668974,40.0,False
ood_compound,A6_hocbf_train_seed_0,50047,-508.2457367646638,250,False,1.8149105684379505,4.179997613058948,40.0,False
ood_compound,A6_hocbf_train_seed_0,50048,-220.29869427350994,250,False,0.577765794919943,7.19831367483159,40.0,False
ood_compound,A6_hocbf_train_seed_0,50049,-653.3835583373997,250,False,0.9032576398646198,4.699592281488754,40.0,False
ood_compound,A6_hocbf_train_seed_0,50050,-305.76562114228744,250,False,0.7036362608182446,5.4648613413717815,40.0,False
ood_compound,A6_hocbf_train_seed_0,50051,-269.14872856963984,250,False,0.6432096120336491,5.218698581475019,40.0,False
ood_compound,A6_hocbf_train_seed_0,50052,-376.58848712733214,250,False,0.6985734946371847,6.0689349852132635,40.0,False
ood_compound,A6_hocbf_train_seed_0,50053,-369.12983564428237,250,False,1.1218698983084638,2.0002946860816833,40.0,False
ood_compound,A6_hocbf_train_seed_0,50054,-247.3705601636274,250,False,0.5753650581705292,3.847362796354457,40.0,False
ood_compound,A6_hocbf_train_seed_0,50055,-362.91220748965566,250,False,0.9233031804554864,2.3357168141315854,40.0,False
ood_compound,A6_hocbf_train_seed_0,50056,-229.7123485548508,250,False,0.6468910672329055,2.0592547059124806,39.78004837036133,False
ood_compound,A6_hocbf_train_seed_0,50057,-581.9882728636783,250,False,1.5496765909154406,2.321119917647145,40.0,False
ood_compound,A6_hocbf_train_seed_0,50058,-344.35041986923005,250,False,0.40620000390296307,4.041668795861803,40.0,False
ood_compound,A6_hocbf_train_seed_0,50059,-372.5768031010879,250,False,1.1188378999780573,3.3731951278436076,40.0,False
ood_compound,A6_hocbf_train_seed_0,50060,-904.5602101639929,250,False,3.208210545127019,0.7564219043565816,40.0,False
ood_compound,A6_hocbf_train_seed_0,50061,-354.9307059724673,250,False,0.8595190528508334,3.0581785298457635,40.0,False
ood_compound,A6_hocbf_train_seed_0,50062,-247.897642011941,250,False,0.5703342451105518,8.593194558460771,40.0,False
ood_compound,A6_hocbf_train_seed_0,50063,-504.4007156063171,250,False,2.219148285587073,1.709758251273337,40.0,False
ood_compound,A6_hocbf_train_seed_0,50064,-594.3727961484989,250,False,2.0204181669399217,2.863508476892779,40.0,False
ood_compound,A6_hocbf_train_seed_0,50065,-267.541869158487,250,False,0.7727151015670496,4.4163916586841925,40.0,False
ood_compound,A6_hocbf_train_seed_0,50066,-752.006283850153,250,False,2.60816562105642,1.3439471624635615,40.0,False
ood_compound,A6_hocbf_train_seed_0,50067,-419.97778649201507,250,False,1.1454132417014704,4.104732703638804,40.0,False
ood_compound,A6_hocbf_train_seed_0,50068,-263.98801192099995,250,False,0.7683840175223042,3.1616981416104504,38.868019104003906,False
ood_compound,A6_hocbf_train_seed_0,50069,-387.37862472244376,250,False,0.9864094998005912,3.8379561454906597,40.0,False
ood_compound,A6_hocbf_train_seed_0,50070,-325.4007830892415,250,False,1.034423409812529,4.308325502694231,40.0,False
ood_compound,A6_hocbf_train_seed_0,50071,-642.9519865784277,250,False,2.245980245571668,1.367385085558088,40.0,False
ood_compound,A6_hocbf_train_seed_0,50072,-235.39430424350377,250,False,0.3800511774789127,4.685585836986163,40.0,False
ood_compound,A6_hocbf_train_seed_0,50073,-304.0736782330238,250,False,0.7023995939824823,6.279244641484062,40.0,False
ood_compound,A6_hocbf_train_seed_0,50074,-406.32041696090573,250,False,1.3707021134385382,3.5608415150232005,40.0,False
ood_compound,A6_hocbf_train_seed_0,50075,-428.4071144841842,250,False,1.180366461006415,4.34863487780264,40.0,False
ood_compound,A6_hocbf_train_seed_0,50076,-108.09685263131081,32,False,2.4228247541520966,10.627686229660231,40.0,False
ood_compound,A6_hocbf_train_seed_0,50077,-256.886651054755,250,False,0.7557336836098797,6.503910515247169,40.0,False
ood_compound,A6_hocbf_train_seed_0,50078,-572.2993580067715,250,False,2.389664075448648,5.148848462169963,40.0,False
ood_compound,A6_hocbf_train_seed_0,50079,-435.71046840421235,250,False,0.8114177719926575,5.003779926085645,40.0,False
ood_compound,A6_hocbf_train_seed_0,50080,-261.38761542621893,250,False,0.508065699285729,7.606719539557835,40.0,False
ood_compound,A6_hocbf_train_seed_0,50081,-235.56559055698182,250,False,0.6922258161091852,4.35913295095374,40.0,False
ood_compound,A6_hocbf_train_seed_0,50082,-221.64439045669167,250,False,0.7154435431003195,2.8753698066407862,40.0,False
ood_compound,A6_hocbf_train_seed_0,50083,-191.02653865761076,250,False,0.15519564872031352,6.704780132666231,40.0,False
ood_compound,A6_hocbf_train_seed_0,50084,-601.2592478184828,250,False,1.7981299801974744,2.4924278681718968,40.0,False
ood_compound,A6_hocbf_train_seed_0,50085,-278.7504601496816,250,False,0.5054629956698272,5.5289260460050365,40.0,False
ood_compound,A6_hocbf_train_seed_0,50086,-370.39326241553164,250,False,0.5544898450453093,10.022003246158757,40.0,False
ood_compound,A6_hocbf_train_seed_0,50087,-369.0813994537996,250,False,0.7426245662079262,1.781716883813198,40.0,False
ood_compound,A6_hocbf_train_seed_0,50088,-388.292054424657,250,False,1.2029300734239412,4.393407880549331,40.0,False
ood_compound,A6_hocbf_train_seed_0,50089,-229.92658395546823,250,False,0.7229714994024007,5.566742297426997,40.0,False
ood_compound,A6_hocbf_train_seed_0,50090,-429.67301007540084,250,False,0.5237058476826775,4.085241174132416,40.0,False
ood_compound,A6_hocbf_train_seed_0,50091,-301.663076861674,250,False,0.49408237639400354,6.0623700632131,40.0,False
ood_compound,A6_hocbf_train_seed_0,50092,-349.55275543337973,250,False,1.069663977441615,6.181457362063381,40.0,False
ood_compound,A6_hocbf_train_seed_0,50093,-460.44747668786044,250,False,1.2266866332383635,10.32858452765188,40.0,False
ood_compound,A6_hocbf_train_seed_0,50094,-316.8541034803077,250,False,0.8621864688947096,1.6169989739950963,40.0,False
ood_compound,A6_hocbf_train_seed_0,50095,-231.21287496771794,250,False,1.1226076006982422,2.1416329169724047,40.0,False
ood_compound,A6_hocbf_train_seed_0,50096,-526.0149843981857,250,False,1.0992585304312574,3.083309642844034,40.0,False
ood_compound,A6_hocbf_train_seed_0,50097,-329.2312503940184,250,False,1.1471217839801677,7.709978858808461,40.0,False
ood_compound,A6_hocbf_train_seed_0,50098,-132.79773864782382,50,False,1.7350998383999288,10.49485168274801,40.0,False
ood_compound,A6_hocbf_train_seed_0,50099,-365.2493543172931,250,False,1.3643447491554879,9.410368967192257,40.0,False
motor_fault,A2_unfiltered_train_seed_0,50000,-288.5474096200155,250,False,1.067302830856335,5.545424013533695,40.0,True
motor_fault,A2_unfiltered_train_seed_0,50001,-162.2624606310625,250,False,0.22880780656042063,8.531704016527728,40.0,True
motor_fault,A2_unfiltered_train_seed_0,50002,-105.83802133965591,250,False,0.29579135970442083,10.047753622771033,40.0,True
motor_fault,A2_unfiltered_train_seed_0,50003,-254.47630409347173,250,False,0.5862437589672859,11.297937467013346,40.0,True
motor_fault,A2_unfiltered_train_seed_0,50004,-148.7284842178398,250,False,0.39476959730120925,10.394144596119027,40.0,True
motor_fault,A2_unfiltered_train_seed_0,50005,-109.14988497280437,250,False,0.07396938512891323,12.695084356218498,40.0,True
motor_fault,A2_unfiltered_train_seed_0,50006,-52.616934426007546,96,True,0.03131863103302172,6.58580754523988,40.0,True
motor_fault,A2_unfiltered_train_seed_0,50007,-275.07496032546334,250,False,0.6269078011315805,10.44767452371506,40.0,True
motor_fault,A2_unfiltered_train_seed_0,50008,-191.82775015707745,250,False,0.3883809165889143,6.716417070760554,40.0,True
motor_fault,A2_unfiltered_train_seed_0,50009,-148.6696129649289,250,False,0.3101370621752243,8.846715408151343,40.0,True
motor_fault,A2_unfiltered_train_seed_0,50010,-57.3407220699646,74,True,0.04920291753584159,11.564193311729838,40.0,True
motor_fault,A2_unfiltered_train_seed_0,50011,-174.34112982545452,250,False,0.5338880495584966,2.301060819967414,38.737056732177734,True
motor_fault,A2_unfiltered_train_seed_0,50012,-68.74699552898846,250,False,0.10111305676653665,9.149148822473588,40.0,True
motor_fault,A2_unfiltered_train_seed_0,50013,-263.61642929743124,250,False,0.7269740858449428,9.175688843615923,40.0,True
motor_fault,A2_unfiltered_train_seed_0,50014,-310.8195146144927,250,False,0.6592982509602143,20.64165423496611,40.0,True
motor_fault,A2_unfiltered_train_seed_0,50015,-294.5562620549841,250,False,0.8411471882160322,11.784814612315902,40.0,True
motor_fault,A2_unfiltered_train_seed_0,50016,-296.5028303959149,250,False,1.0649656490526664,9.164436572610022,40.0,True
motor_fault,A2_unfiltered_train_seed_0,50017,-150.3743215724631,250,False,0.3016727516836217,6.530272134197953,40.0,True
motor_fault,A2_unfiltered_train_seed_0,50018,-93.94232363702585,81,True,0.026353496099945212,12.189630741511339,40.0,True
motor_fault,A2_unfiltered_train_seed_0,50019,-225.3983079973066,250,False,0.6179239474811056,10.447366805119321,40.0,True
motor_fault,A2_unfiltered_train_seed_0,50020,-275.23143237704244,250,False,0.9812638371427963,1.677095804138629,40.0,True
motor_fault,A2_unfiltered_train_seed_0,50021,-11.84108562455218,32,True,0.038420060121137245,5.167251976391657,30.64283561706543,True
motor_fault,A2_unfiltered_train_seed_0,50022,-167.9653282437009,250,False,0.3405855053539228,11.310636518459114,40.0,True
motor_fault,A2_unfiltered_train_seed_0,50023,-121.8746637704142,250,False,0.08090138457797177,7.82649926625406,40.0,True
motor_fault,A2_unfiltered_train_seed_0,50024,-71.45969368295535,250,False,0.1665595326477996,2.2816066906186747,30.66659927368164,True
motor_fault,A2_unfiltered_train_seed_0,50025,-159.7687953321671,250,False,0.29914174266975396,9.381038119706936,40.0,True
motor_fault,A2_unfiltered_train_seed_0,50026,-324.33323250740716,250,False,1.1582551888418786,7.782872561012208,40.0,True
motor_fault,A2_unfiltered_train_seed_0,50027,-67.56749730163192,250,False,0.07633260414668756,8.62582382272721,40.0,True
motor_fault,A2_unfiltered_train_seed_0,50028,-141.16429468119168,250,False,0.08871651549854166,15.086033641875378,40.0,True
motor_fault,A2_unfiltered_train_seed_0,50029,-164.18685337868396,250,False,0.32448348655533393,11.74122501773475,40.0,True
motor_fault,A2_unfiltered_train_seed_0,50030,-139.52553461823257,250,False,0.2199949558376042,7.392225821619063,40.0,True
motor_fault,A2_unfiltered_train_seed_0,50031,-78.64222353420269,71,True,0.0027904939619243546,12.133864357635668,40.0,True
motor_fault,A2_unfiltered_train_seed_0,50032,-141.35255998205193,250,False,0.28415677679987417,11.887132054132756,40.0,True
motor_fault,A2_unfiltered_train_seed_0,50033,-4.338969858565367,30,True,0.04934243058621598,4.448008554075077,23.932907104492188,True
motor_fault,A2_unfiltered_train_seed_0,50034,-27.622943540372994,54,True,0.04065586810214571,9.739136257931827,40.0,True
motor_fault,A2_unfiltered_train_seed_0,50035,-269.5304870847486,250,False,0.9022704710540611,6.805339699941534,40.0,True
motor_fault,A2_unfiltered_train_seed_0,50036,-326.3276988269574,250,False,0.4840123429843782,6.420149700507133,40.0,True
motor_fault,A2_unfiltered_train_seed_0,50037,-85.72587058167626,250,False,0.12283361416324559,9.197788602089263,40.0,True
motor_fault,A2_unfiltered_train_seed_0,50038,-220.80383124575968,250,False,0.3994577811700378,16.389130571734015,40.0,True
motor_fault,A2_unfiltered_train_seed_0,50039,-30.840846482241883,74,True,0.03548867342939883,5.186728959053147,39.83794403076172,True
motor_fault,A2_unfiltered_train_seed_0,50040,-97.0647737326754,250,False,0.13983328991720972,7.157455704055636,40.0,True
motor_fault,A2_unfiltered_train_seed_0,50041,-44.58603038319147,66,True,0.04933667310269973,11.676017499641594,40.0,True
motor_fault,A2_unfiltered_train_seed_0,50042,-34.10093663791971,41,True,0.047974776959771405,8.703594590549887,40.0,True
motor_fault,A2_unfiltered_train_seed_0,50043,-58.994926725261294,250,False,0.07884717280604919,4.188070748281244,40.0,True
motor_fault,A2_unfiltered_train_seed_0,50044,-97.91145386256332,250,False,0.11259218763938035,10.229017449342104,40.0,True
motor_fault,A2_unfiltered_train_seed_0,50045,-183.11390700987803,250,False,0.3999701955808096,9.638995111153575,40.0,True
motor_fault,A2_unfiltered_train_seed_0,50046,-56.38961398366327,105,True,0.04996004582055214,13.461156834147847,40.0,True
motor_fault,A2_unfiltered_train_seed_0,50047,-167.79362762036794,250,False,0.4334442855860742,4.26945006486376,40.0,True
motor_fault,A2_unfiltered_train_seed_0,50048,-113.36391862633566,250,False,0.20548857696363423,7.845966917298185,40.0,True
motor_fault,A2_unfiltered_train_seed_0,50049,-119.50705924944141,250,False,0.13373999212714643,12.769805710703675,40.0,True
motor_fault,A2_unfiltered_train_seed_0,50050,-194.12485083599708,250,False,0.2906211913828736,13.461247825014027,40.0,True
motor_fault,A2_unfiltered_train_seed_0,50051,-118.66319489885808,78,True,0.049100311956894634,14.871898662598095,40.0,True
motor_fault,A2_unfiltered_train_seed_0,50052,-191.80945079748003,250,False,0.1919263444317041,12.93622341585554,40.0,True
motor_fault,A2_unfiltered_train_seed_0,50053,-79.02219100128939,250,False,0.09342769378880643,8.538005175254032,40.0,True
motor_fault,A2_unfiltered_train_seed_0,50054,-157.05220539416638,250,False,0.22604194378876438,8.49142395562606,40.0,True
motor_fault,A2_unfiltered_train_seed_0,50055,-377.6617345694585,250,False,1.400458286912174,10.128207536692472,40.0,True
motor_fault,A2_unfiltered_train_seed_0,50056,-43.49945188747624,250,False,0.07375942365846358,4.9784556465056635,22.7324275970459,True
motor_fault,A2_unfiltered_train_seed_0,50057,-170.94757496570892,250,False,0.4659644968186782,6.288320834949877,40.0,True
motor_fault,A2_unfiltered_train_seed_0,50058,-183.60343519004212,250,False,0.39147695428592005,12.806155521818107,40.0,True
motor_fault,A2_unfiltered_train_seed_0,50059,-174.05592192107764,250,False,0.5674855171914923,6.984099557520707,40.0,True
motor_fault,A2_unfiltered_train_seed_0,50060,-128.80912769901758,250,False,0.09470479274557202,13.09983837933237,40.0,True
motor_fault,A2_unfiltered_train_seed_0,50061,-159.15209448898523,250,False,0.44250228158555815,2.028756568700958,40.0,True
motor_fault,A2_unfiltered_train_seed_0,50062,-189.39648067988756,250,False,0.1619690230444145,12.390745037699512,40.0,True
motor_fault,A2_unfiltered_train_seed_0,50063,-150.86173534936506,250,False,0.5226260662472253,4.440585575800778,33.705787658691406,True
motor_fault,A2_unfiltered_train_seed_0,50064,-20.882037595481826,36,True,0.045372504787460605,9.516860367966201,40.0,True
motor_fault,A2_unfiltered_train_seed_0,50065,-20.74669780768093,37,True,0.023931997782305457,6.4935073532995045,38.38026809692383,True
motor_fault,A2_unfiltered_train_seed_0,50066,-176.827816572827,250,False,0.6696033994871897,8.859765624507203,40.0,True
motor_fault,A2_unfiltered_train_seed_0,50067,-91.4932406360063,250,False,0.2450385990398859,7.238470288277222,38.0614128112793,True
motor_fault,A2_unfiltered_train_seed_0,50068,-15.318258794037762,36,True,0.04962851593357711,7.325425609099187,23.4700984954834,True
motor_fault,A2_unfiltered_train_seed_0,50069,-60.61215606855329,69,True,0.04827654177323732,14.134438046939529,40.0,True
motor_fault,A2_unfiltered_train_seed_0,50070,-228.894350958838,250,False,0.8651335657306208,6.316387212288577,29.17095184326172,True
motor_fault,A2_unfiltered_train_seed_0,50071,-50.618564679617464,250,False,0.06265031090197584,7.368789189515284,40.0,True
motor_fault,A2_unfiltered_train_seed_0,50072,-146.03722667632172,250,False,0.13703180484358876,11.893411652641403,40.0,True
motor_fault,A2_unfiltered_train_seed_0,50073,-233.60745892972295,250,False,0.35603087035778525,15.71271386047913,40.0,True
motor_fault,A2_unfiltered_train_seed_0,50074,-19.68863981053009,38,True,0.04954995073661576,6.7428464270996225,35.974361419677734,True
motor_fault,A2_unfiltered_train_seed_0,50075,-335.7021782793314,250,False,1.0592759659923205,7.523468106652947,40.0,True
motor_fault,A2_unfiltered_train_seed_0,50076,-164.10360857718788,250,False,0.12412948997904875,11.810717357554797,40.0,True
motor_fault,A2_unfiltered_train_seed_0,50077,-68.92781160841483,250,False,0.1000244315349589,12.314135698759388,40.0,True
motor_fault,A2_unfiltered_train_seed_0,50078,-31.01282121613812,78,True,0.028252134457933585,6.123670451340214,40.0,True
motor_fault,A2_unfiltered_train_seed_0,50079,-147.5099254591774,250,False,0.0690339242460126,12.691772859615059,40.0,True
motor_fault,A2_unfiltered_train_seed_0,50080,-125.39071456284543,76,True,0.04099002594374165,16.399426333113244,40.0,True
motor_fault,A2_unfiltered_train_seed_0,50081,-75.65038007267138,250,False,0.06699376777224494,7.1252688839280145,40.0,True
motor_fault,A2_unfiltered_train_seed_0,50082,-28.627189983062145,44,True,0.03548471880900662,14.60323722733303,40.0,True
motor_fault,A2_unfiltered_train_seed_0,50083,-78.14087208416886,69,True,0.02149630084032209,10.057531888969494,40.0,True
motor_fault,A2_unfiltered_train_seed_0,50084,-52.925067238264,250,False,0.06224759688885817,6.611351552025665,36.00772476196289,True
motor_fault,A2_unfiltered_train_seed_0,50085,-99.07053659603662,100,True,0.04913770440389094,12.942117269857563,40.0,True
motor_fault,A2_unfiltered_train_seed_0,50086,-93.5784169629692,250,False,0.08776611638958469,17.79987863912681,40.0,True
motor_fault,A2_unfiltered_train_seed_0,50087,-23.114048021769854,49,True,0.034703920684349306,6.564103929577942,40.0,True
motor_fault,A2_unfiltered_train_seed_0,50088,-150.75588662987568,250,False,0.12411226320600487,13.386776925181145,40.0,True
motor_fault,A2_unfiltered_train_seed_0,50089,-124.85263869646344,250,False,0.22283628721458876,7.820365739770525,40.0,True
motor_fault,A2_unfiltered_train_seed_0,50090,-222.33448370473909,250,False,0.24725295878503079,10.326069857391817,40.0,True
motor_fault,A2_unfiltered_train_seed_0,50091,-177.11649643210134,250,False,0.09236311709882183,9.196446742411128,40.0,True
motor_fault,A2_unfiltered_train_seed_0,50092,-285.3567400912549,250,False,0.9104746806786351,4.49006813459875,40.0,True
motor_fault,A2_unfiltered_train_seed_0,50093,-165.99527024184906,250,False,0.12040073145669429,11.715320359416134,40.0,True
motor_fault,A2_unfiltered_train_seed_0,50094,-78.83692508458665,250,False,0.08938359403724615,2.931184906192864,40.0,True
motor_fault,A2_unfiltered_train_seed_0,50095,-67.15685207183867,250,False,0.06564392449031806,6.8987720173740446,40.0,True
motor_fault,A2_unfiltered_train_seed_0,50096,-241.10790129793006,250,False,0.6748680745475748,10.153435777992998,40.0,True
motor_fault,A2_unfiltered_train_seed_0,50097,-290.2417905350049,250,False,0.9925219100959669,7.579433607822388,40.0,True
motor_fault,A2_unfiltered_train_seed_0,50098,-96.40113198531789,250,False,0.0821639153426242,13.882807529556862,40.0,True
motor_fault,A2_unfiltered_train_seed_0,50099,-287.8223616698049,250,False,0.9685501954602391,8.406877452925189,40.0,True
motor_fault,A5_hocbf_train_seed_0,50000,-299.59303805135534,250,False,1.067588570805328,6.634375908998251,40.0,True
motor_fault,A5_hocbf_train_seed_0,50001,-188.23036710601434,250,False,0.36805360271575893,4.9400030271284185,40.0,True
motor_fault,A5_hocbf_train_seed_0,50002,-508.0217134158971,250,False,1.4761593670640227,8.109472486355125,40.0,True
motor_fault,A5_hocbf_train_seed_0,50003,-319.45561723623484,250,False,0.5925047400767532,3.863631571352846,40.0,True
motor_fault,A5_hocbf_train_seed_0,50004,-379.2327947011567,250,False,1.3059485248249092,4.858896202408653,40.0,True
motor_fault,A5_hocbf_train_seed_0,50005,-162.66888492150372,250,False,0.17874975054007675,6.2465506930093255,40.0,True
motor_fault,A5_hocbf_train_seed_0,50006,-266.00866485899604,250,False,0.8632398502426585,3.0985705854477867,37.84194564819336,True
motor_fault,A5_hocbf_train_seed_0,50007,-253.11339555414983,250,False,0.6245578723109129,4.636435156420033,40.0,True
motor_fault,A5_hocbf_train_seed_0,50008,-261.52804343928517,250,False,0.7275102546707715,6.742032046196792,40.0,True
motor_fault,A5_hocbf_train_seed_0,50009,-405.8871181718921,250,False,0.8809773163181743,7.373248830668696,40.0,True
motor_fault,A5_hocbf_train_seed_0,50010,-81.42746830792227,88,True,0.047934915896623485,3.667985903448494,40.0,True
motor_fault,A5_hocbf_train_seed_0,50011,-197.1737177245528,250,False,0.611039938507344,4.701301361902333,36.860408782958984,True
motor_fault,A5_hocbf_train_seed_0,50012,-80.87535098886832,250,False,0.101113051244457,2.8189212235720142,36.227073669433594,True
motor_fault,A5_hocbf_train_seed_0,50013,-344.27967300073595,250,False,0.7402843286745336,5.5774648365570645,40.0,True
motor_fault,A5_hocbf_train_seed_0,50014,-294.7120645427109,250,False,1.0009277362947497,7.446516137215224,40.0,True
motor_fault,A5_hocbf_train_seed_0,50015,-273.3365583797146,250,False,0.7305171386667494,3.4281565916315397,40.0,True
motor_fault,A5_hocbf_train_seed_0,50016,-501.3745193525395,250,False,1.4309876045842602,6.2963859036974235,40.0,True
motor_fault,A5_hocbf_train_seed_0,50017,-222.57334770949132,250,False,0.5102585639268868,5.039465595721705,40.0,True
motor_fault,A5_hocbf_train_seed_0,50018,-185.96691439689212,56,False,1.9982454375834324,7.942075469985256,40.0,True
motor_fault,A5_hocbf_train_seed_0,50019,-361.73483386843384,250,False,0.9778045783296374,6.0198108138360755,40.0,True
motor_fault,A5_hocbf_train_seed_0,50020,-284.1528077352139,250,False,0.9807166431076398,1.5959238546689285,40.0,True
motor_fault,A5_hocbf_train_seed_0,50021,-94.06421427943529,250,False,0.14675777061221051,3.0788720916100103,28.722579956054688,True
motor_fault,A5_hocbf_train_seed_0,50022,-176.83739268622762,250,False,0.3413412690257088,3.914171275727201,40.0,True
motor_fault,A5_hocbf_train_seed_0,50023,-136.82171072829527,250,False,0.08090357479540021,6.131415810040635,40.0,True
motor_fault,A5_hocbf_train_seed_0,50024,-88.02571183826474,250,False,0.16642791637041626,2.2816066906186747,30.66659927368164,True
motor_fault,A5_hocbf_train_seed_0,50025,-184.57052833901304,250,False,0.39745016324158966,6.660105613044717,40.0,True
motor_fault,A5_hocbf_train_seed_0,50026,-408.90447840041696,250,False,1.4831091846082813,7.285463446164402,40.0,True
motor_fault,A5_hocbf_train_seed_0,50027,-37.940936806592575,52,True,0.03659486489773808,6.328640718945609,40.0,True
motor_fault,A5_hocbf_train_seed_0,50028,-109.06265515230746,250,False,0.08871609713841633,6.035550268578978,40.0,True
motor_fault,A5_hocbf_train_seed_0,50029,-241.51438132468442,250,False,0.3209927096644339,3.863875145318283,40.0,True
motor_fault,A5_hocbf_train_seed_0,50030,-99.23376042360303,85,True,0.0488683211247637,6.826550604237495,40.0,True
motor_fault,A5_hocbf_train_seed_0,50031,-96.7771336926525,80,True,0.0062684717741028715,6.64896316863447,40.0,True
motor_fault,A5_hocbf_train_seed_0,50032,-162.78804338157485,250,False,0.2829257081614114,3.050581198330857,40.0,True
motor_fault,A5_hocbf_train_seed_0,50033,-63.60834057111852,250,False,0.13148117980876536,3.921694730276522,24.74816131591797,True
motor_fault,A5_hocbf_train_seed_0,50034,-416.65072721702256,250,False,0.8808162786703299,7.348343847821356,40.0,True
motor_fault,A5_hocbf_train_seed_0,50035,-388.8137535190295,250,False,1.4260747042546165,6.630660898760976,40.0,True
motor_fault,A5_hocbf_train_seed_0,50036,-441.96682413100916,250,False,0.4412521988860187,5.524675189985987,40.0,True
motor_fault,A5_hocbf_train_seed_0,50037,-173.02196816917953,250,False,0.12329211074201271,2.3623509291294225,40.0,True
motor_fault,A5_hocbf_train_seed_0,50038,-227.04032580435216,250,False,0.5959772296021514,5.883675166756936,40.0,True
motor_fault,A5_hocbf_train_seed_0,50039,-333.3747556231646,203,True,0.04573278612692761,5.346321129083882,40.0,True
motor_fault,A5_hocbf_train_seed_0,50040,-116.34355307518223,250,False,0.13983304113221123,4.993130525152918,40.0,True
motor_fault,A5_hocbf_train_seed_0,50041,-54.18347769059805,71,True,0.0496933698287472,4.662965156475973,40.0,True
motor_fault,A5_hocbf_train_seed_0,50042,-43.02647102404529,59,True,0.0341283777079032,4.872970093422869,40.0,True
motor_fault,A5_hocbf_train_seed_0,50043,-68.56695422228684,250,False,0.07879962754770328,2.412021298662868,40.0,True
motor_fault,A5_hocbf_train_seed_0,50044,-355.6707126370795,250,False,1.1242430328805022,4.824296366558044,38.07157897949219,True
motor_fault,A5_hocbf_train_seed_0,50045,-338.78716314411395,250,False,0.9552851533245944,5.9017587357090076,40.0,True
motor_fault,A5_hocbf_train_seed_0,50046,-69.70742063043468,118,True,0.04991308046236458,5.016286096291299,40.0,True
motor_fault,A5_hocbf_train_seed_0,50047,-168.10543306819184,250,False,0.43344655658005404,4.090929445879381,40.0,True
motor_fault,A5_hocbf_train_seed_0,50048,-126.25630275288303,250,False,0.20557814774261784,6.521248544194232,40.0,True
motor_fault,A5_hocbf_train_seed_0,50049,-159.39355202457432,250,False,0.13371207671819987,4.4797166707724365,40.0,True
motor_fault,A5_hocbf_train_seed_0,50050,-201.35094827314822,250,False,0.4085835994850025,5.719958016416346,40.0,True
motor_fault,A5_hocbf_train_seed_0,50051,-167.67620529178444,250,False,0.29376517883098013,5.665055802420244,40.0,True
motor_fault,A5_hocbf_train_seed_0,50052,-241.94499379887023,250,False,0.2224671192706415,5.045071471811872,40.0,True
motor_fault,A5_hocbf_train_seed_0,50053,-100.6713320172958,250,False,0.0933982598804101,2.9710847133451486,38.46683120727539,True
motor_fault,A5_hocbf_train_seed_0,50054,-171.98194706443542,250,False,0.27500883417674804,6.182444848068759,40.0,True
motor_fault,A5_hocbf_train_seed_0,50055,-521.4697826980948,250,False,1.1676290461249674,6.245128343006056,40.0,True
motor_fault,A5_hocbf_train_seed_0,50056,-44.79737467743157,250,False,0.0737594296910424,4.250661119711943,24.654699325561523,True
motor_fault,A5_hocbf_train_seed_0,50057,-223.24057377200018,250,False,1.073748471823068,3.6227419941102608,40.0,True
motor_fault,A5_hocbf_train_seed_0,50058,-176.64163835136486,250,False,0.2674272922542088,4.850763570188529,40.0,True
motor_fault,A5_hocbf_train_seed_0,50059,-410.05737753491997,250,False,1.5512866104074219,4.521994821932491,40.0,True
motor_fault,A5_hocbf_train_seed_0,50060,-177.83142650283844,250,False,0.09470479660556627,4.710066056043946,40.0,True
motor_fault,A5_hocbf_train_seed_0,50061,-216.77011991311912,250,False,0.745346575929692,3.4520985006419678,40.0,True
motor_fault,A5_hocbf_train_seed_0,50062,-174.64628435857196,250,False,0.2576495690061676,6.504638679538652,40.0,True
motor_fault,A5_hocbf_train_seed_0,50063,-247.66492638382357,250,False,0.9723329859213891,4.4085451952715475,35.04307174682617,True
motor_fault,A5_hocbf_train_seed_0,50064,-75.36787829530108,250,False,0.10486560398406633,4.245636613318794,36.609596252441406,True
motor_fault,A5_hocbf_train_seed_0,50065,-31.922432124013326,71,True,0.04756190442235507,4.246092711715225,36.74513244628906,True
motor_fault,A5_hocbf_train_seed_0,50066,-346.1271478999769,250,False,0.8823753812534748,6.70635565023711,40.0,True
motor_fault,A5_hocbf_train_seed_0,50067,-120.2179526449779,250,False,0.24571087795746896,4.314573117573958,40.0,True
motor_fault,A5_hocbf_train_seed_0,50068,-20.22707772447195,40,True,0.04584694006678957,4.67956965568742,27.577613830566406,True
motor_fault,A5_hocbf_train_seed_0,50069,-67.63344770304894,83,True,0.04848163009179366,5.054395683138878,40.0,True
motor_fault,A5_hocbf_train_seed_0,50070,-243.2339655173801,250,False,0.8650332717497016,6.0560346169965324,31.01106071472168,True
motor_fault,A5_hocbf_train_seed_0,50071,-25.793902111489167,57,True,0.0499078123039528,4.0735333092756045,37.54236602783203,True
motor_fault,A5_hocbf_train_seed_0,50072,-171.05403903778478,250,False,0.21261123767378165,5.513659187659245,40.0,True
motor_fault,A5_hocbf_train_seed_0,50073,-220.89851571274235,250,False,0.5213465213522466,5.984037166683134,40.0,True
motor_fault,A5_hocbf_train_seed_0,50074,-347.88861403264644,250,False,1.3347113324257411,5.217488960916463,37.448238372802734,True
motor_fault,A5_hocbf_train_seed_0,50075,-380.3439974443325,250,False,1.2904048735420943,8.224270416419031,40.0,True
motor_fault,A5_hocbf_train_seed_0,50076,-124.72371527121557,39,False,1.9844393787699344,10.950387994000133,40.0,True
motor_fault,A5_hocbf_train_seed_0,50077,-38.88438875215865,65,True,0.046598235509079454,7.951278428646106,40.0,True
motor_fault,A5_hocbf_train_seed_0,50078,-458.20192008838825,250,False,1.3576400082689073,6.330834275005854,40.0,True
motor_fault,A5_hocbf_train_seed_0,50079,-350.01106057904843,250,False,0.551771050508192,5.937719460869215,40.0,True
motor_fault,A5_hocbf_train_seed_0,50080,-164.54714827589123,250,False,0.1328411483037682,6.909795878981277,40.0,True
motor_fault,A5_hocbf_train_seed_0,50081,-48.73923076496862,68,True,0.04962008374981894,5.62303349881838,40.0,True
motor_fault,A5_hocbf_train_seed_0,50082,-30.398020075084116,41,True,0.02072237337026222,6.343423545860979,40.0,True
motor_fault,A5_hocbf_train_seed_0,50083,-95.86981050565028,86,True,0.04911835236271712,6.867702159212358,40.0,True
motor_fault,A5_hocbf_train_seed_0,50084,-59.312146006773595,250,False,0.06224758363204899,3.874541963386783,35.9357795715332,True
motor_fault,A5_hocbf_train_seed_0,50085,-177.14569418912149,250,False,0.26604956404781027,5.357517536573712,40.0,True
motor_fault,A5_hocbf_train_seed_0,50086,-103.05054774919438,250,False,0.08776533093440153,6.667938951012733,40.0,True
motor_fault,A5_hocbf_train_seed_0,50087,-44.561180239341006,68,True,0.04837995936909666,2.7534808466530905,40.0,True
motor_fault,A5_hocbf_train_seed_0,50088,-170.2206527868272,250,False,0.13859270053956277,5.719495724205998,40.0,True
motor_fault,A5_hocbf_train_seed_0,50089,-142.2967101896587,250,False,0.22263229205123988,6.071462291300142,40.0,True
motor_fault,A5_hocbf_train_seed_0,50090,-207.17681222176367,250,False,0.3443896550163202,3.9328657697600353,40.0,True
motor_fault,A5_hocbf_train_seed_0,50091,-199.50275748056083,250,False,0.30243587003123407,5.580313078475306,40.0,True
motor_fault,A5_hocbf_train_seed_0,50092,-318.6744654426836,250,False,1.064742912424764,8.901594783912621,40.0,True
motor_fault,A5_hocbf_train_seed_0,50093,-122.5486139902786,42,False,1.6953086412240705,10.663480603628276,40.0,True
motor_fault,A5_hocbf_train_seed_0,50094,-79.49725168641999,250,False,0.08938764313462644,2.9492796245137876,40.0,True
motor_fault,A5_hocbf_train_seed_0,50095,-80.57522782543185,250,False,0.06564427483928072,3.648512271731981,35.09013366699219,True
motor_fault,A5_hocbf_train_seed_0,50096,-280.3189503194953,250,False,0.6778355984336435,3.4194772604411168,40.0,True
motor_fault,A5_hocbf_train_seed_0,50097,-329.18018683282634,250,False,1.1764949701424348,8.86833236772152,40.0,True
motor_fault,A5_hocbf_train_seed_0,50098,-128.94355299096313,250,False,0.08216392754310056,5.613438541823688,40.0,True
motor_fault,A5_hocbf_train_seed_0,50099,-99.0969362316515,46,False,1.7822928025551144,11.611874861248767,40.0,True
motor_fault,A6_prefilter_train_seed_0,50000,-324.6111079519911,250,False,1.1058048672590046,6.464428904039055,36.12337875366211,True
motor_fault,A6_prefilter_train_seed_0,50001,-196.7259133634817,250,False,0.42475437379473246,11.254507698016475,40.0,True
motor_fault,A6_prefilter_train_seed_0,50002,-386.28620794120326,250,False,1.5284962332627308,6.747537763119404,40.0,True
motor_fault,A6_prefilter_train_seed_0,50003,-317.4303357060213,250,False,0.8654399675652564,12.557530956706362,40.0,True
motor_fault,A6_prefilter_train_seed_0,50004,-286.14893899157744,250,False,1.0039895658297986,8.795842775567923,40.0,True
motor_fault,A6_prefilter_train_seed_0,50005,-222.47053840524393,250,False,0.38615354524275786,14.397163653416174,40.0,True
motor_fault,A6_prefilter_train_seed_0,50006,-293.81857806638425,250,False,1.3634247447627779,5.396688471408064,40.0,True
motor_fault,A6_prefilter_train_seed_0,50007,-392.54380607923207,250,False,0.8390035830113306,14.44963738565838,40.0,True
motor_fault,A6_prefilter_train_seed_0,50008,-292.28787681241397,250,False,0.7538627516730066,7.651534045223734,40.0,True
motor_fault,A6_prefilter_train_seed_0,50009,-188.69664543157876,250,False,0.5065985716829412,10.472794889171706,40.0,True
motor_fault,A6_prefilter_train_seed_0,50010,-163.74563058543487,250,False,0.46018139859893364,13.545177461607963,40.0,True
motor_fault,A6_prefilter_train_seed_0,50011,-204.47089452194786,250,False,0.6749198039445486,5.872487803157889,40.0,True
motor_fault,A6_prefilter_train_seed_0,50012,-119.34962392015251,250,False,0.1675896827973314,11.094964328765327,40.0,True
motor_fault,A6_prefilter_train_seed_0,50013,-326.9154603055054,250,False,1.0653896333636428,11.053367673497215,40.0,True
motor_fault,A6_prefilter_train_seed_0,50014,-346.55073006989596,250,False,1.0066172099466353,21.447877669713446,40.0,True
motor_fault,A6_prefilter_train_seed_0,50015,-397.2020314714452,250,False,1.245116977002305,10.943453190549256,40.0,True
motor_fault,A6_prefilter_train_seed_0,50016,-329.33954618915817,250,False,1.1306888581474301,10.488223717239292,40.0,True
motor_fault,A6_prefilter_train_seed_0,50017,-220.53253308324713,250,False,0.6206936414357097,8.967170136458135,40.0,True
motor_fault,A6_prefilter_train_seed_0,50018,-177.38254272545137,250,False,0.16768555433315402,12.001289553639593,40.0,True
motor_fault,A6_prefilter_train_seed_0,50019,-262.36274387789274,250,False,0.5998916777277417,12.480010104973331,40.0,True
motor_fault,A6_prefilter_train_seed_0,50020,-297.3513659599662,250,False,0.979119295911346,2.3972857098732248,40.0,True
motor_fault,A6_prefilter_train_seed_0,50021,-293.57114505125827,250,False,1.026496936162531,4.173944850897008,29.11556625366211,True
motor_fault,A6_prefilter_train_seed_0,50022,-311.7037982203579,250,False,0.9235687213783406,11.895537759162957,40.0,True
motor_fault,A6_prefilter_train_seed_0,50023,-175.03177800685063,250,False,0.37205845200864385,9.775311815650785,40.0,True
motor_fault,A6_prefilter_train_seed_0,50024,-168.6592705479514,250,False,0.5956544357107745,3.3403225720014564,29.866086959838867,True
motor_fault,A6_prefilter_train_seed_0,50025,-229.68299513394265,250,False,0.6290873582953683,13.983479349440145,40.0,True
motor_fault,A6_prefilter_train_seed_0,50026,-421.19473900713393,250,False,1.4808462240265128,9.312964737881398,40.0,True
motor_fault,A6_prefilter_train_seed_0,50027,-132.81526098569822,250,False,0.3671692550272239,7.678043650174606,40.0,True
motor_fault,A6_prefilter_train_seed_0,50028,-312.68520276272307,250,False,0.8674082819032499,16.167670080649344,40.0,True
motor_fault,A6_prefilter_train_seed_0,50029,-142.53767147560012,82,True,0.03247280150917724,13.874372154447814,40.0,True
motor_fault,A6_prefilter_train_seed_0,50030,-180.18864924943938,250,False,0.45049075575473346,9.857659065380266,40.0,True
motor_fault,A6_prefilter_train_seed_0,50031,-126.51553195198588,250,False,0.1251219007884552,14.061505658301202,40.0,True
motor_fault,A6_prefilter_train_seed_0,50032,-282.92326955243715,250,False,0.877615157659081,12.300131424659613,40.0,True
motor_fault,A6_prefilter_train_seed_0,50033,-237.3515147401888,250,False,0.9041870937892335,2.8537881517250416,25.988990783691406,True
motor_fault,A6_prefilter_train_seed_0,50034,-378.4085862954433,250,False,1.4426992885474184,5.554240251550951,40.0,True
motor_fault,A6_prefilter_train_seed_0,50035,-391.70559050717304,250,False,1.4017444512726274,6.594000059968819,40.0,True
motor_fault,A6_prefilter_train_seed_0,50036,-270.2066234958146,250,False,1.3304319223987215,3.8585396966590277,39.56554412841797,True
motor_fault,A6_prefilter_train_seed_0,50037,-302.8185779613176,250,False,1.0712235221288153,11.190993086954217,40.0,True
motor_fault,A6_prefilter_train_seed_0,50038,-275.92725149370045,250,False,0.7195896896670323,16.785254668842622,40.0,True
motor_fault,A6_prefilter_train_seed_0,50039,-378.3886853788739,250,False,1.4662184131888067,4.681381065973441,39.967437744140625,True
motor_fault,A6_prefilter_train_seed_0,50040,-188.67383212351973,250,False,0.5774721941660205,9.808029799591361,40.0,True
motor_fault,A6_prefilter_train_seed_0,50041,-166.36282971371844,250,False,0.5070067387738068,13.340973769927768,40.0,True
motor_fault,A6_prefilter_train_seed_0,50042,-148.06558229996827,250,False,0.4009739573772847,5.856012120371139,40.0,True
motor_fault,A6_prefilter_train_seed_0,50043,-258.6169412120845,250,False,0.9052865052138562,3.406716118581223,39.820430755615234,True
motor_fault,A6_prefilter_train_seed_0,50044,-349.7942647115235,250,False,1.2505390491549127,11.630095662379823,40.0,True
motor_fault,A6_prefilter_train_seed_0,50045,-250.30952460692615,250,False,0.5609972702035438,11.653093622251033,40.0,True
motor_fault,A6_prefilter_train_seed_0,50046,-148.97267552306482,250,False,0.37399613030877044,15.43252149546691,40.0,True
motor_fault,A6_prefilter_train_seed_0,50047,-299.40332177646184,250,False,1.0308564786616405,3.4745495224979877,40.0,True
motor_fault,A6_prefilter_train_seed_0,50048,-190.8213885176715,250,False,0.6009084804262166,8.118200176125892,40.0,True
motor_fault,A6_prefilter_train_seed_0,50049,-230.5394521518779,250,False,0.5461623751428335,14.828443351224596,40.0,True
motor_fault,A6_prefilter_train_seed_0,50050,-251.01275996737513,250,False,0.5824921569153635,12.217150425920083,40.0,True
motor_fault,A6_prefilter_train_seed_0,50051,-181.8689291582147,250,False,0.23752141183542652,16.45361352148245,40.0,True
motor_fault,A6_prefilter_train_seed_0,50052,-203.1852488078409,250,False,0.19163606045224033,14.755632046298198,40.0,True
motor_fault,A6_prefilter_train_seed_0,50053,-316.9308617028826,250,False,1.1631639114694654,8.77042855036541,40.0,True
motor_fault,A6_prefilter_train_seed_0,50054,-227.89763270505506,250,False,0.505078305594681,18.734219015915468,40.0,True
motor_fault,A6_prefilter_train_seed_0,50055,-340.8483772111534,250,False,1.052657135410999,10.223673584785903,40.0,True
motor_fault,A6_prefilter_train_seed_0,50056,-184.07105281212452,250,False,0.85358911093282,2.9638285336840706,22.786901473999023,True
motor_fault,A6_prefilter_train_seed_0,50057,-259.8683616324655,250,False,1.0038981942030007,7.811931176489469,40.0,True
motor_fault,A6_prefilter_train_seed_0,50058,-148.69721554643183,80,True,0.03178511178700458,15.094735572459085,40.0,True
motor_fault,A6_prefilter_train_seed_0,50059,-408.11268862921094,250,False,1.5350060477307748,4.154535835407103,40.0,True
motor_fault,A6_prefilter_train_seed_0,50060,-226.933567819707,250,False,0.4070520446226362,15.479625715342056,40.0,True
motor_fault,A6_prefilter_train_seed_0,50061,-220.49645974288802,250,False,0.7255840678118181,5.006126816491026,37.22397232055664,True
motor_fault,A6_prefilter_train_seed_0,50062,-240.67260424587184,250,False,0.5658645206603602,14.956717437184473,40.0,True
motor_fault,A6_prefilter_train_seed_0,50063,-299.0862513529063,250,False,0.9979004772015709,4.393541317377109,34.65397262573242,True
motor_fault,A6_prefilter_train_seed_0,50064,-230.22016179767084,250,False,0.8350640336817895,6.7023238423582185,39.59362030029297,True
motor_fault,A6_prefilter_train_seed_0,50065,-306.7379965648404,250,False,1.1482087856974208,4.648287147511393,40.0,True
motor_fault,A6_prefilter_train_seed_0,50066,-210.46615182922008,250,False,0.5024252160494668,10.568756659070699,40.0,True
motor_fault,A6_prefilter_train_seed_0,50067,-358.9563684345934,250,False,1.4618307567514877,4.51874657000913,38.10771942138672,True
motor_fault,A6_prefilter_train_seed_0,50068,-99.5422624313935,250,False,0.3130942488939555,4.789441809222547,22.41031265258789,True
motor_fault,A6_prefilter_train_seed_0,50069,-190.49051501182865,250,False,0.478742614086004,16.147284747914387,40.0,True
motor_fault,A6_prefilter_train_seed_0,50070,-264.63196630939103,250,False,0.9248752697709988,5.04060764520361,29.505090713500977,True
motor_fault,A6_prefilter_train_seed_0,50071,-94.17618122196106,250,False,0.25626914665844935,6.07039612413936,40.0,True
motor_fault,A6_prefilter_train_seed_0,50072,-158.31055658211056,250,False,0.11390491167833633,13.54927197028922,40.0,True
motor_fault,A6_prefilter_train_seed_0,50073,-287.8799280111966,250,False,0.6627477289858957,22.34749905181068,40.0,True
motor_fault,A6_prefilter_train_seed_0,50074,-353.8436256466357,250,False,1.3128622984506342,4.4630242214041695,31.357513427734375,True
motor_fault,A6_prefilter_train_seed_0,50075,-373.0751185895893,250,False,1.2300142439032853,7.529510160924457,40.0,True
motor_fault,A6_prefilter_train_seed_0,50076,-199.25939093507455,250,False,0.21229005318481275,11.486628098882143,40.0,True
motor_fault,A6_prefilter_train_seed_0,50077,-111.43751562861968,250,False,0.2594252787876252,9.607230157104993,40.0,True
motor_fault,A6_prefilter_train_seed_0,50078,-388.1367682836785,250,False,1.6521608716177503,4.997763625025578,39.99465560913086,True
motor_fault,A6_prefilter_train_seed_0,50079,-196.51083070185655,250,False,0.1253098421874291,12.964424553098809,40.0,True
motor_fault,A6_prefilter_train_seed_0,50080,-222.81292328089398,250,False,0.4428806009021899,14.430326933428795,40.0,True
motor_fault,A6_prefilter_train_seed_0,50081,-146.38374113497684,250,False,0.35737354092532214,9.999415153778653,40.0,True
motor_fault,A6_prefilter_train_seed_0,50082,-76.65943681465836,250,False,0.17687188396729606,10.918433389505427,40.0,True
motor_fault,A6_prefilter_train_seed_0,50083,-83.01867328987146,79,True,0.048953274639214533,11.930942539221656,40.0,True
motor_fault,A6_prefilter_train_seed_0,50084,-67.0981797941524,250,False,0.12054971107961869,6.731743116165615,40.0,True
motor_fault,A6_prefilter_train_seed_0,50085,-179.0261911933157,250,False,0.25267682559818,16.237615944868853,40.0,True
motor_fault,A6_prefilter_train_seed_0,50086,-59.268409550972066,56,True,0.04177354983181151,17.66488262172643,40.0,True
motor_fault,A6_prefilter_train_seed_0,50087,-315.8651871779382,250,False,1.2163500724236083,3.3532903387886974,40.0,True
motor_fault,A6_prefilter_train_seed_0,50088,-149.57589161778898,250,False,0.2329495153974498,16.61244423768091,40.0,True
motor_fault,A6_prefilter_train_seed_0,50089,-205.08749781290126,250,False,0.6446035189485126,6.26861099664124,40.0,True
motor_fault,A6_prefilter_train_seed_0,50090,-272.9267627007895,250,False,0.612121309443301,10.96460099614521,40.0,True
motor_fault,A6_prefilter_train_seed_0,50091,-201.10193476900588,250,False,0.09501311346541028,10.608977154902057,40.0,True
motor_fault,A6_prefilter_train_seed_0,50092,-309.7220684811946,250,False,1.005335925719242,8.380342047568798,40.0,True
motor_fault,A6_prefilter_train_seed_0,50093,-229.26898428240193,250,False,0.39387591900231295,11.246338115328822,40.0,True
motor_fault,A6_prefilter_train_seed_0,50094,-270.4856518421292,250,False,0.9349458776503774,3.6617444489236575,39.781410217285156,True
motor_fault,A6_prefilter_train_seed_0,50095,-257.3033149838347,250,False,0.9805200646111577,4.0608699330423965,38.39579391479492,True
motor_fault,A6_prefilter_train_seed_0,50096,-332.54369225725964,250,False,1.0994162773482337,11.922762905778846,40.0,True
motor_fault,A6_prefilter_train_seed_0,50097,-320.89744417676246,250,False,1.1297265821012978,6.9513777157309695,40.0,True
motor_fault,A6_prefilter_train_seed_0,50098,-113.02578412286672,250,False,0.12452856562573882,13.777994858901309,40.0,True
motor_fault,A6_prefilter_train_seed_0,50099,-389.84865379650284,250,False,1.3351390482558878,9.09296474570211,40.0,True
motor_fault,A6_hocbf_train_seed_0,50000,-324.66156767369966,250,False,1.1058255754980337,6.464428904039055,36.2315788269043,True
motor_fault,A6_hocbf_train_seed_0,50001,-202.40949755706697,250,False,0.42357869097070594,4.9158100638033515,40.0,True
motor_fault,A6_hocbf_train_seed_0,50002,-469.57211263588266,250,False,0.9010563333215132,8.436311528222177,40.0,True
motor_fault,A6_hocbf_train_seed_0,50003,-362.06202280271015,250,False,0.8354147905531556,4.013272348633606,40.0,True
motor_fault,A6_hocbf_train_seed_0,50004,-363.1609233135143,250,False,1.2376922222110238,5.167544471697997,40.0,True
motor_fault,A6_hocbf_train_seed_0,50005,-211.00169214083346,250,False,0.3861805922564725,6.263447747303657,40.0,True
motor_fault,A6_hocbf_train_seed_0,50006,-345.79142528749696,250,False,1.286218007602266,4.4278511081687295,40.0,True
motor_fault,A6_hocbf_train_seed_0,50007,-280.8242894246321,250,False,0.8292260314035406,4.361162407613487,40.0,True
motor_fault,A6_hocbf_train_seed_0,50008,-293.11858283627777,250,False,0.7644678081681099,6.431915181792796,40.0,True
motor_fault,A6_hocbf_train_seed_0,50009,-362.57818671720906,250,False,0.7094187149795195,7.176372418007279,40.0,True
motor_fault,A6_hocbf_train_seed_0,50010,-184.10007259808845,250,False,0.46022208723295255,3.667985903448494,40.0,True
motor_fault,A6_hocbf_train_seed_0,50011,-204.47089452194786,250,False,0.6749198039445486,5.872487803157889,40.0,True
motor_fault,A6_hocbf_train_seed_0,50012,-99.60093629052763,250,False,0.1676451608764306,2.439593363669229,40.0,True
motor_fault,A6_hocbf_train_seed_0,50013,-382.85331198657803,250,False,1.0128089147943007,5.3448439659356035,40.0,True
motor_fault,A6_hocbf_train_seed_0,50014,-298.3174303021086,250,False,1.032907102786303,6.3892151886758395,40.0,True
motor_fault,A6_hocbf_train_seed_0,50015,-331.3171117102832,250,False,1.2459244440012422,3.4260343672269635,40.0,True
motor_fault,A6_hocbf_train_seed_0,50016,-550.9311262494618,250,False,1.8892117038726597,6.2963859036974235,40.0,True
motor_fault,A6_hocbf_train_seed_0,50017,-238.6686562275473,250,False,0.628247008565002,4.949861183799075,40.0,True
motor_fault,A6_hocbf_train_seed_0,50018,-185.9503271756982,56,False,1.9997808170178843,7.8915516397476715,40.0,True
motor_fault,A6_hocbf_train_seed_0,50019,-330.71119150748194,250,False,0.8192946268827006,6.0198108138360755,40.0,True
motor_fault,A6_hocbf_train_seed_0,50020,-297.15608734141176,250,False,0.9790974131295447,1.840738940925293,40.0,True
motor_fault,A6_hocbf_train_seed_0,50021,-293.58297518361735,250,False,1.0264971082283907,4.173944850897008,29.14598274230957,True
motor_fault,A6_hocbf_train_seed_0,50022,-277.9920726630495,250,False,0.9162055739372829,3.914171275727201,40.0,True
motor_fault,A6_hocbf_train_seed_0,50023,-178.7975175227958,250,False,0.37133871777453437,6.0752356086758015,40.0,True
motor_fault,A6_hocbf_train_seed_0,50024,-168.6592705479514,250,False,0.5956544357107745,3.3403225720014564,29.866086959838867,True
motor_fault,A6_hocbf_train_seed_0,50025,-219.40137075080918,250,False,0.6244362585600243,6.253001335608827,40.0,True
motor_fault,A6_hocbf_train_seed_0,50026,-419.2176150290241,250,False,1.4761771396447916,7.560290525695504,40.0,True
motor_fault,A6_hocbf_train_seed_0,50027,-131.7878531193735,250,False,0.36716924671989626,6.56695495444687,40.0,True
motor_fault,A6_hocbf_train_seed_0,50028,-258.5537970939305,250,False,0.8674144880286092,6.035550268578978,40.0,True
motor_fault,A6_hocbf_train_seed_0,50029,-260.2038857889562,250,False,0.4198381832012723,3.9562423266817763,40.0,True
motor_fault,A6_hocbf_train_seed_0,50030,-183.77245905288467,250,False,0.4480654029792246,6.732710334378638,40.0,True
motor_fault,A6_hocbf_train_seed_0,50031,-132.74124892139622,250,False,0.12510240678180717,6.567882171210849,40.0,True
motor_fault,A6_hocbf_train_seed_0,50032,-267.99550643137553,250,False,0.875913099953411,3.050581198330857,40.0,True
motor_fault,A6_hocbf_train_seed_0,50033,-237.3515147401888,250,False,0.9041870937892335,2.8537881517250416,25.988990783691406,True
motor_fault,A6_hocbf_train_seed_0,50034,-482.8344501860161,250,False,1.3740094133262175,6.19730062642194,40.0,True
motor_fault,A6_hocbf_train_seed_0,50035,-404.0204203648106,250,False,1.4040623448203675,7.104722824518825,40.0,True
motor_fault,A6_hocbf_train_seed_0,50036,-455.06407832044744,250,False,0.6026539712500646,5.850705367048357,40.0,True
motor_fault,A6_hocbf_train_seed_0,50037,-426.8341781237332,250,False,1.3290075621171158,2.977552365365393,40.0,True
motor_fault,A6_hocbf_train_seed_0,50038,-252.4430770164153,250,False,0.7399326759313357,6.061223782132886,40.0,True
motor_fault,A6_hocbf_train_seed_0,50039,-342.4940945791049,250,False,0.2613298353497591,5.316179909089884,40.0,True
motor_fault,A6_hocbf_train_seed_0,50040,-188.77434320130774,250,False,0.5771241752414916,4.717153228611304,40.0,True
motor_fault,A6_hocbf_train_seed_0,50041,-173.194133483517,250,False,0.5069977740350179,4.662965156475973,40.0,True
motor_fault,A6_hocbf_train_seed_0,50042,-147.3075242189851,250,False,0.400973955716048,4.902736214500615,40.0,True
motor_fault,A6_hocbf_train_seed_0,50043,-258.6169412120845,250,False,0.9052865052138562,3.406716118581223,39.820430755615234,True
motor_fault,A6_hocbf_train_seed_0,50044,-339.49720795323435,250,False,1.0648124471033988,4.591451342129201,40.0,True
motor_fault,A6_hocbf_train_seed_0,50045,-297.2597316761392,250,False,0.7719836661397543,5.9017587357090076,40.0,True
motor_fault,A6_hocbf_train_seed_0,50046,-153.03204080459201,250,False,0.37399678334300934,5.016286096291299,40.0,True
motor_fault,A6_hocbf_train_seed_0,50047,-299.40332177646184,250,False,1.0308564786616405,3.4745495224979877,40.0,True
motor_fault,A6_hocbf_train_seed_0,50048,-190.74148674626676,250,False,0.6008243197824155,5.634338294888259,40.0,True
motor_fault,A6_hocbf_train_seed_0,50049,-235.18714344218617,250,False,0.5464542134883744,4.316839547282435,40.0,True
motor_fault,A6_hocbf_train_seed_0,50050,-232.25632174949706,250,False,0.5887460155109395,5.815943818043224,40.0,True
motor_fault,A6_hocbf_train_seed_0,50051,-186.88798654915786,250,False,0.39769246550678294,5.776894561869166,40.0,True
motor_fault,A6_hocbf_train_seed_0,50052,-244.9397892918518,250,False,0.18850984841017782,5.242425203460162,40.0,True
motor_fault,A6_hocbf_train_seed_0,50053,-286.24253504558715,250,False,1.1664127170386847,2.8964078270918154,40.0,True
motor_fault,A6_hocbf_train_seed_0,50054,-209.30633176806833,250,False,0.5099437441889431,5.658876400325356,40.0,True
motor_fault,A6_hocbf_train_seed_0,50055,-531.1422069788855,250,False,1.1035131351423724,6.385993686622272,40.0,True
motor_fault,A6_hocbf_train_seed_0,50056,-184.07105281212452,250,False,0.85358911093282,2.9638285336840706,22.786901473999023,True
motor_fault,A6_hocbf_train_seed_0,50057,-268.3541454078664,250,False,0.9885072915969181,4.010705338883008,40.0,True
motor_fault,A6_hocbf_train_seed_0,50058,-191.98307325842688,250,False,0.3848512919409759,4.850763570188529,40.0,True
motor_fault,A6_hocbf_train_seed_0,50059,-416.3757608064515,250,False,1.5400451352821207,5.238024685201777,40.0,True
motor_fault,A6_hocbf_train_seed_0,50060,-240.0634960316241,250,False,0.40710541384280885,5.349858292692341,40.0,True
motor_fault,A6_hocbf_train_seed_0,50061,-220.49645974288802,250,False,0.7255840678118181,5.006126816491026,37.22397232055664,True
motor_fault,A6_hocbf_train_seed_0,50062,-220.0821039215048,250,False,0.5568463075901439,6.629466895870821,40.0,True
motor_fault,A6_hocbf_train_seed_0,50063,-299.0862513529063,250,False,0.9979004772015709,4.393541317377109,34.65397262573242,True
motor_fault,A6_hocbf_train_seed_0,50064,-227.52590453211593,250,False,0.8350412170094135,4.131995580637126,40.0,True
motor_fault,A6_hocbf_train_seed_0,50065,-307.1747504512205,250,False,1.1485433347094807,4.571393661896861,40.0,True
motor_fault,A6_hocbf_train_seed_0,50066,-323.3105318220052,250,False,0.7228561870051662,6.70635565023711,40.0,True
motor_fault,A6_hocbf_train_seed_0,50067,-365.07945083354326,250,False,1.4537809992129596,4.207376432397207,38.89149856567383,True
motor_fault,A6_hocbf_train_seed_0,50068,-100.44079049995527,250,False,0.3130944681544865,4.564793178813717,22.74873161315918,True
motor_fault,A6_hocbf_train_seed_0,50069,-174.74219980714935,250,False,0.4783189632559853,5.048935529943304,40.0,True
motor_fault,A6_hocbf_train_seed_0,50070,-264.63196630939103,250,False,0.9248752697709988,5.04060764520361,29.505090713500977,True
motor_fault,A6_hocbf_train_seed_0,50071,-100.68682548657388,250,False,0.2563218695774814,3.255858688837711,40.0,True
motor_fault,A6_hocbf_train_seed_0,50072,-178.00666523055963,250,False,0.1844892667598138,5.718410358142143,40.0,True
motor_fault,A6_hocbf_train_seed_0,50073,-246.02089664020102,250,False,0.666679738359436,5.610709093721542,40.0,True
motor_fault,A6_hocbf_train_seed_0,50074,-354.1461462006395,250,False,1.3116223026393026,4.619399833431263,31.7045955657959,True
motor_fault,A6_hocbf_train_seed_0,50075,-374.4316207543515,250,False,1.2304535633935423,8.313259082712248,40.0,True
motor_fault,A6_hocbf_train_seed_0,50076,-127.54316282530219,39,False,2.0203897570611034,11.28841402252733,40.0,True
motor_fault,A6_hocbf_train_seed_0,50077,-109.60946485846705,250,False,0.2594243178967305,8.279590273310923,40.0,True
motor_fault,A6_hocbf_train_seed_0,50078,-415.4638144861111,250,False,0.1578415837040574,5.859584119007225,40.0,True
motor_fault,A6_hocbf_train_seed_0,50079,-342.5641090948364,250,False,0.5221412966447836,5.937719460869215,40.0,True
motor_fault,A6_hocbf_train_seed_0,50080,-210.44240077224157,250,False,0.4480580219476477,6.941865977725399,40.0,True
motor_fault,A6_hocbf_train_seed_0,50081,-145.1569786885028,250,False,0.3573725826593333,5.098614146803011,40.0,True
motor_fault,A6_hocbf_train_seed_0,50082,-81.62621637637582,250,False,0.17687195874722694,6.346373572991664,40.0,True
motor_fault,A6_hocbf_train_seed_0,50083,-95.38016614381974,95,True,0.020810586786805477,7.399294114240294,40.0,True
motor_fault,A6_hocbf_train_seed_0,50084,-75.01602974983652,250,False,0.1205655091490858,2.479048487236638,40.0,True
motor_fault,A6_hocbf_train_seed_0,50085,-185.6604519182793,250,False,0.2773312446242433,5.443223401752318,40.0,True
motor_fault,A6_hocbf_train_seed_0,50086,-71.61996776447063,60,True,0.01216578790141308,6.667938951012733,40.0,True
motor_fault,A6_hocbf_train_seed_0,50087,-327.4186371542304,250,False,1.216360141650015,3.526414709741358,40.0,True
motor_fault,A6_hocbf_train_seed_0,50088,-250.9175926712002,250,False,0.6740149571522122,5.829767889240528,40.0,True
motor_fault,A6_hocbf_train_seed_0,50089,-205.44310011387304,250,False,0.6447647637907896,5.155490378025226,40.0,True
motor_fault,A6_hocbf_train_seed_0,50090,-228.24696145568976,250,False,0.6176619224337937,3.9328657697600353,40.0,True
motor_fault,A6_hocbf_train_seed_0,50091,-210.26075888891995,250,False,0.288115137639191,6.796097268984233,40.0,True
motor_fault,A6_hocbf_train_seed_0,50092,-310.7404253581788,250,False,1.005103835061279,8.981593882594344,40.0,True
motor_fault,A6_hocbf_train_seed_0,50093,-372.2880138647699,250,False,0.9079864663956009,10.26277425378838,40.0,True
motor_fault,A6_hocbf_train_seed_0,50094,-270.4856518421292,250,False,0.9349458776503774,3.6617444489236575,39.781410217285156,True
motor_fault,A6_hocbf_train_seed_0,50095,-254.9170897111624,250,False,0.9812787096773238,3.6649162548500898,37.21519088745117,True
motor_fault,A6_hocbf_train_seed_0,50096,-357.5382523277136,250,False,1.0995516863240629,3.4194772604411168,40.0,True
motor_fault,A6_hocbf_train_seed_0,50097,-332.8440256398425,250,False,1.141824367508475,8.11008307942663,40.0,True
motor_fault,A6_hocbf_train_seed_0,50098,-101.40089816887794,68,True,0.04514352546829136,5.580924911869291,40.0,True
motor_fault,A6_hocbf_train_seed_0,50099,-94.53226853733915,44,False,1.790608625621439,11.550897823157127,40.0,True
id_reference,A2_unfiltered_train_seed_1,50000,-74.65181645370302,250,False,0.12147779234792513,6.13153598103097,33.941078186035156,False
id_reference,A2_unfiltered_train_seed_1,50001,-116.68079298684128,250,False,0.07968758262529094,10.556092165749485,40.0,False
id_reference,A2_unfiltered_train_seed_1,50002,-28.942600825246682,37,True,0.018666133760706593,9.030387398283388,40.0,False
id_reference,A2_unfiltered_train_seed_1,50003,-213.08354854036213,250,False,0.5125765305205674,12.010740782598742,40.0,False
id_reference,A2_unfiltered_train_seed_1,50004,-34.73997804608819,61,True,0.04975599189151175,8.478140686205144,40.0,False
id_reference,A2_unfiltered_train_seed_1,50005,-83.5668408100442,75,True,0.02144387336233947,15.174805526761038,40.0,False
id_reference,A2_unfiltered_train_seed_1,50006,-28.5877757268693,56,True,0.010497284637588119,6.889726933870314,40.0,False
id_reference,A2_unfiltered_train_seed_1,50007,-109.09108917855995,65,True,0.028881593678286258,10.475685130549719,40.0,False
id_reference,A2_unfiltered_train_seed_1,50008,-103.94170755387519,250,False,0.05674740138000416,8.597749763690052,40.0,False
id_reference,A2_unfiltered_train_seed_1,50009,-49.6893996046426,67,True,0.0482622649365418,10.019100071655377,40.0,False
id_reference,A2_unfiltered_train_seed_1,50010,-98.34081770491548,250,False,0.1661302821530347,11.89680586872921,40.0,False
id_reference,A2_unfiltered_train_seed_1,50011,-67.8215655036424,250,False,0.12479797276369194,4.80115424140953,32.052391052246094,False
id_reference,A2_unfiltered_train_seed_1,50012,-67.70046992293632,250,False,0.09630887910195995,11.985317755382589,40.0,False
id_reference,A2_unfiltered_train_seed_1,50013,-93.50943992450368,100,True,0.026056609130766326,9.514809825908214,39.960628509521484,False
id_reference,A2_unfiltered_train_seed_1,50014,-198.80076781819366,250,False,0.14967457749264423,16.95833191404166,40.0,False
id_reference,A2_unfiltered_train_seed_1,50015,-107.37828389213176,250,False,0.05053085927132803,11.060423479341148,40.0,False
id_reference,A2_unfiltered_train_seed_1,50016,-103.93172393749188,250,False,0.1417690553278472,9.261255743198065,40.0,False
id_reference,A2_unfiltered_train_seed_1,50017,-63.41869173236411,78,True,0.0482847929491034,11.352384824261891,40.0,False
id_reference,A2_unfiltered_train_seed_1,50018,-117.8133743412688,250,False,0.08650359586691779,11.803116210485447,40.0,False
id_reference,A2_unfiltered_train_seed_1,50019,-83.99962771159902,72,True,0.04947903342374757,10.824511630431733,40.0,False
id_reference,A2_unfiltered_train_seed_1,50020,-24.426004299039107,43,True,0.04171282475296364,5.8451582383108915,40.0,False
id_reference,A2_unfiltered_train_seed_1,50021,-10.7869185434102,30,True,0.03605410606277529,6.087637378711535,27.676395416259766,False
id_reference,A2_unfiltered_train_seed_1,50022,-68.72468174726745,62,True,0.047947912354257965,10.51903898267961,40.0,False
id_reference,A2_unfiltered_train_seed_1,50023,-79.58971087688276,68,True,0.028613251419110728,9.888537360380614,40.0,False
id_reference,A2_unfiltered_train_seed_1,50024,-55.26139526312544,250,False,0.19218481101008367,5.498963243983056,27.572765350341797,False
id_reference,A2_unfiltered_train_seed_1,50025,-88.0333396422841,96,True,0.048904358381229196,12.992244078298738,40.0,False
id_reference,A2_unfiltered_train_seed_1,50026,-104.09863523855353,250,False,0.15754046523886156,6.850280131602489,40.0,False
id_reference,A2_unfiltered_train_seed_1,50027,-66.63840101654203,250,False,0.08219757407183934,8.405899938665394,40.0,False
id_reference,A2_unfiltered_train_seed_1,50028,-79.58705072467093,68,True,0.04928771666120788,15.288879549129861,40.0,False
id_reference,A2_unfiltered_train_seed_1,50029,-88.00543249286471,66,True,0.0289165562667892,13.027363698694616,40.0,False
id_reference,A2_unfiltered_train_seed_1,50030,-71.23697382413076,69,True,0.031169138976206053,9.820846098493563,40.0,False
id_reference,A2_unfiltered_train_seed_1,50031,-77.73044852517965,46,True,0.03833479457622866,13.450369027219791,40.0,False
id_reference,A2_unfiltered_train_seed_1,50032,-59.68952205484046,62,True,0.04889222168442365,11.208810063036834,40.0,False
id_reference,A2_unfiltered_train_seed_1,50033,-50.364925262102716,250,False,0.1070146996044256,5.986375827667534,26.931529998779297,False
id_reference,A2_unfiltered_train_seed_1,50034,-25.526188818422785,36,True,0.014282413232276027,7.919178656278851,40.0,False
id_reference,A2_unfiltered_train_seed_1,50035,-85.78248315461201,250,False,0.1328254587500441,7.107490171584841,40.0,False
id_reference,A2_unfiltered_train_seed_1,50036,-70.48479935842663,250,False,0.07730968389140705,6.134439481457968,40.0,False
id_reference,A2_unfiltered_train_seed_1,50037,-35.34575046323347,44,True,0.017287751459970198,10.13372463673011,40.0,False
id_reference,A2_unfiltered_train_seed_1,50038,-119.20754507706154,91,True,0.04895817738649254,13.82075171727815,40.0,False
id_reference,A2_unfiltered_train_seed_1,50039,-24.78513076675427,49,True,0.04954027674466313,5.589392799054414,40.0,False
id_reference,A2_unfiltered_train_seed_1,50040,-91.8439401876173,250,False,0.16925412431560286,10.81588299421139,40.0,False
id_reference,A2_unfiltered_train_seed_1,50041,-42.886269799793396,54,True,0.011398205115981485,11.8443239989366,40.0,False
id_reference,A2_unfiltered_train_seed_1,50042,-67.16019800637814,250,False,0.09626982951077324,9.163282147611136,40.0,False
id_reference,A2_unfiltered_train_seed_1,50043,-8.647163366254526,30,True,0.03803088274750102,4.631261481359003,40.0,False
id_reference,A2_unfiltered_train_seed_1,50044,-82.52749680511103,250,False,0.1071814053107036,11.519515090266877,40.0,False
id_reference,A2_unfiltered_train_seed_1,50045,-81.1123189861492,82,True,0.04750464800898162,10.273108721276616,40.0,False
id_reference,A2_unfiltered_train_seed_1,50046,-96.7867518124053,250,False,0.17278300273967628,13.697101309250245,40.0,False
id_reference,A2_unfiltered_train_seed_1,50047,-102.11533757214117,250,False,0.209763361024698,5.721328513487164,40.0,False
id_reference,A2_unfiltered_train_seed_1,50048,-85.02398179037924,250,False,0.12311114999742681,9.365560521269153,40.0,False
id_reference,A2_unfiltered_train_seed_1,50049,-79.14557574046975,75,True,0.021220141117406076,12.881115152275193,40.0,False
id_reference,A2_unfiltered_train_seed_1,50050,-137.9458215764754,100,True,0.04765745157165533,16.835906282501725,40.0,False
id_reference,A2_unfiltered_train_seed_1,50051,-126.94267854531273,86,True,0.047323551671262135,14.221568303136076,40.0,False
id_reference,A2_unfiltered_train_seed_1,50052,-116.41605802650136,57,True,0.021720861662806634,14.738519609371423,40.0,False
id_reference,A2_unfiltered_train_seed_1,50053,-33.5153380932303,46,True,0.048080103237308935,8.588853043678352,40.0,False
id_reference,A2_unfiltered_train_seed_1,50054,-118.16827967717667,75,True,0.0481046939167539,16.475509549846755,40.0,False
id_reference,A2_unfiltered_train_seed_1,50055,-94.10645045466444,250,False,0.10325742002239524,9.187365442095835,40.0,False
id_reference,A2_unfiltered_train_seed_1,50056,-3.31832563186501,34,True,0.04565083291026893,6.044920288108704,21.349781036376953,False
id_reference,A2_unfiltered_train_seed_1,50057,-110.84151329389474,250,False,0.2205267390214486,9.55738077097633,40.0,False
id_reference,A2_unfiltered_train_seed_1,50058,-102.13013459181417,75,True,0.04952406556649568,13.416892345103058,40.0,False
id_reference,A2_unfiltered_train_seed_1,50059,-37.60350317260069,67,True,0.04706986272625259,6.8964302857061375,40.0,False
id_reference,A2_unfiltered_train_seed_1,50060,-106.06772821333317,80,True,0.04998193762707236,15.268193161773755,40.0,False
id_reference,A2_unfiltered_train_seed_1,50061,-89.37836923677148,250,False,0.22499921781961185,4.890618996299643,34.803802490234375,False
id_reference,A2_unfiltered_train_seed_1,50062,-90.5599787738829,79,True,0.0485297443556312,14.813634206512981,40.0,False
id_reference,A2_unfiltered_train_seed_1,50063,-59.066561084052566,250,False,0.06268833990211686,4.501508291400448,32.88437271118164,False
id_reference,A2_unfiltered_train_seed_1,50064,-20.230539635109324,32,True,0.04334177523176995,7.852931132174566,40.0,False
id_reference,A2_unfiltered_train_seed_1,50065,-18.821429613121342,45,True,0.043963235135325594,7.829758683117065,40.0,False
id_reference,A2_unfiltered_train_seed_1,50066,-88.8596374794319,250,False,0.05470574836658882,9.690047313685078,40.0,False
id_reference,A2_unfiltered_train_seed_1,50067,-25.022295607528257,42,True,0.04253198122179914,6.529138693724866,35.214263916015625,False
id_reference,A2_unfiltered_train_seed_1,50068,-14.607117039515447,33,True,0.03599591782034854,7.826899749657468,22.387554168701172,False
id_reference,A2_unfiltered_train_seed_1,50069,-56.24608306837945,54,True,0.04877484050780715,15.223575752528944,40.0,False
id_reference,A2_unfiltered_train_seed_1,50070,-51.67215903912475,250,False,0.06670153708619955,5.926164677100932,35.461753845214844,False
id_reference,A2_unfiltered_train_seed_1,50071,-62.712970663625754,250,False,0.13145614385695725,7.2738543528096935,40.0,False
id_reference,A2_unfiltered_train_seed_1,50072,-134.54473196050532,250,False,0.11593111133608075,10.929909306503275,40.0,False
id_reference,A2_unfiltered_train_seed_1,50073,-113.8194150507506,83,True,0.046801413814605015,12.056054291882667,40.0,False
id_reference,A2_unfiltered_train_seed_1,50074,-17.5989045900239,35,True,0.03304475140942067,6.939605603283048,29.820871353149414,False
id_reference,A2_unfiltered_train_seed_1,50075,-124.99120751059992,250,False,0.24767831195885678,7.201015846601177,40.0,False
id_reference,A2_unfiltered_train_seed_1,50076,-164.4326165211474,250,False,0.13811783480236842,10.886015461439895,40.0,False
id_reference,A2_unfiltered_train_seed_1,50077,-81.95688525447366,250,False,0.09784425135266721,11.907119684590391,40.0,False
id_reference,A2_unfiltered_train_seed_1,50078,-67.33612565894076,250,False,0.08463612661225257,4.5689612228207706,39.13960647583008,False
id_reference,A2_unfiltered_train_seed_1,50079,-139.1645690603183,250,False,0.10413691727250857,12.686664679534791,40.0,False
id_reference,A2_unfiltered_train_seed_1,50080,-128.33733509442538,79,True,0.04802985530048605,13.581327771923824,40.0,False
id_reference,A2_unfiltered_train_seed_1,50081,-89.33091829233949,250,False,0.156480564730844,11.444859259437148,40.0,False
id_reference,A2_unfiltered_train_seed_1,50082,-31.298839089125764,54,True,0.01943984482999858,11.434286148408189,39.0819206237793,False
id_reference,A2_unfiltered_train_seed_1,50083,-80.15211069044744,70,True,0.0231211524807817,11.083619301625877,40.0,False
id_reference,A2_unfiltered_train_seed_1,50084,-65.78481612487971,250,False,0.13743449716233616,6.638767794343052,40.0,False
id_reference,A2_unfiltered_train_seed_1,50085,-130.94646977103494,250,False,0.10168786065443879,13.570822942014566,40.0,False
id_reference,A2_unfiltered_train_seed_1,50086,-99.11947373141189,250,False,0.06206860161941047,17.755189917036788,40.0,False
id_reference,A2_unfiltered_train_seed_1,50087,-19.998808856968942,31,True,0.012213764191181926,6.777521264115501,40.0,False
id_reference,A2_unfiltered_train_seed_1,50088,-73.51366962145063,57,True,0.04530186635340345,15.936731003176067,40.0,False
id_reference,A2_unfiltered_train_seed_1,50089,-74.4152112010934,250,False,0.0627257684844369,6.850031882555834,39.02751922607422,False
id_reference,A2_unfiltered_train_seed_1,50090,-97.62225763656049,94,True,0.0495717489457388,10.41172684838331,40.0,False
id_reference,A2_unfiltered_train_seed_1,50091,-179.1063023506141,250,False,0.11680162759861053,12.058019204900901,40.0,False
id_reference,A2_unfiltered_train_seed_1,50092,-98.46340317155904,250,False,0.13034364450795596,5.9024086372965385,40.0,False
id_reference,A2_unfiltered_train_seed_1,50093,-144.12671742703085,250,False,0.1019250226377225,10.814088988693753,40.0,False
id_reference,A2_unfiltered_train_seed_1,50094,-19.883162035533495,76,True,0.04950714374038033,6.462952025511707,40.0,False
id_reference,A2_unfiltered_train_seed_1,50095,-28.59568416041119,53,True,0.049439088904994745,6.949696164818034,36.60765075683594,False
id_reference,A2_unfiltered_train_seed_1,50096,-90.94025903372736,97,True,0.036768162900130796,10.60301334834912,40.0,False
id_reference,A2_unfiltered_train_seed_1,50097,-151.99446180147788,250,False,0.31553309635387067,5.910503125778531,40.0,False
id_reference,A2_unfiltered_train_seed_1,50098,-90.50010712076956,96,True,0.03724794593699913,13.902145717731049,40.0,False
id_reference,A2_unfiltered_train_seed_1,50099,-130.58016194927492,250,False,0.12271566646301417,12.154051196174924,40.0,False
id_reference,A5_hocbf_train_seed_1,50000,-75.00890880375685,250,False,0.12170882749598239,4.374027585010955,37.79911422729492,False
id_reference,A5_hocbf_train_seed_1,50001,-115.36881888030655,110,True,0.04842711849232933,4.949900031238941,40.0,False
id_reference,A5_hocbf_train_seed_1,50002,-47.49991844770997,61,True,0.022983898196529153,5.988496317835368,40.0,False
id_reference,A5_hocbf_train_seed_1,50003,-354.3930020109398,250,False,0.49276274978905826,4.2608022217640205,40.0,False
id_reference,A5_hocbf_train_seed_1,50004,-76.59940624993529,69,True,0.04842816668975752,4.177782854111866,40.0,False
id_reference,A5_hocbf_train_seed_1,50005,-119.60557540404322,250,False,0.14034583127353356,6.223214084806633,40.0,False
id_reference,A5_hocbf_train_seed_1,50006,-46.093276850389806,75,True,0.009491745821992296,2.9241768497575635,40.0,False
id_reference,A5_hocbf_train_seed_1,50007,-144.81393144813538,250,False,0.09236931499633358,4.136826961066148,40.0,False
id_reference,A5_hocbf_train_seed_1,50008,-100.03813186251656,111,True,0.049995480234786366,6.026467937901893,40.0,False
id_reference,A5_hocbf_train_seed_1,50009,-111.86070854194348,99,True,0.010339486203448644,2.8832332777315846,40.0,False
id_reference,A5_hocbf_train_seed_1,50010,-116.70997398464894,250,False,0.16613030541134902,3.667985903448494,40.0,False
id_reference,A5_hocbf_train_seed_1,50011,-67.7598396515132,250,False,0.12479797104509323,4.557869122706477,32.2144660949707,False
id_reference,A5_hocbf_train_seed_1,50012,-77.63971094905743,250,False,0.09630887648982259,3.9022375606399935,40.0,False
id_reference,A5_hocbf_train_seed_1,50013,-172.11550252189014,118,True,0.025344913858590414,3.630521424203978,40.0,False
id_reference,A5_hocbf_train_seed_1,50014,-186.28992373816766,250,False,0.31556864667329715,4.366971401376206,40.0,False
id_reference,A5_hocbf_train_seed_1,50015,-119.36168102195204,250,False,0.050531442864582964,3.4260343672269635,40.0,False
id_reference,A5_hocbf_train_seed_1,50016,-156.7352799573375,250,False,0.14176606607208483,2.1227415215214487,40.0,False
id_reference,A5_hocbf_train_seed_1,50017,-101.96025159394165,250,False,0.1117064574405587,4.845497956872522,40.0,False
id_reference,A5_hocbf_train_seed_1,50018,-153.60276179508307,49,False,1.9442214125320059,5.751462691903346,40.0,False
id_reference,A5_hocbf_train_seed_1,50019,-219.76022715734683,250,False,0.10723734943968041,2.899221938991307,40.0,False
id_reference,A5_hocbf_train_seed_1,50020,-40.95871711545825,61,True,0.02466968288059587,2.9005890823317477,40.0,False
id_reference,A5_hocbf_train_seed_1,50021,-19.12508967047623,43,True,0.012385116999162537,2.987324378796039,28.845325469970703,False
id_reference,A5_hocbf_train_seed_1,50022,-83.73506608992753,79,True,0.02281434981781026,3.914171275727201,40.0,False
id_reference,A5_hocbf_train_seed_1,50023,-84.72359803454069,75,True,0.029067875616711033,6.341493671790955,40.0,False
id_reference,A5_hocbf_train_seed_1,50024,-55.82487828629853,250,False,0.1968894020113953,4.5599138289581145,28.370647430419922,False
id_reference,A5_hocbf_train_seed_1,50025,-83.12194492957742,99,True,0.04957167281031193,5.66247855084444,40.0,False
id_reference,A5_hocbf_train_seed_1,50026,-249.94720264563355,250,False,0.6647319537837624,5.529480818362897,40.0,False
id_reference,A5_hocbf_train_seed_1,50027,-64.86865817874417,250,False,0.08219757956425236,6.436351612643082,40.0,False
id_reference,A5_hocbf_train_seed_1,50028,-69.60150123369301,73,True,0.026520252092988708,6.035550268578978,40.0,False
id_reference,A5_hocbf_train_seed_1,50029,-122.82115661696052,85,True,0.03232034366307196,4.085832012706245,40.0,False
id_reference,A5_hocbf_train_seed_1,50030,-85.22889761429978,80,True,0.04456233670809388,4.219189661913051,40.0,False
id_reference,A5_hocbf_train_seed_1,50031,-79.76894414862312,61,True,0.04762083677130686,6.623299973771989,40.0,False
id_reference,A5_hocbf_train_seed_1,50032,-69.85567090285869,69,True,0.02728663019906819,3.050581198330857,40.0,False
id_reference,A5_hocbf_train_seed_1,50033,-4.548720296832814,28,True,0.0475721077611709,4.110864869396037,27.936628341674805,False
id_reference,A5_hocbf_train_seed_1,50034,-42.3008241404128,55,True,0.036426585756551756,4.70280221360424,38.10314178466797,False
id_reference,A5_hocbf_train_seed_1,50035,-106.03730775000462,250,False,0.13283116699829434,4.914473241166712,40.0,False
id_reference,A5_hocbf_train_seed_1,50036,-100.18273876556981,250,False,0.07730879483554025,2.210094170538981,40.0,False
id_reference,A5_hocbf_train_seed_1,50037,-94.6161104897464,250,False,0.05429712760377487,3.0831688257917484,40.0,False
id_reference,A5_hocbf_train_seed_1,50038,-106.82884364785313,93,True,0.047008993462084626,5.849415299913304,40.0,False
id_reference,A5_hocbf_train_seed_1,50039,-54.46005940948847,65,True,0.04919485514714387,2.161670683765557,34.424129486083984,False
id_reference,A5_hocbf_train_seed_1,50040,-87.56331862287101,250,False,0.16925417718673666,5.017386298580596,40.0,False
id_reference,A5_hocbf_train_seed_1,50041,-52.03709988921343,60,True,0.005693406019229805,4.662965156475973,40.0,False
id_reference,A5_hocbf_train_seed_1,50042,-70.42126510946531,250,False,0.09626982933882568,4.914615963240437,36.72772216796875,False
id_reference,A5_hocbf_train_seed_1,50043,-13.285899506821007,36,True,0.04747698558042613,3.3723617277050644,40.0,False
id_reference,A5_hocbf_train_seed_1,50044,-104.29934464700546,250,False,0.10698063567193403,2.7785886687049386,40.0,False
id_reference,A5_hocbf_train_seed_1,50045,-216.1885309220643,147,True,0.021820744419553385,3.207389436470233,40.0,False
id_reference,A5_hocbf_train_seed_1,50046,-106.98659743366022,250,False,0.16943357421683564,5.016286096291299,40.0,False
id_reference,A5_hocbf_train_seed_1,50047,-103.04533222107102,250,False,0.2097633650908745,4.419945779894116,40.0,False
id_reference,A5_hocbf_train_seed_1,50048,-81.55493212251,250,False,0.12311129539895758,4.451819693984354,40.0,False
id_reference,A5_hocbf_train_seed_1,50049,-93.80786615313013,63,True,0.03796868169448533,3.7080711287646153,40.0,False
id_reference,A5_hocbf_train_seed_1,50050,-106.3933150342831,89,True,0.03962411123899701,5.712916439801637,40.0,False
id_reference,A5_hocbf_train_seed_1,50051,-146.2983729094304,250,False,0.14197284617259825,5.73524377072641,40.0,False
id_reference,A5_hocbf_train_seed_1,50052,-253.58879254681253,250,False,0.3434213752797334,6.078575575752792,40.0,False
id_reference,A5_hocbf_train_seed_1,50053,-87.84571954964709,250,False,0.0758343852328659,2.8964078270918154,40.0,False
id_reference,A5_hocbf_train_seed_1,50054,-101.59881410495095,90,True,0.04832040961405967,5.25179506455685,40.0,False
id_reference,A5_hocbf_train_seed_1,50055,-126.37799452252756,250,False,0.10338689041924087,2.3175212989379657,40.0,False
id_reference,A5_hocbf_train_seed_1,50056,-4.312087735414268,35,True,0.04589734662271297,4.4394631763594115,23.931835174560547,False
id_reference,A5_hocbf_train_seed_1,50057,-116.64674386286973,250,False,0.22052672240630708,3.3903134149154703,40.0,False
id_reference,A5_hocbf_train_seed_1,50058,-91.02730779738012,72,True,0.04953802526725593,4.850763570188529,40.0,False
id_reference,A5_hocbf_train_seed_1,50059,-58.06773887026509,82,True,0.047191082920927684,4.451368661052286,40.0,False
id_reference,A5_hocbf_train_seed_1,50060,-117.93400337962825,84,True,0.048380594710154066,5.079682244928997,40.0,False
id_reference,A5_hocbf_train_seed_1,50061,-89.26465979198029,250,False,0.22499907239981295,4.4573632685238875,35.093929290771484,False
id_reference,A5_hocbf_train_seed_1,50062,-85.55444811655484,75,True,0.04786763671914759,6.517912386454537,40.0,False
id_reference,A5_hocbf_train_seed_1,50063,-63.38664982680628,250,False,0.06268834320750169,2.622746728015902,32.38068771362305,False
id_reference,A5_hocbf_train_seed_1,50064,-26.131403777458996,36,True,0.04064755892485085,4.178958393025075,40.0,False
id_reference,A5_hocbf_train_seed_1,50065,-27.389636328127217,60,True,0.04003416349639615,4.281350570851275,40.0,False
id_reference,A5_hocbf_train_seed_1,50066,-144.56546679131878,250,False,0.05470574859758539,2.8860905410775075,40.0,False
id_reference,A5_hocbf_train_seed_1,50067,-33.33439473991385,47,True,0.03962855849012147,4.120006604522518,39.25791931152344,False
id_reference,A5_hocbf_train_seed_1,50068,-19.54867049391496,38,True,0.03178548003456246,4.638401158952134,22.347532272338867,False
id_reference,A5_hocbf_train_seed_1,50069,-64.11590475634675,66,True,0.04074149004205578,5.048935529943304,40.0,False
id_reference,A5_hocbf_train_seed_1,50070,-55.82191918291392,250,False,0.06670437275627464,3.557753508426347,34.171512603759766,False
id_reference,A5_hocbf_train_seed_1,50071,-67.10869441233417,250,False,0.1314561398541093,4.091081078933387,40.0,False
id_reference,A5_hocbf_train_seed_1,50072,-173.6577378240318,250,False,0.2510689317661448,5.764745648752051,40.0,False
id_reference,A5_hocbf_train_seed_1,50073,-142.91074582776326,250,False,0.058108354260476724,5.606096182413438,40.0,False
id_reference,A5_hocbf_train_seed_1,50074,-35.94408009503222,61,True,0.03196169478948135,3.9362078559065115,30.418514251708984,False
id_reference,A5_hocbf_train_seed_1,50075,-142.20280334270146,250,False,0.24526392340851388,4.85750861751935,40.0,False
id_reference,A5_hocbf_train_seed_1,50076,-379.9322974946289,250,False,0.9025532707182994,7.499903208854192,40.0,False
id_reference,A5_hocbf_train_seed_1,50077,-77.61406604635022,250,False,0.13259618730066783,8.433454151496807,40.0,False
id_reference,A5_hocbf_train_seed_1,50078,-78.73273331995782,250,False,0.0846364268422504,2.8218290360343277,40.0,False
id_reference,A5_hocbf_train_seed_1,50079,-189.9283103134525,75,False,0.22492019792593662,5.507840268353562,40.0,False
id_reference,A5_hocbf_train_seed_1,50080,-135.64745235605469,250,False,0.07798508651291489,6.863222305992703,40.0,False
id_reference,A5_hocbf_train_seed_1,50081,-84.60711804114645,250,False,0.15648055961084237,5.498080625916995,39.606876373291016,False
id_reference,A5_hocbf_train_seed_1,50082,-33.6786099323398,54,True,0.033082793501132045,6.319059823447016,38.00840759277344,False
id_reference,A5_hocbf_train_seed_1,50083,-84.2409839141722,85,True,0.02548924274318598,6.853307765270421,40.0,False
id_reference,A5_hocbf_train_seed_1,50084,-71.91137607050273,250,False,0.13743449375154904,3.954396228077295,40.0,False
id_reference,A5_hocbf_train_seed_1,50085,-153.89231574607206,250,False,0.1677213300217821,5.422508843350164,40.0,False
id_reference,A5_hocbf_train_seed_1,50086,-101.48099338905712,250,False,0.06206856308974973,6.619634846557846,40.0,False
id_reference,A5_hocbf_train_seed_1,50087,-33.17782541549209,46,True,0.009262692955645236,3.2115162546107063,40.0,False
id_reference,A5_hocbf_train_seed_1,50088,-165.23614888396054,250,False,0.17702372357111412,5.842151414256936,40.0,False
id_reference,A5_hocbf_train_seed_1,50089,-79.52720031954219,250,False,0.06272576577860356,5.395357953321036,40.0,False
id_reference,A5_hocbf_train_seed_1,50090,-96.46153123556422,99,True,0.04001092847854562,3.9328657697600353,40.0,False
id_reference,A5_hocbf_train_seed_1,50091,-210.00400499275526,250,False,0.39499826312497693,5.675126490670172,40.0,False
id_reference,A5_hocbf_train_seed_1,50092,-115.75521568173419,250,False,0.13114583469487212,5.1486371232497055,40.0,False
id_reference,A5_hocbf_train_seed_1,50093,-400.65474198965677,250,False,1.0806319486646723,6.858823765555711,40.0,False
id_reference,A5_hocbf_train_seed_1,50094,-18.031869602790238,37,True,0.047111424833312834,3.674108410025013,40.0,False
id_reference,A5_hocbf_train_seed_1,50095,-41.945173204811894,64,True,0.049708523181791996,3.624886680626898,34.43708038330078,False
id_reference,A5_hocbf_train_seed_1,50096,-137.47565474194772,110,True,0.037038931170526625,3.4194772604411168,40.0,False
id_reference,A5_hocbf_train_seed_1,50097,-206.24530916255685,250,False,0.4576621309909854,5.778574508767691,40.0,False
id_reference,A5_hocbf_train_seed_1,50098,-134.88116634288178,250,False,0.14838924311155707,5.701187697769102,40.0,False
id_reference,A5_hocbf_train_seed_1,50099,-217.18798957612734,250,False,0.4652220999706875,4.640126348394004,40.0,False
id_reference,A6_prefilter_train_seed_1,50000,-233.36271738363436,250,False,0.6897164836099895,4.030436471260674,36.18561935424805,False
id_reference,A6_prefilter_train_seed_1,50001,-174.91932416485324,250,False,0.325712420363585,11.038484491334913,40.0,False
id_reference,A6_prefilter_train_seed_1,50002,-118.03332344067326,250,False,0.30632270401250106,6.895856654338271,40.0,False
id_reference,A6_prefilter_train_seed_1,50003,-247.05846855251923,250,False,0.4945915854655336,12.586120131695415,40.0,False
id_reference,A6_prefilter_train_seed_1,50004,-135.72908461972415,250,False,0.3534375508279266,8.732303215208093,40.0,False
id_reference,A6_prefilter_train_seed_1,50005,-111.75585970999492,250,False,0.08732836609755265,14.403064892918758,40.0,False
id_reference,A6_prefilter_train_seed_1,50006,-97.87433846958129,250,False,0.1771779592541673,5.348163794017535,40.0,False
id_reference,A6_prefilter_train_seed_1,50007,-240.14932173658948,250,False,0.4848211126218359,10.970334449462017,40.0,False
id_reference,A6_prefilter_train_seed_1,50008,-162.35430769287512,250,False,0.31171151590927043,7.675383544523587,40.0,False
id_reference,A6_prefilter_train_seed_1,50009,-136.61536253390824,250,False,0.3142687884441441,10.360128323516332,40.0,False
id_reference,A6_prefilter_train_seed_1,50010,-86.25022947825964,250,False,0.10074857705487374,13.540682626031538,40.0,False
id_reference,A6_prefilter_train_seed_1,50011,-159.7123253734655,250,False,0.502051907954879,3.949086471573303,40.0,False
id_reference,A6_prefilter_train_seed_1,50012,-40.76715329019197,59,True,0.03517581936886786,11.091099368800567,40.0,False
id_reference,A6_prefilter_train_seed_1,50013,-206.3671011443851,250,False,0.5076866697275599,11.074549944071885,40.0,False
id_reference,A6_prefilter_train_seed_1,50014,-263.5721938688122,250,False,0.5721841115092567,17.605255328835806,40.0,False
id_reference,A6_prefilter_train_seed_1,50015,-227.47460851439982,250,False,0.5674385983569589,10.950893131928256,40.0,False
id_reference,A6_prefilter_train_seed_1,50016,-229.8532995248216,250,False,0.7125737983274422,10.481118784684057,40.0,False
id_reference,A6_prefilter_train_seed_1,50017,-121.28365400096413,250,False,0.20203505015342707,8.979617326772006,40.0,False
id_reference,A6_prefilter_train_seed_1,50018,-95.30719218887023,85,True,0.049805352052611565,11.949505044891437,40.0,False
id_reference,A6_prefilter_train_seed_1,50019,-201.50479313365744,250,False,0.4267957019553344,12.511156088280547,40.0,False
id_reference,A6_prefilter_train_seed_1,50020,-148.2820583692372,250,False,0.28529195626164894,2.106600780286565,40.0,False
id_reference,A6_prefilter_train_seed_1,50021,-103.22818172389908,250,False,0.2292476506874007,2.814462022162981,28.951824188232422,False
id_reference,A6_prefilter_train_seed_1,50022,-174.42478959606677,250,False,0.32410654570782393,11.89851367257992,40.0,False
id_reference,A6_prefilter_train_seed_1,50023,-136.6023534059106,250,False,0.2172163242959877,9.950220462425861,40.0,False
id_reference,A6_prefilter_train_seed_1,50024,-71.16140715927747,250,False,0.1859286704685705,2.874857988656721,30.038673400878906,False
id_reference,A6_prefilter_train_seed_1,50025,-177.71889981866744,250,False,0.32018648422857227,14.101470980718906,40.0,False
id_reference,A6_prefilter_train_seed_1,50026,-254.6807176054442,250,False,0.7518315828884071,5.513860956013031,40.0,False
id_reference,A6_prefilter_train_seed_1,50027,-39.414574907786076,37,True,0.04932184966288979,7.672647495415083,40.0,False
id_reference,A6_prefilter_train_seed_1,50028,-159.818592633087,250,False,0.16961249796435912,16.160782532206532,40.0,False
id_reference,A6_prefilter_train_seed_1,50029,-167.0328405125664,250,False,0.25344172137110715,13.87456030371233,40.0,False
id_reference,A6_prefilter_train_seed_1,50030,-145.83071458430962,250,False,0.3025818466432532,9.847797069318409,40.0,False
id_reference,A6_prefilter_train_seed_1,50031,-111.65831331854696,250,False,0.08000841872145616,14.112841515481154,40.0,False
id_reference,A6_prefilter_train_seed_1,50032,-152.24653909487552,250,False,0.2875706504292222,12.342558572765958,40.0,False
id_reference,A6_prefilter_train_seed_1,50033,-61.458187056473264,250,False,0.1289028314869742,2.8850382122175953,26.05364227294922,False
id_reference,A6_prefilter_train_seed_1,50034,-106.58770098999473,250,False,0.25340726677737474,5.716410431000345,40.0,False
id_reference,A6_prefilter_train_seed_1,50035,-203.96075677314244,250,False,0.6127979569742549,4.572889865969444,40.0,False
id_reference,A6_prefilter_train_seed_1,50036,-86.0627277989454,250,False,0.09458307817041565,3.74525639506488,39.63158416748047,False
id_reference,A6_prefilter_train_seed_1,50037,-105.99259046541275,250,False,0.1781675824774472,11.143158133949994,40.0,False
id_reference,A6_prefilter_train_seed_1,50038,-269.0849556807827,250,False,0.42661664112829595,18.10813040850166,40.0,False
id_reference,A6_prefilter_train_seed_1,50039,-98.57725640780174,250,False,0.1532222506652934,1.938160244586886,36.67261505126953,False
id_reference,A6_prefilter_train_seed_1,50040,-77.22694144994956,250,False,0.0714690687846353,10.138562363582674,40.0,False
id_reference,A6_prefilter_train_seed_1,50041,-75.82627854224414,250,False,0.07461457867035355,13.32311791279501,40.0,False
id_reference,A6_prefilter_train_seed_1,50042,-45.52921069279637,53,True,0.03754549576569504,5.910884781762526,40.0,False
id_reference,A6_prefilter_train_seed_1,50043,-74.93226471415979,250,False,0.12617672851635106,1.60529058399393,39.88480758666992,False
id_reference,A6_prefilter_train_seed_1,50044,-127.13443169106215,250,False,0.212333650455845,11.630181963926688,40.0,False
id_reference,A6_prefilter_train_seed_1,50045,-177.54141448271358,250,False,0.3494962091737571,11.623514517149559,40.0,False
id_reference,A6_prefilter_train_seed_1,50046,-57.68182875990611,62,True,0.04935350347256941,15.463835476919497,40.0,False
id_reference,A6_prefilter_train_seed_1,50047,-118.92112135523888,250,False,0.2508114196310031,2.9054874775119264,40.0,False
id_reference,A6_prefilter_train_seed_1,50048,-100.97839111677577,250,False,0.1961186204117545,8.367895233884836,40.0,False
id_reference,A6_prefilter_train_seed_1,50049,-137.46230388871228,250,False,0.1352327140814595,14.829332951315962,40.0,False
id_reference,A6_prefilter_train_seed_1,50050,-193.98532522065642,250,False,0.2785989932782654,12.29160321624659,40.0,False
id_reference,A6_prefilter_train_seed_1,50051,-165.34303711020516,250,False,0.10081528574396972,13.066888137631722,40.0,False
id_reference,A6_prefilter_train_seed_1,50052,-184.80942263281705,250,False,0.1757541441013321,14.723346062064891,40.0,False
id_reference,A6_prefilter_train_seed_1,50053,-110.25833663433808,250,False,0.20000743096746496,8.767058559933103,40.0,False
id_reference,A6_prefilter_train_seed_1,50054,-199.87079709282523,250,False,0.25606539418468993,18.826058526026348,40.0,False
id_reference,A6_prefilter_train_seed_1,50055,-224.4136001851998,250,False,0.6402745655270982,10.169321519722851,40.0,False
id_reference,A6_prefilter_train_seed_1,50056,-8.196856349699127,48,True,0.04807233273717027,3.0032996360291055,22.95441436767578,False
id_reference,A6_prefilter_train_seed_1,50057,-109.01692447564861,250,False,0.15087170477361234,8.070357174722856,40.0,False
id_reference,A6_prefilter_train_seed_1,50058,-155.9445387850807,250,False,0.18329428271284795,15.038699683349751,40.0,False
id_reference,A6_prefilter_train_seed_1,50059,-159.00674964866738,250,False,0.44941711903598175,4.249263382966727,40.0,False
id_reference,A6_prefilter_train_seed_1,50060,-156.44539621748868,250,False,0.12225181377846656,15.508884534542352,40.0,False
id_reference,A6_prefilter_train_seed_1,50061,-144.04548397246953,250,False,0.41849006219821466,3.067360801583208,37.22296142578125,False
id_reference,A6_prefilter_train_seed_1,50062,-148.51454230989248,250,False,0.21501901559057643,15.044557993335806,40.0,False
id_reference,A6_prefilter_train_seed_1,50063,-148.3498915644239,250,False,0.3660665484764237,1.8180146844829184,33.342376708984375,False
id_reference,A6_prefilter_train_seed_1,50064,-69.05995365958601,250,False,0.10089826481570141,6.438220938053613,40.0,False
id_reference,A6_prefilter_train_seed_1,50065,-89.22112427571437,250,False,0.1990520997299817,4.90704101501025,40.0,False
id_reference,A6_prefilter_train_seed_1,50066,-151.38559850748067,250,False,0.2992323643735257,10.551075331162824,40.0,False
id_reference,A6_prefilter_train_seed_1,50067,-103.67709613365405,250,False,0.25036662472524374,4.609806782411738,38.423892974853516,False
id_reference,A6_prefilter_train_seed_1,50068,-21.771532015620643,47,True,0.04675745986642546,4.81253908992876,22.706432342529297,False
id_reference,A6_prefilter_train_seed_1,50069,-106.1022662838971,250,False,0.0820702857217812,16.146237880861612,40.0,False
id_reference,A6_prefilter_train_seed_1,50070,-221.27048819961487,250,False,0.7573882011941102,3.2984968318719496,28.767789840698242,False
id_reference,A6_prefilter_train_seed_1,50071,-21.68160139661459,68,True,0.04985788495939139,6.058744361603612,40.0,False
id_reference,A6_prefilter_train_seed_1,50072,-143.01649688298505,250,False,0.11660855501834616,11.725562298206757,40.0,False
id_reference,A6_prefilter_train_seed_1,50073,-233.54950706856317,250,False,0.394918970052041,15.243197535321324,40.0,False
id_reference,A6_prefilter_train_seed_1,50074,-138.74340041271708,250,False,0.3983554707625612,4.282926217631101,31.40846061706543,False
id_reference,A6_prefilter_train_seed_1,50075,-245.24913456691763,250,False,0.7356319054796846,4.780297760013019,40.0,False
id_reference,A6_prefilter_train_seed_1,50076,-180.97365380755244,250,False,0.2111062402757009,11.464707856638663,40.0,False
id_reference,A6_prefilter_train_seed_1,50077,-58.8996728189846,250,False,0.06615556239311289,10.083394336623334,40.0,False
id_reference,A6_prefilter_train_seed_1,50078,-105.59262823437254,250,False,0.22475317806593825,3.192203645542564,40.0,False
id_reference,A6_prefilter_train_seed_1,50079,-157.74160193247425,250,False,0.1291833975907352,12.874206734356603,40.0,False
id_reference,A6_prefilter_train_seed_1,50080,-213.74240295369563,250,False,0.2544014611020968,17.400583686537225,40.0,False
id_reference,A6_prefilter_train_seed_1,50081,-46.129541784867605,55,True,0.03439254016922465,10.16390555985265,40.0,False
id_reference,A6_prefilter_train_seed_1,50082,-26.013257177904567,37,True,0.0493559337555943,10.634748414321574,40.0,False
id_reference,A6_prefilter_train_seed_1,50083,-77.63324655938062,64,True,0.029404344416206055,11.995795726732993,40.0,False
id_reference,A6_prefilter_train_seed_1,50084,-21.624281677311785,47,True,0.04922754870710328,6.756479442402185,40.0,False
id_reference,A6_prefilter_train_seed_1,50085,-155.93343905603274,250,False,0.20138650054642568,13.967246386485092,40.0,False
id_reference,A6_prefilter_train_seed_1,50086,-89.31848344908792,250,False,0.06871286667998892,17.507434503756603,40.0,False
id_reference,A6_prefilter_train_seed_1,50087,-81.18594786657263,250,False,0.13605078291955416,3.315036337315011,39.97528839111328,False
id_reference,A6_prefilter_train_seed_1,50088,-76.67418890130162,57,True,0.04968076819171363,16.48132743862375,40.0,False
id_reference,A6_prefilter_train_seed_1,50089,-121.25128182482781,250,False,0.23509611960746357,6.6863757488774445,40.0,False
id_reference,A6_prefilter_train_seed_1,50090,-190.56265329532823,250,False,0.3941455448098467,10.947694577135513,40.0,False
id_reference,A6_prefilter_train_seed_1,50091,-179.18246044649288,250,False,0.09889346222744229,10.693667601318868,40.0,False
id_reference,A6_prefilter_train_seed_1,50092,-237.9377995824027,250,False,0.7621301242376864,4.434065460170129,40.0,False
id_reference,A6_prefilter_train_seed_1,50093,-189.6430160274932,250,False,0.2783459153980394,11.217852122612523,40.0,False
id_reference,A6_prefilter_train_seed_1,50094,-87.12514195955227,250,False,0.1606742326242369,2.3662711770841205,39.959930419921875,False
id_reference,A6_prefilter_train_seed_1,50095,-83.03948511354325,250,False,0.12994895510099227,4.061058265029312,38.329566955566406,False
id_reference,A6_prefilter_train_seed_1,50096,-192.289060930377,250,False,0.46243827407060106,11.917125081828472,40.0,False
id_reference,A6_prefilter_train_seed_1,50097,-262.1384165782576,250,False,0.8354061625632301,5.766479925416747,40.0,False
id_reference,A6_prefilter_train_seed_1,50098,-68.00311643668027,61,True,0.04211770464588194,13.793470153359761,40.0,False
id_reference,A6_prefilter_train_seed_1,50099,-234.74412570263618,250,False,0.6486069802391127,9.352903683699404,40.0,False
id_reference,A6_hocbf_train_seed_1,50000,-233.52591138779292,250,False,0.6897737255256441,4.023744226081606,36.20009994506836,False
id_reference,A6_hocbf_train_seed_1,50001,-179.43594987782663,250,False,0.3258834631972958,5.147710051367842,40.0,False
id_reference,A6_hocbf_train_seed_1,50002,-123.36822335974335,250,False,0.3064082774812496,6.278910616027332,40.0,False
id_reference,A6_hocbf_train_seed_1,50003,-286.6264868970558,250,False,0.49404779442363145,4.2904624468832715,40.0,False
id_reference,A6_hocbf_train_seed_1,50004,-163.28314745994348,250,False,0.35341432054402944,4.273851456663203,40.0,False
id_reference,A6_hocbf_train_seed_1,50005,-116.53415567811007,250,False,0.08299948954577674,6.26448718663158,40.0,False
id_reference,A6_hocbf_train_seed_1,50006,-107.45979023152508,250,False,0.1771604340836448,2.9241768497575635,40.0,False
id_reference,A6_hocbf_train_seed_1,50007,-211.54378967289733,250,False,0.48458958417774156,4.1934900626713345,40.0,False
id_reference,A6_hocbf_train_seed_1,50008,-168.10022692255484,250,False,0.309256724070212,5.721497165133194,40.0,False
id_reference,A6_hocbf_train_seed_1,50009,-179.71992627956,250,False,0.3149042582425337,2.8162182397060773,40.0,False
id_reference,A6_hocbf_train_seed_1,50010,-105.49101354318185,250,False,0.10074857254205154,3.667985903448494,40.0,False
id_reference,A6_hocbf_train_seed_1,50011,-159.7123253734655,250,False,0.502051907954879,3.949086471573303,40.0,False
id_reference,A6_hocbf_train_seed_1,50012,-44.11422842284949,72,True,0.048314768511802816,2.771207815477174,40.0,False
id_reference,A6_hocbf_train_seed_1,50013,-278.8663100193335,250,False,0.5072528053858152,4.012342610166219,40.0,False
id_reference,A6_hocbf_train_seed_1,50014,-229.6010172875004,250,False,0.5741692857941914,4.307163162671922,40.0,False
id_reference,A6_hocbf_train_seed_1,50015,-203.34568247525357,250,False,0.566891312531725,3.4260343672269635,40.0,False
id_reference,A6_hocbf_train_seed_1,50016,-251.74466472411626,250,False,0.7147382209875492,2.1227415215214487,40.0,False
id_reference,A6_hocbf_train_seed_1,50017,-125.44570305580007,250,False,0.19657651587634015,4.953483000628718,40.0,False
id_reference,A6_hocbf_train_seed_1,50018,-157.0862429857401,49,False,2.0346780487209344,5.674787086011754,40.0,False
id_reference,A6_hocbf_train_seed_1,50019,-267.8393363026168,250,False,0.4258442759060899,3.11436710867878,40.0,False
id_reference,A6_hocbf_train_seed_1,50020,-157.9354898975271,250,False,0.2854365861920898,1.0750462556495208,40.0,False
id_reference,A6_hocbf_train_seed_1,50021,-103.24902163901727,250,False,0.22924764435654735,2.811542033885757,28.958919525146484,False
id_reference,A6_hocbf_train_seed_1,50022,-159.10548028286286,250,False,0.32403792207654525,3.914171275727201,40.0,False
id_reference,A6_hocbf_train_seed_1,50023,-144.78006511410257,250,False,0.21723924953690427,6.297632209339423,40.0,False
id_reference,A6_hocbf_train_seed_1,50024,-71.16140715927747,250,False,0.1859286704685705,2.874857988656721,30.038673400878906,False
id_reference,A6_hocbf_train_seed_1,50025,-156.40759078409002,250,False,0.3200762665663974,6.934784944308553,40.0,False
id_reference,A6_hocbf_train_seed_1,50026,-268.7452310319754,250,False,0.7503577082567461,5.2289578566062,40.0,False
id_reference,A6_hocbf_train_seed_1,50027,-36.878074239800604,37,True,0.029975210536591232,6.603800102326199,40.0,False
id_reference,A6_hocbf_train_seed_1,50028,-118.72208093032417,250,False,0.16961184733560045,6.035550268578978,40.0,False
id_reference,A6_hocbf_train_seed_1,50029,-182.10188244412106,250,False,0.25348660517965543,4.305327325397446,40.0,False
id_reference,A6_hocbf_train_seed_1,50030,-149.0547838812499,250,False,0.3024468498267562,4.435958155929953,40.0,False
id_reference,A6_hocbf_train_seed_1,50031,-114.64083482675683,250,False,0.08000842177052411,6.623858372179412,40.0,False
id_reference,A6_hocbf_train_seed_1,50032,-140.90543837858763,250,False,0.28756207909836035,3.050581198330857,40.0,False
id_reference,A6_hocbf_train_seed_1,50033,-61.458187056473264,250,False,0.1289028314869742,2.8850382122175953,26.05364227294922,False
id_reference,A6_hocbf_train_seed_1,50034,-110.79090780065238,250,False,0.2533701763686946,5.056723431058448,40.0,False
id_reference,A6_hocbf_train_seed_1,50035,-206.10105363417486,250,False,0.6127728166817283,4.394585706568433,40.0,False
id_reference,A6_hocbf_train_seed_1,50036,-107.98424184108282,250,False,0.09452072351594758,2.4286287526282893,40.0,False
id_reference,A6_hocbf_train_seed_1,50037,-122.6663931281509,250,False,0.17820404987241986,2.735787739589435,40.0,False
id_reference,A6_hocbf_train_seed_1,50038,-198.1723295221528,250,False,0.42822894681077883,6.058064409762785,40.0,False
id_reference,A6_hocbf_train_seed_1,50039,-104.10600245799395,250,False,0.15340976431876116,1.8996604493169196,35.66493225097656,False
id_reference,A6_hocbf_train_seed_1,50040,-72.75654700399377,250,False,0.07146907428665959,4.977689293401526,40.0,False
id_reference,A6_hocbf_train_seed_1,50041,-82.81828363542196,250,False,0.07461457389699315,4.662965156475973,40.0,False
id_reference,A6_hocbf_train_seed_1,50042,-44.454417450509965,53,True,0.043018031950528474,4.904897258872453,40.0,False
id_reference,A6_hocbf_train_seed_1,50043,-74.93226471415979,250,False,0.12617672851635106,1.60529058399393,39.88480758666992,False
id_reference,A6_hocbf_train_seed_1,50044,-129.71528826607172,250,False,0.21256966812023803,2.2101040858047623,40.0,False
id_reference,A6_hocbf_train_seed_1,50045,-258.6233922924008,250,False,0.34992633041686116,5.231976380744645,40.0,False
id_reference,A6_hocbf_train_seed_1,50046,-60.47295292806908,53,True,0.04789056526576534,5.016286096291299,40.0,False
id_reference,A6_hocbf_train_seed_1,50047,-118.92112135523888,250,False,0.2508114196310031,2.9054874775119264,40.0,False
id_reference,A6_hocbf_train_seed_1,50048,-97.87299486054623,250,False,0.19611874714225178,6.384863283292599,40.0,False
id_reference,A6_hocbf_train_seed_1,50049,-132.27872685464408,250,False,0.13523271551850682,3.914446698908856,40.0,False
id_reference,A6_hocbf_train_seed_1,50050,-172.54597324552364,250,False,0.2823071255850122,5.816185555740824,40.0,False
id_reference,A6_hocbf_train_seed_1,50051,-151.13467695067934,250,False,0.18457634392763278,5.769820374992546,40.0,False
id_reference,A6_hocbf_train_seed_1,50052,-266.0014579424291,250,False,0.3651608364801428,6.196133154254003,40.0,False
id_reference,A6_hocbf_train_seed_1,50053,-114.44974470952666,250,False,0.20008662795368207,2.8964078270918154,40.0,False
id_reference,A6_hocbf_train_seed_1,50054,-159.14596438725496,250,False,0.2562594752032778,5.18344283257827,40.0,False
id_reference,A6_hocbf_train_seed_1,50055,-222.56006853755048,250,False,0.6383342124542254,2.3175212989379657,40.0,False
id_reference,A6_hocbf_train_seed_1,50056,-8.196856349699127,48,True,0.04807233273717027,3.0032996360291055,22.95441436767578,False
id_reference,A6_hocbf_train_seed_1,50057,-105.545993560659,250,False,0.1508907225095944,3.3903134149154703,40.0,False
id_reference,A6_hocbf_train_seed_1,50058,-136.18871757116423,250,False,0.1832873548601444,4.850763570188529,40.0,False
id_reference,A6_hocbf_train_seed_1,50059,-165.85349611062722,250,False,0.4495431819913345,3.846025821969674,40.0,False
id_reference,A6_hocbf_train_seed_1,50060,-154.42414994537933,250,False,0.12225181234867002,5.23691044799278,40.0,False
id_reference,A6_hocbf_train_seed_1,50061,-144.04548397246953,250,False,0.41849006219821466,3.067360801583208,37.22296142578125,False
id_reference,A6_hocbf_train_seed_1,50062,-143.30375290724234,250,False,0.21749845484148259,6.680547684549083,40.0,False
id_reference,A6_hocbf_train_seed_1,50063,-148.3498915644239,250,False,0.3660665484764237,1.8180146844829184,33.342376708984375,False
id_reference,A6_hocbf_train_seed_1,50064,-72.34205925221784,250,False,0.10089836346130855,4.119288517323109,40.0,False
id_reference,A6_hocbf_train_seed_1,50065,-89.65961340264282,250,False,0.19905239176076198,4.66558739545129,40.0,False
id_reference,A6_hocbf_train_seed_1,50066,-188.00078254298342,250,False,0.29945668407474096,3.1516469276014427,40.0,False
id_reference,A6_hocbf_train_seed_1,50067,-105.79872289866786,250,False,0.2503508151958522,4.218996552137102,39.40777587890625,False
id_reference,A6_hocbf_train_seed_1,50068,-22.707521599978485,48,True,0.0460989532024164,4.556723757157654,23.142274856567383,False
id_reference,A6_hocbf_train_seed_1,50069,-93.81537616951351,250,False,0.08207032300325842,5.048935529943304,40.0,False
id_reference,A6_hocbf_train_seed_1,50070,-221.27048819961487,250,False,0.7573882011941102,3.2984968318719496,28.767789840698242,False
id_reference,A6_hocbf_train_seed_1,50071,-27.071829618775894,74,True,0.04984406509463329,3.2498539103408643,40.0,False
id_reference,A6_hocbf_train_seed_1,50072,-172.33815700070627,250,False,0.25193200375991265,5.723819034490189,40.0,False
id_reference,A6_hocbf_train_seed_1,50073,-200.3997254713835,250,False,0.3959360163753752,5.612715589433004,40.0,False
id_reference,A6_hocbf_train_seed_1,50074,-140.1399510437423,250,False,0.3983502845809514,3.967467380973166,31.90070915222168,False
id_reference,A6_hocbf_train_seed_1,50075,-248.37893022661729,250,False,0.7357871222134756,4.762177672820726,40.0,False
id_reference,A6_hocbf_train_seed_1,50076,-116.19920024938524,34,False,2.564764143300967,10.717825078518784,40.0,False
id_reference,A6_hocbf_train_seed_1,50077,-57.67896502661987,250,False,0.06615556647428132,8.717138963268987,40.0,False
id_reference,A6_hocbf_train_seed_1,50078,-107.42612651970005,250,False,0.22480025640023815,2.926107316236324,40.0,False
id_reference,A6_hocbf_train_seed_1,50079,-245.65624843242153,250,False,0.14189486037255147,5.4336664790150655,40.0,False
id_reference,A6_hocbf_train_seed_1,50080,-170.53506356291416,250,False,0.25449254123903453,6.929716784694146,40.0,False
id_reference,A6_hocbf_train_seed_1,50081,-41.721571366214775,50,True,0.037304018102505915,5.338822103815132,40.0,False
id_reference,A6_hocbf_train_seed_1,50082,-30.605979464881422,46,True,0.047850691855365515,6.346373572991664,40.0,False
id_reference,A6_hocbf_train_seed_1,50083,-82.0311853274402,74,True,0.022983211965532626,6.8064551299143385,40.0,False
id_reference,A6_hocbf_train_seed_1,50084,-29.135948289685317,44,True,0.03509774693116096,2.479048487236638,40.0,False
id_reference,A6_hocbf_train_seed_1,50085,-159.6049858997427,250,False,0.20140526466559835,5.3664502868517205,40.0,False
id_reference,A6_hocbf_train_seed_1,50086,-99.09244070796662,250,False,0.0687128870928424,6.667938951012733,40.0,False
id_reference,A6_hocbf_train_seed_1,50087,-82.93318703283579,250,False,0.1360532614718192,2.800585540574348,40.0,False
id_reference,A6_hocbf_train_seed_1,50088,-179.57365764348148,250,False,0.20521591202873565,5.827289456192684,40.0,False
id_reference,A6_hocbf_train_seed_1,50089,-119.17715666595028,250,False,0.23509647899204397,5.4311408842393645,40.0,False
id_reference,A6_hocbf_train_seed_1,50090,-177.8682693280058,250,False,0.3945277037208845,3.9328657697600353,40.0,False
id_reference,A6_hocbf_train_seed_1,50091,-216.86802834622023,250,False,0.4271484019449635,5.685426236573078,40.0,False
id_reference,A6_hocbf_train_seed_1,50092,-248.8696123933107,250,False,0.7621794889178707,4.400179647909622,40.0,False
id_reference,A6_hocbf_train_seed_1,50093,-407.8731893786755,250,False,1.0326938272872346,10.019871788776001,40.0,False
id_reference,A6_hocbf_train_seed_1,50094,-87.12514195955227,250,False,0.1606742326242369,2.3662711770841205,39.959930419921875,False
id_reference,A6_hocbf_train_seed_1,50095,-86.8457429455113,250,False,0.12995404893465284,3.666953464732376,37.380126953125,False
id_reference,A6_hocbf_train_seed_1,50096,-225.84102238844955,250,False,0.4626506217926949,3.4194772604411168,40.0,False
id_reference,A6_hocbf_train_seed_1,50097,-261.1341946338662,250,False,0.8354541881623238,5.883168371905603,40.0,False
id_reference,A6_hocbf_train_seed_1,50098,-90.86513472350039,63,True,0.04484844503087189,5.576542777026624,40.0,False
id_reference,A6_hocbf_train_seed_1,50099,-245.61141876149713,250,False,0.6493261279635314,4.684546390602998,40.0,False
ood_compound,A2_unfiltered_train_seed_1,50000,-219.15966599595848,250,False,0.6218429027195934,5.800234970572306,40.0,False
ood_compound,A2_unfiltered_train_seed_1,50001,-198.7623891744016,250,False,0.20548586512423958,12.739045575051653,40.0,False
ood_compound,A2_unfiltered_train_seed_1,50002,-125.65101035663488,250,False,0.10300478210673725,8.446483237944223,40.0,False
ood_compound,A2_unfiltered_train_seed_1,50003,-546.8144932584842,250,False,1.3659464284367977,23.33072099788416,40.0,False
ood_compound,A2_unfiltered_train_seed_1,50004,-279.60052032488335,250,False,1.008460120624225,5.496236592935559,40.0,False
ood_compound,A2_unfiltered_train_seed_1,50005,-188.0770981569044,250,False,0.21459670952459434,10.022861919048964,40.0,False
ood_compound,A2_unfiltered_train_seed_1,50006,-133.02143086803727,250,False,0.18671513630781533,6.950471902653192,40.0,False
ood_compound,A2_unfiltered_train_seed_1,50007,-250.4173017825448,250,False,0.5083302665172387,8.783942198262647,40.0,False
ood_compound,A2_unfiltered_train_seed_1,50008,-288.7353664768209,250,False,0.5297696639337839,20.823229556524144,40.0,False
ood_compound,A2_unfiltered_train_seed_1,50009,-117.93679699893138,250,False,0.1687076657135393,8.28713249611039,40.0,False
ood_compound,A2_unfiltered_train_seed_1,50010,-152.61979280400197,250,False,0.2533653823474379,7.57750763173005,40.0,False
ood_compound,A2_unfiltered_train_seed_1,50011,-235.1680474327156,250,False,0.634781497383907,6.1349757664169315,40.0,False
ood_compound,A2_unfiltered_train_seed_1,50012,-63.92013544615262,112,True,0.04718794911918849,9.811543581500349,40.0,False
ood_compound,A2_unfiltered_train_seed_1,50013,-309.66330456307264,250,False,0.7172921136323589,7.1969290658883125,39.12261962890625,False
ood_compound,A2_unfiltered_train_seed_1,50014,-253.57509544582467,250,False,0.5593284991308353,12.807060294455212,40.0,False
ood_compound,A2_unfiltered_train_seed_1,50015,-199.23470502041783,250,False,0.2606003753674914,10.07197748886214,40.0,False
ood_compound,A2_unfiltered_train_seed_1,50016,-194.95787733211012,250,False,0.4318127297188615,8.10897040431017,40.0,False
ood_compound,A2_unfiltered_train_seed_1,50017,-294.2871881332606,250,False,0.5146353831558654,19.15189919952971,40.0,False
ood_compound,A2_unfiltered_train_seed_1,50018,-198.1017085988172,250,False,0.1437109541957188,7.955120750796565,40.0,False
ood_compound,A2_unfiltered_train_seed_1,50019,-203.66455561233977,250,False,0.40121320809872746,8.895048431604096,40.0,False
ood_compound,A2_unfiltered_train_seed_1,50020,-161.47433543301227,250,False,0.21144932634012154,4.770021773623332,40.0,False
ood_compound,A2_unfiltered_train_seed_1,50021,-264.21631856824166,250,False,0.704014339201445,2.7638363395643712,40.0,False
ood_compound,A2_unfiltered_train_seed_1,50022,-175.02236883268134,250,False,0.2809414622714784,8.294011773239323,40.0,False
ood_compound,A2_unfiltered_train_seed_1,50023,-183.2864360851597,250,False,0.11504425937708186,13.970818738820691,40.0,False
ood_compound,A2_unfiltered_train_seed_1,50024,-268.17881508615136,250,False,0.679312637938819,4.33396774192659,40.0,False
ood_compound,A2_unfiltered_train_seed_1,50025,-198.7949317364189,250,False,0.2029904000559211,18.293544857974407,40.0,False
ood_compound,A2_unfiltered_train_seed_1,50026,-325.09038229648644,250,False,0.9722802230526622,6.432412109440347,40.0,False
ood_compound,A2_unfiltered_train_seed_1,50027,-187.96679277455047,250,False,0.2542007609918736,8.36261675893963,40.0,False
ood_compound,A2_unfiltered_train_seed_1,50028,-223.46277154655218,250,False,0.23011161257374338,12.570849980831042,40.0,False
ood_compound,A2_unfiltered_train_seed_1,50029,-197.64556850773982,250,False,0.2327129893576469,10.888227214863186,40.0,False
ood_compound,A2_unfiltered_train_seed_1,50030,-165.6319023403103,250,False,0.19601236344475007,9.219210115470185,40.0,False
ood_compound,A2_unfiltered_train_seed_1,50031,-176.3412189071383,250,False,0.09023190000060939,14.263009497069469,40.0,False
ood_compound,A2_unfiltered_train_seed_1,50032,-169.667960661072,250,False,0.3160379824543338,8.407926029195348,40.0,False
ood_compound,A2_unfiltered_train_seed_1,50033,-274.96670461225654,250,False,0.7678764069177594,3.5202377485890533,40.0,False
ood_compound,A2_unfiltered_train_seed_1,50034,-131.7693341476449,250,False,0.10937174882357782,6.769135773255799,40.0,False
ood_compound,A2_unfiltered_train_seed_1,50035,-286.87579835366853,250,False,0.8124748171472048,6.324465157182233,40.0,False
ood_compound,A2_unfiltered_train_seed_1,50036,-436.61973670717236,250,False,1.16286677487784,4.394987057562223,40.0,False
ood_compound,A2_unfiltered_train_seed_1,50037,-124.42768432970892,250,False,0.17619425013737347,9.267927867374013,40.0,False
ood_compound,A2_unfiltered_train_seed_1,50038,-222.42445833155006,250,False,0.3071248732178494,14.155961533796876,40.0,False
ood_compound,A2_unfiltered_train_seed_1,50039,-94.24939696327031,250,False,0.10032528303261036,4.525722029908751,40.0,False
ood_compound,A2_unfiltered_train_seed_1,50040,-205.73605290042977,250,False,0.42153525983822215,8.60749536895843,40.0,False
ood_compound,A2_unfiltered_train_seed_1,50041,-177.58785716036618,250,False,0.20631291773120508,8.62114158051326,40.0,False
ood_compound,A2_unfiltered_train_seed_1,50042,-201.96335018163683,250,False,0.48646622874024426,6.021037897137202,40.0,False
ood_compound,A2_unfiltered_train_seed_1,50043,-99.70502421888484,250,False,0.1349158333981971,4.223328228000538,40.0,False
ood_compound,A2_unfiltered_train_seed_1,50044,-132.25132426799914,250,False,0.12054981949791935,11.169867163230284,40.0,False
ood_compound,A2_unfiltered_train_seed_1,50045,-204.61120222013338,250,False,0.42614754723765536,7.849440263601343,40.0,False
ood_compound,A2_unfiltered_train_seed_1,50046,-148.99208656043896,250,False,0.23456320897844377,8.519155506711554,40.0,False
ood_compound,A2_unfiltered_train_seed_1,50047,-410.5728929697498,250,False,1.4938192710780953,6.18800052839349,40.0,False
ood_compound,A2_unfiltered_train_seed_1,50048,-154.19232370225475,250,False,0.19083149243079683,11.365039861917086,40.0,False
ood_compound,A2_unfiltered_train_seed_1,50049,-221.39045135654385,250,False,0.36748197949768513,10.617597168250503,40.0,False
ood_compound,A2_unfiltered_train_seed_1,50050,-222.48885099682988,250,False,0.2578794585317645,18.574545337320785,40.0,False
ood_compound,A2_unfiltered_train_seed_1,50051,-173.09502757036492,250,False,0.14088582198393526,18.73918798213918,40.0,False
ood_compound,A2_unfiltered_train_seed_1,50052,-451.6605616559495,250,False,0.663674958908116,18.30342348330221,40.0,False
ood_compound,A2_unfiltered_train_seed_1,50053,-132.13013481708373,250,False,0.09129724893843409,7.897171215514752,40.0,False
ood_compound,A2_unfiltered_train_seed_1,50054,-183.29874281533932,250,False,0.2003527744005097,14.956734650140573,40.0,False
ood_compound,A2_unfiltered_train_seed_1,50055,-166.1255535816692,250,False,0.27120029509808125,7.950957833836196,40.0,False
ood_compound,A2_unfiltered_train_seed_1,50056,-81.1888368332569,250,False,0.12213364512373744,4.467252713581158,37.724884033203125,False
ood_compound,A2_unfiltered_train_seed_1,50057,-333.60059320471197,250,False,0.45746162908412635,8.158284485734061,40.0,False
ood_compound,A2_unfiltered_train_seed_1,50058,-213.98017105160332,250,False,0.14170682942229595,10.527159591966587,40.0,False
ood_compound,A2_unfiltered_train_seed_1,50059,-201.47586931040945,250,False,0.4404211858772547,5.770529758734631,40.0,False
ood_compound,A2_unfiltered_train_seed_1,50060,-254.0565610210643,250,False,0.354520280218704,9.678253920813079,40.0,False
ood_compound,A2_unfiltered_train_seed_1,50061,-296.51485579446023,250,False,0.6067244327984913,4.421921760705258,40.0,False
ood_compound,A2_unfiltered_train_seed_1,50062,-180.07586796446301,250,False,0.13686583032741928,16.505153125785938,40.0,False
ood_compound,A2_unfiltered_train_seed_1,50063,-336.66236795878706,250,False,1.0233655131597752,2.925288968594873,40.0,False
ood_compound,A2_unfiltered_train_seed_1,50064,-260.57659416474263,250,False,0.2603784119493767,5.876390696273064,40.0,False
ood_compound,A2_unfiltered_train_seed_1,50065,-106.49522669473245,250,False,0.17727623208734486,7.469582793444539,40.0,False
ood_compound,A2_unfiltered_train_seed_1,50066,-185.21359249847552,250,False,0.34723828125519957,6.629900073796447,40.0,False
ood_compound,A2_unfiltered_train_seed_1,50067,-169.99260387543765,250,False,0.14195249484692932,6.0995043588441495,40.0,False
ood_compound,A2_unfiltered_train_seed_1,50068,-25.279293292922546,59,True,0.008929780991755818,6.09901663236078,38.64255905151367,False
ood_compound,A2_unfiltered_train_seed_1,50069,-168.55056518240735,250,False,0.15311220722814853,12.550999466785312,40.0,False
ood_compound,A2_unfiltered_train_seed_1,50070,-274.47991960921365,250,False,0.8164499646606258,5.357604022498296,40.0,False
ood_compound,A2_unfiltered_train_seed_1,50071,-144.3485900872204,250,False,0.19745851691643918,5.82003214361887,40.0,False
ood_compound,A2_unfiltered_train_seed_1,50072,-180.424024115838,250,False,0.197291416254917,15.191410187836702,40.0,False
ood_compound,A2_unfiltered_train_seed_1,50073,-221.95652043396967,250,False,0.27019966807750345,16.337249891436453,40.0,False
ood_compound,A2_unfiltered_train_seed_1,50074,-191.7946055232255,250,False,0.6139697338439272,5.991406692440688,40.0,False
ood_compound,A2_unfiltered_train_seed_1,50075,-327.32211463371794,250,False,0.8993817448795133,6.203554638051546,40.0,False
ood_compound,A2_unfiltered_train_seed_1,50076,-224.25803954861303,250,False,0.27187258770021155,9.389804184115,40.0,False
ood_compound,A2_unfiltered_train_seed_1,50077,-156.46149562817948,250,False,0.2678568713660464,7.824610264775561,40.0,False
ood_compound,A2_unfiltered_train_seed_1,50078,-436.53851991759404,250,False,1.062760963960956,3.7963302981133378,40.0,False
ood_compound,A2_unfiltered_train_seed_1,50079,-282.9120331531953,250,False,0.2482647233404355,9.214814504987258,40.0,False
ood_compound,A2_unfiltered_train_seed_1,50080,-196.24561118835072,250,False,0.13892753073537667,16.08166868704071,40.0,False
ood_compound,A2_unfiltered_train_seed_1,50081,-161.99560542478255,250,False,0.26807214759036585,8.490696166553242,40.0,False
ood_compound,A2_unfiltered_train_seed_1,50082,-61.73967071596289,83,True,0.026854994090479922,8.324589715967816,40.0,False
ood_compound,A2_unfiltered_train_seed_1,50083,-167.85310119146803,250,False,0.08863600324819204,16.79134441422584,40.0,False
ood_compound,A2_unfiltered_train_seed_1,50084,-109.17723611052469,250,False,0.10769907390624327,4.948774480167732,40.0,False
ood_compound,A2_unfiltered_train_seed_1,50085,-223.07687720754646,250,False,0.1818560004935569,18.37176823944093,40.0,False
ood_compound,A2_unfiltered_train_seed_1,50086,-118.15894988104924,250,False,0.098496274273768,10.742466427855508,40.0,False
ood_compound,A2_unfiltered_train_seed_1,50087,-87.28133688554293,250,False,0.08669030629998181,6.073324712686507,40.0,False
ood_compound,A2_unfiltered_train_seed_1,50088,-246.01364319422242,250,False,0.23390413511564437,13.72797590640287,40.0,False
ood_compound,A2_unfiltered_train_seed_1,50089,-161.31907282808967,250,False,0.31018874485527254,10.896591047824367,40.0,False
ood_compound,A2_unfiltered_train_seed_1,50090,-224.11195833456438,250,False,0.28387296409520246,9.511094314369661,40.0,False
ood_compound,A2_unfiltered_train_seed_1,50091,-231.11010894945883,250,False,0.15225005533947908,12.436708034319127,40.0,False
ood_compound,A2_unfiltered_train_seed_1,50092,-278.6457127962868,250,False,0.7780988537000568,5.445750577859319,40.0,False
ood_compound,A2_unfiltered_train_seed_1,50093,-304.6882444843164,250,False,0.3076964297056572,8.56157495158703,40.0,False
ood_compound,A2_unfiltered_train_seed_1,50094,-127.94892778307113,250,False,0.20896522657836517,7.335261476963639,40.0,False
ood_compound,A2_unfiltered_train_seed_1,50095,-85.4788380244216,250,False,0.10063138883626101,6.604788645078192,40.0,False
ood_compound,A2_unfiltered_train_seed_1,50096,-298.34033887054903,250,False,0.43674336477198,9.244210302783298,40.0,False
ood_compound,A2_unfiltered_train_seed_1,50097,-288.264299763057,250,False,0.8125583061104782,6.339475057337473,40.0,False
ood_compound,A2_unfiltered_train_seed_1,50098,-137.4474485913904,250,False,0.08287121114036698,9.418646141186088,40.0,False
ood_compound,A2_unfiltered_train_seed_1,50099,-306.1070690122732,250,False,0.8067022443241337,7.363179819439686,40.0,False
ood_compound,A5_hocbf_train_seed_1,50000,-360.2942205730063,250,False,1.1451481161599877,4.981264300873976,40.0,False
ood_compound,A5_hocbf_train_seed_1,50001,-230.06095956992928,250,False,0.2809503863649826,5.090825117191352,40.0,False
ood_compound,A5_hocbf_train_seed_1,50002,-455.9695411396905,250,False,1.5720893977215604,6.274387177239025,40.0,False
ood_compound,A5_hocbf_train_seed_1,50003,-211.27318243328844,61,False,3.0792746950030607,10.638615391377774,40.0,False
ood_compound,A5_hocbf_train_seed_1,50004,-503.74961174967643,250,False,0.9735569711118409,5.394233106215252,40.0,False
ood_compound,A5_hocbf_train_seed_1,50005,-236.70336986408515,250,False,0.4589161667771821,4.57153980438108,40.0,False
ood_compound,A5_hocbf_train_seed_1,50006,-238.31115732484892,250,False,0.18720707050769383,2.680151935610294,40.0,False
ood_compound,A5_hocbf_train_seed_1,50007,-180.42933014786178,61,False,2.9746732544794985,10.289198100497643,40.0,False
ood_compound,A5_hocbf_train_seed_1,50008,-309.7504175169274,250,False,0.948626106540172,7.629488829747822,40.0,False
ood_compound,A5_hocbf_train_seed_1,50009,-414.385452082937,250,False,0.12275281645273604,2.799282290637537,40.0,False
ood_compound,A5_hocbf_train_seed_1,50010,-271.1136767530753,250,False,0.2520902838884861,3.1831601081306045,40.0,False
ood_compound,A5_hocbf_train_seed_1,50011,-272.3253968953142,250,False,0.8636250866003341,5.775250229950901,40.0,False
ood_compound,A5_hocbf_train_seed_1,50012,-187.97398092657923,189,True,0.04875128066526292,2.746323761458142,40.0,False
ood_compound,A5_hocbf_train_seed_1,50013,-953.1147849501384,250,False,3.3567595280751927,2.0512337342347955,40.0,False
ood_compound,A5_hocbf_train_seed_1,50014,-312.63055341586255,250,False,0.9718586974281407,6.28514578954647,40.0,False
ood_compound,A5_hocbf_train_seed_1,50015,-385.0503214239121,250,False,0.21732296692309466,3.553394937403537,40.0,False
ood_compound,A5_hocbf_train_seed_1,50016,-509.4946433684883,250,False,0.6076794328242476,1.5621586233713105,40.0,False
ood_compound,A5_hocbf_train_seed_1,50017,-309.97849288762086,250,False,0.9946146312373253,7.215193055883639,40.0,False
ood_compound,A5_hocbf_train_seed_1,50018,-430.43143111769075,250,False,0.6093739086440879,5.564709669011095,40.0,False
ood_compound,A5_hocbf_train_seed_1,50019,-798.0028316089384,250,False,2.800328903599488,0.9738879933564872,40.0,False
ood_compound,A5_hocbf_train_seed_1,50020,-395.21503547152156,250,False,1.0961927295286846,1.958270509552832,40.0,False
ood_compound,A5_hocbf_train_seed_1,50021,-417.1846373641119,250,False,1.3815030055933977,1.5459605310270614,40.0,False
ood_compound,A5_hocbf_train_seed_1,50022,-318.35304281901784,250,False,0.29747358847571925,3.3077073736121174,40.0,False
ood_compound,A5_hocbf_train_seed_1,50023,-193.35981881237512,250,False,0.11744185283469208,7.234275476631176,40.0,False
ood_compound,A5_hocbf_train_seed_1,50024,-317.9928134219143,250,False,0.8799282853101128,3.3925283319527315,40.0,False
ood_compound,A5_hocbf_train_seed_1,50025,-186.79523979300973,250,False,0.1997545058982143,6.425517172071697,40.0,False
ood_compound,A5_hocbf_train_seed_1,50026,-401.1332724781521,250,False,1.4869822680060738,7.299738062290557,40.0,False
ood_compound,A5_hocbf_train_seed_1,50027,-193.52439022271477,250,False,0.25804205501863997,5.209366030685235,40.0,False
ood_compound,A5_hocbf_train_seed_1,50028,-347.94251545133227,250,False,0.23806470560195675,5.811036793852286,40.0,False
ood_compound,A5_hocbf_train_seed_1,50029,-718.4853000784767,250,False,1.816646685424529,2.6713072500415236,40.0,False
ood_compound,A5_hocbf_train_seed_1,50030,-183.6742962463461,250,False,0.25479320879284206,6.8736116675335115,40.0,False
ood_compound,A5_hocbf_train_seed_1,50031,-209.1275577732179,250,False,0.09433941123669747,5.727047062577271,40.0,False
ood_compound,A5_hocbf_train_seed_1,50032,-301.7241421567328,250,False,0.32226621427292224,2.3126825074164037,40.0,False
ood_compound,A5_hocbf_train_seed_1,50033,-412.3830516890481,250,False,1.4068900834925884,2.341883385187652,40.0,False
ood_compound,A5_hocbf_train_seed_1,50034,-486.41884614467017,250,False,1.642817669934317,4.162894561364337,40.0,False
ood_compound,A5_hocbf_train_seed_1,50035,-424.9183852943159,250,False,1.4353964696862174,5.371652846089619,40.0,False
ood_compound,A5_hocbf_train_seed_1,50036,-585.2291806334571,250,False,2.315331653301971,1.4295273964764184,40.0,False
ood_compound,A5_hocbf_train_seed_1,50037,-609.4999170397243,250,False,2.2683327048743487,0.9963292243622331,40.0,False
ood_compound,A5_hocbf_train_seed_1,50038,-271.3453098823681,250,False,0.5630965566164005,6.943614796330335,40.0,False
ood_compound,A5_hocbf_train_seed_1,50039,-495.1978250757604,250,False,1.723432161992739,2.002426718987727,40.0,False
ood_compound,A5_hocbf_train_seed_1,50040,-229.87630367722875,250,False,0.6960952751654435,6.364069461248083,40.0,False
ood_compound,A5_hocbf_train_seed_1,50041,-300.8451836242194,250,False,0.21349663712329883,2.9860210610134024,40.0,False
ood_compound,A5_hocbf_train_seed_1,50042,-328.7202859449828,250,False,1.046298745349816,4.338164665620821,40.0,False
ood_compound,A5_hocbf_train_seed_1,50043,-312.78076240761834,250,False,0.8956161674788243,0.7686343943860391,40.0,False
ood_compound,A5_hocbf_train_seed_1,50044,-678.1234502771074,250,False,2.342238310206379,0.8282347082284894,40.0,False
ood_compound,A5_hocbf_train_seed_1,50045,-427.8418754596269,250,False,1.183235122354654,2.8867317554882206,40.0,False
ood_compound,A5_hocbf_train_seed_1,50046,-262.670485026722,250,False,0.235136290057275,2.7296569433683824,40.0,False
ood_compound,A5_hocbf_train_seed_1,50047,-428.1362731721621,250,False,1.3969740902539114,4.2491038116272755,40.0,False
ood_compound,A5_hocbf_train_seed_1,50048,-155.27724880518284,250,False,0.19031781910777415,5.78033636647959,40.0,False
ood_compound,A5_hocbf_train_seed_1,50049,-639.585188088462,250,False,0.4547037225586294,3.131270237974496,40.0,False
ood_compound,A5_hocbf_train_seed_1,50050,-261.8867934332736,250,False,0.48095229930814826,5.242806199931932,40.0,False
ood_compound,A5_hocbf_train_seed_1,50051,-268.15346771926284,250,False,0.6525338980813643,5.002784478107613,40.0,False
ood_compound,A5_hocbf_train_seed_1,50052,-389.6207681911807,250,False,1.0805638796338977,6.02032254958488,40.0,False
ood_compound,A5_hocbf_train_seed_1,50053,-293.31991478637514,250,False,0.10894448357091349,2.0002946860816833,40.0,False
ood_compound,A5_hocbf_train_seed_1,50054,-200.66604164409156,250,False,0.26296725196219084,4.597732393555889,40.0,False
ood_compound,A5_hocbf_train_seed_1,50055,-305.6957116128162,250,False,0.27869212922207676,2.047502268933925,40.0,False
ood_compound,A5_hocbf_train_seed_1,50056,-84.69896265668314,250,False,0.12213363926897797,2.7366510008772393,39.733272552490234,False
ood_compound,A5_hocbf_train_seed_1,50057,-565.2330519540044,250,False,0.8279399263292535,2.321119917647145,40.0,False
ood_compound,A5_hocbf_train_seed_1,50058,-323.9182221131608,250,False,0.15082568072525632,4.041668795861803,40.0,False
ood_compound,A5_hocbf_train_seed_1,50059,-366.6599411055046,250,False,1.1269587804250278,4.0956118887834245,40.0,False
ood_compound,A5_hocbf_train_seed_1,50060,-904.5602101639929,250,False,3.208210545127019,0.7564219043565816,40.0,False
ood_compound,A5_hocbf_train_seed_1,50061,-335.2533440585109,250,False,1.0481832688298631,3.945308463291847,40.0,False
ood_compound,A5_hocbf_train_seed_1,50062,-183.8482069518644,250,False,0.19280818317431336,8.64153687066309,40.0,False
ood_compound,A5_hocbf_train_seed_1,50063,-491.16826839510736,250,False,2.288562917101593,1.62438284829686,40.0,False
ood_compound,A5_hocbf_train_seed_1,50064,-599.5001265473526,250,False,2.0996947602333655,2.86356093480158,40.0,False
ood_compound,A5_hocbf_train_seed_1,50065,-144.44726351021686,250,False,0.17509663096645237,3.9200305943443428,40.0,False
ood_compound,A5_hocbf_train_seed_1,50066,-752.006283850153,250,False,2.60816562105642,1.3439471624635615,40.0,False
ood_compound,A5_hocbf_train_seed_1,50067,-425.34292393354605,250,False,1.1034518355765996,3.922255716809739,40.0,False
ood_compound,A5_hocbf_train_seed_1,50068,-130.5930223768245,148,True,0.04253452507775266,3.1497933102097417,37.552181243896484,False
ood_compound,A5_hocbf_train_seed_1,50069,-341.71111777454297,250,False,0.1548763169294321,3.8379561454906597,40.0,False
ood_compound,A5_hocbf_train_seed_1,50070,-318.97996287291915,250,False,1.0253518381611162,4.57587676879367,40.0,False
ood_compound,A5_hocbf_train_seed_1,50071,-642.8663185768856,250,False,2.2357716040869593,1.367385085558088,40.0,False
ood_compound,A5_hocbf_train_seed_1,50072,-241.70672410581895,250,False,0.37231872311221054,4.798852223359257,40.0,False
ood_compound,A5_hocbf_train_seed_1,50073,-274.37573626770194,250,False,0.589479135609511,4.770072092025931,40.0,False
ood_compound,A5_hocbf_train_seed_1,50074,-407.87646815916577,250,False,1.3848215462011555,3.4827829434382367,40.0,False
ood_compound,A5_hocbf_train_seed_1,50075,-417.9511798059478,250,False,1.2505829376287652,4.423178721252265,40.0,False
ood_compound,A5_hocbf_train_seed_1,50076,-113.83238315004174,34,False,2.298839398952452,12.022837088948343,40.0,False
ood_compound,A5_hocbf_train_seed_1,50077,-175.8255237749875,250,False,0.27141733076930813,6.515977677185593,40.0,False
ood_compound,A5_hocbf_train_seed_1,50078,-575.2929036514857,250,False,2.456871133828588,4.931076013086733,40.0,False
ood_compound,A5_hocbf_train_seed_1,50079,-434.2424923524508,250,False,1.004068727085087,5.1990252313900225,40.0,False
ood_compound,A5_hocbf_train_seed_1,50080,-207.69255299099177,250,False,0.1414798217044161,7.789232358118935,40.0,False
ood_compound,A5_hocbf_train_seed_1,50081,-176.38439152286554,250,False,0.3070150411276488,4.481467686339521,40.0,False
ood_compound,A5_hocbf_train_seed_1,50082,-82.03105032960589,91,True,0.0494033922551814,3.0245567194117413,40.0,False
ood_compound,A5_hocbf_train_seed_1,50083,-188.730911445354,250,False,0.15227655652474273,6.336413261782713,40.0,False
ood_compound,A5_hocbf_train_seed_1,50084,-601.2592478184828,250,False,1.7981299801974744,2.4924278681718968,40.0,False
ood_compound,A5_hocbf_train_seed_1,50085,-278.1427569813972,250,False,0.515455125409132,5.354110640865016,40.0,False
ood_compound,A5_hocbf_train_seed_1,50086,-372.65984725683904,250,False,0.5116396085278536,9.72171547930603,40.0,False
ood_compound,A5_hocbf_train_seed_1,50087,-339.9596853453192,250,False,0.10273970587437653,1.28850821929954,40.0,False
ood_compound,A5_hocbf_train_seed_1,50088,-391.4806420999048,250,False,1.1830670561771937,3.7499540490427665,40.0,False
ood_compound,A5_hocbf_train_seed_1,50089,-178.95320057382023,250,False,0.4065767069414937,5.690109794044577,40.0,False
ood_compound,A5_hocbf_train_seed_1,50090,-428.8729833739693,250,False,0.22446855768626414,4.085241174132416,40.0,False
ood_compound,A5_hocbf_train_seed_1,50091,-313.3017279536599,250,False,0.5832434770028682,7.08111462645388,40.0,False
ood_compound,A5_hocbf_train_seed_1,50092,-341.7783691249978,250,False,1.0837226379647023,6.478727899827673,40.0,False
ood_compound,A5_hocbf_train_seed_1,50093,-463.3088818536025,250,False,1.446990999918111,9.053524365583431,40.0,False
ood_compound,A5_hocbf_train_seed_1,50094,-171.6613546233408,250,False,0.20893980342974058,1.6335989349917843,40.0,False
ood_compound,A5_hocbf_train_seed_1,50095,-248.2450520190689,250,False,0.10064162502366654,2.3228516517232567,40.0,False
ood_compound,A5_hocbf_train_seed_1,50096,-532.3839383624253,250,False,0.5086362550330562,3.083309642844034,40.0,False
ood_compound,A5_hocbf_train_seed_1,50097,-330.17403592437887,250,False,1.1573439260826879,7.665750359452364,40.0,False
ood_compound,A5_hocbf_train_seed_1,50098,-435.16549927275736,250,False,0.3852481502955752,10.089217030005846,40.0,False
ood_compound,A5_hocbf_train_seed_1,50099,-366.6476825967587,250,False,1.3436441470595342,9.891594085611999,40.0,False
ood_compound,A6_prefilter_train_seed_1,50000,-359.7765735808834,250,False,1.166597707107735,8.910058718943947,40.0,False
ood_compound,A6_prefilter_train_seed_1,50001,-257.13172741502586,250,False,0.4377201777629278,15.382249466578052,40.0,False
ood_compound,A6_prefilter_train_seed_1,50002,-358.1667038919847,250,False,1.1352166621763593,7.114086471878109,40.0,False
ood_compound,A6_prefilter_train_seed_1,50003,-640.653395178069,250,False,1.6807939045501088,26.110792394019867,40.0,False
ood_compound,A6_prefilter_train_seed_1,50004,-345.52121488946966,250,False,1.185510601492228,5.6436871096198225,40.0,False
ood_compound,A6_prefilter_train_seed_1,50005,-274.4930444268518,250,False,0.60050601006705,11.489991755556943,40.0,False
ood_compound,A6_prefilter_train_seed_1,50006,-214.1584231442731,250,False,0.4965130060110471,6.255985307109681,40.0,False
ood_compound,A6_prefilter_train_seed_1,50007,-364.948185839812,250,False,0.8935653789923031,9.084475305508246,40.0,False
ood_compound,A6_prefilter_train_seed_1,50008,-325.5534152538646,250,False,0.9553846828432841,8.728164878085234,40.0,False
ood_compound,A6_prefilter_train_seed_1,50009,-183.0070924251656,250,False,0.4513407733833671,8.626423086785366,40.0,False
ood_compound,A6_prefilter_train_seed_1,50010,-237.70686052829072,250,False,0.6691324628877737,8.831886254238965,40.0,False
ood_compound,A6_prefilter_train_seed_1,50011,-274.89635983808876,250,False,0.8041648847584651,7.357170585623835,40.0,False
ood_compound,A6_prefilter_train_seed_1,50012,-232.81911710052364,250,False,0.2955474313174755,8.814841095682143,40.0,False
ood_compound,A6_prefilter_train_seed_1,50013,-365.35836724019066,250,False,1.1019672408073347,8.103083406570114,40.0,False
ood_compound,A6_prefilter_train_seed_1,50014,-376.438972043563,250,False,1.0062563036941503,16.459278739566354,40.0,False
ood_compound,A6_prefilter_train_seed_1,50015,-372.77450684811896,250,False,1.1087175411828063,9.930954637729803,40.0,False
ood_compound,A6_prefilter_train_seed_1,50016,-305.21424244614474,250,False,1.0196583532238506,9.19097708592582,40.0,False
ood_compound,A6_prefilter_train_seed_1,50017,-313.1437889244224,250,False,0.9719861002670551,7.70076925660216,40.0,False
ood_compound,A6_prefilter_train_seed_1,50018,-228.63326225985787,250,False,0.3392577020456654,8.71017924184809,40.0,False
ood_compound,A6_prefilter_train_seed_1,50019,-278.1027657933201,250,False,0.6035535546184805,10.353064545794773,40.0,False
ood_compound,A6_prefilter_train_seed_1,50020,-400.4924371775458,250,False,1.0645607077865458,7.208115483027683,40.0,False
ood_compound,A6_prefilter_train_seed_1,50021,-400.4122207789543,250,False,1.2689953457264285,6.384033146649883,40.0,False
ood_compound,A6_prefilter_train_seed_1,50022,-349.27753493246905,250,False,0.9367141873515562,9.61819966301395,40.0,False
ood_compound,A6_prefilter_train_seed_1,50023,-248.30038853608008,250,False,0.46418167864817383,14.241181013325273,40.0,False
ood_compound,A6_prefilter_train_seed_1,50024,-318.9016102304378,250,False,0.8954124523616943,7.6322404393312935,40.0,False
ood_compound,A6_prefilter_train_seed_1,50025,-289.63183609006285,250,False,0.5847308035452595,21.789499228472806,40.0,False
ood_compound,A6_prefilter_train_seed_1,50026,-399.0119875975668,250,False,1.4447448683181554,6.608866979930234,40.0,False
ood_compound,A6_prefilter_train_seed_1,50027,-278.3999379893839,250,False,0.6839615538409931,10.21788083410767,40.0,False
ood_compound,A6_prefilter_train_seed_1,50028,-376.1939350398299,250,False,1.0093037878383608,13.428819333658677,40.0,False
ood_compound,A6_prefilter_train_seed_1,50029,-276.1356931639743,250,False,0.4449444229968723,11.239813435294124,40.0,False
ood_compound,A6_prefilter_train_seed_1,50030,-213.59465305029426,250,False,0.4522122414328703,11.6977222151167,40.0,False
ood_compound,A6_prefilter_train_seed_1,50031,-213.91239101390912,250,False,0.2963373296094141,15.098238744466107,40.0,False
ood_compound,A6_prefilter_train_seed_1,50032,-311.613709335606,250,False,0.9369964625274247,9.371713565759494,40.0,False
ood_compound,A6_prefilter_train_seed_1,50033,-380.18755838240764,250,False,0.9397167886812985,3.8099897479226716,40.0,False
ood_compound,A6_prefilter_train_seed_1,50034,-425.92688676202783,250,False,1.38160904759375,5.111349290600814,40.0,False
ood_compound,A6_prefilter_train_seed_1,50035,-412.0437727389141,250,False,1.3675705226153412,4.362429068885895,40.0,False
ood_compound,A6_prefilter_train_seed_1,50036,-473.7852641202056,250,False,1.465386586906681,3.7187577674596706,40.0,False
ood_compound,A6_prefilter_train_seed_1,50037,-335.3106853237506,250,False,1.1355899062647328,9.27620158515524,40.0,False
ood_compound,A6_prefilter_train_seed_1,50038,-306.80419595382244,250,False,0.7547896543119322,16.469163996736093,40.0,False
ood_compound,A6_prefilter_train_seed_1,50039,-380.50365250609144,250,False,1.2848404261165727,3.728550684324002,39.90139389038086,False
ood_compound,A6_prefilter_train_seed_1,50040,-268.49918740642784,250,False,0.7717396566315919,9.679107551416928,40.0,False
ood_compound,A6_prefilter_train_seed_1,50041,-321.99471707458065,250,False,1.0022168866816066,9.432120907532923,40.0,False
ood_compound,A6_prefilter_train_seed_1,50042,-309.55378025133837,250,False,0.9848826904078076,5.108976114243763,40.0,False
ood_compound,A6_prefilter_train_seed_1,50043,-303.1966541416262,250,False,1.0106671537008922,3.434923447584363,40.0,False
ood_compound,A6_prefilter_train_seed_1,50044,-371.41008657844225,250,False,1.251183827582568,10.115995478338991,40.0,False
ood_compound,A6_prefilter_train_seed_1,50045,-289.8195824015884,250,False,0.6126514752326566,8.280128891999869,40.0,False
ood_compound,A6_prefilter_train_seed_1,50046,-251.51848780810548,250,False,0.6130950341319412,9.659880659932726,40.0,False
ood_compound,A6_prefilter_train_seed_1,50047,-490.3515354474997,250,False,1.5887367338366845,5.621311212781738,40.0,False
ood_compound,A6_prefilter_train_seed_1,50048,-228.70143871035566,250,False,0.5767297885822414,12.111807898559828,40.0,False
ood_compound,A6_prefilter_train_seed_1,50049,-334.9487718155342,250,False,0.7520974782085911,10.698054275432558,40.0,False
ood_compound,A6_prefilter_train_seed_1,50050,-313.338446144183,250,False,0.6920270410286872,21.698584974591334,40.0,False
ood_compound,A6_prefilter_train_seed_1,50051,-218.5624916656025,250,False,0.37087545404655353,12.20284002059807,40.0,False
ood_compound,A6_prefilter_train_seed_1,50052,-422.2090971231153,250,False,0.67194354684257,19.72305335417714,40.0,False
ood_compound,A6_prefilter_train_seed_1,50053,-325.76123540133904,250,False,1.1115521592256108,7.733640198851922,40.0,False
ood_compound,A6_prefilter_train_seed_1,50054,-279.9206327621053,250,False,0.56979493864927,19.482841069262953,40.0,False
ood_compound,A6_prefilter_train_seed_1,50055,-316.1512943125847,250,False,0.8921442894087791,8.91453622600898,40.0,False
ood_compound,A6_prefilter_train_seed_1,50056,-229.04600991136638,250,False,0.6446152069275313,2.129585555612593,39.7401123046875,False
ood_compound,A6_prefilter_train_seed_1,50057,-444.8929728382355,250,False,1.7102716745092588,7.365826245597264,40.0,False
ood_compound,A6_prefilter_train_seed_1,50058,-274.67828026474604,250,False,0.39917827640971226,11.90414792989554,40.0,False
ood_compound,A6_prefilter_train_seed_1,50059,-326.9262528348613,250,False,1.0171627208618963,3.6821843307472206,40.0,False
ood_compound,A6_prefilter_train_seed_1,50060,-337.15847442463917,250,False,0.6903967492217891,9.620625418371846,40.0,False
ood_compound,A6_prefilter_train_seed_1,50061,-340.6284343742046,250,False,0.8985919079434134,5.2837703844151305,40.0,False
ood_compound,A6_prefilter_train_seed_1,50062,-273.75938430272276,250,False,0.5636317125496979,19.84608376139286,40.0,False
ood_compound,A6_prefilter_train_seed_1,50063,-449.743391692055,250,False,0.9161889938272382,6.324476780903614,40.0,False
ood_compound,A6_prefilter_train_seed_1,50064,-347.6875886264712,250,False,1.2024261649630148,5.358326808717267,40.0,False
ood_compound,A6_prefilter_train_seed_1,50065,-249.66193034681646,250,False,0.7688826692387526,4.798690770329828,40.0,False
ood_compound,A6_prefilter_train_seed_1,50066,-281.1150878214093,250,False,0.5379423456121551,7.109572620560401,40.0,False
ood_compound,A6_prefilter_train_seed_1,50067,-384.6446125072461,250,False,1.117860675290599,4.538215501548874,40.0,False
ood_compound,A6_prefilter_train_seed_1,50068,-254.28732766641494,250,False,0.7540555875839923,3.5795975115327754,37.6571044921875,False
ood_compound,A6_prefilter_train_seed_1,50069,-321.2104831675942,250,False,0.9324971667576023,12.57322813607664,40.0,False
ood_compound,A6_prefilter_train_seed_1,50070,-329.7864923632249,250,False,1.0323546782593347,6.643672892928153,40.0,False
ood_compound,A6_prefilter_train_seed_1,50071,-304.8738036163123,250,False,1.3115323925616105,5.25553426557725,40.0,False
ood_compound,A6_prefilter_train_seed_1,50072,-203.38750429888137,250,False,0.24941818333534935,14.802383612486437,40.0,False
ood_compound,A6_prefilter_train_seed_1,50073,-313.09356580840625,250,False,0.6958423406124605,17.424787977892517,40.0,False
ood_compound,A6_prefilter_train_seed_1,50074,-402.38902260080675,250,False,1.3512952749982572,3.889441800099265,40.0,False
ood_compound,A6_prefilter_train_seed_1,50075,-408.8831561415297,250,False,1.2100068617366728,4.386568944671462,40.0,False
ood_compound,A6_prefilter_train_seed_1,50076,-383.7705327093699,250,False,0.7360327449771686,10.463689853398789,40.0,False
ood_compound,A6_prefilter_train_seed_1,50077,-248.957444694304,250,False,0.7287936938770437,8.33625742996594,40.0,False
ood_compound,A6_prefilter_train_seed_1,50078,-500.9466937608474,250,False,1.266639154454413,2.9839867500338415,40.0,False
ood_compound,A6_prefilter_train_seed_1,50079,-364.39648429198866,250,False,0.9855229319160457,12.500386524378577,40.0,False
ood_compound,A6_prefilter_train_seed_1,50080,-262.92448767061495,250,False,0.5070065672274353,18.2155624551602,40.0,False
ood_compound,A6_prefilter_train_seed_1,50081,-240.35333824906837,250,False,0.6899601231936028,10.235894370324115,40.0,False
ood_compound,A6_prefilter_train_seed_1,50082,-228.67180466036433,250,False,0.7265178686225182,7.611951012934531,40.0,False
ood_compound,A6_prefilter_train_seed_1,50083,-181.02788056695087,250,False,0.12828034774610123,16.13798609080615,40.0,False
ood_compound,A6_prefilter_train_seed_1,50084,-245.21945857747727,250,False,1.3051026053216643,5.132838432321344,40.0,False
ood_compound,A6_prefilter_train_seed_1,50085,-267.20206243415015,250,False,0.42287006848951875,20.68847043129351,40.0,False
ood_compound,A6_prefilter_train_seed_1,50086,-155.13077456200423,250,False,0.23278297217099064,10.626083034074325,40.0,False
ood_compound,A6_prefilter_train_seed_1,50087,-257.4221528876178,250,False,0.7628597346841309,3.484879103304441,40.0,False
ood_compound,A6_prefilter_train_seed_1,50088,-332.5315736712674,250,False,0.6476064722249854,15.984920375149349,40.0,False
ood_compound,A6_prefilter_train_seed_1,50089,-236.4017834433006,250,False,0.7211683700180646,10.761252278715173,40.0,False
ood_compound,A6_prefilter_train_seed_1,50090,-300.44363928864925,250,False,0.5536656117233731,9.784192201544576,40.0,False
ood_compound,A6_prefilter_train_seed_1,50091,-258.7460051291277,250,False,0.24474027482051453,11.857499343261486,40.0,False
ood_compound,A6_prefilter_train_seed_1,50092,-343.68108280733105,250,False,1.0536068891412613,4.768653146064512,40.0,False
ood_compound,A6_prefilter_train_seed_1,50093,-396.68010360114323,250,False,0.962736755001861,10.768326607317574,40.0,False
ood_compound,A6_prefilter_train_seed_1,50094,-294.50470586999154,250,False,0.8058688019569493,4.018758510756422,40.0,False
ood_compound,A6_prefilter_train_seed_1,50095,-245.53566677814706,250,False,1.043755574579808,4.721723317954354,39.827999114990234,False
ood_compound,A6_prefilter_train_seed_1,50096,-388.1546030567867,250,False,1.0838263571664533,10.197147095820693,40.0,False
ood_compound,A6_prefilter_train_seed_1,50097,-334.05299298838713,250,False,1.129598093995364,7.849725793194915,40.0,False
ood_compound,A6_prefilter_train_seed_1,50098,-185.72319394983188,250,False,0.2714664660133153,9.180412611308325,40.0,False
ood_compound,A6_prefilter_train_seed_1,50099,-371.8425890435234,250,False,1.3150105716259233,7.206008662878258,40.0,False
ood_compound,A6_hocbf_train_seed_1,50000,-373.50184763089817,250,False,1.1686305893948528,4.73271397555397,40.0,False
ood_compound,A6_hocbf_train_seed_1,50001,-245.4547822191215,250,False,0.43521480593584577,5.065460213316845,40.0,False
ood_compound,A6_hocbf_train_seed_1,50002,-454.00845914229484,250,False,1.563454771778841,6.6393675836599355,40.0,False
ood_compound,A6_hocbf_train_seed_1,50003,-204.12290147209967,58,False,3.1957002777798724,10.683863886234082,40.0,False
ood_compound,A6_hocbf_train_seed_1,50004,-514.5468518650223,250,False,1.035136065827223,5.275213648153513,40.0,False
ood_compound,A6_hocbf_train_seed_1,50005,-260.9777630570416,250,False,0.6038728698609528,4.423754662572576,40.0,False
ood_compound,A6_hocbf_train_seed_1,50006,-296.43278547593206,250,False,0.4719919583678518,2.680151935610294,40.0,False
ood_compound,A6_hocbf_train_seed_1,50007,-177.37507044094556,60,False,2.966408765197763,10.744204769026496,40.0,False
ood_compound,A6_hocbf_train_seed_1,50008,-326.78184309796217,250,False,0.9970086846146089,8.006171031054064,40.0,False
ood_compound,A6_hocbf_train_seed_1,50009,-430.5390553753297,250,False,0.40391569184093223,2.837781581652836,40.0,False
ood_compound,A6_hocbf_train_seed_1,50010,-326.24841050523565,250,False,0.6693952216917224,3.2499223964010353,40.0,False
ood_compound,A6_hocbf_train_seed_1,50011,-270.9524860480811,250,False,0.8036097250133203,5.5334928480961025,40.0,False
ood_compound,A6_hocbf_train_seed_1,50012,-238.8443222865264,250,False,0.18607458783412723,1.5600613994195658,40.0,False
ood_compound,A6_hocbf_train_seed_1,50013,-962.1734482386931,250,False,3.3846326051794886,2.337328496348984,40.0,False
ood_compound,A6_hocbf_train_seed_1,50014,-326.6634885157027,250,False,1.0179170821625618,4.911496797607438,40.0,False
ood_compound,A6_hocbf_train_seed_1,50015,-439.0941432911457,250,False,1.0855263060735743,3.553394937403537,40.0,False
ood_compound,A6_hocbf_train_seed_1,50016,-521.1780116316312,250,False,1.1443036515098346,1.5915158602318789,40.0,False
ood_compound,A6_hocbf_train_seed_1,50017,-322.754740352432,250,False,1.0457684116446824,7.220618018340181,40.0,False
ood_compound,A6_hocbf_train_seed_1,50018,-532.7033908382347,250,False,0.8606575881870344,5.549773359161214,40.0,False
ood_compound,A6_hocbf_train_seed_1,50019,-798.0028316089384,250,False,2.800328903599488,0.9738879933564872,40.0,False
ood_compound,A6_hocbf_train_seed_1,50020,-400.3298572367309,250,False,1.1556624794482528,1.960471406714832,40.0,False
ood_compound,A6_hocbf_train_seed_1,50021,-423.8506921293892,250,False,1.3039490821810034,1.7896137366715996,40.0,False
ood_compound,A6_hocbf_train_seed_1,50022,-387.32347486124695,250,False,0.9399349022892542,3.3077073736121174,40.0,False
ood_compound,A6_hocbf_train_seed_1,50023,-241.9641753804421,250,False,0.46340038317175175,6.776333607893286,40.0,False
ood_compound,A6_hocbf_train_seed_1,50024,-321.6589526286795,250,False,0.896785812825012,2.9233516686613643,40.0,False
ood_compound,A6_hocbf_train_seed_1,50025,-244.14045984975522,250,False,0.5837127817979307,9.500604261883074,40.0,False
ood_compound,A6_hocbf_train_seed_1,50026,-402.8857396223739,250,False,1.478516875006125,7.358178706595298,40.0,False
ood_compound,A6_hocbf_train_seed_1,50027,-266.34012507107155,250,False,0.6842955692248235,6.323218783542453,40.0,False
ood_compound,A6_hocbf_train_seed_1,50028,-412.27741632487505,250,False,0.9791456955743058,5.811036793852286,40.0,False
ood_compound,A6_hocbf_train_seed_1,50029,-718.6022893694502,250,False,1.816080524380974,2.6713072500415236,40.0,False
ood_compound,A6_hocbf_train_seed_1,50030,-212.27215670018913,250,False,0.45503904326845807,7.733582217261342,40.0,False
ood_compound,A6_hocbf_train_seed_1,50031,-237.78110107583993,250,False,0.2979745383654867,6.222993171148425,40.0,False
ood_compound,A6_hocbf_train_seed_1,50032,-368.8266331631931,250,False,0.9497867329181412,2.6476494829443435,40.0,False
ood_compound,A6_hocbf_train_seed_1,50033,-424.0408473523962,250,False,1.3615963460159741,1.7015726052132942,40.0,False
ood_compound,A6_hocbf_train_seed_1,50034,-483.81853079763346,250,False,1.628737175856228,4.5915035300742515,40.0,False
ood_compound,A6_hocbf_train_seed_1,50035,-425.8909569515601,250,False,1.4152352207988264,5.369472142633003,40.0,False
ood_compound,A6_hocbf_train_seed_1,50036,-586.2639425380962,250,False,2.3074736229614876,1.436389036542146,40.0,False
ood_compound,A6_hocbf_train_seed_1,50037,-609.4999170397243,250,False,2.2683327048743487,0.9963292243622331,40.0,False
ood_compound,A6_hocbf_train_seed_1,50038,-303.35565434110697,250,False,0.7627259053831017,6.940362581778066,40.0,False
ood_compound,A6_hocbf_train_seed_1,50039,-502.3759380693576,250,False,1.856483554783499,1.967906851371237,40.0,False
ood_compound,A6_hocbf_train_seed_1,50040,-258.4676858823226,250,False,0.7713093083076867,6.790984924343479,40.0,False
ood_compound,A6_hocbf_train_seed_1,50041,-384.5351961452345,250,False,0.9770781307113418,2.9860210610134024,40.0,False
ood_compound,A6_hocbf_train_seed_1,50042,-331.2576418179135,250,False,1.0443928593239387,4.005770804753855,40.0,False
ood_compound,A6_hocbf_train_seed_1,50043,-338.8996876223099,250,False,1.0162956097988494,1.1905023567825226,40.0,False
ood_compound,A6_hocbf_train_seed_1,50044,-678.1234502771074,250,False,2.342238310206379,0.8282347082284894,40.0,False
ood_compound,A6_hocbf_train_seed_1,50045,-335.8920578547268,250,False,0.858700375065423,3.243796866615875,40.0,False
ood_compound,A6_hocbf_train_seed_1,50046,-303.631304048199,250,False,0.6105895486470188,3.087797516177683,40.0,False
ood_compound,A6_hocbf_train_seed_1,50047,-506.7896783024964,250,False,1.7759843449633572,4.186012385846629,40.0,False
ood_compound,A6_hocbf_train_seed_1,50048,-219.29924319993987,250,False,0.5759955170919774,7.523588688097076,40.0,False
ood_compound,A6_hocbf_train_seed_1,50049,-653.2539586433974,250,False,0.8915625634856457,4.5530086590046865,40.0,False
ood_compound,A6_hocbf_train_seed_1,50050,-305.49422994785743,250,False,0.7020390618016649,5.46396185252839,40.0,False
ood_compound,A6_hocbf_train_seed_1,50051,-269.47352350183,250,False,0.6415444001879342,5.2091844025536815,40.0,False
ood_compound,A6_hocbf_train_seed_1,50052,-376.7370063523492,250,False,0.7160856951843985,6.0671558607219,40.0,False
ood_compound,A6_hocbf_train_seed_1,50053,-369.8863339438358,250,False,1.1243486522245445,2.0002946860816833,40.0,False
ood_compound,A6_hocbf_train_seed_1,50054,-247.98859472787217,250,False,0.5750652072704904,3.912253896804984,40.0,False
ood_compound,A6_hocbf_train_seed_1,50055,-363.0693233481218,250,False,0.9239752333656296,2.3009552080304205,40.0,False
ood_compound,A6_hocbf_train_seed_1,50056,-229.04600991136638,250,False,0.6446152069275313,2.129585555612593,39.7401123046875,False
ood_compound,A6_hocbf_train_seed_1,50057,-583.8152832535748,250,False,1.6008237197781354,2.321119917647145,40.0,False
ood_compound,A6_hocbf_train_seed_1,50058,-344.3725608851664,250,False,0.4096002435893973,4.041668795861803,40.0,False
ood_compound,A6_hocbf_train_seed_1,50059,-372.52772277511036,250,False,1.1183535799500728,3.410445874493268,40.0,False
ood_compound,A6_hocbf_train_seed_1,50060,-904.5602101639929,250,False,3.208210545127019,0.7564219043565816,40.0,False
ood_compound,A6_hocbf_train_seed_1,50061,-354.5838300912701,250,False,0.8550294865623224,3.000502240915088,40.0,False
ood_compound,A6_hocbf_train_seed_1,50062,-247.54670137440633,250,False,0.5681752711040851,8.730031743425176,40.0,False
ood_compound,A6_hocbf_train_seed_1,50063,-504.3188215324251,250,False,2.2215364909365087,1.699082815978087,40.0,False
ood_compound,A6_hocbf_train_seed_1,50064,-594.3727961484989,250,False,2.0204181669399217,2.863508476892779,40.0,False
ood_compound,A6_hocbf_train_seed_1,50065,-265.05388576543925,250,False,0.7666516573515851,4.4715317527912575,40.0,False
ood_compound,A6_hocbf_train_seed_1,50066,-752.006283850153,250,False,2.60816562105642,1.3439471624635615,40.0,False
ood_compound,A6_hocbf_train_seed_1,50067,-419.8916658161795,250,False,1.1548524296282712,4.128315540448609,40.0,False
ood_compound,A6_hocbf_train_seed_1,50068,-259.8406960435931,250,False,0.7545560046911599,3.2137268548355564,38.588417053222656,False
ood_compound,A6_hocbf_train_seed_1,50069,-393.3219678518048,250,False,0.9698712587497655,3.8379561454906597,40.0,False
ood_compound,A6_hocbf_train_seed_1,50070,-325.6161206901342,250,False,1.0356586344725813,4.568020754775324,40.0,False
ood_compound,A6_hocbf_train_seed_1,50071,-642.9519865784277,250,False,2.245980245571668,1.367385085558088,40.0,False
ood_compound,A6_hocbf_train_seed_1,50072,-236.69168838920822,250,False,0.37988833365608515,4.706700570717527,40.0,False
ood_compound,A6_hocbf_train_seed_1,50073,-303.9652016487178,250,False,0.7025604170034141,6.103930062936577,40.0,False
ood_compound,A6_hocbf_train_seed_1,50074,-405.86399080991686,250,False,1.3641195282825065,3.6195823570155894,40.0,False
ood_compound,A6_hocbf_train_seed_1,50075,-425.9144946733459,250,False,1.1230474357692541,4.364188528098214,40.0,False
ood_compound,A6_hocbf_train_seed_1,50076,-108.17707852738859,32,False,2.423239274654875,10.623802117956131,40.0,False
ood_compound,A6_hocbf_train_seed_1,50077,-252.72662657055096,250,False,0.730269608924192,6.627300028819078,40.0,False
ood_compound,A6_hocbf_train_seed_1,50078,-572.4588896862232,250,False,2.388528867217609,5.169789104558557,40.0,False
ood_compound,A6_hocbf_train_seed_1,50079,-435.56809459881697,250,False,0.817064259821302,5.09997585718172,40.0,False
ood_compound,A6_hocbf_train_seed_1,50080,-261.1980140059628,250,False,0.5103159424703824,7.623082081627388,40.0,False
ood_compound,A6_hocbf_train_seed_1,50081,-234.93375747583735,250,False,0.6905690267449992,4.574216325399053,40.0,False
ood_compound,A6_hocbf_train_seed_1,50082,-222.2727056059377,250,False,0.7188058973105411,2.8753698066407862,40.0,False
ood_compound,A6_hocbf_train_seed_1,50083,-191.94912305488427,250,False,0.15796772576721643,6.625678786525025,40.0,False
ood_compound,A6_hocbf_train_seed_1,50084,-601.2592478184828,250,False,1.7981299801974744,2.4924278681718968,40.0,False
ood_compound,A6_hocbf_train_seed_1,50085,-279.86754567308964,250,False,0.506914355824202,5.5812740128354665,40.0,False
ood_compound,A6_hocbf_train_seed_1,50086,-370.98966512018313,250,False,0.5573250302487874,9.989110138706392,40.0,False
ood_compound,A6_hocbf_train_seed_1,50087,-369.33754758403114,250,False,0.728661464499151,1.766014076256485,40.0,False
ood_compound,A6_hocbf_train_seed_1,50088,-387.92758354965207,250,False,1.2056587596314279,4.4039727079526925,40.0,False
ood_compound,A6_hocbf_train_seed_1,50089,-229.55621164643551,250,False,0.7217075508540922,5.952420224854068,40.0,False
ood_compound,A6_hocbf_train_seed_1,50090,-429.81169694935863,250,False,0.5196353143260065,4.085241174132416,40.0,False
ood_compound,A6_hocbf_train_seed_1,50091,-302.64360152872536,250,False,0.4933316953562487,6.080080567854933,40.0,False
ood_compound,A6_hocbf_train_seed_1,50092,-348.7823945854401,250,False,1.0650509152262728,6.1864112271210585,40.0,False
ood_compound,A6_hocbf_train_seed_1,50093,-460.5972874513163,250,False,1.2317283501239826,10.327709942893652,40.0,False
ood_compound,A6_hocbf_train_seed_1,50094,-314.19014126040554,250,False,0.8165201306511247,1.6195721863068573,40.0,False
ood_compound,A6_hocbf_train_seed_1,50095,-232.16997364293294,250,False,1.1238418875897256,2.141575399539191,40.0,False
ood_compound,A6_hocbf_train_seed_1,50096,-524.2760804918353,250,False,1.061408842004115,3.083309642844034,40.0,False
ood_compound,A6_hocbf_train_seed_1,50097,-328.71123406492563,250,False,1.1465340766403853,7.846263984670208,40.0,False
ood_compound,A6_hocbf_train_seed_1,50098,-132.9255901084863,50,False,1.7367141871751757,10.529128017164318,40.0,False
ood_compound,A6_hocbf_train_seed_1,50099,-365.3168538243941,250,False,1.3639917852407455,9.509436090964371,40.0,False
motor_fault,A2_unfiltered_train_seed_1,50000,-293.0329576437611,250,False,1.060028841566543,6.13153598103097,34.22136688232422,True
motor_fault,A2_unfiltered_train_seed_1,50001,-155.32363001773015,250,False,0.22893339752229688,10.556092165749485,40.0,True
motor_fault,A2_unfiltered_train_seed_1,50002,-28.98348309466221,38,True,0.02877779734081881,9.030387398283388,40.0,True
motor_fault,A2_unfiltered_train_seed_1,50003,-274.79535269628377,250,False,0.7130967456765698,12.010740782598742,40.0,True
motor_fault,A2_unfiltered_train_seed_1,50004,-127.99524974551828,250,False,0.303783904707036,8.478140686205144,40.0,True
motor_fault,A2_unfiltered_train_seed_1,50005,-132.97346157511535,93,True,0.04806841133218318,15.174805526761038,40.0,True
motor_fault,A2_unfiltered_train_seed_1,50006,-45.16493121497697,102,True,0.045178270013448645,6.889726933870314,40.0,True
motor_fault,A2_unfiltered_train_seed_1,50007,-154.16915462738706,81,True,0.03062875755269775,10.475685130549719,40.0,True
motor_fault,A2_unfiltered_train_seed_1,50008,-207.72868454544732,250,False,0.3627417944561067,8.597749763690052,40.0,True
motor_fault,A2_unfiltered_train_seed_1,50009,-135.45039115738084,250,False,0.27795738572660345,10.019100071655377,40.0,True
motor_fault,A2_unfiltered_train_seed_1,50010,-91.31069233263064,250,False,0.10344272198181825,11.89680586872921,40.0,True
motor_fault,A2_unfiltered_train_seed_1,50011,-190.3267222945996,250,False,0.521034920159556,4.80115424140953,32.052391052246094,True
motor_fault,A2_unfiltered_train_seed_1,50012,-68.88998373133553,250,False,0.0955425476737752,11.985317755382589,40.0,True
motor_fault,A2_unfiltered_train_seed_1,50013,-250.1384726534661,250,False,0.6685220974938502,9.514809825908214,39.960628509521484,True
motor_fault,A2_unfiltered_train_seed_1,50014,-312.48341432441094,250,False,0.6185460737320669,20.397830673703947,40.0,True
motor_fault,A2_unfiltered_train_seed_1,50015,-340.12015782125,250,False,1.0903424991818425,11.060423479341148,40.0,True
motor_fault,A2_unfiltered_train_seed_1,50016,-266.2501693523418,250,False,0.8918968651979433,9.261255743198065,40.0,True
motor_fault,A2_unfiltered_train_seed_1,50017,-139.99703672781936,250,False,0.24407382045433992,11.352384824261891,40.0,True
motor_fault,A2_unfiltered_train_seed_1,50018,-154.48346658334486,250,False,0.11179901209603352,11.803116210485447,40.0,True
motor_fault,A2_unfiltered_train_seed_1,50019,-200.3014446152289,250,False,0.42093457028021264,10.824511630431733,40.0,True
motor_fault,A2_unfiltered_train_seed_1,50020,-25.637431343381934,52,True,0.01772637439132199,5.8451582383108915,40.0,True
motor_fault,A2_unfiltered_train_seed_1,50021,-10.691178624055102,29,True,0.0462030374499158,6.087637378711535,27.676395416259766,True
motor_fault,A2_unfiltered_train_seed_1,50022,-165.36492147320607,250,False,0.3243044815419441,10.51903898267961,40.0,True
motor_fault,A2_unfiltered_train_seed_1,50023,-126.47387013053525,250,False,0.11062105423239879,9.888537360380614,40.0,True
motor_fault,A2_unfiltered_train_seed_1,50024,-71.43581350450954,250,False,0.1798152869015895,5.498963243983056,27.572765350341797,True
motor_fault,A2_unfiltered_train_seed_1,50025,-156.28709395312998,250,False,0.2675854127609835,12.992244078298738,40.0,True
motor_fault,A2_unfiltered_train_seed_1,50026,-314.78679694761166,250,False,1.019164132484216,6.850280131602489,40.0,True
motor_fault,A2_unfiltered_train_seed_1,50027,-37.61398601979752,39,True,0.02653410737032676,8.405899938665394,40.0,True
motor_fault,A2_unfiltered_train_seed_1,50028,-150.9067168586979,250,False,0.15718110478287473,15.288879549129861,40.0,True
motor_fault,A2_unfiltered_train_seed_1,50029,-114.02852156531097,78,True,0.01949851565353876,13.027363698694616,40.0,True
motor_fault,A2_unfiltered_train_seed_1,50030,-132.58256958542916,250,False,0.21075606152133713,9.820846098493563,40.0,True
motor_fault,A2_unfiltered_train_seed_1,50031,-82.40366371683163,70,True,0.04809971579925683,13.450369027219791,40.0,True
motor_fault,A2_unfiltered_train_seed_1,50032,-143.30947808859702,250,False,0.2739461318030541,11.208810063036834,40.0,True
motor_fault,A2_unfiltered_train_seed_1,50033,-77.68005424862939,250,False,0.20032695858771477,5.986375827667534,26.931529998779297,True
motor_fault,A2_unfiltered_train_seed_1,50034,-27.03033796372123,52,True,0.01000135907151289,7.919178656278851,40.0,True
motor_fault,A2_unfiltered_train_seed_1,50035,-291.6192909564768,250,False,0.9812684061709274,7.107490171584841,40.0,True
motor_fault,A2_unfiltered_train_seed_1,50036,-453.62313647052355,250,False,1.4866125967030686,8.286780632539557,40.0,True
motor_fault,A2_unfiltered_train_seed_1,50037,-97.33280028769049,250,False,0.18075731112940252,10.13372463673011,40.0,True
motor_fault,A2_unfiltered_train_seed_1,50038,-219.44881784274855,250,False,0.3620552609898865,12.460251208277208,40.0,True
motor_fault,A2_unfiltered_train_seed_1,50039,-33.057200923563215,78,True,0.04473450923647789,5.589392799054414,40.0,True
motor_fault,A2_unfiltered_train_seed_1,50040,-81.77543000428052,250,False,0.05221217921767627,10.81588299421139,40.0,True
motor_fault,A2_unfiltered_train_seed_1,50041,-74.25117051208126,250,False,0.05809727201477202,11.8443239989366,40.0,True
motor_fault,A2_unfiltered_train_seed_1,50042,-64.3546335169425,250,False,0.07150976953167643,9.163282147611136,40.0,True
motor_fault,A2_unfiltered_train_seed_1,50043,-9.155674568736725,36,True,0.03454716440682025,4.631261481359003,40.0,True
motor_fault,A2_unfiltered_train_seed_1,50044,-101.57427054458684,250,False,0.09785713205485243,11.519515090266877,40.0,True
motor_fault,A2_unfiltered_train_seed_1,50045,-193.0567446484292,250,False,0.3344218525149913,10.273108721276616,40.0,True
motor_fault,A2_unfiltered_train_seed_1,50046,-80.48588304335321,250,False,0.06794654882901371,13.697101309250245,40.0,True
motor_fault,A2_unfiltered_train_seed_1,50047,-97.36589257216318,250,False,0.17423977963673215,5.721328513487164,40.0,True
motor_fault,A2_unfiltered_train_seed_1,50048,-101.12576705225077,250,False,0.15780675154861332,9.365560521269153,40.0,True
motor_fault,A2_unfiltered_train_seed_1,50049,-139.32316796736905,250,False,0.2256065622412276,12.881115152275193,40.0,True
motor_fault,A2_unfiltered_train_seed_1,50050,-181.52617268595085,250,False,0.21102112515817517,16.985663818496093,40.0,True
motor_fault,A2_unfiltered_train_seed_1,50051,-162.6245040714529,250,False,0.1238717543492222,15.96846595474482,40.0,True
motor_fault,A2_unfiltered_train_seed_1,50052,-192.61243596865526,250,False,0.09489377604529521,14.738519609371423,40.0,True
motor_fault,A2_unfiltered_train_seed_1,50053,-59.73470304038231,159,True,0.04979631913590761,8.588853043678352,40.0,True
motor_fault,A2_unfiltered_train_seed_1,50054,-167.31396309561305,250,False,0.18135028604279488,17.9030463622071,40.0,True
motor_fault,A2_unfiltered_train_seed_1,50055,-260.10666295907924,250,False,0.7625320329137194,9.187365442095835,40.0,True
motor_fault,A2_unfiltered_train_seed_1,50056,-3.6777157738934854,36,True,0.04907176211231695,6.044920288108704,21.349781036376953,True
motor_fault,A2_unfiltered_train_seed_1,50057,-110.20077080799852,250,False,0.2148483263860795,9.55738077097633,40.0,True
motor_fault,A2_unfiltered_train_seed_1,50058,-172.41447353469457,250,False,0.10329449234085496,13.416892345103058,40.0,True
motor_fault,A2_unfiltered_train_seed_1,50059,-194.80094893708235,250,False,0.5866299765862106,6.8964302857061375,40.0,True
motor_fault,A2_unfiltered_train_seed_1,50060,-157.54772255881096,250,False,0.11410522146558773,15.268193161773755,40.0,True
motor_fault,A2_unfiltered_train_seed_1,50061,-169.64844402703807,250,False,0.464919355321273,4.890618996299643,34.80080032348633,True
motor_fault,A2_unfiltered_train_seed_1,50062,-176.43580343810316,250,False,0.1947574087020103,14.813634206512981,40.0,True
motor_fault,A2_unfiltered_train_seed_1,50063,-224.42138452016658,250,False,0.8669301791152555,4.501508291400448,32.999324798583984,True
motor_fault,A2_unfiltered_train_seed_1,50064,-29.604627670293738,71,True,0.04944108195493701,7.852931132174566,40.0,True
motor_fault,A2_unfiltered_train_seed_1,50065,-87.22976710780317,250,False,0.19348915718066373,7.829758683117065,40.0,True
motor_fault,A2_unfiltered_train_seed_1,50066,-148.01751538317916,250,False,0.25611808452642104,9.690047313685078,40.0,True
motor_fault,A2_unfiltered_train_seed_1,50067,-26.390257637688062,47,True,0.03729574834462829,6.529138693724866,35.214263916015625,True
motor_fault,A2_unfiltered_train_seed_1,50068,-14.62355912991044,33,True,0.035842283341286495,7.826899749657468,22.387554168701172,True
motor_fault,A2_unfiltered_train_seed_1,50069,-87.31682392252455,250,False,0.06192330764737685,15.223575752528944,40.0,True
motor_fault,A2_unfiltered_train_seed_1,50070,-227.52934363465326,250,False,0.8315786777167246,5.926164677100932,35.461753845214844,True
motor_fault,A2_unfiltered_train_seed_1,50071,-20.133156918179083,61,True,0.034387946863471325,7.2738543528096935,40.0,True
motor_fault,A2_unfiltered_train_seed_1,50072,-149.11746288951844,250,False,0.11578522261365277,10.929909306503275,40.0,True
motor_fault,A2_unfiltered_train_seed_1,50073,-219.6046283971941,250,False,0.2993230006342285,13.330438699836863,40.0,True
motor_fault,A2_unfiltered_train_seed_1,50074,-17.624469885351505,35,True,0.018208859569101985,6.939605603283048,29.820871353149414,True
motor_fault,A2_unfiltered_train_seed_1,50075,-336.5602353239531,250,False,1.1019220576732323,7.201015846601177,40.0,True
motor_fault,A2_unfiltered_train_seed_1,50076,-173.2447226325782,250,False,0.12579930219390573,10.886015461439895,40.0,True
motor_fault,A2_unfiltered_train_seed_1,50077,-68.1602858995465,250,False,0.08030355689790349,11.907119684590391,40.0,True
motor_fault,A2_unfiltered_train_seed_1,50078,-69.05653566836277,250,False,0.08528847856856496,4.5689612228207706,39.13960647583008,True
motor_fault,A2_unfiltered_train_seed_1,50079,-137.6883354500533,112,True,0.032888475831344986,12.686664679534791,40.0,True
motor_fault,A2_unfiltered_train_seed_1,50080,-189.93782717467315,250,False,0.15960607378339015,18.04746812343105,40.0,True
motor_fault,A2_unfiltered_train_seed_1,50081,-85.31726327309286,250,False,0.1190379087383892,11.444859259437148,40.0,True
motor_fault,A2_unfiltered_train_seed_1,50082,-30.160602669842405,45,True,0.02024148599165754,11.434286148408189,39.0819206237793,True
motor_fault,A2_unfiltered_train_seed_1,50083,-84.1852475192785,87,True,0.009903387189713002,11.083619301625877,40.0,True
motor_fault,A2_unfiltered_train_seed_1,50084,-62.51565931376477,250,False,0.11994623835820217,6.638767794343052,40.0,True
motor_fault,A2_unfiltered_train_seed_1,50085,-152.7228827884197,250,False,0.11858404233919455,14.255540056243651,40.0,True
motor_fault,A2_unfiltered_train_seed_1,50086,-71.5969639934074,82,True,0.049588572916355954,17.755189917036788,40.0,True
motor_fault,A2_unfiltered_train_seed_1,50087,-22.65268333882373,52,True,0.017429404462751433,6.777521264115501,40.0,True
motor_fault,A2_unfiltered_train_seed_1,50088,-120.8284411376849,250,False,0.09846528537464269,15.936731003176067,40.0,True
motor_fault,A2_unfiltered_train_seed_1,50089,-122.04668217269474,250,False,0.1959348057547701,6.850031882555834,39.02751922607422,True
motor_fault,A2_unfiltered_train_seed_1,50090,-231.3305103175141,250,False,0.46295694606826826,10.41172684838331,40.0,True
motor_fault,A2_unfiltered_train_seed_1,50091,-197.28172191817708,250,False,0.09898332086023849,12.058019204900901,40.0,True
motor_fault,A2_unfiltered_train_seed_1,50092,-285.5121730001931,250,False,0.9118525109539284,7.447265524841492,40.0,True
motor_fault,A2_unfiltered_train_seed_1,50093,-188.56735888593312,250,False,0.14272834317659938,10.814088988693753,40.0,True
motor_fault,A2_unfiltered_train_seed_1,50094,-16.216976539982998,50,True,0.049948833731922625,6.462952025511707,40.0,True
motor_fault,A2_unfiltered_train_seed_1,50095,-69.83841861260386,250,False,0.09727526154482775,6.949696164818034,36.60765075683594,True
motor_fault,A2_unfiltered_train_seed_1,50096,-225.5986555687843,250,False,0.5926096871702903,10.60301334834912,40.0,True
motor_fault,A2_unfiltered_train_seed_1,50097,-298.2583213481148,250,False,1.0084767842560707,7.34860387177976,40.0,True
motor_fault,A2_unfiltered_train_seed_1,50098,-85.61195241115898,107,True,0.0487661346321287,13.902145717731049,40.0,True
motor_fault,A2_unfiltered_train_seed_1,50099,-324.66391563381114,250,False,0.7480302916753536,12.154051196174924,40.0,True
motor_fault,A5_hocbf_train_seed_1,50000,-303.46445666644917,250,False,1.0644109661599241,5.871233192338367,37.79911422729492,True
motor_fault,A5_hocbf_train_seed_1,50001,-187.85906336629458,250,False,0.3947883527804414,4.930238756775886,40.0,True
motor_fault,A5_hocbf_train_seed_1,50002,-499.09126605799725,250,False,1.5109526397689002,7.602318508971274,40.0,True
motor_fault,A5_hocbf_train_seed_1,50003,-342.709186671707,250,False,0.7085185673866297,4.16267523072242,40.0,True
motor_fault,A5_hocbf_train_seed_1,50004,-350.5819603297723,250,False,1.179406917594805,4.876470215264688,40.0,True
motor_fault,A5_hocbf_train_seed_1,50005,-119.45186844392838,101,True,0.04891316935819559,6.223214084806633,40.0,True
motor_fault,A5_hocbf_train_seed_1,50006,-66.09729580501748,118,True,0.04744792160975072,2.9241768497575635,40.0,True
motor_fault,A5_hocbf_train_seed_1,50007,-227.10247275212697,250,False,0.5168674682532989,4.136826961066148,40.0,True
motor_fault,A5_hocbf_train_seed_1,50008,-259.6516959911876,250,False,0.6885645691435343,6.026467937901893,40.0,True
motor_fault,A5_hocbf_train_seed_1,50009,-434.3828821305022,250,False,0.9917695053769346,6.897495049617794,40.0,True
motor_fault,A5_hocbf_train_seed_1,50010,-116.78281194464284,250,False,0.10344291732309037,3.667985903448494,40.0,True
motor_fault,A5_hocbf_train_seed_1,50011,-212.26135314784534,250,False,0.7502826948968498,5.136524161030912,32.2144660949707,True
motor_fault,A5_hocbf_train_seed_1,50012,-81.21749040778744,250,False,0.09554181824262083,3.207308183525287,40.0,True
motor_fault,A5_hocbf_train_seed_1,50013,-330.49462492968297,250,False,0.6303662797524816,4.673028032215012,40.0,True
motor_fault,A5_hocbf_train_seed_1,50014,-286.4856702653766,250,False,0.9685526788481011,7.350295755719063,40.0,True
motor_fault,A5_hocbf_train_seed_1,50015,-304.31316062868893,250,False,1.089068191980668,3.4260343672269635,40.0,True
motor_fault,A5_hocbf_train_seed_1,50016,-619.8938069137353,250,False,2.235938832110152,6.00488409927478,40.0,True
motor_fault,A5_hocbf_train_seed_1,50017,-221.48909793592824,250,False,0.5055457352275899,4.845497956872522,40.0,True
motor_fault,A5_hocbf_train_seed_1,50018,-197.31938733054142,60,False,1.910028281590582,7.920022247972027,40.0,True
motor_fault,A5_hocbf_train_seed_1,50019,-380.2443335337614,250,False,1.0872268223726727,5.880298963324648,40.0,True
motor_fault,A5_hocbf_train_seed_1,50020,-287.568825106597,250,False,0.9292308968074141,1.7964459661607932,40.0,True
motor_fault,A5_hocbf_train_seed_1,50021,-117.67588729896417,250,False,0.28725398138388014,2.987324378796039,27.54399299621582,True
motor_fault,A5_hocbf_train_seed_1,50022,-175.64713036163562,250,False,0.32203251266362276,3.914171275727201,40.0,True
motor_fault,A5_hocbf_train_seed_1,50023,-139.97383229065136,250,False,0.11061960692862963,6.341493671790955,40.0,True
motor_fault,A5_hocbf_train_seed_1,50024,-73.35944596640724,250,False,0.17981166027139922,4.5599138289581145,28.370647430419922,True
motor_fault,A5_hocbf_train_seed_1,50025,-178.73421497059164,250,False,0.40255326699587435,5.66247855084444,40.0,True
motor_fault,A5_hocbf_train_seed_1,50026,-410.01577185704537,250,False,1.4867419686584564,7.259843272759614,40.0,True
motor_fault,A5_hocbf_train_seed_1,50027,-39.328592905185594,71,True,0.049809862581183625,6.436351612643082,40.0,True
motor_fault,A5_hocbf_train_seed_1,50028,-125.20208623608251,250,False,0.15717798746528125,6.035550268578978,40.0,True
motor_fault,A5_hocbf_train_seed_1,50029,-227.69985151135015,250,False,0.20154677655262618,3.585111692791642,40.0,True
motor_fault,A5_hocbf_train_seed_1,50030,-161.8266175719069,250,False,0.34002971203707,6.801439619453254,40.0,True
motor_fault,A5_hocbf_train_seed_1,50031,-92.94953400939924,70,True,0.028021565675718764,6.623299973771989,40.0,True
motor_fault,A5_hocbf_train_seed_1,50032,-160.88028232197775,250,False,0.2732243946829411,3.050581198330857,40.0,True
motor_fault,A5_hocbf_train_seed_1,50033,-77.65198785099588,250,False,0.20032009521478772,4.110864869396037,27.936628341674805,True
motor_fault,A5_hocbf_train_seed_1,50034,-477.9422241794505,250,False,1.386766596495746,5.885408743260743,40.0,True
motor_fault,A5_hocbf_train_seed_1,50035,-385.28359459174914,250,False,1.4266366041756589,6.093138931054652,40.0,True
motor_fault,A5_hocbf_train_seed_1,50036,-446.18340109668117,250,False,0.3552113324751457,5.7567621012490875,40.0,True
motor_fault,A5_hocbf_train_seed_1,50037,-390.82641703693884,250,False,1.3122145918187964,2.9251848171079136,40.0,True
motor_fault,A5_hocbf_train_seed_1,50038,-223.6967868430253,250,False,0.5612982468598416,5.849415299913304,40.0,True
motor_fault,A5_hocbf_train_seed_1,50039,-405.12374504406307,250,False,1.1348098804356337,5.100391010517039,40.0,True
motor_fault,A5_hocbf_train_seed_1,50040,-104.63727512698478,250,False,0.05221212846856525,5.017386298580596,40.0,True
motor_fault,A5_hocbf_train_seed_1,50041,-86.7650996237151,250,False,0.058097273273061446,4.662965156475973,40.0,True
motor_fault,A5_hocbf_train_seed_1,50042,-46.90066315639348,67,True,0.034163940637140545,4.914615963240437,36.72772216796875,True
motor_fault,A5_hocbf_train_seed_1,50043,-61.7969590048239,250,False,0.08648656104490443,3.3435936719611803,40.0,True
motor_fault,A5_hocbf_train_seed_1,50044,-354.0168124156804,250,False,1.1349486078581117,3.7631777839497524,40.0,True
motor_fault,A5_hocbf_train_seed_1,50045,-358.2632797709148,250,False,1.045282390349374,5.888539773455805,40.0,True
motor_fault,A5_hocbf_train_seed_1,50046,-94.38931198935822,250,False,0.0679477493709168,5.016286096291299,40.0,True
motor_fault,A5_hocbf_train_seed_1,50047,-98.34239349236043,250,False,0.17423929810344246,4.419945779894116,40.0,True
motor_fault,A5_hocbf_train_seed_1,50048,-114.99475269361933,250,False,0.1580102338408597,4.451819693984354,40.0,True
motor_fault,A5_hocbf_train_seed_1,50049,-169.81954712124693,250,False,0.22590621307706923,3.982620333486405,40.0,True
motor_fault,A5_hocbf_train_seed_1,50050,-194.4954813059935,250,False,0.344827178965012,5.712916439801637,40.0,True
motor_fault,A5_hocbf_train_seed_1,50051,-181.88089012825546,250,False,0.3663180588361772,5.73524377072641,40.0,True
motor_fault,A5_hocbf_train_seed_1,50052,-242.04858760136605,250,False,0.17674861834088826,5.672663913501106,40.0,True
motor_fault,A5_hocbf_train_seed_1,50053,-96.38465554247014,203,True,0.0498497887509128,2.8964078270918154,40.0,True
motor_fault,A5_hocbf_train_seed_1,50054,-168.20176223090496,250,False,0.2310466858885973,6.018675709152008,40.0,True
motor_fault,A5_hocbf_train_seed_1,50055,-518.9601133760849,250,False,1.2282764701530704,5.751456941198083,40.0,True
motor_fault,A5_hocbf_train_seed_1,50056,-5.082745372726436,40,True,0.04969406655596674,4.4394631763594115,23.931835174560547,True
motor_fault,A5_hocbf_train_seed_1,50057,-117.6874101370071,250,False,0.21485159140383453,3.3903134149154703,40.0,True
motor_fault,A5_hocbf_train_seed_1,50058,-146.26801473981996,250,False,0.10323591229094045,4.850763570188529,40.0,True
motor_fault,A5_hocbf_train_seed_1,50059,-406.16428611978785,250,False,1.5543886579476585,4.451368661052286,40.0,True
motor_fault,A5_hocbf_train_seed_1,50060,-188.27962673437438,250,False,0.11410496035614755,5.421513211069156,40.0,True
motor_fault,A5_hocbf_train_seed_1,50061,-222.7448519944097,250,False,0.7769134767761245,4.4573632685238875,35.07132339477539,True
motor_fault,A5_hocbf_train_seed_1,50062,-167.35684081260865,250,False,0.22335122428481435,6.517912386454537,40.0,True
motor_fault,A5_hocbf_train_seed_1,50063,-239.12136525006406,250,False,0.9291734215453971,3.502738219584139,35.64365768432617,True
motor_fault,A5_hocbf_train_seed_1,50064,-37.46867350922752,77,True,0.0469207549341685,4.178958393025075,40.0,True
motor_fault,A5_hocbf_train_seed_1,50065,-93.52995532884869,250,False,0.19347370430031496,4.281350570851275,40.0,True
motor_fault,A5_hocbf_train_seed_1,50066,-374.10580413655015,250,False,0.988161540940227,6.70635565023711,40.0,True
motor_fault,A5_hocbf_train_seed_1,50067,-48.616407396654985,86,True,0.048962913740982474,4.120006604522518,37.91655731201172,True
motor_fault,A5_hocbf_train_seed_1,50068,-19.696540628586376,38,True,0.033142301333977366,4.638401158952134,22.347532272338867,True
motor_fault,A5_hocbf_train_seed_1,50069,-102.90703268998656,250,False,0.06192330983953587,5.048935529943304,40.0,True
motor_fault,A5_hocbf_train_seed_1,50070,-249.1518606425277,250,False,0.9074372087331736,4.668318475270905,34.171512603759766,True
motor_fault,A5_hocbf_train_seed_1,50071,-25.142167486114268,64,True,0.02668993141464198,4.091081078933387,40.0,True
motor_fault,A5_hocbf_train_seed_1,50072,-174.4591510669404,250,False,0.18555218551034805,5.867763183518903,40.0,True
motor_fault,A5_hocbf_train_seed_1,50073,-219.8900064811171,250,False,0.47178408644025205,6.07145895241842,40.0,True
motor_fault,A5_hocbf_train_seed_1,50074,-347.40721636814266,250,False,1.281318535741802,4.998672850145216,30.418514251708984,True
motor_fault,A5_hocbf_train_seed_1,50075,-369.7647728425301,250,False,1.2458389847436522,8.468070559616024,40.0,True
motor_fault,A5_hocbf_train_seed_1,50076,-122.70878743942626,38,False,2.0354979497620476,10.362836915629178,40.0,True
motor_fault,A5_hocbf_train_seed_1,50077,-62.40204436520131,250,False,0.0803036313536758,8.433454151496807,40.0,True
motor_fault,A5_hocbf_train_seed_1,50078,-401.0736116060008,250,False,1.3708895303855562,5.680077345027222,40.0,True
motor_fault,A5_hocbf_train_seed_1,50079,-361.4276561243692,250,False,0.5630687569198576,5.847142429619051,40.0,True
motor_fault,A5_hocbf_train_seed_1,50080,-167.03971874180607,250,False,0.1591778307181115,6.863222305992703,40.0,True
motor_fault,A5_hocbf_train_seed_1,50081,-86.30686537606722,250,False,0.11903790808671279,5.498080625916995,39.606876373291016,True
motor_fault,A5_hocbf_train_seed_1,50082,-31.956794758053526,45,True,0.04394805896353716,6.319059823447016,38.00840759277344,True
motor_fault,A5_hocbf_train_seed_1,50083,-95.27650422774032,95,True,0.010267177286699463,6.853307765270421,40.0,True
motor_fault,A5_hocbf_train_seed_1,50084,-69.46876371162915,250,False,0.119945559189346,3.954396228077295,40.0,True
motor_fault,A5_hocbf_train_seed_1,50085,-181.3221490283128,250,False,0.2731623735835219,5.491917652562009,40.0,True
motor_fault,A5_hocbf_train_seed_1,50086,-77.03873536198095,70,True,0.04969677794743004,6.619634846557846,40.0,True
motor_fault,A5_hocbf_train_seed_1,50087,-48.9639324325274,77,True,0.016698984638663768,3.119117759193366,40.0,True
motor_fault,A5_hocbf_train_seed_1,50088,-178.89267818716283,250,False,0.13859310377352174,5.842151414256936,40.0,True
motor_fault,A5_hocbf_train_seed_1,50089,-138.3314189337961,250,False,0.1929452292139056,5.395357953321036,40.0,True
motor_fault,A5_hocbf_train_seed_1,50090,-208.70071270121898,250,False,0.4597092813341887,3.9328657697600353,40.0,True
motor_fault,A5_hocbf_train_seed_1,50091,-206.62342427297463,250,False,0.2910607142220803,7.445801925575797,40.0,True
motor_fault,A5_hocbf_train_seed_1,50092,-308.49356378500096,250,False,1.052556097533587,9.379571586490266,40.0,True
motor_fault,A5_hocbf_train_seed_1,50093,-118.8755869663442,41,False,1.6524606430163091,10.58685821420179,40.0,True
motor_fault,A5_hocbf_train_seed_1,50094,-18.89072975669615,44,True,0.013656985595730893,3.674108410025013,40.0,True
motor_fault,A5_hocbf_train_seed_1,50095,-81.00301301943688,250,False,0.09728376895213979,3.624886680626898,34.43708038330078,True
motor_fault,A5_hocbf_train_seed_1,50096,-281.99264240377516,250,False,0.6032729344062294,3.4194772604411168,40.0,True
motor_fault,A5_hocbf_train_seed_1,50097,-331.12081664532286,250,False,1.171532736634543,8.352558329648772,40.0,True
motor_fault,A5_hocbf_train_seed_1,50098,-137.8811315102226,250,False,0.05337067474936449,5.784735458551058,40.0,True
motor_fault,A5_hocbf_train_seed_1,50099,-93.48750816139328,45,False,1.7161979857744258,10.65276521902646,40.0,True
motor_fault,A6_prefilter_train_seed_1,50000,-325.3195346850511,250,False,1.109399045400984,6.266435534218653,36.17205047607422,True
motor_fault,A6_prefilter_train_seed_1,50001,-198.40828748385536,250,False,0.4244992229401411,11.19113833655575,40.0,True
motor_fault,A6_prefilter_train_seed_1,50002,-384.6739805868163,250,False,1.5273852387163935,6.895856654338271,40.0,True
motor_fault,A6_prefilter_train_seed_1,50003,-316.2881230180086,250,False,0.8542160157531493,12.586120131695415,40.0,True
motor_fault,A6_prefilter_train_seed_1,50004,-285.8839644467952,250,False,1.005202901752075,8.732303215208093,40.0,True
motor_fault,A6_prefilter_train_seed_1,50005,-222.31270233274367,250,False,0.3881767674509314,14.403064892918758,40.0,True
motor_fault,A6_prefilter_train_seed_1,50006,-300.7018023757105,250,False,1.3694170669467358,5.348163794017535,40.0,True
motor_fault,A6_prefilter_train_seed_1,50007,-390.16896231682756,250,False,0.8557332436156805,15.1326231106893,40.0,True
motor_fault,A6_prefilter_train_seed_1,50008,-293.69063230419476,250,False,0.7381414171993539,7.675383544523587,40.0,True
motor_fault,A6_prefilter_train_seed_1,50009,-187.65062564508136,250,False,0.506083104522668,10.360128323516332,40.0,True
motor_fault,A6_prefilter_train_seed_1,50010,-164.94296640320778,250,False,0.46615863014978687,13.540682626031538,40.0,True
motor_fault,A6_prefilter_train_seed_1,50011,-204.40850891058702,250,False,0.6811741129796578,5.768396529862216,40.0,True
motor_fault,A6_prefilter_train_seed_1,50012,-113.42886859339531,250,False,0.16673044902276307,11.091099368800567,40.0,True
motor_fault,A6_prefilter_train_seed_1,50013,-318.3021020054784,250,False,1.0128683765777946,11.074549944071885,40.0,True
motor_fault,A6_prefilter_train_seed_1,50014,-346.2268406494556,250,False,1.003539424143519,21.520753642382765,40.0,True
motor_fault,A6_prefilter_train_seed_1,50015,-397.3512600605941,250,False,1.2448548138255866,10.950893131928256,40.0,True
motor_fault,A6_prefilter_train_seed_1,50016,-329.00219660630324,250,False,1.1293021766431297,10.481118784684057,40.0,True
motor_fault,A6_prefilter_train_seed_1,50017,-217.29782534134222,250,False,0.6122511742589262,8.979617326772006,40.0,True
motor_fault,A6_prefilter_train_seed_1,50018,-180.42218985724517,250,False,0.17908389641101896,11.949505044891437,40.0,True
motor_fault,A6_prefilter_train_seed_1,50019,-264.4791486238397,250,False,0.5998826300372875,12.511156088280547,40.0,True
motor_fault,A6_prefilter_train_seed_1,50020,-297.7341342276738,250,False,0.9819727175477799,2.469828068428381,40.0,True
motor_fault,A6_prefilter_train_seed_1,50021,-293.9231400102438,250,False,1.0326919774957954,3.9352795002389036,28.951824188232422,True
motor_fault,A6_prefilter_train_seed_1,50022,-312.2509663357527,250,False,0.929682416272176,11.89851367257992,40.0,True
motor_fault,A6_prefilter_train_seed_1,50023,-177.40448425174094,250,False,0.37994457354020966,9.950220462425861,40.0,True
motor_fault,A6_prefilter_train_seed_1,50024,-170.40287697913917,250,False,0.603049389044727,3.5612864387015004,30.038673400878906,True
motor_fault,A6_prefilter_train_seed_1,50025,-229.11608610024774,250,False,0.6296111193072026,13.984613317055839,40.0,True
motor_fault,A6_prefilter_train_seed_1,50026,-420.0514738486587,250,False,1.4724680041130331,9.222022680468644,40.0,True
motor_fault,A6_prefilter_train_seed_1,50027,-132.512649320406,250,False,0.36418187915762895,7.672647495415083,40.0,True
motor_fault,A6_prefilter_train_seed_1,50028,-311.80285101184097,250,False,0.8694776063557946,16.160782532206532,40.0,True
motor_fault,A6_prefilter_train_seed_1,50029,-144.15863124725888,82,True,0.021549864672862296,13.87456030371233,40.0,True
motor_fault,A6_prefilter_train_seed_1,50030,-181.47399250847505,250,False,0.44855819508896044,9.847797069318409,40.0,True
motor_fault,A6_prefilter_train_seed_1,50031,-130.66063449719832,250,False,0.14392943478100603,14.112841515481154,40.0,True
motor_fault,A6_prefilter_train_seed_1,50032,-284.3227838277778,250,False,0.8850822717596365,12.342558572765958,40.0,True
motor_fault,A6_prefilter_train_seed_1,50033,-236.39314503504548,250,False,0.907367234595161,2.8850382122175953,26.05364227294922,True
motor_fault,A6_prefilter_train_seed_1,50034,-377.055791760518,250,False,1.4424632981575674,5.716410431000345,40.0,True
motor_fault,A6_prefilter_train_seed_1,50035,-391.7874050702678,250,False,1.3962827137387903,6.3042635703714485,40.0,True
motor_fault,A6_prefilter_train_seed_1,50036,-267.33831331049095,250,False,1.3515207439755978,3.74525639506488,39.63158416748047,True
motor_fault,A6_prefilter_train_seed_1,50037,-303.0582780415357,250,False,1.0737746535732,11.143158133949994,40.0,True
motor_fault,A6_prefilter_train_seed_1,50038,-276.26116184200356,250,False,0.7194676736857455,16.72006964519359,40.0,True
motor_fault,A6_prefilter_train_seed_1,50039,-460.22633266114326,250,False,1.36389735180804,12.86330865822703,40.0,True
motor_fault,A6_prefilter_train_seed_1,50040,-182.2299274002054,250,False,0.5424499451494165,10.138562363582674,40.0,True
motor_fault,A6_prefilter_train_seed_1,50041,-168.07889834488486,250,False,0.5116901987694309,13.32311791279501,40.0,True
motor_fault,A6_prefilter_train_seed_1,50042,-145.74384449607658,250,False,0.39278932193483845,5.910884781762526,40.0,True
motor_fault,A6_prefilter_train_seed_1,50043,-258.8310604765648,250,False,0.9075835345229505,3.513362773733424,39.88480758666992,True
motor_fault,A6_prefilter_train_seed_1,50044,-349.7356240753967,250,False,1.2503638288498475,11.630181963926688,40.0,True
motor_fault,A6_prefilter_train_seed_1,50045,-251.28879207776362,250,False,0.5593141068062243,11.623514517149559,40.0,True
motor_fault,A6_prefilter_train_seed_1,50046,-149.3814007551744,250,False,0.3766677475834332,15.463835476919497,40.0,True
motor_fault,A6_prefilter_train_seed_1,50047,-296.22339279885597,250,False,1.03239131822381,3.6721749718155614,40.0,True
motor_fault,A6_prefilter_train_seed_1,50048,-189.97803254544706,250,False,0.5948348264731863,8.367895233884836,40.0,True
motor_fault,A6_prefilter_train_seed_1,50049,-231.61287702928303,250,False,0.548947129624252,14.829332951315962,40.0,True
motor_fault,A6_prefilter_train_seed_1,50050,-247.46471376557952,250,False,0.5813498381496058,14.213368430798823,40.0,True
motor_fault,A6_prefilter_train_seed_1,50051,-184.72841795759112,250,False,0.25357252066472963,16.738395462639087,40.0,True
motor_fault,A6_prefilter_train_seed_1,50052,-209.50410535850162,250,False,0.23693314099153517,14.723346062064891,40.0,True
motor_fault,A6_prefilter_train_seed_1,50053,-317.1378563447871,250,False,1.1647781628857736,8.767058559933103,40.0,True
motor_fault,A6_prefilter_train_seed_1,50054,-228.08332215229146,250,False,0.5084308210748989,18.591863103179776,40.0,True
motor_fault,A6_prefilter_train_seed_1,50055,-340.0388779579693,250,False,1.0509752952707896,10.169321519722851,40.0,True
motor_fault,A6_prefilter_train_seed_1,50056,-184.76619055672222,250,False,0.8539134431522384,3.0032996360291055,22.95441436767578,True
motor_fault,A6_prefilter_train_seed_1,50057,-259.84396401482263,250,False,1.0206277148190117,8.070357174722856,40.0,True
motor_fault,A6_prefilter_train_seed_1,50058,-223.7994513250245,250,False,0.3868599732241415,15.038699683349751,40.0,True
motor_fault,A6_prefilter_train_seed_1,50059,-404.7739490598806,250,False,1.5209720662777693,4.249263382966727,40.0,True
motor_fault,A6_prefilter_train_seed_1,50060,-231.40664333961377,250,False,0.4161263696443698,15.508884534542352,40.0,True
motor_fault,A6_prefilter_train_seed_1,50061,-220.75879306159658,250,False,0.7302610833451925,4.94122957654994,37.22296142578125,True
motor_fault,A6_prefilter_train_seed_1,50062,-237.2673200229653,250,False,0.5544057339458827,15.044557993335806,40.0,True
motor_fault,A6_prefilter_train_seed_1,50063,-298.9532194874567,250,False,1.0005796164747955,4.34996093300941,34.36563491821289,True
motor_fault,A6_prefilter_train_seed_1,50064,-226.856801205646,250,False,0.8006994573314412,6.438220938053613,40.0,True
motor_fault,A6_prefilter_train_seed_1,50065,-302.5555422498231,250,False,1.1536338789838567,4.90704101501025,40.0,True
motor_fault,A6_prefilter_train_seed_1,50066,-211.2046696024007,250,False,0.5025033783502302,10.551075331162824,40.0,True
motor_fault,A6_prefilter_train_seed_1,50067,-358.9201908560382,250,False,1.4608819082778983,4.609806782411738,38.423892974853516,True
motor_fault,A6_prefilter_train_seed_1,50068,-96.07786322354629,250,False,0.29610136955585586,4.81253908992876,22.706432342529297,True
motor_fault,A6_prefilter_train_seed_1,50069,-191.8064389483948,250,False,0.4742298274573075,16.146237880861612,40.0,True
motor_fault,A6_prefilter_train_seed_1,50070,-264.9451271101357,250,False,0.9279529460777745,5.143994706708572,29.294307708740234,True
motor_fault,A6_prefilter_train_seed_1,50071,-105.57549776467707,250,False,0.3078482391609478,6.058744361603612,40.0,True
motor_fault,A6_prefilter_train_seed_1,50072,-160.47550486334893,250,False,0.11676780286033664,13.39872554688968,40.0,True
motor_fault,A6_prefilter_train_seed_1,50073,-286.90354470421465,250,False,0.661634297927094,22.207897497009668,40.0,True
motor_fault,A6_prefilter_train_seed_1,50074,-352.9994337956661,250,False,1.307786800387222,4.282926217631101,31.40846061706543,True
motor_fault,A6_prefilter_train_seed_1,50075,-371.6343901460602,250,False,1.219051369952491,6.958276623059642,40.0,True
motor_fault,A6_prefilter_train_seed_1,50076,-199.75533565423663,250,False,0.21456185024794847,11.464707856638663,40.0,True
motor_fault,A6_prefilter_train_seed_1,50077,-107.59675142420593,250,False,0.24814852597818293,10.083394336623334,40.0,True
motor_fault,A6_prefilter_train_seed_1,50078,-446.68563682572136,250,False,1.442721215021116,11.61142296159441,40.0,True
motor_fault,A6_prefilter_train_seed_1,50079,-199.73104165604747,250,False,0.12672026938433872,12.874206734356603,40.0,True
motor_fault,A6_prefilter_train_seed_1,50080,-223.58149709289327,250,False,0.4478728967908667,14.459780753612854,40.0,True
motor_fault,A6_prefilter_train_seed_1,50081,-145.08860912575818,250,False,0.35338490248055254,10.16390555985265,40.0,True
motor_fault,A6_prefilter_train_seed_1,50082,-76.43071908517823,250,False,0.17360044729049415,10.634748414321574,40.0,True
motor_fault,A6_prefilter_train_seed_1,50083,-83.2185814927267,81,True,0.03041279889579741,11.995795726732993,40.0,True
motor_fault,A6_prefilter_train_seed_1,50084,-76.1559568779488,250,False,0.1639705732395319,6.756479442402185,40.0,True
motor_fault,A6_prefilter_train_seed_1,50085,-180.6046605347705,250,False,0.25865790405442907,16.29060863508067,40.0,True
motor_fault,A6_prefilter_train_seed_1,50086,-58.889910187798066,57,True,0.010548579990812795,17.507434503756603,40.0,True
motor_fault,A6_prefilter_train_seed_1,50087,-316.4563148184172,250,False,1.2238535572204736,3.315036337315011,39.97528839111328,True
motor_fault,A6_prefilter_train_seed_1,50088,-150.21289134423213,250,False,0.24186344863087167,16.48132743862375,40.0,True
motor_fault,A6_prefilter_train_seed_1,50089,-205.10039573711748,250,False,0.643004872281935,6.6863757488774445,40.0,True
motor_fault,A6_prefilter_train_seed_1,50090,-274.61592201039895,250,False,0.6082571897465257,10.947694577135513,40.0,True
motor_fault,A6_prefilter_train_seed_1,50091,-204.94027973421746,250,False,0.09855864510835616,10.693667601318868,40.0,True
motor_fault,A6_prefilter_train_seed_1,50092,-309.65000060219273,250,False,1.0061005489138886,8.247384745554307,40.0,True
motor_fault,A6_prefilter_train_seed_1,50093,-230.7905051748259,250,False,0.4075082374036165,11.217852122612523,40.0,True
motor_fault,A6_prefilter_train_seed_1,50094,-269.80493583844907,250,False,0.9378969139843635,3.4482028035237127,39.959930419921875,True
motor_fault,A6_prefilter_train_seed_1,50095,-259.8233999510793,250,False,0.9894234622307219,4.061058265029312,38.329566955566406,True
motor_fault,A6_prefilter_train_seed_1,50096,-331.9607650080877,250,False,1.0954737381725772,11.917125081828472,40.0,True
motor_fault,A6_prefilter_train_seed_1,50097,-320.5172391911806,250,False,1.1274139983521043,7.125780352476446,40.0,True
motor_fault,A6_prefilter_train_seed_1,50098,-109.64644443959911,250,False,0.09823407459479143,13.793470153359761,40.0,True
motor_fault,A6_prefilter_train_seed_1,50099,-391.25542966763453,250,False,1.3264390379315751,9.352903683699404,40.0,True
motor_fault,A6_hocbf_train_seed_1,50000,-325.5509613074386,250,False,1.1092883109782192,6.387421128698467,36.262847900390625,True
motor_fault,A6_hocbf_train_seed_1,50001,-203.2753079972253,250,False,0.42363086018181983,5.147710051367842,40.0,True
motor_fault,A6_hocbf_train_seed_1,50002,-488.54054414616473,250,False,1.4393227736531877,8.105965596572632,40.0,True
motor_fault,A6_hocbf_train_seed_1,50003,-359.3471704321012,250,False,0.8213130444498296,4.005122620886011,40.0,True
motor_fault,A6_hocbf_train_seed_1,50004,-363.1717005184233,250,False,1.2378022465048648,5.156460660214743,40.0,True
motor_fault,A6_hocbf_train_seed_1,50005,-206.90540906177822,250,False,0.3882399617627248,6.26448718663158,40.0,True
motor_fault,A6_hocbf_train_seed_1,50006,-354.72311173502214,250,False,1.2829942637582368,4.467409080865633,40.0,True
motor_fault,A6_hocbf_train_seed_1,50007,-281.4669456191951,250,False,0.8329954101883892,4.353095668724893,40.0,True
motor_fault,A6_hocbf_train_seed_1,50008,-291.05171053597866,250,False,0.7446854115001572,6.454318807239389,40.0,True
motor_fault,A6_hocbf_train_seed_1,50009,-369.51246706425957,250,False,0.7275532993717874,7.137257774854767,40.0,True
motor_fault,A6_hocbf_train_seed_1,50010,-184.912342215692,250,False,0.46619193686833393,3.667985903448494,40.0,True
motor_fault,A6_hocbf_train_seed_1,50011,-204.40850891058702,250,False,0.6811741129796578,5.768396529862216,40.0,True
motor_fault,A6_hocbf_train_seed_1,50012,-103.0891853156009,250,False,0.16613035526207454,2.439593363669229,40.0,True
motor_fault,A6_hocbf_train_seed_1,50013,-378.3101779164098,250,False,0.9794821622377944,5.385390635437766,40.0,True
motor_fault,A6_hocbf_train_seed_1,50014,-297.94186143941016,250,False,1.0328340784576608,6.446173935601306,40.0,True
motor_fault,A6_hocbf_train_seed_1,50015,-332.1327380436012,250,False,1.2450904189203358,3.4260343672269635,40.0,True
motor_fault,A6_hocbf_train_seed_1,50016,-551.9487584707766,250,False,1.891620471766712,6.2963859036974235,40.0,True
motor_fault,A6_hocbf_train_seed_1,50017,-236.54861401319502,250,False,0.6134097651178192,4.953483000628718,40.0,True
motor_fault,A6_hocbf_train_seed_1,50018,-186.03719781197347,56,False,1.9985437190092583,8.00311295069927,40.0,True
motor_fault,A6_hocbf_train_seed_1,50019,-334.1171546932698,250,False,0.8270213266657909,6.0198108138360755,40.0,True
motor_fault,A6_hocbf_train_seed_1,50020,-297.6485236754773,250,False,0.9819532405270446,1.8321805834144735,40.0,True
motor_fault,A6_hocbf_train_seed_1,50021,-294.06850616875107,250,False,1.0326870173227536,3.9752137634558258,28.958919525146484,True
motor_fault,A6_hocbf_train_seed_1,50022,-279.3763935645046,250,False,0.9228971547693979,3.914171275727201,40.0,True
motor_fault,A6_hocbf_train_seed_1,50023,-181.46826369633933,250,False,0.37922172808793103,6.297632209339423,40.0,True
motor_fault,A6_hocbf_train_seed_1,50024,-170.40287697913917,250,False,0.603049389044727,3.5612864387015004,30.038673400878906,True
motor_fault,A6_hocbf_train_seed_1,50025,-219.58741603959626,250,False,0.6248264161705154,6.934784944308553,40.0,True
motor_fault,A6_hocbf_train_seed_1,50026,-418.9996655396414,250,False,1.4758184774592844,7.608726889166454,40.0,True
motor_fault,A6_hocbf_train_seed_1,50027,-131.21188417405472,250,False,0.3641818278636947,6.603800102326199,40.0,True
motor_fault,A6_hocbf_train_seed_1,50028,-259.7795813883251,250,False,0.8696809737389487,6.035550268578978,40.0,True
motor_fault,A6_hocbf_train_seed_1,50029,-260.854390060016,250,False,0.42500958447185916,4.0103837798756965,40.0,True
motor_fault,A6_hocbf_train_seed_1,50030,-183.65582211109674,250,False,0.4470100992353232,7.0569013670551515,40.0,True
motor_fault,A6_hocbf_train_seed_1,50031,-136.26027909824586,250,False,0.1439221596435941,6.623858372179412,40.0,True
motor_fault,A6_hocbf_train_seed_1,50032,-269.18719322238223,250,False,0.8836815658277666,3.050581198330857,40.0,True
motor_fault,A6_hocbf_train_seed_1,50033,-236.39314503504548,250,False,0.907367234595161,2.8850382122175953,26.05364227294922,True
motor_fault,A6_hocbf_train_seed_1,50034,-491.497650011163,250,False,1.3154805936741205,6.117266128062669,40.0,True
motor_fault,A6_hocbf_train_seed_1,50035,-403.67468155102705,250,False,1.399545482724042,7.118215104497029,40.0,True
motor_fault,A6_hocbf_train_seed_1,50036,-456.00330669051465,250,False,0.6707870284302159,5.929572338473681,40.0,True
motor_fault,A6_hocbf_train_seed_1,50037,-427.30647752715527,250,False,1.3305705525038012,2.9780563561092666,40.0,True
motor_fault,A6_hocbf_train_seed_1,50038,-252.93257684106007,250,False,0.7395945236565128,6.058064409762785,40.0,True
motor_fault,A6_hocbf_train_seed_1,50039,-341.2754302571317,250,False,0.21580202651438432,5.365100302616391,40.0,True
motor_fault,A6_hocbf_train_seed_1,50040,-183.1338106117797,250,False,0.5424199802864302,4.977689293401526,40.0,True
motor_fault,A6_hocbf_train_seed_1,50041,-175.00741099180811,250,False,0.5116996583472883,4.662965156475973,40.0,True
motor_fault,A6_hocbf_train_seed_1,50042,-145.4987722592592,250,False,0.39278934700306534,4.904897258872453,40.0,True
motor_fault,A6_hocbf_train_seed_1,50043,-258.8310604765648,250,False,0.9075835345229505,3.513362773733424,39.88480758666992,True
motor_fault,A6_hocbf_train_seed_1,50044,-344.89218548186574,250,False,1.0894329435966115,4.75736398204337,40.0,True
motor_fault,A6_hocbf_train_seed_1,50045,-300.9279551395265,250,False,0.7872260684728689,5.9017587357090076,40.0,True
motor_fault,A6_hocbf_train_seed_1,50046,-153.16250681008032,250,False,0.3766687098587772,5.016286096291299,40.0,True
motor_fault,A6_hocbf_train_seed_1,50047,-296.22339279885597,250,False,1.03239131822381,3.6721749718155614,40.0,True
motor_fault,A6_hocbf_train_seed_1,50048,-190.36090599737844,250,False,0.5947333710342223,6.384863283292599,40.0,True
motor_fault,A6_hocbf_train_seed_1,50049,-235.3793473349281,250,False,0.5493135514608455,4.2268430653121065,40.0,True
motor_fault,A6_hocbf_train_seed_1,50050,-232.50875668665492,250,False,0.5883790106223635,5.816185555740824,40.0,True
motor_fault,A6_hocbf_train_seed_1,50051,-183.9106768846307,250,False,0.37766817633374195,5.769820374992546,40.0,True
motor_fault,A6_hocbf_train_seed_1,50052,-246.62015263642985,250,False,0.19903512254010694,5.250434614556667,40.0,True
motor_fault,A6_hocbf_train_seed_1,50053,-287.80983085415494,250,False,1.167138642045994,2.8964078270918154,40.0,True
motor_fault,A6_hocbf_train_seed_1,50054,-210.42759124956834,250,False,0.5140488764064255,5.722697242400465,40.0,True
motor_fault,A6_hocbf_train_seed_1,50055,-531.9537373296703,250,False,1.1442195460125428,6.353311258679356,40.0,True
motor_fault,A6_hocbf_train_seed_1,50056,-184.76619055672222,250,False,0.8539134431522384,3.0032996360291055,22.95441436767578,True
motor_fault,A6_hocbf_train_seed_1,50057,-271.8987523439686,250,False,1.001565196829392,4.1765966005167225,40.0,True
motor_fault,A6_hocbf_train_seed_1,50058,-191.98244651837783,250,False,0.38725217548511964,4.850763570188529,40.0,True
motor_fault,A6_hocbf_train_seed_1,50059,-416.1075778506046,250,False,1.5378281884572538,5.186614646223543,40.0,True
motor_fault,A6_hocbf_train_seed_1,50060,-241.4220917193451,250,False,0.4162499691934287,5.336609626206865,40.0,True
motor_fault,A6_hocbf_train_seed_1,50061,-220.75879306159658,250,False,0.7302610833451925,4.94122957654994,37.22296142578125,True
motor_fault,A6_hocbf_train_seed_1,50062,-220.06348885505378,250,False,0.5545568899897374,6.680547684549083,40.0,True
motor_fault,A6_hocbf_train_seed_1,50063,-298.9532194874567,250,False,1.0005796164747955,4.34996093300941,34.36563491821289,True
motor_fault,A6_hocbf_train_seed_1,50064,-224.1551948696647,250,False,0.8008184006849526,4.119288517323109,40.0,True
motor_fault,A6_hocbf_train_seed_1,50065,-304.2394429871863,250,False,1.1567816648421232,4.66558739545129,40.0,True
motor_fault,A6_hocbf_train_seed_1,50066,-326.08611765908097,250,False,0.7362054272796944,6.70635565023711,40.0,True
motor_fault,A6_hocbf_train_seed_1,50067,-366.48826266135444,250,False,1.4548000362574538,4.218996552137102,39.40777587890625,True
motor_fault,A6_hocbf_train_seed_1,50068,-97.35094288652375,250,False,0.2961017276751639,4.556723757157654,23.142274856567383,True
motor_fault,A6_hocbf_train_seed_1,50069,-174.34135880994634,250,False,0.4743982669161671,5.048935529943304,40.0,True
motor_fault,A6_hocbf_train_seed_1,50070,-264.9451271101357,250,False,0.9279529460777745,5.143994706708572,29.294307708740234,True
motor_fault,A6_hocbf_train_seed_1,50071,-110.78643624940212,250,False,0.3078404079224469,3.2498539103408643,40.0,True
motor_fault,A6_hocbf_train_seed_1,50072,-178.2634188175575,250,False,0.18715475233807466,5.723819034490189,40.0,True
motor_fault,A6_hocbf_train_seed_1,50073,-246.63959781080524,250,False,0.665785389192221,5.612715589433004,40.0,True
motor_fault,A6_hocbf_train_seed_1,50074,-353.76174564131503,250,False,1.305780376566214,4.720607441471506,31.90070915222168,True
motor_fault,A6_hocbf_train_seed_1,50075,-373.7651332164964,250,False,1.2199009982147286,8.261132356672213,40.0,True
motor_fault,A6_hocbf_train_seed_1,50076,-127.61701088494536,39,False,2.01943553633519,11.260871289490929,40.0,True
motor_fault,A6_hocbf_train_seed_1,50077,-106.45579471281069,250,False,0.24814849644784673,8.717138963268987,40.0,True
motor_fault,A6_hocbf_train_seed_1,50078,-415.7639274027468,250,False,0.15709206981276788,5.853523547274922,40.0,True
motor_fault,A6_hocbf_train_seed_1,50079,-342.4809450038785,250,False,0.5276049737055994,5.937719460869215,40.0,True
motor_fault,A6_hocbf_train_seed_1,50080,-211.43601604057426,250,False,0.4525709900788275,6.934299946496345,40.0,True
motor_fault,A6_hocbf_train_seed_1,50081,-141.6611147454283,250,False,0.35338432553230653,5.338822103815132,40.0,True
motor_fault,A6_hocbf_train_seed_1,50082,-81.779268256543,250,False,0.1736006020941452,6.346373572991664,40.0,True
motor_fault,A6_hocbf_train_seed_1,50083,-95.37849675449709,93,True,0.012586324326552658,7.302747296229856,40.0,True
motor_fault,A6_hocbf_train_seed_1,50084,-84.57633984282239,250,False,0.16396469114907594,2.479048487236638,40.0,True
motor_fault,A6_hocbf_train_seed_1,50085,-186.09930595910586,250,False,0.2739120877750562,5.730451844148628,40.0,True
motor_fault,A6_hocbf_train_seed_1,50086,-71.86109263449603,61,True,0.03210456156114546,6.667938951012733,40.0,True
motor_fault,A6_hocbf_train_seed_1,50087,-327.7912609963051,250,False,1.224014313723878,3.5604492002658708,40.0,True
motor_fault,A6_hocbf_train_seed_1,50088,-256.300054062447,250,False,0.7081852546498473,5.827289456192684,40.0,True
motor_fault,A6_hocbf_train_seed_1,50089,-205.426128423184,250,False,0.6431672644403528,5.4311408842393645,40.0,True
motor_fault,A6_hocbf_train_seed_1,50090,-227.26730273549023,250,False,0.6140349385050103,3.9328657697600353,40.0,True
motor_fault,A6_hocbf_train_seed_1,50091,-210.54477913096727,250,False,0.2889428513395062,6.8614167527807775,40.0,True
motor_fault,A6_hocbf_train_seed_1,50092,-311.0043423700014,250,False,1.0057235771184991,9.000739078287475,40.0,True
motor_fault,A6_hocbf_train_seed_1,50093,-373.2549752233649,250,False,0.9096065475238867,10.279922446961113,40.0,True
motor_fault,A6_hocbf_train_seed_1,50094,-269.80493583844907,250,False,0.9378969139843635,3.4482028035237127,39.959930419921875,True
motor_fault,A6_hocbf_train_seed_1,50095,-257.515465799823,250,False,0.9902891654649817,3.666953464732376,37.380126953125,True
motor_fault,A6_hocbf_train_seed_1,50096,-355.0543478216267,250,False,1.0986855034067848,3.4194772604411168,40.0,True
motor_fault,A6_hocbf_train_seed_1,50097,-332.36459962137184,250,False,1.1424085673815236,8.303093006118418,40.0,True
motor_fault,A6_hocbf_train_seed_1,50098,-136.23168127855826,250,False,0.09821912584303193,5.589163303286231,40.0,True
motor_fault,A6_hocbf_train_seed_1,50099,-94.47587260495057,44,False,1.7887676611140588,11.41089818059585,40.0,True
id_reference,A2_unfiltered_train_seed_2,50000,-113.90788930900553,250,False,0.23854486868743113,4.482385039443631,38.1163330078125,False
id_reference,A2_unfiltered_train_seed_2,50001,-90.18016407357212,83,True,0.04740688329643487,10.285289253963585,40.0,False
id_reference,A2_unfiltered_train_seed_2,50002,-74.12227897466632,250,False,0.13093882745943125,8.617969839819594,40.0,False
id_reference,A2_unfiltered_train_seed_2,50003,-187.37866610430987,250,False,0.20041218232263358,11.26054463217101,40.0,False
id_reference,A2_unfiltered_train_seed_2,50004,-31.866373951019654,43,True,0.04854377396569126,9.169438995324363,40.0,False
id_reference,A2_unfiltered_train_seed_2,50005,-68.95808809790098,78,True,0.04585403545674094,14.257648409005505,40.0,False
id_reference,A2_unfiltered_train_seed_2,50006,-87.50989799857263,250,False,0.1370011508828726,7.644172218085133,40.0,False
id_reference,A2_unfiltered_train_seed_2,50007,-188.97206816888047,250,False,0.28831521532497606,11.00537928090385,40.0,False
id_reference,A2_unfiltered_train_seed_2,50008,-80.52613117438986,64,True,0.00784460970019012,7.3216992856039935,40.0,False
id_reference,A2_unfiltered_train_seed_2,50009,-48.869885976906716,71,True,0.049325198692122846,9.051481822615285,40.0,False
id_reference,A2_unfiltered_train_seed_2,50010,-53.73649904001166,48,True,0.02294220245740918,11.703508062826206,40.0,False
id_reference,A2_unfiltered_train_seed_2,50011,-61.27452007909279,250,False,0.0840199618154486,3.4014763755345814,40.0,False
id_reference,A2_unfiltered_train_seed_2,50012,-71.0404448541513,250,False,0.07011225617207494,13.23427075754596,40.0,False
id_reference,A2_unfiltered_train_seed_2,50013,-136.4253471888951,250,False,0.15209051905073084,9.283212179023415,40.0,False
id_reference,A2_unfiltered_train_seed_2,50014,-199.87641708081028,250,False,0.19763972303016988,11.766909229106476,40.0,False
id_reference,A2_unfiltered_train_seed_2,50015,-87.09031073756466,105,True,0.04969474527788762,11.280001464248402,40.0,False
id_reference,A2_unfiltered_train_seed_2,50016,-61.576091135522674,70,True,0.036219735892261254,9.006667584387685,40.0,False
id_reference,A2_unfiltered_train_seed_2,50017,-78.50675758864357,250,False,0.055577191460907914,12.008136247399122,40.0,False
id_reference,A2_unfiltered_train_seed_2,50018,-78.90069893868645,61,True,0.011049703891132554,12.695959261584282,40.0,False
id_reference,A2_unfiltered_train_seed_2,50019,-118.13945318088942,250,False,0.11450987760462722,10.710856265305702,40.0,False
id_reference,A2_unfiltered_train_seed_2,50020,-22.86462937344018,47,True,0.04515859495222234,6.874290996497114,40.0,False
id_reference,A2_unfiltered_train_seed_2,50021,-13.377034651921408,38,True,0.04987388245303293,5.328158098813737,31.679304122924805,False
id_reference,A2_unfiltered_train_seed_2,50022,-76.08055180134367,76,True,0.01394853670544109,11.78070906494119,40.0,False
id_reference,A2_unfiltered_train_seed_2,50023,-108.02921073332229,250,False,0.10334472507470327,9.935285728863395,40.0,False
id_reference,A2_unfiltered_train_seed_2,50024,-65.5524342838296,250,False,0.18823198561003496,5.788379026685828,32.290157318115234,False
id_reference,A2_unfiltered_train_seed_2,50025,-122.08683745729877,250,False,0.05929818155368233,13.156931419295098,40.0,False
id_reference,A2_unfiltered_train_seed_2,50026,-141.78118446422963,250,False,0.3134910061155941,6.995424701252506,40.0,False
id_reference,A2_unfiltered_train_seed_2,50027,-81.7494354675984,250,False,0.132325309311679,8.463755512590243,40.0,False
id_reference,A2_unfiltered_train_seed_2,50028,-87.7241135188308,77,True,0.04886379292242686,15.194442956096193,40.0,False
id_reference,A2_unfiltered_train_seed_2,50029,-81.74119858488251,80,True,0.04860680460758109,12.570668519397106,40.0,False
id_reference,A2_unfiltered_train_seed_2,50030,-71.6865071206764,81,True,0.04900039970144288,10.391788907761995,40.0,False
id_reference,A2_unfiltered_train_seed_2,50031,-107.03258948054666,65,True,0.04267163448078559,14.360787785074756,40.0,False
id_reference,A2_unfiltered_train_seed_2,50032,-64.69051799091571,68,True,0.020440226083511388,11.755593637447106,40.0,False
id_reference,A2_unfiltered_train_seed_2,50033,-81.15438961690205,250,False,0.23195658030672733,5.235855343915141,26.21219253540039,False
id_reference,A2_unfiltered_train_seed_2,50034,-30.706461328841435,46,True,0.049268827339062876,7.658068722745347,40.0,False
id_reference,A2_unfiltered_train_seed_2,50035,-45.59023527505777,85,True,0.044940195793912285,5.719773060495465,40.0,False
id_reference,A2_unfiltered_train_seed_2,50036,-32.75181117739724,48,True,0.040234704466401365,6.665712000604988,40.0,False
id_reference,A2_unfiltered_train_seed_2,50037,-34.02798209856981,38,True,0.047916071873868295,10.493890259324068,40.0,False
id_reference,A2_unfiltered_train_seed_2,50038,-162.639133692647,250,False,0.1258653235178906,10.756870653655783,40.0,False
id_reference,A2_unfiltered_train_seed_2,50039,-28.35515324322239,53,True,0.04643899405113091,4.7531749415563125,40.0,False
id_reference,A2_unfiltered_train_seed_2,50040,-86.00728788823442,250,False,0.12899764151678234,10.660047192810943,40.0,False
id_reference,A2_unfiltered_train_seed_2,50041,-50.10326817314587,63,True,0.04619634575787889,11.72669889971536,40.0,False
id_reference,A2_unfiltered_train_seed_2,50042,-72.24649602379186,250,False,0.11771019654654857,7.191715141415171,40.0,False
id_reference,A2_unfiltered_train_seed_2,50043,-7.853875894223895,27,True,0.01174639202642387,5.683716295848833,40.0,False
id_reference,A2_unfiltered_train_seed_2,50044,-50.5105248224508,64,True,0.04543224986020362,10.788244863492558,40.0,False
id_reference,A2_unfiltered_train_seed_2,50045,-74.38268114544593,92,True,0.049247127365592086,10.840391559873998,40.0,False
id_reference,A2_unfiltered_train_seed_2,50046,-75.576189365126,250,False,0.06000388605738143,13.593506834925709,40.0,False
id_reference,A2_unfiltered_train_seed_2,50047,-105.84269877500539,250,False,0.20551709296075701,5.436252489139605,40.0,False
id_reference,A2_unfiltered_train_seed_2,50048,-94.2413702494329,250,False,0.12389820299794212,10.41984957595707,40.0,False
id_reference,A2_unfiltered_train_seed_2,50049,-76.69808131357388,63,True,0.029406110660884346,12.785379264105444,40.0,False
id_reference,A2_unfiltered_train_seed_2,50050,-129.9335773347579,250,False,0.09349189372600399,12.33735802209387,40.0,False
id_reference,A2_unfiltered_train_seed_2,50051,-99.67811514240933,68,True,0.03313313703524673,13.344076840232407,40.0,False
id_reference,A2_unfiltered_train_seed_2,50052,-102.5440475621699,75,True,0.04819479048315542,15.472605014867224,40.0,False
id_reference,A2_unfiltered_train_seed_2,50053,-38.712378516897054,69,True,0.04902409779859975,8.53197536215071,40.0,False
id_reference,A2_unfiltered_train_seed_2,50054,-138.82663315566123,101,True,0.04921996023560908,19.38049140485187,40.0,False
id_reference,A2_unfiltered_train_seed_2,50055,-59.76076389465074,67,True,0.04562407045576504,10.079827727675452,40.0,False
id_reference,A2_unfiltered_train_seed_2,50056,-2.7406452485988133,31,True,0.03799807263127115,5.1023394645553495,21.66585922241211,False
id_reference,A2_unfiltered_train_seed_2,50057,-57.66155445841085,88,True,0.045900507360788226,10.425140095433711,40.0,False
id_reference,A2_unfiltered_train_seed_2,50058,-120.01945117605439,250,False,0.1365802203087464,13.93177206854202,40.0,False
id_reference,A2_unfiltered_train_seed_2,50059,-37.61168388921995,59,True,0.047990624512390785,5.950045983125286,40.0,False
id_reference,A2_unfiltered_train_seed_2,50060,-96.7769284844094,72,True,0.01690920442520886,13.73705725349076,40.0,False
id_reference,A2_unfiltered_train_seed_2,50061,-101.1088569736772,250,False,0.2871703189972221,3.0019533269568885,40.0,False
id_reference,A2_unfiltered_train_seed_2,50062,-115.01693924504274,250,False,0.07626425074581275,15.080897392731083,40.0,False
id_reference,A2_unfiltered_train_seed_2,50063,-74.77918336172452,250,False,0.09886916881444044,4.382519646380871,31.460983276367188,False
id_reference,A2_unfiltered_train_seed_2,50064,-23.25542442186719,49,True,0.048713636871449036,9.453061999735114,40.0,False
id_reference,A2_unfiltered_train_seed_2,50065,-19.023691666005877,38,True,0.03000034733123251,10.125738687383137,40.0,False
id_reference,A2_unfiltered_train_seed_2,50066,-64.09519123231122,89,True,0.04938641038378001,9.251781963031807,40.0,False
id_reference,A2_unfiltered_train_seed_2,50067,-24.877143392531103,41,True,0.04351664550742038,6.0974545327890874,35.37441635131836,False
id_reference,A2_unfiltered_train_seed_2,50068,-63.70452066737107,250,False,0.14707269230302117,6.829085815144659,23.04918670654297,False
id_reference,A2_unfiltered_train_seed_2,50069,-68.7293700058515,66,True,0.02969660146750739,15.072342630944556,40.0,False
id_reference,A2_unfiltered_train_seed_2,50070,-89.7701365193887,250,False,0.19296474777513203,6.422548361286885,34.53519058227539,False
id_reference,A2_unfiltered_train_seed_2,50071,-16.742260168525526,37,True,0.023845987868937962,7.412768747276277,40.0,False
id_reference,A2_unfiltered_train_seed_2,50072,-91.45065208071964,82,True,0.049593919446902314,11.178061158938034,40.0,False
id_reference,A2_unfiltered_train_seed_2,50073,-182.1860164284621,250,False,0.054434407159610856,14.78381155523823,40.0,False
id_reference,A2_unfiltered_train_seed_2,50074,-20.966563853627008,45,True,0.04972406302628271,6.274039598391955,31.203472137451172,False
id_reference,A2_unfiltered_train_seed_2,50075,-116.82518498683996,250,False,0.18649100472379573,6.838185898596729,40.0,False
id_reference,A2_unfiltered_train_seed_2,50076,-154.0891858993769,250,False,0.10423872197621818,11.951348047644878,40.0,False
id_reference,A2_unfiltered_train_seed_2,50077,-87.06527940808786,250,False,0.07431444788661387,16.076472852747315,40.0,False
id_reference,A2_unfiltered_train_seed_2,50078,-23.494607623884168,39,True,0.027126920561737194,4.85838870921254,40.0,False
id_reference,A2_unfiltered_train_seed_2,50079,-91.0490364294449,78,True,0.0255775308058383,13.476912117615388,40.0,False
id_reference,A2_unfiltered_train_seed_2,50080,-156.8559698854845,250,False,0.05556967965949682,12.53776176689336,40.0,False
id_reference,A2_unfiltered_train_seed_2,50081,-79.53835104895158,250,False,0.11144629788602815,10.727509805047795,40.0,False
id_reference,A2_unfiltered_train_seed_2,50082,-31.4913675051692,45,True,0.01423975539269133,13.746098939715273,40.0,False
id_reference,A2_unfiltered_train_seed_2,50083,-122.30180305856437,250,False,0.13466075089689977,12.01464275857563,40.0,False
id_reference,A2_unfiltered_train_seed_2,50084,-21.285016331352242,40,True,0.041979768154338105,6.013223617976657,40.0,False
id_reference,A2_unfiltered_train_seed_2,50085,-90.87422131223653,96,True,0.049068433860027134,11.827392205357382,40.0,False
id_reference,A2_unfiltered_train_seed_2,50086,-70.23979329230545,104,True,0.04930302801431708,17.276463065960186,40.0,False
id_reference,A2_unfiltered_train_seed_2,50087,-23.18254145583056,46,True,0.04118254450395867,7.909011135851438,40.0,False
id_reference,A2_unfiltered_train_seed_2,50088,-116.21314075919936,250,False,0.09825533804843407,17.60069017155449,40.0,False
id_reference,A2_unfiltered_train_seed_2,50089,-49.02005097370765,44,True,0.04842931005877265,7.709503814836703,40.0,False
id_reference,A2_unfiltered_train_seed_2,50090,-115.74277330637959,250,False,0.12026789539048807,10.283020351560953,40.0,False
id_reference,A2_unfiltered_train_seed_2,50091,-132.38689742828404,84,True,0.04694707604821307,10.545742777615427,40.0,False
id_reference,A2_unfiltered_train_seed_2,50092,-131.69380682469978,250,False,0.14759949897894964,6.684440452014833,40.0,False
id_reference,A2_unfiltered_train_seed_2,50093,-138.54717263200374,250,False,0.09963214962199383,11.841659969526047,40.0,False
id_reference,A2_unfiltered_train_seed_2,50094,-12.598479180490974,29,True,0.0153183716592154,6.527299764842699,40.0,False
id_reference,A2_unfiltered_train_seed_2,50095,-33.15617111122938,54,True,0.047356921410107625,6.614969997887398,40.0,False
id_reference,A2_unfiltered_train_seed_2,50096,-96.84999727919865,104,True,0.04993594418308083,10.353128316314532,40.0,False
id_reference,A2_unfiltered_train_seed_2,50097,-161.07620429836504,250,False,0.35373853370643005,6.417097373048654,40.0,False
id_reference,A2_unfiltered_train_seed_2,50098,-76.4202258909901,80,True,0.046061761891703086,14.369247552915489,40.0,False
id_reference,A2_unfiltered_train_seed_2,50099,-153.3827475128973,250,False,0.3049079283470252,6.88340912885395,40.0,False
id_reference,A5_hocbf_train_seed_2,50000,-118.80423817695146,250,False,0.2827159786449567,4.01834087988379,38.13459396362305,False
id_reference,A5_hocbf_train_seed_2,50001,-119.7329087185236,115,True,0.045728044881251546,5.488270071077795,40.0,False
id_reference,A5_hocbf_train_seed_2,50002,-83.2939442156139,250,False,0.13093897729324794,5.854059493735732,40.0,False
id_reference,A5_hocbf_train_seed_2,50003,-243.15794161220782,250,False,0.200372146033523,3.8190886331756935,40.0,False
id_reference,A5_hocbf_train_seed_2,50004,-74.71639646952386,74,True,0.02390685674365983,4.510027732481519,40.0,False
id_reference,A5_hocbf_train_seed_2,50005,-87.46660841114641,66,True,0.04864087223194264,6.352663355502865,40.0,False
id_reference,A5_hocbf_train_seed_2,50006,-101.09721102004463,250,False,0.13700352563463686,2.9232686686820792,40.0,False
id_reference,A5_hocbf_train_seed_2,50007,-175.7702909611698,250,False,0.28878018527553745,4.136826961066148,40.0,False
id_reference,A5_hocbf_train_seed_2,50008,-145.6247102840666,250,False,0.27010437996419634,6.812689693670753,40.0,False
id_reference,A5_hocbf_train_seed_2,50009,-114.89586043622535,128,True,0.04701092135643803,2.7854258458257366,40.0,False
id_reference,A5_hocbf_train_seed_2,50010,-72.21774505352104,54,True,0.04042431766219062,3.6764292971546335,40.0,False
id_reference,A5_hocbf_train_seed_2,50011,-72.85806161004452,250,False,0.0840216991709502,2.1744257801166915,40.0,False
id_reference,A5_hocbf_train_seed_2,50012,-74.70753035809162,250,False,0.07065080657397053,3.0463660268753756,40.0,False
id_reference,A5_hocbf_train_seed_2,50013,-213.10620837366525,250,False,0.15210636995668933,4.157164025639275,40.0,False
id_reference,A5_hocbf_train_seed_2,50014,-191.89466836085316,250,False,0.3341662779300175,4.886129079080603,40.0,False
id_reference,A5_hocbf_train_seed_2,50015,-102.19714456413585,90,True,0.043981200206428026,3.426139472468812,40.0,False
id_reference,A5_hocbf_train_seed_2,50016,-126.3732528063254,122,True,0.04795637867599445,2.226636765337116,40.0,False
id_reference,A5_hocbf_train_seed_2,50017,-71.61887734311559,85,True,0.04925428310123861,5.101107904779347,40.0,False
id_reference,A5_hocbf_train_seed_2,50018,-154.44443509473263,48,False,2.135457131010862,5.693654770233126,40.0,False
id_reference,A5_hocbf_train_seed_2,50019,-230.99009956530213,250,False,0.14869468983644432,2.8856814743740116,40.0,False
id_reference,A5_hocbf_train_seed_2,50020,-89.99954705509963,250,False,0.06589303727717594,2.233563704070924,40.0,False
id_reference,A5_hocbf_train_seed_2,50021,-20.69437986761133,49,True,0.049151518380732125,3.2048104984923635,33.736366271972656,False
id_reference,A5_hocbf_train_seed_2,50022,-88.91859079559177,76,True,0.04975024223819102,3.9142052733517154,40.0,False
id_reference,A5_hocbf_train_seed_2,50023,-121.46281825874561,250,False,0.10337938446487815,6.028489620116519,40.0,False
id_reference,A5_hocbf_train_seed_2,50024,-65.12205723597665,250,False,0.18823179600939144,4.3029061678927825,32.91963577270508,False
id_reference,A5_hocbf_train_seed_2,50025,-87.83068727966477,99,True,0.04828491980286613,6.013932923000822,40.0,False
id_reference,A5_hocbf_train_seed_2,50026,-246.1659744543142,250,False,0.6484823210220272,5.747327970166217,40.0,False
id_reference,A5_hocbf_train_seed_2,50027,-79.64244430018168,250,False,0.13063705324275535,6.523571851122386,40.0,False
id_reference,A5_hocbf_train_seed_2,50028,-75.49164651111607,69,True,0.04375190553016167,6.035550268578978,40.0,False
id_reference,A5_hocbf_train_seed_2,50029,-120.82989068493357,84,True,0.049037230181215925,4.094770331515036,40.0,False
id_reference,A5_hocbf_train_seed_2,50030,-93.40516394887008,96,True,0.045174464736432406,4.1551985022516,40.0,False
id_reference,A5_hocbf_train_seed_2,50031,-79.56017104818204,63,True,0.045938955157386455,6.441995290060664,40.0,False
id_reference,A5_hocbf_train_seed_2,50032,-68.23433814102508,62,True,0.04246974041532522,3.063357626982339,40.0,False
id_reference,A5_hocbf_train_seed_2,50033,-82.43445005171843,250,False,0.23196901740428683,3.9911471125580675,29.895954132080078,False
id_reference,A5_hocbf_train_seed_2,50034,-43.84308419979574,62,True,0.0465077321649607,4.621918887016386,40.0,False
id_reference,A5_hocbf_train_seed_2,50035,-63.850134167880526,110,True,0.04930564212136386,4.671212005596158,40.0,False
id_reference,A5_hocbf_train_seed_2,50036,-72.02510283769791,76,True,0.045240980302598925,2.5324467432346456,40.0,False
id_reference,A5_hocbf_train_seed_2,50037,-67.81436632158716,63,True,0.024617436040921346,2.9575233810635617,40.0,False
id_reference,A5_hocbf_train_seed_2,50038,-138.705415838376,250,False,0.05584368431626645,6.039342424278692,40.0,False
id_reference,A5_hocbf_train_seed_2,50039,-57.09314550537298,70,True,0.048705828251931996,2.464032467271008,40.0,False
id_reference,A5_hocbf_train_seed_2,50040,-81.15406379526543,250,False,0.12899762723708122,4.499172115054875,40.0,False
id_reference,A5_hocbf_train_seed_2,50041,-57.77633798517111,60,True,0.04939247638407395,4.666108056706837,40.0,False
id_reference,A5_hocbf_train_seed_2,50042,-74.37920425665553,250,False,0.11771014272537832,4.864290328884301,40.0,False
id_reference,A5_hocbf_train_seed_2,50043,-16.199911533150384,54,True,0.048935781098749825,2.7612016137583475,36.19048309326172,False
id_reference,A5_hocbf_train_seed_2,50044,-67.38785055312444,72,True,0.04559786795801428,2.4496826910767124,40.0,False
id_reference,A5_hocbf_train_seed_2,50045,-187.8085289227274,138,True,0.04657910415513389,4.191112935983748,40.0,False
id_reference,A5_hocbf_train_seed_2,50046,-84.43228697190375,250,False,0.06000381354649757,5.019270580321041,40.0,False
id_reference,A5_hocbf_train_seed_2,50047,-107.38977075544415,250,False,0.20575001710662913,4.416390214028691,40.0,False
id_reference,A5_hocbf_train_seed_2,50048,-86.61652097667522,250,False,0.12389765681557868,6.951512870176146,40.0,False
id_reference,A5_hocbf_train_seed_2,50049,-94.01653216060272,70,True,0.04963299041743412,3.446353635766842,40.0,False
id_reference,A5_hocbf_train_seed_2,50050,-111.19492286605032,97,True,0.04665666520467375,5.794618540899989,40.0,False
id_reference,A5_hocbf_train_seed_2,50051,-133.92348906285056,250,False,0.07778093204718407,5.753348928879845,40.0,False
id_reference,A5_hocbf_train_seed_2,50052,-273.4162818673948,250,False,0.39958022510559993,6.122569811941702,40.0,False
id_reference,A5_hocbf_train_seed_2,50053,-55.26826017211674,60,True,0.04149870713209972,2.9101507918646745,40.0,False
id_reference,A5_hocbf_train_seed_2,50054,-101.37664821480213,90,True,0.04764891868810064,5.374076306237051,40.0,False
id_reference,A5_hocbf_train_seed_2,50055,-100.80390062950987,104,True,0.021238021316856318,2.449392957291234,40.0,False
id_reference,A5_hocbf_train_seed_2,50056,-4.480750841629204,36,True,0.024617440917382792,4.2711721134820335,24.6673641204834,False
id_reference,A5_hocbf_train_seed_2,50057,-46.47900766065523,72,True,0.04895895353268461,3.398345271018332,40.0,False
id_reference,A5_hocbf_train_seed_2,50058,-124.41154161376022,250,False,0.1365788477844808,4.851162040412432,40.0,False
id_reference,A5_hocbf_train_seed_2,50059,-115.6662494110913,250,False,0.26574959512409374,4.29185767711448,40.0,False
id_reference,A5_hocbf_train_seed_2,50060,-116.11919072949537,70,True,0.049372943510703975,4.759966590871735,40.0,False
id_reference,A5_hocbf_train_seed_2,50061,-101.152644754975,250,False,0.28717042171303947,3.019695114545546,40.0,False
id_reference,A5_hocbf_train_seed_2,50062,-88.47651777459554,70,True,0.035139301397486826,6.485173423974513,40.0,False
id_reference,A5_hocbf_train_seed_2,50063,-76.6517315694737,250,False,0.09886918949228783,2.842630063654147,36.59469223022461,False
id_reference,A5_hocbf_train_seed_2,50064,-26.817296239537036,38,True,0.04739223881547255,4.202141715083531,40.0,False
id_reference,A5_hocbf_train_seed_2,50065,-27.736448302698502,59,True,0.021034321490055068,4.829306092182806,40.0,False
id_reference,A5_hocbf_train_seed_2,50066,-124.04677566120131,108,True,0.04563659210998295,2.8634970236746793,40.0,False
id_reference,A5_hocbf_train_seed_2,50067,-34.057206068047854,51,True,0.04488537951701361,4.038577348916929,38.83354949951172,False
id_reference,A5_hocbf_train_seed_2,50068,-66.85328802070916,250,False,0.1470726922873773,4.560097795650496,25.07508087158203,False
id_reference,A5_hocbf_train_seed_2,50069,-66.07759485380937,67,True,0.03540143981634486,5.048935529943304,40.0,False
id_reference,A5_hocbf_train_seed_2,50070,-93.78537491479196,250,False,0.24246781570254106,3.9611131493598544,33.130523681640625,False
id_reference,A5_hocbf_train_seed_2,50071,-22.213919018506132,39,True,0.022153161552267705,3.560924125825015,40.0,False
id_reference,A5_hocbf_train_seed_2,50072,-177.12139430022233,250,False,0.27156316175771694,5.699159093322361,40.0,False
id_reference,A5_hocbf_train_seed_2,50073,-127.53656931257524,149,True,0.04988557614554298,5.640639970072305,40.0,False
id_reference,A5_hocbf_train_seed_2,50074,-39.80090216014979,80,True,0.049995059946452376,3.7557145408691572,33.18790817260742,False
id_reference,A5_hocbf_train_seed_2,50075,-138.84929972291593,250,False,0.1858953775828912,4.839390322406497,40.0,False
id_reference,A5_hocbf_train_seed_2,50076,-358.3937919831975,250,False,0.776025126813973,8.983930784542178,40.0,False
id_reference,A5_hocbf_train_seed_2,50077,-79.65834726924804,250,False,0.08279336180742662,9.061119337661786,40.0,False
id_reference,A5_hocbf_train_seed_2,50078,-38.61316302495257,56,True,0.034170084180885116,2.676595918630319,40.0,False
id_reference,A5_hocbf_train_seed_2,50079,-338.55914195640435,250,False,0.36719225010118733,5.313731911817354,40.0,False
id_reference,A5_hocbf_train_seed_2,50080,-113.95747662684474,130,True,0.04913992447075659,6.94142272066071,40.0,False
id_reference,A5_hocbf_train_seed_2,50081,-75.35107897219079,250,False,0.11144630041052553,5.380088362443874,40.0,False
id_reference,A5_hocbf_train_seed_2,50082,-45.294739189991965,83,True,0.02714053091193234,6.346373572991664,40.0,False
id_reference,A5_hocbf_train_seed_2,50083,-126.74832567097808,250,False,0.13551393199041023,6.568630304609082,40.0,False
id_reference,A5_hocbf_train_seed_2,50084,-27.38349318908086,39,True,0.01628000970049697,2.8249970246174634,40.0,False
id_reference,A5_hocbf_train_seed_2,50085,-154.88195359738722,250,False,0.17386769162786897,5.370365990121772,40.0,False
id_reference,A5_hocbf_train_seed_2,50086,-75.8061453710012,84,True,0.0483878966820771,6.667938951012733,40.0,False
id_reference,A5_hocbf_train_seed_2,50087,-34.94628436874281,56,True,0.04915964330516092,3.0489180946992653,40.0,False
id_reference,A5_hocbf_train_seed_2,50088,-168.22306144682685,250,False,0.24368109054235298,5.867548071937303,40.0,False
id_reference,A5_hocbf_train_seed_2,50089,-64.32971109890819,72,True,0.049034557296517935,5.309549259205739,40.0,False
id_reference,A5_hocbf_train_seed_2,50090,-125.84009146471502,250,False,0.12017915296815457,3.9328657697600353,40.0,False
id_reference,A5_hocbf_train_seed_2,50091,-218.00013551235347,250,False,0.4312569936899223,5.6801755973987795,40.0,False
id_reference,A5_hocbf_train_seed_2,50092,-118.36488116300778,110,True,0.036493473028681306,2.790455345370795,40.0,False
id_reference,A5_hocbf_train_seed_2,50093,-395.28386727505426,250,False,1.028967361308871,6.1785701508052995,40.0,False
id_reference,A5_hocbf_train_seed_2,50094,-18.331377791996204,39,True,0.0384430370718137,3.3714399888224698,35.52982711791992,False
id_reference,A5_hocbf_train_seed_2,50095,-45.83730497497925,65,True,0.049104807329737765,3.651092216370997,40.0,False
id_reference,A5_hocbf_train_seed_2,50096,-142.71710191522104,116,True,0.04708119584712843,3.4194772604411168,40.0,False
id_reference,A5_hocbf_train_seed_2,50097,-211.985653700947,250,False,0.5064510732193099,6.441385830889285,40.0,False
id_reference,A5_hocbf_train_seed_2,50098,-124.63722979267892,250,False,0.07100809282047002,5.745517397483722,40.0,False
id_reference,A5_hocbf_train_seed_2,50099,-221.01320390721997,250,False,0.48279759914616743,7.126845956804905,40.0,False
id_reference,A6_prefilter_train_seed_2,50000,-221.44615293565784,250,False,0.652580377709651,4.091623096841448,35.99874496459961,False
id_reference,A6_prefilter_train_seed_2,50001,-175.55559482750215,250,False,0.3250678603560098,10.961436463806484,40.0,False
id_reference,A6_prefilter_train_seed_2,50002,-117.5391421371561,250,False,0.3037019486545825,6.787245095323069,40.0,False
id_reference,A6_prefilter_train_seed_2,50003,-250.1138792254082,250,False,0.5217988387182534,12.600099601425372,40.0,False
id_reference,A6_prefilter_train_seed_2,50004,-129.6808817673899,250,False,0.3230377143938967,8.628851158927754,40.0,False
id_reference,A6_prefilter_train_seed_2,50005,-110.85352156826474,250,False,0.08977275848433958,14.569341455394778,40.0,False
id_reference,A6_prefilter_train_seed_2,50006,-97.81287461065727,250,False,0.1732013053343382,5.095988412887419,40.0,False
id_reference,A6_prefilter_train_seed_2,50007,-245.43018035708428,250,False,0.5244458853606324,11.017611853715577,40.0,False
id_reference,A6_prefilter_train_seed_2,50008,-161.5560701696366,250,False,0.3125687509189531,7.6291821368901935,40.0,False
id_reference,A6_prefilter_train_seed_2,50009,-136.96515677362706,250,False,0.3183492551503818,10.366095513121312,40.0,False
id_reference,A6_prefilter_train_seed_2,50010,-83.1690057314308,250,False,0.08447688339486745,13.557510438619623,40.0,False
id_reference,A6_prefilter_train_seed_2,50011,-162.3944727179717,250,False,0.5159929249382973,3.940909130864785,40.0,False
id_reference,A6_prefilter_train_seed_2,50012,-41.05403981150467,58,True,0.014626239183310125,11.172503928888284,40.0,False
id_reference,A6_prefilter_train_seed_2,50013,-207.60945195048927,250,False,0.5104120676442571,11.12629095784155,40.0,False
id_reference,A6_prefilter_train_seed_2,50014,-262.36013670715585,250,False,0.5718933738841142,18.455585998593854,40.0,False
id_reference,A6_prefilter_train_seed_2,50015,-228.94341369764177,250,False,0.5891529295870815,10.878054754403879,40.0,False
id_reference,A6_prefilter_train_seed_2,50016,-228.6511121149344,250,False,0.7067319997263999,10.487796934060459,40.0,False
id_reference,A6_prefilter_train_seed_2,50017,-120.43001417241953,250,False,0.20246896319199184,9.1942654689467,40.0,False
id_reference,A6_prefilter_train_seed_2,50018,-125.12963015929122,250,False,0.08091920440631879,11.970447728023258,40.0,False
id_reference,A6_prefilter_train_seed_2,50019,-202.13445055380825,250,False,0.4343380570614017,12.614039584101338,40.0,False
id_reference,A6_prefilter_train_seed_2,50020,-134.41473726214028,250,False,0.26218414789122635,2.010078737076653,40.0,False
id_reference,A6_prefilter_train_seed_2,50021,-101.56799144999852,250,False,0.22937417855686879,3.0004993517311385,29.104372024536133,False
id_reference,A6_prefilter_train_seed_2,50022,-170.43833332580374,250,False,0.3001245326119176,11.86800142123732,40.0,False
id_reference,A6_prefilter_train_seed_2,50023,-133.89824776764317,250,False,0.20524932401346416,9.823569855674558,40.0,False
id_reference,A6_prefilter_train_seed_2,50024,-66.07999069937013,250,False,0.16305554399151392,2.9694082254925873,30.5177001953125,False
id_reference,A6_prefilter_train_seed_2,50025,-159.14070058306282,250,False,0.3179684079207977,12.527508126798903,40.0,False
id_reference,A6_prefilter_train_seed_2,50026,-257.1795383969944,250,False,0.7630332882906222,5.674147260827553,40.0,False
id_reference,A6_prefilter_train_seed_2,50027,-40.840228210376836,49,True,0.049497248465430674,7.819044686926987,40.0,False
id_reference,A6_prefilter_train_seed_2,50028,-159.30398803227723,250,False,0.16176152318972692,16.191923798649196,40.0,False
id_reference,A6_prefilter_train_seed_2,50029,-168.9640465150405,250,False,0.2734552195387986,13.973194218952568,40.0,False
id_reference,A6_prefilter_train_seed_2,50030,-145.5184151760968,250,False,0.299994997418861,9.64254469634897,40.0,False
id_reference,A6_prefilter_train_seed_2,50031,-108.8551859732243,250,False,0.06498993721935882,14.251361889694108,40.0,False
id_reference,A6_prefilter_train_seed_2,50032,-148.21098214329297,250,False,0.2689343958400744,12.293149473924137,40.0,False
id_reference,A6_prefilter_train_seed_2,50033,-62.07602203476187,250,False,0.13165277520209137,3.035592224792934,26.296621322631836,False
id_reference,A6_prefilter_train_seed_2,50034,-106.51678703275458,250,False,0.25128697081134815,5.812415620773076,40.0,False
id_reference,A6_prefilter_train_seed_2,50035,-204.22309637625497,250,False,0.6123935759855242,4.690639663937585,40.0,False
id_reference,A6_prefilter_train_seed_2,50036,-87.27391735787295,250,False,0.11572968412795548,3.5921044896434053,40.0,False
id_reference,A6_prefilter_train_seed_2,50037,-103.48652566854172,250,False,0.1516881223532297,11.14928702481345,40.0,False
id_reference,A6_prefilter_train_seed_2,50038,-265.2794708598314,250,False,0.42365314488796707,17.907560968363157,40.0,False
id_reference,A6_prefilter_train_seed_2,50039,-103.84978043647654,250,False,0.17139242498991633,1.860514827872903,36.713016510009766,False
id_reference,A6_prefilter_train_seed_2,50040,-88.81866576173184,250,False,0.13241755773112435,9.927802148309596,39.53150939941406,False
id_reference,A6_prefilter_train_seed_2,50041,-74.77815327393554,250,False,0.07072368849666272,13.353608248989547,40.0,False
id_reference,A6_prefilter_train_seed_2,50042,-47.22132129984765,56,True,0.04636062829394619,5.739581754839339,40.0,False
id_reference,A6_prefilter_train_seed_2,50043,-74.86669587283886,250,False,0.13331351648566064,1.7470768594080381,38.661773681640625,False
id_reference,A6_prefilter_train_seed_2,50044,-126.34296964760297,250,False,0.2065217432409152,11.617727019517494,40.0,False
id_reference,A6_prefilter_train_seed_2,50045,-177.2985057535027,250,False,0.35150209874653593,11.713784855668653,40.0,False
id_reference,A6_prefilter_train_seed_2,50046,-57.09834755817284,56,True,0.04879857131143039,15.4661030843602,40.0,False
id_reference,A6_prefilter_train_seed_2,50047,-120.8638098971933,250,False,0.25764853632360857,2.883113497542122,40.0,False
id_reference,A6_prefilter_train_seed_2,50048,-104.01474701377326,250,False,0.2133220813382875,8.198304539783784,40.0,False
id_reference,A6_prefilter_train_seed_2,50049,-136.30975338038309,250,False,0.1291687008733665,14.828200223750757,40.0,False
id_reference,A6_prefilter_train_seed_2,50050,-191.81886930194253,250,False,0.28159432699459724,12.3690680250327,40.0,False
id_reference,A6_prefilter_train_seed_2,50051,-156.20841070277854,250,False,0.08746263472224479,13.154537652335602,40.0,False
id_reference,A6_prefilter_train_seed_2,50052,-181.18866117300846,250,False,0.147888506300133,14.780406451239719,40.0,False
id_reference,A6_prefilter_train_seed_2,50053,-107.88311773756676,250,False,0.18702031716513165,8.64816272337267,40.0,False
id_reference,A6_prefilter_train_seed_2,50054,-196.5087782753583,250,False,0.24514546028267264,19.341845258331862,40.0,False
id_reference,A6_prefilter_train_seed_2,50055,-222.9879829864574,250,False,0.6333906861622152,10.15626518326573,40.0,False
id_reference,A6_prefilter_train_seed_2,50056,-9.368121534824821,51,True,0.048487269579598126,2.846460397403483,23.10018539428711,False
id_reference,A6_prefilter_train_seed_2,50057,-114.75778258372529,250,False,0.1727501780415539,8.073353791494533,40.0,False
id_reference,A6_prefilter_train_seed_2,50058,-154.17840184499926,250,False,0.1817644133289403,15.177023651033261,40.0,False
id_reference,A6_prefilter_train_seed_2,50059,-157.97414221613005,250,False,0.4432256597899062,4.360369177298719,40.0,False
id_reference,A6_prefilter_train_seed_2,50060,-150.65320796075935,250,False,0.10330747473839912,15.568267048376873,40.0,False
id_reference,A6_prefilter_train_seed_2,50061,-145.89487970043277,250,False,0.4241188586241274,3.1918881062844267,37.277496337890625,False
id_reference,A6_prefilter_train_seed_2,50062,-149.59202397070044,250,False,0.22094886888622783,15.11124027588789,40.0,False
id_reference,A6_prefilter_train_seed_2,50063,-140.76285235127582,250,False,0.3559758517626873,1.9659067214679211,33.18656539916992,False
id_reference,A6_prefilter_train_seed_2,50064,-65.53304296121918,250,False,0.08567336246111025,6.502496408195396,40.0,False
id_reference,A6_prefilter_train_seed_2,50065,-88.84081624836296,250,False,0.19806403154351757,5.03870161898072,39.23600769042969,False
id_reference,A6_prefilter_train_seed_2,50066,-151.4313853834088,250,False,0.30318468349660843,10.562686453800042,40.0,False
id_reference,A6_prefilter_train_seed_2,50067,-103.94857448570053,250,False,0.25125748398135905,4.828287046807473,38.283111572265625,False
id_reference,A6_prefilter_train_seed_2,50068,-21.345821985196764,47,True,0.0480732071226627,5.151932616978772,22.972286224365234,False
id_reference,A6_prefilter_train_seed_2,50069,-104.58289017641137,250,False,0.0727251453092808,16.179173061956313,40.0,False
id_reference,A6_prefilter_train_seed_2,50070,-204.8129639509579,250,False,0.6391280323169388,3.300084235946269,28.818893432617188,False
id_reference,A6_prefilter_train_seed_2,50071,-19.998488044276026,46,True,0.0488420142367197,5.743002398285605,40.0,False
id_reference,A6_prefilter_train_seed_2,50072,-143.06872627441248,250,False,0.11601718880339572,11.753228370248262,40.0,False
id_reference,A6_prefilter_train_seed_2,50073,-233.70931472192234,250,False,0.3913924648736078,15.234622521936432,40.0,False
id_reference,A6_prefilter_train_seed_2,50074,-137.73276423252344,250,False,0.39615603516157877,4.517841939349971,31.399614334106445,False
id_reference,A6_prefilter_train_seed_2,50075,-244.52528150945577,250,False,0.7334051465021062,4.742813922208709,40.0,False
id_reference,A6_prefilter_train_seed_2,50076,-181.11210268754115,250,False,0.21355795499921876,11.444497566235935,40.0,False
id_reference,A6_prefilter_train_seed_2,50077,-35.48859350194577,51,True,0.04840516465527011,10.728823602718062,40.0,False
id_reference,A6_prefilter_train_seed_2,50078,-110.83080779819993,250,False,0.24228032963360474,3.096525319000282,40.0,False
id_reference,A6_prefilter_train_seed_2,50079,-154.2868267441581,250,False,0.1278108057462102,13.066819868850617,40.0,False
id_reference,A6_prefilter_train_seed_2,50080,-220.04110588543065,250,False,0.24954978103537154,17.578964551383166,40.0,False
id_reference,A6_prefilter_train_seed_2,50081,-70.16679825498275,250,False,0.058765263849258696,9.954830164080379,40.0,False
id_reference,A6_prefilter_train_seed_2,50082,-26.442694516628535,40,True,0.04785229593467008,10.661108317128479,40.0,False
id_reference,A6_prefilter_train_seed_2,50083,-78.42496577439248,66,True,0.04914446749834995,12.077997017574658,40.0,False
id_reference,A6_prefilter_train_seed_2,50084,-21.561409361182502,41,True,0.04886554323912438,6.6893705023379555,40.0,False
id_reference,A6_prefilter_train_seed_2,50085,-154.25822548791086,250,False,0.19356945687467858,14.174292427892567,40.0,False
id_reference,A6_prefilter_train_seed_2,50086,-59.3515765267056,56,True,0.040636490043316785,17.699675923959546,40.0,False
id_reference,A6_prefilter_train_seed_2,50087,-82.40035042160632,250,False,0.14053599732572558,3.4886036684324178,39.469642639160156,False
id_reference,A6_prefilter_train_seed_2,50088,-79.66967744756519,57,True,0.037921087904204565,16.712239305520995,40.0,False
id_reference,A6_prefilter_train_seed_2,50089,-122.41322040562426,250,False,0.23849432161354905,6.242241218826657,40.0,False
id_reference,A6_prefilter_train_seed_2,50090,-189.75435610721956,250,False,0.39679848673046214,10.968752764176122,40.0,False
id_reference,A6_prefilter_train_seed_2,50091,-179.51502549036073,250,False,0.1001655480294993,10.655372537116666,40.0,False
id_reference,A6_prefilter_train_seed_2,50092,-233.7395500070174,250,False,0.7349973389552342,4.430218954381356,40.0,False
id_reference,A6_prefilter_train_seed_2,50093,-187.7224193458151,250,False,0.2709748824629806,11.21332618335698,40.0,False
id_reference,A6_prefilter_train_seed_2,50094,-86.44663312058121,250,False,0.1625579139869931,2.641651470962511,39.39552688598633,False
id_reference,A6_prefilter_train_seed_2,50095,-75.84357810957832,250,False,0.08989048694582076,3.902170840595504,38.7721061706543,False
id_reference,A6_prefilter_train_seed_2,50096,-192.3431098877523,250,False,0.46317324653077185,11.962840262751723,40.0,False
id_reference,A6_prefilter_train_seed_2,50097,-262.73677896566596,250,False,0.8351833965789016,5.363879773702697,40.0,False
id_reference,A6_prefilter_train_seed_2,50098,-67.09116762738019,61,True,0.014285228986648567,13.816666986481277,40.0,False
id_reference,A6_prefilter_train_seed_2,50099,-237.59639410552055,250,False,0.6588566379793883,9.645126739538256,40.0,False
id_reference,A6_hocbf_train_seed_2,50000,-221.44615293565784,250,False,0.652580377709651,4.091623096841448,35.99874496459961,False
id_reference,A6_hocbf_train_seed_2,50001,-179.32909569484084,250,False,0.3252936236119225,4.955905449180991,40.0,False
id_reference,A6_hocbf_train_seed_2,50002,-123.09100592076483,250,False,0.3038747723038961,6.254409575137501,40.0,False
id_reference,A6_hocbf_train_seed_2,50003,-291.0224738394383,250,False,0.5218276558943363,4.299364871830561,40.0,False
id_reference,A6_hocbf_train_seed_2,50004,-157.82609236235723,250,False,0.32302769485935995,4.236045803525227,40.0,False
id_reference,A6_hocbf_train_seed_2,50005,-118.66221214860933,250,False,0.0885371003503144,6.259913621734228,40.0,False
id_reference,A6_hocbf_train_seed_2,50006,-107.17241071842736,250,False,0.17320024488198718,2.9241768497575635,40.0,False
id_reference,A6_hocbf_train_seed_2,50007,-217.8969825552233,250,False,0.5242124354648916,4.257294695486152,40.0,False
id_reference,A6_hocbf_train_seed_2,50008,-167.35942249408922,250,False,0.3021182223415782,5.742989665585426,40.0,False
id_reference,A6_hocbf_train_seed_2,50009,-181.13459335189486,250,False,0.3188829122636707,2.858695177549417,40.0,False
id_reference,A6_hocbf_train_seed_2,50010,-102.66534726960859,250,False,0.08447685641206269,3.667985903448494,40.0,False
id_reference,A6_hocbf_train_seed_2,50011,-162.3944727179717,250,False,0.5159929249382973,3.940909130864785,40.0,False
id_reference,A6_hocbf_train_seed_2,50012,-42.02778620635387,51,True,0.022432659352653813,2.720389373719937,40.0,False
id_reference,A6_hocbf_train_seed_2,50013,-279.3043471758418,250,False,0.5102264807890261,3.8935612717591406,40.0,False
id_reference,A6_hocbf_train_seed_2,50014,-230.3546597441458,250,False,0.5741706720798065,4.317471517937837,40.0,False
id_reference,A6_hocbf_train_seed_2,50015,-204.00661976071876,250,False,0.5860615994342556,3.4260343672269635,40.0,False
id_reference,A6_hocbf_train_seed_2,50016,-250.77943873707974,250,False,0.7079975499261127,2.1227415215214487,40.0,False
id_reference,A6_hocbf_train_seed_2,50017,-125.53350064868555,250,False,0.19585442371464906,4.972522338898972,40.0,False
id_reference,A6_hocbf_train_seed_2,50018,-157.063747349927,49,False,2.034989430261006,5.674787086011754,40.0,False
id_reference,A6_hocbf_train_seed_2,50019,-269.3943825070444,250,False,0.43363776754181366,3.173833049545073,40.0,False
id_reference,A6_hocbf_train_seed_2,50020,-140.55181870471003,250,False,0.2622715872608258,1.2166593140508413,40.0,False
id_reference,A6_hocbf_train_seed_2,50021,-101.6546852718013,250,False,0.22937414924863017,2.9888359921303156,29.138172149658203,False
id_reference,A6_hocbf_train_seed_2,50022,-154.60526659327024,250,False,0.3000583544598672,3.914171275727201,40.0,False
id_reference,A6_hocbf_train_seed_2,50023,-142.40801802183086,250,False,0.2052527633484443,6.099047560786155,40.0,False
id_reference,A6_hocbf_train_seed_2,50024,-66.07999069937013,250,False,0.16305554399151392,2.9694082254925873,30.5177001953125,False
id_reference,A6_hocbf_train_seed_2,50025,-156.21774100458506,250,False,0.3178579315658701,6.1382268159703575,40.0,False
id_reference,A6_hocbf_train_seed_2,50026,-270.5342444518643,250,False,0.761923806044376,5.266181037381556,40.0,False
id_reference,A6_hocbf_train_seed_2,50027,-37.539882552272545,45,True,0.049655311776060855,6.468154852515412,40.0,False
id_reference,A6_hocbf_train_seed_2,50028,-116.79367173601234,250,False,0.16176192878005663,6.035550268578978,40.0,False
id_reference,A6_hocbf_train_seed_2,50029,-185.69235190984412,250,False,0.2734562228384354,4.344708113221046,40.0,False
id_reference,A6_hocbf_train_seed_2,50030,-149.29459077802994,250,False,0.299877027551144,4.4907393182628965,40.0,False
id_reference,A6_hocbf_train_seed_2,50031,-111.55029812947176,250,False,0.06498993790856944,6.565962752270118,40.0,False
id_reference,A6_hocbf_train_seed_2,50032,-137.83599777280662,250,False,0.26893553604645604,3.050581198330857,40.0,False
id_reference,A6_hocbf_train_seed_2,50033,-62.07602203476187,250,False,0.13165277520209137,3.035592224792934,26.296621322631836,False
id_reference,A6_hocbf_train_seed_2,50034,-111.27969999917742,250,False,0.2513198621246066,5.015594076066194,40.0,False
id_reference,A6_hocbf_train_seed_2,50035,-206.87565785981818,250,False,0.6123579500177012,4.414840556618594,40.0,False
id_reference,A6_hocbf_train_seed_2,50036,-108.59522848263788,250,False,0.11577471386609443,2.400355982185697,40.0,False
id_reference,A6_hocbf_train_seed_2,50037,-118.43376325079421,250,False,0.15164145328996922,2.657421985724031,40.0,False
id_reference,A6_hocbf_train_seed_2,50038,-197.7078694236068,250,False,0.42530674786193445,6.049775743814942,40.0,False
id_reference,A6_hocbf_train_seed_2,50039,-108.79476941138192,250,False,0.17123069733499252,1.8369427437504502,35.81499099731445,False
id_reference,A6_hocbf_train_seed_2,50040,-85.95022390647335,250,False,0.13241755873741387,4.7057579395305895,40.0,False
id_reference,A6_hocbf_train_seed_2,50041,-82.01855587762003,250,False,0.07072368149006782,4.662965156475973,40.0,False
id_reference,A6_hocbf_train_seed_2,50042,-45.37046870658397,56,True,0.04618447911373161,4.903639972369945,40.0,False
id_reference,A6_hocbf_train_seed_2,50043,-74.86669587283886,250,False,0.13331351648566064,1.7470768594080381,38.661773681640625,False
id_reference,A6_hocbf_train_seed_2,50044,-128.19532959573212,250,False,0.206791357186215,2.1922878386929323,40.0,False
id_reference,A6_hocbf_train_seed_2,50045,-259.84567757819684,250,False,0.3517989423470702,5.1895914886779595,40.0,False
id_reference,A6_hocbf_train_seed_2,50046,-60.96017016783266,61,True,0.0491756966591139,5.016286096291299,40.0,False
id_reference,A6_hocbf_train_seed_2,50047,-120.8638098971933,250,False,0.25764853632360857,2.883113497542122,40.0,False
id_reference,A6_hocbf_train_seed_2,50048,-101.22290844317847,250,False,0.21332175800373837,5.509331348551139,40.0,False
id_reference,A6_hocbf_train_seed_2,50049,-131.42766474340704,250,False,0.12916873238114293,3.965250573706752,40.0,False
id_reference,A6_hocbf_train_seed_2,50050,-171.7779058307537,250,False,0.27167578039938506,5.827368943878122,40.0,False
id_reference,A6_hocbf_train_seed_2,50051,-156.33471570278704,250,False,0.2205855830245923,5.772504773778094,40.0,False
id_reference,A6_hocbf_train_seed_2,50052,-265.14836833107654,250,False,0.36071070457626325,6.195458450624434,40.0,False
id_reference,A6_hocbf_train_seed_2,50053,-111.03697965043168,250,False,0.18708539885081854,2.8964078270918154,40.0,False
id_reference,A6_hocbf_train_seed_2,50054,-157.66560184228837,250,False,0.2452394947137859,5.16385563187225,40.0,False
id_reference,A6_hocbf_train_seed_2,50055,-221.882673500811,250,False,0.6314135119722802,2.3175212989379657,40.0,False
id_reference,A6_hocbf_train_seed_2,50056,-9.368121534824821,51,True,0.048487269579598126,2.846460397403483,23.10018539428711,False
id_reference,A6_hocbf_train_seed_2,50057,-110.99395496691982,250,False,0.17276351359356037,3.3903134149154703,40.0,False
id_reference,A6_hocbf_train_seed_2,50058,-136.32061138555912,250,False,0.181759995848102,4.850763570188529,40.0,False
id_reference,A6_hocbf_train_seed_2,50059,-165.41693434892292,250,False,0.44339535900788357,3.851670929194791,40.0,False
id_reference,A6_hocbf_train_seed_2,50060,-150.7767360709479,250,False,0.10330747652380558,5.2719888912375055,40.0,False
id_reference,A6_hocbf_train_seed_2,50061,-145.89487970043277,250,False,0.4241188586241274,3.1918881062844267,37.277496337890625,False
id_reference,A6_hocbf_train_seed_2,50062,-143.16715078596138,250,False,0.21361679032427433,6.650441225792573,40.0,False
id_reference,A6_hocbf_train_seed_2,50063,-140.76285235127582,250,False,0.3559758517626873,1.9659067214679211,33.18656539916992,False
id_reference,A6_hocbf_train_seed_2,50064,-69.01662518051998,250,False,0.08567335871936896,4.114547404568599,40.0,False
id_reference,A6_hocbf_train_seed_2,50065,-89.51787504377667,250,False,0.1980644194253766,4.686605997780304,39.23114776611328,False
id_reference,A6_hocbf_train_seed_2,50066,-189.4311622252736,250,False,0.30336575977037855,3.221724403183354,40.0,False
id_reference,A6_hocbf_train_seed_2,50067,-106.63244907533806,250,False,0.2512474741330474,4.223259596721728,39.412418365478516,False
id_reference,A6_hocbf_train_seed_2,50068,-22.87495441896992,49,True,0.04692359031118728,4.5633868620325355,23.514005661010742,False
id_reference,A6_hocbf_train_seed_2,50069,-92.16260206904185,250,False,0.07272536349616016,5.048935529943304,40.0,False
id_reference,A6_hocbf_train_seed_2,50070,-204.8129639509579,250,False,0.6391280323169388,3.300084235946269,28.818893432617188,False
id_reference,A6_hocbf_train_seed_2,50071,-25.01268348799333,51,True,0.049852446544300016,3.2305235920374598,40.0,False
id_reference,A6_hocbf_train_seed_2,50072,-172.60470408999618,250,False,0.2526194297278089,5.718892646347024,40.0,False
id_reference,A6_hocbf_train_seed_2,50073,-199.9190118536165,250,False,0.3924642927596339,5.59342807169281,40.0,False
id_reference,A6_hocbf_train_seed_2,50074,-140.09447366948817,250,False,0.3961448474606437,3.9873716623399176,32.16617965698242,False
id_reference,A6_hocbf_train_seed_2,50075,-247.28145834401323,250,False,0.7335924991271481,4.740596350373197,40.0,False
id_reference,A6_hocbf_train_seed_2,50076,-116.1659243750433,34,False,2.565637499854582,10.806277793644345,40.0,False
id_reference,A6_hocbf_train_seed_2,50077,-33.55602386626383,50,True,0.04922646126370601,8.62673532439819,40.0,False
id_reference,A6_hocbf_train_seed_2,50078,-112.1240443913182,250,False,0.2422202972773344,2.906145599965894,40.0,False
id_reference,A6_hocbf_train_seed_2,50079,-248.3717115011683,250,False,0.14029048772684108,5.458929487528839,40.0,False
id_reference,A6_hocbf_train_seed_2,50080,-169.2822058836016,250,False,0.2496011075374074,6.953832294733664,40.0,False
id_reference,A6_hocbf_train_seed_2,50081,-66.80370288554727,250,False,0.05876526381647229,5.029180451668413,40.0,False
id_reference,A6_hocbf_train_seed_2,50082,-30.763165483671976,45,True,0.04918389467503767,6.346373572991664,40.0,False
id_reference,A6_hocbf_train_seed_2,50083,-82.32707643664799,75,True,0.04871877931924393,6.802438536854588,40.0,False
id_reference,A6_hocbf_train_seed_2,50084,-29.395810012312317,44,True,0.041346794623850096,2.4824138296538543,40.0,False
id_reference,A6_hocbf_train_seed_2,50085,-158.91222934994127,250,False,0.1949477460674314,5.366153705380551,40.0,False
id_reference,A6_hocbf_train_seed_2,50086,-70.57007179416784,60,True,0.03835291456071467,6.667938951012733,40.0,False
id_reference,A6_hocbf_train_seed_2,50087,-84.77061706609612,250,False,0.14053992036216212,2.8192786664571177,39.674964904785156,False
id_reference,A6_hocbf_train_seed_2,50088,-181.30813164340202,250,False,0.20940646781486405,5.8245382104094805,40.0,False
id_reference,A6_hocbf_train_seed_2,50089,-121.11507219877016,250,False,0.23849417663457265,5.049221043476413,40.0,False
id_reference,A6_hocbf_train_seed_2,50090,-178.60539889993294,250,False,0.39716441728795426,3.9377264460465744,40.0,False
id_reference,A6_hocbf_train_seed_2,50091,-216.95698980372669,250,False,0.4267089933448383,5.6718226410340655,40.0,False
id_reference,A6_hocbf_train_seed_2,50092,-245.59929113237257,250,False,0.7350234717828849,4.402814025396034,40.0,False
id_reference,A6_hocbf_train_seed_2,50093,-409.2477755878167,250,False,1.0328010571490989,10.025949216937727,40.0,False
id_reference,A6_hocbf_train_seed_2,50094,-86.44663312058121,250,False,0.1625579139869931,2.641651470962511,39.39552688598633,False
id_reference,A6_hocbf_train_seed_2,50095,-79.18486212718122,250,False,0.08989034565749239,3.65176446907032,37.97312545776367,False
id_reference,A6_hocbf_train_seed_2,50096,-226.78520688396762,250,False,0.46336366118739514,3.4194772604411168,40.0,False
id_reference,A6_hocbf_train_seed_2,50097,-261.478139084649,250,False,0.8354870743005499,5.7100075052271055,40.0,False
id_reference,A6_hocbf_train_seed_2,50098,-90.6691465846466,62,True,0.04114669126509666,5.615695076134676,40.0,False
id_reference,A6_hocbf_train_seed_2,50099,-247.14815377700918,250,False,0.6593211365077067,4.727928695569273,40.0,False
ood_compound,A2_unfiltered_train_seed_2,50000,-258.0230112334427,250,False,0.7114050484801964,4.4393225379495345,40.0,False
ood_compound,A2_unfiltered_train_seed_2,50001,-200.85172724804158,250,False,0.22122362738432025,13.491168157009596,40.0,False
ood_compound,A2_unfiltered_train_seed_2,50002,-256.3355922161893,250,False,0.7703724813141897,8.213299609632376,40.0,False
ood_compound,A2_unfiltered_train_seed_2,50003,-476.57827104981794,250,False,1.3930569779819755,17.381065860916134,40.0,False
ood_compound,A2_unfiltered_train_seed_2,50004,-260.2311708552189,250,False,0.9867676836173952,5.800263768201428,40.0,False
ood_compound,A2_unfiltered_train_seed_2,50005,-211.58313874238615,250,False,0.22065834584214,14.58798771749087,40.0,False
ood_compound,A2_unfiltered_train_seed_2,50006,-191.2845226515008,250,False,0.41614457254256615,7.649189708283677,40.0,False
ood_compound,A2_unfiltered_train_seed_2,50007,-274.1655168783558,250,False,0.5545263394291405,9.195415678887354,40.0,False
ood_compound,A2_unfiltered_train_seed_2,50008,-318.7750174262683,250,False,0.5361280953755425,8.70781350241448,40.0,False
ood_compound,A2_unfiltered_train_seed_2,50009,-125.99128671279351,250,False,0.2458123073385061,7.6836736161544446,40.0,False
ood_compound,A2_unfiltered_train_seed_2,50010,-166.6433959920309,250,False,0.36345588910185334,7.5782556379904165,40.0,False
ood_compound,A2_unfiltered_train_seed_2,50011,-240.46639368708801,250,False,0.6728048638942848,4.974495367530478,40.0,False
ood_compound,A2_unfiltered_train_seed_2,50012,-76.21836014481842,88,True,0.047955673981664386,10.544941632079098,40.0,False
ood_compound,A2_unfiltered_train_seed_2,50013,-299.842509232001,250,False,0.7332601474756134,6.492931415546988,40.0,False
ood_compound,A2_unfiltered_train_seed_2,50014,-321.4273518559124,250,False,0.5911126309396544,21.481980614539168,40.0,False
ood_compound,A2_unfiltered_train_seed_2,50015,-191.5381897704779,250,False,0.1496871781137942,10.479908866288321,40.0,False
ood_compound,A2_unfiltered_train_seed_2,50016,-216.2707079593897,250,False,0.6159134688534553,7.861227516377915,40.0,False
ood_compound,A2_unfiltered_train_seed_2,50017,-281.70934254705895,250,False,0.5247902167161549,22.60498278724914,40.0,False
ood_compound,A2_unfiltered_train_seed_2,50018,-166.50044803697722,250,False,0.0877588514301299,8.62666620433872,40.0,False
ood_compound,A2_unfiltered_train_seed_2,50019,-220.4151679444939,250,False,0.40535125574271785,8.828870929511407,40.0,False
ood_compound,A2_unfiltered_train_seed_2,50020,-183.46704589863006,250,False,0.3634986501681138,6.084558001317951,40.0,False
ood_compound,A2_unfiltered_train_seed_2,50021,-299.4897402911967,250,False,0.8349999285977519,4.380941894363317,40.0,False
ood_compound,A2_unfiltered_train_seed_2,50022,-186.98888692338687,250,False,0.3392637006639865,9.812755110822756,40.0,False
ood_compound,A2_unfiltered_train_seed_2,50023,-190.74130466453173,250,False,0.2694189345904516,13.222427915049511,40.0,False
ood_compound,A2_unfiltered_train_seed_2,50024,-264.476888418975,250,False,0.6713838625897472,5.777644655185554,40.0,False
ood_compound,A2_unfiltered_train_seed_2,50025,-224.16406340910487,250,False,0.21880005040414696,20.762078374133495,40.0,False
ood_compound,A2_unfiltered_train_seed_2,50026,-382.1415536709383,250,False,1.3108413452164642,8.053047211571204,40.0,False
ood_compound,A2_unfiltered_train_seed_2,50027,-193.4866974177802,250,False,0.3185505667741745,10.795917300473215,40.0,False
ood_compound,A2_unfiltered_train_seed_2,50028,-195.07045300597946,250,False,0.11381736803121244,13.058528331206103,40.0,False
ood_compound,A2_unfiltered_train_seed_2,50029,-226.81525205186625,250,False,0.4810486834806239,10.291081367124816,40.0,False
ood_compound,A2_unfiltered_train_seed_2,50030,-119.89710761251861,90,True,0.027258167395496354,9.674077387039793,40.0,False
ood_compound,A2_unfiltered_train_seed_2,50031,-172.3580946749107,250,False,0.1617312194660017,12.567463555128906,40.0,False
ood_compound,A2_unfiltered_train_seed_2,50032,-187.59337380937083,250,False,0.4250315922151218,8.995267463921076,40.0,False
ood_compound,A2_unfiltered_train_seed_2,50033,-281.9519406692303,250,False,0.7084683901284445,3.875637651057541,40.0,False
ood_compound,A2_unfiltered_train_seed_2,50034,-283.55189156873627,250,False,0.7757074833720877,6.529984222645451,40.0,False
ood_compound,A2_unfiltered_train_seed_2,50035,-334.9688591844812,250,False,0.9729303436172257,7.561669387699838,40.0,False
ood_compound,A2_unfiltered_train_seed_2,50036,-422.5144490229847,250,False,1.1989399880472469,5.285063284457663,40.0,False
ood_compound,A2_unfiltered_train_seed_2,50037,-110.44697946189979,250,False,0.14770412973836503,9.827982961175369,40.0,False
ood_compound,A2_unfiltered_train_seed_2,50038,-251.793493006633,250,False,0.2908696323572598,14.922930518672235,40.0,False
ood_compound,A2_unfiltered_train_seed_2,50039,-237.225358292851,250,False,0.7116163723989712,3.8232756864003905,40.0,False
ood_compound,A2_unfiltered_train_seed_2,50040,-207.6838026336569,250,False,0.4184295928898768,8.911308462565975,40.0,False
ood_compound,A2_unfiltered_train_seed_2,50041,-157.19856309912794,250,False,0.10893592436787083,8.66457905785106,40.0,False
ood_compound,A2_unfiltered_train_seed_2,50042,-206.13066302389302,250,False,0.4921006492056703,5.758815443275546,40.0,False
ood_compound,A2_unfiltered_train_seed_2,50043,-114.13251556510026,250,False,0.19035370086635542,4.88455865400959,40.0,False
ood_compound,A2_unfiltered_train_seed_2,50044,-137.4030216567972,250,False,0.08416076816350687,10.504759289008774,40.0,False
ood_compound,A2_unfiltered_train_seed_2,50045,-193.81937284391466,250,False,0.3891196482994982,8.114492614199978,40.0,False
ood_compound,A2_unfiltered_train_seed_2,50046,-151.53721994333395,250,False,0.2543491467703235,8.578778838689182,40.0,False
ood_compound,A2_unfiltered_train_seed_2,50047,-430.3043978046902,250,False,1.8078917103159038,5.954273369187212,40.0,False
ood_compound,A2_unfiltered_train_seed_2,50048,-166.0974681003127,250,False,0.21745095901468378,16.150556523212618,40.0,False
ood_compound,A2_unfiltered_train_seed_2,50049,-217.95755019931147,250,False,0.38419042928753466,9.660417189069369,40.0,False
ood_compound,A2_unfiltered_train_seed_2,50050,-239.78692983158894,250,False,0.2683451095016954,21.251550457979743,40.0,False
ood_compound,A2_unfiltered_train_seed_2,50051,-159.23062000670805,250,False,0.08957075518143721,12.33364195018166,40.0,False
ood_compound,A2_unfiltered_train_seed_2,50052,-443.3495884071702,250,False,1.43040372487527,23.79703078406202,40.0,False
ood_compound,A2_unfiltered_train_seed_2,50053,-119.68160006817715,250,False,0.09090794210324915,8.03449814954921,40.0,False
ood_compound,A2_unfiltered_train_seed_2,50054,-198.45256335539062,250,False,0.2185050309116206,14.699249433035902,40.0,False
ood_compound,A2_unfiltered_train_seed_2,50055,-171.7867699165132,250,False,0.27024164140449314,9.266755652687243,40.0,False
ood_compound,A2_unfiltered_train_seed_2,50056,-113.20957320331824,250,False,0.2323236107922129,4.310523938350309,36.80371856689453,False
ood_compound,A2_unfiltered_train_seed_2,50057,-362.13731793644916,250,False,1.738954994829752,8.65890626950056,40.0,False
ood_compound,A2_unfiltered_train_seed_2,50058,-197.54271419958138,250,False,0.20146897436933556,11.537365048878053,40.0,False
ood_compound,A2_unfiltered_train_seed_2,50059,-225.85779777955977,250,False,0.513842785929529,5.075227099718677,40.0,False
ood_compound,A2_unfiltered_train_seed_2,50060,-270.4294443288998,250,False,0.4751377372028104,8.499444183182488,40.0,False
ood_compound,A2_unfiltered_train_seed_2,50061,-288.780605747907,250,False,0.6229042346006987,3.0597494167433945,40.0,False
ood_compound,A2_unfiltered_train_seed_2,50062,-215.01657672436423,250,False,0.1872660424343786,13.522013341386547,40.0,False
ood_compound,A2_unfiltered_train_seed_2,50063,-348.7325504023524,250,False,0.9374540395977259,3.876353965418943,40.0,False
ood_compound,A2_unfiltered_train_seed_2,50064,-415.9441221151024,250,False,0.9861247586757412,6.8476918377545,40.0,False
ood_compound,A2_unfiltered_train_seed_2,50065,-133.61088507305934,250,False,0.2562107880325128,9.561673173436539,40.0,False
ood_compound,A2_unfiltered_train_seed_2,50066,-183.81673083009915,250,False,0.3605929942114586,6.65701063301577,40.0,False
ood_compound,A2_unfiltered_train_seed_2,50067,-288.5159279449594,250,False,0.7661568908317846,5.932449494384749,40.0,False
ood_compound,A2_unfiltered_train_seed_2,50068,-136.24710145333097,250,False,0.38294009904565646,5.764876142514858,38.05859375,False
ood_compound,A2_unfiltered_train_seed_2,50069,-159.27111117931034,250,False,0.10660394666854008,11.885317993653565,40.0,False
ood_compound,A2_unfiltered_train_seed_2,50070,-284.08458515348116,250,False,0.8310749288641806,6.932254039180168,40.0,False
ood_compound,A2_unfiltered_train_seed_2,50071,-141.25719602748254,250,False,0.16833470361008396,5.629781436272178,40.0,False
ood_compound,A2_unfiltered_train_seed_2,50072,-170.77552257462386,250,False,0.13845396042688773,14.24685211575891,40.0,False
ood_compound,A2_unfiltered_train_seed_2,50073,-259.3345307748754,250,False,0.27610293056538454,20.389794617085673,40.0,False
ood_compound,A2_unfiltered_train_seed_2,50074,-220.659819959157,250,False,0.6256493181335856,5.653164905989231,40.0,False
ood_compound,A2_unfiltered_train_seed_2,50075,-347.0346459941405,250,False,0.9001642637404748,6.256508379386324,40.0,False
ood_compound,A2_unfiltered_train_seed_2,50076,-216.10992724693807,250,False,0.2767838157781946,11.271704112768214,40.0,False
ood_compound,A2_unfiltered_train_seed_2,50077,-178.44750616938674,250,False,0.2836682881979053,13.835600722346902,40.0,False
ood_compound,A2_unfiltered_train_seed_2,50078,-431.91687534450637,250,False,1.138617194573089,3.8011955537514677,40.0,False
ood_compound,A2_unfiltered_train_seed_2,50079,-237.29798356891013,250,False,0.23996758150532915,9.902198318440727,40.0,False
ood_compound,A2_unfiltered_train_seed_2,50080,-213.2731012810743,250,False,0.19235857350634555,17.986461689465497,40.0,False
ood_compound,A2_unfiltered_train_seed_2,50081,-165.2830199837235,250,False,0.27400939798050145,10.36092431704909,40.0,False
ood_compound,A2_unfiltered_train_seed_2,50082,-87.09483200150873,250,False,0.09299564147192368,9.508103966674057,40.0,False
ood_compound,A2_unfiltered_train_seed_2,50083,-123.26716435788964,106,True,0.04718862897624947,15.218299525606943,40.0,False
ood_compound,A2_unfiltered_train_seed_2,50084,-125.8508291896074,250,False,0.14293319269280344,4.71953644126775,40.0,False
ood_compound,A2_unfiltered_train_seed_2,50085,-205.66287417564394,250,False,0.19016706244076556,20.464884418077386,40.0,False
ood_compound,A2_unfiltered_train_seed_2,50086,-124.80673355085838,250,False,0.11687265766437152,10.573326402323103,40.0,False
ood_compound,A2_unfiltered_train_seed_2,50087,-146.68122076790786,250,False,0.34808753585000374,7.139027727686097,40.0,False
ood_compound,A2_unfiltered_train_seed_2,50088,-246.49070390801703,250,False,0.27219138107663654,15.414363169400211,40.0,False
ood_compound,A2_unfiltered_train_seed_2,50089,-165.85256146333694,250,False,0.310996402334726,13.134697312378634,40.0,False
ood_compound,A2_unfiltered_train_seed_2,50090,-206.34850870511622,250,False,0.2933682045396416,9.824042849939437,40.0,False
ood_compound,A2_unfiltered_train_seed_2,50091,-207.80205143465685,250,False,0.13086128808544073,10.12581817149847,40.0,False
ood_compound,A2_unfiltered_train_seed_2,50092,-309.3093393065018,250,False,0.7604523667729958,5.7440832922746115,40.0,False
ood_compound,A2_unfiltered_train_seed_2,50093,-262.19905288390197,250,False,0.325790453986751,9.587942760088646,40.0,False
ood_compound,A2_unfiltered_train_seed_2,50094,-154.602569451623,250,False,0.2868276563638548,6.926723681516493,40.0,False
ood_compound,A2_unfiltered_train_seed_2,50095,-48.186308795187855,78,True,0.04862020954643364,6.5515910286643315,40.0,False
ood_compound,A2_unfiltered_train_seed_2,50096,-323.28195426316995,250,False,0.6758662445266224,9.137350935187655,40.0,False
ood_compound,A2_unfiltered_train_seed_2,50097,-314.5346353690284,250,False,1.1215200441643935,8.071654381666454,40.0,False
ood_compound,A2_unfiltered_train_seed_2,50098,-132.10675627766477,250,False,0.11086158946736333,9.633885858675084,40.0,False
ood_compound,A2_unfiltered_train_seed_2,50099,-304.60412854191054,250,False,0.8765920999740572,10.497090460702385,40.0,False
ood_compound,A5_hocbf_train_seed_2,50000,-358.4264791000756,250,False,1.1426946259395434,4.949999591489269,40.0,False
ood_compound,A5_hocbf_train_seed_2,50001,-230.47251935363505,250,False,0.28477035977869203,5.232382703561596,40.0,False
ood_compound,A5_hocbf_train_seed_2,50002,-453.41542436014305,250,False,1.5305079288848535,6.145986308822072,40.0,False
ood_compound,A5_hocbf_train_seed_2,50003,-210.02720553731194,61,False,3.0645550187769195,10.367068952420485,40.0,False
ood_compound,A5_hocbf_train_seed_2,50004,-542.7566554948378,250,False,1.9970377310609713,5.142329240650801,40.0,False
ood_compound,A5_hocbf_train_seed_2,50005,-237.94333755667918,250,False,0.46201199015918587,4.698221880920462,40.0,False
ood_compound,A5_hocbf_train_seed_2,50006,-292.8871838660821,250,False,0.418047981921914,2.6801003850205385,40.0,False
ood_compound,A5_hocbf_train_seed_2,50007,-182.81390882748195,61,False,3.0235861224053955,11.563599090580613,40.0,False
ood_compound,A5_hocbf_train_seed_2,50008,-331.84122296023395,250,False,0.9831190936665267,8.686190024737504,40.0,False
ood_compound,A5_hocbf_train_seed_2,50009,-408.7704340608572,250,False,0.15145614706412142,2.7380989333125854,40.0,False
ood_compound,A5_hocbf_train_seed_2,50010,-272.7460499004639,250,False,0.3345573096525124,3.13486699489204,40.0,False
ood_compound,A5_hocbf_train_seed_2,50011,-266.23237164891776,250,False,0.7325589162481844,3.0216517310034874,40.0,False
ood_compound,A5_hocbf_train_seed_2,50012,-185.65594812371668,150,True,0.04707769808398043,2.5085313708880617,40.0,False
ood_compound,A5_hocbf_train_seed_2,50013,-962.1734482386931,250,False,3.3846326051794886,2.337328496348984,40.0,False
ood_compound,A5_hocbf_train_seed_2,50014,-317.7214968452885,250,False,1.0110653006942747,6.497339263387907,40.0,False
ood_compound,A5_hocbf_train_seed_2,50015,-415.95781922312995,250,False,0.14594916198457797,3.5535872207542027,40.0,False
ood_compound,A5_hocbf_train_seed_2,50016,-566.4970079208741,250,False,0.6371182749071048,1.5214920137827435,40.0,False
ood_compound,A5_hocbf_train_seed_2,50017,-326.1750095660986,250,False,1.0341467058212215,8.121561410288063,40.0,False
ood_compound,A5_hocbf_train_seed_2,50018,-489.93699365361823,250,False,0.7040873398933267,5.806209257234736,40.0,False
ood_compound,A5_hocbf_train_seed_2,50019,-798.0028316089384,250,False,2.800328903599488,0.9738879933564872,40.0,False
ood_compound,A5_hocbf_train_seed_2,50020,-377.09006880377075,250,False,1.1915836723016209,2.217982014253382,40.0,False
ood_compound,A5_hocbf_train_seed_2,50021,-429.34197521497833,250,False,1.256601873420158,2.0276602714323047,40.0,False
ood_compound,A5_hocbf_train_seed_2,50022,-370.36726588103176,250,False,0.25485365110792546,3.3077149308297833,40.0,False
ood_compound,A5_hocbf_train_seed_2,50023,-217.0546231583683,250,False,0.27142248609481995,6.139451709383827,40.0,False
ood_compound,A5_hocbf_train_seed_2,50024,-308.3193707550646,250,False,0.819029319809561,4.162549314398161,40.0,False
ood_compound,A5_hocbf_train_seed_2,50025,-189.21003054120592,250,False,0.21575367879042318,8.238783481422045,40.0,False
ood_compound,A5_hocbf_train_seed_2,50026,-413.97149873903265,250,False,1.5297191772671677,7.9155783351564155,40.0,False
ood_compound,A5_hocbf_train_seed_2,50027,-206.78049376613504,250,False,0.33094260049305024,5.732882132178515,40.0,False
ood_compound,A5_hocbf_train_seed_2,50028,-392.06977131350374,250,False,0.18677497268862475,5.811036793852286,40.0,False
ood_compound,A5_hocbf_train_seed_2,50029,-716.7429374095742,250,False,1.8136155531738263,2.6713072500415236,40.0,False
ood_compound,A5_hocbf_train_seed_2,50030,-200.80177802934276,250,False,0.30268120431631074,7.652612917669254,40.0,False
ood_compound,A5_hocbf_train_seed_2,50031,-218.93512916050992,250,False,0.15893133144451782,5.595758685672144,40.0,False
ood_compound,A5_hocbf_train_seed_2,50032,-335.012849317762,250,False,0.41186245788416426,2.116777781853843,40.0,False
ood_compound,A5_hocbf_train_seed_2,50033,-405.5287529358741,250,False,1.4909659566469255,2.8470303650225084,40.0,False
ood_compound,A5_hocbf_train_seed_2,50034,-480.48079775959116,250,False,1.6625271871633134,4.059817171995346,40.0,False
ood_compound,A5_hocbf_train_seed_2,50035,-423.89031782682395,250,False,1.377963622700146,5.342634289395384,40.0,False
ood_compound,A5_hocbf_train_seed_2,50036,-585.7608325439886,250,False,2.3179946682476835,1.436389036542146,40.0,False
ood_compound,A5_hocbf_train_seed_2,50037,-609.4999170397243,250,False,2.2683327048743487,0.9963292243622331,40.0,False
ood_compound,A5_hocbf_train_seed_2,50038,-285.33002030451115,250,False,0.5927986322922578,7.09055684926277,40.0,False
ood_compound,A5_hocbf_train_seed_2,50039,-497.92731841220495,250,False,1.8123455360760246,1.6001565837050606,40.0,False
ood_compound,A5_hocbf_train_seed_2,50040,-235.6941381113911,250,False,0.6964217891089142,3.8451599067347777,40.0,False
ood_compound,A5_hocbf_train_seed_2,50041,-397.10581758526723,250,False,0.1702224528617642,2.9860210610134024,40.0,False
ood_compound,A5_hocbf_train_seed_2,50042,-351.8331370631731,250,False,1.064326932776393,6.274807523856604,40.0,False
ood_compound,A5_hocbf_train_seed_2,50043,-352.08808076180105,250,False,0.997957484408951,1.0198752982331691,40.0,False
ood_compound,A5_hocbf_train_seed_2,50044,-678.1234502771074,250,False,2.342238310206379,0.8282347082284894,40.0,False
ood_compound,A5_hocbf_train_seed_2,50045,-313.30860714553097,250,False,0.5590306434356658,3.0842281582885924,40.0,False
ood_compound,A5_hocbf_train_seed_2,50046,-271.79401251221975,250,False,0.2637339073395066,2.995661728781081,40.0,False
ood_compound,A5_hocbf_train_seed_2,50047,-443.71978841227997,250,False,1.8582924778915366,4.245906510643441,40.0,False
ood_compound,A5_hocbf_train_seed_2,50048,-164.6791031099823,250,False,0.21463505166761107,8.580239095905691,40.0,False
ood_compound,A5_hocbf_train_seed_2,50049,-653.8719975266691,250,False,0.4743990762074242,3.7542518732587666,40.0,False
ood_compound,A5_hocbf_train_seed_2,50050,-282.569742911092,250,False,0.5578678982146655,5.325687315370144,40.0,False
ood_compound,A5_hocbf_train_seed_2,50051,-263.5777356137208,250,False,0.6127702622399763,5.106654575097547,40.0,False
ood_compound,A5_hocbf_train_seed_2,50052,-374.8422662142343,250,False,0.7143715095168875,5.998440607350649,40.0,False
ood_compound,A5_hocbf_train_seed_2,50053,-297.55502951865003,250,False,0.09011117101653619,2.0002946860816833,40.0,False
ood_compound,A5_hocbf_train_seed_2,50054,-203.96809302776884,250,False,0.27865151168156904,5.28703244073628,40.0,False
ood_compound,A5_hocbf_train_seed_2,50055,-330.0394660962694,250,False,0.3523558474204949,2.460303163856324,40.0,False
ood_compound,A5_hocbf_train_seed_2,50056,-115.88249363539161,250,False,0.2328402467349957,2.8097287335706858,40.0,False
ood_compound,A5_hocbf_train_seed_2,50057,-575.0536072528757,250,False,1.2040685061713,2.354547077954581,40.0,False
ood_compound,A5_hocbf_train_seed_2,50058,-315.48572892293106,250,False,0.19412422398691478,4.041668795861803,40.0,False
ood_compound,A5_hocbf_train_seed_2,50059,-365.2676235448592,250,False,1.059275811720281,3.9247851739548345,40.0,False
ood_compound,A5_hocbf_train_seed_2,50060,-904.5602101639929,250,False,3.208210545127019,0.7564219043565816,40.0,False
ood_compound,A5_hocbf_train_seed_2,50061,-328.7886042843785,250,False,0.9537330611066892,2.587254869733694,40.0,False
ood_compound,A5_hocbf_train_seed_2,50062,-187.3089835076223,250,False,0.19302304535020237,8.007479029317699,40.0,False
ood_compound,A5_hocbf_train_seed_2,50063,-507.7046788724014,250,False,2.187646598224274,2.2721825071375936,40.0,False
ood_compound,A5_hocbf_train_seed_2,50064,-592.1612515838135,250,False,1.9783495349483498,2.877536404577381,40.0,False
ood_compound,A5_hocbf_train_seed_2,50065,-165.2743904072065,250,False,0.28187725418997217,4.7083390406754155,40.0,False
ood_compound,A5_hocbf_train_seed_2,50066,-751.6722330023498,250,False,2.607315777388087,1.3290328191266212,40.0,False
ood_compound,A5_hocbf_train_seed_2,50067,-390.88662582233513,250,False,0.8476985810398209,3.8569542006939126,40.0,False
ood_compound,A5_hocbf_train_seed_2,50068,-192.14334079882502,250,False,0.3814500369373355,2.790373094057317,38.86039733886719,False
ood_compound,A5_hocbf_train_seed_2,50069,-333.02693033228576,250,False,0.10532772475891443,3.8379561454906597,40.0,False
ood_compound,A5_hocbf_train_seed_2,50070,-310.98225788765114,250,False,1.0388745177438292,5.0782378684647,40.0,False
ood_compound,A5_hocbf_train_seed_2,50071,-651.5334762759638,250,False,2.4988168797732286,1.3766290070374738,40.0,False
ood_compound,A5_hocbf_train_seed_2,50072,-233.42437032989042,250,False,0.38171252861501087,4.685013771777675,40.0,False
ood_compound,A5_hocbf_train_seed_2,50073,-280.3746736409673,250,False,0.5062989936058233,4.913647054814435,40.0,False
ood_compound,A5_hocbf_train_seed_2,50074,-402.92664378420363,250,False,1.3169571155087607,3.2145508587772027,40.0,False
ood_compound,A5_hocbf_train_seed_2,50075,-414.9456815839914,250,False,1.2381493622006883,4.449673359991596,40.0,False
ood_compound,A5_hocbf_train_seed_2,50076,-115.79361529949216,35,False,2.1969761977522917,11.937665896667292,40.0,False
ood_compound,A5_hocbf_train_seed_2,50077,-189.65140290938803,250,False,0.3161688736261097,7.106555647526177,40.0,False
ood_compound,A5_hocbf_train_seed_2,50078,-570.1450755698863,250,False,2.427564946793472,4.828653735246203,40.0,False
ood_compound,A5_hocbf_train_seed_2,50079,-430.2267684374957,250,False,0.8445856745607179,6.533646022756671,40.0,False
ood_compound,A5_hocbf_train_seed_2,50080,-214.5186955215564,250,False,0.22623413776443901,7.610914004028535,40.0,False
ood_compound,A5_hocbf_train_seed_2,50081,-187.99990638987552,250,False,0.35353660771573236,4.268754293394071,40.0,False
ood_compound,A5_hocbf_train_seed_2,50082,-84.29429250480212,85,True,0.030062224966446213,2.8753698066407862,40.0,False
ood_compound,A5_hocbf_train_seed_2,50083,-185.69289475067114,250,False,0.15086471435244075,6.016449126019551,40.0,False
ood_compound,A5_hocbf_train_seed_2,50084,-601.0635863650313,250,False,1.7830845338316677,2.431053988436687,40.0,False
ood_compound,A5_hocbf_train_seed_2,50085,-271.15232556197736,250,False,0.49669377780369217,7.278162674041468,40.0,False
ood_compound,A5_hocbf_train_seed_2,50086,-307.0272685690631,250,False,0.5885447526824349,9.447639420392415,40.0,False
ood_compound,A5_hocbf_train_seed_2,50087,-332.5103411263501,250,False,0.3716109163843927,1.777066026727536,40.0,False
ood_compound,A5_hocbf_train_seed_2,50088,-377.44885332088757,250,False,1.1879886470795704,3.7121617175950803,40.0,False
ood_compound,A5_hocbf_train_seed_2,50089,-184.47623569619847,250,False,0.413783474262506,5.448618738099783,40.0,False
ood_compound,A5_hocbf_train_seed_2,50090,-429.5735952591213,250,False,0.21877761631475398,4.085241174132416,40.0,False
ood_compound,A5_hocbf_train_seed_2,50091,-286.87258757922433,250,False,0.48735490024882233,5.904088778174702,40.0,False
ood_compound,A5_hocbf_train_seed_2,50092,-335.4413728726779,250,False,1.037402795061822,3.657294525915651,40.0,False
ood_compound,A5_hocbf_train_seed_2,50093,-453.356605273427,250,False,1.1815693662979474,9.12607443300909,40.0,False
ood_compound,A5_hocbf_train_seed_2,50094,-194.9703179721219,250,False,0.3189761618816546,1.980906714216373,40.0,False
ood_compound,A5_hocbf_train_seed_2,50095,-324.70028126712003,244,True,0.0494450906317805,2.145588817447191,40.0,False
ood_compound,A5_hocbf_train_seed_2,50096,-547.8145909680075,250,False,0.7636911316302346,3.083309642844034,40.0,False
ood_compound,A5_hocbf_train_seed_2,50097,-332.5992688012409,250,False,1.1471907392397038,8.742959143740467,40.0,False
ood_compound,A5_hocbf_train_seed_2,50098,-435.90430669291806,250,False,0.9161680766887141,9.976353240142938,40.0,False
ood_compound,A5_hocbf_train_seed_2,50099,-370.4556880425255,250,False,1.4048315078873705,10.54113810815288,40.0,False
ood_compound,A6_prefilter_train_seed_2,50000,-359.7861538956037,250,False,1.1767907294242514,9.577224832214608,40.0,False
ood_compound,A6_prefilter_train_seed_2,50001,-258.4485134001517,250,False,0.43768424837413417,15.197275651140156,40.0,False
ood_compound,A6_prefilter_train_seed_2,50002,-353.55581174257645,250,False,1.1083423128320566,6.993625751517947,40.0,False
ood_compound,A6_prefilter_train_seed_2,50003,-623.0846940784038,250,False,1.1107250559522912,28.102921346850973,40.0,False
ood_compound,A6_prefilter_train_seed_2,50004,-343.9772853928608,250,False,1.190920655197992,5.533676798225554,40.0,False
ood_compound,A6_prefilter_train_seed_2,50005,-264.46707841600875,250,False,0.6007036277219954,9.45510139011156,40.0,False
ood_compound,A6_prefilter_train_seed_2,50006,-215.8513383984967,250,False,0.49355723157127607,6.03316813838328,40.0,False
ood_compound,A6_prefilter_train_seed_2,50007,-367.6331047455137,250,False,0.9370108422285736,9.148122052879277,40.0,False
ood_compound,A6_prefilter_train_seed_2,50008,-330.41443857923696,250,False,0.9571339370480311,10.105910571095324,40.0,False
ood_compound,A6_prefilter_train_seed_2,50009,-183.41864644955731,250,False,0.45509971339603844,8.639244804889552,40.0,False
ood_compound,A6_prefilter_train_seed_2,50010,-243.17632637988132,250,False,0.7018587497505311,8.849267850211495,40.0,False
ood_compound,A6_prefilter_train_seed_2,50011,-274.56496510491314,250,False,0.8057047951059761,8.113144808484376,40.0,False
ood_compound,A6_prefilter_train_seed_2,50012,-259.52487782177656,250,False,0.5646595536529645,8.88891496199651,40.0,False
ood_compound,A6_prefilter_train_seed_2,50013,-372.20155993217105,250,False,1.158307093559979,8.139717886919113,40.0,False
ood_compound,A6_prefilter_train_seed_2,50014,-379.8660215336331,250,False,1.0089992244973136,16.9782478047146,40.0,False
ood_compound,A6_prefilter_train_seed_2,50015,-376.48684665305177,250,False,1.115077979132615,9.747610994557965,40.0,False
ood_compound,A6_prefilter_train_seed_2,50016,-306.17219371453956,250,False,1.022119551642026,9.202907092776739,40.0,False
ood_compound,A6_prefilter_train_seed_2,50017,-340.7071237765994,250,False,0.9760340722615896,11.57731095276577,40.0,False
ood_compound,A6_prefilter_train_seed_2,50018,-226.4003078086847,250,False,0.3260236277959983,8.559091057132955,40.0,False
ood_compound,A6_prefilter_train_seed_2,50019,-276.9129288727303,250,False,0.6077869299214096,10.450588804136093,40.0,False
ood_compound,A6_prefilter_train_seed_2,50020,-398.99230828418837,250,False,1.3428051690779248,8.473179061831024,40.0,False
ood_compound,A6_prefilter_train_seed_2,50021,-400.0892541012951,250,False,1.2836172764662728,6.02744268042088,40.0,False
ood_compound,A6_prefilter_train_seed_2,50022,-353.03063481886716,250,False,0.9511474566619782,9.559179873333148,40.0,False
ood_compound,A6_prefilter_train_seed_2,50023,-246.46327980233812,250,False,0.4638352365700552,14.137140485590814,40.0,False
ood_compound,A6_prefilter_train_seed_2,50024,-318.4653468535142,250,False,0.891647946965389,7.143836925907262,40.0,False
ood_compound,A6_prefilter_train_seed_2,50025,-288.64361008831116,250,False,0.5848290168644013,20.74186558258615,40.0,False
ood_compound,A6_prefilter_train_seed_2,50026,-400.635005402974,250,False,1.4540558722825654,6.344835178719629,40.0,False
ood_compound,A6_prefilter_train_seed_2,50027,-279.7209889513031,250,False,0.6827086536254641,10.57058447559964,40.0,False
ood_compound,A6_prefilter_train_seed_2,50028,-381.0089907627994,250,False,1.0241646579714168,13.497251008239372,40.0,False
ood_compound,A6_prefilter_train_seed_2,50029,-276.63085411385094,250,False,0.46418630210796685,11.350291457053688,40.0,False
ood_compound,A6_prefilter_train_seed_2,50030,-213.1315940229434,250,False,0.44962843723391704,11.262605123255502,40.0,False
ood_compound,A6_prefilter_train_seed_2,50031,-211.87859957839845,250,False,0.2924937118171044,15.108649914562498,40.0,False
ood_compound,A6_prefilter_train_seed_2,50032,-314.7405394704957,250,False,0.9601353079728508,9.324140497510882,40.0,False
ood_compound,A6_prefilter_train_seed_2,50033,-379.57479398469576,250,False,0.9236855459147882,3.520943080507201,40.0,False
ood_compound,A6_prefilter_train_seed_2,50034,-425.77152805775455,250,False,1.3750103756516272,5.1350883056456516,40.0,False
ood_compound,A6_prefilter_train_seed_2,50035,-411.55845774667887,250,False,1.3584248462363202,4.4402455201760835,40.0,False
ood_compound,A6_prefilter_train_seed_2,50036,-472.3827485696719,250,False,1.475351321827474,3.643797478023786,40.0,False
ood_compound,A6_prefilter_train_seed_2,50037,-336.6965505972792,250,False,1.1369640798792497,9.29728291329512,40.0,False
ood_compound,A6_prefilter_train_seed_2,50038,-306.12219128798,250,False,0.7574941656514775,16.6250243394067,40.0,False
ood_compound,A6_prefilter_train_seed_2,50039,-378.6032804214083,250,False,1.256780720857556,3.9950204874303687,40.0,False
ood_compound,A6_prefilter_train_seed_2,50040,-268.08878682810405,250,False,0.7733431486376049,9.038973824884387,40.0,False
ood_compound,A6_prefilter_train_seed_2,50041,-326.8077123746541,250,False,1.028959391189653,9.439183884937103,40.0,False
ood_compound,A6_prefilter_train_seed_2,50042,-311.81132662951205,250,False,0.9842053881384007,5.328683279062244,40.0,False
ood_compound,A6_prefilter_train_seed_2,50043,-307.5972681326172,250,False,1.028360912168737,3.8906013421728067,39.62419509887695,False
ood_compound,A6_prefilter_train_seed_2,50044,-375.5500775590056,250,False,1.2776261322883462,10.10826681612907,40.0,False
ood_compound,A6_prefilter_train_seed_2,50045,-287.8359195436577,250,False,0.6148046618243542,8.40032384222464,40.0,False
ood_compound,A6_prefilter_train_seed_2,50046,-252.21661367421154,250,False,0.6206387607526935,9.701106008458705,40.0,False
ood_compound,A6_prefilter_train_seed_2,50047,-494.1513555311887,250,False,1.6253016659910278,5.492362768662909,40.0,False
ood_compound,A6_prefilter_train_seed_2,50048,-230.1889777847677,250,False,0.5759256827932954,12.467330404812268,40.0,False
ood_compound,A6_prefilter_train_seed_2,50049,-339.7697424155009,250,False,0.798764686145305,10.669723229925241,40.0,False
ood_compound,A6_prefilter_train_seed_2,50050,-315.48665357431184,250,False,0.6946572047455857,21.78652125318435,40.0,False
ood_compound,A6_prefilter_train_seed_2,50051,-218.157529968328,250,False,0.36018917841250186,12.009730097194291,40.0,False
ood_compound,A6_prefilter_train_seed_2,50052,-423.62694610446584,250,False,0.6732581882896498,19.95122622104141,40.0,False
ood_compound,A6_prefilter_train_seed_2,50053,-326.7140891241289,250,False,1.1217566997523274,7.631954712119302,40.0,False
ood_compound,A6_prefilter_train_seed_2,50054,-270.40992886558655,250,False,0.5689560923387936,18.55376028923493,40.0,False
ood_compound,A6_prefilter_train_seed_2,50055,-317.5263482712977,250,False,0.8921481298300686,8.863204645724368,40.0,False
ood_compound,A6_prefilter_train_seed_2,50056,-222.08736730202693,250,False,0.6261769646875966,2.126105769179355,39.390377044677734,False
ood_compound,A6_prefilter_train_seed_2,50057,-457.57126145619856,250,False,1.773373976995442,7.3432543895576075,40.0,False
ood_compound,A6_prefilter_train_seed_2,50058,-269.5422735618461,250,False,0.40458089402112957,12.018961279718212,40.0,False
ood_compound,A6_prefilter_train_seed_2,50059,-329.10542589078005,250,False,1.0246713279320698,3.743008014010353,40.0,False
ood_compound,A6_prefilter_train_seed_2,50060,-332.82028383407993,250,False,0.6872032072514367,9.642913027268111,40.0,False
ood_compound,A6_prefilter_train_seed_2,50061,-340.50858260498,250,False,0.9047301317728206,4.7278096994059196,40.0,False
ood_compound,A6_prefilter_train_seed_2,50062,-273.95831804367543,250,False,0.5634238708594624,19.47538484696968,40.0,False
ood_compound,A6_prefilter_train_seed_2,50063,-447.87713808590445,250,False,1.0561238760375093,5.280604697065884,40.0,False
ood_compound,A6_prefilter_train_seed_2,50064,-348.986712634307,250,False,1.2053440924780223,5.376853490175269,40.0,False
ood_compound,A6_prefilter_train_seed_2,50065,-247.29872725312723,250,False,0.7601303229400184,5.062233838093017,40.0,False
ood_compound,A6_prefilter_train_seed_2,50066,-278.71853976823496,250,False,0.5415912061157863,7.150625010625997,40.0,False
ood_compound,A6_prefilter_train_seed_2,50067,-379.9265063633731,250,False,1.0944538998584472,4.6854984164701525,40.0,False
ood_compound,A6_prefilter_train_seed_2,50068,-250.95337972804168,250,False,0.7527930191862251,3.8388190664727535,37.37113952636719,False
ood_compound,A6_prefilter_train_seed_2,50069,-333.715893230349,250,False,0.9605120886201266,12.600167431391135,40.0,False
ood_compound,A6_prefilter_train_seed_2,50070,-330.70851997835865,250,False,1.0415302152204635,6.143165325105762,40.0,False
ood_compound,A6_prefilter_train_seed_2,50071,-285.72733660062147,250,False,1.3038379382152023,5.01485691279437,40.0,False
ood_compound,A6_prefilter_train_seed_2,50072,-204.37912386957274,250,False,0.24709472654820858,14.367792519972438,40.0,False
ood_compound,A6_prefilter_train_seed_2,50073,-315.53820501953004,250,False,0.6971155183465302,18.307187605870514,40.0,False
ood_compound,A6_prefilter_train_seed_2,50074,-400.7827605357035,250,False,1.3498164614369301,4.038995715762672,39.276432037353516,False
ood_compound,A6_prefilter_train_seed_2,50075,-407.9994421166196,250,False,1.2114896397234232,4.338571679096584,40.0,False
ood_compound,A6_prefilter_train_seed_2,50076,-383.0380965797209,250,False,0.7869890095207341,11.163049837246588,40.0,False
ood_compound,A6_prefilter_train_seed_2,50077,-252.00920069607486,250,False,0.7278644862538023,8.933352607238254,40.0,False
ood_compound,A6_prefilter_train_seed_2,50078,-499.32526895004185,250,False,1.2742631973417258,2.981168011093438,40.0,False
ood_compound,A6_prefilter_train_seed_2,50079,-350.31554872088867,250,False,0.46920432133352385,12.728331816608094,40.0,False
ood_compound,A6_prefilter_train_seed_2,50080,-262.62165967208387,250,False,0.5046699586691226,18.289277894077447,40.0,False
ood_compound,A6_prefilter_train_seed_2,50081,-239.52011589942572,250,False,0.6897361254905274,9.815624973130706,40.0,False
ood_compound,A6_prefilter_train_seed_2,50082,-230.14455603529163,250,False,0.7325389888197853,7.657035313167509,40.0,False
ood_compound,A6_prefilter_train_seed_2,50083,-179.5078372635808,250,False,0.12445490090260539,15.65619018783267,40.0,False
ood_compound,A6_prefilter_train_seed_2,50084,-243.27597519409974,250,False,1.3103293197867685,5.039221466023793,40.0,False
ood_compound,A6_prefilter_train_seed_2,50085,-266.46851212784463,250,False,0.42042866696748743,20.938182227223116,40.0,False
ood_compound,A6_prefilter_train_seed_2,50086,-151.78753934776313,250,False,0.23069188101029198,10.751174068636423,40.0,False
ood_compound,A6_prefilter_train_seed_2,50087,-255.49578700543367,250,False,0.7603070213704028,3.6363530432093687,40.0,False
ood_compound,A6_prefilter_train_seed_2,50088,-333.5824410233205,250,False,0.6413332949619467,15.864911130838493,40.0,False
ood_compound,A6_prefilter_train_seed_2,50089,-236.06662502229688,250,False,0.7222557285881811,10.36123809362161,40.0,False
ood_compound,A6_prefilter_train_seed_2,50090,-292.2063900272114,250,False,0.5571201863928018,9.80396090629635,40.0,False
ood_compound,A6_prefilter_train_seed_2,50091,-259.90161115361315,250,False,0.24563197863968475,11.818025227341362,40.0,False
ood_compound,A6_prefilter_train_seed_2,50092,-344.64671569971506,250,False,1.067154822403395,4.581448192665027,40.0,False
ood_compound,A6_prefilter_train_seed_2,50093,-397.9194091106986,250,False,0.9489481049554308,10.660208404397725,40.0,False
ood_compound,A6_prefilter_train_seed_2,50094,-289.96039905439255,250,False,0.8326395513846174,4.405592617092896,40.0,False
ood_compound,A6_prefilter_train_seed_2,50095,-244.03283020411803,250,False,1.0430776816002651,4.645224377951326,40.0,False
ood_compound,A6_prefilter_train_seed_2,50096,-399.72094060894136,250,False,1.1737513880877422,10.258112948551004,40.0,False
ood_compound,A6_prefilter_train_seed_2,50097,-334.0875818300741,250,False,1.1332020671159282,7.826853403227769,40.0,False
ood_compound,A6_prefilter_train_seed_2,50098,-184.7579578236673,250,False,0.2659242939428077,9.192174152028894,40.0,False
ood_compound,A6_prefilter_train_seed_2,50099,-374.2138624269466,250,False,1.3206764741955246,7.130503892677891,40.0,False
ood_compound,A6_hocbf_train_seed_2,50000,-373.30603518817475,250,False,1.1716513800274115,4.8265642592999285,40.0,False
ood_compound,A6_hocbf_train_seed_2,50001,-245.71496042980291,250,False,0.4358149454571601,4.914798486780103,40.0,False
ood_compound,A6_hocbf_train_seed_2,50002,-454.2133364400627,250,False,1.5643194530988986,6.59737908620312,40.0,False
ood_compound,A6_hocbf_train_seed_2,50003,-200.50238104459442,57,False,3.2070541427866273,10.323155994590483,40.0,False
ood_compound,A6_hocbf_train_seed_2,50004,-514.8606522722425,250,False,1.0444487909169278,5.270010673368282,40.0,False
ood_compound,A6_hocbf_train_seed_2,50005,-261.4635490314531,250,False,0.6037484684774481,4.434595352010848,40.0,False
ood_compound,A6_hocbf_train_seed_2,50006,-297.7077854582901,250,False,0.4664547603770756,2.680151935610294,40.0,False
ood_compound,A6_hocbf_train_seed_2,50007,-178.65861757172993,60,False,2.9970617762721328,11.521097436267272,40.0,False
ood_compound,A6_hocbf_train_seed_2,50008,-327.5250277509977,250,False,0.9952017713964375,7.948317003954601,40.0,False
ood_compound,A6_hocbf_train_seed_2,50009,-431.7302185221202,250,False,0.4071332109921508,2.8987004800469816,40.0,False
ood_compound,A6_hocbf_train_seed_2,50010,-329.93184782947355,250,False,0.7013634024193468,3.2905603605040152,40.0,False
ood_compound,A6_hocbf_train_seed_2,50011,-271.02143187299924,250,False,0.8063581629329871,5.503330112133894,40.0,False
ood_compound,A6_hocbf_train_seed_2,50012,-232.3816581879463,250,False,0.15029159470000394,1.7436556041024456,40.0,False
ood_compound,A6_hocbf_train_seed_2,50013,-962.1734482386931,250,False,3.3846326051794886,2.337328496348984,40.0,False
ood_compound,A6_hocbf_train_seed_2,50014,-327.3448099163872,250,False,1.0184635397025943,4.871580810567042,40.0,False
ood_compound,A6_hocbf_train_seed_2,50015,-438.3901797313852,250,False,1.0955474760116002,3.553394937403537,40.0,False
ood_compound,A6_hocbf_train_seed_2,50016,-520.918279962813,250,False,1.144370973065462,1.5848045749565618,40.0,False
ood_compound,A6_hocbf_train_seed_2,50017,-323.43975623448785,250,False,1.0443149029514724,7.1949401240703,40.0,False
ood_compound,A6_hocbf_train_seed_2,50018,-532.5573542740298,250,False,0.8601938922270495,5.555230806405983,40.0,False
ood_compound,A6_hocbf_train_seed_2,50019,-798.0028316089384,250,False,2.800328903599488,0.9738879933564872,40.0,False
ood_compound,A6_hocbf_train_seed_2,50020,-402.827275463462,250,False,1.17966613034174,2.0721078806000324,40.0,False
ood_compound,A6_hocbf_train_seed_2,50021,-424.02413538111654,250,False,1.2989702202322368,1.9222626197080432,40.0,False
ood_compound,A6_hocbf_train_seed_2,50022,-389.0299438695429,250,False,0.9568818195675866,3.3077073736121174,40.0,False
ood_compound,A6_hocbf_train_seed_2,50023,-241.80048367895884,250,False,0.4634848806155682,6.38946396601703,40.0,False
ood_compound,A6_hocbf_train_seed_2,50024,-321.7332189392022,250,False,0.8933611378489138,2.8332833476124053,40.0,False
ood_compound,A6_hocbf_train_seed_2,50025,-244.1979888702016,250,False,0.5826204092113793,8.67904485040241,40.0,False
ood_compound,A6_hocbf_train_seed_2,50026,-402.83921098491277,250,False,1.4792464623850186,7.276765326367247,40.0,False
ood_compound,A6_hocbf_train_seed_2,50027,-266.65343859668553,250,False,0.6829179189362259,6.341702038943056,40.0,False
ood_compound,A6_hocbf_train_seed_2,50028,-413.279342665705,250,False,0.9963099152718364,5.811036793852286,40.0,False
ood_compound,A6_hocbf_train_seed_2,50029,-718.6022893694502,250,False,1.816080524380974,2.6713072500415236,40.0,False
ood_compound,A6_hocbf_train_seed_2,50030,-212.97515302355887,250,False,0.4515859279449745,7.943882733132317,40.0,False
ood_compound,A6_hocbf_train_seed_2,50031,-238.29538380797777,250,False,0.29539639794864747,5.9428856976288245,40.0,False
ood_compound,A6_hocbf_train_seed_2,50032,-371.3701210349833,250,False,0.9741262433185,2.6413994474032867,40.0,False
ood_compound,A6_hocbf_train_seed_2,50033,-422.43059437327867,250,False,1.357546250852055,1.9789725910973284,40.0,False
ood_compound,A6_hocbf_train_seed_2,50034,-484.2323661101248,250,False,1.6280432693307731,4.539280499356531,40.0,False
ood_compound,A6_hocbf_train_seed_2,50035,-426.065072133857,250,False,1.4153199463929071,5.385244148393071,40.0,False
ood_compound,A6_hocbf_train_seed_2,50036,-586.1569657170043,250,False,2.3098561680001835,1.436389036542146,40.0,False
ood_compound,A6_hocbf_train_seed_2,50037,-609.4999170397243,250,False,2.2683327048743487,0.9963292243622331,40.0,False
ood_compound,A6_hocbf_train_seed_2,50038,-304.8136059448228,250,False,0.7660268899188688,7.506468039052769,40.0,False
ood_compound,A6_hocbf_train_seed_2,50039,-501.7965692432524,250,False,1.846251318234303,1.981993046284547,40.0,False
ood_compound,A6_hocbf_train_seed_2,50040,-258.68879705408574,250,False,0.7728173429882963,6.2393126918133195,40.0,False
ood_compound,A6_hocbf_train_seed_2,50041,-385.7691749893834,250,False,1.0158168383166917,2.9860210610134024,40.0,False
ood_compound,A6_hocbf_train_seed_2,50042,-332.0841832181694,250,False,1.0450011049230632,4.058931328894056,40.0,False
ood_compound,A6_hocbf_train_seed_2,50043,-339.83851534922286,250,False,1.0212023011386655,1.0383161755809536,39.84682083129883,False
ood_compound,A6_hocbf_train_seed_2,50044,-678.1234502771074,250,False,2.342238310206379,0.8282347082284894,40.0,False
ood_compound,A6_hocbf_train_seed_2,50045,-340.43801453637315,250,False,0.9035823249444304,3.2848966494485374,40.0,False
ood_compound,A6_hocbf_train_seed_2,50046,-305.3269250991373,250,False,0.6174379843521239,3.0937949137841225,40.0,False
ood_compound,A6_hocbf_train_seed_2,50047,-508.88417751691355,250,False,1.7804670205155484,4.186120056937908,40.0,False
ood_compound,A6_hocbf_train_seed_2,50048,-219.61043017020904,250,False,0.5751117991879835,7.097489801876947,40.0,False
ood_compound,A6_hocbf_train_seed_2,50049,-653.9376593613815,250,False,0.9413890214832675,4.493047547937975,40.0,False
ood_compound,A6_hocbf_train_seed_2,50050,-307.46896940150924,250,False,0.7051719858396026,5.467978448355173,40.0,False
ood_compound,A6_hocbf_train_seed_2,50051,-269.3394299466062,250,False,0.6431521442546667,5.207576373331478,40.0,False
ood_compound,A6_hocbf_train_seed_2,50052,-377.35644393364475,250,False,0.7314448437306896,6.069351284925619,40.0,False
ood_compound,A6_hocbf_train_seed_2,50053,-367.6518588532625,250,False,1.1344291888204665,2.0002946860816833,40.0,False
ood_compound,A6_hocbf_train_seed_2,50054,-247.9565533325984,250,False,0.5742629821507185,3.8826662977727833,40.0,False
ood_compound,A6_hocbf_train_seed_2,50055,-363.40214107224983,250,False,0.9251462626645056,2.3679623412013266,40.0,False
ood_compound,A6_hocbf_train_seed_2,50056,-222.08736730202693,250,False,0.6261769646875966,2.126105769179355,39.390377044677734,False
ood_compound,A6_hocbf_train_seed_2,50057,-587.5516660597868,250,False,1.7053735326675827,2.321119917647145,40.0,False
ood_compound,A6_hocbf_train_seed_2,50058,-346.29571624681074,250,False,0.4178794053125724,4.041668795861803,40.0,False
ood_compound,A6_hocbf_train_seed_2,50059,-372.35899198420094,250,False,1.1190010086752162,3.4123544494159774,40.0,False
ood_compound,A6_hocbf_train_seed_2,50060,-904.5602101639929,250,False,3.208210545127019,0.7564219043565816,40.0,False
ood_compound,A6_hocbf_train_seed_2,50061,-354.7408531957616,250,False,0.8630034206958657,3.0831533566607603,40.0,False
ood_compound,A6_hocbf_train_seed_2,50062,-247.61745023431877,250,False,0.5678319719569132,8.646551003532627,40.0,False
ood_compound,A6_hocbf_train_seed_2,50063,-504.6822598000443,250,False,2.216783293504751,1.6795252663942895,40.0,False
ood_compound,A6_hocbf_train_seed_2,50064,-594.3727961484989,250,False,2.0204181669399217,2.863508476892779,40.0,False
ood_compound,A6_hocbf_train_seed_2,50065,-263.10879022872604,250,False,0.7581785874241724,4.507317926209009,40.0,False
ood_compound,A6_hocbf_train_seed_2,50066,-752.006283850153,250,False,2.60816562105642,1.3439471624635615,40.0,False
ood_compound,A6_hocbf_train_seed_2,50067,-417.9909080887318,250,False,1.1283988999981591,4.117981263181393,40.0,False
ood_compound,A6_hocbf_train_seed_2,50068,-258.3073847117586,250,False,0.7530853034691006,3.2277671725693162,38.61246109008789,False
ood_compound,A6_hocbf_train_seed_2,50069,-391.76982994279393,250,False,0.9838865841648001,3.8379561454906597,40.0,False
ood_compound,A6_hocbf_train_seed_2,50070,-325.576393407369,250,False,1.045522473832755,4.727882410309327,40.0,False
ood_compound,A6_hocbf_train_seed_2,50071,-642.9519865784277,250,False,2.245980245571668,1.367385085558088,40.0,False
ood_compound,A6_hocbf_train_seed_2,50072,-237.58604537394837,250,False,0.3798357270518005,4.678030039909125,40.0,False
ood_compound,A6_hocbf_train_seed_2,50073,-305.0094671307554,250,False,0.7044206289969008,6.179533157533542,40.0,False
ood_compound,A6_hocbf_train_seed_2,50074,-406.2123639270161,250,False,1.368903906259623,3.6406190252379904,40.0,False
ood_compound,A6_hocbf_train_seed_2,50075,-424.8226474841931,250,False,1.1255255561643671,4.336751716796943,40.0,False
ood_compound,A6_hocbf_train_seed_2,50076,-108.08885436368062,32,False,2.4219437441497473,10.59444821081959,40.0,False
ood_compound,A6_hocbf_train_seed_2,50077,-253.27164667798775,250,False,0.7291382900879992,6.24545100138733,40.0,False
ood_compound,A6_hocbf_train_seed_2,50078,-572.6441023889288,250,False,2.394551179303188,5.138129375737352,40.0,False
ood_compound,A6_hocbf_train_seed_2,50079,-435.88337974513496,250,False,0.81391303414564,5.123482239393238,40.0,False
ood_compound,A6_hocbf_train_seed_2,50080,-261.863971083211,250,False,0.5080722844316989,7.6294129258162755,40.0,False
ood_compound,A6_hocbf_train_seed_2,50081,-235.2756980001102,250,False,0.6906959079819482,4.350693850250305,40.0,False
ood_compound,A6_hocbf_train_seed_2,50082,-222.74544695288978,250,False,0.7237412802947478,2.8753698066407862,40.0,False
ood_compound,A6_hocbf_train_seed_2,50083,-191.73724184487796,250,False,0.15610954444537892,6.721776762227635,40.0,False
ood_compound,A6_hocbf_train_seed_2,50084,-601.2592478184828,250,False,1.7981299801974744,2.4924278681718968,40.0,False
ood_compound,A6_hocbf_train_seed_2,50085,-280.47753572867913,250,False,0.5065744830175726,5.583963126891097,40.0,False
ood_compound,A6_hocbf_train_seed_2,50086,-368.31799185855215,250,False,0.5437199680448712,10.02856819114247,40.0,False
ood_compound,A6_hocbf_train_seed_2,50087,-366.9661550299484,250,False,0.7254273336694053,1.7830330505105478,40.0,False
ood_compound,A6_hocbf_train_seed_2,50088,-389.50225380605855,250,False,1.2059289843079886,4.3586788347676215,40.0,False
ood_compound,A6_hocbf_train_seed_2,50089,-229.59144022819342,250,False,0.7227383970774092,5.570680860032711,40.0,False
ood_compound,A6_hocbf_train_seed_2,50090,-430.0565303334157,250,False,0.5258707365172112,4.085241174132416,40.0,False
ood_compound,A6_hocbf_train_seed_2,50091,-302.44059855806825,250,False,0.4945085719421559,6.074804018948758,40.0,False
ood_compound,A6_hocbf_train_seed_2,50092,-349.146415481558,250,False,1.084293555688103,6.214357259231322,40.0,False
ood_compound,A6_hocbf_train_seed_2,50093,-460.72050240190515,250,False,1.2355609069343465,10.327709942893652,40.0,False
ood_compound,A6_hocbf_train_seed_2,50094,-308.13378815924716,250,False,0.7812551711993683,1.6462242666853628,40.0,False
ood_compound,A6_hocbf_train_seed_2,50095,-224.46771925878465,250,False,1.0991606372798353,2.14271770917844,40.0,False
ood_compound,A6_hocbf_train_seed_2,50096,-530.0908248813046,250,False,1.1555743075272356,3.083309642844034,40.0,False
ood_compound,A6_hocbf_train_seed_2,50097,-329.0350163497863,250,False,1.1478667004448242,7.757941244248976,40.0,False
ood_compound,A6_hocbf_train_seed_2,50098,-132.85148790548973,50,False,1.7358345618771123,10.49822697858343,40.0,False
ood_compound,A6_hocbf_train_seed_2,50099,-365.5148296395595,250,False,1.3643975737291922,9.494762178523958,40.0,False
motor_fault,A2_unfiltered_train_seed_2,50000,-283.9637630016493,250,False,1.089474822768416,4.482385039443631,38.1163330078125,True
motor_fault,A2_unfiltered_train_seed_2,50001,-158.04018718076028,250,False,0.25156573276800875,10.285289253963585,40.0,True
motor_fault,A2_unfiltered_train_seed_2,50002,-70.80252784273029,250,False,0.09866273495668118,8.617969839819594,40.0,True
motor_fault,A2_unfiltered_train_seed_2,50003,-263.31323039761605,250,False,0.575462110593702,11.26054463217101,40.0,True
motor_fault,A2_unfiltered_train_seed_2,50004,-129.88347630093412,250,False,0.26211813337100065,9.169438995324363,40.0,True
motor_fault,A2_unfiltered_train_seed_2,50005,-115.37070344473604,250,False,0.11439285328135215,14.257648409005505,40.0,True
motor_fault,A2_unfiltered_train_seed_2,50006,-88.56837560898957,250,False,0.1493071944593411,7.644172218085133,40.0,True
motor_fault,A2_unfiltered_train_seed_2,50007,-287.7926277612381,250,False,0.5412996949066091,11.00537928090385,40.0,True
motor_fault,A2_unfiltered_train_seed_2,50008,-261.1644318142866,250,False,0.3235425102976724,7.3216992856039935,40.0,True
motor_fault,A2_unfiltered_train_seed_2,50009,-139.70061525821072,250,False,0.31704794318243734,9.051481822615285,40.0,True
motor_fault,A2_unfiltered_train_seed_2,50010,-109.0809182414255,250,False,0.19146288304315398,11.703508062826206,40.0,True
motor_fault,A2_unfiltered_train_seed_2,50011,-170.47186783874687,250,False,0.5397695287221245,4.339848862912349,40.0,True
motor_fault,A2_unfiltered_train_seed_2,50012,-74.17162342972861,250,False,0.07766505788745663,13.23427075754596,40.0,True
motor_fault,A2_unfiltered_train_seed_2,50013,-244.59663109642153,250,False,0.6330472332821715,9.283212179023415,40.0,True
motor_fault,A2_unfiltered_train_seed_2,50014,-264.3254801355581,250,False,0.6494800285799208,14.84487129770764,40.0,True
motor_fault,A2_unfiltered_train_seed_2,50015,-287.0808993879589,250,False,0.9274460133504211,11.280001464248402,40.0,True
motor_fault,A2_unfiltered_train_seed_2,50016,-260.2076856992094,250,False,0.9210450459001872,9.006667584387685,40.0,True
motor_fault,A2_unfiltered_train_seed_2,50017,-119.17555116704348,250,False,0.20920073988841104,12.008136247399122,40.0,True
motor_fault,A2_unfiltered_train_seed_2,50018,-97.01347569675954,84,True,0.016020618649398532,12.695959261584282,40.0,True
motor_fault,A2_unfiltered_train_seed_2,50019,-194.8922295848086,250,False,0.43059912998590616,10.710856265305702,40.0,True
motor_fault,A2_unfiltered_train_seed_2,50020,-139.04801701053952,250,False,0.4992681442883218,6.874290996497114,40.0,True
motor_fault,A2_unfiltered_train_seed_2,50021,-150.5631103388965,250,False,0.48311436721903855,5.328158098813737,31.679304122924805,True
motor_fault,A2_unfiltered_train_seed_2,50022,-171.954532479464,250,False,0.3357393316824835,11.78070906494119,40.0,True
motor_fault,A2_unfiltered_train_seed_2,50023,-141.76803239111368,250,False,0.22594358606643428,9.935285728863395,40.0,True
motor_fault,A2_unfiltered_train_seed_2,50024,-63.198967683156035,250,False,0.1360371574083313,5.788379026685828,32.290157318115234,True
motor_fault,A2_unfiltered_train_seed_2,50025,-160.58684121603707,250,False,0.2754671583637657,13.156931419295098,40.0,True
motor_fault,A2_unfiltered_train_seed_2,50026,-405.65549332251265,250,False,1.1814443476257506,10.610159184258173,40.0,True
motor_fault,A2_unfiltered_train_seed_2,50027,-78.10687406384433,250,False,0.12321053029627048,8.463755512590243,40.0,True
motor_fault,A2_unfiltered_train_seed_2,50028,-138.87493367267533,250,False,0.07268358302572558,15.194442956096193,40.0,True
motor_fault,A2_unfiltered_train_seed_2,50029,-160.8350575948972,250,False,0.14902187058701052,12.570668519397106,40.0,True
motor_fault,A2_unfiltered_train_seed_2,50030,-137.21420399510004,250,False,0.2223773520698989,10.391788907761995,40.0,True
motor_fault,A2_unfiltered_train_seed_2,50031,-119.11873907232784,92,True,0.04738685257525846,14.360787785074756,40.0,True
motor_fault,A2_unfiltered_train_seed_2,50032,-161.41690642980473,250,False,0.36581216204725825,11.755593637447106,40.0,True
motor_fault,A2_unfiltered_train_seed_2,50033,-106.92273415199936,250,False,0.3170331306134148,5.235855343915141,26.21219253540039,True
motor_fault,A2_unfiltered_train_seed_2,50034,-32.44572987807589,59,True,0.049705733829059955,7.658068722745347,40.0,True
motor_fault,A2_unfiltered_train_seed_2,50035,-348.83482052135105,250,False,1.2259190406661875,5.719773060495465,40.0,True
motor_fault,A2_unfiltered_train_seed_2,50036,-91.2996593403965,250,False,0.2323602774727385,6.665712000604988,40.0,True
motor_fault,A2_unfiltered_train_seed_2,50037,-94.56576349180204,250,False,0.18650479857232105,10.493890259324068,40.0,True
motor_fault,A2_unfiltered_train_seed_2,50038,-250.46638231872845,250,False,0.3779974535291522,10.756870653655783,40.0,True
motor_fault,A2_unfiltered_train_seed_2,50039,-27.4370252667293,49,True,0.04595408146137004,4.7531749415563125,40.0,True
motor_fault,A2_unfiltered_train_seed_2,50040,-63.61302007494072,80,True,0.04168460033953793,10.660047192810943,40.0,True
motor_fault,A2_unfiltered_train_seed_2,50041,-51.91257569754848,85,True,0.049966668531085244,11.72669889971536,40.0,True
motor_fault,A2_unfiltered_train_seed_2,50042,-70.2494468861704,250,False,0.09548809286509832,7.191715141415171,40.0,True
motor_fault,A2_unfiltered_train_seed_2,50043,-7.849738010261966,27,True,0.008287748696236306,5.683716295848833,40.0,True
motor_fault,A2_unfiltered_train_seed_2,50044,-100.69518006875032,250,False,0.08986509468953814,10.788244863492558,40.0,True
motor_fault,A2_unfiltered_train_seed_2,50045,-174.29455677196592,250,False,0.3065340834589581,10.840391559873998,40.0,True
motor_fault,A2_unfiltered_train_seed_2,50046,-83.74311110263591,250,False,0.08538887903185945,13.593506834925709,40.0,True
motor_fault,A2_unfiltered_train_seed_2,50047,-118.28619049644719,250,False,0.2404743636723486,5.436252489139605,40.0,True
motor_fault,A2_unfiltered_train_seed_2,50048,-105.85945769067385,250,False,0.15756379952546395,10.41984957595707,40.0,True
motor_fault,A2_unfiltered_train_seed_2,50049,-135.160559365589,250,False,0.19976538407216368,12.785379264105444,40.0,True
motor_fault,A2_unfiltered_train_seed_2,50050,-216.380869686371,250,False,0.2319889956724914,12.33735802209387,40.0,True
motor_fault,A2_unfiltered_train_seed_2,50051,-131.68959771431844,107,True,0.045541429225077465,15.482018784523625,40.0,True
motor_fault,A2_unfiltered_train_seed_2,50052,-123.25916679402599,116,True,0.04983360916798076,15.472605014867224,40.0,True
motor_fault,A2_unfiltered_train_seed_2,50053,-86.19140948469824,250,False,0.11802245671950505,8.53197536215071,40.0,True
motor_fault,A2_unfiltered_train_seed_2,50054,-182.50651377257643,250,False,0.20604965204826434,18.47245265551396,40.0,True
motor_fault,A2_unfiltered_train_seed_2,50055,-267.0404265078911,250,False,0.8084613564239338,10.079827727675452,40.0,True
motor_fault,A2_unfiltered_train_seed_2,50056,-2.5093250384654233,29,True,0.0461485446673094,5.1023394645553495,21.66585922241211,True
motor_fault,A2_unfiltered_train_seed_2,50057,-103.10933000575133,199,True,0.04955056451585769,10.425140095433711,40.0,True
motor_fault,A2_unfiltered_train_seed_2,50058,-160.85397804244099,250,False,0.1780030729554706,13.93177206854202,40.0,True
motor_fault,A2_unfiltered_train_seed_2,50059,-218.0032995650382,250,False,0.7212560151408018,5.950045983125286,40.0,True
motor_fault,A2_unfiltered_train_seed_2,50060,-153.11012267945537,250,False,0.15643110647379574,13.73705725349076,40.0,True
motor_fault,A2_unfiltered_train_seed_2,50061,-158.01640956058242,250,False,0.43788383643190393,3.0019533269568885,38.398895263671875,True
motor_fault,A2_unfiltered_train_seed_2,50062,-164.31814685532956,250,False,0.19642990179508066,15.080897392731083,40.0,True
motor_fault,A2_unfiltered_train_seed_2,50063,-208.98620512193756,250,False,0.6215578846964683,4.382519646380871,31.460983276367188,True
motor_fault,A2_unfiltered_train_seed_2,50064,-62.424663451426845,250,False,0.06711100088798379,9.453061999735114,40.0,True
motor_fault,A2_unfiltered_train_seed_2,50065,-78.3150556692791,250,False,0.1492987268965863,10.125738687383137,40.0,True
motor_fault,A2_unfiltered_train_seed_2,50066,-141.7464473869514,250,False,0.25395586720624225,9.251781963031807,40.0,True
motor_fault,A2_unfiltered_train_seed_2,50067,-24.86397212046625,41,True,0.040964618838131836,6.0974545327890874,35.37441635131836,True
motor_fault,A2_unfiltered_train_seed_2,50068,-63.47067032434532,250,False,0.14388344309032142,6.829085815144659,23.04918670654297,True
motor_fault,A2_unfiltered_train_seed_2,50069,-103.47462857381413,250,False,0.09362450513967117,15.072342630944556,40.0,True
motor_fault,A2_unfiltered_train_seed_2,50070,-229.1920616899641,250,False,0.8122177818469809,6.422548361286885,34.53519058227539,True
motor_fault,A2_unfiltered_train_seed_2,50071,-18.462850188832505,48,True,0.04994291848770702,7.412768747276277,40.0,True
motor_fault,A2_unfiltered_train_seed_2,50072,-100.51282222716526,95,True,0.04842293940607175,13.588491701054256,40.0,True
motor_fault,A2_unfiltered_train_seed_2,50073,-215.17375533069753,250,False,0.35864124577684775,17.94865453464336,40.0,True
motor_fault,A2_unfiltered_train_seed_2,50074,-211.11025397914204,250,False,1.079603688291295,6.274039598391955,31.203472137451172,True
motor_fault,A2_unfiltered_train_seed_2,50075,-347.72568313474176,250,False,1.1769054659521516,6.838185898596729,40.0,True
motor_fault,A2_unfiltered_train_seed_2,50076,-167.62530667107256,250,False,0.10117993709276443,11.951348047644878,40.0,True
motor_fault,A2_unfiltered_train_seed_2,50077,-44.19112313621842,68,True,0.04893480543757926,16.076472852747315,40.0,True
motor_fault,A2_unfiltered_train_seed_2,50078,-63.85081411282966,250,False,0.06574594044570241,4.85838870921254,40.0,True
motor_fault,A2_unfiltered_train_seed_2,50079,-116.90654976499965,113,True,0.048083124542097795,13.476912117615388,40.0,True
motor_fault,A2_unfiltered_train_seed_2,50080,-205.89260677320965,250,False,0.22315664512898198,12.53776176689336,40.0,True
motor_fault,A2_unfiltered_train_seed_2,50081,-48.816428550046666,55,True,0.04773235806257355,10.727509805047795,40.0,True
motor_fault,A2_unfiltered_train_seed_2,50082,-66.0248464991989,250,False,0.11343214452858498,13.746098939715273,40.0,True
motor_fault,A2_unfiltered_train_seed_2,50083,-83.89142773750062,71,True,0.04108159346664075,12.01464275857563,40.0,True
motor_fault,A2_unfiltered_train_seed_2,50084,-23.528269900027983,54,True,0.04991935907413047,6.013223617976657,40.0,True
motor_fault,A2_unfiltered_train_seed_2,50085,-140.3364208801158,250,False,0.07983750333551046,13.58473397524172,40.0,True
motor_fault,A2_unfiltered_train_seed_2,50086,-66.13499939373082,83,True,0.04986722553217697,17.276463065960186,40.0,True
motor_fault,A2_unfiltered_train_seed_2,50087,-59.94885383966011,250,False,0.07020908199811089,7.909011135851438,40.0,True
motor_fault,A2_unfiltered_train_seed_2,50088,-86.8544396852608,78,True,0.044686828792234796,17.60069017155449,40.0,True
motor_fault,A2_unfiltered_train_seed_2,50089,-132.29030412842243,250,False,0.21038939841406912,7.709503814836703,40.0,True
motor_fault,A2_unfiltered_train_seed_2,50090,-203.7963915956672,250,False,0.3502755301496655,10.283020351560953,40.0,True
motor_fault,A2_unfiltered_train_seed_2,50091,-142.75107837521747,98,True,0.04654148177430315,10.545742777615427,40.0,True
motor_fault,A2_unfiltered_train_seed_2,50092,-303.6247409449142,250,False,1.0288311364241574,6.684440452014833,40.0,True
motor_fault,A2_unfiltered_train_seed_2,50093,-168.86990683277614,250,False,0.1400437998274773,11.841659969526047,40.0,True
motor_fault,A2_unfiltered_train_seed_2,50094,-12.593260275700866,29,True,0.015602570924537344,6.527299764842699,40.0,True
motor_fault,A2_unfiltered_train_seed_2,50095,-32.59621158925535,55,True,0.041531370393059916,6.614969997887398,40.0,True
motor_fault,A2_unfiltered_train_seed_2,50096,-259.62617888580496,250,False,0.7751728481283917,10.353128316314532,40.0,True
motor_fault,A2_unfiltered_train_seed_2,50097,-320.53644078396667,250,False,1.1977278561109084,8.868618914412897,40.0,True
motor_fault,A2_unfiltered_train_seed_2,50098,-74.69833551332681,81,True,0.04884686924682738,14.369247552915489,40.0,True
motor_fault,A2_unfiltered_train_seed_2,50099,-335.63668144602224,250,False,0.8185220251774654,11.313955915415756,40.0,True
motor_fault,A5_hocbf_train_seed_2,50000,-335.55484056796854,250,False,1.0791251463944906,5.799422853338757,40.0,True
motor_fault,A5_hocbf_train_seed_2,50001,-192.6818663535948,250,False,0.40489628683968,5.365774722848091,40.0,True
motor_fault,A5_hocbf_train_seed_2,50002,-483.26213891821754,250,False,1.4859665358905252,7.861351682590358,40.0,True
motor_fault,A5_hocbf_train_seed_2,50003,-321.10628292192837,250,False,0.5690927679356956,3.6308553429243915,40.0,True
motor_fault,A5_hocbf_train_seed_2,50004,-358.8588819507165,250,False,1.216702087791913,4.868106517779566,40.0,True
motor_fault,A5_hocbf_train_seed_2,50005,-228.21290726105767,250,False,0.18063812604400553,7.608713023613442,40.0,True
motor_fault,A5_hocbf_train_seed_2,50006,-107.57550209683339,250,False,0.1493974027494645,2.9232686686820792,40.0,True
motor_fault,A5_hocbf_train_seed_2,50007,-227.98033221756873,250,False,0.518720116195673,4.136826961066148,40.0,True
motor_fault,A5_hocbf_train_seed_2,50008,-185.18526670310135,114,True,0.038668304061696836,7.003349916041277,40.0,True
motor_fault,A5_hocbf_train_seed_2,50009,-360.3773820394452,250,False,0.5131412474524718,6.9775051272833135,40.0,True
motor_fault,A5_hocbf_train_seed_2,50010,-130.1041058802574,250,False,0.1914724137907464,3.6764292971546335,40.0,True
motor_fault,A5_hocbf_train_seed_2,50011,-196.3201735314001,250,False,0.5951703836009901,4.789930817411037,40.0,True
motor_fault,A5_hocbf_train_seed_2,50012,-78.68949479192703,250,False,0.07766508195079505,2.596910458550544,40.0,True
motor_fault,A5_hocbf_train_seed_2,50013,-323.75896115035124,250,False,0.6745167110861836,4.718032715938521,40.0,True
motor_fault,A5_hocbf_train_seed_2,50014,-296.1254659630704,250,False,1.034111043397037,8.004204040259822,40.0,True
motor_fault,A5_hocbf_train_seed_2,50015,-293.981997176826,250,False,0.8585529023457049,3.426139472468812,40.0,True
motor_fault,A5_hocbf_train_seed_2,50016,-484.8338842572533,250,False,1.35761272625112,6.057419390945642,40.0,True
motor_fault,A5_hocbf_train_seed_2,50017,-227.48952036067485,250,False,0.505013612606047,6.004655554233861,40.0,True
motor_fault,A5_hocbf_train_seed_2,50018,-187.95616490719817,57,False,1.966998758676362,8.023640585442248,40.0,True
motor_fault,A5_hocbf_train_seed_2,50019,-317.52883399395927,250,False,0.7271733106449486,5.982337891431937,40.0,True
motor_fault,A5_hocbf_train_seed_2,50020,-300.0337520308809,250,False,1.0221257928506613,2.8740760520315796,40.0,True
motor_fault,A5_hocbf_train_seed_2,50021,-234.39266062525448,250,False,1.0095159390248196,3.7062070684587543,33.736366271972656,True
motor_fault,A5_hocbf_train_seed_2,50022,-186.4101830769592,250,False,0.33229216719708243,3.9142052733517154,40.0,True
motor_fault,A5_hocbf_train_seed_2,50023,-158.6009129144694,250,False,0.2258824368895505,6.028489620116519,40.0,True
motor_fault,A5_hocbf_train_seed_2,50024,-62.705093549891515,250,False,0.13603720810822387,4.3029061678927825,32.91963577270508,True
motor_fault,A5_hocbf_train_seed_2,50025,-183.57959483171587,250,False,0.41389403208714515,6.013932923000822,40.0,True
motor_fault,A5_hocbf_train_seed_2,50026,-423.0793949969673,250,False,1.2811558921863395,8.048376039568112,40.0,True
motor_fault,A5_hocbf_train_seed_2,50027,-75.93363324159039,250,False,0.12321093996034106,6.523571851122386,40.0,True
motor_fault,A5_hocbf_train_seed_2,50028,-107.12819471517444,250,False,0.07256579539345144,6.035550268578978,40.0,True
motor_fault,A5_hocbf_train_seed_2,50029,-237.19752923451878,250,False,0.39865942317256364,3.585111692791642,40.0,True
motor_fault,A5_hocbf_train_seed_2,50030,-166.99477072636208,250,False,0.3437924889698872,5.902022037992625,40.0,True
motor_fault,A5_hocbf_train_seed_2,50031,-100.1297555859142,99,True,0.048043260705976705,6.441995290060664,40.0,True
motor_fault,A5_hocbf_train_seed_2,50032,-175.86633486121127,250,False,0.3622732909742914,3.058137897915974,40.0,True
motor_fault,A5_hocbf_train_seed_2,50033,-108.0444052992743,250,False,0.3170728950491577,3.9911471125580675,29.895954132080078,True
motor_fault,A5_hocbf_train_seed_2,50034,-363.95625243595146,246,True,0.045040895574725195,6.3796224309419,40.0,True
motor_fault,A5_hocbf_train_seed_2,50035,-406.95243694745835,250,False,1.3432583221910093,6.3087322241238475,40.0,True
motor_fault,A5_hocbf_train_seed_2,50036,-475.65213412788347,250,False,0.2741645450623867,6.198423437551924,40.0,True
motor_fault,A5_hocbf_train_seed_2,50037,-437.0557151404045,250,False,1.2773888320133955,2.9928983294461764,40.0,True
motor_fault,A5_hocbf_train_seed_2,50038,-228.95163184858163,250,False,0.62352247406198,6.039342424278692,40.0,True
motor_fault,A5_hocbf_train_seed_2,50039,-365.74077283789484,218,True,0.045351487676842016,5.546708344119967,40.0,True
motor_fault,A5_hocbf_train_seed_2,50040,-74.71662933304935,89,True,0.049204393591383934,4.700499054603662,40.0,True
motor_fault,A5_hocbf_train_seed_2,50041,-59.64388469849796,81,True,0.04999572271234868,4.666108056706837,40.0,True
motor_fault,A5_hocbf_train_seed_2,50042,-45.09885056267437,70,True,0.04925342348960212,4.864290328884301,40.0,True
motor_fault,A5_hocbf_train_seed_2,50043,-74.68845570387643,250,False,0.14048959193523405,2.7612016137583475,36.19048309326172,True
motor_fault,A5_hocbf_train_seed_2,50044,-349.2600217595479,250,False,1.1372912757101026,3.6552869591039574,40.0,True
motor_fault,A5_hocbf_train_seed_2,50045,-260.8239269238436,250,False,0.5619166178181547,5.874034290868599,40.0,True
motor_fault,A5_hocbf_train_seed_2,50046,-94.73910737515054,250,False,0.08538887880134738,5.019270580321041,40.0,True
motor_fault,A5_hocbf_train_seed_2,50047,-119.90770765268859,250,False,0.2241993797427308,4.416390214028691,40.0,True
motor_fault,A5_hocbf_train_seed_2,50048,-121.18858516775681,250,False,0.1579304234635873,6.951512870176146,40.0,True
motor_fault,A5_hocbf_train_seed_2,50049,-163.95328932031273,250,False,0.19974943254970873,3.8942150674154608,40.0,True
motor_fault,A5_hocbf_train_seed_2,50050,-197.97121784604187,250,False,0.3468772588607304,5.794618540899989,40.0,True
motor_fault,A5_hocbf_train_seed_2,50051,-179.3746992324413,250,False,0.3957163036623357,5.753348928879845,40.0,True
motor_fault,A5_hocbf_train_seed_2,50052,-239.65456748818605,250,False,0.17590319970254326,5.188262641804186,40.0,True
motor_fault,A5_hocbf_train_seed_2,50053,-110.7257335573873,250,False,0.1179863340513608,2.9101507918646745,40.0,True
motor_fault,A5_hocbf_train_seed_2,50054,-170.43082339818721,250,False,0.2377342684950207,6.766562560492009,40.0,True
motor_fault,A5_hocbf_train_seed_2,50055,-569.5432060346524,250,False,1.6734400404119967,5.54350145188912,40.0,True
motor_fault,A5_hocbf_train_seed_2,50056,-42.22272934238372,250,False,0.06548676797751722,4.2711721134820335,24.6673641204834,True
motor_fault,A5_hocbf_train_seed_2,50057,-47.75406386541409,76,True,0.03689636590948777,3.398345271018332,40.0,True
motor_fault,A5_hocbf_train_seed_2,50058,-111.29650675441763,106,True,0.04281971861708548,4.851162040412432,40.0,True
motor_fault,A5_hocbf_train_seed_2,50059,-402.850377797722,250,False,1.5068338224903048,4.29185767711448,40.0,True
motor_fault,A5_hocbf_train_seed_2,50060,-185.1853275540916,250,False,0.15652000080024797,4.599693020245605,40.0,True
motor_fault,A5_hocbf_train_seed_2,50061,-204.84322372585808,250,False,0.6487007857962462,3.8324118679965014,38.4528694152832,True
motor_fault,A5_hocbf_train_seed_2,50062,-168.94594245121448,250,False,0.2313059570434171,6.485173423974513,40.0,True
motor_fault,A5_hocbf_train_seed_2,50063,-282.044285709387,250,False,1.0237604638791826,4.4023805842822785,36.59469223022461,True
motor_fault,A5_hocbf_train_seed_2,50064,-67.24109172039155,250,False,0.06711100026287763,4.202141715083531,40.0,True
motor_fault,A5_hocbf_train_seed_2,50065,-83.32198979261032,250,False,0.1488635723678977,4.829306092182806,40.0,True
motor_fault,A5_hocbf_train_seed_2,50066,-306.76598074387425,250,False,0.585675378493879,6.636912036088367,40.0,True
motor_fault,A5_hocbf_train_seed_2,50067,-43.78120891934787,84,True,0.045890693804203825,4.038577348916929,38.83354949951172,True
motor_fault,A5_hocbf_train_seed_2,50068,-66.63224911941388,250,False,0.14388344028025557,4.560097795650496,25.07508087158203,True
motor_fault,A5_hocbf_train_seed_2,50069,-101.27256413699205,250,False,0.0936240841578486,5.048935529943304,40.0,True
motor_fault,A5_hocbf_train_seed_2,50070,-250.6713310742726,250,False,0.9257545262131948,5.114901171714842,32.22441864013672,True
motor_fault,A5_hocbf_train_seed_2,50071,-25.41878377619431,56,True,0.04691413236473687,3.560924125825015,40.0,True
motor_fault,A5_hocbf_train_seed_2,50072,-170.1576858130723,250,False,0.1870069043195863,5.699159093322361,40.0,True
motor_fault,A5_hocbf_train_seed_2,50073,-224.9214531084318,250,False,0.5004115129731997,6.5499707952330715,40.0,True
motor_fault,A5_hocbf_train_seed_2,50074,-355.7082638542809,250,False,1.2527654626753006,4.4622298682268084,40.0,True
motor_fault,A5_hocbf_train_seed_2,50075,-375.0059235733354,250,False,1.1720629476197109,8.488964576534045,40.0,True
motor_fault,A5_hocbf_train_seed_2,50076,-125.11175020643279,39,False,1.9575028171536661,11.493929145808629,40.0,True
motor_fault,A5_hocbf_train_seed_2,50077,-38.73738060675885,54,True,0.04596751288871826,9.061119337661786,40.0,True
motor_fault,A5_hocbf_train_seed_2,50078,-56.91534396778756,89,True,0.034239239552292786,2.676595918630319,40.0,True
motor_fault,A5_hocbf_train_seed_2,50079,-350.26161776479086,250,False,0.550225875832547,5.937719460869215,40.0,True
motor_fault,A5_hocbf_train_seed_2,50080,-180.57811236640686,250,False,0.2211182756669019,7.016909639875374,40.0,True
motor_fault,A5_hocbf_train_seed_2,50081,-65.39739975605458,84,True,0.03537538289404575,5.380088362443874,40.0,True
motor_fault,A5_hocbf_train_seed_2,50082,-73.8234057469887,250,False,0.1133391893219911,6.346373572991664,40.0,True
motor_fault,A5_hocbf_train_seed_2,50083,-133.50653251248133,250,False,0.1277026674099438,6.577079897889787,40.0,True
motor_fault,A5_hocbf_train_seed_2,50084,-29.459580096353818,55,True,0.04860703362835542,2.8249970246174634,40.0,True
motor_fault,A5_hocbf_train_seed_2,50085,-180.69849964420817,250,False,0.2689769201136383,5.385421043412627,40.0,True
motor_fault,A5_hocbf_train_seed_2,50086,-75.33520375472874,75,True,0.04194352039178665,6.667938951012733,40.0,True
motor_fault,A5_hocbf_train_seed_2,50087,-83.4206038842322,250,False,0.07020943770762174,2.8133603161257166,40.0,True
motor_fault,A5_hocbf_train_seed_2,50088,-182.66309201241432,250,False,0.13859229605598053,6.747380186880311,40.0,True
motor_fault,A5_hocbf_train_seed_2,50089,-138.22480767650907,250,False,0.21320928744238196,6.072619573708135,40.0,True
motor_fault,A5_hocbf_train_seed_2,50090,-197.35171112300011,250,False,0.4861792593002036,3.9328657697600353,40.0,True
motor_fault,A5_hocbf_train_seed_2,50091,-205.40497885555226,250,False,0.29899694105329566,5.872766524629509,40.0,True
motor_fault,A5_hocbf_train_seed_2,50092,-311.044836919366,250,False,1.0379982414323399,5.789080098742394,40.0,True
motor_fault,A5_hocbf_train_seed_2,50093,-123.49016448634248,42,False,1.6733914727235812,11.25473031035527,40.0,True
motor_fault,A5_hocbf_train_seed_2,50094,-94.29078070328629,250,False,0.20569339082564353,3.3714399888224698,35.52982711791992,True
motor_fault,A5_hocbf_train_seed_2,50095,-94.16101975622567,250,False,0.16996975773603362,3.651092216370997,40.0,True
motor_fault,A5_hocbf_train_seed_2,50096,-311.95553491947175,250,False,0.7801448542236755,3.4194772604411168,40.0,True
motor_fault,A5_hocbf_train_seed_2,50097,-332.3190682327476,250,False,1.1564684366502445,9.4566533532049,40.0,True
motor_fault,A5_hocbf_train_seed_2,50098,-147.21555176847707,250,False,0.10810218467912956,5.779078204794482,40.0,True
motor_fault,A5_hocbf_train_seed_2,50099,-102.28813397506926,47,False,1.8636991158977751,12.049734582144197,40.0,True
motor_fault,A6_prefilter_train_seed_2,50000,-324.4956274035332,250,False,1.1126902759177344,6.549045730730809,35.99874496459961,True
motor_fault,A6_prefilter_train_seed_2,50001,-197.47963893375575,250,False,0.42149274187848024,11.000786522851294,40.0,True
motor_fault,A6_prefilter_train_seed_2,50002,-383.5621825605457,250,False,1.527245616080628,6.787245095323069,40.0,True
motor_fault,A6_prefilter_train_seed_2,50003,-318.33295932125077,250,False,0.8659158856820799,12.600099601425372,40.0,True
motor_fault,A6_prefilter_train_seed_2,50004,-285.70531060669384,250,False,1.0047736708937975,8.628851158927754,40.0,True
motor_fault,A6_prefilter_train_seed_2,50005,-234.44613676680038,250,False,0.38421645378921604,14.569341455394778,40.0,True
motor_fault,A6_prefilter_train_seed_2,50006,-285.0349822524485,250,False,1.3509700247361867,5.095988412887419,40.0,True
motor_fault,A6_prefilter_train_seed_2,50007,-397.8918490246198,250,False,0.858346956817505,14.846625056592677,40.0,True
motor_fault,A6_prefilter_train_seed_2,50008,-292.1026322983315,250,False,0.7574522861168974,7.6291821368901935,40.0,True
motor_fault,A6_prefilter_train_seed_2,50009,-188.17035953101296,250,False,0.5096739847395945,10.366095513121312,40.0,True
motor_fault,A6_prefilter_train_seed_2,50010,-168.86607116521313,250,False,0.48775315538973474,13.557510438619623,40.0,True
motor_fault,A6_prefilter_train_seed_2,50011,-205.62573323897027,250,False,0.6879223350672652,5.810326183393746,40.0,True
motor_fault,A6_prefilter_train_seed_2,50012,-115.8672323981459,250,False,0.13599341995608788,11.172503928888284,40.0,True
motor_fault,A6_prefilter_train_seed_2,50013,-327.18587787490384,250,False,1.066173961763994,11.12629095784155,40.0,True
motor_fault,A6_prefilter_train_seed_2,50014,-343.59321626594027,250,False,1.0040351352424068,21.519738925167587,40.0,True
motor_fault,A6_prefilter_train_seed_2,50015,-400.114271004349,250,False,1.24478935535621,10.878054754403879,40.0,True
motor_fault,A6_prefilter_train_seed_2,50016,-330.47549212233696,250,False,1.1326655237274215,10.487796934060459,40.0,True
motor_fault,A6_prefilter_train_seed_2,50017,-218.1969432456678,250,False,0.6236880365171819,9.1942654689467,40.0,True
motor_fault,A6_prefilter_train_seed_2,50018,-176.6657239281873,250,False,0.17756289498362265,11.970447728023258,40.0,True
motor_fault,A6_prefilter_train_seed_2,50019,-264.4210585579533,250,False,0.6055392316288384,12.614039584101338,40.0,True
motor_fault,A6_prefilter_train_seed_2,50020,-301.5482953011426,250,False,1.0065669837354108,2.5811638556395953,40.0,True
motor_fault,A6_prefilter_train_seed_2,50021,-293.57008563625357,250,False,1.0392695309030142,4.104708966624449,29.104372024536133,True
motor_fault,A6_prefilter_train_seed_2,50022,-314.4892119937295,250,False,0.9422923547956558,11.86800142123732,40.0,True
motor_fault,A6_prefilter_train_seed_2,50023,-175.58475667797174,250,False,0.3713885678938135,9.823569855674558,40.0,True
motor_fault,A6_prefilter_train_seed_2,50024,-171.35827224780635,250,False,0.6101305223919764,3.389570924044051,30.5177001953125,True
motor_fault,A6_prefilter_train_seed_2,50025,-221.7994763021122,250,False,0.6276224167485587,13.01033002161751,40.0,True
motor_fault,A6_prefilter_train_seed_2,50026,-421.524403625177,250,False,1.4743183873913746,9.360714359598644,40.0,True
motor_fault,A6_prefilter_train_seed_2,50027,-133.43963573348157,250,False,0.3704901707456275,7.819044686926987,40.0,True
motor_fault,A6_prefilter_train_seed_2,50028,-314.75449758977527,250,False,0.874655886036223,16.191923798649196,40.0,True
motor_fault,A6_prefilter_train_seed_2,50029,-142.64421698324944,83,True,0.014671375863743388,13.973194218952568,40.0,True
motor_fault,A6_prefilter_train_seed_2,50030,-180.8132993286918,250,False,0.44734827755708134,9.64254469634897,40.0,True
motor_fault,A6_prefilter_train_seed_2,50031,-128.21337298356318,250,False,0.13020148668884077,14.251361889694108,40.0,True
motor_fault,A6_prefilter_train_seed_2,50032,-287.36541342330867,250,False,0.9078257718205528,12.293149473924137,40.0,True
motor_fault,A6_prefilter_train_seed_2,50033,-235.97842872663375,250,False,0.9102969121858345,3.035592224792934,26.296621322631836,True
motor_fault,A6_prefilter_train_seed_2,50034,-373.34117404152045,250,False,1.4405096428299589,5.812415620773076,40.0,True
motor_fault,A6_prefilter_train_seed_2,50035,-391.223171959356,250,False,1.3984887746045425,6.0916357099258125,40.0,True
motor_fault,A6_prefilter_train_seed_2,50036,-247.1683821579463,250,False,1.3793229660822652,3.5921044896434053,40.0,True
motor_fault,A6_prefilter_train_seed_2,50037,-304.14452792135285,250,False,1.075456860223791,11.14928702481345,40.0,True
motor_fault,A6_prefilter_train_seed_2,50038,-274.75487418633185,250,False,0.7193269465613124,16.94939000684818,40.0,True
motor_fault,A6_prefilter_train_seed_2,50039,-458.5960147661547,250,False,1.3625214644839716,12.14627560745902,40.0,True
motor_fault,A6_prefilter_train_seed_2,50040,-182.24347031626948,250,False,0.5421474388826771,9.927802148309596,39.614681243896484,True
motor_fault,A6_prefilter_train_seed_2,50041,-165.80005500174002,250,False,0.5026522598425965,13.353608248989547,40.0,True
motor_fault,A6_prefilter_train_seed_2,50042,-148.19610158085538,250,False,0.38990224683110203,5.739581754839339,40.0,True
motor_fault,A6_prefilter_train_seed_2,50043,-258.6518089693116,250,False,0.9278547994389755,3.6677282149719863,38.661773681640625,True
motor_fault,A6_prefilter_train_seed_2,50044,-353.41733066341294,250,False,1.2734046892661264,11.617727019517494,40.0,True
motor_fault,A6_prefilter_train_seed_2,50045,-250.1665751051663,250,False,0.562826581561846,11.713784855668653,40.0,True
motor_fault,A6_prefilter_train_seed_2,50046,-151.68089565852966,250,False,0.39146686320670937,15.4661030843602,40.0,True
motor_fault,A6_prefilter_train_seed_2,50047,-301.18536409627654,250,False,1.0712528528251382,3.696598895442373,40.0,True
motor_fault,A6_prefilter_train_seed_2,50048,-189.40101637474842,250,False,0.5946495827426135,8.198304539783784,40.0,True
motor_fault,A6_prefilter_train_seed_2,50049,-235.67588528614917,250,False,0.5749146120216129,14.828200223750757,40.0,True
motor_fault,A6_prefilter_train_seed_2,50050,-249.42302281187526,250,False,0.58094862929688,14.090649499156019,40.0,True
motor_fault,A6_prefilter_train_seed_2,50051,-186.00371286166754,250,False,0.23819792507272608,17.370862765735257,40.0,True
motor_fault,A6_prefilter_train_seed_2,50052,-205.41868194247004,250,False,0.2051933318935433,14.780406451239719,40.0,True
motor_fault,A6_prefilter_train_seed_2,50053,-316.3809425740261,250,False,1.1668423508714432,8.64816272337267,40.0,True
motor_fault,A6_prefilter_train_seed_2,50054,-225.37464600636022,250,False,0.5042298484173143,17.94418793507233,40.0,True
motor_fault,A6_prefilter_train_seed_2,50055,-342.0523423382281,250,False,1.0547849252542885,10.15626518326573,40.0,True
motor_fault,A6_prefilter_train_seed_2,50056,-183.06225724325952,250,False,0.8564144562675415,2.846460397403483,23.10018539428711,True
motor_fault,A6_prefilter_train_seed_2,50057,-264.09426366643913,250,False,1.0438523795389945,8.073353791494533,40.0,True
motor_fault,A6_prefilter_train_seed_2,50058,-146.96164241205898,80,True,0.037861254762255145,15.177023651033261,40.0,True
motor_fault,A6_prefilter_train_seed_2,50059,-404.2117827294214,250,False,1.5197941281950718,4.360369177298719,40.0,True
motor_fault,A6_prefilter_train_seed_2,50060,-227.23786462687542,250,False,0.40382974240779407,15.568267048376873,40.0,True
motor_fault,A6_prefilter_train_seed_2,50061,-221.9749465766606,250,False,0.7380410729917982,4.9365732655525,37.277496337890625,True
motor_fault,A6_prefilter_train_seed_2,50062,-239.1266377104353,250,False,0.5658281551847004,15.11124027588789,40.0,True
motor_fault,A6_prefilter_train_seed_2,50063,-300.813305525056,250,False,1.0184432998219195,4.610519334404302,34.221771240234375,True
motor_fault,A6_prefilter_train_seed_2,50064,-237.21585400009783,250,False,0.8794313949393037,6.502496408195396,40.0,True
motor_fault,A6_prefilter_train_seed_2,50065,-300.92428773651903,250,False,1.1545220850382787,5.03870161898072,39.23600769042969,True
motor_fault,A6_prefilter_train_seed_2,50066,-211.08832517113146,250,False,0.5068218679698315,10.562686453800042,40.0,True
motor_fault,A6_prefilter_train_seed_2,50067,-354.8920797215763,250,False,1.4601586313904331,4.828287046807473,38.283111572265625,True
motor_fault,A6_prefilter_train_seed_2,50068,-94.40071743344447,250,False,0.2919536865264607,5.151932616978772,22.972286224365234,True
motor_fault,A6_prefilter_train_seed_2,50069,-193.05112114052716,250,False,0.47524232778060355,16.179173061956313,40.0,True
motor_fault,A6_prefilter_train_seed_2,50070,-265.7039249287372,250,False,0.935585966306813,5.340296045702088,29.305511474609375,True
motor_fault,A6_prefilter_train_seed_2,50071,-103.30951935119965,250,False,0.30151380345617756,5.743002398285605,40.0,True
motor_fault,A6_prefilter_train_seed_2,50072,-159.56319986579396,250,False,0.1165386617478758,13.849619599954512,40.0,True
motor_fault,A6_prefilter_train_seed_2,50073,-282.7244110238727,250,False,0.6588896565060686,21.21835373729923,40.0,True
motor_fault,A6_prefilter_train_seed_2,50074,-351.5733313730323,250,False,1.309920799795984,4.517841939349971,31.399614334106445,True
motor_fault,A6_prefilter_train_seed_2,50075,-371.44942141569527,250,False,1.2258430537504263,7.040103287365635,40.0,True
motor_fault,A6_prefilter_train_seed_2,50076,-198.07709028165178,250,False,0.215177646326643,11.444497566235935,40.0,True
motor_fault,A6_prefilter_train_seed_2,50077,-111.55632842239123,250,False,0.25778641890421744,10.728823602718062,40.0,True
motor_fault,A6_prefilter_train_seed_2,50078,-396.40419052719693,250,False,1.6588710245946774,4.965437113825035,40.0,True
motor_fault,A6_prefilter_train_seed_2,50079,-194.39298795743295,250,False,0.12757144792754452,13.066819868850617,40.0,True
motor_fault,A6_prefilter_train_seed_2,50080,-222.0925504824763,250,False,0.4429465666854779,14.267848065839257,40.0,True
motor_fault,A6_prefilter_train_seed_2,50081,-144.97314528074477,250,False,0.3523321447155518,9.954830164080379,40.0,True
motor_fault,A6_prefilter_train_seed_2,50082,-70.89334016142153,250,False,0.14921456346660697,10.661108317128479,40.0,True
motor_fault,A6_prefilter_train_seed_2,50083,-83.78869780672348,80,True,0.048702062741863845,12.077997017574658,40.0,True
motor_fault,A6_prefilter_train_seed_2,50084,-72.44501747938254,250,False,0.1500702217443414,6.6893705023379555,40.0,True
motor_fault,A6_prefilter_train_seed_2,50085,-179.35654853380578,250,False,0.2500932341820267,16.41807689230654,40.0,True
motor_fault,A6_prefilter_train_seed_2,50086,-59.18636231356972,55,True,0.028326158413527907,17.699675923959546,40.0,True
motor_fault,A6_prefilter_train_seed_2,50087,-312.4518523501604,250,False,1.224917078005466,3.4886036684324178,39.469642639160156,True
motor_fault,A6_prefilter_train_seed_2,50088,-154.34630301874324,250,False,0.23780495478460267,16.712239305520995,40.0,True
motor_fault,A6_prefilter_train_seed_2,50089,-204.0457455821994,250,False,0.6428946713779085,6.242241218826657,40.0,True
motor_fault,A6_prefilter_train_seed_2,50090,-272.117029111877,250,False,0.6134898560185386,10.968752764176122,40.0,True
motor_fault,A6_prefilter_train_seed_2,50091,-202.82690075638973,250,False,0.10034493550628384,10.655372537116666,40.0,True
motor_fault,A6_prefilter_train_seed_2,50092,-309.9315340616734,250,False,1.0074560150722254,8.159765898597108,40.0,True
motor_fault,A6_prefilter_train_seed_2,50093,-228.5271861383077,250,False,0.39444775682462363,11.21332618335698,40.0,True
motor_fault,A6_prefilter_train_seed_2,50094,-268.38711972378775,250,False,0.9531937925963692,3.59312630233623,39.39552688598633,True
motor_fault,A6_prefilter_train_seed_2,50095,-258.90713034664986,250,False,0.991062776141525,3.902170840595504,38.7721061706543,True
motor_fault,A6_prefilter_train_seed_2,50096,-344.34083418968186,250,False,1.1643074755508414,11.962840262751723,40.0,True
motor_fault,A6_prefilter_train_seed_2,50097,-320.5145921277248,250,False,1.1300429088518669,6.552089461259124,40.0,True
motor_fault,A6_prefilter_train_seed_2,50098,-109.64710635299805,250,False,0.10138842572712307,13.816666986481277,40.0,True
motor_fault,A6_prefilter_train_seed_2,50099,-394.1883673733104,250,False,1.328749844151353,9.645126739538256,40.0,True
motor_fault,A6_hocbf_train_seed_2,50000,-324.50288782071044,250,False,1.1126901059641605,6.560377417933877,35.99874496459961,True
motor_fault,A6_hocbf_train_seed_2,50001,-202.8996272231531,250,False,0.42033683307210895,4.955905449180991,40.0,True
motor_fault,A6_hocbf_train_seed_2,50002,-519.0320496956416,250,False,1.5508586016867114,8.204513639970656,40.0,True
motor_fault,A6_hocbf_train_seed_2,50003,-362.75805470015166,250,False,0.8392076892016928,4.0342105616081145,40.0,True
motor_fault,A6_hocbf_train_seed_2,50004,-366.7174110699042,250,False,1.2526949489709343,5.332446715694661,40.0,True
motor_fault,A6_hocbf_train_seed_2,50005,-206.43526446077226,250,False,0.38021065876631166,6.259913621734228,40.0,True
motor_fault,A6_hocbf_train_seed_2,50006,-356.8522128673436,250,False,1.2879847449621769,4.422223688111228,40.0,True
motor_fault,A6_hocbf_train_seed_2,50007,-284.206395080539,250,False,0.853085877723896,4.384471939642945,40.0,True
motor_fault,A6_hocbf_train_seed_2,50008,-291.6933147036028,250,False,0.7466570304227232,6.370454668945122,40.0,True
motor_fault,A6_hocbf_train_seed_2,50009,-370.69616349058015,250,False,0.7531569495552195,7.160480367136131,40.0,True
motor_fault,A6_hocbf_train_seed_2,50010,-188.63467071450063,250,False,0.4877646953158701,3.667985903448494,40.0,True
motor_fault,A6_hocbf_train_seed_2,50011,-205.62573323897027,250,False,0.6879223350672652,5.810326183393746,40.0,True
motor_fault,A6_hocbf_train_seed_2,50012,-99.76372529083385,250,False,0.1365214669440682,2.439593363669229,40.0,True
motor_fault,A6_hocbf_train_seed_2,50013,-383.8536818383431,250,False,1.0373951464593127,5.375881922355172,40.0,True
motor_fault,A6_hocbf_train_seed_2,50014,-298.6279711861668,250,False,1.0326815777438867,6.426366761508807,40.0,True
motor_fault,A6_hocbf_train_seed_2,50015,-331.67428531856376,250,False,1.2442745765210237,3.4260343672269635,40.0,True
motor_fault,A6_hocbf_train_seed_2,50016,-551.6361030342687,250,False,1.892185767375233,6.2963859036974235,40.0,True
motor_fault,A6_hocbf_train_seed_2,50017,-237.72214038207045,250,False,0.6201537984001383,4.972522338898972,40.0,True
motor_fault,A6_hocbf_train_seed_2,50018,-185.92456249185332,56,False,1.998615847313431,7.884771620126443,40.0,True
motor_fault,A6_hocbf_train_seed_2,50019,-335.44920686005213,250,False,0.8498917260677544,6.0198108138360755,40.0,True
motor_fault,A6_hocbf_train_seed_2,50020,-301.5540528481181,250,False,1.0065509480270833,2.038781792549783,40.0,True
motor_fault,A6_hocbf_train_seed_2,50021,-293.6578725834427,250,False,1.0392679595410128,4.113256155835631,29.138172149658203,True
motor_fault,A6_hocbf_train_seed_2,50022,-281.43133421653056,250,False,0.9379828819734939,3.914171275727201,40.0,True
motor_fault,A6_hocbf_train_seed_2,50023,-179.41853763921011,250,False,0.3703601422043043,6.099047560786155,40.0,True
motor_fault,A6_hocbf_train_seed_2,50024,-171.35827224780635,250,False,0.6101305223919764,3.389570924044051,30.5177001953125,True
motor_fault,A6_hocbf_train_seed_2,50025,-218.90697925311812,250,False,0.6234406166676003,6.1382268159703575,40.0,True
motor_fault,A6_hocbf_train_seed_2,50026,-418.85533411275514,250,False,1.474046001476939,7.520345487624826,40.0,True
motor_fault,A6_hocbf_train_seed_2,50027,-132.83704286367947,250,False,0.37049019765739044,6.468154852515412,40.0,True
motor_fault,A6_hocbf_train_seed_2,50028,-260.16079551420313,250,False,0.8758429574982513,6.035550268578978,40.0,True
motor_fault,A6_hocbf_train_seed_2,50029,-264.2635479526251,250,False,0.445091653479265,4.030003649761549,40.0,True
motor_fault,A6_hocbf_train_seed_2,50030,-183.62955850727397,250,False,0.44525092874884364,6.80655240870097,40.0,True
motor_fault,A6_hocbf_train_seed_2,50031,-133.71029541582195,250,False,0.1301905812380841,6.565962752270118,40.0,True
motor_fault,A6_hocbf_train_seed_2,50032,-272.8345349924963,250,False,0.9070210536504658,3.050581198330857,40.0,True
motor_fault,A6_hocbf_train_seed_2,50033,-235.97842872663375,250,False,0.9102969121858345,3.035592224792934,26.296621322631836,True
motor_fault,A6_hocbf_train_seed_2,50034,-492.01073203532184,250,False,1.3332464960856247,6.155428149356312,40.0,True
motor_fault,A6_hocbf_train_seed_2,50035,-403.9979908544996,250,False,1.401824320272107,7.143184479751701,40.0,True
motor_fault,A6_hocbf_train_seed_2,50036,-452.74124345155184,250,False,0.5550912612055338,6.076769959042929,40.0,True
motor_fault,A6_hocbf_train_seed_2,50037,-419.90289548819857,250,False,1.3575237083917746,2.882799137628099,40.0,True
motor_fault,A6_hocbf_train_seed_2,50038,-253.1220676177075,250,False,0.7416865888912867,6.049775743814942,40.0,True
motor_fault,A6_hocbf_train_seed_2,50039,-344.98087074506907,250,False,0.3167320877509296,5.479415392298037,40.0,True
motor_fault,A6_hocbf_train_seed_2,50040,-182.49283648933334,250,False,0.5421040259943941,4.7057579395305895,40.0,True
motor_fault,A6_hocbf_train_seed_2,50041,-172.9001797509521,250,False,0.5026551189057791,4.662965156475973,40.0,True
motor_fault,A6_hocbf_train_seed_2,50042,-146.28124014784615,250,False,0.3899022466984856,4.903639972369945,40.0,True
motor_fault,A6_hocbf_train_seed_2,50043,-258.6518089693116,250,False,0.9278547994389755,3.6677282149719863,38.661773681640625,True
motor_fault,A6_hocbf_train_seed_2,50044,-346.4222131138043,250,False,1.1005250813819873,4.675260662028428,40.0,True
motor_fault,A6_hocbf_train_seed_2,50045,-304.74331232203656,250,False,0.8168005183318938,5.9017587357090076,40.0,True
motor_fault,A6_hocbf_train_seed_2,50046,-155.95652307288148,250,False,0.3914671998475466,5.016286096291299,40.0,True
motor_fault,A6_hocbf_train_seed_2,50047,-301.18536409627654,250,False,1.0712528528251382,3.696598895442373,40.0,True
motor_fault,A6_hocbf_train_seed_2,50048,-189.11721211227874,250,False,0.5945360013015176,5.509331348551139,40.0,True
motor_fault,A6_hocbf_train_seed_2,50049,-240.18326572257345,250,False,0.5750357329040118,4.331510084201425,40.0,True
motor_fault,A6_hocbf_train_seed_2,50050,-232.35062474067448,250,False,0.5877086680150178,5.827368943878122,40.0,True
motor_fault,A6_hocbf_train_seed_2,50051,-187.04961973390164,250,False,0.39722368661567536,5.772504773778094,40.0,True
motor_fault,A6_hocbf_train_seed_2,50052,-246.231530968215,250,False,0.19821588992749742,5.224929401124358,40.0,True
motor_fault,A6_hocbf_train_seed_2,50053,-286.4060345352113,250,False,1.166790516067609,2.8964078270918154,40.0,True
motor_fault,A6_hocbf_train_seed_2,50054,-209.38386308843513,250,False,0.5091391009999832,5.667825380481964,40.0,True
motor_fault,A6_hocbf_train_seed_2,50055,-532.254068725492,250,False,1.1391554003034254,6.4130136160042595,40.0,True
motor_fault,A6_hocbf_train_seed_2,50056,-183.0726150759174,250,False,0.8563943987223307,2.846460397403483,23.10018539428711,True
motor_fault,A6_hocbf_train_seed_2,50057,-274.66962368166725,250,False,1.0272975239427762,4.250091679492472,40.0,True
motor_fault,A6_hocbf_train_seed_2,50058,-194.29339049370026,250,False,0.3924189752767162,4.850763570188529,40.0,True
motor_fault,A6_hocbf_train_seed_2,50059,-416.30727872732615,250,False,1.5388804962721685,5.122507605892656,40.0,True
motor_fault,A6_hocbf_train_seed_2,50060,-241.29745815942331,250,False,0.4039113419124775,5.4365717466229535,40.0,True
motor_fault,A6_hocbf_train_seed_2,50061,-221.9749465766606,250,False,0.7380410729917982,4.9365732655525,37.277496337890625,True
motor_fault,A6_hocbf_train_seed_2,50062,-219.87519593748718,250,False,0.5540285450243331,6.650441225792573,40.0,True
motor_fault,A6_hocbf_train_seed_2,50063,-300.813305525056,250,False,1.0184432998219195,4.610519334404302,34.221771240234375,True
motor_fault,A6_hocbf_train_seed_2,50064,-234.290197683248,250,False,0.8794033227217867,4.114547404568599,40.0,True
motor_fault,A6_hocbf_train_seed_2,50065,-303.1388370082094,250,False,1.1560898899466803,4.686605997780304,39.23114776611328,True
motor_fault,A6_hocbf_train_seed_2,50066,-329.44180039614355,250,False,0.7606964950258631,6.70635565023711,40.0,True
motor_fault,A6_hocbf_train_seed_2,50067,-366.1415639668345,250,False,1.4539214460236864,4.223259596721728,39.412418365478516,True
motor_fault,A6_hocbf_train_seed_2,50068,-96.4659250354489,250,False,0.2919538358643335,4.5633868620325355,23.514005661010742,True
motor_fault,A6_hocbf_train_seed_2,50069,-174.4760524813699,250,False,0.4752443014291217,5.048935529943304,40.0,True
motor_fault,A6_hocbf_train_seed_2,50070,-265.7039249287372,250,False,0.935585966306813,5.340296045702088,29.305511474609375,True
motor_fault,A6_hocbf_train_seed_2,50071,-108.81079562442024,250,False,0.3015055629019716,3.2305235920374598,40.0,True
motor_fault,A6_hocbf_train_seed_2,50072,-178.3811473376391,250,False,0.18589993004869929,5.718892646347024,40.0,True
motor_fault,A6_hocbf_train_seed_2,50073,-246.70478878425186,250,False,0.6664028443088585,5.669964570285963,40.0,True
motor_fault,A6_hocbf_train_seed_2,50074,-353.92641778974297,250,False,1.307418561421886,4.7246473795405945,32.16617965698242,True
motor_fault,A6_hocbf_train_seed_2,50075,-373.91599587006255,250,False,1.225908954542818,8.420518780892793,40.0,True
motor_fault,A6_hocbf_train_seed_2,50076,-127.5238310784734,39,False,2.0199490280415375,11.241934729405376,40.0,True
motor_fault,A6_hocbf_train_seed_2,50077,-109.02749640573931,250,False,0.25778620372764344,8.62673532439819,40.0,True
motor_fault,A6_hocbf_train_seed_2,50078,-414.6463411491384,250,False,0.18404383753050438,5.886818881216796,40.0,True
motor_fault,A6_hocbf_train_seed_2,50079,-341.80882007617765,250,False,0.5163420534297226,5.937719460869215,40.0,True
motor_fault,A6_hocbf_train_seed_2,50080,-210.85830558776829,250,False,0.4464785745559466,6.9636588344945665,40.0,True
motor_fault,A6_hocbf_train_seed_2,50081,-143.18959147785014,250,False,0.35233176481069506,5.029180451668413,40.0,True
motor_fault,A6_hocbf_train_seed_2,50082,-76.65076931738173,250,False,0.1492215224746576,6.346373572991664,40.0,True
motor_fault,A6_hocbf_train_seed_2,50083,-95.92491223701083,96,True,0.02573744108293312,7.488695205628122,40.0,True
motor_fault,A6_hocbf_train_seed_2,50084,-82.09648863211393,250,False,0.15005670295484366,2.4824138296538543,40.0,True
motor_fault,A6_hocbf_train_seed_2,50085,-186.3787908380905,250,False,0.27556940557009785,5.882738186620442,40.0,True
motor_fault,A6_hocbf_train_seed_2,50086,-72.22419318176279,59,True,0.012589471985494444,6.667938951012733,40.0,True
motor_fault,A6_hocbf_train_seed_2,50087,-328.29349220286605,250,False,1.2240998956240068,3.559258299156399,39.674964904785156,True
motor_fault,A6_hocbf_train_seed_2,50088,-261.15152946626387,250,False,0.7317494192227447,5.8245382104094805,40.0,True
motor_fault,A6_hocbf_train_seed_2,50089,-204.33429398592244,250,False,0.6430366619637424,5.096664002659892,40.0,True
motor_fault,A6_hocbf_train_seed_2,50090,-228.64925281968863,250,False,0.6187631573462344,3.9328657697600353,40.0,True
motor_fault,A6_hocbf_train_seed_2,50091,-210.7425414030098,250,False,0.2851748151241226,6.797510775509141,40.0,True
motor_fault,A6_hocbf_train_seed_2,50092,-311.450229612685,250,False,1.0070304905736185,8.998561984897794,40.0,True
motor_fault,A6_hocbf_train_seed_2,50093,-372.4230766107587,250,False,0.9088435811970127,10.279762065755113,40.0,True
motor_fault,A6_hocbf_train_seed_2,50094,-268.38711972378775,250,False,0.9531937925963692,3.59312630233623,39.39552688598633,True
motor_fault,A6_hocbf_train_seed_2,50095,-257.2441885193383,250,False,0.99156269213181,3.65176446907032,37.97312545776367,True
motor_fault,A6_hocbf_train_seed_2,50096,-365.87716782774993,250,False,1.161662027200649,3.4194772604411168,40.0,True
motor_fault,A6_hocbf_train_seed_2,50097,-332.89492084830835,250,False,1.1447653061278553,8.152178533913387,40.0,True
motor_fault,A6_hocbf_train_seed_2,50098,-103.75306546277771,82,True,0.04855329003894611,5.6407290696479215,40.0,True
motor_fault,A6_hocbf_train_seed_2,50099,-94.52971674445112,44,False,1.7936329749199682,11.217944351390894,40.0,True
id_reference,A2_unfiltered_train_seed_3,50000,-84.63162847571995,250,False,0.1642200241278904,6.423064694115159,38.253543853759766,False
id_reference,A2_unfiltered_train_seed_3,50001,-92.84396016498208,95,True,0.02335478048810922,9.393423484507473,40.0,False
id_reference,A2_unfiltered_train_seed_3,50002,-29.50073380932606,39,True,0.039866796435043414,9.873599828763707,40.0,False
id_reference,A2_unfiltered_train_seed_3,50003,-191.43746878865872,250,False,0.2183482970714257,10.729496531376432,40.0,False
id_reference,A2_unfiltered_train_seed_3,50004,-31.390353066042447,43,True,0.025266703133235827,9.46254277772833,40.0,False
id_reference,A2_unfiltered_train_seed_3,50005,-73.14951996126699,87,True,0.04903872228922411,13.628188640416363,40.0,False
id_reference,A2_unfiltered_train_seed_3,50006,-88.05176703432069,250,False,0.14879987874412487,7.805807826086614,40.0,False
id_reference,A2_unfiltered_train_seed_3,50007,-130.3864412177651,250,False,0.07305883610937594,9.545551910194748,40.0,False
id_reference,A2_unfiltered_train_seed_3,50008,-124.41404367711282,250,False,0.12141105113726569,7.122921206952577,40.0,False
id_reference,A2_unfiltered_train_seed_3,50009,-75.23207859806601,250,False,0.0720578488370075,8.734355792525474,40.0,False
id_reference,A2_unfiltered_train_seed_3,50010,-91.45612626449073,250,False,0.12603025626628472,11.552928860030564,40.0,False
id_reference,A2_unfiltered_train_seed_3,50011,-206.09384421028795,250,False,0.7454397139489927,3.2868355934325613,40.0,False
id_reference,A2_unfiltered_train_seed_3,50012,-29.8153906556755,42,True,0.018053443634610873,13.02963668011763,40.0,False
id_reference,A2_unfiltered_train_seed_3,50013,-123.13550397926528,250,False,0.07754635027083012,9.464561742383191,40.0,False
id_reference,A2_unfiltered_train_seed_3,50014,-208.3546479167124,250,False,0.15872072471696275,18.057290882944365,40.0,False
id_reference,A2_unfiltered_train_seed_3,50015,-84.5993738814402,94,True,0.04747850417120239,11.40293255989043,40.0,False
id_reference,A2_unfiltered_train_seed_3,50016,-58.06678504209576,84,True,0.04767866578560539,9.45787363511005,40.0,False
id_reference,A2_unfiltered_train_seed_3,50017,-62.48526973998156,53,True,0.03662574054583645,7.1847358238173635,40.0,False
id_reference,A2_unfiltered_train_seed_3,50018,-78.49124620312742,57,True,0.02677113792319895,12.071374171237855,40.0,False
id_reference,A2_unfiltered_train_seed_3,50019,-80.1708049938103,69,True,0.04950164992409417,10.514693469982001,40.0,False
id_reference,A2_unfiltered_train_seed_3,50020,-24.920420404788345,53,True,0.027258733818401226,8.002695117888049,40.0,False
id_reference,A2_unfiltered_train_seed_3,50021,-56.55052495479105,250,False,0.08584180659935477,6.946148765904355,33.660369873046875,False
id_reference,A2_unfiltered_train_seed_3,50022,-75.27653795158878,68,True,0.045425289018285984,11.90871612463855,40.0,False
id_reference,A2_unfiltered_train_seed_3,50023,-74.34411823998403,66,True,0.04660027697098666,8.956311513656074,40.0,False
id_reference,A2_unfiltered_train_seed_3,50024,-54.186340075475535,250,False,0.1299887112486969,4.039040314435249,32.48531723022461,False
id_reference,A2_unfiltered_train_seed_3,50025,-116.30461733183759,250,False,0.12165897647541156,9.067205601814207,40.0,False
id_reference,A2_unfiltered_train_seed_3,50026,-124.01908788114464,250,False,0.26312901949685513,7.038887820428478,40.0,False
id_reference,A2_unfiltered_train_seed_3,50027,-35.84839582736208,47,True,0.049883720708374935,8.148396308743399,40.0,False
id_reference,A2_unfiltered_train_seed_3,50028,-92.77058416963976,73,True,0.03730441715781239,16.04485685833761,40.0,False
id_reference,A2_unfiltered_train_seed_3,50029,-76.48786069919689,58,True,0.02401097844285938,11.917534931209827,40.0,False
id_reference,A2_unfiltered_train_seed_3,50030,-73.21527089867467,67,True,0.04709544481471415,8.44965504112892,40.0,False
id_reference,A2_unfiltered_train_seed_3,50031,-75.20526997692772,57,True,0.039525030689319354,13.163943798543013,40.0,False
id_reference,A2_unfiltered_train_seed_3,50032,-63.73838388332634,66,True,0.04892361567366432,12.297138552661394,40.0,False
id_reference,A2_unfiltered_train_seed_3,50033,-76.69439650415995,250,False,0.24385178745665553,5.426867677751698,25.21912956237793,False
id_reference,A2_unfiltered_train_seed_3,50034,-24.779054833208747,30,True,0.035847771666240175,9.258675244222871,40.0,False
id_reference,A2_unfiltered_train_seed_3,50035,-36.025751774533774,63,True,0.03273912687918506,6.930876862380509,40.0,False
id_reference,A2_unfiltered_train_seed_3,50036,-31.35896551646136,54,True,0.01563260711719522,6.509814951846481,40.0,False
id_reference,A2_unfiltered_train_seed_3,50037,-34.676725967293414,40,True,0.03548897503882324,10.383441336801287,40.0,False
id_reference,A2_unfiltered_train_seed_3,50038,-179.21478400083,250,False,0.07299105250531912,17.065353878853145,40.0,False
id_reference,A2_unfiltered_train_seed_3,50039,-22.53112555086458,48,True,0.04853323936196551,6.207146914452945,40.0,False
id_reference,A2_unfiltered_train_seed_3,50040,-68.9100219910711,250,False,0.05403964980684084,6.874987725354787,40.0,False
id_reference,A2_unfiltered_train_seed_3,50041,-44.76938968979727,47,True,0.020447804758604107,12.109988121203976,40.0,False
id_reference,A2_unfiltered_train_seed_3,50042,-34.59591974728347,42,True,0.04917444474186489,8.524066569052046,37.48291778564453,False
id_reference,A2_unfiltered_train_seed_3,50043,-10.7315774464433,42,True,0.027429606889771162,6.338395180170792,40.0,False
id_reference,A2_unfiltered_train_seed_3,50044,-41.20340973529598,44,True,0.03546755458045516,11.092014083854654,40.0,False
id_reference,A2_unfiltered_train_seed_3,50045,-96.60391642019063,250,False,0.06898383224979977,9.774590056200346,40.0,False
id_reference,A2_unfiltered_train_seed_3,50046,-88.61787957233743,250,False,0.13054415687115486,13.412831293740357,40.0,False
id_reference,A2_unfiltered_train_seed_3,50047,-148.28688581913326,250,False,0.3938732503431437,6.71801652436375,40.0,False
id_reference,A2_unfiltered_train_seed_3,50048,-47.28387772459639,72,True,0.033113340192924515,6.945087257210798,40.0,False
id_reference,A2_unfiltered_train_seed_3,50049,-76.44144319535975,57,True,0.04598723555307317,12.934759568839858,40.0,False
id_reference,A2_unfiltered_train_seed_3,50050,-163.7374175535328,250,False,0.17882035170780414,11.345264280594064,40.0,False
id_reference,A2_unfiltered_train_seed_3,50051,-138.98139160968182,85,True,0.04874267776822799,15.928817584221953,40.0,False
id_reference,A2_unfiltered_train_seed_3,50052,-177.2338250777361,250,False,0.05272310968215559,13.008867732916078,40.0,False
id_reference,A2_unfiltered_train_seed_3,50053,-32.769916338132475,42,True,0.04940571905775656,9.057195551441197,40.0,False
id_reference,A2_unfiltered_train_seed_3,50054,-124.21054657113186,89,True,0.044898102420028396,17.502290331903758,40.0,False
id_reference,A2_unfiltered_train_seed_3,50055,-59.82638689160888,75,True,0.03068701187527304,10.134922880077326,40.0,False
id_reference,A2_unfiltered_train_seed_3,50056,-41.809634043926664,250,False,0.06844690489271664,6.2812361175847045,26.399181365966797,False
id_reference,A2_unfiltered_train_seed_3,50057,-127.7797707274019,250,False,0.24589183845955248,10.866706745862706,40.0,False
id_reference,A2_unfiltered_train_seed_3,50058,-105.068016962659,250,False,0.08004373385734312,12.911065751331988,40.0,False
id_reference,A2_unfiltered_train_seed_3,50059,-34.24271909545484,56,True,0.04893099862675663,6.7111898917421975,40.0,False
id_reference,A2_unfiltered_train_seed_3,50060,-121.03011207930614,250,False,0.08394139655956993,13.15061237393156,40.0,False
id_reference,A2_unfiltered_train_seed_3,50061,-89.64890681426198,250,False,0.21393364159472109,2.5183981273799443,40.0,False
id_reference,A2_unfiltered_train_seed_3,50062,-135.9093397050877,250,False,0.18349129687792637,14.047855855993774,40.0,False
id_reference,A2_unfiltered_train_seed_3,50063,-5.113342198430837,24,True,0.01887318018523303,5.720205951165221,38.12754440307617,False
id_reference,A2_unfiltered_train_seed_3,50064,-19.80561087260984,32,True,0.017187056932554085,8.9381968051369,40.0,False
id_reference,A2_unfiltered_train_seed_3,50065,-17.772029661334116,38,True,0.029248805123384257,9.92135471748898,40.0,False
id_reference,A2_unfiltered_train_seed_3,50066,-60.48907363999888,59,True,0.04895448117728244,8.877597261586693,40.0,False
id_reference,A2_unfiltered_train_seed_3,50067,-22.294125323574242,36,True,0.03886327719936411,7.438347875288372,36.4127082824707,False
id_reference,A2_unfiltered_train_seed_3,50068,-46.74394439305893,250,False,0.08087165397472545,8.812999947067286,21.225648880004883,False
id_reference,A2_unfiltered_train_seed_3,50069,-96.37894238777807,250,False,0.11488541768775778,14.969810794203696,40.0,False
id_reference,A2_unfiltered_train_seed_3,50070,-57.992045776170144,250,False,0.09627577243619163,5.514724434685002,33.48905563354492,False
id_reference,A2_unfiltered_train_seed_3,50071,-49.35351270773629,250,False,0.05469829439130332,7.19335324594281,40.0,False
id_reference,A2_unfiltered_train_seed_3,50072,-133.63028661293245,250,False,0.1128674157749122,10.723574874497821,40.0,False
id_reference,A2_unfiltered_train_seed_3,50073,-170.80877052869633,250,False,0.08252337831533685,15.83259295128238,40.0,False
id_reference,A2_unfiltered_train_seed_3,50074,-16.831513436373267,33,True,0.0278493674492648,7.569238306363132,30.705873489379883,False
id_reference,A2_unfiltered_train_seed_3,50075,-106.35312451756228,250,False,0.15136449647300884,7.055407525140641,40.0,False
id_reference,A2_unfiltered_train_seed_3,50076,-153.17144715525575,250,False,0.1263902101912326,11.648189804704613,40.0,False
id_reference,A2_unfiltered_train_seed_3,50077,-66.85089747309013,250,False,0.10117111674901655,11.021054305620956,40.0,False
id_reference,A2_unfiltered_train_seed_3,50078,-59.78825849437156,250,False,0.057081363462714044,6.203433338085588,40.0,False
id_reference,A2_unfiltered_train_seed_3,50079,-91.87721109138519,71,True,0.049986998706417936,13.013446514896682,40.0,False
id_reference,A2_unfiltered_train_seed_3,50080,-159.35874478396747,250,False,0.07692248664277875,13.43775940621845,40.0,False
id_reference,A2_unfiltered_train_seed_3,50081,-45.81213555727917,67,True,0.049610187519035266,8.113113859768202,40.0,False
id_reference,A2_unfiltered_train_seed_3,50082,-27.144709900676908,35,True,0.027485738973796844,12.544856702621164,40.0,False
id_reference,A2_unfiltered_train_seed_3,50083,-81.56027942680669,77,True,0.03044482282116863,11.736543443325607,40.0,False
id_reference,A2_unfiltered_train_seed_3,50084,-53.83343807407899,250,False,0.056572193141970775,7.002754240500263,40.0,False
id_reference,A2_unfiltered_train_seed_3,50085,-129.05298651121532,250,False,0.11054086013984395,14.201783547429114,40.0,False
id_reference,A2_unfiltered_train_seed_3,50086,-66.1159049621276,64,True,0.021413385603947677,17.773554088711315,40.0,False
id_reference,A2_unfiltered_train_seed_3,50087,-58.63119336239253,250,False,0.07217488566327075,9.028243448725886,40.0,False
id_reference,A2_unfiltered_train_seed_3,50088,-85.35479076075295,57,True,0.013145268470424201,13.569892999884493,40.0,False
id_reference,A2_unfiltered_train_seed_3,50089,-46.3095255512873,55,True,0.04902815034859887,7.66159747430885,40.0,False
id_reference,A2_unfiltered_train_seed_3,50090,-77.94370020026251,86,True,0.02280882616296423,9.895205188456229,40.0,False
id_reference,A2_unfiltered_train_seed_3,50091,-158.15614932114443,250,False,0.09212267770327899,9.1820662535174,40.0,False
id_reference,A2_unfiltered_train_seed_3,50092,-152.03300955394158,250,False,0.3518508729275871,6.495711545991472,40.0,False
id_reference,A2_unfiltered_train_seed_3,50093,-140.9244012768413,250,False,0.09890795326853878,11.423767377568575,40.0,False
id_reference,A2_unfiltered_train_seed_3,50094,-15.055119047072854,45,True,0.03425995307104969,6.250112007647276,40.0,False
id_reference,A2_unfiltered_train_seed_3,50095,-24.554312618807792,32,True,0.04733168877210033,6.731182450984802,40.0,False
id_reference,A2_unfiltered_train_seed_3,50096,-103.33812784737582,96,True,0.047276232100829145,10.974444998755027,40.0,False
id_reference,A2_unfiltered_train_seed_3,50097,-152.67172000045423,250,False,0.31007344267566406,6.799786122497584,39.35280990600586,False
id_reference,A2_unfiltered_train_seed_3,50098,-65.09340998344393,65,True,0.048784526234298395,13.835978876979496,40.0,False
id_reference,A2_unfiltered_train_seed_3,50099,-134.01857578139794,250,False,0.15144457490312538,7.289118533642675,40.0,False
id_reference,A5_hocbf_train_seed_3,50000,-88.03056255733831,250,False,0.1642507513526059,4.1805384618155195,37.922523498535156,False
id_reference,A5_hocbf_train_seed_3,50001,-119.37365285135841,145,True,0.04962975885665065,4.624598510241497,40.0,False
id_reference,A5_hocbf_train_seed_3,50002,-49.34544337488898,60,True,0.03732459952392498,6.386827197795594,40.0,False
id_reference,A5_hocbf_train_seed_3,50003,-298.4444164604787,250,False,0.5050206644528662,4.30041736589849,40.0,False
id_reference,A5_hocbf_train_seed_3,50004,-79.28276916289325,87,True,0.038919832295723704,3.798140067086434,40.0,False
id_reference,A5_hocbf_train_seed_3,50005,-84.72860137404345,68,True,0.035905803495937014,6.235228888119433,40.0,False
id_reference,A5_hocbf_train_seed_3,50006,-103.22448784759062,250,False,0.14879990764036524,3.0851621615025833,40.0,False
id_reference,A5_hocbf_train_seed_3,50007,-139.1922629741625,250,False,0.07299872410962803,4.136826961066148,40.0,False
id_reference,A5_hocbf_train_seed_3,50008,-99.56822623332975,94,True,0.01051014787809479,5.919932437535165,40.0,False
id_reference,A5_hocbf_train_seed_3,50009,-134.7829830099649,250,False,0.07206863514368474,2.8346672263333006,40.0,False
id_reference,A5_hocbf_train_seed_3,50010,-109.76809280977557,250,False,0.12603025638542806,3.667985903448494,40.0,False
id_reference,A5_hocbf_train_seed_3,50011,-206.09384421028795,250,False,0.7454397139489927,3.2868355934325613,40.0,False
id_reference,A5_hocbf_train_seed_3,50012,-45.47294561153056,76,True,0.03806857789215596,3.8568795168973065,40.0,False
id_reference,A5_hocbf_train_seed_3,50013,-297.2776634194209,250,False,0.6631340890033836,3.480331214539347,40.0,False
id_reference,A5_hocbf_train_seed_3,50014,-189.6131092689137,250,False,0.3120200681677237,4.400932478734245,40.0,False
id_reference,A5_hocbf_train_seed_3,50015,-101.39023397001114,122,True,0.04971883377247762,3.4260343672269635,40.0,False
id_reference,A5_hocbf_train_seed_3,50016,-116.9367295289367,110,True,0.04736199132391672,2.1227415215214487,40.0,False
id_reference,A5_hocbf_train_seed_3,50017,-71.18360201820471,73,True,0.02985257835611168,4.865391429433456,40.0,False
id_reference,A5_hocbf_train_seed_3,50018,-154.39326666729252,48,False,2.1298952434710126,5.674787086011754,40.0,False
id_reference,A5_hocbf_train_seed_3,50019,-197.90923966340515,131,True,0.04980649076868145,3.199960479696705,40.0,False
id_reference,A5_hocbf_train_seed_3,50020,-45.16737697641498,61,True,0.027590101033233602,2.467712621487067,36.27210998535156,False
id_reference,A5_hocbf_train_seed_3,50021,-63.579505920756276,250,False,0.08584181075695636,3.4318549141350725,36.611263275146484,False
id_reference,A5_hocbf_train_seed_3,50022,-89.37838532933222,86,True,0.046406364092995527,3.914171275727201,40.0,False
id_reference,A5_hocbf_train_seed_3,50023,-84.54202970526872,73,True,0.049041727307025766,5.739495652606268,40.0,False
id_reference,A5_hocbf_train_seed_3,50024,-54.179459822987184,250,False,0.1299886575547571,3.0052794105797207,31.97003173828125,False
id_reference,A5_hocbf_train_seed_3,50025,-115.5946783370916,250,False,0.121651119648241,6.375913607443485,40.0,False
id_reference,A5_hocbf_train_seed_3,50026,-254.31656750291543,250,False,0.6755717363973524,5.615854722252019,40.0,False
id_reference,A5_hocbf_train_seed_3,50027,-34.150512914737796,36,True,0.01110201915820061,6.319663341179445,40.0,False
id_reference,A5_hocbf_train_seed_3,50028,-73.17668236662138,64,True,0.03365884867835642,6.035550268578978,40.0,False
id_reference,A5_hocbf_train_seed_3,50029,-126.10098327044167,96,True,0.044423440188149844,4.36754031035707,40.0,False
id_reference,A5_hocbf_train_seed_3,50030,-84.34516916360968,80,True,0.02003841523360987,4.573033868575729,40.0,False
id_reference,A5_hocbf_train_seed_3,50031,-81.30796095160366,67,True,0.04360084338065001,6.636962893743259,40.0,False
id_reference,A5_hocbf_train_seed_3,50032,-68.61350074294522,65,True,0.024263616178681665,3.050581198330857,40.0,False
id_reference,A5_hocbf_train_seed_3,50033,-77.75614954390544,250,False,0.24384759968463002,4.03019733403574,28.57951545715332,False
id_reference,A5_hocbf_train_seed_3,50034,-43.38820891381428,54,True,0.02961715750560573,5.203750644220827,40.0,False
id_reference,A5_hocbf_train_seed_3,50035,-60.48767277218181,97,True,0.04843387488044352,4.7809563763117495,40.0,False
id_reference,A5_hocbf_train_seed_3,50036,-68.26169224579512,66,True,0.03944236009093426,2.4494784686629387,40.0,False
id_reference,A5_hocbf_train_seed_3,50037,-65.5884245892968,60,True,0.04538453409442483,3.1775175913965263,40.0,False
id_reference,A5_hocbf_train_seed_3,50038,-137.55350021542463,250,False,0.07300413079022404,5.91090597751854,40.0,False
id_reference,A5_hocbf_train_seed_3,50039,-53.78947879142622,63,True,0.012593070123365581,2.162674523013891,34.84943771362305,False
id_reference,A5_hocbf_train_seed_3,50040,-67.09459000868807,250,False,0.05403967903623384,4.634112940090187,40.0,False
id_reference,A5_hocbf_train_seed_3,50041,-55.74186366287532,52,True,0.011825023756876146,4.662965156475973,40.0,False
id_reference,A5_hocbf_train_seed_3,50042,-38.9112714230509,46,True,0.049337532828742384,4.87019371154927,37.89616012573242,False
id_reference,A5_hocbf_train_seed_3,50043,-14.641354385919772,49,True,0.010375938037711854,2.9386626024752727,34.953739166259766,False
id_reference,A5_hocbf_train_seed_3,50044,-65.99547541810718,63,True,0.03140840340792897,2.573138732781345,40.0,False
id_reference,A5_hocbf_train_seed_3,50045,-213.9777983039132,250,False,0.06903267191882195,4.28288228784247,40.0,False
id_reference,A5_hocbf_train_seed_3,50046,-99.10505366259571,250,False,0.1305441582150112,5.016286096291299,40.0,False
id_reference,A5_hocbf_train_seed_3,50047,-148.66706707715005,250,False,0.39387184471340636,4.497905264558123,40.0,False
id_reference,A5_hocbf_train_seed_3,50048,-43.67640498742504,61,True,0.04439898535539516,6.316792225309767,40.0,False
id_reference,A5_hocbf_train_seed_3,50049,-94.68263139213408,75,True,0.049519161232190474,3.8954281859469915,40.0,False
id_reference,A5_hocbf_train_seed_3,50050,-139.78407846114692,250,False,0.09216952774466834,5.727490618010913,40.0,False
id_reference,A5_hocbf_train_seed_3,50051,-135.44392649472104,250,False,0.1121601854494568,5.785591357815042,40.0,False
id_reference,A5_hocbf_train_seed_3,50052,-273.27506158893254,250,False,0.39382559500438724,6.117652432158409,40.0,False
id_reference,A5_hocbf_train_seed_3,50053,-50.68790569064873,52,True,0.010425291520453118,2.8964078270918154,40.0,False
id_reference,A5_hocbf_train_seed_3,50054,-126.75966563291485,250,False,0.06217092310951819,5.2146217452966885,40.0,False
id_reference,A5_hocbf_train_seed_3,50055,-89.39359216940996,92,True,0.020951160158050437,2.3175212989379657,40.0,False
id_reference,A5_hocbf_train_seed_3,50056,-42.80725765563708,250,False,0.0684469014309103,4.360861724545494,26.65276527404785,False
id_reference,A5_hocbf_train_seed_3,50057,-119.27505087805308,250,False,0.2225159229688259,3.4530329946000164,40.0,False
id_reference,A5_hocbf_train_seed_3,50058,-88.79712425738518,70,True,0.048209730712477986,4.850763570188529,40.0,False
id_reference,A5_hocbf_train_seed_3,50059,-62.67120886939799,93,True,0.048835594526100166,4.414128628805655,40.0,False
id_reference,A5_hocbf_train_seed_3,50060,-147.07851676731067,250,False,0.08394139512104923,5.2447249311502295,40.0,False
id_reference,A5_hocbf_train_seed_3,50061,-89.685523655396,250,False,0.2139336051123541,2.5218204577302727,40.0,False
id_reference,A5_hocbf_train_seed_3,50062,-84.37742791790237,70,True,0.04186481777479372,6.607742297353337,40.0,False
id_reference,A5_hocbf_train_seed_3,50063,-13.623083496236752,38,True,0.04546348139241118,2.900779832598184,40.0,False
id_reference,A5_hocbf_train_seed_3,50064,-28.365252698989018,53,True,0.031238730365533453,4.230219563462666,40.0,False
id_reference,A5_hocbf_train_seed_3,50065,-26.343339921287654,52,True,0.034251240035204286,4.830274039546907,40.0,False
id_reference,A5_hocbf_train_seed_3,50066,-124.4013256298036,108,True,0.049967033213604635,3.147001167874264,40.0,False
id_reference,A5_hocbf_train_seed_3,50067,-34.075542763354754,47,True,0.015412593385036347,4.291840003665707,40.0,False
id_reference,A5_hocbf_train_seed_3,50068,-52.1043776599787,250,False,0.08087165978466616,4.624493880495374,29.8055419921875,False
id_reference,A5_hocbf_train_seed_3,50069,-110.72852666174788,250,False,0.11488502194254238,5.048935529943304,40.0,False
id_reference,A5_hocbf_train_seed_3,50070,-61.9216151640726,250,False,0.09631423703512933,3.4297592905398018,30.175098419189453,False
id_reference,A5_hocbf_train_seed_3,50071,-54.541013157916254,250,False,0.054698294336282115,4.119460717651202,40.0,False
id_reference,A5_hocbf_train_seed_3,50072,-166.37099549493922,250,False,0.23133741318365658,5.749560190461147,40.0,False
id_reference,A5_hocbf_train_seed_3,50073,-148.92781324685018,250,False,0.08251276445432841,5.617305560959343,40.0,False
id_reference,A5_hocbf_train_seed_3,50074,-35.154096741960515,57,True,0.04073055331462038,4.145443385534066,36.49222946166992,False
id_reference,A5_hocbf_train_seed_3,50075,-128.5637100621049,250,False,0.15193467637869185,4.837312380313903,40.0,False
id_reference,A5_hocbf_train_seed_3,50076,-355.30868616297175,250,False,0.7919020849282681,7.805504139657775,40.0,False
id_reference,A5_hocbf_train_seed_3,50077,-63.70522783949651,250,False,0.10117116572182144,7.861934414771839,40.0,False
id_reference,A5_hocbf_train_seed_3,50078,-42.861226973297406,70,True,0.0492121095539522,3.066430606943345,40.0,False
id_reference,A5_hocbf_train_seed_3,50079,-270.102887253094,250,False,0.23206239342394466,5.458813748348957,40.0,False
id_reference,A5_hocbf_train_seed_3,50080,-134.47105493503963,250,False,0.07692247712360069,6.896355567713405,40.0,False
id_reference,A5_hocbf_train_seed_3,50081,-43.858226773311,66,True,0.04978124482857553,5.666123476251729,40.0,False
id_reference,A5_hocbf_train_seed_3,50082,-75.14996455217266,250,False,0.10825796851552189,6.345246001177347,40.0,False
id_reference,A5_hocbf_train_seed_3,50083,-82.34189447561658,76,True,0.039501180458261446,6.782839281834749,40.0,False
id_reference,A5_hocbf_train_seed_3,50084,-61.071762426615415,250,False,0.056572243879798055,3.9734125357011756,40.0,False
id_reference,A5_hocbf_train_seed_3,50085,-153.0071400233689,250,False,0.1641088451842853,5.526253603497883,40.0,False
id_reference,A5_hocbf_train_seed_3,50086,-73.8660980516518,68,True,0.027099806411068014,6.667938951012733,40.0,False
id_reference,A5_hocbf_train_seed_3,50087,-70.63168086225846,250,False,0.07217542230173578,3.104184780447458,35.40689468383789,False
id_reference,A5_hocbf_train_seed_3,50088,-166.45534791412015,250,False,0.19534625870335512,5.868145742748337,40.0,False
id_reference,A5_hocbf_train_seed_3,50089,-52.18333223296035,62,True,0.03953036316593798,5.9544695821223685,40.0,False
id_reference,A5_hocbf_train_seed_3,50090,-88.6888864759929,76,True,0.03704673715713708,3.9328657697600353,40.0,False
id_reference,A5_hocbf_train_seed_3,50091,-201.33917605946138,250,False,0.3650188261773734,5.684224167289085,40.0,False
id_reference,A5_hocbf_train_seed_3,50092,-166.465715029184,250,False,0.3518321885187998,5.8260737471416535,40.0,False
id_reference,A5_hocbf_train_seed_3,50093,-385.9800258998965,250,False,0.9838105884424432,6.644162325279111,40.0,False
id_reference,A5_hocbf_train_seed_3,50094,-19.152476463129535,49,True,0.0023336362515791265,3.4475541388096334,35.9465217590332,False
id_reference,A5_hocbf_train_seed_3,50095,-40.05830843326959,51,True,0.036528178721429584,3.718636458261848,40.0,False
id_reference,A5_hocbf_train_seed_3,50096,-154.48038794578616,114,True,0.046341639352935636,3.4657921139235306,38.404178619384766,False
id_reference,A5_hocbf_train_seed_3,50097,-201.0526101103777,250,False,0.45218948873786724,6.01293693504676,37.0741081237793,False
id_reference,A5_hocbf_train_seed_3,50098,-91.66999956643392,67,True,0.027628881448695637,5.470620157407831,40.0,False
id_reference,A5_hocbf_train_seed_3,50099,-217.9854021784033,250,False,0.4737864732593963,4.6536493201471805,40.0,False
id_reference,A6_prefilter_train_seed_3,50000,-221.56734580265535,250,False,0.6555237884818614,4.168109332907373,35.80116271972656,False
id_reference,A6_prefilter_train_seed_3,50001,-177.85998041356189,250,False,0.32625289922915435,11.392246624895618,40.0,False
id_reference,A6_prefilter_train_seed_3,50002,-110.29950600646971,250,False,0.27944867419068004,6.934137765935526,40.0,False
id_reference,A6_prefilter_train_seed_3,50003,-245.2981718613621,250,False,0.5033095014257358,12.547404476782235,40.0,False
id_reference,A6_prefilter_train_seed_3,50004,-138.43802610092447,250,False,0.36115186366392543,8.789468451575429,40.0,False
id_reference,A6_prefilter_train_seed_3,50005,-113.4773752715938,250,False,0.08340975950280242,14.357721340916978,40.0,False
id_reference,A6_prefilter_train_seed_3,50006,-97.20462412090286,250,False,0.17173899972843265,5.489746500778673,40.0,False
id_reference,A6_prefilter_train_seed_3,50007,-238.72987481005117,250,False,0.4842949660119185,10.98093606287072,40.0,False
id_reference,A6_prefilter_train_seed_3,50008,-164.75413494818298,250,False,0.3085196173256691,7.668525414371488,40.0,False
id_reference,A6_prefilter_train_seed_3,50009,-136.55033327541176,250,False,0.31649926743403956,10.364223209789285,40.0,False
id_reference,A6_prefilter_train_seed_3,50010,-83.5971323740743,250,False,0.08841393343702532,13.549302793534094,40.0,False
id_reference,A6_prefilter_train_seed_3,50011,-164.50408168182005,250,False,0.515926004027891,3.94679766904066,39.23113250732422,False
id_reference,A6_prefilter_train_seed_3,50012,-41.73451935574125,58,True,0.0471885607424324,11.167109784674825,40.0,False
id_reference,A6_prefilter_train_seed_3,50013,-207.0496165751084,250,False,0.5081566343887459,11.090609841320308,40.0,False
id_reference,A6_prefilter_train_seed_3,50014,-269.9592801626122,250,False,0.5741348682321604,16.774922578346114,40.0,False
id_reference,A6_prefilter_train_seed_3,50015,-237.30032785452528,250,False,0.6318486540920017,11.00430452057294,40.0,False
id_reference,A6_prefilter_train_seed_3,50016,-233.4041119922257,250,False,0.7323612534866097,10.607365688548953,40.0,False
id_reference,A6_prefilter_train_seed_3,50017,-121.35669627901414,250,False,0.19778659137076468,8.610418534790103,40.0,False
id_reference,A6_prefilter_train_seed_3,50018,-95.64928815113109,82,True,0.048055711181468314,11.922910895538452,40.0,False
id_reference,A6_prefilter_train_seed_3,50019,-200.06560678563915,250,False,0.4227539401304854,12.65091014430723,40.0,False
id_reference,A6_prefilter_train_seed_3,50020,-132.23228483478132,250,False,0.28748080439374435,2.4069301889442967,39.36207962036133,False
id_reference,A6_prefilter_train_seed_3,50021,-103.20317330118269,250,False,0.23155968245460332,2.6686463772280233,29.40474510192871,False
id_reference,A6_prefilter_train_seed_3,50022,-175.23543485730713,250,False,0.32413370088652627,11.986045578746717,40.0,False
id_reference,A6_prefilter_train_seed_3,50023,-135.87838177787617,250,False,0.21290791314153656,9.931715998446341,40.0,False
id_reference,A6_prefilter_train_seed_3,50024,-62.56162123458856,250,False,0.1413134896573538,2.654137560665674,30.474790573120117,False
id_reference,A6_prefilter_train_seed_3,50025,-159.59410511806476,250,False,0.3160330914726604,12.067146699261826,40.0,False
id_reference,A6_prefilter_train_seed_3,50026,-255.60491241675183,250,False,0.7506588011782354,5.603832092120055,40.0,False
id_reference,A6_prefilter_train_seed_3,50027,-39.97546264392353,42,True,0.04731886455342918,7.752259450353538,40.0,False
id_reference,A6_prefilter_train_seed_3,50028,-160.92731560977126,250,False,0.16566627561820751,16.3934721411873,40.0,False
id_reference,A6_prefilter_train_seed_3,50029,-166.77285600046756,250,False,0.2586286555320312,13.979920124558566,40.0,False
id_reference,A6_prefilter_train_seed_3,50030,-145.49525408420607,250,False,0.30080481272140314,9.822746443747004,40.0,False
id_reference,A6_prefilter_train_seed_3,50031,-112.52866398825864,250,False,0.08435551923807744,14.270107426443602,40.0,False
id_reference,A6_prefilter_train_seed_3,50032,-152.77211101554082,250,False,0.2868666733728143,12.411255846261318,40.0,False
id_reference,A6_prefilter_train_seed_3,50033,-61.9431110816162,250,False,0.1321899670556886,3.003015961112803,26.30763053894043,False
id_reference,A6_prefilter_train_seed_3,50034,-100.2942532114736,250,False,0.21587496489915795,5.697094443440906,40.0,False
id_reference,A6_prefilter_train_seed_3,50035,-198.93139589723165,250,False,0.5826745257157686,4.659973160515158,40.0,False
id_reference,A6_prefilter_train_seed_3,50036,-87.34652767071125,250,False,0.11893520883448123,3.6850735782040243,39.628334045410156,False
id_reference,A6_prefilter_train_seed_3,50037,-105.20906176026728,250,False,0.15161197521095104,11.230289388847723,40.0,False
id_reference,A6_prefilter_train_seed_3,50038,-263.0635234379927,250,False,0.4288205540963069,17.571147947025732,40.0,False
id_reference,A6_prefilter_train_seed_3,50039,-99.09278321516265,250,False,0.16095587831203195,2.0297086424507813,36.805294036865234,False
id_reference,A6_prefilter_train_seed_3,50040,-56.2098840480124,102,True,0.04922616876970643,9.993119961110535,40.0,False
id_reference,A6_prefilter_train_seed_3,50041,-72.53554039225098,250,False,0.05891968857995084,13.446168129434787,40.0,False
id_reference,A6_prefilter_train_seed_3,50042,-45.92971602938245,53,True,0.03650351445500214,5.945671205307393,40.0,False
id_reference,A6_prefilter_train_seed_3,50043,-75.17011193511937,250,False,0.13905166615354614,1.975144662921721,38.61546325683594,False
id_reference,A6_prefilter_train_seed_3,50044,-131.18384731565135,250,False,0.21330997730553045,11.879409545330445,40.0,False
id_reference,A6_prefilter_train_seed_3,50045,-177.58141316586887,250,False,0.3507315279312766,11.748525049382012,40.0,False
id_reference,A6_prefilter_train_seed_3,50046,-57.31444613014957,56,True,0.0494855043398311,15.515425258146777,40.0,False
id_reference,A6_prefilter_train_seed_3,50047,-121.20297568198444,250,False,0.2579416205195671,3.3187227380280895,39.405269622802734,False
id_reference,A6_prefilter_train_seed_3,50048,-100.61989468683188,250,False,0.19235922942845243,8.692221368263365,40.0,False
id_reference,A6_prefilter_train_seed_3,50049,-136.49173293994008,250,False,0.13066584411001833,14.952621958164544,40.0,False
id_reference,A6_prefilter_train_seed_3,50050,-187.31964652498885,250,False,0.2834283054146052,12.212681035005744,40.0,False
id_reference,A6_prefilter_train_seed_3,50051,-204.7703317943485,250,False,0.09472097462327453,19.99880926857912,40.0,False
id_reference,A6_prefilter_train_seed_3,50052,-183.26744040394792,250,False,0.15164741582732644,14.688762086993636,40.0,False
id_reference,A6_prefilter_train_seed_3,50053,-111.95377689061986,250,False,0.19543794023406733,8.835358935982459,40.0,False
id_reference,A6_prefilter_train_seed_3,50054,-198.05011731505044,250,False,0.25145487200048333,19.062777554749918,40.0,False
id_reference,A6_prefilter_train_seed_3,50055,-228.62650108824835,250,False,0.6590866822111177,10.224856465021565,40.0,False
id_reference,A6_prefilter_train_seed_3,50056,-8.866625606383387,55,True,0.049813898528502015,3.080879412500364,23.263216018676758,False
id_reference,A6_prefilter_train_seed_3,50057,-114.82655109583436,250,False,0.17084333126346588,8.189359943312773,40.0,False
id_reference,A6_prefilter_train_seed_3,50058,-155.81096270493128,250,False,0.18619855065024782,15.234870909516372,40.0,False
id_reference,A6_prefilter_train_seed_3,50059,-154.0962758730794,250,False,0.4234487190164384,4.324729258327975,40.0,False
id_reference,A6_prefilter_train_seed_3,50060,-153.05029831739404,250,False,0.12344104240384537,15.56997373135397,40.0,False
id_reference,A6_prefilter_train_seed_3,50061,-132.35195589367652,250,False,0.3678318704240396,2.9376472484406757,37.57144546508789,False
id_reference,A6_prefilter_train_seed_3,50062,-149.28379577909666,250,False,0.22088399744334217,14.97459574888632,40.0,False
id_reference,A6_prefilter_train_seed_3,50063,-142.2159294522637,250,False,0.360463023280435,1.8918325262517957,33.61952590942383,False
id_reference,A6_prefilter_train_seed_3,50064,-67.55030642583765,250,False,0.09546321538233599,6.650731536930879,40.0,False
id_reference,A6_prefilter_train_seed_3,50065,-87.3846016287736,250,False,0.18767937988386643,4.6584216020178,39.560707092285156,False
id_reference,A6_prefilter_train_seed_3,50066,-150.9468332454226,250,False,0.29976906269039544,10.595010576558469,40.0,False
id_reference,A6_prefilter_train_seed_3,50067,-100.15291704153556,250,False,0.23254262606705758,4.702257600839271,38.69103240966797,False
id_reference,A6_prefilter_train_seed_3,50068,-22.18102325355288,47,True,0.045790343750511116,4.681819298050096,23.00615692138672,False
id_reference,A6_prefilter_train_seed_3,50069,-76.87396114051954,69,True,0.04961370022593625,16.353650997616594,40.0,False
id_reference,A6_prefilter_train_seed_3,50070,-192.1855864565523,250,False,0.5729391861682953,3.2542221145303927,28.824068069458008,False
id_reference,A6_prefilter_train_seed_3,50071,-19.06294596956276,43,True,0.04967343502906681,6.09459773519843,40.0,False
id_reference,A6_prefilter_train_seed_3,50072,-142.49454317677015,250,False,0.11371134869339902,11.831379357631619,40.0,False
id_reference,A6_prefilter_train_seed_3,50073,-233.49278773052436,250,False,0.3962180637632638,15.399616837581695,40.0,False
id_reference,A6_prefilter_train_seed_3,50074,-125.40187980476105,250,False,0.32341960762323474,4.157182260182974,31.37679672241211,False
id_reference,A6_prefilter_train_seed_3,50075,-247.67247549368705,250,False,0.7424936887937408,4.857668889260599,40.0,False
id_reference,A6_prefilter_train_seed_3,50076,-180.26272896031625,250,False,0.2108877962462986,11.44442599809585,40.0,False
id_reference,A6_prefilter_train_seed_3,50077,-35.83634902459724,54,True,0.04928352693123626,10.40358664236441,40.0,False
id_reference,A6_prefilter_train_seed_3,50078,-106.03007942916746,250,False,0.22640726723815688,3.253545353308279,40.0,False
id_reference,A6_prefilter_train_seed_3,50079,-155.0541931243476,250,False,0.13144635343645,13.05162681449062,40.0,False
id_reference,A6_prefilter_train_seed_3,50080,-213.5840501568212,250,False,0.25829784548511336,16.915261099752673,40.0,False
id_reference,A6_prefilter_train_seed_3,50081,-47.40906697364486,61,True,0.03765001122653944,9.946411126883788,40.0,False
id_reference,A6_prefilter_train_seed_3,50082,-51.1363879744499,250,False,0.05023610336215259,10.785717238777695,40.0,False
id_reference,A6_prefilter_train_seed_3,50083,-78.16763430867658,66,True,0.025070744941955787,11.977924467828604,40.0,False
id_reference,A6_prefilter_train_seed_3,50084,-20.81314489308329,41,True,0.045588602346922275,7.082020173432836,40.0,False
id_reference,A6_prefilter_train_seed_3,50085,-155.02880224284218,250,False,0.19564431031886592,14.241473313906607,40.0,False
id_reference,A6_prefilter_train_seed_3,50086,-61.707814735389455,79,True,0.049293644950866994,17.653841656857594,40.0,False
id_reference,A6_prefilter_train_seed_3,50087,-82.94794355679258,250,False,0.1394733371227201,3.1024938933402435,39.327171325683594,False
id_reference,A6_prefilter_train_seed_3,50088,-77.33257365953239,59,True,0.046831152798217944,16.451111256019143,40.0,False
id_reference,A6_prefilter_train_seed_3,50089,-116.6122978158988,250,False,0.202851807619621,6.899562499898516,40.0,False
id_reference,A6_prefilter_train_seed_3,50090,-189.99809627237386,250,False,0.3959643381926204,10.956841411199997,40.0,False
id_reference,A6_prefilter_train_seed_3,50091,-179.26576830238085,250,False,0.09746278312464336,10.616938413073223,40.0,False
id_reference,A6_prefilter_train_seed_3,50092,-237.15374786896936,250,False,0.7519657740173143,4.588944976019236,40.0,False
id_reference,A6_prefilter_train_seed_3,50093,-188.46901574909066,250,False,0.2732348767762085,11.192122645769041,40.0,False
id_reference,A6_prefilter_train_seed_3,50094,-87.81408546472677,250,False,0.16955398795600887,2.5979023662272236,38.67070388793945,False
id_reference,A6_prefilter_train_seed_3,50095,-75.16613915225376,250,False,0.08866487497271065,4.067270518792774,38.318031311035156,False
id_reference,A6_prefilter_train_seed_3,50096,-193.662265293313,250,False,0.4659333014269833,11.969770504112715,40.0,False
id_reference,A6_prefilter_train_seed_3,50097,-263.1344958835572,250,False,0.8382378640324565,5.761618082263221,40.0,False
id_reference,A6_prefilter_train_seed_3,50098,-67.57311140324325,61,True,0.009581311046991219,13.7687769324487,40.0,False
id_reference,A6_prefilter_train_seed_3,50099,-234.99344586694903,250,False,0.6460232100380199,9.320667883018418,40.0,False
id_reference,A6_hocbf_train_seed_3,50000,-221.56734580265535,250,False,0.6555237884818614,4.168109332907373,35.80116271972656,False
id_reference,A6_hocbf_train_seed_3,50001,-179.39856038257486,250,False,0.32629223369422095,5.090274306039134,40.0,False
id_reference,A6_hocbf_train_seed_3,50002,-116.16212821536467,250,False,0.2796289632820984,6.299722628865744,40.0,False
id_reference,A6_hocbf_train_seed_3,50003,-288.72926223299487,250,False,0.5030319520353885,4.282586300505926,40.0,False
id_reference,A6_hocbf_train_seed_3,50004,-164.1541177422601,250,False,0.36120540917699745,4.253807873770457,40.0,False
id_reference,A6_hocbf_train_seed_3,50005,-118.04538161804874,250,False,0.08740344469457566,6.281825234150054,40.0,False
id_reference,A6_hocbf_train_seed_3,50006,-107.11556035856633,250,False,0.17173794920759713,2.929623040371205,40.0,False
id_reference,A6_hocbf_train_seed_3,50007,-211.2977009980716,250,False,0.48438843898190037,4.274825190883571,40.0,False
id_reference,A6_hocbf_train_seed_3,50008,-168.48650978897487,250,False,0.3118999938600032,5.766250969386379,40.0,False
id_reference,A6_hocbf_train_seed_3,50009,-180.3671745565296,250,False,0.3171001890849236,2.851114547093795,40.0,False
id_reference,A6_hocbf_train_seed_3,50010,-103.47059175049121,250,False,0.08841392856680148,3.667985903448494,40.0,False
id_reference,A6_hocbf_train_seed_3,50011,-164.50408168182005,250,False,0.515926004027891,3.94679766904066,39.23113250732422,False
id_reference,A6_hocbf_train_seed_3,50012,-41.69896879472578,50,True,0.03226506667986938,2.759415146450917,40.0,False
id_reference,A6_hocbf_train_seed_3,50013,-278.8152440053696,250,False,0.507765145399748,4.021567098438478,40.0,False
id_reference,A6_hocbf_train_seed_3,50014,-229.9575481382898,250,False,0.5755125479279153,4.325142485228932,40.0,False
id_reference,A6_hocbf_train_seed_3,50015,-209.60856884312614,250,False,0.6298093850754898,3.4260343672269635,40.0,False
id_reference,A6_hocbf_train_seed_3,50016,-253.84659982043027,250,False,0.73427857871563,2.1227415215214487,40.0,False
id_reference,A6_hocbf_train_seed_3,50017,-125.66640694078758,250,False,0.1983740115321509,4.984760398780008,40.0,False
id_reference,A6_hocbf_train_seed_3,50018,-157.07919420069257,49,False,2.0351548467354963,5.674787086011754,40.0,False
id_reference,A6_hocbf_train_seed_3,50019,-267.6494016964546,250,False,0.42194061178975456,3.1580374704129666,40.0,False
id_reference,A6_hocbf_train_seed_3,50020,-139.91240917660676,250,False,0.2875333786092608,1.3514010914760517,40.0,False
id_reference,A6_hocbf_train_seed_3,50021,-103.20317330118269,250,False,0.23155968245460332,2.6686463772280233,29.40474510192871,False
id_reference,A6_hocbf_train_seed_3,50022,-158.45745155844662,250,False,0.32408562816976705,3.914171275727201,40.0,False
id_reference,A6_hocbf_train_seed_3,50023,-143.59137990131617,250,False,0.21292190242776127,6.312083754657115,40.0,False
id_reference,A6_hocbf_train_seed_3,50024,-62.56162123458856,250,False,0.1413134896573538,2.654137560665674,30.474790573120117,False
id_reference,A6_hocbf_train_seed_3,50025,-156.1202597666467,250,False,0.3160357601146917,7.049806452792183,40.0,False
id_reference,A6_hocbf_train_seed_3,50026,-267.2684329677543,250,False,0.7492199101944442,5.250935358225055,40.0,False
id_reference,A6_hocbf_train_seed_3,50027,-36.907567602161656,37,True,0.036764715265771936,6.688416442820709,40.0,False
id_reference,A6_hocbf_train_seed_3,50028,-117.35543081654552,250,False,0.16566351953533529,6.035550268578978,40.0,False
id_reference,A6_hocbf_train_seed_3,50029,-183.09980327996814,250,False,0.2587379986463866,4.345981481749129,40.0,False
id_reference,A6_hocbf_train_seed_3,50030,-148.83550491744202,250,False,0.30066395437124827,4.5286805073232825,40.0,False
id_reference,A6_hocbf_train_seed_3,50031,-114.87937325332109,250,False,0.08435551832210605,6.64436328299222,40.0,False
id_reference,A6_hocbf_train_seed_3,50032,-141.03508997057162,250,False,0.28685582975496116,3.050581198330857,40.0,False
id_reference,A6_hocbf_train_seed_3,50033,-61.9431110816162,250,False,0.1321899670556886,3.003015961112803,26.30763053894043,False
id_reference,A6_hocbf_train_seed_3,50034,-104.86755197903064,250,False,0.21593325208144945,5.078437480641308,40.0,False
id_reference,A6_hocbf_train_seed_3,50035,-201.34924433298218,250,False,0.5825936244996608,4.4212587017947165,40.0,False
id_reference,A6_hocbf_train_seed_3,50036,-108.71452624173806,250,False,0.11879226124697802,2.4132254987731283,40.0,False
id_reference,A6_hocbf_train_seed_3,50037,-118.83686536303816,250,False,0.15157996077356164,2.7514204959244615,40.0,False
id_reference,A6_hocbf_train_seed_3,50038,-198.0877462399587,250,False,0.4303442945801483,6.062719557492421,40.0,False
id_reference,A6_hocbf_train_seed_3,50039,-106.09551781582681,250,False,0.160770202605428,1.900844899430059,35.6220817565918,False
id_reference,A6_hocbf_train_seed_3,50040,-51.9008633491091,99,True,0.049046691783452515,4.927495041980006,40.0,False
id_reference,A6_hocbf_train_seed_3,50041,-79.45649522062928,250,False,0.05891968089527424,4.662965156475973,40.0,False
id_reference,A6_hocbf_train_seed_3,50042,-44.725949119964575,54,True,0.03412251400830633,4.892426952102956,40.0,False
id_reference,A6_hocbf_train_seed_3,50043,-75.17011193511937,250,False,0.13905166615354614,1.975144662921721,38.61546325683594,False
id_reference,A6_hocbf_train_seed_3,50044,-128.9539818679106,250,False,0.21349623687301214,2.2085254384487616,40.0,False
id_reference,A6_hocbf_train_seed_3,50045,-258.9567864825657,250,False,0.35116340352520026,5.20438550120832,40.0,False
id_reference,A6_hocbf_train_seed_3,50046,-61.150392892527876,62,True,0.04874979014500624,5.016286096291299,40.0,False
id_reference,A6_hocbf_train_seed_3,50047,-121.20297568198444,250,False,0.2579416205195671,3.3187227380280895,39.405269622802734,False
id_reference,A6_hocbf_train_seed_3,50048,-96.72585528137222,250,False,0.19235707152330048,6.436865259838605,40.0,False
id_reference,A6_hocbf_train_seed_3,50049,-131.56355033485698,250,False,0.13066587492748497,3.9226966725241565,40.0,False
id_reference,A6_hocbf_train_seed_3,50050,-171.918736227058,250,False,0.2761164037227467,5.8248299548788225,40.0,False
id_reference,A6_hocbf_train_seed_3,50051,-154.4744608931987,250,False,0.20819653138531455,5.776327720030129,40.0,False
id_reference,A6_hocbf_train_seed_3,50052,-266.0805985306593,250,False,0.3652691905803409,6.197099963964377,40.0,False
id_reference,A6_hocbf_train_seed_3,50053,-112.89951673470757,250,False,0.19544995756930664,2.8964078270918154,40.0,False
id_reference,A6_hocbf_train_seed_3,50054,-158.21895122645316,250,False,0.251505610211593,5.194515407848654,40.0,False
id_reference,A6_hocbf_train_seed_3,50055,-225.27434191147967,250,False,0.6572465409420668,2.3175212989379657,40.0,False
id_reference,A6_hocbf_train_seed_3,50056,-8.866625606383387,55,True,0.049813898528502015,3.080879412500364,23.263216018676758,False
id_reference,A6_hocbf_train_seed_3,50057,-110.69630964014904,250,False,0.17083092017619014,3.3903134149154703,40.0,False
id_reference,A6_hocbf_train_seed_3,50058,-137.28880505529358,250,False,0.1861782328787092,4.850763570188529,40.0,False
id_reference,A6_hocbf_train_seed_3,50059,-161.7547431793119,250,False,0.42363543291628186,3.854674476642365,40.0,False
id_reference,A6_hocbf_train_seed_3,50060,-155.08186745085365,250,False,0.12344104276854027,5.274527205487406,40.0,False
id_reference,A6_hocbf_train_seed_3,50061,-132.35195589367652,250,False,0.3678318704240396,2.9376472484406757,37.57144546508789,False
id_reference,A6_hocbf_train_seed_3,50062,-143.5015079405753,250,False,0.21633682467978702,6.680967868883828,40.0,False
id_reference,A6_hocbf_train_seed_3,50063,-142.2159294522637,250,False,0.360463023280435,1.8918325262517957,33.61952590942383,False
id_reference,A6_hocbf_train_seed_3,50064,-70.72450647646583,250,False,0.09546321766447488,4.132435813014598,40.0,False
id_reference,A6_hocbf_train_seed_3,50065,-87.6087178400442,250,False,0.1876795156971137,4.554032248256628,39.54643630981445,False
id_reference,A6_hocbf_train_seed_3,50066,-188.52521927934473,250,False,0.29998228742694755,3.2051473156639703,40.0,False
id_reference,A6_hocbf_train_seed_3,50067,-102.79496581417501,250,False,0.23254449293162832,4.231267314923019,39.74306106567383,False
id_reference,A6_hocbf_train_seed_3,50068,-22.692852610845726,47,True,0.04833019363245559,4.547106974879975,23.24416732788086,False
id_reference,A6_hocbf_train_seed_3,50069,-88.78226559629896,250,False,0.0558087929451667,5.048935529943304,40.0,False
id_reference,A6_hocbf_train_seed_3,50070,-192.1855864565523,250,False,0.5729391861682953,3.2542221145303927,28.824068069458008,False
id_reference,A6_hocbf_train_seed_3,50071,-23.870067641872676,42,True,0.04713902018305536,3.2580842184737993,40.0,False
id_reference,A6_hocbf_train_seed_3,50072,-173.19070369562982,250,False,0.2557100756997473,5.733129199593864,40.0,False
id_reference,A6_hocbf_train_seed_3,50073,-200.0025187829249,250,False,0.3968168273151485,5.626396926502825,40.0,False
id_reference,A6_hocbf_train_seed_3,50074,-126.27371236832421,250,False,0.32341838461357547,3.9691192420074275,31.721229553222656,False
id_reference,A6_hocbf_train_seed_3,50075,-250.39152147132683,250,False,0.7425458769576425,4.801506903859864,40.0,False
id_reference,A6_hocbf_train_seed_3,50076,-116.216392336185,34,False,2.566781548605273,10.773846588835214,40.0,False
id_reference,A6_hocbf_train_seed_3,50077,-34.23007895037587,53,True,0.04970872580755286,8.683833108210063,40.0,False
id_reference,A6_hocbf_train_seed_3,50078,-108.42182684210832,250,False,0.22644615159187753,2.942921315264322,40.0,False
id_reference,A6_hocbf_train_seed_3,50079,-246.56418917842882,250,False,0.12710382328968522,5.474573463028162,40.0,False
id_reference,A6_hocbf_train_seed_3,50080,-170.27405562295115,250,False,0.258317727506212,6.915482171146041,40.0,False
id_reference,A6_hocbf_train_seed_3,50081,-42.72295957210905,55,True,0.039883172647274374,5.373938467732548,40.0,False
id_reference,A6_hocbf_train_seed_3,50082,-55.23569942721977,250,False,0.05023611242277423,6.346373572991664,40.0,False
id_reference,A6_hocbf_train_seed_3,50083,-82.03405028707043,72,True,0.041020583857387535,6.823040489150286,40.0,False
id_reference,A6_hocbf_train_seed_3,50084,-29.256669799634953,44,True,0.04566151473919127,2.48935744353008,40.0,False
id_reference,A6_hocbf_train_seed_3,50085,-158.7717206980703,250,False,0.19567138286096764,5.41405854879925,40.0,False
id_reference,A6_hocbf_train_seed_3,50086,-71.97848362385007,79,True,0.04993426288954842,6.667938951012733,40.0,False
id_reference,A6_hocbf_train_seed_3,50087,-83.95990204746208,250,False,0.13947590753364003,2.8314475252616353,39.38962936401367,False
id_reference,A6_hocbf_train_seed_3,50088,-180.30938333523756,250,False,0.19159634642918635,5.829801412757565,40.0,False
id_reference,A6_hocbf_train_seed_3,50089,-114.26375321083012,250,False,0.2028518550060347,5.3876922593547665,40.0,False
id_reference,A6_hocbf_train_seed_3,50090,-178.38697968498388,250,False,0.396291234742812,3.967167830009688,40.0,False
id_reference,A6_hocbf_train_seed_3,50091,-217.59528098359004,250,False,0.43041026127424575,5.686283682796353,40.0,False
id_reference,A6_hocbf_train_seed_3,50092,-246.86437084569258,250,False,0.7522105046996816,4.5404442961988245,40.0,False
id_reference,A6_hocbf_train_seed_3,50093,-407.46761573467046,250,False,1.0328679508457688,10.018413223096887,40.0,False
id_reference,A6_hocbf_train_seed_3,50094,-87.81408546472677,250,False,0.16955398795600887,2.5979023662272236,38.67070388793945,False
id_reference,A6_hocbf_train_seed_3,50095,-79.28265971809503,250,False,0.08866381378377035,3.6666405138346763,37.221683502197266,False
id_reference,A6_hocbf_train_seed_3,50096,-227.1448512433523,250,False,0.4661436393165721,3.4194772604411168,40.0,False
id_reference,A6_hocbf_train_seed_3,50097,-261.9761711737092,250,False,0.8383829333081498,5.812564555717454,40.0,False
id_reference,A6_hocbf_train_seed_3,50098,-90.51705122012277,62,True,0.04344075028772554,5.587860291641364,40.0,False
id_reference,A6_hocbf_train_seed_3,50099,-245.22371813865,250,False,0.6465912115572549,4.721850401596293,40.0,False
ood_compound,A2_unfiltered_train_seed_3,50000,-247.34026065481598,250,False,0.7028581978893981,6.180801494224209,40.0,False
ood_compound,A2_unfiltered_train_seed_3,50001,-194.50876540708262,250,False,0.2046632749299889,11.014381808801799,40.0,False
ood_compound,A2_unfiltered_train_seed_3,50002,-234.12458963077069,250,False,0.7024228726627313,9.203364882661958,40.0,False
ood_compound,A2_unfiltered_train_seed_3,50003,-609.1200935233471,250,False,2.0575110626669075,34.613453178885884,40.0,False
ood_compound,A2_unfiltered_train_seed_3,50004,-262.55729546767617,250,False,0.9805541201712394,5.874373415551737,40.0,False
ood_compound,A2_unfiltered_train_seed_3,50005,-203.4461749096204,250,False,0.2108005888337521,14.128144246340364,40.0,False
ood_compound,A2_unfiltered_train_seed_3,50006,-137.97772833460908,250,False,0.23186140887875134,7.822962361840844,40.0,False
ood_compound,A2_unfiltered_train_seed_3,50007,-326.8918287855784,250,False,0.8686128651919746,7.919724055842604,40.0,False
ood_compound,A2_unfiltered_train_seed_3,50008,-247.40074872389394,250,False,0.5171274266580741,9.266823931547657,38.47945022583008,False
ood_compound,A2_unfiltered_train_seed_3,50009,-118.48486064795115,250,False,0.20330979290466433,7.21941398890207,40.0,False
ood_compound,A2_unfiltered_train_seed_3,50010,-182.39574629423214,250,False,0.40833005057586697,7.449013197369002,40.0,False
ood_compound,A2_unfiltered_train_seed_3,50011,-283.56566445457935,250,False,0.8981074880885449,5.036046109705815,40.0,False
ood_compound,A2_unfiltered_train_seed_3,50012,-96.30782970609076,250,False,0.064561733156966,10.447544330904389,40.0,False
ood_compound,A2_unfiltered_train_seed_3,50013,-363.79449296086045,250,False,0.8517615603364689,7.158598029546038,40.0,False
ood_compound,A2_unfiltered_train_seed_3,50014,-255.62176069158113,250,False,0.5707714259937737,12.957660099913248,40.0,False
ood_compound,A2_unfiltered_train_seed_3,50015,-196.10737853765815,250,False,0.13501515750434095,10.283564046281109,40.0,False
ood_compound,A2_unfiltered_train_seed_3,50016,-189.34798821783318,250,False,0.42178982561019346,8.461920404478947,40.0,False
ood_compound,A2_unfiltered_train_seed_3,50017,-242.99117649789113,250,False,0.5122900684999133,6.51162103354896,40.0,False
ood_compound,A2_unfiltered_train_seed_3,50018,-178.5948099352903,250,False,0.10524421882252168,8.050431805198528,40.0,False
ood_compound,A2_unfiltered_train_seed_3,50019,-219.2747774986496,250,False,0.49993470442602445,8.514635053943147,40.0,False
ood_compound,A2_unfiltered_train_seed_3,50020,-192.1199483819771,250,False,0.4134548280931296,6.930239746546675,40.0,False
ood_compound,A2_unfiltered_train_seed_3,50021,-277.6973657937203,250,False,0.8442840088913003,5.372065712176049,40.0,False
ood_compound,A2_unfiltered_train_seed_3,50022,-197.7806410273012,250,False,0.2628502667716164,9.624302014706947,40.0,False
ood_compound,A2_unfiltered_train_seed_3,50023,-165.54293334216047,250,False,0.13803701168963758,10.482950994647181,40.0,False
ood_compound,A2_unfiltered_train_seed_3,50024,-314.8239753517983,250,False,0.9779340526060297,4.352460232936727,40.0,False
ood_compound,A2_unfiltered_train_seed_3,50025,-184.03068252348507,250,False,0.23438476168472366,10.987064244991869,40.0,False
ood_compound,A2_unfiltered_train_seed_3,50026,-344.0832279887017,250,False,1.1051799801910545,6.576323767389022,40.0,False
ood_compound,A2_unfiltered_train_seed_3,50027,-184.7138834163864,250,False,0.2622709187019134,7.113809271747897,40.0,False
ood_compound,A2_unfiltered_train_seed_3,50028,-227.6484588959867,250,False,0.1490635387539252,13.610110888645913,40.0,False
ood_compound,A2_unfiltered_train_seed_3,50029,-184.2528622391819,250,False,0.3103753494262728,9.566525534665201,40.0,False
ood_compound,A2_unfiltered_train_seed_3,50030,-123.71136736061614,92,True,0.04520298880739272,7.74263604353357,40.0,False
ood_compound,A2_unfiltered_train_seed_3,50031,-131.10314580144882,131,True,0.0497997182988858,11.547212967816348,40.0,False
ood_compound,A2_unfiltered_train_seed_3,50032,-174.5788868144925,250,False,0.3027095815318019,9.362534283141406,40.0,False
ood_compound,A2_unfiltered_train_seed_3,50033,-285.73296405182134,250,False,0.7663816434731798,3.5487467828713224,40.0,False
ood_compound,A2_unfiltered_train_seed_3,50034,-178.85842239010893,250,False,0.09326186632890274,7.948080788186787,40.0,False
ood_compound,A2_unfiltered_train_seed_3,50035,-316.16814995785313,250,False,0.8875239647837087,6.065652931048382,40.0,False
ood_compound,A2_unfiltered_train_seed_3,50036,-291.42576507415896,250,False,0.15238984794401006,5.29575758772327,40.0,False
ood_compound,A2_unfiltered_train_seed_3,50037,-104.4008662158655,250,False,0.08793734269095303,9.608883848329446,40.0,False
ood_compound,A2_unfiltered_train_seed_3,50038,-237.39327822258699,250,False,0.30986867754915887,15.8866819878873,40.0,False
ood_compound,A2_unfiltered_train_seed_3,50039,-87.86261833181204,250,False,0.09437295773804628,5.107469173355973,40.0,False
ood_compound,A2_unfiltered_train_seed_3,50040,-208.98726018792044,250,False,0.42976587017323553,6.89290337334764,40.0,False
ood_compound,A2_unfiltered_train_seed_3,50041,-153.38001746916154,250,False,0.14414472168852435,9.137439711864687,40.0,False
ood_compound,A2_unfiltered_train_seed_3,50042,-212.44578943072108,250,False,0.5120017447722919,5.76162992190209,40.0,False
ood_compound,A2_unfiltered_train_seed_3,50043,-118.95404209496846,250,False,0.19955146747555264,5.3670969002571445,40.0,False
ood_compound,A2_unfiltered_train_seed_3,50044,-138.10470818654343,250,False,0.16040204324629345,10.83234317590317,40.0,False
ood_compound,A2_unfiltered_train_seed_3,50045,-200.06331969697928,250,False,0.43590227986146757,6.711842103372929,40.0,False
ood_compound,A2_unfiltered_train_seed_3,50046,-150.80790382089285,250,False,0.26635984397210255,8.389929200903907,40.0,False
ood_compound,A2_unfiltered_train_seed_3,50047,-394.4294052982364,250,False,1.273708276993926,7.2112416753709345,40.0,False
ood_compound,A2_unfiltered_train_seed_3,50048,-157.6580640599107,250,False,0.23976276719808357,7.630018681158926,40.0,False
ood_compound,A2_unfiltered_train_seed_3,50049,-223.96661268923734,250,False,0.4326574075484251,9.442932654162899,40.0,False
ood_compound,A2_unfiltered_train_seed_3,50050,-249.53872183554284,250,False,0.2653851885041744,21.836449624054396,40.0,False
ood_compound,A2_unfiltered_train_seed_3,50051,-121.66210598554918,105,True,0.04854420731318701,14.647729426395095,40.0,False
ood_compound,A2_unfiltered_train_seed_3,50052,-421.150956553873,250,False,1.049001790488997,20.981045406753573,40.0,False
ood_compound,A2_unfiltered_train_seed_3,50053,-122.49187964421218,250,False,0.13312144264531878,8.3183414782685,40.0,False
ood_compound,A2_unfiltered_train_seed_3,50054,-188.15534754181607,250,False,0.1905279565882865,14.641777560128547,40.0,False
ood_compound,A2_unfiltered_train_seed_3,50055,-177.14151563094006,250,False,0.2759043154139329,8.873384516691788,40.0,False
ood_compound,A2_unfiltered_train_seed_3,50056,-97.9660019449023,250,False,0.19797335383723413,4.935936906933296,40.0,False
ood_compound,A2_unfiltered_train_seed_3,50057,-434.9679337669342,250,False,1.3752661915589548,8.955644533654219,40.0,False
ood_compound,A2_unfiltered_train_seed_3,50058,-193.67001321696938,250,False,0.18320227867947841,10.124300483325374,40.0,False
ood_compound,A2_unfiltered_train_seed_3,50059,-241.72362886741237,250,False,0.5990716965523954,5.623348735355892,40.0,False
ood_compound,A2_unfiltered_train_seed_3,50060,-459.3154625527365,250,False,0.4034218743274024,25.04560837217426,40.0,False
ood_compound,A2_unfiltered_train_seed_3,50061,-324.072664779807,250,False,1.0588400339077335,3.2474401182234462,40.0,False
ood_compound,A2_unfiltered_train_seed_3,50062,-180.44525207573193,250,False,0.1437373652675918,17.05131317165201,40.0,False
ood_compound,A2_unfiltered_train_seed_3,50063,-328.79359388294,250,False,0.9674147267125242,4.553375929961195,40.0,False
ood_compound,A2_unfiltered_train_seed_3,50064,-237.2818626990822,250,False,0.2300281787123365,6.764224530428458,40.0,False
ood_compound,A2_unfiltered_train_seed_3,50065,-112.76996645628861,250,False,0.1268722570554733,9.231281419066523,40.0,False
ood_compound,A2_unfiltered_train_seed_3,50066,-191.70285785349682,250,False,0.39082186445956657,5.811990960919618,40.0,False
ood_compound,A2_unfiltered_train_seed_3,50067,-165.71931582406762,250,False,0.12404931228246362,7.323462525221896,40.0,False
ood_compound,A2_unfiltered_train_seed_3,50068,-21.424387364834764,36,True,0.017115891932457175,7.035486667653656,40.0,False
ood_compound,A2_unfiltered_train_seed_3,50069,-192.2363822891678,250,False,0.26029239416259364,11.786322227431754,40.0,False
ood_compound,A2_unfiltered_train_seed_3,50070,-296.27997433427214,250,False,0.8719874241395018,5.531895677824962,40.0,False
ood_compound,A2_unfiltered_train_seed_3,50071,-133.40200408897226,250,False,0.19688150930154874,6.147266171177045,40.0,False
ood_compound,A2_unfiltered_train_seed_3,50072,-176.27648295559138,250,False,0.1912107678179631,13.163050794582453,40.0,False
ood_compound,A2_unfiltered_train_seed_3,50073,-218.1253100464375,250,False,0.261996412264478,15.579521649454488,40.0,False
ood_compound,A2_unfiltered_train_seed_3,50074,-208.9724692501123,250,False,0.639069185557576,6.719368457707343,40.0,False
ood_compound,A2_unfiltered_train_seed_3,50075,-351.9964151139867,250,False,0.905518354777483,6.264707687622128,40.0,False
ood_compound,A2_unfiltered_train_seed_3,50076,-231.00235721871945,250,False,0.2882607642174852,10.502296564603409,40.0,False
ood_compound,A2_unfiltered_train_seed_3,50077,-192.72220581961346,250,False,0.48208276536427885,7.141797767207405,40.0,False
ood_compound,A2_unfiltered_train_seed_3,50078,-301.26050147191,250,False,0.21404777392262492,4.870437277084236,40.0,False
ood_compound,A2_unfiltered_train_seed_3,50079,-278.3291753822097,250,False,0.2685918630709969,9.480348485590104,40.0,False
ood_compound,A2_unfiltered_train_seed_3,50080,-188.76865404484568,250,False,0.133020541505341,16.88079196714113,40.0,False
ood_compound,A2_unfiltered_train_seed_3,50081,-174.0497787921203,250,False,0.3393810239544275,8.026858278739372,40.0,False
ood_compound,A2_unfiltered_train_seed_3,50082,-50.46400574453148,81,True,0.03185559146071343,8.465390673406569,40.0,False
ood_compound,A2_unfiltered_train_seed_3,50083,-162.6013589708311,250,False,0.09194732394056632,16.10414861547879,40.0,False
ood_compound,A2_unfiltered_train_seed_3,50084,-120.65735259854318,250,False,0.19588760438947114,5.6032174496707094,40.0,False
ood_compound,A2_unfiltered_train_seed_3,50085,-200.8489732212869,250,False,0.1603253171373287,21.3318853700138,40.0,False
ood_compound,A2_unfiltered_train_seed_3,50086,-134.18041899075524,250,False,0.17275932308350983,10.851100797077407,40.0,False
ood_compound,A2_unfiltered_train_seed_3,50087,-108.17709651470938,250,False,0.15104021802802067,7.917066412226791,40.0,False
ood_compound,A2_unfiltered_train_seed_3,50088,-229.02014168371275,250,False,0.21788473425052204,12.46659441392661,40.0,False
ood_compound,A2_unfiltered_train_seed_3,50089,-93.27398535870067,85,True,0.049659601520308405,7.791149125848927,38.86500549316406,False
ood_compound,A2_unfiltered_train_seed_3,50090,-201.83062144214384,250,False,0.29990896896764546,9.40050916854815,40.0,False
ood_compound,A2_unfiltered_train_seed_3,50091,-214.762452612923,250,False,0.19337715895048507,12.771498808336212,40.0,False
ood_compound,A2_unfiltered_train_seed_3,50092,-307.2838556030792,250,False,0.87956134013526,6.060815220067923,40.0,False
ood_compound,A2_unfiltered_train_seed_3,50093,-293.72118675477253,250,False,0.31206803168967456,9.32567667520349,40.0,False
ood_compound,A2_unfiltered_train_seed_3,50094,-138.96032307429812,250,False,0.2245507795428595,6.428325582410048,40.0,False
ood_compound,A2_unfiltered_train_seed_3,50095,-52.3871530840373,99,True,0.04919394013970059,6.7339939709099434,40.0,False
ood_compound,A2_unfiltered_train_seed_3,50096,-699.1633920441425,250,False,2.7447110196392264,9.600669438562912,40.0,False
ood_compound,A2_unfiltered_train_seed_3,50097,-289.8384150846676,250,False,0.9330013718802589,6.7532633703386455,40.0,False
ood_compound,A2_unfiltered_train_seed_3,50098,-136.12178472773596,250,False,0.10554281158651344,9.220549954380315,40.0,False
ood_compound,A2_unfiltered_train_seed_3,50099,-305.1173174123826,250,False,0.8586098138601508,6.576639017535539,40.0,False
ood_compound,A5_hocbf_train_seed_3,50000,-362.9385665222189,250,False,1.1556425560845522,4.540883039402455,40.0,False
ood_compound,A5_hocbf_train_seed_3,50001,-224.33114105889973,250,False,0.24411087638939416,4.574946674521396,40.0,False
ood_compound,A5_hocbf_train_seed_3,50002,-452.13235042617305,250,False,1.529434814282234,6.731567743318548,40.0,False
ood_compound,A5_hocbf_train_seed_3,50003,-195.20959919089375,55,False,3.2296496821096645,10.429255459889834,40.0,False
ood_compound,A5_hocbf_train_seed_3,50004,-484.7940248205013,250,False,0.9710241127147107,5.555155960841128,40.0,False
ood_compound,A5_hocbf_train_seed_3,50005,-241.37396209036277,250,False,0.4611277304838377,4.480652221535871,40.0,False
ood_compound,A5_hocbf_train_seed_3,50006,-265.12655418655305,250,False,0.23414915769478986,2.8044169755579604,40.0,False
ood_compound,A5_hocbf_train_seed_3,50007,-173.8861890236871,58,False,3.030613842560158,10.9268963095044,40.0,False
ood_compound,A5_hocbf_train_seed_3,50008,-331.22890987707785,250,False,0.9695355826331202,7.799491138571558,40.0,False
ood_compound,A5_hocbf_train_seed_3,50009,-411.6871786289938,250,False,0.16665108826657452,2.688727207172634,40.0,False
ood_compound,A5_hocbf_train_seed_3,50010,-290.7938894889003,250,False,0.4105604342500754,3.318101048767119,40.0,False
ood_compound,A5_hocbf_train_seed_3,50011,-282.5305478652767,250,False,0.8992517554418236,4.3238951296181565,40.0,False
ood_compound,A5_hocbf_train_seed_3,50012,-186.98372579324132,176,True,0.049702970046971134,2.4993789786110967,40.0,False
ood_compound,A5_hocbf_train_seed_3,50013,-949.6772973609411,250,False,3.3844534090222047,1.921092139954943,37.38359069824219,False
ood_compound,A5_hocbf_train_seed_3,50014,-324.4890163674297,250,False,1.0533904747459508,5.662945407188709,40.0,False
ood_compound,A5_hocbf_train_seed_3,50015,-403.59516181218464,250,False,0.18366949260078144,3.553394937403537,40.0,False
ood_compound,A5_hocbf_train_seed_3,50016,-553.838109647761,250,False,0.4078953429807843,1.5214920137827435,40.0,False
ood_compound,A5_hocbf_train_seed_3,50017,-332.12691382364045,250,False,1.0222346261906974,7.385779515291036,40.0,False
ood_compound,A5_hocbf_train_seed_3,50018,-531.0093049517554,250,False,0.8285037121237548,5.589027639443871,40.0,False
ood_compound,A5_hocbf_train_seed_3,50019,-797.6343644665944,250,False,2.803809842038915,0.9738879933564872,40.0,False
ood_compound,A5_hocbf_train_seed_3,50020,-470.87500587366014,250,False,1.6868483729411792,1.550814678808893,39.8895378112793,False
ood_compound,A5_hocbf_train_seed_3,50021,-427.8056177381575,250,False,1.3579910401212494,2.1924252708613143,40.0,False
ood_compound,A5_hocbf_train_seed_3,50022,-368.4554218512008,250,False,0.1873155491390671,3.3077073736121174,40.0,False
ood_compound,A5_hocbf_train_seed_3,50023,-191.10299806289913,250,False,0.14081198687270138,5.882165231838961,40.0,False
ood_compound,A5_hocbf_train_seed_3,50024,-327.92312913522466,250,False,1.0164461143874288,3.638337738714641,40.0,False
ood_compound,A5_hocbf_train_seed_3,50025,-190.01106113992032,250,False,0.23351671176371197,7.062228418656661,40.0,False
ood_compound,A5_hocbf_train_seed_3,50026,-402.54092815210214,250,False,1.4645617903596173,7.915813217699086,40.0,False
ood_compound,A5_hocbf_train_seed_3,50027,-192.8467211781314,250,False,0.26386711025455767,4.777976336053425,40.0,False
ood_compound,A5_hocbf_train_seed_3,50028,-381.8010686880318,250,False,0.1193266210835428,5.811036793852286,40.0,False
ood_compound,A5_hocbf_train_seed_3,50029,-718.6022893694502,250,False,1.816080524380974,2.6713072500415236,40.0,False
ood_compound,A5_hocbf_train_seed_3,50030,-184.31156303704978,250,False,0.255314251024669,6.636620561397364,40.0,False
ood_compound,A5_hocbf_train_seed_3,50031,-213.7886073942138,250,False,0.09789236730254283,5.701966371577988,40.0,False
ood_compound,A5_hocbf_train_seed_3,50032,-317.6856849502646,250,False,0.30481432643029205,2.3503594558392398,40.0,False
ood_compound,A5_hocbf_train_seed_3,50033,-403.42305428277734,250,False,1.5342323708057293,2.2728414568453283,40.0,False
ood_compound,A5_hocbf_train_seed_3,50034,-480.5190464785607,250,False,1.6251089556181073,4.760795900943245,40.0,False
ood_compound,A5_hocbf_train_seed_3,50035,-423.50773362211663,250,False,1.3994057997667504,5.355150670591857,40.0,False
ood_compound,A5_hocbf_train_seed_3,50036,-585.2294899824427,250,False,2.327604844670997,1.436389036542146,40.0,False
ood_compound,A5_hocbf_train_seed_3,50037,-609.4999170397243,250,False,2.2683327048743487,0.9963292243622331,40.0,False
ood_compound,A5_hocbf_train_seed_3,50038,-275.2308709738848,250,False,0.5833381956824377,6.91199905283713,40.0,False
ood_compound,A5_hocbf_train_seed_3,50039,-500.01460354742244,250,False,1.8648128456143118,2.0491103742111436,40.0,False
ood_compound,A5_hocbf_train_seed_3,50040,-237.94958619951666,250,False,0.6989416585658438,5.993156579057564,40.0,False
ood_compound,A5_hocbf_train_seed_3,50041,-388.36843965030704,250,False,0.1582167970684556,2.9860210610134024,40.0,False
ood_compound,A5_hocbf_train_seed_3,50042,-327.5526662688765,250,False,1.0467256029537357,4.414378143611837,40.0,False
ood_compound,A5_hocbf_train_seed_3,50043,-364.16338227537096,250,False,1.1735443469991673,0.8108140279168569,39.24981689453125,False
ood_compound,A5_hocbf_train_seed_3,50044,-685.0334552921927,250,False,2.393370007354812,0.8282347082284894,40.0,False
ood_compound,A5_hocbf_train_seed_3,50045,-342.49696998229746,250,False,0.7561324016182425,3.2965043200931716,40.0,False
ood_compound,A5_hocbf_train_seed_3,50046,-259.6970819259497,250,False,0.2664254993925715,2.9933589789816715,40.0,False
ood_compound,A5_hocbf_train_seed_3,50047,-385.30639126095383,250,False,0.7987899627283727,4.247010301592132,40.0,False
ood_compound,A5_hocbf_train_seed_3,50048,-159.4813274121995,250,False,0.23934695734463857,6.170816518787215,40.0,False
ood_compound,A5_hocbf_train_seed_3,50049,-789.7961125766603,250,False,0.16427832239298895,3.491989923280434,40.0,False
ood_compound,A5_hocbf_train_seed_3,50050,-271.6576840787683,250,False,0.48091137350013285,5.308785528363826,40.0,False
ood_compound,A5_hocbf_train_seed_3,50051,-257.74978152821643,250,False,0.5798442842589902,4.987885393079081,40.0,False
ood_compound,A5_hocbf_train_seed_3,50052,-376.6473602432047,250,False,0.8938894953197722,5.997266906485065,40.0,False
ood_compound,A5_hocbf_train_seed_3,50053,-291.8589338710156,250,False,0.13413806974265427,2.0002946860816833,40.0,False
ood_compound,A5_hocbf_train_seed_3,50054,-204.36066080553056,250,False,0.2572509021168259,4.631957480253618,40.0,False
ood_compound,A5_hocbf_train_seed_3,50055,-307.08230022217066,250,False,0.2328791217925628,2.1474654048470714,40.0,False
ood_compound,A5_hocbf_train_seed_3,50056,-101.3135017401454,250,False,0.19797644066865286,2.766911721644571,40.0,False
ood_compound,A5_hocbf_train_seed_3,50057,-537.9301367487052,250,False,0.2993324278452976,2.3923284178048165,40.0,False
ood_compound,A5_hocbf_train_seed_3,50058,-323.5932865241501,250,False,0.19376194992510887,4.041668795861803,40.0,False
ood_compound,A5_hocbf_train_seed_3,50059,-367.0211634448419,250,False,1.0957301893515246,4.073839741036842,40.0,False
ood_compound,A5_hocbf_train_seed_3,50060,-904.4335008480431,250,False,3.212579002017095,0.7564219043565816,40.0,False
ood_compound,A5_hocbf_train_seed_3,50061,-348.439925103204,250,False,0.7976300103109698,1.9504086784849883,40.0,False
ood_compound,A5_hocbf_train_seed_3,50062,-184.55964040713144,250,False,0.1905535717614327,8.831176115732852,40.0,False
ood_compound,A5_hocbf_train_seed_3,50063,-506.8744162553558,250,False,2.2004787887614556,2.081783768053131,40.0,False
ood_compound,A5_hocbf_train_seed_3,50064,-616.5568099673786,250,False,2.3325131021397354,2.869519919893548,40.0,False
ood_compound,A5_hocbf_train_seed_3,50065,-137.33115511292053,250,False,0.11562032540487449,4.670998056078809,40.0,False
ood_compound,A5_hocbf_train_seed_3,50066,-752.0038992094758,250,False,2.6082180849209076,1.3439471624635615,40.0,False
ood_compound,A5_hocbf_train_seed_3,50067,-376.93358467385195,250,False,0.6807531208402909,4.210046626554308,40.0,False
ood_compound,A5_hocbf_train_seed_3,50068,-113.56374953106165,128,True,0.023831514181107905,3.4676494639501936,38.66389083862305,False
ood_compound,A5_hocbf_train_seed_3,50069,-418.69433214629544,250,False,0.2779173892625193,3.8379561454906597,40.0,False
ood_compound,A5_hocbf_train_seed_3,50070,-321.8863867635429,250,False,1.037872886438661,4.648740025659954,40.0,False
ood_compound,A5_hocbf_train_seed_3,50071,-659.4444324355933,250,False,2.4646080874494167,1.367385085558088,40.0,False
ood_compound,A5_hocbf_train_seed_3,50072,-232.2657322940386,250,False,0.38817121483571615,4.853088137998739,40.0,False
ood_compound,A5_hocbf_train_seed_3,50073,-278.4303485162014,250,False,0.5069002531247491,4.856165295151996,40.0,False
ood_compound,A5_hocbf_train_seed_3,50074,-403.6730343816853,250,False,1.3219299386322563,3.854862032759849,40.0,False
ood_compound,A5_hocbf_train_seed_3,50075,-413.1918492690236,250,False,1.154856726754332,4.435321509297701,40.0,False
ood_compound,A5_hocbf_train_seed_3,50076,-118.59941162506838,36,False,2.1362591636771207,11.345847280732585,40.0,False
ood_compound,A5_hocbf_train_seed_3,50077,-205.55228820207742,250,False,0.48076453706999567,6.2754822309704625,40.0,False
ood_compound,A5_hocbf_train_seed_3,50078,-575.3750513711815,250,False,2.386570460274144,5.373096537403527,40.0,False
ood_compound,A5_hocbf_train_seed_3,50079,-426.43391875044387,250,False,0.9904925884404984,5.784071613964157,40.0,False
ood_compound,A5_hocbf_train_seed_3,50080,-199.84587657602293,250,False,0.1349787709483292,7.845241888659494,40.0,False
ood_compound,A5_hocbf_train_seed_3,50081,-184.93660327695474,250,False,0.34353321185529123,4.677024318184189,40.0,False
ood_compound,A5_hocbf_train_seed_3,50082,-84.54909838192981,116,True,0.028391799533862044,2.8753698066407862,40.0,False
ood_compound,A5_hocbf_train_seed_3,50083,-189.0843417198653,250,False,0.164372791740759,6.791812095290242,40.0,False
ood_compound,A5_hocbf_train_seed_3,50084,-601.2592478184828,250,False,1.7981299801974744,2.4924278681718968,40.0,False
ood_compound,A5_hocbf_train_seed_3,50085,-278.70680032684885,250,False,0.4956964085218557,4.7623610931944595,40.0,False
ood_compound,A5_hocbf_train_seed_3,50086,-379.11358162460493,250,False,0.5096615689821733,9.323236435954382,40.0,False
ood_compound,A5_hocbf_train_seed_3,50087,-313.57708506967145,250,False,0.18256094666908357,2.105107205483945,40.0,False
ood_compound,A5_hocbf_train_seed_3,50088,-379.2524470481821,250,False,1.141499141950864,4.129586398058359,40.0,False
ood_compound,A5_hocbf_train_seed_3,50089,-185.48181977139947,250,False,0.4073330449244631,5.631466331755382,40.0,False
ood_compound,A5_hocbf_train_seed_3,50090,-422.71669724587326,250,False,0.24369185953739775,4.085241174132416,40.0,False
ood_compound,A5_hocbf_train_seed_3,50091,-298.0040031045171,250,False,0.5026506789095033,5.779229608106982,40.0,False
ood_compound,A5_hocbf_train_seed_3,50092,-337.09137638591164,250,False,1.0524471659719865,7.291271109855155,40.0,False
ood_compound,A5_hocbf_train_seed_3,50093,-455.8193357695693,250,False,1.3945957669963143,8.809113215339956,40.0,False
ood_compound,A5_hocbf_train_seed_3,50094,-178.89049390333375,250,False,0.22882730823621358,1.85088431054422,40.0,False
ood_compound,A5_hocbf_train_seed_3,50095,-157.94971590376292,176,True,0.04982878002062248,2.2226900021607023,40.0,False
ood_compound,A5_hocbf_train_seed_3,50096,-652.2101630464197,250,False,0.6476698703721577,7.841951837560937,40.0,False
ood_compound,A5_hocbf_train_seed_3,50097,-325.8462420641413,250,False,1.1703488897734236,8.301750201675619,40.0,False
ood_compound,A5_hocbf_train_seed_3,50098,-431.8997745805073,250,False,0.5403461930264248,9.781481188846701,40.0,False
ood_compound,A5_hocbf_train_seed_3,50099,-363.78645579947937,250,False,1.3746478384754326,9.242450307456027,40.0,False
ood_compound,A6_prefilter_train_seed_3,50000,-359.755096181621,250,False,1.1683494810644437,9.952050713222409,40.0,False
ood_compound,A6_prefilter_train_seed_3,50001,-262.5946366716647,250,False,0.4369162066722874,15.60026564704013,40.0,False
ood_compound,A6_prefilter_train_seed_3,50002,-366.00460637215673,250,False,1.1597906648220533,7.135437185847819,40.0,False
ood_compound,A6_prefilter_train_seed_3,50003,-619.5740728507903,250,False,1.2281146828037997,29.381420959489816,40.0,False
ood_compound,A6_prefilter_train_seed_3,50004,-346.2740200008288,250,False,1.1847678978058467,5.677070187516654,40.0,False
ood_compound,A6_prefilter_train_seed_3,50005,-270.47971776398447,250,False,0.5995930648134019,10.471247959067956,40.0,False
ood_compound,A6_prefilter_train_seed_3,50006,-211.44551377021062,250,False,0.4918552588893197,6.270664855004695,40.0,False
ood_compound,A6_prefilter_train_seed_3,50007,-363.23695177558466,250,False,0.8904406613279122,9.102440858327999,40.0,False
ood_compound,A6_prefilter_train_seed_3,50008,-309.2715153364927,250,False,0.9539340003530357,9.001031328624624,40.0,False
ood_compound,A6_prefilter_train_seed_3,50009,-182.59157648252366,250,False,0.45294014161984686,8.65277457765326,40.0,False
ood_compound,A6_prefilter_train_seed_3,50010,-236.4408386903418,250,False,0.6611720295183063,8.860088243728276,40.0,False
ood_compound,A6_prefilter_train_seed_3,50011,-276.74945629171356,250,False,0.8140590437486805,8.476114507892934,40.0,False
ood_compound,A6_prefilter_train_seed_3,50012,-284.72195270512776,250,False,0.9051645321291685,8.724550758202938,40.0,False
ood_compound,A6_prefilter_train_seed_3,50013,-364.7459867315623,250,False,1.1011159402769,8.106852923763805,40.0,False
ood_compound,A6_prefilter_train_seed_3,50014,-364.02138989630726,250,False,1.006506236224818,13.8214476950416,40.0,False
ood_compound,A6_prefilter_train_seed_3,50015,-373.1189681394031,250,False,1.1125073633591833,9.900361190519853,40.0,False
ood_compound,A6_prefilter_train_seed_3,50016,-305.6785182978967,250,False,1.0175989573043505,9.328759507300465,40.0,False
ood_compound,A6_prefilter_train_seed_3,50017,-313.5002525264077,250,False,0.975860718358034,7.665176655720603,40.0,False
ood_compound,A6_prefilter_train_seed_3,50018,-227.6515440455627,250,False,0.32880687954787513,8.630041857694435,40.0,False
ood_compound,A6_prefilter_train_seed_3,50019,-276.05573007935135,250,False,0.6008547529085502,10.5422115383979,40.0,False
ood_compound,A6_prefilter_train_seed_3,50020,-399.8926364113488,250,False,0.9768673574613178,8.34925211076212,40.0,False
ood_compound,A6_prefilter_train_seed_3,50021,-403.5363245952721,250,False,1.224393153622353,5.927884899267867,40.0,False
ood_compound,A6_prefilter_train_seed_3,50022,-347.97754112429226,250,False,0.9368651788743638,9.669364150383583,40.0,False
ood_compound,A6_prefilter_train_seed_3,50023,-250.29173436041026,250,False,0.4690642179260773,14.333785036012904,40.0,False
ood_compound,A6_prefilter_train_seed_3,50024,-321.19132150293575,250,False,0.8986917448948996,7.594316571533266,40.0,False
ood_compound,A6_prefilter_train_seed_3,50025,-290.39756729513,250,False,0.5893950230194527,19.441978499372066,40.0,False
ood_compound,A6_prefilter_train_seed_3,50026,-399.94580259260357,250,False,1.449654960337837,6.590387282908758,40.0,False
ood_compound,A6_prefilter_train_seed_3,50027,-279.5138171742552,250,False,0.6840336546170138,10.441526726399184,40.0,False
ood_compound,A6_prefilter_train_seed_3,50028,-376.4702893887393,250,False,1.0234911475487092,13.668943701350209,40.0,False
ood_compound,A6_prefilter_train_seed_3,50029,-274.1730842929566,250,False,0.4392906128612136,11.34302387652643,40.0,False
ood_compound,A6_prefilter_train_seed_3,50030,-214.7307991862195,250,False,0.4507271156602398,11.771613059369614,40.0,False
ood_compound,A6_prefilter_train_seed_3,50031,-213.57986183576003,250,False,0.2990246710107225,15.308337247212792,40.0,False
ood_compound,A6_prefilter_train_seed_3,50032,-312.56593092701036,250,False,0.9366275911872768,9.436852084376309,40.0,False
ood_compound,A6_prefilter_train_seed_3,50033,-379.8017573492169,250,False,0.9394600632983257,3.4733045556334448,40.0,False
ood_compound,A6_prefilter_train_seed_3,50034,-426.0556120394201,250,False,1.3756129593196749,5.1061710066178065,40.0,False
ood_compound,A6_prefilter_train_seed_3,50035,-415.76478417377047,250,False,1.3836033851874265,4.428053717950196,40.0,False
ood_compound,A6_prefilter_train_seed_3,50036,-473.156307376737,250,False,1.4877076452897278,3.6596856846998067,40.0,False
ood_compound,A6_prefilter_train_seed_3,50037,-335.16761533961886,250,False,1.1300249628283814,9.226207232838432,40.0,False
ood_compound,A6_prefilter_train_seed_3,50038,-308.91128446407157,250,False,0.7587460805721805,18.306070239267154,40.0,False
ood_compound,A6_prefilter_train_seed_3,50039,-382.27880191899123,250,False,1.2732237663111003,3.193548030364049,40.0,False
ood_compound,A6_prefilter_train_seed_3,50040,-269.24052284364694,250,False,0.7729286128591252,9.510763476394251,40.0,False
ood_compound,A6_prefilter_train_seed_3,50041,-326.3076612685834,250,False,1.0275886581175557,9.53942460931565,40.0,False
ood_compound,A6_prefilter_train_seed_3,50042,-311.9564240735808,250,False,0.9944000977574511,5.217682739492741,40.0,False
ood_compound,A6_prefilter_train_seed_3,50043,-283.97794457497514,250,False,0.8533210021350459,3.9568777361142033,40.0,False
ood_compound,A6_prefilter_train_seed_3,50044,-374.6453197970169,250,False,1.2634009369227168,10.23438702262794,40.0,False
ood_compound,A6_prefilter_train_seed_3,50045,-288.6651706496882,250,False,0.6166257262460295,8.424931018261907,40.0,False
ood_compound,A6_prefilter_train_seed_3,50046,-250.5164986558709,250,False,0.610384201563666,9.724985259367411,40.0,False
ood_compound,A6_prefilter_train_seed_3,50047,-494.88200189044767,250,False,1.5833114344939194,5.696290025728975,40.0,False
ood_compound,A6_prefilter_train_seed_3,50048,-232.71513441142707,250,False,0.576678238212693,12.695379635544112,40.0,False
ood_compound,A6_prefilter_train_seed_3,50049,-333.1258088920345,250,False,0.7455284846143628,10.818745779185837,40.0,False
ood_compound,A6_prefilter_train_seed_3,50050,-317.6076492214529,250,False,0.6960654507992032,22.060600867066277,40.0,False
ood_compound,A6_prefilter_train_seed_3,50051,-217.52295896873378,250,False,0.362726941139549,12.366346335432233,40.0,False
ood_compound,A6_prefilter_train_seed_3,50052,-423.2022951123227,250,False,0.6341233334293418,19.893343886803272,40.0,False
ood_compound,A6_prefilter_train_seed_3,50053,-327.49068283075354,250,False,1.118535434810195,7.731389942212212,40.0,False
ood_compound,A6_prefilter_train_seed_3,50054,-273.4446732279767,250,False,0.5699914305789573,18.648348636670296,40.0,False
ood_compound,A6_prefilter_train_seed_3,50055,-316.19487924427926,250,False,0.8873151176035711,8.929535574195214,40.0,False
ood_compound,A6_prefilter_train_seed_3,50056,-223.94839301074285,250,False,0.6327799529962402,2.1597323482570827,39.41453552246094,False
ood_compound,A6_prefilter_train_seed_3,50057,-452.6884145288613,250,False,1.6045946053509388,7.5061765161161,40.0,False
ood_compound,A6_prefilter_train_seed_3,50058,-269.8596140772219,250,False,0.3995007716935392,12.05834595928641,40.0,False
ood_compound,A6_prefilter_train_seed_3,50059,-330.8792839646996,250,False,1.027402963608656,3.743638568235347,40.0,False
ood_compound,A6_prefilter_train_seed_3,50060,-327.33395290640317,250,False,0.6805389415866542,9.634981380114038,40.0,False
ood_compound,A6_prefilter_train_seed_3,50061,-341.37752902398205,250,False,0.9111168880098998,4.7982910916564965,40.0,False
ood_compound,A6_prefilter_train_seed_3,50062,-273.8678716683308,250,False,0.5651456480239232,19.342599166464336,40.0,False
ood_compound,A6_prefilter_train_seed_3,50063,-446.9878143951641,250,False,1.0924517061804508,5.321097184675967,40.0,False
ood_compound,A6_prefilter_train_seed_3,50064,-358.44530173757335,250,False,1.2021078427157845,5.429257066497663,40.0,False
ood_compound,A6_prefilter_train_seed_3,50065,-250.06497663978087,250,False,0.7666385130149634,4.673563712251234,40.0,False
ood_compound,A6_prefilter_train_seed_3,50066,-279.03249867211395,250,False,0.5382091569778021,7.179283586527028,40.0,False
ood_compound,A6_prefilter_train_seed_3,50067,-385.74831056897864,250,False,1.116726978336132,4.605283890037132,40.0,False
ood_compound,A6_prefilter_train_seed_3,50068,-256.978921659657,250,False,0.7532889474457016,3.37430445014139,38.5438117980957,False
ood_compound,A6_prefilter_train_seed_3,50069,-330.69672489223984,250,False,0.9950028029050296,12.735415721477647,40.0,False
ood_compound,A6_prefilter_train_seed_3,50070,-330.49382761876643,250,False,1.0358663419689682,6.881028513315853,40.0,False
ood_compound,A6_prefilter_train_seed_3,50071,-302.1721333603453,250,False,1.3089643581521606,5.258462360905426,40.0,False
ood_compound,A6_prefilter_train_seed_3,50072,-202.30572811879756,250,False,0.2424343583242121,14.990482037144973,40.0,False
ood_compound,A6_prefilter_train_seed_3,50073,-315.25195828531366,250,False,0.6976950338088878,16.86057773395637,40.0,False
ood_compound,A6_prefilter_train_seed_3,50074,-402.3104807839229,250,False,1.3496255958963352,3.7678100266438586,40.0,False
ood_compound,A6_prefilter_train_seed_3,50075,-409.238739504161,250,False,1.2108939629144648,4.441900861667508,40.0,False
ood_compound,A6_prefilter_train_seed_3,50076,-366.7391842270574,250,False,0.899519401056084,14.380035840456653,40.0,False
ood_compound,A6_prefilter_train_seed_3,50077,-251.3080124700411,250,False,0.7311618725055247,8.661975144321348,40.0,False
ood_compound,A6_prefilter_train_seed_3,50078,-499.1243043628009,250,False,1.2320995254441145,3.002194679527649,40.0,False
ood_compound,A6_prefilter_train_seed_3,50079,-358.3681262611178,250,False,0.7865748817811482,11.966951328296682,40.0,False
ood_compound,A6_prefilter_train_seed_3,50080,-262.67150213022313,250,False,0.5056152778401587,17.826762330052915,40.0,False
ood_compound,A6_prefilter_train_seed_3,50081,-240.54208909893293,250,False,0.6888770184401193,10.410985710326013,40.0,False
ood_compound,A6_prefilter_train_seed_3,50082,-226.69967141533,250,False,0.7140409773397566,7.686220515468521,40.0,False
ood_compound,A6_prefilter_train_seed_3,50083,-179.73258604164144,250,False,0.1224976038109883,16.183457352304593,40.0,False
ood_compound,A6_prefilter_train_seed_3,50084,-254.89229337072828,250,False,1.284322299104509,5.174174164487816,40.0,False
ood_compound,A6_prefilter_train_seed_3,50085,-267.84324724846795,250,False,0.4206226210235638,20.41963048438144,40.0,False
ood_compound,A6_prefilter_train_seed_3,50086,-152.122271448056,250,False,0.23023834061353626,10.729058700485728,40.0,False
ood_compound,A6_prefilter_train_seed_3,50087,-258.4874692118871,250,False,0.7634416723945748,3.4701483102610893,40.0,False
ood_compound,A6_prefilter_train_seed_3,50088,-332.35273461652986,250,False,0.6357257673894429,15.537515816707089,40.0,False
ood_compound,A6_prefilter_train_seed_3,50089,-236.04026235704941,250,False,0.7199496025661983,11.206712658706898,40.0,False
ood_compound,A6_prefilter_train_seed_3,50090,-292.9694431320712,250,False,0.5589537392140834,9.801658500796606,40.0,False
ood_compound,A6_prefilter_train_seed_3,50091,-254.71150423794208,250,False,0.24290394639252483,12.40397361104197,40.0,False
ood_compound,A6_prefilter_train_seed_3,50092,-344.3092812885268,250,False,1.0570225365608603,4.688995326202509,40.0,False
ood_compound,A6_prefilter_train_seed_3,50093,-395.5008353016404,250,False,1.0653455009327273,10.652597637954052,40.0,False
ood_compound,A6_prefilter_train_seed_3,50094,-293.3543974276098,250,False,0.9549409843117462,4.307424232579307,40.0,False
ood_compound,A6_prefilter_train_seed_3,50095,-244.89686319512901,250,False,1.0322486461562237,4.730791368524882,40.0,False
ood_compound,A6_prefilter_train_seed_3,50096,-386.77282146541955,250,False,1.0890556662907942,10.28304197707813,40.0,False
ood_compound,A6_prefilter_train_seed_3,50097,-333.62380913013334,250,False,1.1282899012142469,8.220318754073018,40.0,False
ood_compound,A6_prefilter_train_seed_3,50098,-183.29913639455563,250,False,0.26872830761001254,9.162177404917331,40.0,False
ood_compound,A6_prefilter_train_seed_3,50099,-372.46340342113353,250,False,1.3162699198125718,7.294408829891759,40.0,False
ood_compound,A6_hocbf_train_seed_3,50000,-372.9708825510225,250,False,1.1675163388255623,5.192163025425635,40.0,False
ood_compound,A6_hocbf_train_seed_3,50001,-245.34969880803501,250,False,0.4338741168576036,5.029826395616398,40.0,False
ood_compound,A6_hocbf_train_seed_3,50002,-454.12246958123524,250,False,1.5588118544559944,6.6562944986192125,40.0,False
ood_compound,A6_hocbf_train_seed_3,50003,-204.45491305687844,58,False,3.200898668575009,10.770785262471634,40.0,False
ood_compound,A6_hocbf_train_seed_3,50004,-513.8179016019805,250,False,1.0415226652680356,5.280653673328699,40.0,False
ood_compound,A6_hocbf_train_seed_3,50005,-260.8051423992477,250,False,0.6023905016118852,4.449113273228484,40.0,False
ood_compound,A6_hocbf_train_seed_3,50006,-295.06591776916633,250,False,0.46619262107116255,2.680261668504203,40.0,False
ood_compound,A6_hocbf_train_seed_3,50007,-178.0653416392293,60,False,2.982507703882505,11.187206104079916,40.0,False
ood_compound,A6_hocbf_train_seed_3,50008,-326.82149449896355,250,False,0.9976589061120988,8.0517149882449,40.0,False
ood_compound,A6_hocbf_train_seed_3,50009,-431.2080829964108,250,False,0.4062996673806761,2.890121846596391,40.0,False
ood_compound,A6_hocbf_train_seed_3,50010,-325.2555350451062,250,False,0.6614893023490941,3.2819845443413436,40.0,False
ood_compound,A6_hocbf_train_seed_3,50011,-273.34081093737393,250,False,0.8118216205548829,5.596905404082319,40.0,False
ood_compound,A6_hocbf_train_seed_3,50012,-230.75466906730418,250,False,0.18692893192169455,2.1681526892601215,40.0,False
ood_compound,A6_hocbf_train_seed_3,50013,-962.1734482386931,250,False,3.3846326051794886,2.337328496348984,40.0,False
ood_compound,A6_hocbf_train_seed_3,50014,-326.8292818670044,250,False,1.018200188908706,4.929002356089094,40.0,False
ood_compound,A6_hocbf_train_seed_3,50015,-439.04762720019676,250,False,1.0828256016360374,3.553394937403537,40.0,False
ood_compound,A6_hocbf_train_seed_3,50016,-520.6046791164177,250,False,1.1355018526172949,1.5823020480380419,40.0,False
ood_compound,A6_hocbf_train_seed_3,50017,-325.0375059302845,250,False,1.0439425680227363,7.2756718943276475,40.0,False
ood_compound,A6_hocbf_train_seed_3,50018,-532.3170118847688,250,False,0.8607782691473291,5.575193607869776,40.0,False
ood_compound,A6_hocbf_train_seed_3,50019,-798.0028316089384,250,False,2.800328903599488,0.9738879933564872,40.0,False
ood_compound,A6_hocbf_train_seed_3,50020,-408.07074582245275,250,False,1.1772716084261057,2.0537287470853953,40.0,False
ood_compound,A6_hocbf_train_seed_3,50021,-424.9849073389296,250,False,1.295658254992829,1.7068659749615485,40.0,False
ood_compound,A6_hocbf_train_seed_3,50022,-387.3109218341538,250,False,0.9421663398306573,3.3077073736121174,40.0,False
ood_compound,A6_hocbf_train_seed_3,50023,-242.20138424904215,250,False,0.4681398365867918,6.819332067472267,40.0,False
ood_compound,A6_hocbf_train_seed_3,50024,-323.47916487710677,250,False,0.9062505687648744,2.7688856559535355,40.0,False
ood_compound,A6_hocbf_train_seed_3,50025,-245.0302247441939,250,False,0.5869870943543729,9.541628837086908,40.0,False
ood_compound,A6_hocbf_train_seed_3,50026,-403.05199293976983,250,False,1.475953724556171,7.3657799318560055,40.0,False
ood_compound,A6_hocbf_train_seed_3,50027,-266.5235624539308,250,False,0.6844063803405929,6.301296223535939,40.0,False
ood_compound,A6_hocbf_train_seed_3,50028,-412.1887609834545,250,False,0.9940858433148558,5.811036793852286,40.0,False
ood_compound,A6_hocbf_train_seed_3,50029,-718.6022893694502,250,False,1.816080524380974,2.6713072500415236,40.0,False
ood_compound,A6_hocbf_train_seed_3,50030,-212.44716879700644,250,False,0.4527904373487231,7.740013879547119,40.0,False
ood_compound,A6_hocbf_train_seed_3,50031,-237.97547527314376,250,False,0.30167868486370364,6.139166503560023,40.0,False
ood_compound,A6_hocbf_train_seed_3,50032,-369.37585798229645,250,False,0.9511816529574139,2.6345502780103827,40.0,False
ood_compound,A6_hocbf_train_seed_3,50033,-423.96822662444094,250,False,1.3578527233146576,1.8889877110959459,40.0,False
ood_compound,A6_hocbf_train_seed_3,50034,-483.93482618984973,250,False,1.635580724013322,4.61715997666815,40.0,False
ood_compound,A6_hocbf_train_seed_3,50035,-426.0140025034512,250,False,1.408044735402526,5.430326771876637,40.0,False
ood_compound,A6_hocbf_train_seed_3,50036,-586.1801823758495,250,False,2.3093003716149556,1.4364014129049694,40.0,False
ood_compound,A6_hocbf_train_seed_3,50037,-609.4999170397243,250,False,2.2683327048743487,0.9963292243622331,40.0,False
ood_compound,A6_hocbf_train_seed_3,50038,-303.93960620132157,250,False,0.7659959798880975,7.222259420764812,40.0,False
ood_compound,A6_hocbf_train_seed_3,50039,-502.5613931545275,250,False,1.8579460253002187,1.9710243671224021,40.0,False
ood_compound,A6_hocbf_train_seed_3,50040,-259.2620860763825,250,False,0.7718764629118835,6.508105369712448,40.0,False
ood_compound,A6_hocbf_train_seed_3,50041,-382.808273453374,250,False,1.0020859792394277,2.9860210610134024,40.0,False
ood_compound,A6_hocbf_train_seed_3,50042,-332.1810465864947,250,False,1.0438114769190003,4.057773681701424,40.0,False
ood_compound,A6_hocbf_train_seed_3,50043,-340.445731032855,250,False,1.0212770346088134,0.965147906311216,39.65678024291992,False
ood_compound,A6_hocbf_train_seed_3,50044,-678.1234502771074,250,False,2.342238310206379,0.8282347082284894,40.0,False
ood_compound,A6_hocbf_train_seed_3,50045,-330.20308696329494,250,False,0.844550973073777,3.2965043200931716,40.0,False
ood_compound,A6_hocbf_train_seed_3,50046,-303.93865868795393,250,False,0.6080011978085959,3.097994416265648,40.0,False
ood_compound,A6_hocbf_train_seed_3,50047,-511.59405994837323,250,False,1.8013091038822178,4.2032803529408955,40.0,False
ood_compound,A6_hocbf_train_seed_3,50048,-219.97649160392007,250,False,0.5757465283448691,7.679232615197462,40.0,False
ood_compound,A6_hocbf_train_seed_3,50049,-652.5448938471984,250,False,0.9026504003250642,4.513769995243935,40.0,False
ood_compound,A6_hocbf_train_seed_3,50050,-306.0004143162679,250,False,0.7054392967446972,5.471280041005906,40.0,False
ood_compound,A6_hocbf_train_seed_3,50051,-269.02108030340975,250,False,0.6430617391193207,5.211917941390853,40.0,False
ood_compound,A6_hocbf_train_seed_3,50052,-376.95642991040023,250,False,0.7278640113588308,6.069236676617205,40.0,False
ood_compound,A6_hocbf_train_seed_3,50053,-368.3871076148534,250,False,1.12652921753886,2.0002946860816833,40.0,False
ood_compound,A6_hocbf_train_seed_3,50054,-247.7097479893558,250,False,0.5752852376566446,3.9315130269208725,40.0,False
ood_compound,A6_hocbf_train_seed_3,50055,-363.3605963397894,250,False,0.9199498780952384,2.362446549470597,40.0,False
ood_compound,A6_hocbf_train_seed_3,50056,-223.94839301074285,250,False,0.6327799529962402,2.1597323482570827,39.41453552246094,False
ood_compound,A6_hocbf_train_seed_3,50057,-584.9365407213892,250,False,1.6481257971754064,2.321119917647145,40.0,False
ood_compound,A6_hocbf_train_seed_3,50058,-345.1867196454601,250,False,0.41067674666691084,4.041668795861803,40.0,False
ood_compound,A6_hocbf_train_seed_3,50059,-372.08805401688534,250,False,1.1111185615458576,3.4152100828321394,40.0,False
ood_compound,A6_hocbf_train_seed_3,50060,-904.5602101639929,250,False,3.208210545127019,0.7564219043565816,40.0,False
ood_compound,A6_hocbf_train_seed_3,50061,-355.3731519566057,250,False,0.8570756196157577,2.9244419314575105,40.0,False
ood_compound,A6_hocbf_train_seed_3,50062,-247.73081876683503,250,False,0.5695680508678108,8.70767109312682,40.0,False
ood_compound,A6_hocbf_train_seed_3,50063,-505.19382060978114,250,False,2.215345060170659,1.6807492140343208,40.0,False
ood_compound,A6_hocbf_train_seed_3,50064,-594.3727961484989,250,False,2.0204181669399217,2.863508476892779,40.0,False
ood_compound,A6_hocbf_train_seed_3,50065,-266.01630053719254,250,False,0.7638723798140503,4.4946411940702875,40.0,False
ood_compound,A6_hocbf_train_seed_3,50066,-752.006283850153,250,False,2.60816562105642,1.3439471624635615,40.0,False
ood_compound,A6_hocbf_train_seed_3,50067,-419.2189515255996,250,False,1.1453138991301972,4.142474042338474,40.0,False
ood_compound,A6_hocbf_train_seed_3,50068,-261.5973629972045,250,False,0.7538358991354351,3.218675572715994,38.94184112548828,False
ood_compound,A6_hocbf_train_seed_3,50069,-389.19805802416147,250,False,1.0202963040583808,3.8379561454906597,40.0,False
ood_compound,A6_hocbf_train_seed_3,50070,-326.370572422792,250,False,1.0403684931998731,4.673809977044651,40.0,False
ood_compound,A6_hocbf_train_seed_3,50071,-642.9519865784277,250,False,2.245980245571668,1.367385085558088,40.0,False
ood_compound,A6_hocbf_train_seed_3,50072,-235.96200713373523,250,False,0.3792562737784824,4.729092543834606,40.0,False
ood_compound,A6_hocbf_train_seed_3,50073,-304.1089997368646,250,False,0.7035532523619055,6.21090157128303,40.0,False
ood_compound,A6_hocbf_train_seed_3,50074,-405.6508913260272,250,False,1.360473224452738,3.6208171858144755,40.0,False
ood_compound,A6_hocbf_train_seed_3,50075,-426.539743373774,250,False,1.1310714090885177,4.374660646412735,40.0,False
ood_compound,A6_hocbf_train_seed_3,50076,-108.12001702851866,32,False,2.4219347388895573,10.553561631492387,40.0,False
ood_compound,A6_hocbf_train_seed_3,50077,-253.52400128001827,250,False,0.7323558241117697,6.620610925292579,40.0,False
ood_compound,A6_hocbf_train_seed_3,50078,-572.4522290015594,250,False,2.387534713322614,5.199389044466189,40.0,False
ood_compound,A6_hocbf_train_seed_3,50079,-435.31561325307786,250,False,0.8140150284723545,5.101261653387996,40.0,False
ood_compound,A6_hocbf_train_seed_3,50080,-259.95898637113703,250,False,0.5090632514824489,7.517510150264971,40.0,False
ood_compound,A6_hocbf_train_seed_3,50081,-235.01907174968287,250,False,0.6894465490845668,4.579900406194159,40.0,False
ood_compound,A6_hocbf_train_seed_3,50082,-219.97097878953278,250,False,0.7089035715262922,2.8753698066407862,40.0,False
ood_compound,A6_hocbf_train_seed_3,50083,-191.23747172882517,250,False,0.15555918562649984,6.7601016222356325,40.0,False
ood_compound,A6_hocbf_train_seed_3,50084,-601.2592478184828,250,False,1.7981299801974744,2.4924278681718968,40.0,False
ood_compound,A6_hocbf_train_seed_3,50085,-279.4280328009436,250,False,0.5063253919462471,5.647030121276364,40.0,False
ood_compound,A6_hocbf_train_seed_3,50086,-369.35822834900824,250,False,0.54511996755231,10.01531744891955,40.0,False
ood_compound,A6_hocbf_train_seed_3,50087,-367.5313914630979,250,False,0.7326844846214475,1.8060636343445662,40.0,False
ood_compound,A6_hocbf_train_seed_3,50088,-387.18212394529337,250,False,1.2049066059341142,4.293860535926158,40.0,False
ood_compound,A6_hocbf_train_seed_3,50089,-229.20694220653283,250,False,0.7204285209124204,5.683178761702743,40.0,False
ood_compound,A6_hocbf_train_seed_3,50090,-430.2885869419168,250,False,0.5262621657584049,4.085241174132416,40.0,False
ood_compound,A6_hocbf_train_seed_3,50091,-301.81260263105384,250,False,0.4941981751097004,6.041661566348174,40.0,False
ood_compound,A6_hocbf_train_seed_3,50092,-349.4654015410678,250,False,1.0690092087694987,6.373257781417662,40.0,False
ood_compound,A6_hocbf_train_seed_3,50093,-460.0488635035082,250,False,1.226172124549504,10.327709942893652,40.0,False
ood_compound,A6_hocbf_train_seed_3,50094,-314.6214199606428,250,False,0.801478388618432,1.647265435821254,40.0,False
ood_compound,A6_hocbf_train_seed_3,50095,-219.1626087030355,250,False,1.0224387964967365,2.1417420317383336,40.0,False
ood_compound,A6_hocbf_train_seed_3,50096,-526.4598091158995,250,False,1.062086565761357,3.083309642844034,40.0,False
ood_compound,A6_hocbf_train_seed_3,50097,-329.0498078467645,250,False,1.144821996139392,7.8912720447573275,40.0,False
ood_compound,A6_hocbf_train_seed_3,50098,-132.8375102625135,50,False,1.7355561610333692,10.50199786901939,40.0,False
ood_compound,A6_hocbf_train_seed_3,50099,-365.631558994733,250,False,1.362408203438944,9.567835629308956,40.0,False
motor_fault,A2_unfiltered_train_seed_3,50000,-296.4749902979464,250,False,1.0652230387685415,6.423064694115159,38.253543853759766,True
motor_fault,A2_unfiltered_train_seed_3,50001,-157.16686753777591,250,False,0.2390466310071843,9.393423484507473,40.0,True
motor_fault,A2_unfiltered_train_seed_3,50002,-63.81312705104187,250,False,0.08372615192999885,9.873599828763707,40.0,True
motor_fault,A2_unfiltered_train_seed_3,50003,-260.8321789321844,250,False,0.573442915610698,10.729496531376432,40.0,True
motor_fault,A2_unfiltered_train_seed_3,50004,-111.91130247609506,250,False,0.23563992278570586,9.46254277772833,40.0,True
motor_fault,A2_unfiltered_train_seed_3,50005,-134.1652181998764,250,False,0.16123802506691023,13.628188640416363,40.0,True
motor_fault,A2_unfiltered_train_seed_3,50006,-99.44452046288409,250,False,0.14996501430282178,7.805807826086614,40.0,True
motor_fault,A2_unfiltered_train_seed_3,50007,-275.41778473366725,250,False,0.730528537022596,9.545551910194748,40.0,True
motor_fault,A2_unfiltered_train_seed_3,50008,-231.4606101280761,250,False,0.3927266837586278,7.122921206952577,40.0,True
motor_fault,A2_unfiltered_train_seed_3,50009,-135.46925052317508,250,False,0.3059710903413094,8.734355792525474,40.0,True
motor_fault,A2_unfiltered_train_seed_3,50010,-100.29805450467293,250,False,0.14484022838415758,11.552928860030564,40.0,True
motor_fault,A2_unfiltered_train_seed_3,50011,-220.7743707318112,250,False,0.7970574153787023,4.14722949796838,40.0,True
motor_fault,A2_unfiltered_train_seed_3,50012,-29.82927553953772,39,True,0.03405174148789532,13.02963668011763,40.0,True
motor_fault,A2_unfiltered_train_seed_3,50013,-257.6326338199209,250,False,0.6890193515081662,9.464561742383191,40.0,True
motor_fault,A2_unfiltered_train_seed_3,50014,-327.72509386692184,250,False,0.6345703089408895,20.386031663589492,40.0,True
motor_fault,A2_unfiltered_train_seed_3,50015,-243.30177648478733,250,False,0.7204745502533805,11.40293255989043,40.0,True
motor_fault,A2_unfiltered_train_seed_3,50016,-248.9924991961139,250,False,0.9712957748942533,9.45787363511005,40.0,True
motor_fault,A2_unfiltered_train_seed_3,50017,-131.27115833331393,250,False,0.15368932334041172,7.1847358238173635,40.0,True
motor_fault,A2_unfiltered_train_seed_3,50018,-104.66338639687645,84,True,0.00446220593655771,12.071374171237855,40.0,True
motor_fault,A2_unfiltered_train_seed_3,50019,-201.1250506601159,250,False,0.45563106743821236,10.514693469982001,40.0,True
motor_fault,A2_unfiltered_train_seed_3,50020,-135.59788081872466,250,False,0.38385831566390594,8.002695117888049,40.0,True
motor_fault,A2_unfiltered_train_seed_3,50021,-119.83780183484099,250,False,0.3665300639712659,6.946148765904355,33.660369873046875,True
motor_fault,A2_unfiltered_train_seed_3,50022,-170.1159596061146,250,False,0.3044667950843438,11.90871612463855,40.0,True
motor_fault,A2_unfiltered_train_seed_3,50023,-120.23444828592557,250,False,0.09139199924072074,8.956311513656074,40.0,True
motor_fault,A2_unfiltered_train_seed_3,50024,-71.01819322961852,250,False,0.1512353693141946,4.039040314435249,32.48531723022461,True
motor_fault,A2_unfiltered_train_seed_3,50025,-159.03899812995758,250,False,0.3192142043509355,9.067205601814207,40.0,True
motor_fault,A2_unfiltered_train_seed_3,50026,-333.5495675712541,250,False,1.1324878318479557,7.038887820428478,40.0,True
motor_fault,A2_unfiltered_train_seed_3,50027,-86.2624856403241,250,False,0.17343190044175652,8.148396308743399,40.0,True
motor_fault,A2_unfiltered_train_seed_3,50028,-152.45588993482295,250,False,0.09269929186432993,16.04485685833761,40.0,True
motor_fault,A2_unfiltered_train_seed_3,50029,-157.4375484826812,250,False,0.2861216787102322,11.917534931209827,40.0,True
motor_fault,A2_unfiltered_train_seed_3,50030,-137.5935152763453,250,False,0.23228594034171673,8.44965504112892,40.0,True
motor_fault,A2_unfiltered_train_seed_3,50031,-78.11337539887916,68,True,0.04331207629520893,13.163943798543013,40.0,True
motor_fault,A2_unfiltered_train_seed_3,50032,-143.47578443326435,250,False,0.2592727174078469,12.297138552661394,40.0,True
motor_fault,A2_unfiltered_train_seed_3,50033,-4.099833513874078,34,True,0.04797558364748289,5.426867677751698,25.21912956237793,True
motor_fault,A2_unfiltered_train_seed_3,50034,-42.583906012937334,121,True,0.04972197208681264,9.258675244222871,40.0,True
motor_fault,A2_unfiltered_train_seed_3,50035,-308.3706903585236,250,False,1.0569649753918509,6.930876862380509,40.0,True
motor_fault,A2_unfiltered_train_seed_3,50036,-302.7800075253537,250,False,1.102799189529464,6.509814951846481,40.0,True
motor_fault,A2_unfiltered_train_seed_3,50037,-41.458659555911666,76,True,0.04705248173810423,10.383441336801287,40.0,True
motor_fault,A2_unfiltered_train_seed_3,50038,-233.52624481119662,250,False,0.3910062154368231,18.31611608987078,40.0,True
motor_fault,A2_unfiltered_train_seed_3,50039,-80.16093437459098,250,False,0.06597413943395697,6.207146914452945,40.0,True
motor_fault,A2_unfiltered_train_seed_3,50040,-110.3636806345039,250,False,0.2250290025851997,6.874987725354787,40.0,True
motor_fault,A2_unfiltered_train_seed_3,50041,-78.9070717369136,250,False,0.07779334180924932,12.109988121203976,40.0,True
motor_fault,A2_unfiltered_train_seed_3,50042,-75.73134272837397,250,False,0.13152400052058366,8.524066569052046,37.48291778564453,True
motor_fault,A2_unfiltered_train_seed_3,50043,-78.68093226685768,250,False,0.1854958161602495,6.338395180170792,40.0,True
motor_fault,A2_unfiltered_train_seed_3,50044,-81.1560544103931,250,False,0.06768192300494062,11.092014083854654,40.0,True
motor_fault,A2_unfiltered_train_seed_3,50045,-177.6883812942792,250,False,0.3619833019760104,9.774590056200346,40.0,True
motor_fault,A2_unfiltered_train_seed_3,50046,-82.4642605222471,250,False,0.08221700733982505,13.412831293740357,40.0,True
motor_fault,A2_unfiltered_train_seed_3,50047,-172.56228910444753,250,False,0.4849645854316516,6.71801652436375,40.0,True
motor_fault,A2_unfiltered_train_seed_3,50048,-114.41042020401969,250,False,0.22567595375156316,6.945087257210798,40.0,True
motor_fault,A2_unfiltered_train_seed_3,50049,-121.84709271187445,250,False,0.13248755359760203,12.934759568839858,40.0,True
motor_fault,A2_unfiltered_train_seed_3,50050,-187.97376520301773,250,False,0.21265276026861496,11.705017592180795,40.0,True
motor_fault,A2_unfiltered_train_seed_3,50051,-115.45768142585683,67,True,0.036775333207585616,14.915490879518586,40.0,True
motor_fault,A2_unfiltered_train_seed_3,50052,-143.95675071295375,97,True,0.049608590514830665,13.008867732916078,40.0,True
motor_fault,A2_unfiltered_train_seed_3,50053,-76.994821745697,250,False,0.09137091222648232,9.057195551441197,40.0,True
motor_fault,A2_unfiltered_train_seed_3,50054,-167.9325504841475,250,False,0.16808833886497254,18.036054921665944,40.0,True
motor_fault,A2_unfiltered_train_seed_3,50055,-251.35136096257625,250,False,0.78648879075042,10.134922880077326,40.0,True
motor_fault,A2_unfiltered_train_seed_3,50056,-60.32305973052779,250,False,0.14598055670142562,6.2812361175847045,26.399181365966797,True
motor_fault,A2_unfiltered_train_seed_3,50057,-156.07843587979326,250,False,0.3880735861648343,10.866706745862706,40.0,True
motor_fault,A2_unfiltered_train_seed_3,50058,-139.2359215142273,250,False,0.11659965380716893,12.911065751331988,40.0,True
motor_fault,A2_unfiltered_train_seed_3,50059,-207.3853066666342,250,False,0.6841935485291977,6.7111898917421975,40.0,True
motor_fault,A2_unfiltered_train_seed_3,50060,-90.87562528618705,59,True,0.049906133699081937,13.15061237393156,40.0,True
motor_fault,A2_unfiltered_train_seed_3,50061,-230.46882895263423,250,False,0.8319047553346635,3.1696796276032146,39.50984191894531,True
motor_fault,A2_unfiltered_train_seed_3,50062,-195.89880992949224,250,False,0.3126076807169556,14.047855855993774,40.0,True
motor_fault,A2_unfiltered_train_seed_3,50063,-5.113382007315469,24,True,0.018542986643963245,5.720205951165221,38.12754440307617,True
motor_fault,A2_unfiltered_train_seed_3,50064,-62.45086513611928,250,False,0.08246888719848217,8.9381968051369,40.0,True
motor_fault,A2_unfiltered_train_seed_3,50065,-107.33259290913375,250,False,0.2880673622250719,9.92135471748898,40.0,True
motor_fault,A2_unfiltered_train_seed_3,50066,-146.8925624246316,250,False,0.2999238798660265,8.877597261586693,40.0,True
motor_fault,A2_unfiltered_train_seed_3,50067,-22.26902664379338,36,True,0.03522777099706026,7.438347875288372,36.4127082824707,True
motor_fault,A2_unfiltered_train_seed_3,50068,-49.12408680540588,250,False,0.08918143367341243,8.812999947067286,21.225648880004883,True
motor_fault,A2_unfiltered_train_seed_3,50069,-95.40359743229793,250,False,0.10858784343910716,14.969810794203696,40.0,True
motor_fault,A2_unfiltered_train_seed_3,50070,-229.91854093450922,250,False,0.8572896595430116,5.514724434685002,33.48905563354492,True
motor_fault,A2_unfiltered_train_seed_3,50071,-18.070930422404043,39,True,0.048558633015909784,7.19335324594281,40.0,True
motor_fault,A2_unfiltered_train_seed_3,50072,-141.84596622163346,250,False,0.10620758701826191,11.689798631458617,40.0,True
motor_fault,A2_unfiltered_train_seed_3,50073,-245.36856763672446,250,False,0.32941514181715165,19.923949262373867,40.0,True
motor_fault,A2_unfiltered_train_seed_3,50074,-16.672968449721957,31,True,0.029817236316178303,7.569238306363132,30.705873489379883,True
motor_fault,A2_unfiltered_train_seed_3,50075,-350.3517556148597,250,False,1.140542274875534,7.055407525140641,40.0,True
motor_fault,A2_unfiltered_train_seed_3,50076,-172.61875015581737,250,False,0.12453455422257013,11.648189804704613,40.0,True
motor_fault,A2_unfiltered_train_seed_3,50077,-89.84435584754712,250,False,0.21578388128837866,11.021054305620956,40.0,True
motor_fault,A2_unfiltered_train_seed_3,50078,-33.51875372852997,99,True,0.04999929187166254,6.203433338085588,40.0,True
motor_fault,A2_unfiltered_train_seed_3,50079,-131.24599069084604,121,True,0.04998162112796625,13.013446514896682,40.0,True
motor_fault,A2_unfiltered_train_seed_3,50080,-167.22597377037613,250,False,0.1304778789552619,13.921081559034306,40.0,True
motor_fault,A2_unfiltered_train_seed_3,50081,-101.43742226335281,250,False,0.20808069962816303,8.113113859768202,40.0,True
motor_fault,A2_unfiltered_train_seed_3,50082,-25.48551829364507,28,True,0.035127531300461555,12.544856702621164,40.0,True
motor_fault,A2_unfiltered_train_seed_3,50083,-79.62041963280089,67,True,0.04797116148377563,11.736543443325607,40.0,True
motor_fault,A2_unfiltered_train_seed_3,50084,-25.554534752987266,76,True,0.049836605943756836,7.002754240500263,40.0,True
motor_fault,A2_unfiltered_train_seed_3,50085,-141.9311378251244,250,False,0.08019816509457761,15.481631839480288,40.0,True
motor_fault,A2_unfiltered_train_seed_3,50086,-68.1422163530781,66,True,0.03371744683013997,17.773554088711315,40.0,True
motor_fault,A2_unfiltered_train_seed_3,50087,-77.17684053368615,250,False,0.13220982597142183,9.028243448725886,40.0,True
motor_fault,A2_unfiltered_train_seed_3,50088,-103.5425302976507,70,True,0.03103737978672628,13.569892999884493,40.0,True
motor_fault,A2_unfiltered_train_seed_3,50089,-132.23233510038565,250,False,0.27915968166575567,7.66159747430885,40.0,True
motor_fault,A2_unfiltered_train_seed_3,50090,-213.65753663252863,250,False,0.46680404972739153,9.895205188456229,40.0,True
motor_fault,A2_unfiltered_train_seed_3,50091,-170.6656275033927,250,False,0.07001241804796925,9.1820662535174,40.0,True
motor_fault,A2_unfiltered_train_seed_3,50092,-311.2191834686475,250,False,0.9618993053319013,8.569988792615527,40.0,True
motor_fault,A2_unfiltered_train_seed_3,50093,-183.85585808501173,250,False,0.14823825990190548,11.423767377568575,40.0,True
motor_fault,A2_unfiltered_train_seed_3,50094,-90.2362834839384,250,False,0.19903862056212734,6.250112007647276,40.0,True
motor_fault,A2_unfiltered_train_seed_3,50095,-54.994513171836005,120,True,0.009495476510388009,6.731182450984802,40.0,True
motor_fault,A2_unfiltered_train_seed_3,50096,-277.92046730575277,250,False,0.8174301131354123,10.974444998755027,40.0,True
motor_fault,A2_unfiltered_train_seed_3,50097,-340.67844926502335,250,False,0.9618201323367284,8.419720527592128,40.0,True
motor_fault,A2_unfiltered_train_seed_3,50098,-104.3213951901623,250,False,0.11556699538310071,13.835978876979496,40.0,True
motor_fault,A2_unfiltered_train_seed_3,50099,-365.9334924999669,250,False,1.1952903849324812,8.886958592849878,40.0,True
motor_fault,A5_hocbf_train_seed_3,50000,-340.0590242126387,250,False,1.081762949254787,6.580882058604623,40.0,True
motor_fault,A5_hocbf_train_seed_3,50001,-186.63202878033,250,False,0.3458948716417726,4.624598510241497,40.0,True
motor_fault,A5_hocbf_train_seed_3,50002,-471.3988068997772,250,False,1.0908511082024421,7.610876185299116,40.0,True
motor_fault,A5_hocbf_train_seed_3,50003,-325.9069233906309,250,False,0.5667202731059048,4.070035029476888,40.0,True
motor_fault,A5_hocbf_train_seed_3,50004,-366.13664086368397,250,False,1.2444163608949501,4.971029629497298,40.0,True
motor_fault,A5_hocbf_train_seed_3,50005,-146.496992330519,94,True,0.023396355694818658,6.885371684059582,40.0,True
motor_fault,A5_hocbf_train_seed_3,50006,-115.71658594870898,250,False,0.14996525620010406,3.0851621615025833,40.0,True
motor_fault,A5_hocbf_train_seed_3,50007,-259.0610306414031,250,False,0.7112959291691037,4.136826961066148,40.0,True
motor_fault,A5_hocbf_train_seed_3,50008,-285.187783234964,250,False,0.6834839206504322,6.048506872602697,40.0,True
motor_fault,A5_hocbf_train_seed_3,50009,-348.96256429895885,250,False,0.6265354805526475,6.989012731056298,40.0,True
motor_fault,A5_hocbf_train_seed_3,50010,-121.89681986565613,250,False,0.14484728843377104,3.667985903448494,40.0,True
motor_fault,A5_hocbf_train_seed_3,50011,-220.7743707318112,250,False,0.7970574153787023,4.14722949796838,40.0,True
motor_fault,A5_hocbf_train_seed_3,50012,-47.15457312247601,91,True,0.0485731604612011,3.238117786437246,40.0,True
motor_fault,A5_hocbf_train_seed_3,50013,-357.60283108283056,250,False,0.9842875435631653,5.174633672386834,38.50535202026367,True
motor_fault,A5_hocbf_train_seed_3,50014,-291.9174715078825,250,False,1.0602222027885058,7.2516759826312125,40.0,True
motor_fault,A5_hocbf_train_seed_3,50015,-281.8890353162855,250,False,0.7280089979863748,3.4260343672269635,40.0,True
motor_fault,A5_hocbf_train_seed_3,50016,-605.4689859551061,250,False,2.2399443786495534,6.2963859036974235,40.0,True
motor_fault,A5_hocbf_train_seed_3,50017,-221.19813921862806,250,False,0.504978100040761,4.865391429433456,40.0,True
motor_fault,A5_hocbf_train_seed_3,50018,-185.76120614536,56,False,1.9988641236182287,7.540394798955493,40.0,True
motor_fault,A5_hocbf_train_seed_3,50019,-336.84283143257323,250,False,0.8286645047951575,5.9674320597600286,40.0,True
motor_fault,A5_hocbf_train_seed_3,50020,-317.55096045388416,250,False,1.0681634544035172,2.438906307308963,36.27210998535156,True
motor_fault,A5_hocbf_train_seed_3,50021,-137.72161543796824,250,False,0.36662577479447145,3.4318549141350725,36.611263275146484,True
motor_fault,A5_hocbf_train_seed_3,50022,-180.59520966380552,250,False,0.295017669659678,3.914171275727201,40.0,True
motor_fault,A5_hocbf_train_seed_3,50023,-135.21724880891384,250,False,0.09139225473503447,5.739495652606268,40.0,True
motor_fault,A5_hocbf_train_seed_3,50024,-179.4460234763658,250,False,0.741332268978147,3.0052794105797207,31.97003173828125,True
motor_fault,A5_hocbf_train_seed_3,50025,-188.21349205603,250,False,0.40789298852736877,6.375913607443485,40.0,True
motor_fault,A5_hocbf_train_seed_3,50026,-424.1187056754404,250,False,1.4685029103332974,7.720447748477786,40.0,True
motor_fault,A5_hocbf_train_seed_3,50027,-87.0272565020602,250,False,0.17343191316945286,6.319663341179445,40.0,True
motor_fault,A5_hocbf_train_seed_3,50028,-114.27625393590225,250,False,0.09229884275402839,6.035550268578978,40.0,True
motor_fault,A5_hocbf_train_seed_3,50029,-242.09183609709842,250,False,0.27544979504302625,3.792189720533158,40.0,True
motor_fault,A5_hocbf_train_seed_3,50030,-162.82086685796304,250,False,0.33182233925948657,7.2776955119532145,40.0,True
motor_fault,A5_hocbf_train_seed_3,50031,-99.40355277773855,94,True,0.023902872136265643,6.636962893743259,40.0,True
motor_fault,A5_hocbf_train_seed_3,50032,-155.50418647822465,250,False,0.25469746230648893,3.050581198330857,40.0,True
motor_fault,A5_hocbf_train_seed_3,50033,-5.935725152825425,37,True,0.04840151970092407,4.03019733403574,28.57951545715332,True
motor_fault,A5_hocbf_train_seed_3,50034,-468.00695083536607,250,False,1.650214575277748,6.147586659542472,40.0,True
motor_fault,A5_hocbf_train_seed_3,50035,-379.4885904755206,250,False,1.3645077030430188,5.313327267073394,40.0,True
motor_fault,A5_hocbf_train_seed_3,50036,-444.19601260020727,250,False,0.30449324316343346,5.73002525012686,40.0,True
motor_fault,A5_hocbf_train_seed_3,50037,-396.46770600074615,250,False,1.3615837445766241,2.659440034582185,40.0,True
motor_fault,A5_hocbf_train_seed_3,50038,-227.96039000648818,250,False,0.6035675184449671,5.91090597751854,40.0,True
motor_fault,A5_hocbf_train_seed_3,50039,-341.4921200423255,215,True,0.016132603990157136,5.383818631954452,40.0,True
motor_fault,A5_hocbf_train_seed_3,50040,-126.54642432705451,250,False,0.22502600139825152,4.634112940090187,40.0,True
motor_fault,A5_hocbf_train_seed_3,50041,-89.02529100427455,250,False,0.07779334016965643,4.662965156475973,40.0,True
motor_fault,A5_hocbf_train_seed_3,50042,-84.9589393313974,250,False,0.1315239329038916,4.87019371154927,37.89616012573242,True
motor_fault,A5_hocbf_train_seed_3,50043,-13.181753147976863,35,True,0.04006425946104177,2.9386626024752727,34.953739166259766,True
motor_fault,A5_hocbf_train_seed_3,50044,-355.51113805877725,250,False,1.1158324463550224,6.271366452195274,40.0,True
motor_fault,A5_hocbf_train_seed_3,50045,-287.0397043280526,250,False,0.6908003509523274,5.873282783927445,40.0,True
motor_fault,A5_hocbf_train_seed_3,50046,-94.00358592247113,250,False,0.08221700621701579,5.016286096291299,40.0,True
motor_fault,A5_hocbf_train_seed_3,50047,-171.8706399683475,250,False,0.48809991353229104,4.497905264558123,40.0,True
motor_fault,A5_hocbf_train_seed_3,50048,-127.32015937217886,250,False,0.22551526614658604,6.316792225309767,40.0,True
motor_fault,A5_hocbf_train_seed_3,50049,-155.2207825657916,250,False,0.13248681584658678,4.148140947357228,40.0,True
motor_fault,A5_hocbf_train_seed_3,50050,-196.14445140689438,250,False,0.35246101762678883,5.727490618010913,40.0,True
motor_fault,A5_hocbf_train_seed_3,50051,-166.84318166121272,250,False,0.3189742063543057,5.785591357815042,40.0,True
motor_fault,A5_hocbf_train_seed_3,50052,-238.58208037007586,250,False,0.1891776198501138,5.19169409977199,40.0,True
motor_fault,A5_hocbf_train_seed_3,50053,-100.03068113451992,250,False,0.09137096147102725,2.8964078270918154,40.0,True
motor_fault,A5_hocbf_train_seed_3,50054,-170.411764403912,250,False,0.24402059911381685,5.9132806539566545,40.0,True
motor_fault,A5_hocbf_train_seed_3,50055,-559.8551942045702,250,False,2.061020415497822,6.749261697834573,40.0,True
motor_fault,A5_hocbf_train_seed_3,50056,-61.14510055160308,250,False,0.14598050233132076,4.360861724545494,26.65276527404785,True
motor_fault,A5_hocbf_train_seed_3,50057,-43.78586560429818,58,True,0.04641270887114263,3.4530329946000164,40.0,True
motor_fault,A5_hocbf_train_seed_3,50058,-146.9235575220894,250,False,0.11664918603956566,4.850763570188529,40.0,True
motor_fault,A5_hocbf_train_seed_3,50059,-406.2763731738034,250,False,1.511863876902304,4.414128628805655,40.0,True
motor_fault,A5_hocbf_train_seed_3,50060,-149.8397937925947,102,True,0.04919450037353288,5.404076016988497,40.0,True
motor_fault,A5_hocbf_train_seed_3,50061,-233.72128393149143,250,False,0.8319101328958405,3.8686235950456735,39.43396759033203,True
motor_fault,A5_hocbf_train_seed_3,50062,-116.85878297910257,94,True,0.046926179288200524,6.607742297353337,40.0,True
motor_fault,A5_hocbf_train_seed_3,50063,-254.5962212523907,250,False,1.0750645668258183,5.021767376204311,40.0,True
motor_fault,A5_hocbf_train_seed_3,50064,-69.18204681333806,250,False,0.08246914485387648,4.230219563462666,40.0,True
motor_fault,A5_hocbf_train_seed_3,50065,-112.91442125772593,250,False,0.3299060000839655,4.830274039546907,40.0,True
motor_fault,A5_hocbf_train_seed_3,50066,-324.59487381645897,250,False,0.706096688836473,6.620081234088613,40.0,True
motor_fault,A5_hocbf_train_seed_3,50067,-47.94860533409994,82,True,0.04968115469008679,4.291840003665707,40.0,True
motor_fault,A5_hocbf_train_seed_3,50068,-54.41389927004303,250,False,0.08918142864089917,4.624493880495374,29.8055419921875,True
motor_fault,A5_hocbf_train_seed_3,50069,-109.01471229059032,250,False,0.10858719767342921,5.048935529943304,40.0,True
motor_fault,A5_hocbf_train_seed_3,50070,-256.5777921480537,250,False,0.9155137976690653,5.7125493977003625,30.175098419189453,True
motor_fault,A5_hocbf_train_seed_3,50071,-22.681781416728818,41,True,0.04761581395195769,4.119460717651202,40.0,True
motor_fault,A5_hocbf_train_seed_3,50072,-172.86371670080158,250,False,0.2093728662440922,5.749560190461147,40.0,True
motor_fault,A5_hocbf_train_seed_3,50073,-223.5643598468999,250,False,0.48817030781067833,5.6276827383701695,40.0,True
motor_fault,A5_hocbf_train_seed_3,50074,-343.1075268837851,250,False,1.253708295080713,4.514430218309727,36.49222946166992,True
motor_fault,A5_hocbf_train_seed_3,50075,-364.9002284677231,250,False,1.189707314119307,8.474563500070667,40.0,True
motor_fault,A5_hocbf_train_seed_3,50076,-124.3622430024245,39,False,1.9626308506945167,10.632775801800706,40.0,True
motor_fault,A5_hocbf_train_seed_3,50077,-91.44342833982145,250,False,0.21578417108864023,7.861934414771839,40.0,True
motor_fault,A5_hocbf_train_seed_3,50078,-435.80187797605305,250,False,0.8534878542914247,5.924861127605652,40.0,True
motor_fault,A5_hocbf_train_seed_3,50079,-341.27039760881917,250,False,0.5302596443223947,5.9401762501761635,40.0,True
motor_fault,A5_hocbf_train_seed_3,50080,-163.69803220497047,250,False,0.13561863610066865,6.896355567713405,40.0,True
motor_fault,A5_hocbf_train_seed_3,50081,-100.44491102493872,250,False,0.20808058784424716,5.666123476251729,40.0,True
motor_fault,A5_hocbf_train_seed_3,50082,-30.89148437893997,42,True,0.04678278112975125,6.345246001177347,40.0,True
motor_fault,A5_hocbf_train_seed_3,50083,-95.65799471308466,93,True,0.035488647361412426,6.782839281834749,40.0,True
motor_fault,A5_hocbf_train_seed_3,50084,-27.11427310617844,43,True,0.04814339225194766,3.9734125357011756,40.0,True
motor_fault,A5_hocbf_train_seed_3,50085,-180.49877694472778,250,False,0.2673738843382412,5.526253603497883,40.0,True
motor_fault,A5_hocbf_train_seed_3,50086,-75.39975893299537,66,True,0.03432819671092448,6.667938951012733,40.0,True
motor_fault,A5_hocbf_train_seed_3,50087,-96.1865632750142,250,False,0.13220794520714527,3.104184780447458,35.40689468383789,True
motor_fault,A5_hocbf_train_seed_3,50088,-174.3417715732905,250,False,0.13859331692841198,6.039051935693106,40.0,True
motor_fault,A5_hocbf_train_seed_3,50089,-149.7198593300531,250,False,0.27623992177860085,5.9544695821223685,40.0,True
motor_fault,A5_hocbf_train_seed_3,50090,-203.64537132643358,250,False,0.46778188059970266,3.9328657697600353,40.0,True
motor_fault,A5_hocbf_train_seed_3,50091,-200.25242305464354,250,False,0.3077952845646345,5.820329046844003,40.0,True
motor_fault,A5_hocbf_train_seed_3,50092,-340.66812020424163,250,False,1.0330165341079989,9.989519044301328,40.0,True
motor_fault,A5_hocbf_train_seed_3,50093,-123.0854254105506,42,False,1.6933550777842787,10.593839485433604,40.0,True
motor_fault,A5_hocbf_train_seed_3,50094,-17.82879257109036,36,True,0.038605944070752254,3.4475541388096334,35.9465217590332,True
motor_fault,A5_hocbf_train_seed_3,50095,-49.54442198303493,94,True,0.011930330001611549,3.718636458261848,40.0,True
motor_fault,A5_hocbf_train_seed_3,50096,-324.0516961262584,250,False,0.8021570182185108,3.4657921139235306,38.404178619384766,True
motor_fault,A5_hocbf_train_seed_3,50097,-335.5525622475967,250,False,1.186045242562456,8.970809954731232,40.0,True
motor_fault,A5_hocbf_train_seed_3,50098,-98.02908518592646,64,True,0.03074397282487866,5.473316840505924,40.0,True
motor_fault,A5_hocbf_train_seed_3,50099,-428.80661922151677,250,False,1.2597256876705223,9.957413091414132,40.0,True
motor_fault,A6_prefilter_train_seed_3,50000,-325.4298812139235,250,False,1.1107644863425286,6.6431844439716015,36.15557861328125,True
motor_fault,A6_prefilter_train_seed_3,50001,-198.41508201797973,250,False,0.4247677623727619,11.471365639114694,40.0,True
motor_fault,A6_prefilter_train_seed_3,50002,-381.45899711312774,250,False,1.5216669995596286,6.934137765935526,40.0,True
motor_fault,A6_prefilter_train_seed_3,50003,-314.0894221658115,250,False,0.854859418843999,12.547404476782235,40.0,True
motor_fault,A6_prefilter_train_seed_3,50004,-285.3678754656409,250,False,1.001025124405267,8.789468451575429,40.0,True
motor_fault,A6_prefilter_train_seed_3,50005,-215.62772868247288,250,False,0.38127625518835856,14.357721340916978,40.0,True
motor_fault,A6_prefilter_train_seed_3,50006,-302.2240315549581,250,False,1.3545116449524182,5.489746500778673,40.0,True
motor_fault,A6_prefilter_train_seed_3,50007,-394.6343122664437,250,False,0.8413355488965506,14.750461824348484,40.0,True
motor_fault,A6_prefilter_train_seed_3,50008,-301.729315522518,250,False,0.7583470888827629,7.668525414371488,40.0,True
motor_fault,A6_prefilter_train_seed_3,50009,-187.4736920325274,250,False,0.5091559022560209,10.364223209789285,40.0,True
motor_fault,A6_prefilter_train_seed_3,50010,-163.26940149280153,250,False,0.45740904807523064,13.549302793534094,40.0,True
motor_fault,A6_prefilter_train_seed_3,50011,-207.4171668380075,250,False,0.6935557539850296,5.776474241484431,39.23113250732422,True
motor_fault,A6_prefilter_train_seed_3,50012,-123.97026541526829,250,False,0.15115101846572515,11.167109784674825,40.0,True
motor_fault,A6_prefilter_train_seed_3,50013,-318.43512861774434,250,False,1.0129517193213078,11.090609841320308,40.0,True
motor_fault,A6_prefilter_train_seed_3,50014,-353.627474796813,250,False,1.0208073622632914,21.20650691444494,40.0,True
motor_fault,A6_prefilter_train_seed_3,50015,-399.84049775294443,250,False,1.2404154301395525,11.00430452057294,40.0,True
motor_fault,A6_prefilter_train_seed_3,50016,-330.0473683608779,250,False,1.1268272055567863,10.607365688548953,40.0,True
motor_fault,A6_prefilter_train_seed_3,50017,-221.54173884963123,250,False,0.6277075687519316,8.610418534790103,40.0,True
motor_fault,A6_prefilter_train_seed_3,50018,-180.57840182940754,250,False,0.1812290212766479,11.922910895538452,40.0,True
motor_fault,A6_prefilter_train_seed_3,50019,-262.3207761076586,250,False,0.599818097916438,12.65091014430723,40.0,True
motor_fault,A6_prefilter_train_seed_3,50020,-302.270395659156,250,False,1.0087853728700629,2.9335708476261386,39.36207962036133,True
motor_fault,A6_prefilter_train_seed_3,50021,-295.89052083944557,250,False,1.0418122378120935,4.286114669706252,29.40474510192871,True
motor_fault,A6_prefilter_train_seed_3,50022,-313.9541912510966,250,False,0.9283206357047188,11.986045578746717,40.0,True
motor_fault,A6_prefilter_train_seed_3,50023,-177.4647415881914,250,False,0.3774505756181246,9.931715998446341,40.0,True
motor_fault,A6_prefilter_train_seed_3,50024,-173.50792356878878,250,False,0.6136609855934458,3.7159789517843884,30.474790573120117,True
motor_fault,A6_prefilter_train_seed_3,50025,-222.7368303883505,250,False,0.6302214768348294,12.67654625723032,40.0,True
motor_fault,A6_prefilter_train_seed_3,50026,-419.4460411547509,250,False,1.465497985696303,9.830362643015311,40.0,True
motor_fault,A6_prefilter_train_seed_3,50027,-126.59790353607431,250,False,0.3404698125709779,7.752259450353538,40.0,True
motor_fault,A6_prefilter_train_seed_3,50028,-317.5255057497911,250,False,0.8900094123722296,16.3934721411873,40.0,True
motor_fault,A6_prefilter_train_seed_3,50029,-141.97556176661521,82,True,0.023642465818771285,13.979920124558566,40.0,True
motor_fault,A6_prefilter_train_seed_3,50030,-182.30208880151207,250,False,0.45094185290776234,9.822746443747004,40.0,True
motor_fault,A6_prefilter_train_seed_3,50031,-130.08683781266296,250,False,0.1381911487922762,14.270107426443602,40.0,True
motor_fault,A6_prefilter_train_seed_3,50032,-285.70625791744936,250,False,0.8869954127911944,12.411255846261318,40.0,True
motor_fault,A6_prefilter_train_seed_3,50033,-236.93544812576218,250,False,0.9080742460284364,3.003015961112803,26.30763053894043,True
motor_fault,A6_prefilter_train_seed_3,50034,-374.6603002825508,250,False,1.4361599059696417,5.697094443440906,40.0,True
motor_fault,A6_prefilter_train_seed_3,50035,-390.986012832924,250,False,1.3916197907562489,6.366662509515834,40.0,True
motor_fault,A6_prefilter_train_seed_3,50036,-249.12990427856508,250,False,1.329198710150445,3.6850735782040243,39.628334045410156,True
motor_fault,A6_prefilter_train_seed_3,50037,-303.10010106136804,250,False,1.0688630274404405,11.230289388847723,40.0,True
motor_fault,A6_prefilter_train_seed_3,50038,-279.185424341468,250,False,0.72252203389246,17.711896855628197,40.0,True
motor_fault,A6_prefilter_train_seed_3,50039,-390.16374281120807,250,False,1.4189754648807522,5.092014991990251,40.0,True
motor_fault,A6_prefilter_train_seed_3,50040,-184.37858360484634,250,False,0.5541523405585727,9.993119961110535,40.0,True
motor_fault,A6_prefilter_train_seed_3,50041,-170.4197812310432,250,False,0.5288679433244006,13.446168129434787,40.0,True
motor_fault,A6_prefilter_train_seed_3,50042,-144.94261402815286,250,False,0.38503854646967484,5.945671205307393,40.0,True
motor_fault,A6_prefilter_train_seed_3,50043,-257.47954814885406,250,False,0.9282449973573186,3.8410012016037642,38.61546325683594,True
motor_fault,A6_prefilter_train_seed_3,50044,-352.5470337270391,250,False,1.2591292338017535,11.879409545330445,40.0,True
motor_fault,A6_prefilter_train_seed_3,50045,-250.7341442410379,250,False,0.5630161385483775,11.748525049382012,40.0,True
motor_fault,A6_prefilter_train_seed_3,50046,-148.78463021179186,250,False,0.37326282467981614,15.515425258146777,40.0,True
motor_fault,A6_prefilter_train_seed_3,50047,-295.1042870449411,250,False,1.0741314501455632,3.6360488694506774,39.90142059326172,True
motor_fault,A6_prefilter_train_seed_3,50048,-190.40139222460343,250,False,0.5952692788779769,8.692221368263365,40.0,True
motor_fault,A6_prefilter_train_seed_3,50049,-231.86662625178897,250,False,0.5498006372492821,14.952621958164544,40.0,True
motor_fault,A6_prefilter_train_seed_3,50050,-248.5871615323298,250,False,0.5816672160551157,12.760685381399473,40.0,True
motor_fault,A6_prefilter_train_seed_3,50051,-186.85076213651942,250,False,0.24637135611000438,17.974622495842652,40.0,True
motor_fault,A6_prefilter_train_seed_3,50052,-204.0302850221849,250,False,0.1972879081222025,14.688762086993636,40.0,True
motor_fault,A6_prefilter_train_seed_3,50053,-317.3398425149449,250,False,1.163577436402911,8.835358935982459,40.0,True
motor_fault,A6_prefilter_train_seed_3,50054,-231.55812812380597,250,False,0.5063144130518766,18.96073438780605,40.0,True
motor_fault,A6_prefilter_train_seed_3,50055,-341.84892060507445,250,False,1.0492000405998843,10.224856465021565,40.0,True
motor_fault,A6_prefilter_train_seed_3,50056,-183.76611649235238,250,False,0.8595241239730009,3.080879412500364,23.263216018676758,True
motor_fault,A6_prefilter_train_seed_3,50057,-262.6194298760154,250,False,1.0419060880320028,8.189359943312773,40.0,True
motor_fault,A6_prefilter_train_seed_3,50058,-148.00956450639848,80,True,0.030452361239567023,15.234870909516372,40.0,True
motor_fault,A6_prefilter_train_seed_3,50059,-405.87267356506055,250,False,1.5231109827368867,4.324729258327975,40.0,True
motor_fault,A6_prefilter_train_seed_3,50060,-226.59575032736802,250,False,0.40853360218834206,15.56997373135397,40.0,True
motor_fault,A6_prefilter_train_seed_3,50061,-223.5689150466735,250,False,0.7423564884605366,4.963671471200734,37.57144546508789,True
motor_fault,A6_prefilter_train_seed_3,50062,-240.58278879464777,250,False,0.5761409330964747,14.97459574888632,40.0,True
motor_fault,A6_prefilter_train_seed_3,50063,-301.44074922014204,250,False,1.0152885986734088,4.6081883781449084,34.27831268310547,True
motor_fault,A6_prefilter_train_seed_3,50064,-238.80968734603547,250,False,0.879156445650002,6.650731536930879,40.0,True
motor_fault,A6_prefilter_train_seed_3,50065,-304.15780386295927,250,False,1.1539390033506631,4.6584216020178,39.560707092285156,True
motor_fault,A6_prefilter_train_seed_3,50066,-210.02152401119469,250,False,0.5033807048643585,10.595010576558469,40.0,True
motor_fault,A6_prefilter_train_seed_3,50067,-354.45918428434265,250,False,1.4566279514640874,4.702257600839271,38.69103240966797,True
motor_fault,A6_prefilter_train_seed_3,50068,-72.73879323536102,250,False,0.16600405970126145,4.681819298050096,23.00615692138672,True
motor_fault,A6_prefilter_train_seed_3,50069,-197.44401647481186,250,False,0.4933476660233202,16.353650997616594,40.0,True
motor_fault,A6_prefilter_train_seed_3,50070,-266.59506365137787,250,False,0.9365587302540124,5.264405917128555,29.42714500427246,True
motor_fault,A6_prefilter_train_seed_3,50071,-105.36063196071642,250,False,0.31863307054561846,6.09459773519843,40.0,True
motor_fault,A6_prefilter_train_seed_3,50072,-159.75181504513037,250,False,0.11436478208412866,13.682813674251358,40.0,True
motor_fault,A6_prefilter_train_seed_3,50073,-283.11941506273945,250,False,0.6616511311634149,21.416008588309737,40.0,True
motor_fault,A6_prefilter_train_seed_3,50074,-353.36106419867383,250,False,1.3029836553514258,4.452751746332301,31.37679672241211,True
motor_fault,A6_prefilter_train_seed_3,50075,-371.5742229345813,250,False,1.2184789311533506,7.114369144561475,40.0,True
motor_fault,A6_prefilter_train_seed_3,50076,-199.52653078023664,250,False,0.21367903806262875,11.44442599809585,40.0,True
motor_fault,A6_prefilter_train_seed_3,50077,-109.73523096881758,250,False,0.25218106920191535,10.40358664236441,40.0,True
motor_fault,A6_prefilter_train_seed_3,50078,-389.92224328006984,250,False,1.6509206440170643,5.36397553015605,40.0,True
motor_fault,A6_prefilter_train_seed_3,50079,-196.34952034175035,250,False,0.12854537529980076,13.05162681449062,40.0,True
motor_fault,A6_prefilter_train_seed_3,50080,-224.01728946787782,250,False,0.4448863447196428,14.901068817458308,40.0,True
motor_fault,A6_prefilter_train_seed_3,50081,-147.11084883624184,250,False,0.3638899905070512,9.946411126883788,40.0,True
motor_fault,A6_prefilter_train_seed_3,50082,-67.41190652351031,250,False,0.12610650386596978,10.785717238777695,40.0,True
motor_fault,A6_prefilter_train_seed_3,50083,-83.83908384180413,81,True,0.03256703771473946,11.977924467828604,40.0,True
motor_fault,A6_prefilter_train_seed_3,50084,-73.25266581494998,250,False,0.1566583469180035,7.082020173432836,40.0,True
motor_fault,A6_prefilter_train_seed_3,50085,-180.95364525748076,250,False,0.2519181155670019,16.508055823201694,40.0,True
motor_fault,A6_prefilter_train_seed_3,50086,-58.8515553660314,55,True,0.01636561346219046,17.653841656857594,40.0,True
motor_fault,A6_prefilter_train_seed_3,50087,-322.8899220586837,250,False,1.2297687421108199,3.6442869817481607,39.327171325683594,True
motor_fault,A6_prefilter_train_seed_3,50088,-149.47336799636156,250,False,0.23747622160668883,16.451111256019143,40.0,True
motor_fault,A6_prefilter_train_seed_3,50089,-205.16293826403694,250,False,0.6418611854485632,6.899562499898516,40.0,True
motor_fault,A6_prefilter_train_seed_3,50090,-273.4455006459139,250,False,0.6150508993432565,10.956841411199997,40.0,True
motor_fault,A6_prefilter_train_seed_3,50091,-203.31738858698623,250,False,0.09815727561251283,10.616938413073223,40.0,True
motor_fault,A6_prefilter_train_seed_3,50092,-311.3629574385494,250,False,1.0098907829368124,8.3273707103766,40.0,True
motor_fault,A6_prefilter_train_seed_3,50093,-229.13707964563852,250,False,0.3961983786781433,11.192122645769041,40.0,True
motor_fault,A6_prefilter_train_seed_3,50094,-268.6610111193248,250,False,0.9525157265127432,3.7807094505710572,38.67070388793945,True
motor_fault,A6_prefilter_train_seed_3,50095,-257.91009613124083,250,False,0.9783604013227777,4.067270518792774,38.318031311035156,True
motor_fault,A6_prefilter_train_seed_3,50096,-333.6147866644108,250,False,1.1027698062026163,11.969770504112715,40.0,True
motor_fault,A6_prefilter_train_seed_3,50097,-321.07426196086783,250,False,1.125933031988812,7.087745422064337,40.0,True
motor_fault,A6_prefilter_train_seed_3,50098,-111.5509543961506,250,False,0.10873031053482739,13.7687769324487,40.0,True
motor_fault,A6_prefilter_train_seed_3,50099,-394.2359081165077,250,False,1.327669301925673,9.320667883018418,40.0,True
motor_fault,A6_hocbf_train_seed_3,50000,-325.4660373207104,250,False,1.1105466213671331,6.6472990177405515,36.31028366088867,True
motor_fault,A6_hocbf_train_seed_3,50001,-203.238380280376,250,False,0.423736171540905,5.090274306039134,40.0,True
motor_fault,A6_hocbf_train_seed_3,50002,-476.5675137779995,250,False,1.1153589475497632,8.557239126647122,40.0,True
motor_fault,A6_hocbf_train_seed_3,50003,-360.4539040020532,250,False,0.8235233531087363,4.007559722364245,40.0,True
motor_fault,A6_hocbf_train_seed_3,50004,-366.5459116790651,250,False,1.2519034449438469,5.3072015520626294,40.0,True
motor_fault,A6_hocbf_train_seed_3,50005,-214.00495677528136,250,False,0.3812072758209236,6.758093103558092,40.0,True
motor_fault,A6_hocbf_train_seed_3,50006,-349.08336534627085,250,False,1.2988765294046156,4.518425876599648,40.0,True
motor_fault,A6_hocbf_train_seed_3,50007,-280.8784620726818,250,False,0.8285650699047812,4.408538823847146,40.0,True
motor_fault,A6_hocbf_train_seed_3,50008,-288.50427279097795,250,False,0.7465429903505786,6.447416667030716,40.0,True
motor_fault,A6_hocbf_train_seed_3,50009,-362.35513708955585,250,False,0.7120834534427817,7.188727683386448,40.0,True
motor_fault,A6_hocbf_train_seed_3,50010,-183.65595864459323,250,False,0.45744840757592864,3.667985903448494,40.0,True
motor_fault,A6_hocbf_train_seed_3,50011,-207.4171668380075,250,False,0.6935557539850296,5.776474241484431,39.23113250732422,True
motor_fault,A6_hocbf_train_seed_3,50012,-102.65263733201964,250,False,0.1509200624361404,2.439593363669229,40.0,True
motor_fault,A6_hocbf_train_seed_3,50013,-378.5781569336356,250,False,0.9779532459853194,5.332054750544527,40.0,True
motor_fault,A6_hocbf_train_seed_3,50014,-298.19314658008994,250,False,1.0324617030857235,6.530264891536563,40.0,True
motor_fault,A6_hocbf_train_seed_3,50015,-330.92476927231183,250,False,1.2388678122000354,3.4260343672269635,40.0,True
motor_fault,A6_hocbf_train_seed_3,50016,-549.4410659347623,250,False,1.884441890791921,6.2963859036974235,40.0,True
motor_fault,A6_hocbf_train_seed_3,50017,-236.58774009277792,250,False,0.6134190291460544,4.984760398780008,40.0,True
motor_fault,A6_hocbf_train_seed_3,50018,-185.90987379793333,56,False,1.9991950081460492,7.812386766263234,40.0,True
motor_fault,A6_hocbf_train_seed_3,50019,-331.1548873803338,250,False,0.8220872378703139,6.0198108138360755,40.0,True
motor_fault,A6_hocbf_train_seed_3,50020,-302.52553190024787,250,False,1.0087260017994126,1.9723808476776084,40.0,True
motor_fault,A6_hocbf_train_seed_3,50021,-295.89142902082966,250,False,1.0418108800687034,4.286114669706252,29.40474510192871,True
motor_fault,A6_hocbf_train_seed_3,50022,-279.1495679615058,250,False,0.9244644380082722,3.914171275727201,40.0,True
motor_fault,A6_hocbf_train_seed_3,50023,-181.32736341445056,250,False,0.3763330111615344,6.312083754657115,40.0,True
motor_fault,A6_hocbf_train_seed_3,50024,-173.50792356878878,250,False,0.6136609855934458,3.7159789517843884,30.474790573120117,True
motor_fault,A6_hocbf_train_seed_3,50025,-220.33435307817285,250,False,0.6263725531465976,7.049806452792183,40.0,True
motor_fault,A6_hocbf_train_seed_3,50026,-419.55618398352965,250,False,1.472634982615601,7.552443650976559,40.0,True
motor_fault,A6_hocbf_train_seed_3,50027,-125.61058363585073,250,False,0.3404698067316794,6.688416442820709,40.0,True
motor_fault,A6_hocbf_train_seed_3,50028,-262.44984865304264,250,False,0.8898483037869688,6.035550268578978,40.0,True
motor_fault,A6_hocbf_train_seed_3,50029,-261.74449388774343,250,False,0.4249267283599359,4.005270333869974,40.0,True
motor_fault,A6_hocbf_train_seed_3,50030,-184.09552789106363,250,False,0.4496388012532972,7.029868440031756,40.0,True
motor_fault,A6_hocbf_train_seed_3,50031,-135.74673595507213,250,False,0.13818948691035543,6.64436328299222,40.0,True
motor_fault,A6_hocbf_train_seed_3,50032,-269.3772850038882,250,False,0.8871551340154765,3.050581198330857,40.0,True
motor_fault,A6_hocbf_train_seed_3,50033,-236.93544812576218,250,False,0.9080742460284364,3.003015961112803,26.30763053894043,True
motor_fault,A6_hocbf_train_seed_3,50034,-487.4174860182179,250,False,1.3463875244740036,6.154491670765983,40.0,True
motor_fault,A6_hocbf_train_seed_3,50035,-403.2168625054809,250,False,1.3945779289428237,7.147474972826412,40.0,True
motor_fault,A6_hocbf_train_seed_3,50036,-455.8464386183464,250,False,0.6803179272324702,5.84816933099862,40.0,True
motor_fault,A6_hocbf_train_seed_3,50037,-437.8424149468104,250,False,1.2741086164235877,3.071585501644592,40.0,True
motor_fault,A6_hocbf_train_seed_3,50038,-252.933352873747,250,False,0.7400905592357279,6.062719557492421,40.0,True
motor_fault,A6_hocbf_train_seed_3,50039,-341.26983772994856,250,False,0.1946832947184762,5.366753759399166,40.0,True
motor_fault,A6_hocbf_train_seed_3,50040,-184.84426582952185,250,False,0.5541208648562583,4.927495041980006,40.0,True
motor_fault,A6_hocbf_train_seed_3,50041,-177.00358369655774,250,False,0.5288663376735835,4.662965156475973,40.0,True
motor_fault,A6_hocbf_train_seed_3,50042,-144.3265398126503,250,False,0.38503854111192715,4.892426952102956,40.0,True
motor_fault,A6_hocbf_train_seed_3,50043,-257.47954814885406,250,False,0.9282449973573186,3.8410012016037642,38.61546325683594,True
motor_fault,A6_hocbf_train_seed_3,50044,-345.30593649865597,250,False,1.0977378536201914,4.687905078547547,40.0,True
motor_fault,A6_hocbf_train_seed_3,50045,-297.47563378483693,250,False,0.7736902366520036,5.9017587357090076,40.0,True
motor_fault,A6_hocbf_train_seed_3,50046,-152.9984910608104,250,False,0.3732642313188827,5.016286096291299,40.0,True
motor_fault,A6_hocbf_train_seed_3,50047,-295.1042870449411,250,False,1.0741314501455632,3.6360488694506774,39.90142059326172,True
motor_fault,A6_hocbf_train_seed_3,50048,-190.7378662817048,250,False,0.5951532238373971,6.436865259838605,40.0,True
motor_fault,A6_hocbf_train_seed_3,50049,-235.27231747293487,250,False,0.5500608933427223,4.259276803525906,40.0,True
motor_fault,A6_hocbf_train_seed_3,50050,-232.28153017821793,250,False,0.5883299184565086,5.8248299548788225,40.0,True
motor_fault,A6_hocbf_train_seed_3,50051,-186.18349065974027,250,False,0.3924662382555573,5.776327720030129,40.0,True
motor_fault,A6_hocbf_train_seed_3,50052,-245.80433038095654,250,False,0.1948924245872425,5.253945224865418,40.0,True
motor_fault,A6_hocbf_train_seed_3,50053,-285.8262632863985,250,False,1.163851021931616,2.8964078270918154,40.0,True
motor_fault,A6_hocbf_train_seed_3,50054,-209.91214210411812,250,False,0.5099914799591331,5.829055976670224,40.0,True
motor_fault,A6_hocbf_train_seed_3,50055,-531.9056848970349,250,False,1.1262798539504653,6.413160141173683,40.0,True
motor_fault,A6_hocbf_train_seed_3,50056,-183.76611649235238,250,False,0.8595241239730009,3.080879412500364,23.263216018676758,True
motor_fault,A6_hocbf_train_seed_3,50057,-272.9955625993089,250,False,1.029253370234069,4.086610016299882,40.0,True
motor_fault,A6_hocbf_train_seed_3,50058,-193.2179945138626,250,False,0.38877380741199163,4.850763570188529,40.0,True
motor_fault,A6_hocbf_train_seed_3,50059,-416.22744852938513,250,False,1.5338192162898876,5.219755078317316,40.0,True
motor_fault,A6_hocbf_train_seed_3,50060,-240.4040241757266,250,False,0.40849229406237997,5.369636594779022,40.0,True
motor_fault,A6_hocbf_train_seed_3,50061,-223.5689150466735,250,False,0.7423564884605366,4.963671471200734,37.57144546508789,True
motor_fault,A6_hocbf_train_seed_3,50062,-220.1032030770221,250,False,0.5555035137566444,6.680967868883828,40.0,True
motor_fault,A6_hocbf_train_seed_3,50063,-301.44074922014204,250,False,1.0152885986734088,4.6081883781449084,34.27831268310547,True
motor_fault,A6_hocbf_train_seed_3,50064,-235.80275384966075,250,False,0.8791344582118852,4.132435813014598,40.0,True
motor_fault,A6_hocbf_train_seed_3,50065,-304.70813270939186,250,False,1.1567455200161065,4.554032248256628,39.54643630981445,True
motor_fault,A6_hocbf_train_seed_3,50066,-324.0780802180835,250,False,0.7275357678386787,6.70635565023711,40.0,True
motor_fault,A6_hocbf_train_seed_3,50067,-365.06512281987125,250,False,1.4501829899957857,4.231267314923019,39.74306106567383,True
motor_fault,A6_hocbf_train_seed_3,50068,-73.40912057742158,250,False,0.16600348565479753,4.547106974879975,23.24416732788086,True
motor_fault,A6_hocbf_train_seed_3,50069,-176.9870275963255,250,False,0.493256448434577,5.048935529943304,40.0,True
motor_fault,A6_hocbf_train_seed_3,50070,-266.59506365137787,250,False,0.9365587302540124,5.264405917128555,29.42714500427246,True
motor_fault,A6_hocbf_train_seed_3,50071,-111.7706588277465,250,False,0.3186440819815663,3.2580842184737993,40.0,True
motor_fault,A6_hocbf_train_seed_3,50072,-177.8973456472785,250,False,0.1848355810468187,5.733129199593864,40.0,True
motor_fault,A6_hocbf_train_seed_3,50073,-246.48248711442653,250,False,0.6654439860981479,5.626396926502825,40.0,True
motor_fault,A6_hocbf_train_seed_3,50074,-353.2151578117751,250,False,1.301303087203215,4.703269045807225,31.721229553222656,True
motor_fault,A6_hocbf_train_seed_3,50075,-373.7179310379917,250,False,1.219209677551331,8.431472978423114,40.0,True
motor_fault,A6_hocbf_train_seed_3,50076,-127.4581303043303,39,False,2.02170339241292,11.162143556742622,40.0,True
motor_fault,A6_hocbf_train_seed_3,50077,-108.34407901098488,250,False,0.25218098292188945,8.683833108210063,40.0,True
motor_fault,A6_hocbf_train_seed_3,50078,-415.09600755524986,250,False,0.14888535807418476,5.8540658686340645,40.0,True
motor_fault,A6_hocbf_train_seed_3,50079,-342.31928311703166,250,False,0.5080886966062,5.937719460869215,40.0,True
motor_fault,A6_hocbf_train_seed_3,50080,-211.067623546629,250,False,0.44803970853313585,6.9253670422339875,40.0,True
motor_fault,A6_hocbf_train_seed_3,50081,-143.16686238958445,250,False,0.3638897084798327,5.373938467732548,40.0,True
motor_fault,A6_hocbf_train_seed_3,50082,-72.65684571381564,250,False,0.12610643831136528,6.346373572991664,40.0,True
motor_fault,A6_hocbf_train_seed_3,50083,-95.75993997972449,95,True,0.01948205042117861,7.473731704387245,40.0,True
motor_fault,A6_hocbf_train_seed_3,50084,-82.56995063963996,250,False,0.15665426151667583,2.48935744353008,40.0,True
motor_fault,A6_hocbf_train_seed_3,50085,-185.8843537092115,250,False,0.27457064411146,5.698560042633956,40.0,True
motor_fault,A6_hocbf_train_seed_3,50086,-71.72550942131127,60,True,0.009839694037701203,6.667938951012733,40.0,True
motor_fault,A6_hocbf_train_seed_3,50087,-328.9524751112512,250,False,1.2299213741221056,3.659451977171092,39.38962936401367,True
motor_fault,A6_hocbf_train_seed_3,50088,-260.8676395656024,250,False,0.7298346472442274,5.829801412757565,40.0,True
motor_fault,A6_hocbf_train_seed_3,50089,-205.2659609644298,250,False,0.6420084016037884,5.3876922593547665,40.0,True
motor_fault,A6_hocbf_train_seed_3,50090,-228.7193066824739,250,False,0.6201001206064356,3.9328657697600353,40.0,True
motor_fault,A6_hocbf_train_seed_3,50091,-210.18144975867696,250,False,0.28783343973155906,6.821895990366888,40.0,True
motor_fault,A6_hocbf_train_seed_3,50092,-312.9335261375698,250,False,1.0095744471929349,9.130609353337809,40.0,True
motor_fault,A6_hocbf_train_seed_3,50093,-372.6872738306631,250,False,0.9098437034308635,10.27259432097471,40.0,True
motor_fault,A6_hocbf_train_seed_3,50094,-268.6610111193248,250,False,0.9525157265127432,3.7807094505710572,38.67070388793945,True
motor_fault,A6_hocbf_train_seed_3,50095,-255.7165026950966,250,False,0.9792078644566531,3.6666405138346763,37.221683502197266,True
motor_fault,A6_hocbf_train_seed_3,50096,-357.0975797814251,250,False,1.1016560649942786,3.4194772604411168,40.0,True
motor_fault,A6_hocbf_train_seed_3,50097,-332.83393245853625,250,False,1.1375412749830824,8.347238041918503,40.0,True
motor_fault,A6_hocbf_train_seed_3,50098,-102.6461174648472,80,True,0.04638993257954534,5.615520835195766,40.0,True
motor_fault,A6_hocbf_train_seed_3,50099,-94.50161579864262,44,False,1.7938477443278598,11.216015779508801,40.0,True
id_reference,A2_unfiltered_train_seed_4,50000,-79.54377469551754,250,False,0.15517605837511148,6.061450158599981,35.520565032958984,False
id_reference,A2_unfiltered_train_seed_4,50001,-97.6474720027798,146,True,0.04839159161655135,8.938525447558755,40.0,False
id_reference,A2_unfiltered_train_seed_4,50002,-30.26631324186188,48,True,0.04367501439247945,8.576908082888368,40.0,False
id_reference,A2_unfiltered_train_seed_4,50003,-231.97370296400928,250,False,0.4660197928133364,12.633541280995402,40.0,False
id_reference,A2_unfiltered_train_seed_4,50004,-36.61841130130826,57,True,0.005170001242815552,9.470850890566883,40.0,False
id_reference,A2_unfiltered_train_seed_4,50005,-100.49597623214028,250,False,0.08232062827995976,13.443953386736172,40.0,False
id_reference,A2_unfiltered_train_seed_4,50006,-115.84959646142198,250,False,0.24381921993202865,6.776347760680098,40.0,False
id_reference,A2_unfiltered_train_seed_4,50007,-114.26872270535374,81,True,0.04657286405164447,10.3028778702982,40.0,False
id_reference,A2_unfiltered_train_seed_4,50008,-63.3575170054173,102,True,0.04969514333992926,8.937347157901812,40.0,False
id_reference,A2_unfiltered_train_seed_4,50009,-75.16096834936427,250,False,0.06198807359312807,9.379806399283778,40.0,False
id_reference,A2_unfiltered_train_seed_4,50010,-83.4216502203242,250,False,0.0711053271270089,12.33602463064191,40.0,False
id_reference,A2_unfiltered_train_seed_4,50011,-90.98964214028632,250,False,0.21301015223571795,5.261202154770605,39.75234603881836,False
id_reference,A2_unfiltered_train_seed_4,50012,-80.77040012803377,250,False,0.14767294220376614,12.564535581157516,39.03231430053711,False
id_reference,A2_unfiltered_train_seed_4,50013,-157.598211063282,250,False,0.2659496480573178,10.159191942898682,40.0,False
id_reference,A2_unfiltered_train_seed_4,50014,-180.15849491273795,250,False,0.14002618506985845,16.49609216899093,40.0,False
id_reference,A2_unfiltered_train_seed_4,50015,-114.56201797969953,250,False,0.08381185202895673,10.115663911281668,40.0,False
id_reference,A2_unfiltered_train_seed_4,50016,-103.59564130569953,250,False,0.1317135750728283,9.581851742378637,40.0,False
id_reference,A2_unfiltered_train_seed_4,50017,-53.169910333443326,72,True,0.04845355375146504,11.594408205485452,40.0,False
id_reference,A2_unfiltered_train_seed_4,50018,-81.80886472254227,64,True,0.029038251514811934,11.354685805629433,40.0,False
id_reference,A2_unfiltered_train_seed_4,50019,-93.81088842861604,84,True,0.04958994186348387,11.818516644274437,40.0,False
id_reference,A2_unfiltered_train_seed_4,50020,-21.908353196359855,38,True,0.03246393415377339,6.362079323872749,40.0,False
id_reference,A2_unfiltered_train_seed_4,50021,-12.57752426418324,37,True,0.03696614188729765,5.361752492553415,30.550912857055664,False
id_reference,A2_unfiltered_train_seed_4,50022,-75.71904245548906,66,True,0.030638142882601187,10.624445709641556,40.0,False
id_reference,A2_unfiltered_train_seed_4,50023,-102.53853986550087,250,False,0.05389111069909537,8.465245904440259,40.0,False
id_reference,A2_unfiltered_train_seed_4,50024,-2.582006821891886,31,True,0.018931168909539303,5.2666431759006604,28.24326515197754,False
id_reference,A2_unfiltered_train_seed_4,50025,-104.36530464250997,250,False,0.06081517775061448,11.615730814898509,40.0,False
id_reference,A2_unfiltered_train_seed_4,50026,-118.42702266812441,250,False,0.2371666909570565,6.9352263897189195,40.0,False
id_reference,A2_unfiltered_train_seed_4,50027,-94.93452020720093,250,False,0.1903825893614373,7.457848906681795,40.0,False
id_reference,A2_unfiltered_train_seed_4,50028,-126.96986322769071,250,False,0.12938872028218634,14.767780730964091,40.0,False
id_reference,A2_unfiltered_train_seed_4,50029,-88.99961493550414,87,True,0.04973473040120119,13.33447342933299,40.0,False
id_reference,A2_unfiltered_train_seed_4,50030,-76.37113084109768,98,True,0.04881637149949068,7.790388743324119,40.0,False
id_reference,A2_unfiltered_train_seed_4,50031,-78.86226000403299,70,True,0.043763636294187565,12.389943917085079,40.0,False
id_reference,A2_unfiltered_train_seed_4,50032,-61.49080195917024,59,True,0.019937234693201474,11.06974827657167,40.0,False
id_reference,A2_unfiltered_train_seed_4,50033,-4.193787310261198,33,True,0.044896592167647784,4.632247131707803,24.933744430541992,False
id_reference,A2_unfiltered_train_seed_4,50034,-61.989878547728615,250,False,0.09564595781965878,7.645198779755866,40.0,False
id_reference,A2_unfiltered_train_seed_4,50035,-63.27226781855193,250,False,0.07628988392168037,6.431040147423563,40.0,False
id_reference,A2_unfiltered_train_seed_4,50036,-32.43219115161365,47,True,0.046646812851197136,5.5815456371937255,40.0,False
id_reference,A2_unfiltered_train_seed_4,50037,-41.512657918476975,66,True,0.028199717406756843,9.619125852786238,40.0,False
id_reference,A2_unfiltered_train_seed_4,50038,-190.9874884827707,250,False,0.2287703701189607,9.60631148525917,40.0,False
id_reference,A2_unfiltered_train_seed_4,50039,-27.40387043779797,55,True,0.03934238008722547,4.612592261175776,40.0,False
id_reference,A2_unfiltered_train_seed_4,50040,-96.15288833195179,250,False,0.19894928255620734,6.356381456622269,40.0,False
id_reference,A2_unfiltered_train_seed_4,50041,-86.36402204945404,250,False,0.1302638466929125,12.137273550065185,39.740604400634766,False
id_reference,A2_unfiltered_train_seed_4,50042,-88.16513514971615,250,False,0.19425344900590025,7.805775464603565,40.0,False
id_reference,A2_unfiltered_train_seed_4,50043,-7.892269890402606,27,True,0.016923721129137842,4.887724920498191,40.0,False
id_reference,A2_unfiltered_train_seed_4,50044,-90.89688105669015,250,False,0.12399377169572998,10.525585981325872,40.0,False
id_reference,A2_unfiltered_train_seed_4,50045,-106.82406522440375,250,False,0.08410172089448106,10.488133390291166,40.0,False
id_reference,A2_unfiltered_train_seed_4,50046,-87.03333534546368,250,False,0.10198556594255788,14.058162068970796,40.0,False
id_reference,A2_unfiltered_train_seed_4,50047,-103.39409054920881,250,False,0.18244363871401292,5.830583765418544,40.0,False
id_reference,A2_unfiltered_train_seed_4,50048,-83.74665267229189,250,False,0.0895931142790119,9.455809319714268,40.0,False
id_reference,A2_unfiltered_train_seed_4,50049,-88.53617208166713,90,True,0.04957382078991976,13.486570285736004,40.0,False
id_reference,A2_unfiltered_train_seed_4,50050,-154.8662878579999,250,False,0.12458624583369614,10.455706139399291,40.0,False
id_reference,A2_unfiltered_train_seed_4,50051,-189.0143270213882,250,False,0.12183563464544453,19.877170709916864,40.0,False
id_reference,A2_unfiltered_train_seed_4,50052,-162.16330524320773,250,False,0.10713925659782345,14.167128423529656,40.0,False
id_reference,A2_unfiltered_train_seed_4,50053,-38.043592234146715,56,True,0.04970544165662968,8.597210158416834,40.0,False
id_reference,A2_unfiltered_train_seed_4,50054,-142.32379071119624,250,False,0.14466975963260953,11.758588162831494,40.0,False
id_reference,A2_unfiltered_train_seed_4,50055,-96.14948096667659,250,False,0.06397708109428575,9.69954508311517,40.0,False
id_reference,A2_unfiltered_train_seed_4,50056,-51.14331449826546,250,False,0.13020372492774598,5.17470646763082,22.007003784179688,False
id_reference,A2_unfiltered_train_seed_4,50057,-103.53955264093108,250,False,0.1371175695189781,10.112145235842574,40.0,False
id_reference,A2_unfiltered_train_seed_4,50058,-121.64949182403903,250,False,0.09753821178856563,13.942963281121894,40.0,False
id_reference,A2_unfiltered_train_seed_4,50059,-67.16454318884081,250,False,0.10203317249475605,6.131820939068242,40.0,False
id_reference,A2_unfiltered_train_seed_4,50060,-146.68110049507231,250,False,0.08452007866028234,14.809453676590298,40.0,False
id_reference,A2_unfiltered_train_seed_4,50061,-89.38501527024671,250,False,0.1948309840336302,5.118834991353181,33.4869499206543,False
id_reference,A2_unfiltered_train_seed_4,50062,-132.46264842839656,250,False,0.13246445672097837,12.816989604940046,40.0,False
id_reference,A2_unfiltered_train_seed_4,50063,-6.557064441133525,31,True,0.03032164549206089,4.400273799792606,33.94184494018555,False
id_reference,A2_unfiltered_train_seed_4,50064,-59.93437136375862,250,False,0.05373690306045828,9.038674179330329,40.0,False
id_reference,A2_unfiltered_train_seed_4,50065,-70.0002358900886,250,False,0.11574228555591581,7.684300322719126,33.55628204345703,False
id_reference,A2_unfiltered_train_seed_4,50066,-91.16986793105389,250,False,0.06374917406644237,9.516121779644937,40.0,False
id_reference,A2_unfiltered_train_seed_4,50067,-61.345201200502714,250,False,0.09609056355774794,6.499641204411914,35.8690299987793,False
id_reference,A2_unfiltered_train_seed_4,50068,-19.280737174638027,53,True,0.02913183043896535,6.558224825046482,23.392227172851562,False
id_reference,A2_unfiltered_train_seed_4,50069,-59.3681708805386,50,True,0.044161768441892416,14.775474447648818,40.0,False
id_reference,A2_unfiltered_train_seed_4,50070,-6.601758543390552,33,True,0.0368507348804747,5.431828435183799,30.88280487060547,False
id_reference,A2_unfiltered_train_seed_4,50071,-56.74830012199584,250,False,0.09215705085848734,6.2462024823214986,38.08357238769531,False
id_reference,A2_unfiltered_train_seed_4,50072,-89.69297529156836,80,True,0.048229096213398534,9.33836162906646,38.75300979614258,False
id_reference,A2_unfiltered_train_seed_4,50073,-141.5771667672607,94,True,0.040687842131750446,13.897606092538995,40.0,False
id_reference,A2_unfiltered_train_seed_4,50074,-56.105899985068895,250,False,0.08362461547643128,5.807311771881833,31.62432861328125,False
id_reference,A2_unfiltered_train_seed_4,50075,-110.90822202505096,250,False,0.19425310483999267,6.667412370464766,40.0,False
id_reference,A2_unfiltered_train_seed_4,50076,-166.0340737938229,250,False,0.1343616004482439,11.39325967914261,40.0,False
id_reference,A2_unfiltered_train_seed_4,50077,-106.96024154798822,250,False,0.28016494108778295,10.002447390077696,40.0,False
id_reference,A2_unfiltered_train_seed_4,50078,-23.485193131497848,43,True,0.03387512576467928,5.030391277903916,40.0,False
id_reference,A2_unfiltered_train_seed_4,50079,-82.244118507571,63,True,0.019650826966160495,13.307272091731285,40.0,False
id_reference,A2_unfiltered_train_seed_4,50080,-140.31236753390144,88,True,0.033265198379059197,16.87573427085447,40.0,False
id_reference,A2_unfiltered_train_seed_4,50081,-85.39575448010801,250,False,0.13891461704223954,10.086893948242555,40.0,False
id_reference,A2_unfiltered_train_seed_4,50082,-73.5753546631231,250,False,0.07455306546802111,13.681145130234269,40.0,False
id_reference,A2_unfiltered_train_seed_4,50083,-80.38119700410674,64,True,0.04394217818598506,10.835902960889793,39.84437942504883,False
id_reference,A2_unfiltered_train_seed_4,50084,-67.49207197498727,250,False,0.13062958676163103,5.891172567521694,39.007755279541016,False
id_reference,A2_unfiltered_train_seed_4,50085,-88.92229798934538,85,True,0.04964182236031191,12.640962309731734,40.0,False
id_reference,A2_unfiltered_train_seed_4,50086,-100.79494652334068,250,False,0.12288119503750597,17.914348360295307,40.0,False
id_reference,A2_unfiltered_train_seed_4,50087,-26.86852760793666,54,True,0.04915740808929723,7.106541461238922,40.0,False
id_reference,A2_unfiltered_train_seed_4,50088,-149.18513816726104,250,False,0.2471666567600299,14.639457034914019,40.0,False
id_reference,A2_unfiltered_train_seed_4,50089,-77.22735302521262,250,False,0.06654670744013581,5.502176736202481,40.0,False
id_reference,A2_unfiltered_train_seed_4,50090,-119.44558407618285,250,False,0.10837382817143969,10.231417664456364,40.0,False
id_reference,A2_unfiltered_train_seed_4,50091,-125.99007854810776,84,True,0.04910136466263323,9.195289516391261,40.0,False
id_reference,A2_unfiltered_train_seed_4,50092,-109.98008062827039,250,False,0.19161113577741237,6.282939627728496,40.0,False
id_reference,A2_unfiltered_train_seed_4,50093,-133.66158685721263,250,False,0.07964490730824592,10.668230579257868,40.0,False
id_reference,A2_unfiltered_train_seed_4,50094,-13.622832943796896,31,True,0.02851433400589596,4.921038070813012,40.0,False
id_reference,A2_unfiltered_train_seed_4,50095,-34.36449918686445,88,True,0.04948499393126614,6.319332790161676,40.0,False
id_reference,A2_unfiltered_train_seed_4,50096,-92.56542644275449,72,True,0.024488673088759738,10.83145427953822,40.0,False
id_reference,A2_unfiltered_train_seed_4,50097,-153.63740141460008,250,False,0.3468283310387064,6.235478091284288,40.0,False
id_reference,A2_unfiltered_train_seed_4,50098,-105.99293524208558,250,False,0.12702725386757516,12.89474637960538,40.0,False
id_reference,A2_unfiltered_train_seed_4,50099,-129.9474573182059,250,False,0.1593288186313411,6.420251446193015,40.0,False
id_reference,A5_hocbf_train_seed_4,50000,-83.57477722338754,250,False,0.15517568127234158,4.088385781914238,36.725852966308594,False
id_reference,A5_hocbf_train_seed_4,50001,-119.58813340743296,150,True,0.049798992658221755,5.331988423288191,40.0,False
id_reference,A5_hocbf_train_seed_4,50002,-70.51288570539295,250,False,0.055166301862437636,5.849764150284626,40.0,False
id_reference,A5_hocbf_train_seed_4,50003,-286.7333977036773,250,False,0.467206802637959,4.511247765242634,40.0,False
id_reference,A5_hocbf_train_seed_4,50004,-76.35422928350997,68,True,0.047182971360400054,4.8669108199325,40.0,False
id_reference,A5_hocbf_train_seed_4,50005,-132.2213898640647,250,False,0.17542331129671718,6.326051342220953,40.0,False
id_reference,A5_hocbf_train_seed_4,50006,-123.33026177471227,250,False,0.24381877436537683,2.9241768497575635,40.0,False
id_reference,A5_hocbf_train_seed_4,50007,-104.5159658834906,75,True,0.03587725927777655,4.214628069904344,40.0,False
id_reference,A5_hocbf_train_seed_4,50008,-99.66204108987255,96,True,0.049572404470286796,6.53438292644205,40.0,False
id_reference,A5_hocbf_train_seed_4,50009,-135.3062402167752,250,False,0.06214210545254386,2.845124438173871,40.0,False
id_reference,A5_hocbf_train_seed_4,50010,-99.52237644147888,250,False,0.07110415149677382,3.667985903448494,40.0,False
id_reference,A5_hocbf_train_seed_4,50011,-90.96456499096494,250,False,0.2130101433329747,5.0768777214226555,39.06313705444336,False
id_reference,A5_hocbf_train_seed_4,50012,-85.68050204482812,250,False,0.14767067930118016,3.6745864494545217,40.0,False
id_reference,A5_hocbf_train_seed_4,50013,-244.1986062988205,250,False,0.2663865581592744,3.883625515185529,40.0,False
id_reference,A5_hocbf_train_seed_4,50014,-191.14203330986865,250,False,0.3263832738487703,4.405927865907297,40.0,False
id_reference,A5_hocbf_train_seed_4,50015,-123.75275512321778,250,False,0.08383784940196086,3.49325381297407,40.0,False
id_reference,A5_hocbf_train_seed_4,50016,-153.43523633416012,250,False,0.1317136343070463,2.163375650986769,40.0,False
id_reference,A5_hocbf_train_seed_4,50017,-105.7680870245359,250,False,0.11507176924820675,5.1873520380005385,40.0,False
id_reference,A5_hocbf_train_seed_4,50018,-159.26981653545704,50,False,1.9459201400331412,5.5749751931884575,40.0,False
id_reference,A5_hocbf_train_seed_4,50019,-193.0168191561411,124,True,0.022944720773029868,3.3767091708670405,40.0,False
id_reference,A5_hocbf_train_seed_4,50020,-40.68879156941953,60,True,0.04214081930507368,2.7483741159049186,40.0,False
id_reference,A5_hocbf_train_seed_4,50021,-19.679996822162963,46,True,0.03545418875169381,2.958907515526042,29.486202239990234,False
id_reference,A5_hocbf_train_seed_4,50022,-85.52795000926899,73,True,0.03419388617950834,3.9308539955535364,40.0,False
id_reference,A5_hocbf_train_seed_4,50023,-83.92941462812546,70,True,0.03020924546323554,5.783405783619947,40.0,False
id_reference,A5_hocbf_train_seed_4,50024,-2.50702113094402,32,True,0.02919146710544542,4.5965524719998205,29.250791549682617,False
id_reference,A5_hocbf_train_seed_4,50025,-106.57253239884233,250,False,0.06081393093106904,4.952115361459121,40.0,False
id_reference,A5_hocbf_train_seed_4,50026,-252.93234598492162,250,False,0.690226384575989,5.59651949654661,40.0,False
id_reference,A5_hocbf_train_seed_4,50027,-90.42924104438549,250,False,0.19037451806896877,6.06761146891134,40.0,False
id_reference,A5_hocbf_train_seed_4,50028,-112.75431444633426,250,False,0.1293768079588723,6.038846586882866,40.0,False
id_reference,A5_hocbf_train_seed_4,50029,-122.62470898752817,81,True,0.022678715576593872,4.668301108110669,40.0,False
id_reference,A5_hocbf_train_seed_4,50030,-89.28585527361693,79,True,0.035156992213064,4.316493587463026,40.0,False
id_reference,A5_hocbf_train_seed_4,50031,-79.72136352363563,58,True,0.006910357611026604,6.615853650458765,40.0,False
id_reference,A5_hocbf_train_seed_4,50032,-67.45845339354615,53,True,0.011575531598448879,3.050581198330857,40.0,False
id_reference,A5_hocbf_train_seed_4,50033,-5.509185320480375,35,True,0.04436679435050446,3.964127273145192,25.537521362304688,False
id_reference,A5_hocbf_train_seed_4,50034,-77.66393847218923,250,False,0.09564595200735448,4.626000497514038,40.0,False
id_reference,A5_hocbf_train_seed_4,50035,-86.15512089435535,232,True,0.04989788979540728,4.697056952140505,40.0,False
id_reference,A5_hocbf_train_seed_4,50036,-72.89032283216505,84,True,0.04968158752253379,2.5928991467044726,40.0,False
id_reference,A5_hocbf_train_seed_4,50037,-68.20199429190419,74,True,0.035561427530121106,3.0009926354930485,40.0,False
id_reference,A5_hocbf_train_seed_4,50038,-108.63179789711876,98,True,0.04380150281007963,5.865015261199699,40.0,False
id_reference,A5_hocbf_train_seed_4,50039,-58.04182236484141,80,True,0.04299306955151575,2.434824747559876,39.30457305908203,False
id_reference,A5_hocbf_train_seed_4,50040,-93.39392685385448,250,False,0.1989397889433214,4.879794093577024,40.0,False
id_reference,A5_hocbf_train_seed_4,50041,-55.35221843136023,58,True,0.027098339667702823,4.696681934555687,38.7684326171875,False
id_reference,A5_hocbf_train_seed_4,50042,-89.20178614792896,250,False,0.19425345530323782,4.892955541203304,39.988494873046875,False
id_reference,A5_hocbf_train_seed_4,50043,-12.554397520143226,34,True,0.03740758872020206,3.1437291278081068,40.0,False
id_reference,A5_hocbf_train_seed_4,50044,-112.2249842439239,250,False,0.12393657125270949,2.588646129777723,40.0,False
id_reference,A5_hocbf_train_seed_4,50045,-218.13280263599765,250,False,0.07962400872026804,4.505555491760036,40.0,False
id_reference,A5_hocbf_train_seed_4,50046,-93.4949012505516,250,False,0.10198556567083827,5.016286096291299,40.0,False
id_reference,A5_hocbf_train_seed_4,50047,-103.53617234206463,250,False,0.18244445298293946,4.419004899777443,40.0,False
id_reference,A5_hocbf_train_seed_4,50048,-77.31043063414705,250,False,0.08959310417907503,5.8203678767793985,40.0,False
id_reference,A5_hocbf_train_seed_4,50049,-93.7704379013525,81,True,0.04958243277446455,4.035580582291969,40.0,False
id_reference,A5_hocbf_train_seed_4,50050,-144.64335124308687,250,False,0.12347656103408827,5.7635609677165265,40.0,False
id_reference,A5_hocbf_train_seed_4,50051,-140.10267895148337,250,False,0.11247996216836027,5.833118755425636,40.0,False
id_reference,A5_hocbf_train_seed_4,50052,-273.32954012981094,250,False,0.4009409165238399,6.120751867501723,40.0,False
id_reference,A5_hocbf_train_seed_4,50053,-55.287948307167134,85,True,0.04905348567970437,2.9206721991097417,40.0,False
id_reference,A5_hocbf_train_seed_4,50054,-139.99299528532003,250,False,0.1446525766897079,5.268295586923527,40.0,False
id_reference,A5_hocbf_train_seed_4,50055,-116.27337762386348,250,False,0.06400413261022322,2.3175212989379657,40.0,False
id_reference,A5_hocbf_train_seed_4,50056,-51.71082146987401,250,False,0.13019879464066111,4.339270461138228,23.210105895996094,False
id_reference,A5_hocbf_train_seed_4,50057,-43.87295331117362,69,True,0.04759705111859716,3.3903134149154703,40.0,False
id_reference,A5_hocbf_train_seed_4,50058,-119.97412422227566,250,False,0.09754011468452384,4.850763570188529,40.0,False
id_reference,A5_hocbf_train_seed_4,50059,-110.52054177586493,250,False,0.1837931151891525,4.243426236510201,40.0,False
id_reference,A5_hocbf_train_seed_4,50060,-148.73865507975466,250,False,0.08444169429414207,5.471155017624735,40.0,False
id_reference,A5_hocbf_train_seed_4,50061,-89.26934850594814,250,False,0.19483104670708354,4.63096665204941,34.08730697631836,False
id_reference,A5_hocbf_train_seed_4,50062,-127.57801529342933,250,False,0.1644812831596143,6.31749813309222,40.0,False
id_reference,A5_hocbf_train_seed_4,50063,-12.425075781052035,38,True,0.04553712307762114,2.6013536814932188,33.038002014160156,False
id_reference,A5_hocbf_train_seed_4,50064,-67.64134139288845,250,False,0.054257414661481373,4.186846733408622,40.0,False
id_reference,A5_hocbf_train_seed_4,50065,-71.73999051452329,250,False,0.11574236646184856,4.3003999530058765,35.24063491821289,False
id_reference,A5_hocbf_train_seed_4,50066,-146.32017367760815,250,False,0.06374620151420697,3.4549361339185305,40.0,False
id_reference,A5_hocbf_train_seed_4,50067,-70.85225328406966,250,False,0.09609044173738893,4.041193186306431,37.47614669799805,False
id_reference,A5_hocbf_train_seed_4,50068,-23.951307862771525,59,True,0.027005501696624388,4.472590963520082,22.37173080444336,False
id_reference,A5_hocbf_train_seed_4,50069,-64.26776836497419,58,True,0.043160361961287835,5.076367506837817,40.0,False
id_reference,A5_hocbf_train_seed_4,50070,-12.34832189858209,45,True,0.04219911920324939,3.4253704018156026,30.059064865112305,False
id_reference,A5_hocbf_train_seed_4,50071,-59.88243008557572,250,False,0.09215703953781205,3.95491441296206,40.0,False
id_reference,A5_hocbf_train_seed_4,50072,-182.92875042803126,250,False,0.2928525506011901,5.7860946831038715,40.0,False
id_reference,A5_hocbf_train_seed_4,50073,-121.54232600458008,121,True,0.048636442391297004,5.657896393489273,40.0,False
id_reference,A5_hocbf_train_seed_4,50074,-67.73433137035286,250,False,0.08362467012003627,3.560637498959737,31.0657901763916,False
id_reference,A5_hocbf_train_seed_4,50075,-137.408737225031,250,False,0.1952629516614872,4.783734187621039,40.0,False
id_reference,A5_hocbf_train_seed_4,50076,-380.59383189224127,250,False,0.8461368419018646,8.135055803314355,40.0,False
id_reference,A5_hocbf_train_seed_4,50077,-102.15402722735203,250,False,0.28574806446225115,7.794250418898433,40.0,False
id_reference,A5_hocbf_train_seed_4,50078,-73.16400544219071,250,False,0.05326238719108667,2.7482197719490173,40.0,False
id_reference,A5_hocbf_train_seed_4,50079,-219.97707329207745,250,False,0.05980024525442258,5.196125554338928,40.0,False
id_reference,A5_hocbf_train_seed_4,50080,-106.98025400349923,91,True,0.039943043937601105,6.840015658496415,40.0,False
id_reference,A5_hocbf_train_seed_4,50081,-82.53598540705264,250,False,0.13891476573621453,4.662306257874824,40.0,False
id_reference,A5_hocbf_train_seed_4,50082,-88.31980096098951,250,False,0.17441174262961004,6.338481426873704,40.0,False
id_reference,A5_hocbf_train_seed_4,50083,-92.73483234849725,126,True,0.04899967901941009,6.936164370191381,40.0,False
id_reference,A5_hocbf_train_seed_4,50084,-71.41491995430721,250,False,0.1306295821021139,3.502215136949551,40.0,False
id_reference,A5_hocbf_train_seed_4,50085,-164.93962001642822,250,False,0.22379601477993064,5.522497846433744,40.0,False
id_reference,A5_hocbf_train_seed_4,50086,-108.06730136104194,250,False,0.12287632722031279,6.636418073335114,40.0,False
id_reference,A5_hocbf_train_seed_4,50087,-36.330704102468175,62,True,0.04950758099562201,3.173345679138616,40.0,False
id_reference,A5_hocbf_train_seed_4,50088,-167.59680567160083,250,False,0.18540335693729965,5.887117520600152,40.0,False
id_reference,A5_hocbf_train_seed_4,50089,-86.49465069657607,250,False,0.06654674041483372,4.611331236712649,40.0,False
id_reference,A5_hocbf_train_seed_4,50090,-125.03132215366763,250,False,0.11040321628854582,3.9328657697600353,40.0,False
id_reference,A5_hocbf_train_seed_4,50091,-227.36866573790584,250,False,0.4683597476866722,5.7786895581411475,40.0,False
id_reference,A5_hocbf_train_seed_4,50092,-124.385861269989,250,False,0.1921673226098202,5.591716329436154,40.0,False
id_reference,A5_hocbf_train_seed_4,50093,-409.81173361097007,250,False,1.0539923065022203,5.75618019408304,40.0,False
id_reference,A5_hocbf_train_seed_4,50094,-17.340973134565104,36,True,0.00855570870002353,3.5367374331791304,40.0,False
id_reference,A5_hocbf_train_seed_4,50095,-48.31312398380611,98,True,0.04945518348576006,3.7054477377682584,40.0,False
id_reference,A5_hocbf_train_seed_4,50096,-131.20269405706313,82,True,0.015241216385797802,3.6283924639609655,40.0,False
id_reference,A5_hocbf_train_seed_4,50097,-211.43227540444693,250,False,0.5115026906029079,6.222500470199316,40.0,False
id_reference,A5_hocbf_train_seed_4,50098,-129.07591226012337,250,False,0.1270325622509878,5.250025636770676,40.0,False
id_reference,A5_hocbf_train_seed_4,50099,-219.0111802336589,250,False,0.4713243479689569,4.943604953460688,40.0,False
id_reference,A6_prefilter_train_seed_4,50000,-242.5813910369081,250,False,0.71051362872968,3.8407581186377695,36.31952667236328,False
id_reference,A6_prefilter_train_seed_4,50001,-166.17544200717975,250,False,0.26260794633705864,10.796762712593898,40.0,False
id_reference,A6_prefilter_train_seed_4,50002,-117.57181360929158,250,False,0.30331407163225377,6.819645808315856,40.0,False
id_reference,A6_prefilter_train_seed_4,50003,-246.660115183521,250,False,0.501566279167092,12.55654585960443,40.0,False
id_reference,A6_prefilter_train_seed_4,50004,-127.08804614292369,250,False,0.3133044590343464,8.483422376181393,40.0,False
id_reference,A6_prefilter_train_seed_4,50005,-113.9020626493044,250,False,0.09138782386581513,14.267857539587206,40.0,False
id_reference,A6_prefilter_train_seed_4,50006,-99.07781705689219,250,False,0.17468302629556556,4.967769612724473,40.0,False
id_reference,A6_prefilter_train_seed_4,50007,-240.7986960659346,250,False,0.49928508832910035,10.89343854219929,40.0,False
id_reference,A6_prefilter_train_seed_4,50008,-164.7365092710641,250,False,0.3206836899702199,7.6348876289636145,40.0,False
id_reference,A6_prefilter_train_seed_4,50009,-136.03630106036607,250,False,0.3114381272843417,10.41785570018506,40.0,False
id_reference,A6_prefilter_train_seed_4,50010,-82.4402930559597,250,False,0.08203177382942682,13.558258657579904,40.0,False
id_reference,A6_prefilter_train_seed_4,50011,-153.07055992998232,250,False,0.46811182313581257,3.831541876756761,40.0,False
id_reference,A6_prefilter_train_seed_4,50012,-40.541668449632944,60,True,0.04798113842923738,10.861944411334193,40.0,False
id_reference,A6_prefilter_train_seed_4,50013,-206.59615648786271,250,False,0.5070290564578256,11.047447515400147,40.0,False
id_reference,A6_prefilter_train_seed_4,50014,-264.553076230858,250,False,0.57233907393866,17.65279762494687,40.0,False
id_reference,A6_prefilter_train_seed_4,50015,-228.49096818391973,250,False,0.5827003921885521,10.83564672081216,40.0,False
id_reference,A6_prefilter_train_seed_4,50016,-228.9033116582533,250,False,0.7075555455956021,10.50296860566069,40.0,False
id_reference,A6_prefilter_train_seed_4,50017,-122.84243435601222,250,False,0.20854064879736717,8.61717073317601,40.0,False
id_reference,A6_prefilter_train_seed_4,50018,-95.35158311145527,80,True,0.04587144422287685,11.9187371022365,40.0,False
id_reference,A6_prefilter_train_seed_4,50019,-201.33497411253776,250,False,0.4218919969975379,12.504098161421801,40.0,False
id_reference,A6_prefilter_train_seed_4,50020,-165.49102846131237,250,False,0.2891590133510108,2.0870792309974453,40.0,False
id_reference,A6_prefilter_train_seed_4,50021,-108.32493286019425,250,False,0.23507550299588148,2.4749948334198764,29.245805740356445,False
id_reference,A6_prefilter_train_seed_4,50022,-171.74072824680567,250,False,0.3110967088187846,11.820396346720992,40.0,False
id_reference,A6_prefilter_train_seed_4,50023,-131.40624498946084,250,False,0.1891014948113678,9.727261250791313,40.0,False
id_reference,A6_prefilter_train_seed_4,50024,-63.158918019392914,250,False,0.14344360596215133,2.6211072532776525,29.854637145996094,False
id_reference,A6_prefilter_train_seed_4,50025,-148.4424282981194,250,False,0.30368260717542617,11.626483217100398,40.0,False
id_reference,A6_prefilter_train_seed_4,50026,-255.43014342244274,250,False,0.748270727334981,5.519589401963314,40.0,False
id_reference,A6_prefilter_train_seed_4,50027,-41.26959652625165,54,True,0.049687044918727774,7.61052743707556,40.0,False
id_reference,A6_prefilter_train_seed_4,50028,-158.32558482055327,250,False,0.16377007898375098,16.13438140850358,40.0,False
id_reference,A6_prefilter_train_seed_4,50029,-166.0217240316646,250,False,0.24689889775990428,13.848918318781017,40.0,False
id_reference,A6_prefilter_train_seed_4,50030,-133.05529624449937,250,False,0.22095890068967378,9.537607989282638,40.0,False
id_reference,A6_prefilter_train_seed_4,50031,-108.93739738661021,250,False,0.06619233647184382,14.087098016523843,40.0,False
id_reference,A6_prefilter_train_seed_4,50032,-149.53403217612484,250,False,0.2792718115749088,12.235988476573107,40.0,False
id_reference,A6_prefilter_train_seed_4,50033,-63.679304317669335,250,False,0.13928367243865644,2.735798981706949,26.08286476135254,False
id_reference,A6_prefilter_train_seed_4,50034,-108.37383171433734,250,False,0.25752228709107916,5.55357340667023,40.0,False
id_reference,A6_prefilter_train_seed_4,50035,-204.0528111355522,250,False,0.611606438858728,4.529152465981369,40.0,False
id_reference,A6_prefilter_train_seed_4,50036,-90.68727443103391,250,False,0.10609709284291202,3.383421235875073,40.0,False
id_reference,A6_prefilter_train_seed_4,50037,-104.76906075615953,250,False,0.17281716280345094,11.083767609479438,40.0,False
id_reference,A6_prefilter_train_seed_4,50038,-268.08385293710336,250,False,0.42377682970993624,18.032520841415742,40.0,False
id_reference,A6_prefilter_train_seed_4,50039,-106.21861905385268,250,False,0.179392854957987,1.8372626748723713,36.84275436401367,False
id_reference,A6_prefilter_train_seed_4,50040,-82.34878150822004,250,False,0.0881465884333368,9.411413641012093,40.0,False
id_reference,A6_prefilter_train_seed_4,50041,-75.30178501933972,250,False,0.07282318517778524,13.324250699098993,40.0,False
id_reference,A6_prefilter_train_seed_4,50042,-46.22576448078802,54,True,0.045094969182158974,5.766004005796835,40.0,False
id_reference,A6_prefilter_train_seed_4,50043,-77.81476697590575,250,False,0.1318398056925861,1.4448549486719147,40.0,False
id_reference,A6_prefilter_train_seed_4,50044,-127.9635587425637,250,False,0.21311771320820094,11.595857812925171,40.0,False
id_reference,A6_prefilter_train_seed_4,50045,-177.0457053149375,250,False,0.3471573473002101,11.609596233650938,40.0,False
id_reference,A6_prefilter_train_seed_4,50046,-57.42161009563619,57,True,0.04925073517124416,15.477338459374424,40.0,False
id_reference,A6_prefilter_train_seed_4,50047,-120.81102767030154,250,False,0.25365594612981385,2.538941740298501,40.0,False
id_reference,A6_prefilter_train_seed_4,50048,-102.67318843620289,250,False,0.21048096181414458,8.015003296679375,40.0,False
id_reference,A6_prefilter_train_seed_4,50049,-134.1970617983036,250,False,0.12330216406970737,14.766745086338709,40.0,False
id_reference,A6_prefilter_train_seed_4,50050,-187.32677877887983,250,False,0.28666547093904815,12.109859949597496,40.0,False
id_reference,A6_prefilter_train_seed_4,50051,-163.82763938443748,250,False,0.0989604661681849,12.968071514540608,40.0,False
id_reference,A6_prefilter_train_seed_4,50052,-183.2048132665068,250,False,0.14746232699552422,14.754048263682975,40.0,False
id_reference,A6_prefilter_train_seed_4,50053,-108.03132524145002,250,False,0.192281547248485,8.582179242885594,40.0,False
id_reference,A6_prefilter_train_seed_4,50054,-196.67281726410425,250,False,0.24489879687954422,19.083799152513375,40.0,False
id_reference,A6_prefilter_train_seed_4,50055,-222.51608749059002,250,False,0.6306508762903406,10.077451008694066,40.0,False
id_reference,A6_prefilter_train_seed_4,50056,-7.630111794207652,43,True,0.03781036297209046,2.8556720020977937,23.013561248779297,False
id_reference,A6_prefilter_train_seed_4,50057,-111.75825415324626,250,False,0.1592577897503992,7.820626216728748,40.0,False
id_reference,A6_prefilter_train_seed_4,50058,-154.70844131409956,250,False,0.17436115080485806,15.012973915161766,40.0,False
id_reference,A6_prefilter_train_seed_4,50059,-158.30618871919262,250,False,0.4441150451857286,4.224353754798178,40.0,False
id_reference,A6_prefilter_train_seed_4,50060,-150.6263777907912,250,False,0.10392647504875946,15.476526878851663,40.0,False
id_reference,A6_prefilter_train_seed_4,50061,-134.71487986987927,250,False,0.3700526838497948,2.6772576431776987,37.612579345703125,False
id_reference,A6_prefilter_train_seed_4,50062,-150.55621188435256,250,False,0.22226008434055194,14.81318263984895,40.0,False
id_reference,A6_prefilter_train_seed_4,50063,-158.9358976819639,250,False,0.3808022485999103,1.6208400267163818,33.501365661621094,False
id_reference,A6_prefilter_train_seed_4,50064,-69.65587920218823,250,False,0.10789519963405615,6.334075036821745,40.0,False
id_reference,A6_prefilter_train_seed_4,50065,-93.44346240314343,250,False,0.20991160461208522,4.510374740438755,40.0,False
id_reference,A6_prefilter_train_seed_4,50066,-150.37379550936149,250,False,0.2950246797805135,10.565420106345286,40.0,False
id_reference,A6_prefilter_train_seed_4,50067,-104.79634904803784,250,False,0.2545254830878605,4.531217897572224,38.229042053222656,False
id_reference,A6_prefilter_train_seed_4,50068,-22.680730573014834,49,True,0.031420718426802684,4.4382078170933905,22.62394905090332,False
id_reference,A6_prefilter_train_seed_4,50069,-107.36965018997175,250,False,0.09052097797309692,16.16213704469765,40.0,False
id_reference,A6_prefilter_train_seed_4,50070,-222.2789343056089,250,False,0.7568789162390949,3.1818418406847306,28.964393615722656,False
id_reference,A6_prefilter_train_seed_4,50071,-49.460021252081596,250,False,0.0523685663859012,5.698328784690314,40.0,False
id_reference,A6_prefilter_train_seed_4,50072,-143.8154140766008,250,False,0.11842975457882396,11.982404193278066,40.0,False
id_reference,A6_prefilter_train_seed_4,50073,-232.77251443049195,250,False,0.3916654996080096,15.675571879460522,40.0,False
id_reference,A6_prefilter_train_seed_4,50074,-141.06306953666245,250,False,0.401194201863015,4.024314754230556,31.405494689941406,False
id_reference,A6_prefilter_train_seed_4,50075,-244.2506132989862,250,False,0.7314674517737021,4.775764981182742,40.0,False
id_reference,A6_prefilter_train_seed_4,50076,-188.87950032965148,250,False,0.21514250440519592,11.366537717955358,40.0,False
id_reference,A6_prefilter_train_seed_4,50077,-62.493352219415556,250,False,0.08302246130152707,9.371138301011118,40.0,False
id_reference,A6_prefilter_train_seed_4,50078,-109.96082343403155,250,False,0.24611665895531723,3.126546953947845,40.0,False
id_reference,A6_prefilter_train_seed_4,50079,-154.96986487110894,250,False,0.12586639238605352,13.041792271568758,40.0,False
id_reference,A6_prefilter_train_seed_4,50080,-211.36213729116025,250,False,0.24911798556622486,17.105655956289613,40.0,False
id_reference,A6_prefilter_train_seed_4,50081,-48.352663559641556,65,True,0.048759867764999305,9.69135703912688,40.0,False
id_reference,A6_prefilter_train_seed_4,50082,-27.2049011057732,44,True,0.048044130789341145,10.279080149601462,40.0,False
id_reference,A6_prefilter_train_seed_4,50083,-78.14084042284212,70,True,0.017467729211689473,12.118493260283362,40.0,False
id_reference,A6_prefilter_train_seed_4,50084,-21.728991289700815,46,True,0.049554299359904075,6.513492363593296,40.0,False
id_reference,A6_prefilter_train_seed_4,50085,-153.51703848932775,250,False,0.19350609410034747,14.247422912452476,40.0,False
id_reference,A6_prefilter_train_seed_4,50086,-59.75826000463131,58,True,0.04672538078276246,17.66624968315526,40.0,False
id_reference,A6_prefilter_train_seed_4,50087,-87.53027523402065,250,False,0.15065925173986253,2.7991678003133114,40.0,False
id_reference,A6_prefilter_train_seed_4,50088,-80.43077139578986,58,True,0.04176479407452516,16.287909841929885,40.0,False
id_reference,A6_prefilter_train_seed_4,50089,-120.8140297663378,250,False,0.23415636291276523,6.39561211385891,40.0,False
id_reference,A6_prefilter_train_seed_4,50090,-189.93052615446913,250,False,0.3925602927619694,10.93680776424106,40.0,False
id_reference,A6_prefilter_train_seed_4,50091,-186.87606038563135,250,False,0.09941262419256192,11.970366603411973,40.0,False
id_reference,A6_prefilter_train_seed_4,50092,-233.52244864887592,250,False,0.7364440351005558,4.498598188896576,40.0,False
id_reference,A6_prefilter_train_seed_4,50093,-187.63615007353803,250,False,0.27009959527195837,11.161937287599908,40.0,False
id_reference,A6_prefilter_train_seed_4,50094,-89.51072334511379,250,False,0.16692287195045724,2.2976836309079665,38.67412567138672,False
id_reference,A6_prefilter_train_seed_4,50095,-85.07877921410582,250,False,0.14279749954006304,3.821245800560567,38.973514556884766,False
id_reference,A6_prefilter_train_seed_4,50096,-191.79441451329268,250,False,0.46081070104288074,11.91312265085631,40.0,False
id_reference,A6_prefilter_train_seed_4,50097,-260.135522108887,250,False,0.8338314834879544,5.6946065016319265,40.0,False
id_reference,A6_prefilter_train_seed_4,50098,-66.65303890027512,62,True,0.010234849204982561,13.779832286581021,40.0,False
id_reference,A6_prefilter_train_seed_4,50099,-234.67887020383387,250,False,0.6444994520487508,9.059249233223605,40.0,False
id_reference,A6_hocbf_train_seed_4,50000,-242.5813910369081,250,False,0.71051362872968,3.8407581186377695,36.31952667236328,False
id_reference,A6_hocbf_train_seed_4,50001,-169.452014148502,250,False,0.26276009831690883,5.082427549888154,40.0,False
id_reference,A6_hocbf_train_seed_4,50002,-122.56722756716432,250,False,0.3033418569544663,6.269108821923192,40.0,False
id_reference,A6_hocbf_train_seed_4,50003,-290.8160433729313,250,False,0.5010738460843593,4.265654445868184,40.0,False
id_reference,A6_hocbf_train_seed_4,50004,-156.93531801968234,250,False,0.31327452479636414,4.182629057599353,40.0,False
id_reference,A6_hocbf_train_seed_4,50005,-117.3097768923416,250,False,0.082433990626706,6.288562686894898,40.0,False
id_reference,A6_hocbf_train_seed_4,50006,-107.93996702139799,250,False,0.17468224518921624,2.9238754325840848,40.0,False
id_reference,A6_hocbf_train_seed_4,50007,-213.94589212445436,250,False,0.49898428046123455,4.181552614787707,40.0,False
id_reference,A6_hocbf_train_seed_4,50008,-168.56312941796818,250,False,0.311358493885766,5.738526356017194,40.0,False
id_reference,A6_hocbf_train_seed_4,50009,-179.84768194470757,250,False,0.3119879428396664,2.8613013049416436,40.0,False
id_reference,A6_hocbf_train_seed_4,50010,-102.67201344202324,250,False,0.08203176396630847,3.667985903448494,40.0,False
id_reference,A6_hocbf_train_seed_4,50011,-153.07055992998232,250,False,0.46811182313581257,3.831541876756761,40.0,False
id_reference,A6_hocbf_train_seed_4,50012,-45.317463386818986,79,True,0.04929244169972977,2.6502508030579817,40.0,False
id_reference,A6_hocbf_train_seed_4,50013,-279.0603113477391,250,False,0.5067134943504343,4.094244673045437,40.0,False
id_reference,A6_hocbf_train_seed_4,50014,-229.6158890518115,250,False,0.5742097853625239,4.322929762494238,40.0,False
id_reference,A6_hocbf_train_seed_4,50015,-202.90100845797943,250,False,0.5816651464042656,3.4260343672269635,40.0,False
id_reference,A6_hocbf_train_seed_4,50016,-250.86735377953556,250,False,0.7088608600097874,2.1227415215214487,40.0,False
id_reference,A6_hocbf_train_seed_4,50017,-125.7632450184684,250,False,0.1991369954704017,4.9902042217534515,40.0,False
id_reference,A6_hocbf_train_seed_4,50018,-157.0833498284278,49,False,2.034720776045478,5.674787086011754,40.0,False
id_reference,A6_hocbf_train_seed_4,50019,-268.06147969513074,250,False,0.42084626153827437,3.1946613231823355,40.0,False
id_reference,A6_hocbf_train_seed_4,50020,-194.5174814241318,250,False,0.33513449228938275,0.9141819691687451,40.0,False
id_reference,A6_hocbf_train_seed_4,50021,-108.39901486004287,250,False,0.23507548197536896,2.4669958160011505,29.26222801208496,False
id_reference,A6_hocbf_train_seed_4,50022,-156.36913556217624,250,False,0.31103589555956224,3.914171275727201,40.0,False
id_reference,A6_hocbf_train_seed_4,50023,-138.995267208096,250,False,0.1890932502226739,6.193757148932089,40.0,False
id_reference,A6_hocbf_train_seed_4,50024,-63.158918019392914,250,False,0.14344360596215133,2.6211072532776525,29.854637145996094,False
id_reference,A6_hocbf_train_seed_4,50025,-153.6226418276361,250,False,0.3034879478908544,6.53018514740132,40.0,False
id_reference,A6_hocbf_train_seed_4,50026,-268.3951235964044,250,False,0.7468602616087852,5.218352357984651,40.0,False
id_reference,A6_hocbf_train_seed_4,50027,-38.064866091004546,50,True,0.049946372287965585,6.38701948937958,40.0,False
id_reference,A6_hocbf_train_seed_4,50028,-117.24735909937446,250,False,0.16377454886467152,6.035550268578978,40.0,False
id_reference,A6_hocbf_train_seed_4,50029,-181.61466985441157,250,False,0.24697444101282523,4.343274128958356,40.0,False
id_reference,A6_hocbf_train_seed_4,50030,-136.33453444087246,250,False,0.22078435228846552,4.639212619834446,40.0,False
id_reference,A6_hocbf_train_seed_4,50031,-111.5385745158804,250,False,0.06619233698437878,6.614948740315433,40.0,False
id_reference,A6_hocbf_train_seed_4,50032,-139.4667155388373,250,False,0.27926758926111866,3.050581198330857,40.0,False
id_reference,A6_hocbf_train_seed_4,50033,-63.679304317669335,250,False,0.13928367243865644,2.735798981706949,26.08286476135254,False
id_reference,A6_hocbf_train_seed_4,50034,-111.73374036609037,250,False,0.25749246886223676,5.02986612381404,40.0,False
id_reference,A6_hocbf_train_seed_4,50035,-206.10901461520723,250,False,0.6115857963382557,4.377905029434184,40.0,False
id_reference,A6_hocbf_train_seed_4,50036,-110.44235772955778,250,False,0.10597654938515326,2.4075512194117232,40.0,False
id_reference,A6_hocbf_train_seed_4,50037,-121.24658759729672,250,False,0.17285202817246942,2.655229058060015,40.0,False
id_reference,A6_hocbf_train_seed_4,50038,-197.11007330302496,250,False,0.4255199760562091,6.062667543940463,40.0,False
id_reference,A6_hocbf_train_seed_4,50039,-109.63389893828789,250,False,0.17948040674888166,1.8295559623169368,36.04862594604492,False
id_reference,A6_hocbf_train_seed_4,50040,-77.18594456573767,250,False,0.08814658736135193,4.9866347058834135,40.0,False
id_reference,A6_hocbf_train_seed_4,50041,-82.39068855152253,250,False,0.07282318038226424,4.662965156475973,40.0,False
id_reference,A6_hocbf_train_seed_4,50042,-44.83837883081854,55,True,0.04133500660875853,4.892710666921647,40.0,False
id_reference,A6_hocbf_train_seed_4,50043,-77.81476697590575,250,False,0.1318398056925861,1.4448549486719147,40.0,False
id_reference,A6_hocbf_train_seed_4,50044,-129.77190162552623,250,False,0.21325156741623383,2.187336257569135,40.0,False
id_reference,A6_hocbf_train_seed_4,50045,-258.81314067086464,250,False,0.34750800351211497,5.250963306058537,40.0,False
id_reference,A6_hocbf_train_seed_4,50046,-60.57859605981372,52,True,0.04988299763768997,5.016286096291299,40.0,False
id_reference,A6_hocbf_train_seed_4,50047,-120.81102767030154,250,False,0.25365594612981385,2.538941740298501,40.0,False
id_reference,A6_hocbf_train_seed_4,50048,-100.48839345767536,250,False,0.2104804621757502,5.785768996404797,40.0,False
id_reference,A6_hocbf_train_seed_4,50049,-130.3517359873331,250,False,0.12330219890069952,4.030240524015217,40.0,False
id_reference,A6_hocbf_train_seed_4,50050,-171.0215167510784,250,False,0.2718763067144721,5.82553436503807,40.0,False
id_reference,A6_hocbf_train_seed_4,50051,-156.18154819348422,250,False,0.21841383276217252,5.782596992359749,40.0,False
id_reference,A6_hocbf_train_seed_4,50052,-267.3097881548802,250,False,0.37225844631916194,6.206339157737819,40.0,False
id_reference,A6_hocbf_train_seed_4,50053,-112.77572158487753,250,False,0.1923399957730009,2.8964078270918154,40.0,False
id_reference,A6_hocbf_train_seed_4,50054,-156.61300967273982,250,False,0.24499537248908612,5.181246648377645,40.0,False
id_reference,A6_hocbf_train_seed_4,50055,-221.23790768348198,250,False,0.6288941365835939,2.3175212989379657,40.0,False
id_reference,A6_hocbf_train_seed_4,50056,-7.630111794207652,43,True,0.03781036297209046,2.8556720020977937,23.013561248779297,False
id_reference,A6_hocbf_train_seed_4,50057,-107.8868894814608,250,False,0.1592503845874124,3.3903134149154703,40.0,False
id_reference,A6_hocbf_train_seed_4,50058,-134.95708807380933,250,False,0.17435341177258748,4.850763570188529,40.0,False
id_reference,A6_hocbf_train_seed_4,50059,-165.30988685313346,250,False,0.4442766382196926,3.8230710850954686,40.0,False
id_reference,A6_hocbf_train_seed_4,50060,-151.94240649195956,250,False,0.10392647645539425,5.2816252837179904,40.0,False
id_reference,A6_hocbf_train_seed_4,50061,-134.71487986987927,250,False,0.3700526838497948,2.6772576431776987,37.612579345703125,False
id_reference,A6_hocbf_train_seed_4,50062,-143.02470926272863,250,False,0.21397444821425046,6.679949661731164,40.0,False
id_reference,A6_hocbf_train_seed_4,50063,-158.9358976819639,250,False,0.3808022485999103,1.6208400267163818,33.501365661621094,False
id_reference,A6_hocbf_train_seed_4,50064,-73.28022428577546,250,False,0.10789517039786571,4.101130498290196,40.0,False
id_reference,A6_hocbf_train_seed_4,50065,-93.67561272016233,250,False,0.20991169230956297,4.445152894656717,40.0,False
id_reference,A6_hocbf_train_seed_4,50066,-188.12723498286437,250,False,0.29524967591124884,3.2381379385509925,40.0,False
id_reference,A6_hocbf_train_seed_4,50067,-106.65887027728205,250,False,0.2545135696995988,4.206422786286653,39.07532501220703,False
id_reference,A6_hocbf_train_seed_4,50068,-23.151695297545793,49,True,0.03381973336164422,4.37121804550632,22.865467071533203,False
id_reference,A6_hocbf_train_seed_4,50069,-95.49281028710294,250,False,0.09052099864568502,5.048935529943304,40.0,False
id_reference,A6_hocbf_train_seed_4,50070,-222.2789343056089,250,False,0.7568789162390949,3.1818418406847306,28.964393615722656,False
id_reference,A6_hocbf_train_seed_4,50071,-24.3855873292867,43,True,0.049414463263930335,3.1419983953102033,40.0,False
id_reference,A6_hocbf_train_seed_4,50072,-173.4821263316871,250,False,0.2564515908353457,5.730125199994509,40.0,False
id_reference,A6_hocbf_train_seed_4,50073,-199.33682084088235,250,False,0.39242810411765056,5.625382498481327,40.0,False
id_reference,A6_hocbf_train_seed_4,50074,-141.78501585340229,250,False,0.4011919230844459,3.909283916061459,31.64210319519043,False
id_reference,A6_hocbf_train_seed_4,50075,-247.26675618080398,250,False,0.7316448226241612,4.76535480257106,40.0,False
id_reference,A6_hocbf_train_seed_4,50076,-116.28641846093376,34,False,2.5754195448108894,11.111320501735506,40.0,False
id_reference,A6_hocbf_train_seed_4,50077,-61.014631936506376,250,False,0.08302246167367368,8.24224417069426,40.0,False
id_reference,A6_hocbf_train_seed_4,50078,-111.62438426659897,250,False,0.24616208360373992,2.913387163798044,40.0,False
id_reference,A6_hocbf_train_seed_4,50079,-244.01099773121862,250,False,0.12648198692148832,5.465608527995236,40.0,False
id_reference,A6_hocbf_train_seed_4,50080,-168.42387428317167,250,False,0.24911842965726064,6.92129041444518,40.0,False
id_reference,A6_hocbf_train_seed_4,50081,-43.80308620763003,60,True,0.04878318882503229,5.153190144581319,40.0,False
id_reference,A6_hocbf_train_seed_4,50082,-32.49459563480866,52,True,0.0492594909167508,6.346373572991664,40.0,False
id_reference,A6_hocbf_train_seed_4,50083,-82.4208845424746,77,True,0.01781040389817085,6.805207748779509,40.0,False
id_reference,A6_hocbf_train_seed_4,50084,-29.935901986410443,46,True,0.02725487853188816,2.433047353852445,40.0,False
id_reference,A6_hocbf_train_seed_4,50085,-158.776891905993,250,False,0.1943753830607801,5.378488801434251,40.0,False
id_reference,A6_hocbf_train_seed_4,50086,-70.37197363887395,60,True,0.03240076873880293,6.667938951012733,40.0,False
id_reference,A6_hocbf_train_seed_4,50087,-88.00546615894709,250,False,0.15066009190059118,2.6914967377632224,40.0,False
id_reference,A6_hocbf_train_seed_4,50088,-180.40102614494876,250,False,0.18140671841312572,5.839229278052887,40.0,False
id_reference,A6_hocbf_train_seed_4,50089,-118.7900393462747,250,False,0.23415684459769887,5.298308238045366,40.0,False
id_reference,A6_hocbf_train_seed_4,50090,-177.73476639495834,250,False,0.3929357435155785,3.9328657697600353,40.0,False
id_reference,A6_hocbf_train_seed_4,50091,-217.9150116404089,250,False,0.430796405648212,5.698731476939709,40.0,False
id_reference,A6_hocbf_train_seed_4,50092,-242.96676854905488,250,False,0.7365590314618423,4.461234433816923,40.0,False
id_reference,A6_hocbf_train_seed_4,50093,-408.25968472076215,250,False,1.0329161053773064,10.089598243255915,40.0,False
id_reference,A6_hocbf_train_seed_4,50094,-89.51072334511379,250,False,0.16692287195045724,2.2976836309079665,38.67412567138672,False
id_reference,A6_hocbf_train_seed_4,50095,-87.7981605267611,250,False,0.14279796711602355,3.6555186509428976,38.11996078491211,False
id_reference,A6_hocbf_train_seed_4,50096,-226.2699554661328,250,False,0.46097831396120986,3.4194772604411168,40.0,False
id_reference,A6_hocbf_train_seed_4,50097,-259.94721129090124,250,False,0.8337929080915087,5.7758556559848335,40.0,False
id_reference,A6_hocbf_train_seed_4,50098,-90.51587364706481,62,True,0.024569891227487997,5.628251974433655,40.0,False
id_reference,A6_hocbf_train_seed_4,50099,-244.94805351863943,250,False,0.645109094363744,4.688309036106907,40.0,False
ood_compound,A2_unfiltered_train_seed_4,50000,-247.9318572825132,250,False,0.7539235150688884,5.644072621540807,40.0,False
ood_compound,A2_unfiltered_train_seed_4,50001,-201.19629978362337,250,False,0.21926901573719618,10.47710079276869,40.0,False
ood_compound,A2_unfiltered_train_seed_4,50002,-184.5870409383461,250,False,0.460443455208797,8.206012972448951,40.0,False
ood_compound,A2_unfiltered_train_seed_4,50003,-584.3889630032983,250,False,1.243689502498782,31.18883466470095,40.0,False
ood_compound,A2_unfiltered_train_seed_4,50004,-292.6741008546536,250,False,0.8935885826195084,6.206920822281555,40.0,False
ood_compound,A2_unfiltered_train_seed_4,50005,-200.87474253172812,250,False,0.20262114392424507,10.475918042481304,40.0,False
ood_compound,A2_unfiltered_train_seed_4,50006,-191.33582905824454,250,False,0.42831257646963466,6.912709981559923,40.0,False
ood_compound,A2_unfiltered_train_seed_4,50007,-314.46689636492357,250,False,0.9705769195657182,8.565112213175908,40.0,False
ood_compound,A2_unfiltered_train_seed_4,50008,-297.40936438763873,250,False,0.517207798272094,19.1827007619049,40.0,False
ood_compound,A2_unfiltered_train_seed_4,50009,-124.86822792181738,250,False,0.20902811854596534,7.839675019357225,40.0,False
ood_compound,A2_unfiltered_train_seed_4,50010,-144.3910721078404,250,False,0.2059423024311733,8.072196557777902,40.0,False
ood_compound,A2_unfiltered_train_seed_4,50011,-235.63479693377425,250,False,0.6077646038518151,6.660054861334276,40.0,False
ood_compound,A2_unfiltered_train_seed_4,50012,-78.43732328114761,109,True,0.04990864436514507,10.266448554801684,40.0,False
ood_compound,A2_unfiltered_train_seed_4,50013,-346.5837894772509,250,False,1.0282848182561266,7.42068248804113,40.0,False
ood_compound,A2_unfiltered_train_seed_4,50014,-261.6170688428234,250,False,0.5535044644162053,10.69724754474238,40.0,False
ood_compound,A2_unfiltered_train_seed_4,50015,-186.56025823604207,250,False,0.22592335715967699,9.200992255386192,40.0,False
ood_compound,A2_unfiltered_train_seed_4,50016,-163.74243482503647,250,False,0.3117518608465517,8.36500780362606,40.0,False
ood_compound,A2_unfiltered_train_seed_4,50017,-276.01881539043416,250,False,0.5144570680758237,20.214584123755643,40.0,False
ood_compound,A2_unfiltered_train_seed_4,50018,-142.9312431119801,108,True,0.049145431881167025,7.154317567005799,40.0,False
ood_compound,A2_unfiltered_train_seed_4,50019,-250.30251485707572,250,False,0.4311221875231659,9.643997675729402,40.0,False
ood_compound,A2_unfiltered_train_seed_4,50020,-323.90923954014545,250,False,1.0160124302543228,5.365087301015448,40.0,False
ood_compound,A2_unfiltered_train_seed_4,50021,-305.78429847460893,250,False,0.8212544085191337,3.385364280374547,40.0,False
ood_compound,A2_unfiltered_train_seed_4,50022,-180.19439993734332,250,False,0.2502263898745827,8.449483730792567,40.0,False
ood_compound,A2_unfiltered_train_seed_4,50023,-167.24057033615256,250,False,0.10747778497388892,10.528540396640825,40.0,False
ood_compound,A2_unfiltered_train_seed_4,50024,-267.1454557594825,250,False,0.6447813732300155,4.61556672520971,40.0,False
ood_compound,A2_unfiltered_train_seed_4,50025,-136.74899257819905,104,True,0.04084427944954141,14.489106815776566,40.0,False
ood_compound,A2_unfiltered_train_seed_4,50026,-371.4770253718557,250,False,1.3857303604906845,6.348378128156226,40.0,False
ood_compound,A2_unfiltered_train_seed_4,50027,-182.8307599168806,250,False,0.3241289455083983,5.902336578618334,40.0,False
ood_compound,A2_unfiltered_train_seed_4,50028,-188.3244507387093,250,False,0.24162332925273122,12.2493599456394,40.0,False
ood_compound,A2_unfiltered_train_seed_4,50029,-243.54496934639553,250,False,0.23652533470774478,10.723081650382927,40.0,False
ood_compound,A2_unfiltered_train_seed_4,50030,-175.08686063965405,250,False,0.24308392661017508,6.683763892550479,40.0,False
ood_compound,A2_unfiltered_train_seed_4,50031,-176.31770411925345,250,False,0.1256522764177602,11.964414154140735,40.0,False
ood_compound,A2_unfiltered_train_seed_4,50032,-174.2989143918815,250,False,0.27629702737664885,8.357387035695732,40.0,False
ood_compound,A2_unfiltered_train_seed_4,50033,-310.0429309160685,250,False,1.149717042643341,6.6490532358364645,40.0,False
ood_compound,A2_unfiltered_train_seed_4,50034,-191.3715224012772,250,False,0.532123226790162,6.528122673931679,40.0,False
ood_compound,A2_unfiltered_train_seed_4,50035,-307.91307305498424,250,False,0.9345011860224106,5.73485152275579,40.0,False
ood_compound,A2_unfiltered_train_seed_4,50036,-299.4232496639113,250,False,0.8336444131774271,4.750133202631183,40.0,False
ood_compound,A2_unfiltered_train_seed_4,50037,-134.73366643709969,250,False,0.15689489508219692,8.170388819039548,40.0,False
ood_compound,A2_unfiltered_train_seed_4,50038,-223.50016121822975,250,False,0.26567520148793267,16.401962962991384,40.0,False
ood_compound,A2_unfiltered_train_seed_4,50039,-97.69364275746149,250,False,0.13702865420571445,3.8561223288583517,40.0,False
ood_compound,A2_unfiltered_train_seed_4,50040,-202.54471329119633,250,False,0.4293765956845208,5.407049210042968,40.0,False
ood_compound,A2_unfiltered_train_seed_4,50041,-159.0118520095831,250,False,0.2019238951224372,8.574406832531412,40.0,False
ood_compound,A2_unfiltered_train_seed_4,50042,-200.75612324345266,250,False,0.5011036866179405,6.150941996234366,40.0,False
ood_compound,A2_unfiltered_train_seed_4,50043,-131.7713903209884,250,False,0.2774006716435571,4.306661532271921,40.0,False
ood_compound,A2_unfiltered_train_seed_4,50044,-160.91637796727582,250,False,0.1878340598537413,9.304037493622308,40.0,False
ood_compound,A2_unfiltered_train_seed_4,50045,-259.12120318829403,250,False,0.49902042794754403,7.446907383920646,40.0,False
ood_compound,A2_unfiltered_train_seed_4,50046,-173.74728849741038,250,False,0.28072816532363865,8.753343618011849,40.0,False
ood_compound,A2_unfiltered_train_seed_4,50047,-462.5565525493363,250,False,1.5416852405094408,6.146985633446629,40.0,False
ood_compound,A2_unfiltered_train_seed_4,50048,-117.38701415294128,97,True,0.04005752289322129,15.96159602448974,40.0,False
ood_compound,A2_unfiltered_train_seed_4,50049,-278.53997619251976,250,False,0.3806321440633865,9.589927526421606,40.0,False
ood_compound,A2_unfiltered_train_seed_4,50050,-248.51075603032328,250,False,0.23901215200026482,17.62213122715,40.0,False
ood_compound,A2_unfiltered_train_seed_4,50051,-121.7752169230983,92,True,0.04722039694319225,11.15618558235331,40.0,False
ood_compound,A2_unfiltered_train_seed_4,50052,-425.38434581308934,250,False,1.6069859737734191,17.60586447498421,40.0,False
ood_compound,A2_unfiltered_train_seed_4,50053,-155.0399763301655,250,False,0.2591328691012978,8.076067482184452,40.0,False
ood_compound,A2_unfiltered_train_seed_4,50054,-126.17177230801974,95,True,0.032576555217043654,11.672058642873397,40.0,False
ood_compound,A2_unfiltered_train_seed_4,50055,-189.7336824423703,250,False,0.22976224337545464,8.951830992151775,40.0,False
ood_compound,A2_unfiltered_train_seed_4,50056,-93.95351308784896,250,False,0.19383459881988682,4.066344481634469,37.42496109008789,False
ood_compound,A2_unfiltered_train_seed_4,50057,-424.33424111711196,250,False,1.0443592354130962,8.362862425846256,40.0,False
ood_compound,A2_unfiltered_train_seed_4,50058,-219.94246262765057,250,False,0.15226927998972295,11.24850902550848,40.0,False
ood_compound,A2_unfiltered_train_seed_4,50059,-233.23060048279856,250,False,0.5528097751998269,5.097960606942189,40.0,False
ood_compound,A2_unfiltered_train_seed_4,50060,-281.38445430991766,250,False,0.3801670067665631,9.097307002175368,40.0,False
ood_compound,A2_unfiltered_train_seed_4,50061,-285.0714872901142,250,False,0.622323432523737,4.654137768247209,40.0,False
ood_compound,A2_unfiltered_train_seed_4,50062,-195.24381201481305,250,False,0.12434494251523304,21.978405551151027,40.0,False
ood_compound,A2_unfiltered_train_seed_4,50063,-445.1970730747999,250,False,1.3196093110315101,11.844567742000285,40.0,False
ood_compound,A2_unfiltered_train_seed_4,50064,-256.634234000142,250,False,0.5044329958295518,6.6678549852309725,40.0,False
ood_compound,A2_unfiltered_train_seed_4,50065,-128.20970745776546,250,False,0.26844203041225134,7.312407404877569,40.0,False
ood_compound,A2_unfiltered_train_seed_4,50066,-238.23165930568695,250,False,0.35319179093131314,6.388786998316579,40.0,False
ood_compound,A2_unfiltered_train_seed_4,50067,-209.330383743786,250,False,0.5622695988050006,6.048639322879102,40.0,False
ood_compound,A2_unfiltered_train_seed_4,50068,-83.27106092327983,250,False,0.1815004566149368,5.272764982850283,37.043704986572266,False
ood_compound,A2_unfiltered_train_seed_4,50069,-164.03917317941122,250,False,0.11481724608220754,11.611969714403457,40.0,False
ood_compound,A2_unfiltered_train_seed_4,50070,-306.73251072378105,250,False,0.9385202245998472,6.706015224304699,40.0,False
ood_compound,A2_unfiltered_train_seed_4,50071,-144.48818811453282,250,False,0.21685378476302117,5.624134220070441,40.0,False
ood_compound,A2_unfiltered_train_seed_4,50072,-167.64447331591123,250,False,0.13543591578148903,12.149004456327035,40.0,False
ood_compound,A2_unfiltered_train_seed_4,50073,-202.5220230435753,250,False,0.23065932442157397,13.106818717899959,40.0,False
ood_compound,A2_unfiltered_train_seed_4,50074,-203.28237291210175,250,False,0.5952098743331807,5.045109534367961,38.52272033691406,False
ood_compound,A2_unfiltered_train_seed_4,50075,-331.6409424711786,250,False,0.7722878421309918,5.947432244253115,40.0,False
ood_compound,A2_unfiltered_train_seed_4,50076,-217.58585240921903,250,False,0.2820138747608984,10.262084239180664,40.0,False
ood_compound,A2_unfiltered_train_seed_4,50077,-159.46587925292988,250,False,0.3162178461241233,6.2224115298648535,40.0,False
ood_compound,A2_unfiltered_train_seed_4,50078,-317.2393720726018,250,False,0.7567883984331706,3.9735121500619024,40.0,False
ood_compound,A2_unfiltered_train_seed_4,50079,-349.4948030112708,250,False,0.5348491113657875,14.593679372311694,40.0,False
ood_compound,A2_unfiltered_train_seed_4,50080,-160.41814651484844,156,True,0.0491017426374399,15.271719834842674,40.0,False
ood_compound,A2_unfiltered_train_seed_4,50081,-160.02127192751308,250,False,0.26843910286925815,7.174885258664174,40.0,False
ood_compound,A2_unfiltered_train_seed_4,50082,-121.72243711585668,250,False,0.0970909786564715,9.215102276439133,40.0,False
ood_compound,A2_unfiltered_train_seed_4,50083,-155.02725556415064,250,False,0.05181329171177093,14.569153965580785,40.0,False
ood_compound,A2_unfiltered_train_seed_4,50084,-105.97408851206147,250,False,0.08958998237135915,5.02775739304914,40.0,False
ood_compound,A2_unfiltered_train_seed_4,50085,-201.76416645151807,250,False,0.1784421255552567,19.699533739154827,40.0,False
ood_compound,A2_unfiltered_train_seed_4,50086,-119.39253244513665,250,False,0.10613379970015338,10.907839011514705,40.0,False
ood_compound,A2_unfiltered_train_seed_4,50087,-116.54739442230674,250,False,0.2316603380289075,6.254327749847347,40.0,False
ood_compound,A2_unfiltered_train_seed_4,50088,-212.227296173627,250,False,0.2297887124920803,8.146932727190439,40.0,False
ood_compound,A2_unfiltered_train_seed_4,50089,-157.59886525411568,250,False,0.3077296245219544,7.260392122326237,40.0,False
ood_compound,A2_unfiltered_train_seed_4,50090,-233.6347079545822,250,False,0.3676435374816587,9.471288621172265,40.0,False
ood_compound,A2_unfiltered_train_seed_4,50091,-223.22276442568372,250,False,0.14148600971642306,9.755607365352065,40.0,False
ood_compound,A2_unfiltered_train_seed_4,50092,-275.39307623923,250,False,0.7268875616645537,5.861587856880135,40.0,False
ood_compound,A2_unfiltered_train_seed_4,50093,-328.894042653702,250,False,0.352524640852423,9.027281968557084,40.0,False
ood_compound,A2_unfiltered_train_seed_4,50094,-174.30879290041483,250,False,0.35430771254626053,4.875375207056255,40.0,False
ood_compound,A2_unfiltered_train_seed_4,50095,-84.3274351071174,250,False,0.0899195936983873,6.428297655746787,40.0,False
ood_compound,A2_unfiltered_train_seed_4,50096,-318.0791208626805,250,False,0.6651957456301718,9.293305857701528,40.0,False
ood_compound,A2_unfiltered_train_seed_4,50097,-270.5523302614948,250,False,0.805346181580451,6.632314104902942,40.0,False
ood_compound,A2_unfiltered_train_seed_4,50098,-122.22731714093534,192,True,0.04996121373084768,8.412032878264675,40.0,False
ood_compound,A2_unfiltered_train_seed_4,50099,-300.49315776344866,250,False,0.8317534449637748,7.126377339264324,40.0,False
ood_compound,A5_hocbf_train_seed_4,50000,-359.5847540459449,250,False,1.100268117821628,6.164525786372713,40.0,False
ood_compound,A5_hocbf_train_seed_4,50001,-232.83376764875533,250,False,0.2834899608259866,5.084536147066576,40.0,False
ood_compound,A5_hocbf_train_seed_4,50002,-454.74950657598265,250,False,1.5537176989480173,6.146006452966155,40.0,False
ood_compound,A5_hocbf_train_seed_4,50003,-195.7891392922266,56,False,3.1305733639611626,10.42739608818652,40.0,False
ood_compound,A5_hocbf_train_seed_4,50004,-615.8807962399732,250,False,2.9137667211561724,8.233712877839762,40.0,False
ood_compound,A5_hocbf_train_seed_4,50005,-242.80648234457303,250,False,0.45931500786332946,4.684975309478615,40.0,False
ood_compound,A5_hocbf_train_seed_4,50006,-270.0687429095616,250,False,0.43159786313246773,2.680151935610294,40.0,False
ood_compound,A5_hocbf_train_seed_4,50007,-181.85259364101347,62,False,2.9290233874148384,11.56629801793846,40.0,False
ood_compound,A5_hocbf_train_seed_4,50008,-317.245048334369,250,False,0.9484088788092676,7.236423310607984,40.0,False
ood_compound,A5_hocbf_train_seed_4,50009,-416.42705799622127,250,False,0.1483183850019318,3.110352846757852,40.0,False
ood_compound,A5_hocbf_train_seed_4,50010,-261.3611127527819,250,False,0.20641117901759065,3.643044425669162,40.0,False
ood_compound,A5_hocbf_train_seed_4,50011,-268.1788130634955,250,False,0.8104027879261722,6.309388489212921,40.0,False
ood_compound,A5_hocbf_train_seed_4,50012,-188.47454528778835,185,True,0.049883184234183246,2.970853417228424,40.0,False
ood_compound,A5_hocbf_train_seed_4,50013,-956.4000457378035,250,False,3.341237231848825,1.971495421545578,40.0,False
ood_compound,A5_hocbf_train_seed_4,50014,-317.280147077833,250,False,0.9887949960137737,6.1402470593825615,40.0,False
ood_compound,A5_hocbf_train_seed_4,50015,-386.1444094896878,250,False,0.24787848750391822,3.5917597994691177,40.0,False
ood_compound,A5_hocbf_train_seed_4,50016,-509.882937131342,250,False,0.49291246281776585,1.7831482645784678,40.0,False
ood_compound,A5_hocbf_train_seed_4,50017,-314.8479458934257,250,False,1.0089385980446837,6.778466530006629,40.0,False
ood_compound,A5_hocbf_train_seed_4,50018,-535.5213030736444,250,False,0.8613616927881267,5.98984173905598,40.0,False
ood_compound,A5_hocbf_train_seed_4,50019,-798.0028316089384,250,False,2.800328903599488,0.9738879933564872,40.0,False
ood_compound,A5_hocbf_train_seed_4,50020,-428.93140592704503,250,False,1.230844772026536,4.260850041104044,40.0,False
ood_compound,A5_hocbf_train_seed_4,50021,-423.003350578253,250,False,1.3143715404147918,1.8226229485246306,40.0,False
ood_compound,A5_hocbf_train_seed_4,50022,-313.9107218641578,250,False,0.2651381691704129,3.3121847312525357,40.0,False
ood_compound,A5_hocbf_train_seed_4,50023,-194.31152910673674,250,False,0.11397030595304868,5.874276926387425,40.0,False
ood_compound,A5_hocbf_train_seed_4,50024,-308.7357733402587,250,False,0.8149227497834053,3.7454016121578593,40.0,False
ood_compound,A5_hocbf_train_seed_4,50025,-186.5707635941073,250,False,0.21249081252822666,5.7770499943654725,40.0,False
ood_compound,A5_hocbf_train_seed_4,50026,-401.47132460559294,250,False,1.5045497601326336,6.674779299728126,40.0,False
ood_compound,A5_hocbf_train_seed_4,50027,-198.49795404483453,250,False,0.3246944856159795,4.448843394166086,40.0,False
ood_compound,A5_hocbf_train_seed_4,50028,-346.432033496198,250,False,0.29310053603815855,5.808897788325159,40.0,False
ood_compound,A5_hocbf_train_seed_4,50029,-718.6022893694502,250,False,1.816080524380974,2.6713072500415236,40.0,False
ood_compound,A5_hocbf_train_seed_4,50030,-198.23206269709846,250,False,0.27562804813810565,7.89041934010712,40.0,False
ood_compound,A5_hocbf_train_seed_4,50031,-213.80211696974493,250,False,0.12393313938652738,5.720037892941973,40.0,False
ood_compound,A5_hocbf_train_seed_4,50032,-295.435181516207,250,False,0.27784720809678537,2.8782722451283904,40.0,False
ood_compound,A5_hocbf_train_seed_4,50033,-416.3205752921696,250,False,1.6238389168414045,2.1340791051072494,40.0,False
ood_compound,A5_hocbf_train_seed_4,50034,-485.2298922185759,250,False,1.7354771252061507,4.067264444051262,40.0,False
ood_compound,A5_hocbf_train_seed_4,50035,-421.37397918109497,250,False,1.4289831758596876,5.217571492951651,40.0,False
ood_compound,A5_hocbf_train_seed_4,50036,-587.6410957892022,250,False,2.2799277409039815,1.436389036542146,40.0,False
ood_compound,A5_hocbf_train_seed_4,50037,-609.4976988234342,250,False,2.2681929372911465,0.9963292243622331,40.0,False
ood_compound,A5_hocbf_train_seed_4,50038,-271.65976156197877,250,False,0.5640595647085108,6.882919093743773,40.0,False
ood_compound,A5_hocbf_train_seed_4,50039,-494.7184350690115,250,False,1.5785259656239081,2.803009115846335,40.0,False
ood_compound,A5_hocbf_train_seed_4,50040,-232.43782048247877,250,False,0.6972924269652813,6.708599282429745,40.0,False
ood_compound,A5_hocbf_train_seed_4,50041,-298.0130042257912,250,False,0.2468887278222622,3.0251683921531143,40.0,False
ood_compound,A5_hocbf_train_seed_4,50042,-327.3604201679748,250,False,1.0402043703559898,4.698858032826206,40.0,False
ood_compound,A5_hocbf_train_seed_4,50043,-321.42395216275094,250,False,0.9405815064862354,0.7047014786571204,40.0,False
ood_compound,A5_hocbf_train_seed_4,50044,-701.1510283340315,250,False,2.7447220492519904,1.0167741040160458,40.0,False
ood_compound,A5_hocbf_train_seed_4,50045,-288.28307613809443,250,False,0.577885693707947,3.2965043200931716,40.0,False
ood_compound,A5_hocbf_train_seed_4,50046,-268.80525078465615,250,False,0.27444121301118013,3.4485160198182494,40.0,False
ood_compound,A5_hocbf_train_seed_4,50047,-479.7332970282773,250,False,1.6219533471455407,4.249986496826638,40.0,False
ood_compound,A5_hocbf_train_seed_4,50048,-164.3781358516172,250,False,0.21968507332575107,8.608649736924065,40.0,False
ood_compound,A5_hocbf_train_seed_4,50049,-652.398384697436,250,False,0.6238967476226321,4.880595949537802,40.0,False
ood_compound,A5_hocbf_train_seed_4,50050,-268.6096952941217,250,False,0.48400578637625996,5.300602132194905,40.0,False
ood_compound,A5_hocbf_train_seed_4,50051,-275.25769483278094,250,False,0.679263275607155,4.99672724805076,40.0,False
ood_compound,A5_hocbf_train_seed_4,50052,-374.45587308539666,250,False,0.6265139989960051,5.991494394578927,40.0,False
ood_compound,A5_hocbf_train_seed_4,50053,-300.00996552749575,250,False,0.24308438350889439,2.0002946860816833,40.0,False
ood_compound,A5_hocbf_train_seed_4,50054,-202.49556400872973,250,False,0.2646916893121956,4.67240273516145,40.0,False
ood_compound,A5_hocbf_train_seed_4,50055,-295.746341831808,250,False,0.24086558962682691,1.8397032042710137,40.0,False
ood_compound,A5_hocbf_train_seed_4,50056,-98.119367344194,250,False,0.18971874093823002,2.6203728422950863,39.67586898803711,False
ood_compound,A5_hocbf_train_seed_4,50057,-563.3255470370434,250,False,0.8094012093197877,2.321119917647145,40.0,False
ood_compound,A5_hocbf_train_seed_4,50058,-322.7337585709409,250,False,0.15688134580161497,4.041668795861803,40.0,False
ood_compound,A5_hocbf_train_seed_4,50059,-367.6648278117092,250,False,1.1020277729904866,3.8845314366315162,40.0,False
ood_compound,A5_hocbf_train_seed_4,50060,-904.5602101639929,250,False,3.208210545127019,0.7564219043565816,40.0,False
ood_compound,A5_hocbf_train_seed_4,50061,-327.00623259182527,250,False,1.1430884168355808,4.099967497748074,40.0,False
ood_compound,A5_hocbf_train_seed_4,50062,-187.13454298942062,250,False,0.20084966545522945,7.810362126661202,40.0,False
ood_compound,A5_hocbf_train_seed_4,50063,-500.40417052641584,250,False,2.2812453835370574,2.9791943876971136,40.0,False
ood_compound,A5_hocbf_train_seed_4,50064,-594.3354967353699,250,False,2.017662639139135,2.863508476892779,40.0,False
ood_compound,A5_hocbf_train_seed_4,50065,-159.60710363461916,250,False,0.2703074486669093,3.90806700512708,40.0,False
ood_compound,A5_hocbf_train_seed_4,50066,-752.006283850153,250,False,2.60816562105642,1.3439471624635615,40.0,False
ood_compound,A5_hocbf_train_seed_4,50067,-411.1999998229086,250,False,1.0280902925165123,3.869273862898003,40.0,False
ood_compound,A5_hocbf_train_seed_4,50068,-170.92889222965573,250,False,0.1804133960692463,2.7099289176457075,38.025856018066406,False
ood_compound,A5_hocbf_train_seed_4,50069,-327.1732719899336,250,False,0.2843121351118645,3.8992713581387335,40.0,False
ood_compound,A5_hocbf_train_seed_4,50070,-315.12118095756745,250,False,1.0053506919226018,5.3877704716778325,40.0,False
ood_compound,A5_hocbf_train_seed_4,50071,-667.4868231013108,250,False,2.714209614756676,1.3669883214105574,40.0,False
ood_compound,A5_hocbf_train_seed_4,50072,-244.72424148736408,250,False,0.38283720253484826,4.813537254070122,40.0,False
ood_compound,A5_hocbf_train_seed_4,50073,-280.8975002303883,250,False,0.6091004725097435,4.854172119779466,40.0,False
ood_compound,A5_hocbf_train_seed_4,50074,-404.87132493001405,250,False,1.3477484315312838,3.0673443043206734,40.0,False
ood_compound,A5_hocbf_train_seed_4,50075,-416.24066410469686,250,False,1.1499224594590596,4.380021787079862,40.0,False
ood_compound,A5_hocbf_train_seed_4,50076,-115.95436235436716,35,False,2.2008241501999763,10.742485161905456,40.0,False
ood_compound,A5_hocbf_train_seed_4,50077,-182.01121367171703,250,False,0.3175926979100891,6.033435225775134,40.0,False
ood_compound,A5_hocbf_train_seed_4,50078,-582.6547369341605,250,False,2.3380100591355384,4.933980430793926,40.0,False
ood_compound,A5_hocbf_train_seed_4,50079,-436.9724128369851,250,False,0.7976401823228361,3.79956841686035,40.0,False
ood_compound,A5_hocbf_train_seed_4,50080,-225.4452019217212,250,False,0.3429651644975439,7.664112229786388,40.0,False
ood_compound,A5_hocbf_train_seed_4,50081,-183.09276569708072,250,False,0.338642407787953,3.4283329657630657,40.0,False
ood_compound,A5_hocbf_train_seed_4,50082,-74.92603917609627,69,True,0.0058666880411201265,2.8753698066407862,40.0,False
ood_compound,A5_hocbf_train_seed_4,50083,-189.26218002631492,250,False,0.15252067758470364,6.87210536049971,40.0,False
ood_compound,A5_hocbf_train_seed_4,50084,-611.8321453316433,250,False,2.10907062871467,2.4924278681718968,40.0,False
ood_compound,A5_hocbf_train_seed_4,50085,-286.111896436848,250,False,0.5187832563898503,6.912804439864496,40.0,False
ood_compound,A5_hocbf_train_seed_4,50086,-372.44783684030307,250,False,0.5940097594125904,9.99579015025674,40.0,False
ood_compound,A5_hocbf_train_seed_4,50087,-336.92380901150443,250,False,0.1603099549966375,1.3729819695021976,40.0,False
ood_compound,A5_hocbf_train_seed_4,50088,-407.80788040955173,250,False,1.2387488394804693,4.710776014413929,40.0,False
ood_compound,A5_hocbf_train_seed_4,50089,-182.04961425577446,250,False,0.406556811240306,5.156000432950286,40.0,False
ood_compound,A5_hocbf_train_seed_4,50090,-418.20458714258365,250,False,0.33338789286894677,4.085241174132416,40.0,False
ood_compound,A5_hocbf_train_seed_4,50091,-305.3150370757925,250,False,0.49735423847254256,6.710041285647813,40.0,False
ood_compound,A5_hocbf_train_seed_4,50092,-338.51182817608196,250,False,1.1164225863408148,6.8615261848430915,40.0,False
ood_compound,A5_hocbf_train_seed_4,50093,-460.29113214720064,250,False,1.2063240288866939,8.51965235684748,40.0,False
ood_compound,A5_hocbf_train_seed_4,50094,-196.10477226031176,250,False,0.35305978626294865,1.6335989349917843,40.0,False
ood_compound,A5_hocbf_train_seed_4,50095,-196.30739919895663,250,False,0.09060921509289624,2.145588817447191,40.0,False
ood_compound,A5_hocbf_train_seed_4,50096,-482.72436594979945,250,False,0.7057736987368008,3.110973978437307,40.0,False
ood_compound,A5_hocbf_train_seed_4,50097,-326.7560219961205,250,False,1.177173509422101,8.082437345331302,40.0,False
ood_compound,A5_hocbf_train_seed_4,50098,-133.2225574200974,51,False,1.6806097563731766,10.412051414774913,40.0,False
ood_compound,A5_hocbf_train_seed_4,50099,-364.1902082947604,250,False,1.4122980439844923,9.291557996366834,40.0,False
ood_compound,A6_prefilter_train_seed_4,50000,-361.377060766683,250,False,1.1729159934362239,9.183171838498694,40.0,False
ood_compound,A6_prefilter_train_seed_4,50001,-258.1073828394301,250,False,0.43636301601278205,15.022607517180388,40.0,False
ood_compound,A6_prefilter_train_seed_4,50002,-364.86822112816975,250,False,1.1602151540851782,7.052622293103911,40.0,False
ood_compound,A6_prefilter_train_seed_4,50003,-616.7776987581352,250,False,1.1325164824257543,28.74827166089235,40.0,False
ood_compound,A6_prefilter_train_seed_4,50004,-344.52176864682934,250,False,1.1917239996511764,5.403130201595459,40.0,False
ood_compound,A6_prefilter_train_seed_4,50005,-271.37955204929494,250,False,0.6004285503006621,10.397814089925465,40.0,False
ood_compound,A6_prefilter_train_seed_4,50006,-217.30482197871967,250,False,0.5089591339024867,6.006726828614459,40.0,False
ood_compound,A6_prefilter_train_seed_4,50007,-364.7705985762001,250,False,0.8953552483506155,9.001820491066315,40.0,False
ood_compound,A6_prefilter_train_seed_4,50008,-309.7044791627062,250,False,0.9519320514212458,8.924013258646974,40.0,False
ood_compound,A6_prefilter_train_seed_4,50009,-183.3793493572903,250,False,0.45042932694730864,8.675699844144358,40.0,False
ood_compound,A6_prefilter_train_seed_4,50010,-238.2907351585287,250,False,0.6671570508776801,8.810730467691235,40.0,False
ood_compound,A6_prefilter_train_seed_4,50011,-276.32546690212945,250,False,0.8145795252936137,7.80115729474866,40.0,False
ood_compound,A6_prefilter_train_seed_4,50012,-250.7698336436709,250,False,0.5261776663052243,8.501777970915851,40.0,False
ood_compound,A6_prefilter_train_seed_4,50013,-367.7069725738874,250,False,1.1154379637049714,8.059847356855274,40.0,False
ood_compound,A6_prefilter_train_seed_4,50014,-364.3866331356462,250,False,1.004621196187708,14.675387179455928,40.0,False
ood_compound,A6_prefilter_train_seed_4,50015,-371.0808334269804,250,False,1.1097372701092487,9.660767076143596,40.0,False
ood_compound,A6_prefilter_train_seed_4,50016,-305.3188428452476,250,False,1.017532971343445,9.17798233870375,40.0,False
ood_compound,A6_prefilter_train_seed_4,50017,-314.0351842140687,250,False,0.9744731017980142,7.514230639149702,40.0,False
ood_compound,A6_prefilter_train_seed_4,50018,-227.5400591655682,250,False,0.327436019352863,8.533315243114737,40.0,False
ood_compound,A6_prefilter_train_seed_4,50019,-280.97395024044135,250,False,0.600987106996609,10.311925875284562,40.0,False
ood_compound,A6_prefilter_train_seed_4,50020,-401.38714610318397,250,False,1.0944211970909072,8.082493067018012,40.0,False
ood_compound,A6_prefilter_train_seed_4,50021,-402.68247670293044,250,False,1.1597402916791706,6.4596926538374975,40.0,False
ood_compound,A6_prefilter_train_seed_4,50022,-347.2000325680828,250,False,0.9312842026468392,9.48020855515166,40.0,False
ood_compound,A6_prefilter_train_seed_4,50023,-244.9133341685535,250,False,0.4559362180928138,13.97653054795049,40.0,False
ood_compound,A6_prefilter_train_seed_4,50024,-319.8626953913195,250,False,0.8992275964307027,7.397285343258708,40.0,False
ood_compound,A6_prefilter_train_seed_4,50025,-274.0438051345905,250,False,0.5339867180727159,19.82125298665791,40.0,False
ood_compound,A6_prefilter_train_seed_4,50026,-398.2402157592163,250,False,1.444764897218938,6.454530450303191,40.0,False
ood_compound,A6_prefilter_train_seed_4,50027,-278.44809564278296,250,False,0.6815541888378545,9.806993279533959,40.0,False
ood_compound,A6_prefilter_train_seed_4,50028,-376.810700568514,250,False,1.0258818146705115,13.385141185289426,40.0,False
ood_compound,A6_prefilter_train_seed_4,50029,-277.47536826882913,250,False,0.4403971201641914,11.224559706532371,40.0,False
ood_compound,A6_prefilter_train_seed_4,50030,-211.84974237432067,250,False,0.45664601369556196,11.367564347462164,40.0,False
ood_compound,A6_prefilter_train_seed_4,50031,-211.4393402018193,250,False,0.2914864622439476,15.046411691457777,40.0,False
ood_compound,A6_prefilter_train_seed_4,50032,-311.07324184405724,250,False,0.932042241388381,9.273474263203111,40.0,False
ood_compound,A6_prefilter_train_seed_4,50033,-379.35730020574283,250,False,0.9600444035624199,3.6119776551190457,40.0,False
ood_compound,A6_prefilter_train_seed_4,50034,-427.85388896718604,250,False,1.3900137953092773,5.031081131829696,40.0,False
ood_compound,A6_prefilter_train_seed_4,50035,-411.82033198695694,250,False,1.3649955711846282,4.324526856776466,40.0,False
ood_compound,A6_prefilter_train_seed_4,50036,-478.55598087537976,250,False,1.476255900690277,3.576856014063865,40.0,False
ood_compound,A6_prefilter_train_seed_4,50037,-337.3978122692867,250,False,1.1353070037860438,9.09706808743562,40.0,False
ood_compound,A6_prefilter_train_seed_4,50038,-304.51321362380014,250,False,0.7316652450430877,16.736938803212286,40.0,False
ood_compound,A6_prefilter_train_seed_4,50039,-381.9499264109279,250,False,1.2837346212529552,4.242617860695403,40.0,False
ood_compound,A6_prefilter_train_seed_4,50040,-265.8240696898704,250,False,0.7741322934674664,8.919654107894548,40.0,False
ood_compound,A6_prefilter_train_seed_4,50041,-326.46237141791556,250,False,1.0314826304974163,9.399996951027774,40.0,False
ood_compound,A6_prefilter_train_seed_4,50042,-310.10024269731815,250,False,0.9857792717641202,5.101837980702462,40.0,False
ood_compound,A6_prefilter_train_seed_4,50043,-302.7258732961245,250,False,1.0069921202134866,3.3295191387981524,40.0,False
ood_compound,A6_prefilter_train_seed_4,50044,-374.4997655809571,250,False,1.2671417020839295,10.047704209914835,40.0,False
ood_compound,A6_prefilter_train_seed_4,50045,-292.7219515712619,250,False,0.6152147146158684,8.254595966325361,40.0,False
ood_compound,A6_prefilter_train_seed_4,50046,-251.73508407381075,250,False,0.6094933109537055,9.64652688129182,40.0,False
ood_compound,A6_prefilter_train_seed_4,50047,-489.2017347989508,250,False,1.6010210740627953,5.491354769478457,40.0,False
ood_compound,A6_prefilter_train_seed_4,50048,-226.55837556070344,250,False,0.5561591986503983,12.341755567816973,40.0,False
ood_compound,A6_prefilter_train_seed_4,50049,-333.67498234853156,250,False,0.7570547653320251,10.621480135164317,40.0,False
ood_compound,A6_prefilter_train_seed_4,50050,-314.9104101814685,250,False,0.6903924607238124,21.757383662005036,40.0,False
ood_compound,A6_prefilter_train_seed_4,50051,-216.46233465191668,250,False,0.3598407561355874,12.541787030998192,40.0,False
ood_compound,A6_prefilter_train_seed_4,50052,-424.2104107434296,250,False,0.6903407858550166,19.390015452618233,40.0,False
ood_compound,A6_prefilter_train_seed_4,50053,-324.7272290628507,250,False,1.1127490067760302,7.532287102288615,40.0,False
ood_compound,A6_prefilter_train_seed_4,50054,-281.8623234243235,250,False,0.5618623191145315,19.312406094195797,40.0,False
ood_compound,A6_prefilter_train_seed_4,50055,-315.8811553204496,250,False,0.8928871429762865,8.732725512335588,40.0,False
ood_compound,A6_prefilter_train_seed_4,50056,-237.45722860454774,250,False,0.6655100204622416,2.0210479120028135,39.94272994995117,False
ood_compound,A6_prefilter_train_seed_4,50057,-451.13980412615035,250,False,1.6443728406363458,7.265748457692136,40.0,False
ood_compound,A6_prefilter_train_seed_4,50058,-275.9317064311139,250,False,0.39708380400341703,11.885358111691874,40.0,False
ood_compound,A6_prefilter_train_seed_4,50059,-328.80148898451466,250,False,1.0229289759965876,3.6744296601657584,40.0,False
ood_compound,A6_prefilter_train_seed_4,50060,-332.3842122468223,250,False,0.6920649007830693,9.579409151516101,40.0,False
ood_compound,A6_prefilter_train_seed_4,50061,-341.098161664206,250,False,0.9033059821193318,4.834688126885413,40.0,False
ood_compound,A6_prefilter_train_seed_4,50062,-273.37878828156397,250,False,0.5580846477518299,20.166645686312393,40.0,False
ood_compound,A6_prefilter_train_seed_4,50063,-449.02095618042597,250,False,1.0175054394230294,6.6818506484760425,40.0,False
ood_compound,A6_prefilter_train_seed_4,50064,-352.4633055056,250,False,1.2036527611968573,5.282457159721184,40.0,False
ood_compound,A6_prefilter_train_seed_4,50065,-252.4110826242466,250,False,0.7699120833013865,4.588091168516601,40.0,False
ood_compound,A6_prefilter_train_seed_4,50066,-283.0796301215695,250,False,0.5378452070318539,7.050012654590346,40.0,False
ood_compound,A6_prefilter_train_seed_4,50067,-387.2810603187242,250,False,1.123632112506921,4.483488793195577,40.0,False
ood_compound,A6_prefilter_train_seed_4,50068,-264.27935378686004,250,False,0.7652263575606918,3.307942871429404,38.48011779785156,False
ood_compound,A6_prefilter_train_seed_4,50069,-331.34435133553774,250,False,0.9961667349398626,12.586793162591078,40.0,False
ood_compound,A6_prefilter_train_seed_4,50070,-330.93821881346753,250,False,1.0436059747810298,7.323103228151219,40.0,False
ood_compound,A6_prefilter_train_seed_4,50071,-294.41404711712454,250,False,1.3034495668404806,4.992045736433979,40.0,False
ood_compound,A6_prefilter_train_seed_4,50072,-204.7796248525577,250,False,0.24577428613310892,14.742221454214347,40.0,False
ood_compound,A6_prefilter_train_seed_4,50073,-310.9619588564029,250,False,0.6794141011643015,17.149629308651786,40.0,False
ood_compound,A6_prefilter_train_seed_4,50074,-397.29207441393834,250,False,1.3507685631870343,3.6796299392660674,40.0,False
ood_compound,A6_prefilter_train_seed_4,50075,-407.1954382098776,250,False,1.2041023641243767,4.366115138920879,40.0,False
ood_compound,A6_prefilter_train_seed_4,50076,-374.9848669929804,250,False,0.6906347161567481,10.266617216949793,40.0,False
ood_compound,A6_prefilter_train_seed_4,50077,-248.39049951216012,250,False,0.7277373427698153,8.379405323995545,40.0,False
ood_compound,A6_prefilter_train_seed_4,50078,-501.5912442932054,250,False,1.247615947633851,2.963290084860577,40.0,False
ood_compound,A6_prefilter_train_seed_4,50079,-350.810069648963,250,False,0.44665409046926935,12.367603648046925,40.0,False
ood_compound,A6_prefilter_train_seed_4,50080,-260.0646434759142,250,False,0.48961386692051684,18.698914009667387,40.0,False
ood_compound,A6_prefilter_train_seed_4,50081,-233.28993244849676,250,False,0.6406262256071631,9.70291254460449,40.0,False
ood_compound,A6_prefilter_train_seed_4,50082,-225.94140729562722,250,False,0.7121070512161952,7.512273711629376,40.0,False
ood_compound,A6_prefilter_train_seed_4,50083,-180.19240170498549,250,False,0.12744452858499086,15.799330033269262,40.0,False
ood_compound,A6_prefilter_train_seed_4,50084,-244.9690401741243,250,False,1.3141724537911355,4.798424134918196,40.0,False
ood_compound,A6_prefilter_train_seed_4,50085,-265.32270666652585,250,False,0.4193227173325187,21.1497623147101,40.0,False
ood_compound,A6_prefilter_train_seed_4,50086,-151.06680009733554,250,False,0.22738489838063294,10.739717943678805,40.0,False
ood_compound,A6_prefilter_train_seed_4,50087,-264.13982158919276,250,False,0.7748467088731182,3.1740655089955174,40.0,False
ood_compound,A6_prefilter_train_seed_4,50088,-330.0117410601133,250,False,0.6385568286304741,15.477597249459484,40.0,False
ood_compound,A6_prefilter_train_seed_4,50089,-231.53002623916905,250,False,0.6811035308169684,10.660899273726193,40.0,False
ood_compound,A6_prefilter_train_seed_4,50090,-299.49186950609237,250,False,0.5556715933292085,9.686854443306435,40.0,False
ood_compound,A6_prefilter_train_seed_4,50091,-257.0660040239349,250,False,0.2461587460829786,11.86851697885124,40.0,False
ood_compound,A6_prefilter_train_seed_4,50092,-343.7949638893953,250,False,1.0588025113681052,4.7500063774819905,40.0,False
ood_compound,A6_prefilter_train_seed_4,50093,-396.299967588119,250,False,0.9797342007078823,10.64673306436282,40.0,False
ood_compound,A6_prefilter_train_seed_4,50094,-295.21994471510595,250,False,0.7989604723928444,3.8872683028418065,40.0,False
ood_compound,A6_prefilter_train_seed_4,50095,-244.8861326304185,250,False,1.0342777080364582,4.56000526341196,40.0,False
ood_compound,A6_prefilter_train_seed_4,50096,-388.2644125188858,250,False,1.0968379252812386,10.182860260148054,40.0,False
ood_compound,A6_prefilter_train_seed_4,50097,-333.3218533500826,250,False,1.12849343903978,8.121738605067419,40.0,False
ood_compound,A6_prefilter_train_seed_4,50098,-183.71792356723194,250,False,0.26172533188284675,9.166213189576375,40.0,False
ood_compound,A6_prefilter_train_seed_4,50099,-371.22997030814946,250,False,1.3169222876423745,7.36209700445223,40.0,False
ood_compound,A6_hocbf_train_seed_4,50000,-375.03550775438873,250,False,1.1749582257964148,4.671168217081988,40.0,False
ood_compound,A6_hocbf_train_seed_4,50001,-244.5994191396209,250,False,0.4339687737304121,5.003139209556443,40.0,False
ood_compound,A6_hocbf_train_seed_4,50002,-454.459286151059,250,False,1.5627705383545756,6.624354833350368,40.0,False
ood_compound,A6_hocbf_train_seed_4,50003,-203.97981321577618,58,False,3.1932057497071478,10.624915337651098,40.0,False
ood_compound,A6_hocbf_train_seed_4,50004,-515.6007659373904,250,False,1.0536518437411933,5.172614635780303,40.0,False
ood_compound,A6_hocbf_train_seed_4,50005,-261.00301562031126,250,False,0.6033223822036065,4.447592044922853,40.0,False
ood_compound,A6_hocbf_train_seed_4,50006,-297.4742792263723,250,False,0.48300519549621596,2.6801348841868613,40.0,False
ood_compound,A6_hocbf_train_seed_4,50007,-177.3211238137249,60,False,2.9635196480970616,10.552250763988589,40.0,False
ood_compound,A6_hocbf_train_seed_4,50008,-326.5926704704554,250,False,0.996124448564358,7.867488626719544,40.0,False
ood_compound,A6_hocbf_train_seed_4,50009,-431.065807219992,250,False,0.40396884434722413,2.900086391177094,40.0,False
ood_compound,A6_hocbf_train_seed_4,50010,-326.24633349825496,250,False,0.6682198697737282,3.285872373805073,40.0,False
ood_compound,A6_hocbf_train_seed_4,50011,-272.58037973900474,250,False,0.8145831311612187,5.457910078108681,40.0,False
ood_compound,A6_hocbf_train_seed_4,50012,-249.13467938982933,250,False,0.23707379236346907,1.6662573435928294,40.0,False
ood_compound,A6_hocbf_train_seed_4,50013,-962.1734482386931,250,False,3.3846326051794886,2.337328496348984,40.0,False
ood_compound,A6_hocbf_train_seed_4,50014,-326.61267113003606,250,False,1.0161751475895988,4.893378069729504,40.0,False
ood_compound,A6_hocbf_train_seed_4,50015,-439.26167383559783,250,False,1.0920768703551775,3.553394937403537,40.0,False
ood_compound,A6_hocbf_train_seed_4,50016,-521.6903497346171,250,False,1.1482282938628527,1.5771459812898994,40.0,False
ood_compound,A6_hocbf_train_seed_4,50017,-322.66312401220637,250,False,1.0451630124091076,7.1582677841913505,40.0,False
ood_compound,A6_hocbf_train_seed_4,50018,-532.7235718536301,250,False,0.8638005024126614,5.563499382830374,40.0,False
ood_compound,A6_hocbf_train_seed_4,50019,-798.0028316089384,250,False,2.800328903599488,0.9738879933564872,40.0,False
ood_compound,A6_hocbf_train_seed_4,50020,-409.35632160629353,250,False,1.1739656552221005,1.9728669476426333,40.0,False
ood_compound,A6_hocbf_train_seed_4,50021,-424.6468453331003,250,False,1.2990964557836273,1.5995457994794369,40.0,False
ood_compound,A6_hocbf_train_seed_4,50022,-387.5941097722553,250,False,0.9341264027264417,3.3077073736121174,40.0,False
ood_compound,A6_hocbf_train_seed_4,50023,-239.10664959050015,250,False,0.45562283261130804,6.572585682758404,40.0,False
ood_compound,A6_hocbf_train_seed_4,50024,-322.665923778879,250,False,0.9005854751388066,2.7972450041174604,40.0,False
ood_compound,A6_hocbf_train_seed_4,50025,-238.60261858589408,250,False,0.531484315724919,8.934211269614769,40.0,False
ood_compound,A6_hocbf_train_seed_4,50026,-402.6929530398242,250,False,1.4789122748487777,7.278889958725758,40.0,False
ood_compound,A6_hocbf_train_seed_4,50027,-265.9424024200553,250,False,0.6817404236209349,6.060352669391291,40.0,False
ood_compound,A6_hocbf_train_seed_4,50028,-413.2937798923137,250,False,1.0002690987007117,5.811036793852286,40.0,False
ood_compound,A6_hocbf_train_seed_4,50029,-718.6022893694502,250,False,1.816080524380974,2.6713072500415236,40.0,False
ood_compound,A6_hocbf_train_seed_4,50030,-210.79376697761236,250,False,0.4583615028448335,8.072050628586366,40.0,False
ood_compound,A6_hocbf_train_seed_4,50031,-235.57134312271208,250,False,0.2926670472707806,5.744346282108813,40.0,False
ood_compound,A6_hocbf_train_seed_4,50032,-369.42133656678527,250,False,0.9429367255034509,2.625601894266667,40.0,False
ood_compound,A6_hocbf_train_seed_4,50033,-424.3074082748154,250,False,1.3606036778443944,1.5728402261981964,40.0,False
ood_compound,A6_hocbf_train_seed_4,50034,-484.42549213833666,250,False,1.6350533224276478,4.559667641406202,40.0,False
ood_compound,A6_hocbf_train_seed_4,50035,-425.9623211703241,250,False,1.413439075573385,5.363553650427819,40.0,False
ood_compound,A6_hocbf_train_seed_4,50036,-586.2005042909386,250,False,2.308926045633977,1.4367722054632708,40.0,False
ood_compound,A6_hocbf_train_seed_4,50037,-609.4999170397243,250,False,2.2683327048743487,0.9963292243622331,40.0,False
ood_compound,A6_hocbf_train_seed_4,50038,-301.01942680495677,250,False,0.7364854164921205,6.7921346275366155,40.0,False
ood_compound,A6_hocbf_train_seed_4,50039,-502.096036745685,250,False,1.8493283375032636,1.980323101036465,40.0,False
ood_compound,A6_hocbf_train_seed_4,50040,-257.2410981962023,250,False,0.7745880197062266,6.691722744390726,40.0,False
ood_compound,A6_hocbf_train_seed_4,50041,-387.43927645279484,250,False,1.0107209881653263,2.9860210610134024,40.0,False
ood_compound,A6_hocbf_train_seed_4,50042,-331.2215634270205,250,False,1.0443423610428815,4.020698445844471,40.0,False
ood_compound,A6_hocbf_train_seed_4,50043,-339.8520729999136,250,False,1.0207339021746706,1.2479187034238846,40.0,False
ood_compound,A6_hocbf_train_seed_4,50044,-678.1234502771074,250,False,2.342238310206379,0.8282347082284894,40.0,False
ood_compound,A6_hocbf_train_seed_4,50045,-333.9183830626213,250,False,0.8421402339759843,3.2421653011783906,40.0,False
ood_compound,A6_hocbf_train_seed_4,50046,-303.04686035618516,250,False,0.6072768676604559,3.1213857217401295,40.0,False
ood_compound,A6_hocbf_train_seed_4,50047,-505.3192641383923,250,False,1.7610289173471387,4.165043252733385,40.0,False
ood_compound,A6_hocbf_train_seed_4,50048,-215.80783522355804,250,False,0.5523452683127433,7.31354473632939,40.0,False
ood_compound,A6_hocbf_train_seed_4,50049,-654.4426838462068,250,False,0.9179535697162962,4.922074372530035,40.0,False
ood_compound,A6_hocbf_train_seed_4,50050,-305.34404252384843,250,False,0.7006146950958968,5.472060525876652,40.0,False
ood_compound,A6_hocbf_train_seed_4,50051,-269.83628976476507,250,False,0.6432334238800029,5.22124753383291,40.0,False
ood_compound,A6_hocbf_train_seed_4,50052,-377.5295286419394,250,False,0.7137535253598309,6.071230366167375,40.0,False
ood_compound,A6_hocbf_train_seed_4,50053,-369.89173258979656,250,False,1.128315047723531,2.0002946860816833,40.0,False
ood_compound,A6_hocbf_train_seed_4,50054,-246.40466708554533,250,False,0.5658762163718266,3.895864142425629,40.0,False
ood_compound,A6_hocbf_train_seed_4,50055,-363.31742895015554,250,False,0.9231944939620462,2.3600158143543917,40.0,False
ood_compound,A6_hocbf_train_seed_4,50056,-237.45722860454774,250,False,0.6655100204622416,2.0210479120028135,39.94272994995117,False
ood_compound,A6_hocbf_train_seed_4,50057,-583.51914603444,250,False,1.5973983055232115,2.321119917647145,40.0,False
ood_compound,A6_hocbf_train_seed_4,50058,-344.9683516069095,250,False,0.40696609311386306,4.041668795861803,40.0,False
ood_compound,A6_hocbf_train_seed_4,50059,-372.0257830457514,250,False,1.1129828433013464,3.3875647835913276,40.0,False
ood_compound,A6_hocbf_train_seed_4,50060,-904.5602101639929,250,False,3.208210545127019,0.7564219043565816,40.0,False
ood_compound,A6_hocbf_train_seed_4,50061,-355.1163476643979,250,False,0.852899692604429,2.7074590679824295,40.0,False
ood_compound,A6_hocbf_train_seed_4,50062,-246.67627914759683,250,False,0.5644991185788841,8.715219633906123,40.0,False
ood_compound,A6_hocbf_train_seed_4,50063,-505.11480765506485,250,False,2.214088979368895,1.7262634417792722,40.0,False
ood_compound,A6_hocbf_train_seed_4,50064,-594.3727961484989,250,False,2.0204181669399217,2.863508476892779,40.0,False
ood_compound,A6_hocbf_train_seed_4,50065,-267.51229048953945,250,False,0.7676734142392334,4.433945685299648,40.0,False
ood_compound,A6_hocbf_train_seed_4,50066,-752.006283850153,250,False,2.60816562105642,1.3439471624635615,40.0,False
ood_compound,A6_hocbf_train_seed_4,50067,-420.3850989085027,250,False,1.1482109587133718,4.1075358953880015,40.0,False
ood_compound,A6_hocbf_train_seed_4,50068,-266.8013475171973,250,False,0.7654837396209665,3.1621433320415084,38.76789474487305,False
ood_compound,A6_hocbf_train_seed_4,50069,-394.2843134322398,250,False,1.0131573674976009,3.8379561454906597,40.0,False
ood_compound,A6_hocbf_train_seed_4,50070,-327.7544766914074,250,False,1.047531154820563,4.3062506217626515,40.0,False
ood_compound,A6_hocbf_train_seed_4,50071,-642.9519865784277,250,False,2.245980245571668,1.367385085558088,40.0,False
ood_compound,A6_hocbf_train_seed_4,50072,-236.97474901683142,250,False,0.37950725790039996,4.713841620663358,40.0,False
ood_compound,A6_hocbf_train_seed_4,50073,-302.3598476956764,250,False,0.6865191404248306,6.160242533815394,40.0,False
ood_compound,A6_hocbf_train_seed_4,50074,-406.1593523478478,250,False,1.3679632722136033,3.559731865157874,40.0,False
ood_compound,A6_hocbf_train_seed_4,50075,-424.8971448841957,250,False,1.1183739515666187,4.356369808662904,40.0,False
ood_compound,A6_hocbf_train_seed_4,50076,-108.07501122480451,32,False,2.4264368298807377,10.69625853974367,40.0,False
ood_compound,A6_hocbf_train_seed_4,50077,-251.71821534427363,250,False,0.7292484172603886,6.684090784682496,40.0,False
ood_compound,A6_hocbf_train_seed_4,50078,-572.6004543353328,250,False,2.396302328014464,5.152071500422671,40.0,False
ood_compound,A6_hocbf_train_seed_4,50079,-435.76652528176066,250,False,0.8142064371535799,5.102279917574051,40.0,False
ood_compound,A6_hocbf_train_seed_4,50080,-257.40205711440973,250,False,0.4887669235296884,7.548147039631083,40.0,False
ood_compound,A6_hocbf_train_seed_4,50081,-229.07294485448804,250,False,0.6398696346793813,4.557358625785507,40.0,False
ood_compound,A6_hocbf_train_seed_4,50082,-220.13093118111166,250,False,0.7087724509703602,2.8753698066407862,40.0,False
ood_compound,A6_hocbf_train_seed_4,50083,-191.45522970542322,250,False,0.15461604115529531,6.685842609929208,40.0,False
ood_compound,A6_hocbf_train_seed_4,50084,-601.2592478184828,250,False,1.7981299801974744,2.4924278681718968,40.0,False
ood_compound,A6_hocbf_train_seed_4,50085,-280.23315540673497,250,False,0.5067366684583792,5.593456077878225,40.0,False
ood_compound,A6_hocbf_train_seed_4,50086,-368.67927018181086,250,False,0.5427964448012123,10.024112283051235,40.0,False
ood_compound,A6_hocbf_train_seed_4,50087,-378.86680390250854,250,False,0.7823524767067804,1.7345191360844687,40.0,False
ood_compound,A6_hocbf_train_seed_4,50088,-388.9908019266632,250,False,1.205524288480999,4.366823897390716,40.0,False
ood_compound,A6_hocbf_train_seed_4,50089,-224.61080351883493,250,False,0.6803487508107463,5.690001862126198,40.0,False
ood_compound,A6_hocbf_train_seed_4,50090,-429.7878817261475,250,False,0.5240695825657081,4.085241174132416,40.0,False
ood_compound,A6_hocbf_train_seed_4,50091,-302.5675010882864,250,False,0.4944732494166217,6.201878018638783,40.0,False
ood_compound,A6_hocbf_train_seed_4,50092,-348.29817928604217,250,False,1.072306758312509,6.208604879659733,40.0,False
ood_compound,A6_hocbf_train_seed_4,50093,-460.75800983799024,250,False,1.2371121877065547,10.327835662181787,40.0,False
ood_compound,A6_hocbf_train_seed_4,50094,-315.8618567142101,250,False,0.8428407816594057,1.6305315082812362,40.0,False
ood_compound,A6_hocbf_train_seed_4,50095,-236.22755560770958,250,False,1.1357585543039246,2.1421681029349986,40.0,False
ood_compound,A6_hocbf_train_seed_4,50096,-528.0285505695873,250,False,1.0698345884535982,3.083309642844034,40.0,False
ood_compound,A6_hocbf_train_seed_4,50097,-328.43318448647557,250,False,1.1477491562680417,7.7232954518976715,40.0,False
ood_compound,A6_hocbf_train_seed_4,50098,-132.64669697334767,50,False,1.735317983111113,10.458271481554775,40.0,False
ood_compound,A6_hocbf_train_seed_4,50099,-365.20813094047554,250,False,1.3641650292572987,9.495214496352816,40.0,False
motor_fault,A2_unfiltered_train_seed_4,50000,-281.62303853231214,250,False,0.9967026376450113,6.968369553881806,38.02352523803711,True
motor_fault,A2_unfiltered_train_seed_4,50001,-101.8001569595652,85,True,0.0255972683459618,8.938525447558755,40.0,True
motor_fault,A2_unfiltered_train_seed_4,50002,-99.91439091275417,250,False,0.3695801328590109,8.576908082888368,40.0,True
motor_fault,A2_unfiltered_train_seed_4,50003,-301.3733179329671,250,False,0.8099158109162907,12.633541280995402,40.0,True
motor_fault,A2_unfiltered_train_seed_4,50004,-105.86638009943253,250,False,0.19391185806045597,9.470850890566883,40.0,True
motor_fault,A2_unfiltered_train_seed_4,50005,-114.48884245329972,250,False,0.07353440860707317,13.443953386736172,40.0,True
motor_fault,A2_unfiltered_train_seed_4,50006,-113.75847796007686,250,False,0.2718750416599624,6.776347760680098,40.0,True
motor_fault,A2_unfiltered_train_seed_4,50007,-309.1411626114788,250,False,0.8241551675026897,10.3028778702982,40.0,True
motor_fault,A2_unfiltered_train_seed_4,50008,-160.47752412148122,250,False,0.3350603159219306,8.937347157901812,40.0,True
motor_fault,A2_unfiltered_train_seed_4,50009,-144.939880353906,250,False,0.3485539800999292,9.379806399283778,40.0,True
motor_fault,A2_unfiltered_train_seed_4,50010,-84.18235416171305,250,False,0.05078850654643479,12.33602463064191,40.0,True
motor_fault,A2_unfiltered_train_seed_4,50011,-171.4080857724548,250,False,0.5018083216507879,5.261202154770605,39.75234603881836,True
motor_fault,A2_unfiltered_train_seed_4,50012,-88.74950786426349,250,False,0.1811883248366581,12.564535581157516,39.03231430053711,True
motor_fault,A2_unfiltered_train_seed_4,50013,-281.2866733242578,250,False,0.8862471775442491,10.159191942898682,40.0,True
motor_fault,A2_unfiltered_train_seed_4,50014,-272.25637938944993,250,False,0.5906192510262166,19.03751168194185,40.0,True
motor_fault,A2_unfiltered_train_seed_4,50015,-236.77318262998554,250,False,0.44323919677538,10.115663911281668,40.0,True
motor_fault,A2_unfiltered_train_seed_4,50016,-268.67343614852956,250,False,0.854323966489775,9.581851742378637,40.0,True
motor_fault,A2_unfiltered_train_seed_4,50017,-120.93955490390901,250,False,0.21061384174432665,11.594408205485452,40.0,True
motor_fault,A2_unfiltered_train_seed_4,50018,-138.77762792335096,250,False,0.09761561632395178,11.354685805629433,40.0,True
motor_fault,A2_unfiltered_train_seed_4,50019,-220.84422032899843,250,False,0.4414537069526836,11.818516644274437,40.0,True
motor_fault,A2_unfiltered_train_seed_4,50020,-24.16764081723056,56,True,0.041898357136453075,6.362079323872749,40.0,True
motor_fault,A2_unfiltered_train_seed_4,50021,-95.90486774122667,250,False,0.2440048294795386,5.361752492553415,30.550912857055664,True
motor_fault,A2_unfiltered_train_seed_4,50022,-170.12646592718093,250,False,0.2824332250236479,10.624445709641556,40.0,True
motor_fault,A2_unfiltered_train_seed_4,50023,-87.93404920869389,77,True,0.014705277395932075,8.465245904440259,40.0,True
motor_fault,A2_unfiltered_train_seed_4,50024,-100.21727383823986,250,False,0.2840525718623461,5.2666431759006604,28.24326515197754,True
motor_fault,A2_unfiltered_train_seed_4,50025,-91.81752358081356,80,True,0.015831480380558115,11.615730814898509,40.0,True
motor_fault,A2_unfiltered_train_seed_4,50026,-369.8760922397971,250,False,1.4273498058069918,6.9352263897189195,40.0,True
motor_fault,A2_unfiltered_train_seed_4,50027,-45.836279722911634,85,True,0.04967210781314141,7.457848906681795,40.0,True
motor_fault,A2_unfiltered_train_seed_4,50028,-167.44511665911006,250,False,0.19041100382885226,14.767780730964091,40.0,True
motor_fault,A2_unfiltered_train_seed_4,50029,-161.00668452927388,250,False,0.16801237705226713,13.33447342933299,40.0,True
motor_fault,A2_unfiltered_train_seed_4,50030,-84.70864295863456,79,True,0.04777473261736708,7.790388743324119,40.0,True
motor_fault,A2_unfiltered_train_seed_4,50031,-80.20856683697824,62,True,0.014046620749421191,12.389943917085079,40.0,True
motor_fault,A2_unfiltered_train_seed_4,50032,-141.2024478170379,250,False,0.2497704256473572,11.06974827657167,40.0,True
motor_fault,A2_unfiltered_train_seed_4,50033,-3.7381663136994323,29,True,0.03614821366189533,4.632247131707803,24.933744430541992,True
motor_fault,A2_unfiltered_train_seed_4,50034,-73.74181996768236,250,False,0.1085772119067765,7.645198779755866,40.0,True
motor_fault,A2_unfiltered_train_seed_4,50035,-259.78450091282076,250,False,0.9272343763026606,6.431040147423563,40.0,True
motor_fault,A2_unfiltered_train_seed_4,50036,-143.3621085123717,250,False,0.04757260089436056,5.5815456371937255,40.0,True
motor_fault,A2_unfiltered_train_seed_4,50037,-100.81208314106019,250,False,0.19895634604101387,9.619125852786238,40.0,True
motor_fault,A2_unfiltered_train_seed_4,50038,-210.52729061845355,250,False,0.33026429502132526,15.327584369229902,40.0,True
motor_fault,A2_unfiltered_train_seed_4,50039,-26.954505928890867,54,True,0.042365532260365164,4.612592261175776,40.0,True
motor_fault,A2_unfiltered_train_seed_4,50040,-89.62039486196929,250,False,0.11757648514137323,6.356381456622269,40.0,True
motor_fault,A2_unfiltered_train_seed_4,50041,-99.90389609190346,250,False,0.18094844863401535,12.137273550065185,39.740604400634766,True
motor_fault,A2_unfiltered_train_seed_4,50042,-71.58175980002666,250,False,0.1010826704984281,7.805775464603565,40.0,True
motor_fault,A2_unfiltered_train_seed_4,50043,-8.00209265062883,28,True,0.037487315242413305,4.887724920498191,40.0,True
motor_fault,A2_unfiltered_train_seed_4,50044,-120.27524248721338,250,False,0.21426272685364117,10.525585981325872,40.0,True
motor_fault,A2_unfiltered_train_seed_4,50045,-198.11113360854424,250,False,0.3893330336435835,10.488133390291166,40.0,True
motor_fault,A2_unfiltered_train_seed_4,50046,-86.77129389567061,250,False,0.07717757918060061,14.058162068970796,40.0,True
motor_fault,A2_unfiltered_train_seed_4,50047,-113.3985025508299,250,False,0.20664257780221817,5.830583765418544,40.0,True
motor_fault,A2_unfiltered_train_seed_4,50048,-110.2628314642298,250,False,0.19914039795359645,9.455809319714268,40.0,True
motor_fault,A2_unfiltered_train_seed_4,50049,-125.94373214174492,250,False,0.07588844452668816,13.486570285736004,40.0,True
motor_fault,A2_unfiltered_train_seed_4,50050,-184.50244834572234,250,False,0.19979461433669118,15.261682514686704,40.0,True
motor_fault,A2_unfiltered_train_seed_4,50051,-162.32809228344323,250,False,0.09351179789388328,18.38420320683951,40.0,True
motor_fault,A2_unfiltered_train_seed_4,50052,-181.21443046123295,250,False,0.13121046907430156,14.167128423529656,40.0,True
motor_fault,A2_unfiltered_train_seed_4,50053,-86.16460191212833,250,False,0.10190910165102575,8.597210158416834,40.0,True
motor_fault,A2_unfiltered_train_seed_4,50054,-161.67633635767294,250,False,0.17450361789359642,10.448138226066694,40.0,True
motor_fault,A2_unfiltered_train_seed_4,50055,-258.3479097522654,250,False,0.7096794829614923,9.69954508311517,40.0,True
motor_fault,A2_unfiltered_train_seed_4,50056,-5.2472604544822445,44,True,0.04659721596638841,5.17470646763082,22.007003784179688,True
motor_fault,A2_unfiltered_train_seed_4,50057,-118.14815919024154,250,False,0.21023270534167993,10.112145235842574,40.0,True
motor_fault,A2_unfiltered_train_seed_4,50058,-170.09788363349895,250,False,0.15999190432247096,13.942963281121894,40.0,True
motor_fault,A2_unfiltered_train_seed_4,50059,-33.026900807210204,43,True,0.04859950237103344,6.131820939068242,40.0,True
motor_fault,A2_unfiltered_train_seed_4,50060,-176.20930881784295,250,False,0.11990165549177821,14.809453676590298,40.0,True
motor_fault,A2_unfiltered_train_seed_4,50061,-189.39922202178585,250,False,0.53723279713568,5.118834991353181,33.4869499206543,True
motor_fault,A2_unfiltered_train_seed_4,50062,-189.59833282984596,250,False,0.2546360325205675,12.816989604940046,40.0,True
motor_fault,A2_unfiltered_train_seed_4,50063,-6.474869668359828,30,True,0.034518230412146814,4.400273799792606,33.94184494018555,True
motor_fault,A2_unfiltered_train_seed_4,50064,-20.430931976698382,35,True,0.04743449683863516,9.038674179330329,40.0,True
motor_fault,A2_unfiltered_train_seed_4,50065,-104.87197073304259,250,False,0.24496376470505846,7.684300322719126,33.55628204345703,True
motor_fault,A2_unfiltered_train_seed_4,50066,-151.38694391748433,250,False,0.27509415938471143,9.516121779644937,40.0,True
motor_fault,A2_unfiltered_train_seed_4,50067,-67.75152363158335,250,False,0.11669355954039104,6.499641204411914,35.8690299987793,True
motor_fault,A2_unfiltered_train_seed_4,50068,-20.61453468832138,59,True,0.04781526627419811,6.558224825046482,23.392227172851562,True
motor_fault,A2_unfiltered_train_seed_4,50069,-59.90425312106686,48,True,0.04986884594780269,14.775474447648818,40.0,True
motor_fault,A2_unfiltered_train_seed_4,50070,-229.66491696073507,250,False,0.8319043109583547,6.533206047228312,33.4897346496582,True
motor_fault,A2_unfiltered_train_seed_4,50071,-65.28737835148335,250,False,0.1238936596423844,6.2462024823214986,38.08357238769531,True
motor_fault,A2_unfiltered_train_seed_4,50072,-95.0378793112422,78,True,0.04633558859158936,9.33836162906646,38.75300979614258,True
motor_fault,A2_unfiltered_train_seed_4,50073,-236.50106400132688,250,False,0.28317985779445637,17.46249149467462,40.0,True
motor_fault,A2_unfiltered_train_seed_4,50074,-162.8833861895958,250,False,0.5529429840326674,5.807311771881833,31.62432861328125,True
motor_fault,A2_unfiltered_train_seed_4,50075,-347.2366576111141,250,False,1.1487849210628638,7.045910196084768,40.0,True
motor_fault,A2_unfiltered_train_seed_4,50076,-182.57620303326456,250,False,0.12484656677861083,11.39325967914261,40.0,True
motor_fault,A2_unfiltered_train_seed_4,50077,-98.28076951829892,250,False,0.23501801516305473,10.002447390077696,40.0,True
motor_fault,A2_unfiltered_train_seed_4,50078,-61.66964616933642,250,False,0.06411561644938482,5.030391277903916,40.0,True
motor_fault,A2_unfiltered_train_seed_4,50079,-136.09319782534405,250,False,0.05082765055935017,13.307272091731285,40.0,True
motor_fault,A2_unfiltered_train_seed_4,50080,-179.07065942673742,250,False,0.09043288012214251,17.987296673278145,40.0,True
motor_fault,A2_unfiltered_train_seed_4,50081,-48.88753281040617,57,True,0.03463582646554149,10.086893948242555,40.0,True
motor_fault,A2_unfiltered_train_seed_4,50082,-68.79467264666643,250,False,0.1087578028121893,13.681145130234269,40.0,True
motor_fault,A2_unfiltered_train_seed_4,50083,-110.03486160016722,250,False,0.062155490911106774,10.835902960889793,39.84437942504883,True
motor_fault,A2_unfiltered_train_seed_4,50084,-73.98813756835658,250,False,0.1553299712397359,5.891172567521694,39.007755279541016,True
motor_fault,A2_unfiltered_train_seed_4,50085,-103.99578985930279,112,True,0.049690272346589195,14.38968212502533,40.0,True
motor_fault,A2_unfiltered_train_seed_4,50086,-98.89143963737541,250,False,0.120001889337054,17.914348360295307,40.0,True
motor_fault,A2_unfiltered_train_seed_4,50087,-77.59246914127654,250,False,0.15522128002493088,7.106541461238922,40.0,True
motor_fault,A2_unfiltered_train_seed_4,50088,-88.4187747072884,78,True,0.04982014165942397,14.639457034914019,40.0,True
motor_fault,A2_unfiltered_train_seed_4,50089,-68.40427023402309,75,True,0.04796936559387159,5.502176736202481,40.0,True
motor_fault,A2_unfiltered_train_seed_4,50090,-236.70661643482418,250,False,0.5057316738719312,10.231417664456364,40.0,True
motor_fault,A2_unfiltered_train_seed_4,50091,-139.7885155159058,92,True,0.03788739119903232,9.195289516391261,40.0,True
motor_fault,A2_unfiltered_train_seed_4,50092,-289.87507173642774,250,False,0.9776953644704358,8.333782672686711,40.0,True
motor_fault,A2_unfiltered_train_seed_4,50093,-165.0958179023231,250,False,0.10930534864870804,10.668230579257868,40.0,True
motor_fault,A2_unfiltered_train_seed_4,50094,-13.64505310426983,31,True,0.031197911070385127,4.921038070813012,40.0,True
motor_fault,A2_unfiltered_train_seed_4,50095,-67.26420733431735,250,False,0.08846074071252784,6.319332790161676,40.0,True
motor_fault,A2_unfiltered_train_seed_4,50096,-245.7465883436716,250,False,0.7315798591466766,10.83145427953822,40.0,True
motor_fault,A2_unfiltered_train_seed_4,50097,-285.84854857989063,250,False,0.9912957657616656,7.629993659678787,40.0,True
motor_fault,A2_unfiltered_train_seed_4,50098,-99.46809889187811,250,False,0.09921312241841197,12.89474637960538,40.0,True
motor_fault,A2_unfiltered_train_seed_4,50099,-283.753199292927,250,False,0.7996647679015841,8.462100550659038,40.0,True
motor_fault,A5_hocbf_train_seed_4,50000,-301.2568350019084,250,False,1.0738382523621257,7.362520556921455,38.77058792114258,True
motor_fault,A5_hocbf_train_seed_4,50001,-190.26839240723567,250,False,0.39478814802199996,5.076338068940959,40.0,True
motor_fault,A5_hocbf_train_seed_4,50002,-479.2502791509104,250,False,1.4398386014424382,6.773439691642102,40.0,True
motor_fault,A5_hocbf_train_seed_4,50003,-354.8366324606203,250,False,0.8086735944105001,4.252589992036129,40.0,True
motor_fault,A5_hocbf_train_seed_4,50004,-351.5817374985205,250,False,1.1795666128311866,6.079601837635078,40.0,True
motor_fault,A5_hocbf_train_seed_4,50005,-172.84805468023922,250,False,0.183842572157075,6.326051342220953,40.0,True
motor_fault,A5_hocbf_train_seed_4,50006,-136.14157492768064,250,False,0.2719994385325787,2.9241768497575635,40.0,True
motor_fault,A5_hocbf_train_seed_4,50007,-251.15215285794545,250,False,0.6941259621120025,4.529920475365943,40.0,True
motor_fault,A5_hocbf_train_seed_4,50008,-264.10953297007984,250,False,0.6887098227979561,6.53438292644205,40.0,True
motor_fault,A5_hocbf_train_seed_4,50009,-329.8796168547491,250,False,0.5228796214638,7.408478992466467,40.0,True
motor_fault,A5_hocbf_train_seed_4,50010,-103.93248138089936,250,False,0.0508002543791182,3.667985903448494,40.0,True
motor_fault,A5_hocbf_train_seed_4,50011,-197.9601242560556,250,False,0.645284752587185,5.880971001355585,39.06313705444336,True
motor_fault,A5_hocbf_train_seed_4,50012,-95.9055698417976,250,False,0.18119799378447332,2.9024363720919615,40.0,True
motor_fault,A5_hocbf_train_seed_4,50013,-352.61526775309477,250,False,0.8838609357039747,5.3894185552800264,39.627784729003906,True
motor_fault,A5_hocbf_train_seed_4,50014,-290.044880761587,250,False,0.9882544443486514,6.67549240036043,40.0,True
motor_fault,A5_hocbf_train_seed_4,50015,-275.4439363046757,250,False,0.5121851924346698,3.49325381297407,40.0,True
motor_fault,A5_hocbf_train_seed_4,50016,-570.5841247353912,250,False,2.2216162864203177,6.355979115812372,40.0,True
motor_fault,A5_hocbf_train_seed_4,50017,-223.9138767151487,250,False,0.5056403833665841,5.1873520380005385,40.0,True
motor_fault,A5_hocbf_train_seed_4,50018,-185.53408908894656,56,False,2.0166081329111676,7.48942249064291,40.0,True
motor_fault,A5_hocbf_train_seed_4,50019,-318.2084025699547,250,False,0.7341574137227254,6.0198108138360755,40.0,True
motor_fault,A5_hocbf_train_seed_4,50020,-279.25936576082603,250,False,0.8959755239309223,1.8797356470892606,40.0,True
motor_fault,A5_hocbf_train_seed_4,50021,-106.81361205853857,250,False,0.2439807868640829,2.958907515526042,29.486202239990234,True
motor_fault,A5_hocbf_train_seed_4,50022,-162.76624474605356,250,False,0.28140411975763757,3.9308539955535364,40.0,True
motor_fault,A5_hocbf_train_seed_4,50023,-133.1503732553631,250,False,0.07358487043370855,5.687088928861277,40.0,True
motor_fault,A5_hocbf_train_seed_4,50024,-141.98813574628775,250,False,0.48808887664334455,4.5965524719998205,29.250791549682617,True
motor_fault,A5_hocbf_train_seed_4,50025,-102.67557837214322,92,True,0.012312188712826327,4.477066886283292,40.0,True
motor_fault,A5_hocbf_train_seed_4,50026,-404.36706390872854,250,False,1.497762774486341,6.50440872903566,40.0,True
motor_fault,A5_hocbf_train_seed_4,50027,-36.28104073772816,50,True,0.049842662377393925,6.06761146891134,40.0,True
motor_fault,A5_hocbf_train_seed_4,50028,-130.3320692704046,250,False,0.20497034639856798,6.038846586882866,40.0,True
motor_fault,A5_hocbf_train_seed_4,50029,-227.12769220089885,250,False,0.1699465143045085,3.8035411374362296,40.0,True
motor_fault,A5_hocbf_train_seed_4,50030,-98.56791482241104,83,True,0.01757768318702014,4.6259890445245375,40.0,True
motor_fault,A5_hocbf_train_seed_4,50031,-96.97153382986336,92,True,0.029801376361532093,6.615853650458765,40.0,True
motor_fault,A5_hocbf_train_seed_4,50032,-155.90575791418772,250,False,0.25120835440627576,3.050581198330857,40.0,True
motor_fault,A5_hocbf_train_seed_4,50033,-5.12913614957357,31,True,0.040118174553260624,3.964127273145192,25.537521362304688,True
motor_fault,A5_hocbf_train_seed_4,50034,-377.2309163866328,250,False,0.1254278086577423,6.183310812259363,40.0,True
motor_fault,A5_hocbf_train_seed_4,50035,-382.8976662961284,250,False,1.4017831488387402,5.950601788814419,40.0,True
motor_fault,A5_hocbf_train_seed_4,50036,-522.7132032864089,250,False,1.8993964438038196,6.643005719752881,40.0,True
motor_fault,A5_hocbf_train_seed_4,50037,-388.3297562706484,250,False,1.283046425732818,2.508761878992911,40.0,True
motor_fault,A5_hocbf_train_seed_4,50038,-224.01880794347352,250,False,0.5681379612185402,5.865015261199699,40.0,True
motor_fault,A5_hocbf_train_seed_4,50039,-456.45388589766975,250,False,1.2241820426835772,5.759708738773307,40.0,True
motor_fault,A5_hocbf_train_seed_4,50040,-112.13504561258742,250,False,0.11770395498979566,4.879794093577024,40.0,True
motor_fault,A5_hocbf_train_seed_4,50041,-108.37381136816698,250,False,0.1809485669774165,4.696681934555687,38.7684326171875,True
motor_fault,A5_hocbf_train_seed_4,50042,-68.77830719139284,250,False,0.06030629347421972,4.892955541203304,39.988494873046875,True
motor_fault,A5_hocbf_train_seed_4,50043,-12.818133865317789,36,True,0.03669572688081588,3.1437291278081068,40.0,True
motor_fault,A5_hocbf_train_seed_4,50044,-329.626797303611,250,False,1.0039470232417826,5.932031636704725,40.0,True
motor_fault,A5_hocbf_train_seed_4,50045,-262.222580341767,250,False,0.5770628840719538,5.9017587357090076,40.0,True
motor_fault,A5_hocbf_train_seed_4,50046,-93.88057153996795,250,False,0.0771775074185067,5.016286096291299,40.0,True
motor_fault,A5_hocbf_train_seed_4,50047,-113.32576275459249,250,False,0.20664319820654126,4.419004899777443,40.0,True
motor_fault,A5_hocbf_train_seed_4,50048,-123.33198918196169,250,False,0.20042603114959553,5.8203678767793985,40.0,True
motor_fault,A5_hocbf_train_seed_4,50049,-150.95705726721474,250,False,0.07588913005220248,4.362897685843815,40.0,True
motor_fault,A5_hocbf_train_seed_4,50050,-126.82584060123654,99,True,0.026435403280848386,5.7635609677165265,40.0,True
motor_fault,A5_hocbf_train_seed_4,50051,-181.7911878907588,250,False,0.38680245579165884,5.833118755425636,40.0,True
motor_fault,A5_hocbf_train_seed_4,50052,-237.91854187838496,250,False,0.1752288303683687,5.3078286788116555,40.0,True
motor_fault,A5_hocbf_train_seed_4,50053,-109.85108240993539,250,False,0.11416180789379679,2.9206721991097417,40.0,True
motor_fault,A5_hocbf_train_seed_4,50054,-116.30531609753028,94,True,0.042236708851564865,5.575321565695518,40.0,True
motor_fault,A5_hocbf_train_seed_4,50055,-509.9746879387047,250,False,1.057757474548362,6.620700875020519,40.0,True
motor_fault,A5_hocbf_train_seed_4,50056,-6.075031135476561,45,True,0.046453569299625734,4.339270461138228,23.210105895996094,True
motor_fault,A5_hocbf_train_seed_4,50057,-43.401053910549585,59,True,0.04978386222312862,3.3903134149154703,40.0,True
motor_fault,A5_hocbf_train_seed_4,50058,-159.1726741599342,250,False,0.16035703094550144,4.850763570188529,40.0,True
motor_fault,A5_hocbf_train_seed_4,50059,-405.4297226625481,250,False,1.5519865174528873,4.243426236510201,40.0,True
motor_fault,A5_hocbf_train_seed_4,50060,-182.5741422413618,250,False,0.11990122982014895,5.4175109812477915,40.0,True
motor_fault,A5_hocbf_train_seed_4,50061,-199.80028656286632,250,False,0.6129376043934498,4.63096665204941,34.08730697631836,True
motor_fault,A5_hocbf_train_seed_4,50062,-117.33955080838105,99,True,0.020216966532110463,6.31749813309222,40.0,True
motor_fault,A5_hocbf_train_seed_4,50063,-188.59978433543426,250,False,0.8779363332569748,4.431159238911277,34.33949279785156,True
motor_fault,A5_hocbf_train_seed_4,50064,-36.61714521262494,89,True,0.049139357183081704,4.186846733408622,40.0,True
motor_fault,A5_hocbf_train_seed_4,50065,-107.60643093284565,250,False,0.24496381230724898,4.3003999530058765,35.24063491821289,True
motor_fault,A5_hocbf_train_seed_4,50066,-304.7758373848564,250,False,0.5915682352357616,6.70635565023711,40.0,True
motor_fault,A5_hocbf_train_seed_4,50067,-80.3298282031247,250,False,0.11669106054813115,4.041193186306431,37.47614669799805,True
motor_fault,A5_hocbf_train_seed_4,50068,-25.204718519681382,64,True,0.049703198328493646,4.472590963520082,22.37173080444336,True
motor_fault,A5_hocbf_train_seed_4,50069,-119.5189935368042,250,False,0.18176706661731154,5.076367506837817,40.0,True
motor_fault,A5_hocbf_train_seed_4,50070,-241.99992894953982,250,False,0.8639480974882426,6.440961237111167,35.7195930480957,True
motor_fault,A5_hocbf_train_seed_4,50071,-68.67844688074257,250,False,0.12389379923591952,3.95491441296206,40.0,True
motor_fault,A5_hocbf_train_seed_4,50072,-172.30838168262886,250,False,0.1893780643402573,5.893231871094579,40.0,True
motor_fault,A5_hocbf_train_seed_4,50073,-222.64003698675674,250,False,0.5047227614638782,6.075609317166867,40.0,True
motor_fault,A5_hocbf_train_seed_4,50074,-339.0285354520796,250,False,1.2551384066347895,5.497691612724614,31.0657901763916,True
motor_fault,A5_hocbf_train_seed_4,50075,-368.72793985379997,250,False,1.2086828610264968,8.783036322308769,40.0,True
motor_fault,A5_hocbf_train_seed_4,50076,-122.71540822268084,38,False,2.029686768835171,10.359479041267312,40.0,True
motor_fault,A5_hocbf_train_seed_4,50077,-92.03248390155467,250,False,0.23501801911856954,7.794250418898433,40.0,True
motor_fault,A5_hocbf_train_seed_4,50078,-103.25858548939537,250,False,0.06402219228898111,2.7482197719490173,40.0,True
motor_fault,A5_hocbf_train_seed_4,50079,-350.4786338391671,250,False,0.5478921171072731,5.937719460869215,40.0,True
motor_fault,A5_hocbf_train_seed_4,50080,-175.535789435461,250,False,0.19617468392458975,6.840015658496415,40.0,True
motor_fault,A5_hocbf_train_seed_4,50081,-63.976492972716656,83,True,0.02581866994440577,4.662306257874824,40.0,True
motor_fault,A5_hocbf_train_seed_4,50082,-71.54639824718966,250,False,0.09382782685362723,6.338481426873704,40.0,True
motor_fault,A5_hocbf_train_seed_4,50083,-125.62711196483247,250,False,0.062155581930963356,7.693594926422654,40.0,True
motor_fault,A5_hocbf_train_seed_4,50084,-78.38468850693138,250,False,0.1553299723288895,3.502215136949551,40.0,True
motor_fault,A5_hocbf_train_seed_4,50085,-185.5898903352659,250,False,0.28794889493400133,5.712394453096785,40.0,True
motor_fault,A5_hocbf_train_seed_4,50086,-108.29872225968793,250,False,0.1200371462709331,6.636418073335114,40.0,True
motor_fault,A5_hocbf_train_seed_4,50087,-92.86037693669321,250,False,0.11198618684411095,2.822747910488069,40.0,True
motor_fault,A5_hocbf_train_seed_4,50088,-181.6250972339826,250,False,0.13859267878649323,5.887117520600152,40.0,True
motor_fault,A5_hocbf_train_seed_4,50089,-136.10527329575424,250,False,0.19709155638165862,4.611331236712649,40.0,True
motor_fault,A5_hocbf_train_seed_4,50090,-211.60122047418767,250,False,0.506874318906022,3.9328657697600353,40.0,True
motor_fault,A5_hocbf_train_seed_4,50091,-206.71554053301526,250,False,0.305564205481048,8.327651798732786,40.0,True
motor_fault,A5_hocbf_train_seed_4,50092,-310.8175050367326,250,False,1.0196247191520749,10.438704655681576,40.0,True
motor_fault,A5_hocbf_train_seed_4,50093,-123.75494849122471,42,False,1.6725842355966063,11.100120637413685,40.0,True
motor_fault,A5_hocbf_train_seed_4,50094,-17.67061108870451,37,True,0.029417084851025108,3.5367374331791304,40.0,True
motor_fault,A5_hocbf_train_seed_4,50095,-82.24938454899673,250,False,0.0885590194816015,3.6992480919040682,40.0,True
motor_fault,A5_hocbf_train_seed_4,50096,-304.626043168733,250,False,0.7291660392708723,3.4686153049121216,40.0,True
motor_fault,A5_hocbf_train_seed_4,50097,-327.6331740331558,250,False,1.1933708049254164,8.821159015621364,40.0,True
motor_fault,A5_hocbf_train_seed_4,50098,-131.9998783705673,250,False,0.09938974604409949,5.28256012909576,40.0,True
motor_fault,A5_hocbf_train_seed_4,50099,-437.4209525841848,250,False,1.222648937316742,10.098278994307714,40.0,True
motor_fault,A6_prefilter_train_seed_4,50000,-328.14670922034065,250,False,1.1200435633377437,6.427111107151686,36.44598388671875,True
motor_fault,A6_prefilter_train_seed_4,50001,-196.94304395283524,250,False,0.4234111999674657,10.831484049828239,40.0,True
motor_fault,A6_prefilter_train_seed_4,50002,-386.06795292887455,250,False,1.5265090907845675,6.819645808315856,40.0,True
motor_fault,A6_prefilter_train_seed_4,50003,-316.68514650323704,250,False,0.8639665952336897,12.55654585960443,40.0,True
motor_fault,A6_prefilter_train_seed_4,50004,-285.67552527382264,250,False,1.0048793565045604,8.483422376181393,40.0,True
motor_fault,A6_prefilter_train_seed_4,50005,-216.36414362194904,250,False,0.38055321636040906,14.267857539587206,40.0,True
motor_fault,A6_prefilter_train_seed_4,50006,-280.6090639835787,250,False,1.3523400615763537,4.967769612724473,40.0,True
motor_fault,A6_prefilter_train_seed_4,50007,-337.8180569215261,250,False,0.8290624265967078,10.89343854219929,40.0,True
motor_fault,A6_prefilter_train_seed_4,50008,-297.07652554009206,250,False,0.7678704256263381,7.6348876289636145,40.0,True
motor_fault,A6_prefilter_train_seed_4,50009,-188.13504588813302,250,False,0.506892196134739,10.41785570018506,40.0,True
motor_fault,A6_prefilter_train_seed_4,50010,-165.3350578605228,250,False,0.46890014012944886,13.558258657579904,40.0,True
motor_fault,A6_prefilter_train_seed_4,50011,-206.13624019656126,250,False,0.6905985012378922,5.522370254904324,40.0,True
motor_fault,A6_prefilter_train_seed_4,50012,-119.59138805823449,250,False,0.20678024930188835,10.861944411334193,40.0,True
motor_fault,A6_prefilter_train_seed_4,50013,-320.4632591241926,250,False,1.0234181190426708,11.047447515400147,40.0,True
motor_fault,A6_prefilter_train_seed_4,50014,-347.1342136365699,250,False,1.0062711248838625,21.485511156564833,40.0,True
motor_fault,A6_prefilter_train_seed_4,50015,-397.19135704828983,250,False,1.2432502988515883,10.83564672081216,40.0,True
motor_fault,A6_prefilter_train_seed_4,50016,-330.62994098906466,250,False,1.1311601336986028,10.50296860566069,40.0,True
motor_fault,A6_prefilter_train_seed_4,50017,-222.21005283489575,250,False,0.6361384291392481,8.61717073317601,40.0,True
motor_fault,A6_prefilter_train_seed_4,50018,-177.9167652078029,250,False,0.17214530168643047,11.9187371022365,40.0,True
motor_fault,A6_prefilter_train_seed_4,50019,-265.5791688376289,250,False,0.6001844544977375,12.504098161421801,40.0,True
motor_fault,A6_prefilter_train_seed_4,50020,-300.6884526024165,250,False,0.9981619207399101,2.3799233668885864,40.0,True
motor_fault,A6_prefilter_train_seed_4,50021,-296.6583157919402,250,False,1.039021788660124,3.7368701692224437,29.245805740356445,True
motor_fault,A6_prefilter_train_seed_4,50022,-311.7115305891244,250,False,0.9250966400741087,11.820396346720992,40.0,True
motor_fault,A6_prefilter_train_seed_4,50023,-168.64478877350868,250,False,0.31931063305110036,9.727261250791313,40.0,True
motor_fault,A6_prefilter_train_seed_4,50024,-170.97895135423826,250,False,0.6047666384321627,3.079521280537026,29.854637145996094,True
motor_fault,A6_prefilter_train_seed_4,50025,-212.94918549504493,250,False,0.5774600196922466,12.48352948369258,40.0,True
motor_fault,A6_prefilter_train_seed_4,50026,-418.3747314270779,250,False,1.4708801826421125,9.223098284713076,40.0,True
motor_fault,A6_prefilter_train_seed_4,50027,-129.51415590847958,250,False,0.35281979410303377,7.61052743707556,40.0,True
motor_fault,A6_prefilter_train_seed_4,50028,-314.3918644048153,250,False,0.8871501083813308,16.13438140850358,40.0,True
motor_fault,A6_prefilter_train_seed_4,50029,-144.0630801691776,83,True,0.006175104841440605,13.848918318781017,40.0,True
motor_fault,A6_prefilter_train_seed_4,50030,-179.9672745393882,250,False,0.446820389802952,9.537607989282638,40.0,True
motor_fault,A6_prefilter_train_seed_4,50031,-127.2264398598573,250,False,0.1267403980950277,14.087098016523843,40.0,True
motor_fault,A6_prefilter_train_seed_4,50032,-283.5620205790904,250,False,0.8812068979958975,12.235988476573107,40.0,True
motor_fault,A6_prefilter_train_seed_4,50033,-236.88498982546716,250,False,0.9065223626867335,2.735798981706949,26.08286476135254,True
motor_fault,A6_prefilter_train_seed_4,50034,-381.42681888641386,250,False,1.4420776592450317,5.55357340667023,40.0,True
motor_fault,A6_prefilter_train_seed_4,50035,-391.93608369944417,250,False,1.3978496227184734,6.070568126176033,40.0,True
motor_fault,A6_prefilter_train_seed_4,50036,-221.9548467627844,250,False,1.5649054275498382,3.383421235875073,40.0,True
motor_fault,A6_prefilter_train_seed_4,50037,-304.0142315696731,250,False,1.0729782605940672,11.083767609479438,40.0,True
motor_fault,A6_prefilter_train_seed_4,50038,-273.83644188805863,250,False,0.6976799800829885,16.974762993642017,40.0,True
motor_fault,A6_prefilter_train_seed_4,50039,-461.92783752349703,250,False,1.3669126920797803,12.567433399538059,40.0,True
motor_fault,A6_prefilter_train_seed_4,50040,-173.4931519251114,250,False,0.5023600634009068,9.411413641012093,40.0,True
motor_fault,A6_prefilter_train_seed_4,50041,-167.76035925523132,250,False,0.5150347445273972,13.324250699098993,40.0,True
motor_fault,A6_prefilter_train_seed_4,50042,-146.5516706586664,250,False,0.3901928423694877,5.766004005796835,40.0,True
motor_fault,A6_prefilter_train_seed_4,50043,-262.00175067880184,250,False,0.9154880819946222,3.364450921009251,40.0,True
motor_fault,A6_prefilter_train_seed_4,50044,-351.7030627059517,250,False,1.2625538699128591,11.595857812925171,40.0,True
motor_fault,A6_prefilter_train_seed_4,50045,-251.5811234377582,250,False,0.5611609947446883,11.609596233650938,40.0,True
motor_fault,A6_prefilter_train_seed_4,50046,-148.4944431781401,250,False,0.3721870066298163,15.477338459374424,40.0,True
motor_fault,A6_prefilter_train_seed_4,50047,-307.5956405146047,250,False,1.0507830366192448,3.5653476429604827,40.0,True
motor_fault,A6_prefilter_train_seed_4,50048,-180.43138745478205,250,False,0.5318270794407702,8.015003296679375,40.0,True
motor_fault,A6_prefilter_train_seed_4,50049,-231.94776036606646,250,False,0.5566829029080778,14.766745086338709,40.0,True
motor_fault,A6_prefilter_train_seed_4,50050,-250.80171932915937,250,False,0.5806189121671709,12.63191630131509,40.0,True
motor_fault,A6_prefilter_train_seed_4,50051,-182.26486803272903,250,False,0.23655508946446885,16.750415156832723,40.0,True
motor_fault,A6_prefilter_train_seed_4,50052,-205.68885764610508,250,False,0.20363101950297957,14.754048263682975,40.0,True
motor_fault,A6_prefilter_train_seed_4,50053,-316.74681676008487,250,False,1.1639871253245841,8.582179242885594,40.0,True
motor_fault,A6_prefilter_train_seed_4,50054,-226.49790640683813,250,False,0.5031143227438225,17.512394341422006,40.0,True
motor_fault,A6_prefilter_train_seed_4,50055,-341.7793781414118,250,False,1.055764815377801,10.077451008694066,40.0,True
motor_fault,A6_prefilter_train_seed_4,50056,-189.11120609878776,250,False,0.8565597085490786,2.8556720020977937,23.013561248779297,True
motor_fault,A6_prefilter_train_seed_4,50057,-260.66883384916406,250,False,1.0167923369302085,7.820626216728748,40.0,True
motor_fault,A6_prefilter_train_seed_4,50058,-224.34248451260666,250,False,0.3846164678286729,15.012973915161766,40.0,True
motor_fault,A6_prefilter_train_seed_4,50059,-405.4295194376175,250,False,1.5221542992394503,4.224353754798178,40.0,True
motor_fault,A6_prefilter_train_seed_4,50060,-226.69313317556552,250,False,0.4080718278827178,15.476526878851663,40.0,True
motor_fault,A6_prefilter_train_seed_4,50061,-222.48400270827582,250,False,0.7386410591024654,4.460576184787409,37.57356262207031,True
motor_fault,A6_prefilter_train_seed_4,50062,-240.60751744969204,250,False,0.5651656489013369,14.81318263984895,40.0,True
motor_fault,A6_prefilter_train_seed_4,50063,-302.757862498163,250,False,1.0170885846998077,4.161015819772099,34.2202033996582,True
motor_fault,A6_prefilter_train_seed_4,50064,-225.50827506628647,250,False,0.8088383471819933,6.334075036821745,40.0,True
motor_fault,A6_prefilter_train_seed_4,50065,-310.8566039406402,250,False,1.1540642919176214,4.510374740438755,40.0,True
motor_fault,A6_prefilter_train_seed_4,50066,-211.35085315620796,250,False,0.5019116714165012,10.565420106345286,40.0,True
motor_fault,A6_prefilter_train_seed_4,50067,-360.0822477486051,250,False,1.4615959374184628,4.531217897572224,38.229042053222656,True
motor_fault,A6_prefilter_train_seed_4,50068,-98.32556293247306,250,False,0.30078119545577603,4.4382078170933905,22.62394905090332,True
motor_fault,A6_prefilter_train_seed_4,50069,-192.08011593776519,250,False,0.47503962042263015,16.16213704469765,40.0,True
motor_fault,A6_prefilter_train_seed_4,50070,-267.62565771265065,250,False,0.9395078066852116,5.038779947138688,29.49208641052246,True
motor_fault,A6_prefilter_train_seed_4,50071,-104.12869413724403,250,False,0.29859589366003964,5.698328784690314,40.0,True
motor_fault,A6_prefilter_train_seed_4,50072,-159.75123223172122,250,False,0.1168801135337921,13.98497897462712,40.0,True
motor_fault,A6_prefilter_train_seed_4,50073,-279.3131712789126,250,False,0.6414668474751563,21.126862295030786,40.0,True
motor_fault,A6_prefilter_train_seed_4,50074,-355.83008647962185,250,False,1.311469906681097,4.130704376320428,31.405494689941406,True
motor_fault,A6_prefilter_train_seed_4,50075,-372.3562456097489,250,False,1.2280008753359002,6.704274798267016,40.0,True
motor_fault,A6_prefilter_train_seed_4,50076,-207.5782864166457,250,False,0.21889935183242726,11.366537717955358,40.0,True
motor_fault,A6_prefilter_train_seed_4,50077,-108.51649645035435,250,False,0.24364469768136737,9.371138301011118,40.0,True
motor_fault,A6_prefilter_train_seed_4,50078,-400.63585004507524,250,False,1.6112442885090534,5.029759069142288,40.0,True
motor_fault,A6_prefilter_train_seed_4,50079,-194.65601099217602,250,False,0.1256260940396146,13.041792271568758,40.0,True
motor_fault,A6_prefilter_train_seed_4,50080,-221.23659828985393,250,False,0.4317260419677539,14.724945843982429,40.0,True
motor_fault,A6_prefilter_train_seed_4,50081,-142.1410943010493,250,False,0.3489469964478219,9.69135703912688,40.0,True
motor_fault,A6_prefilter_train_seed_4,50082,-78.52534984479404,250,False,0.18289042482845785,10.279080149601462,40.0,True
motor_fault,A6_prefilter_train_seed_4,50083,-82.10027066259124,79,True,0.04962306084667497,12.118493260283362,40.0,True
motor_fault,A6_prefilter_train_seed_4,50084,-79.50883646605044,250,False,0.1815410042501395,6.513492363593296,40.0,True
motor_fault,A6_prefilter_train_seed_4,50085,-178.33462976428248,250,False,0.24927905892658386,16.425152897558867,40.0,True
motor_fault,A6_prefilter_train_seed_4,50086,-59.00956807594349,56,True,0.025892260108334286,17.66624968315526,40.0,True
motor_fault,A6_prefilter_train_seed_4,50087,-338.55257158146424,250,False,1.226150956552121,3.32230313885212,40.0,True
motor_fault,A6_prefilter_train_seed_4,50088,-155.53244219255322,250,False,0.2397844092412765,16.287909841929885,40.0,True
motor_fault,A6_prefilter_train_seed_4,50089,-199.90365557480214,250,False,0.6176430412824341,6.39561211385891,40.0,True
motor_fault,A6_prefilter_train_seed_4,50090,-274.1663088409881,250,False,0.6122914908318352,10.93680776424106,40.0,True
motor_fault,A6_prefilter_train_seed_4,50091,-209.0813957747481,250,False,0.09810429486196148,11.970366603411973,40.0,True
motor_fault,A6_prefilter_train_seed_4,50092,-311.10893845274967,250,False,1.0157327685871034,8.201163517950853,40.0,True
motor_fault,A6_prefilter_train_seed_4,50093,-228.95353783832036,250,False,0.39616802322590033,11.161937287599908,40.0,True
motor_fault,A6_prefilter_train_seed_4,50094,-272.6072057305748,250,False,0.9457899351766259,3.347328461260249,38.67412567138672,True
motor_fault,A6_prefilter_train_seed_4,50095,-257.04518135120185,250,False,0.9840049676280604,3.821245800560567,38.973514556884766,True
motor_fault,A6_prefilter_train_seed_4,50096,-333.5821149839283,250,False,1.1059981611648058,11.91312265085631,40.0,True
motor_fault,A6_prefilter_train_seed_4,50097,-320.51143673592895,250,False,1.1270004544690606,7.044843243450604,40.0,True
motor_fault,A6_prefilter_train_seed_4,50098,-111.01937338712732,250,False,0.11484330364191829,13.779832286581021,40.0,True
motor_fault,A6_prefilter_train_seed_4,50099,-389.97142227775373,250,False,1.3243888874211882,9.059249233223605,40.0,True
motor_fault,A6_hocbf_train_seed_4,50000,-327.89894079662406,250,False,1.120798894041552,6.430224172516907,36.39040756225586,True
motor_fault,A6_hocbf_train_seed_4,50001,-202.03293201588477,250,False,0.42280970241424726,5.082427549888154,40.0,True
motor_fault,A6_hocbf_train_seed_4,50002,-489.4933322786772,250,False,1.3855240938642572,8.370430727740061,40.0,True
motor_fault,A6_hocbf_train_seed_4,50003,-363.4583450235596,250,False,0.8310896631869383,4.030290824308661,40.0,True
motor_fault,A6_hocbf_train_seed_4,50004,-364.5851627219213,250,False,1.244392092728613,5.352938355171147,40.0,True
motor_fault,A6_hocbf_train_seed_4,50005,-213.89704575955653,250,False,0.38048748616250866,6.6689068418254145,40.0,True
motor_fault,A6_hocbf_train_seed_4,50006,-359.20857367372975,250,False,1.28298425845343,4.433146189866982,40.0,True
motor_fault,A6_hocbf_train_seed_4,50007,-281.46301096228615,250,False,0.8318937025377012,4.312498415415908,40.0,True
motor_fault,A6_hocbf_train_seed_4,50008,-291.12025003092305,250,False,0.7460659489655843,6.305099886508228,40.0,True
motor_fault,A6_hocbf_train_seed_4,50009,-365.9262280556914,250,False,0.7094123911271809,7.200256285869326,40.0,True
motor_fault,A6_hocbf_train_seed_4,50010,-186.0389719462608,250,False,0.4689200934970952,3.667985903448494,40.0,True
motor_fault,A6_hocbf_train_seed_4,50011,-206.13624019656126,250,False,0.6905985012378922,5.522370254904324,40.0,True
motor_fault,A6_hocbf_train_seed_4,50012,-108.97045443595525,250,False,0.20651950903081812,2.439593363669229,40.0,True
motor_fault,A6_hocbf_train_seed_4,50013,-378.13718265852975,250,False,0.9974406408066211,5.369194978327343,40.0,True
motor_fault,A6_hocbf_train_seed_4,50014,-297.97925485131424,250,False,1.0324879781885588,6.539062922958508,40.0,True
motor_fault,A6_hocbf_train_seed_4,50015,-332.7789762317809,250,False,1.2456305832633527,3.4260343672269635,40.0,True
motor_fault,A6_hocbf_train_seed_4,50016,-565.5183953641282,250,False,1.9700220469778842,6.2963859036974235,40.0,True
motor_fault,A6_hocbf_train_seed_4,50017,-236.69296006131322,250,False,0.6134554867284121,4.9902042217534515,40.0,True
motor_fault,A6_hocbf_train_seed_4,50018,-185.93645524075288,56,False,1.9985405867482864,7.8927051312162195,40.0,True
motor_fault,A6_hocbf_train_seed_4,50019,-330.8503270204626,250,False,0.8194518178597452,6.0198108138360755,40.0,True
motor_fault,A6_hocbf_train_seed_4,50020,-300.4725269659773,250,False,0.9981212815956773,1.80675300218681,40.0,True
motor_fault,A6_hocbf_train_seed_4,50021,-296.74310091010506,250,False,1.0390220256306746,3.7460087336808967,29.26222801208496,True
motor_fault,A6_hocbf_train_seed_4,50022,-278.8630853635514,250,False,0.9185595628261444,3.914171275727201,40.0,True
motor_fault,A6_hocbf_train_seed_4,50023,-173.0166179971953,250,False,0.3188024612944906,6.193757148932089,40.0,True
motor_fault,A6_hocbf_train_seed_4,50024,-170.97895135423826,250,False,0.6047666384321627,3.079521280537026,29.854637145996094,True
motor_fault,A6_hocbf_train_seed_4,50025,-214.3986580523831,250,False,0.5756247838965889,6.53018514740132,40.0,True
motor_fault,A6_hocbf_train_seed_4,50026,-426.3224097702625,250,False,1.4699646671052993,7.422469586679926,40.0,True
motor_fault,A6_hocbf_train_seed_4,50027,-129.37077519608437,250,False,0.3528198175480166,6.38701948937958,40.0,True
motor_fault,A6_hocbf_train_seed_4,50028,-261.55001988168453,250,False,0.8875881702933781,6.035550268578978,40.0,True
motor_fault,A6_hocbf_train_seed_4,50029,-261.9059274356094,250,False,0.41775962564943914,4.024468564044599,40.0,True
motor_fault,A6_hocbf_train_seed_4,50030,-183.18540727032212,250,False,0.44468793321780187,7.333492714472019,40.0,True
motor_fault,A6_hocbf_train_seed_4,50031,-133.01430901316127,250,False,0.12673622261634354,6.614948740315433,40.0,True
motor_fault,A6_hocbf_train_seed_4,50032,-268.9723046353818,250,False,0.8793147756560838,3.050581198330857,40.0,True
motor_fault,A6_hocbf_train_seed_4,50033,-236.88498982546716,250,False,0.9065223626867335,2.735798981706949,26.08286476135254,True
motor_fault,A6_hocbf_train_seed_4,50034,-492.0680343786095,250,False,1.3513254377685548,6.108996490728977,40.0,True
motor_fault,A6_hocbf_train_seed_4,50035,-401.43482902459374,250,False,1.401039639283118,7.006848552470388,40.0,True
motor_fault,A6_hocbf_train_seed_4,50036,-454.7291518883179,250,False,0.5302271588173906,5.9803598947875365,40.0,True
motor_fault,A6_hocbf_train_seed_4,50037,-430.27951838580054,250,False,1.3557540829103145,2.8710884240892587,40.0,True
motor_fault,A6_hocbf_train_seed_4,50038,-250.66383109426778,250,False,0.7178303893202871,6.062667543940463,40.0,True
motor_fault,A6_hocbf_train_seed_4,50039,-345.38733028729007,250,False,0.31223018769739064,5.490729737912202,40.0,True
motor_fault,A6_hocbf_train_seed_4,50040,-175.17026728898037,250,False,0.5023591475972075,4.9866347058834135,40.0,True
motor_fault,A6_hocbf_train_seed_4,50041,-175.0920998110188,250,False,0.515030050678504,4.662965156475973,40.0,True
motor_fault,A6_hocbf_train_seed_4,50042,-145.41424085804263,250,False,0.39019284860675724,4.892710666921647,40.0,True
motor_fault,A6_hocbf_train_seed_4,50043,-262.00175067880184,250,False,0.9154880819946222,3.364450921009251,40.0,True
motor_fault,A6_hocbf_train_seed_4,50044,-344.7335805850089,250,False,1.095474622754943,4.705547314900651,40.0,True
motor_fault,A6_hocbf_train_seed_4,50045,-297.6818094295062,250,False,0.771774948322297,5.9017587357090076,40.0,True
motor_fault,A6_hocbf_train_seed_4,50046,-152.28095175247336,250,False,0.3721874292929788,5.016286096291299,40.0,True
motor_fault,A6_hocbf_train_seed_4,50047,-307.5956405146047,250,False,1.0507830366192448,3.5653476429604827,40.0,True
motor_fault,A6_hocbf_train_seed_4,50048,-180.56638340852544,250,False,0.5311989594401786,5.785768996404797,40.0,True
motor_fault,A6_hocbf_train_seed_4,50049,-237.26065423943854,250,False,0.5569112027670967,4.354441480394235,40.0,True
motor_fault,A6_hocbf_train_seed_4,50050,-232.0077465551681,250,False,0.5872429422408257,5.82553436503807,40.0,True
motor_fault,A6_hocbf_train_seed_4,50051,-186.76712157450447,250,False,0.39729854297861344,5.782596992359749,40.0,True
motor_fault,A6_hocbf_train_seed_4,50052,-245.82639506597573,250,False,0.19232009568192635,5.26252225845411,40.0,True
motor_fault,A6_hocbf_train_seed_4,50053,-287.2576101360733,250,False,1.1666808802032458,2.8964078270918154,40.0,True
motor_fault,A6_hocbf_train_seed_4,50054,-208.91301414843738,250,False,0.5067360953461495,5.742858826140294,40.0,True
motor_fault,A6_hocbf_train_seed_4,50055,-532.7810087769374,250,False,1.1499934479623677,6.421087157341384,40.0,True
motor_fault,A6_hocbf_train_seed_4,50056,-189.11120609878776,250,False,0.8565597085490786,2.8556720020977937,23.013561248779297,True
motor_fault,A6_hocbf_train_seed_4,50057,-276.9025931100404,250,False,1.012366307268265,3.9205441139055983,40.0,True
motor_fault,A6_hocbf_train_seed_4,50058,-192.76440650921694,250,False,0.3852904666609066,4.850763570188529,40.0,True
motor_fault,A6_hocbf_train_seed_4,50059,-416.1906368417366,250,False,1.5386571975287378,5.054136996731167,40.0,True
motor_fault,A6_hocbf_train_seed_4,50060,-242.02806307373734,250,False,0.40820690461482667,5.450533393956019,40.0,True
motor_fault,A6_hocbf_train_seed_4,50061,-222.48400270827582,250,False,0.7386410591024654,4.460576184787409,37.57356262207031,True
motor_fault,A6_hocbf_train_seed_4,50062,-219.51611128916892,250,False,0.5536035239136049,6.679949661731164,40.0,True
motor_fault,A6_hocbf_train_seed_4,50063,-302.757862498163,250,False,1.0170885846998077,4.161015819772099,34.2202033996582,True
motor_fault,A6_hocbf_train_seed_4,50064,-223.6657105110422,250,False,0.8088992529187826,4.101130498290196,40.0,True
motor_fault,A6_hocbf_train_seed_4,50065,-311.658570630705,250,False,1.1576266868481904,4.445152894656717,40.0,True
motor_fault,A6_hocbf_train_seed_4,50066,-323.87431457804297,250,False,0.7229289595232155,6.70635565023711,40.0,True
motor_fault,A6_hocbf_train_seed_4,50067,-366.62989489399854,250,False,1.4564155262060832,4.206422786286653,39.07532501220703,True
motor_fault,A6_hocbf_train_seed_4,50068,-99.01168178756213,250,False,0.3007811843853474,4.37121804550632,22.865467071533203,True
motor_fault,A6_hocbf_train_seed_4,50069,-174.3392552817003,250,False,0.4750021130611779,5.048935529943304,40.0,True
motor_fault,A6_hocbf_train_seed_4,50070,-267.63699933329696,250,False,0.9395071193621839,5.038779947138688,29.517593383789062,True
motor_fault,A6_hocbf_train_seed_4,50071,-109.35684884014792,250,False,0.2985897114724658,3.1419983953102033,40.0,True
motor_fault,A6_hocbf_train_seed_4,50072,-178.50227538298162,250,False,0.18359944051487231,5.730125199994509,40.0,True
motor_fault,A6_hocbf_train_seed_4,50073,-244.84544649897057,250,False,0.645147813766611,5.625382498481327,40.0,True
motor_fault,A6_hocbf_train_seed_4,50074,-355.35766723036727,250,False,1.3103389561044683,4.669902368088018,31.64210319519043,True
motor_fault,A6_hocbf_train_seed_4,50075,-374.5911883940173,250,False,1.2303683987013403,8.251471726454318,40.0,True
motor_fault,A6_hocbf_train_seed_4,50076,-127.2789629839671,39,False,2.027653365148524,11.03054644279548,40.0,True
motor_fault,A6_hocbf_train_seed_4,50077,-105.36471824443575,250,False,0.2436442604625934,8.24224417069426,40.0,True
motor_fault,A6_hocbf_train_seed_4,50078,-417.7052565544864,250,False,0.21094721263257213,5.974791201161703,40.0,True
motor_fault,A6_hocbf_train_seed_4,50079,-342.68236720344265,250,False,0.520554991208456,5.937719460869215,40.0,True
motor_fault,A6_hocbf_train_seed_4,50080,-208.6386611139361,250,False,0.42878645884063066,6.930700977901991,40.0,True
motor_fault,A6_hocbf_train_seed_4,50081,-140.5056612932765,250,False,0.34894698279595227,5.153190144581319,40.0,True
motor_fault,A6_hocbf_train_seed_4,50082,-83.02954994737405,250,False,0.18289042175383913,6.346373572991664,40.0,True
motor_fault,A6_hocbf_train_seed_4,50083,-95.30322128451661,94,True,0.028574404652538157,7.523282683129106,40.0,True
motor_fault,A6_hocbf_train_seed_4,50084,-87.56624320533987,250,False,0.1815395597683971,2.433047353852445,40.0,True
motor_fault,A6_hocbf_train_seed_4,50085,-185.77841161006302,250,False,0.27614833345566847,5.785721991887031,40.0,True
motor_fault,A6_hocbf_train_seed_4,50086,-72.0796121841353,59,True,0.01247961556590742,6.667938951012733,40.0,True
motor_fault,A6_hocbf_train_seed_4,50087,-340.21703075748115,250,False,1.2269577238829321,3.5931054152337096,40.0,True
motor_fault,A6_hocbf_train_seed_4,50088,-260.9905120057643,250,False,0.7301949448435304,5.839229278052887,40.0,True
motor_fault,A6_hocbf_train_seed_4,50089,-200.9841802770776,250,False,0.6176909642663283,5.298308238045366,40.0,True
motor_fault,A6_hocbf_train_seed_4,50090,-228.3010408343402,250,False,0.6173844259225649,3.9328657697600353,40.0,True
motor_fault,A6_hocbf_train_seed_4,50091,-211.0482112099893,250,False,0.2872114967807314,6.986492388356112,40.0,True
motor_fault,A6_hocbf_train_seed_4,50092,-312.7826549626114,250,False,1.0153742561092114,8.992815493725987,40.0,True
motor_fault,A6_hocbf_train_seed_4,50093,-372.9460259546368,250,False,0.9104428796445557,10.170688195419292,40.0,True
motor_fault,A6_hocbf_train_seed_4,50094,-272.6072057305748,250,False,0.9457899351766259,3.347328461260249,38.67412567138672,True
motor_fault,A6_hocbf_train_seed_4,50095,-256.01701496160916,250,False,0.9845688566572851,3.6555186509428976,38.11996078491211,True
motor_fault,A6_hocbf_train_seed_4,50096,-357.4987658735718,250,False,1.1070215278490165,3.4194772604411168,40.0,True
motor_fault,A6_hocbf_train_seed_4,50097,-331.9634050859955,250,False,1.1433776824775006,8.190307658015621,40.0,True
motor_fault,A6_hocbf_train_seed_4,50098,-101.72398478257665,69,True,0.049597929998927204,5.636575252943032,40.0,True
motor_fault,A6_hocbf_train_seed_4,50099,-94.64922515035296,44,False,1.7926715469015253,11.58650610811088,40.0,True
