policy,training_seed,ensemble_seed,episode_seed,attempted_pairs,retained_pairs,excluded_nonfinite_pairs,terminated,truncated,qualifies,zero_variance,spearman_rho,uncertainty_median,error_median
A2,0,0,60000,58,58,0,True,False,True,False,-0.29065797163862317,5.333783815106743,9.784455155543968
A2,0,0,60001,68,68,0,True,False,True,False,0.8465854868878114,5.976005845398564,9.02439121766103
A2,0,0,60002,250,250,0,False,True,True,False,0.017213075409206545,5.953219821068311,15.316950605180041
A2,0,0,60003,56,56,0,True,False,True,False,0.4457279562542721,5.524846710216108,7.4927585584186165
A2,0,0,60004,250,250,0,False,True,True,False,0.11750497625039193,2.348376294393711,10.673971930218976
A2,0,0,60005,63,63,0,True,False,True,False,0.3412058371735791,3.1751274079095704,38.21181797613734
A2,0,0,60006,95,95,0,True,False,True,False,0.3581466965285554,6.0077631248639465,4.425837810577492
A2,0,0,60007,250,250,0,False,True,True,False,0.868719051504824,3.802523089017912,1.5999666484543056
A2,0,0,60008,68,68,0,True,False,True,False,0.15333816849257548,3.3343527809246716,10.01127440093942
A2,0,0,60009,60,60,0,True,False,True,False,0.5056960266740762,3.9441384812480234,10.228554298885541
A2,0,0,60010,250,250,0,False,True,True,False,-0.6891575657048478,5.488289270770116,4.0848588495686435
A2,0,0,60011,43,43,0,True,False,True,False,0.4858048927816369,3.6341459323145604,19.203008243242344
A2,0,0,60012,51,51,0,True,False,True,False,0.15221719457013572,2.95012737329969,12.632777245734635
A2,0,0,60013,250,250,0,False,True,True,False,0.5905691096957694,3.395679708963888,11.358820315914938
A2,0,0,60014,250,250,0,False,True,True,False,0.25011337807593614,2.8820915801047446,11.612579668291078
A2,0,0,60015,78,78,0,True,False,True,False,0.294452383059978,4.717598887340223,14.83628461561163
A2,0,0,60016,250,250,0,False,True,True,False,0.07891748667978687,2.770029972983221,10.072674818269526
A2,0,0,60017,98,98,0,True,False,True,False,0.11706163252555003,4.633577959537659,6.881708566032989
A2,0,0,60018,250,250,0,False,True,True,False,0.06376767628282053,5.756259137453972,13.701311251983089
A2,0,0,60019,70,70,0,True,False,True,False,0.6680255445717784,6.0230088676082385,4.525877644481622
A2,0,0,60020,45,45,0,True,False,True,False,0.23320158102766794,5.448002292448081,6.25045560285004
A2,0,0,60021,250,250,0,False,True,True,False,-0.5330303265365144,3.8507438080331298,3.7812566579150593
A2,0,0,60022,88,88,0,True,False,True,False,0.7429643196787715,4.770735287074336,9.646960822860784
A2,0,0,60023,250,250,0,False,True,True,False,0.39352794180917344,2.7206617911714464,1.005576631743267
A2,0,0,60024,250,250,0,False,True,True,False,-0.22848480775692412,3.683598486453454,2.9572570123506114
A2,0,0,60025,71,71,0,True,False,True,False,0.25080482897384304,4.445759443081687,11.952917269162972
A2,0,0,60026,27,27,0,True,False,True,False,-0.05372405372405373,3.4857921851812868,1.7564781998643644
A2,0,0,60027,46,46,0,True,False,True,False,0.3987049028677151,4.164107207093926,4.476500326934788
A2,0,0,60028,36,36,0,True,False,True,False,0.01698841698841699,3.833265765449791,9.41627555596795
A2,0,0,60029,226,226,0,True,False,True,False,0.029537509908645537,5.686858016939827,10.49533524829142
A2,0,0,60030,250,250,0,False,True,True,False,-0.337353001845532,4.629855364462442,4.1921755933656435
A2,0,0,60031,250,250,0,False,True,True,False,0.19229606873709978,2.9956983845379073,18.92873592420832
A2,0,0,60032,77,77,0,True,False,True,False,0.22698354277301644,5.288222005146463,13.79534905600521
A2,0,0,60033,66,66,0,True,False,True,False,0.3723410917440769,4.575006098805211,9.572521193901958
A2,0,0,60034,58,58,0,True,False,True,False,0.26469593035774713,3.3872583788554786,8.59598400595899
A2,0,0,60035,67,67,0,True,False,True,False,-0.005108149094101685,4.492566088589405,8.497329267066037
A2,0,0,60036,95,95,0,True,False,True,False,0.41370380739081747,4.45529984148782,14.38135944310704
A2,0,0,60037,250,250,0,False,True,True,False,-0.02449613593817501,4.93960836569549,4.735523621781697
A2,0,0,60038,250,250,0,False,True,True,False,-0.4306302500840013,4.575825864350914,4.519956391946113
A2,0,0,60039,250,250,0,False,True,True,False,-0.19118393330905512,5.121831007741568,1.0599426247780526
A2,0,0,60040,250,250,0,False,True,True,False,-0.5667865405846493,4.2389531855067535,9.251976431999818
A2,0,0,60041,250,250,0,False,True,True,False,-0.08147675955872292,1.6653700279838128,6.734320576110642
A2,0,0,60042,250,250,0,False,True,True,False,-0.20829914078625256,2.5959681788704128,5.031108666133276
A2,0,0,60043,72,72,0,True,False,True,False,0.23306965078140077,3.95593250090773,14.14393923022493
A2,0,0,60044,53,53,0,True,False,True,False,0.6258667956781164,2.597057442992578,20.06473161704604
A2,0,0,60045,250,250,0,False,True,True,False,0.058852793331664134,4.234603105238602,1.7685950129466566
A2,0,0,60046,80,80,0,True,False,True,False,0.5988279418659166,6.188215246086734,10.436660995369653
A2,0,0,60047,42,42,0,True,False,True,False,0.5055506036787943,5.852195106225192,6.0220478887444004
A2,0,0,60048,250,250,0,False,True,True,False,0.13128212572018205,3.17674786902289,7.960190914613792
A2,0,0,60049,250,250,0,False,True,True,False,-0.02215293044688715,3.098313806110318,10.171419674335874
A2,0,0,60050,250,250,0,False,True,True,False,-0.5704279599807481,4.712751851974032,2.9045457872925917
A2,0,0,60051,250,250,0,False,True,True,False,0.5459400726983314,3.4489599553336325,12.66162593361123
A2,0,0,60052,250,250,0,False,True,True,False,-0.30634181145952794,5.7906109885470824,5.917682440205289
A2,0,0,60053,250,250,0,False,True,True,False,-0.06235530168482695,2.337312283469259,13.856181994807901
A2,0,0,60054,95,95,0,True,False,True,False,0.39762038073908174,5.730847657259368,13.01084394473013
A2,0,0,60055,250,250,0,False,True,True,False,0.26517966687467,5.0833587976802015,14.201779890249458
A2,0,0,60056,250,250,0,False,True,True,False,-0.272057770336025,4.771987931466985,3.2679926275612514
A2,0,0,60057,105,105,0,True,False,True,False,0.3284677586564379,3.5408371572716457,18.491443651020717
A2,0,0,60058,110,110,0,True,False,True,False,0.43500664968554875,2.845543780204556,9.040891496765884
A2,0,0,60059,51,51,0,True,False,True,False,0.4701357466063348,5.346929431882835,7.994940849066496
A2,0,0,60060,117,117,0,True,False,True,False,-0.34632618501700907,10.69032058974368,35.74094803020472
A2,0,0,60061,49,49,0,True,False,True,False,-0.17510204081632652,3.814062680816451,16.9878476006162
A2,0,0,60062,250,250,0,False,True,True,False,0.3374784884516912,2.7633031744082595,0.39759020822620605
A2,0,0,60063,103,103,0,True,False,True,False,0.16389535649958267,4.863781367301175,3.98244886593821
A2,0,0,60064,41,41,0,True,False,True,False,-0.10452961672473869,4.22215437006329,9.438326115050437
A2,0,0,60065,250,250,0,False,True,True,False,0.3761175196407923,3.7510750040382757,1.229650515880996
A2,0,0,60066,250,250,0,False,True,True,False,0.42893601497623957,5.553039638791961,3.2642535111742434
A2,0,0,60067,84,84,0,True,False,True,False,-0.033431203806823934,2.5816559441412026,8.195439209378161
A2,0,0,60068,74,74,0,True,False,True,False,0.40271010736764146,4.617430821138318,11.748096042200402
A2,0,0,60069,250,250,0,False,True,True,False,-0.6655198963183411,4.729968838184455,6.3966876104623696
A2,0,0,60070,250,250,0,False,True,True,False,-0.9421195219123506,3.299053018763002,10.993231810010172
A2,0,0,60071,250,250,0,False,True,True,False,0.042448904984869515,3.6473736179208016,5.445348989286186
A2,0,0,60072,250,250,0,False,True,True,False,-0.24539494943502577,1.761878791196553,7.564969630028759
A2,0,0,60073,35,35,0,True,False,True,False,0.723529411764706,3.49372228181316,4.4830719798937775
A2,0,0,60074,60,60,0,True,False,True,False,0.47685468185607127,5.356031640785784,10.456398034552674
A2,0,0,60075,250,250,0,False,True,True,False,-0.2026298296970441,4.0253393002336875,2.9258735244207688
A2,0,0,60076,59,59,0,True,False,True,False,0.184979544126242,4.362518372745164,2.858983089638311
A2,0,0,60077,68,68,0,True,False,True,False,0.3337405046379356,4.500768521821524,16.80971428042644
A2,0,0,60078,250,250,0,False,True,True,False,0.01101790640194066,3.319511729317834,4.786218853896432
A2,0,0,60079,63,63,0,True,False,True,False,0.7292626728110599,5.782194370773413,6.71818549278397
A2,0,0,60080,250,250,0,False,True,True,False,-0.028964431430902892,3.0080203885821755,13.204772685074271
A2,0,0,60081,250,250,0,False,True,True,False,0.8133430614889837,3.80884548740699,4.784881913477092
A2,0,0,60082,44,44,0,True,False,True,False,-0.2641296687808316,3.0232154402676006,14.551467305194857
A2,0,0,60083,57,57,0,True,False,True,False,0.38494944257194713,2.7649465574312773,9.664262562486194
A2,0,0,60084,250,250,0,False,True,True,False,-0.445386838189411,2.103362599443229,17.162704670734747
A2,0,0,60085,37,37,0,True,False,True,False,0.1872925557136083,3.5527958838532427,16.9708117089903
A2,0,0,60086,250,250,0,False,True,True,False,0.5417145955548468,2.0406111811728427,4.312872734105726
A2,0,0,60087,250,250,0,False,True,True,False,-0.1620325445207123,5.127286172599071,1.6778281811610003
A2,0,0,60088,66,66,0,True,False,True,False,0.46698674459868506,5.651122212691013,13.403487156145998
A2,0,0,60089,250,250,0,False,True,True,False,0.15085566169058703,4.234412189594041,14.379572794937902
A2,0,0,60090,250,250,0,False,True,True,False,-0.099275340892495,4.509380078351744,6.619802395868911
A2,0,0,60091,250,250,0,False,True,True,False,-0.0389122450768726,3.093028828765198,2.7118188281821087
A2,0,0,60092,89,89,0,True,False,True,False,0.02102485529451822,5.124942372966646,11.045529203627181
A2,0,0,60093,57,57,0,True,False,True,False,0.582966035779103,2.6994836171134966,8.077646592141916
A2,0,0,60094,37,37,0,True,False,True,False,0.9357515410146988,4.194625513554127,6.794745833676262
A2,0,0,60095,250,250,0,False,True,True,False,0.08860596169538712,3.3728325282898552,8.909805940471447
A2,0,0,60096,37,37,0,True,False,True,False,-0.29753437648174486,3.6954132452393957,13.238544386152869
A2,0,0,60097,250,250,0,False,True,True,False,0.3172954447271156,2.9247107366157814,0.7263839561554282
A2,0,0,60098,39,39,0,True,False,True,False,-0.3631578947368421,3.8284370907050334,10.344581647003395
A2,0,0,60099,45,45,0,True,False,True,False,0.09393939393939392,5.418638081370817,10.938115234312157
A2,1,1,60000,250,250,0,False,True,True,False,0.23947736763788222,6.354312895414646,6.677234541868424
A2,1,1,60001,82,82,0,True,False,True,False,0.7370294184869559,6.489939026876274,6.2397672135347895
A2,1,1,60002,87,87,0,True,False,True,False,0.34883720930232553,5.929524986608693,30.80708494291969
A2,1,1,60003,61,61,0,True,False,True,False,0.2881015335801163,5.546545371333057,11.15512603562359
A2,1,1,60004,69,69,0,True,False,True,False,0.4987943003288272,3.621885773005968,18.562855820121758
A2,1,1,60005,71,71,0,True,False,True,False,0.12065727699530515,4.601196380854867,24.66846822815736
A2,1,1,60006,65,65,0,True,False,True,False,0.6636800699300699,6.131385886202377,13.872875379955495
A2,1,1,60007,69,69,0,True,False,True,False,0.22506393861892587,9.162479047671257,22.21809996644845
A2,1,1,60008,250,250,0,False,True,True,False,-0.13265772029332606,3.9932076261163534,4.00592510855307
A2,1,1,60009,56,56,0,True,False,True,False,0.6747778537252221,5.553322291924225,10.427458474009104
A2,1,1,60010,250,250,0,False,True,True,False,0.7703866892454337,4.873277039691807,5.744550701471578
A2,1,1,60011,22,22,0,True,False,True,False,0.751552795031056,4.542144586014353,22.845051246788437
A2,1,1,60012,250,250,0,False,True,True,False,0.08075481916319953,1.5580979179902337,5.046396189095545
A2,1,1,60013,63,63,0,True,False,True,False,0.34350998463901694,3.593051419486936,10.712289440660149
A2,1,1,60014,42,42,0,True,False,True,False,0.7813791426950816,2.5106500987460025,3.3585798557474433
A2,1,1,60015,72,72,0,True,False,True,False,0.5603575792655477,4.6131602909468254,20.698113584149773
A2,1,1,60016,250,250,0,False,True,True,False,-0.23698649502059754,1.5928418209238324,1.1112117233257464
A2,1,1,60017,250,250,0,False,True,True,False,0.5969678874861998,6.336387371898316,7.340036138478453
A2,1,1,60018,65,65,0,True,False,True,False,0.6316870629370629,6.065227391014141,19.285908832127298
A2,1,1,60019,62,62,0,True,False,True,False,0.7157462667774672,7.049901027829611,4.9328302417443854
A2,1,1,60020,51,51,0,True,False,True,False,0.5582805429864254,5.5303920450668,6.260347173449409
A2,1,1,60021,250,250,0,False,True,True,False,0.43189363029808475,2.6411510740695983,3.3544765378061383
A2,1,1,60022,250,250,0,False,True,True,False,0.5782337637402197,6.1876324331858665,2.731328051608303
A2,1,1,60023,50,50,0,True,False,True,False,-0.16475390156062425,3.9059721021914005,99.58932384683752
A2,1,1,60024,84,84,0,True,False,True,False,0.6789510985116939,3.89043786700647,13.681957741736344
A2,1,1,60025,250,250,0,False,True,True,False,-0.1756079297268756,4.0870757443303445,14.338552185434889
A2,1,1,60026,34,34,0,True,False,True,False,-0.19938884644766997,5.285857248720108,5.88720088782553
A2,1,1,60027,41,41,0,True,False,True,False,0.41689895470383287,3.3711957959794026,5.894704878067937
A2,1,1,60028,250,250,0,False,True,True,False,0.022318821101137618,3.0222612302174494,5.098377092450836
A2,1,1,60029,74,74,0,True,False,True,False,0.006738245094409476,5.795812370223036,17.732732798790526
A2,1,1,60030,65,65,0,True,False,True,False,0.6403409090909091,3.618794679055971,7.174147834032626
A2,1,1,60031,250,250,0,False,True,True,False,-0.11168483817490689,4.010633432724131,4.3107369029376255
A2,1,1,60032,250,250,0,False,True,True,False,0.0036492103873661972,3.0754181143196746,13.043646847482218
A2,1,1,60033,72,72,0,True,False,True,False,0.24532124252363502,5.611816933027793,14.083327032446785
A2,1,1,60034,57,57,0,True,False,True,False,0.42857142857142866,4.6933923558036,6.8601440487655045
A2,1,1,60035,90,90,0,True,False,True,False,0.23630077787381157,4.154991924915109,11.154498788606087
A2,1,1,60036,250,250,0,False,True,True,False,0.01962348574348152,4.108029343878071,7.786862819613746
A2,1,1,60037,250,250,0,False,True,True,False,0.32129345607200793,6.2580746359836645,1.9279341997795316
A2,1,1,60038,250,250,0,False,True,True,False,0.4551129137359559,5.5323282945205605,6.871786972175279
A2,1,1,60039,250,250,0,False,True,True,False,0.48982095713531415,4.581650214109262,8.12322624386305
A2,1,1,60040,250,250,0,False,True,True,False,-0.04339999039984639,3.278524461237141,1.8298368177438769
A2,1,1,60041,250,250,0,False,True,True,False,-0.406233649735264,2.4643286128610056,3.5841443033468385
A2,1,1,60042,49,49,0,True,False,True,False,0.5993877551020408,3.751506735247867,9.626471232747901
A2,1,1,60043,250,250,0,False,True,True,False,0.09439832849773676,3.572492512215063,1.3163816992036246
A2,1,1,60044,49,49,0,True,False,True,False,0.775204081632653,2.9810185149762085,20.843534680018056
A2,1,1,60045,94,94,0,True,False,True,False,0.694122746812123,6.574880748457581,4.790113543143319
A2,1,1,60046,69,69,0,True,False,True,False,0.6439166971136282,8.00760712242804,17.79211737527116
A2,1,1,60047,52,52,0,True,False,True,False,0.423119610688978,5.1494466400454755,5.961188046588571
A2,1,1,60048,250,250,0,False,True,True,False,-0.2543517058050476,1.809456029841836,2.3515099975839395
A2,1,1,60049,36,36,0,True,False,True,False,0.2555984555984556,3.987061822677558,11.718485857123225
A2,1,1,60050,48,48,0,True,False,True,False,-0.18193660442900564,3.8067166264594072,10.907275786716603
A2,1,1,60051,80,80,0,True,False,True,False,0.13823253633380217,2.5635472363117877,9.849484464850327
A2,1,1,60052,250,250,0,False,True,True,False,0.7937257236115778,5.225247712132971,4.527314487884148
A2,1,1,60053,49,49,0,True,False,True,False,0.34673469387755096,2.205449745083391,14.54806162371749
A2,1,1,60054,250,250,0,False,True,True,False,0.2988823501176019,4.326661663147955,18.487495667995738
A2,1,1,60055,250,250,0,False,True,True,False,0.6503977343637498,4.008812939298966,18.551923442497653
A2,1,1,60056,57,57,0,True,False,True,False,0.29232564169043296,5.1562099853521755,7.729260474434825
A2,1,1,60057,250,250,0,False,True,True,False,0.4275912254596073,3.4474639909120275,12.761263199575858
A2,1,1,60058,88,88,0,True,False,True,False,0.6231552252474377,2.8930287042368383,6.60448774083202
A2,1,1,60059,250,250,0,False,True,True,False,-0.040397993252929226,5.160345270095211,8.893427391568613
A2,1,1,60060,123,123,0,True,False,True,False,0.5015993602558977,8.665861896005822,25.806885469721607
A2,1,1,60061,31,31,0,True,False,True,False,0.5116935483870968,4.312703657955517,37.345833458295516
A2,1,1,60062,250,250,0,False,True,True,False,-0.033418531529223035,3.9419630722659673,1.3618888616639209
A2,1,1,60063,69,69,0,True,False,True,False,0.38045305078553165,3.9215902680705703,8.493951114514639
A2,1,1,60064,40,40,0,True,False,True,False,-0.6926829268292684,5.745809067883912,7.497178966743938
A2,1,1,60065,66,66,0,True,False,True,False,0.8188915562049891,7.663399381141068,13.252559454576993
A2,1,1,60066,99,99,0,True,False,True,False,0.2825602968460111,4.068372716350963,4.508591642551521
A2,1,1,60067,69,69,0,True,False,True,False,0.45104128607964933,3.4460283978926456,7.739746121071871
A2,1,1,60068,85,85,0,True,False,True,False,0.432577682235685,5.623359197471612,12.786835644918911
A2,1,1,60069,72,72,0,True,False,True,False,0.12325551482410445,5.733378402415097,5.134309091288338
A2,1,1,60070,74,74,0,True,False,True,False,0.14396149574231762,3.464393286229181,7.917384588581692
A2,1,1,60071,65,65,0,True,False,True,False,0.47167832167832163,3.3596091956472436,2.428650256092022
A2,1,1,60072,250,250,0,False,True,True,False,0.18617662752348263,1.5056686153099346,0.4779299918753005
A2,1,1,60073,250,250,0,False,True,True,False,0.1789413779162142,3.436141932744003,5.34263687342478
A2,1,1,60074,67,67,0,True,False,True,False,0.4557426769893847,6.007078510923026,12.648896860515467
A2,1,1,60075,250,250,0,False,True,True,False,0.7148160543015644,5.734940807164133,2.6876127525788465
A2,1,1,60076,58,58,0,True,False,True,False,0.6492048355839921,4.704741915374177,8.362417345041518
A2,1,1,60077,62,62,0,True,False,True,False,0.5264284455188739,5.915298789367191,9.292155053036183
A2,1,1,60078,77,77,0,True,False,True,False,0.5892002734107997,2.9551157077017147,8.715053315145173
A2,1,1,60079,67,67,0,True,False,True,False,0.5896320536355656,7.231401471684658,8.183389054454421
A2,1,1,60080,86,86,0,True,False,True,False,0.44331336383791686,4.2371704019004115,12.771403707789517
A2,1,1,60081,250,250,0,False,True,True,False,0.5653434454951279,4.987811547920408,5.2490102224036175
A2,1,1,60082,250,250,0,False,True,True,False,0.5543298717092929,1.6207772591390777,7.345465066436484
A2,1,1,60083,70,70,0,True,False,True,False,0.6828623917417548,4.677286235379095,11.226529888959242
A2,1,1,60084,74,74,0,True,False,True,False,0.5600444279896334,3.3102611492684613,15.266958388167712
A2,1,1,60085,37,37,0,True,False,True,False,0.16216216216216214,6.700992380482358,14.672245795340698
A2,1,1,60086,59,59,0,True,False,True,False,0.38492109877264763,3.351279453363014,10.189524244111292
A2,1,1,60087,75,75,0,True,False,True,False,0.46694167852062585,4.046184267966721,6.273645007136274
A2,1,1,60088,250,250,0,False,True,True,False,0.024770321081039395,4.219208232634867,14.874641598782038
A2,1,1,60089,250,250,0,False,True,True,False,0.025735707771324338,5.18250313220957,8.068078202255045
A2,1,1,60090,50,50,0,True,False,True,False,0.22429771908763504,3.858562623514789,14.61739380611154
A2,1,1,60091,60,60,0,True,False,True,False,0.7638232842456241,3.253974482518519,13.781896404591789
A2,1,1,60092,250,250,0,False,True,True,False,0.15719345000098442,6.223133485309033,5.32872822556737
A2,1,1,60093,51,51,0,True,False,True,False,0.7712217194570135,3.7963036458247514,8.415643269709998
A2,1,1,60094,37,37,0,True,False,True,False,0.810099573257468,3.3799688797280205,7.624246248707073
A2,1,1,60095,94,94,0,True,False,True,False,0.04767546869920168,4.365372599874599,10.049202888064254
A2,1,1,60096,35,35,0,True,False,True,False,0.054061624649859946,5.844317935247482,11.774779093464366
A2,1,1,60097,250,250,0,False,True,True,False,-0.007193587097393557,4.277400693130791,0.33320701133252073
A2,1,1,60098,47,47,0,True,False,True,False,0.35777058279370955,4.7533351300826485,8.287833601620896
A2,1,1,60099,67,67,0,True,False,True,False,0.44085721126985394,3.9126511796705667,14.486320350230255
A2,2,2,60000,250,250,0,False,True,True,False,0.3203121969951519,4.305918984891971,7.887666894956407
A2,2,2,60001,250,250,0,False,True,True,False,0.29810588969423507,8.333416918968055,9.334547071773663
A2,2,2,60002,250,250,0,False,True,True,False,0.6112590601449622,8.800375864623073,29.447102206517073
A2,2,2,60003,67,67,0,True,False,True,False,-0.23896559980844442,7.579341786918536,19.235109471434036
A2,2,2,60004,66,66,0,True,False,True,False,0.1968270535434715,6.50912295217614,25.848371619036065
A2,2,2,60005,82,82,0,True,False,True,False,0.22993872509006216,6.33001341825657,29.827177416353337
A2,2,2,60006,250,250,0,False,True,True,False,0.8058249891998271,7.801755315951092,19.750802187017626
A2,2,2,60007,250,250,0,False,True,True,False,0.21220601929630872,8.971631917265633,10.278894819706217
A2,2,2,60008,66,66,0,True,False,True,False,0.1149984344014195,3.962534326685608,8.914656659422645
A2,2,2,60009,250,250,0,False,True,True,False,0.4400376326021216,3.340309817064867,5.02591598639413
A2,2,2,60010,250,250,0,False,True,True,False,0.769269908318533,7.99960963710358,14.205409372439027
A2,2,2,60011,32,32,0,True,False,True,False,-0.13673020527859234,4.229640757273664,28.541993039542387
A2,2,2,60012,250,250,0,False,True,True,False,0.09988444965476664,2.875975781252082,3.596798729947353
A2,2,2,60013,111,111,0,True,False,True,False,-0.4042295542295542,4.007674567317136,8.426603462629336
A2,2,2,60014,250,250,0,False,True,True,False,0.07311745787932607,4.127919771645404,13.254114915133005
A2,2,2,60015,77,77,0,True,False,True,False,0.3903990746096009,7.441846572225199,24.400309839115547
A2,2,2,60016,250,250,0,False,True,True,False,-0.025063697019152304,4.15692212434472,13.689819165761017
A2,2,2,60017,250,250,0,False,True,True,False,0.20516651125855048,6.6927388549221885,9.08626694497703
A2,2,2,60018,250,250,0,False,True,True,False,0.527111915818335,7.996701723456506,17.666488568870886
A2,2,2,60019,250,250,0,False,True,True,False,0.5201137656821034,7.642253552815292,10.8254502110583
A2,2,2,60020,53,53,0,True,False,True,False,-0.14328334139654894,6.980597805561936,16.197322899610256
A2,2,2,60021,250,250,0,False,True,True,False,0.6138237342053497,3.6917642716791317,4.939671508867432
A2,2,2,60022,250,250,0,False,True,True,False,0.7076922190755052,6.596078863817592,10.208624059579765
A2,2,2,60023,250,250,0,False,True,True,False,-0.033312917006672105,3.787450673467138,53.690461751268145
A2,2,2,60024,250,250,0,False,True,True,False,0.5875689531032495,3.7187957806028225,4.596268080654379
A2,2,2,60025,250,250,0,False,True,True,False,0.15148025927375366,5.619814998862557,16.367718506183166
A2,2,2,60026,45,45,0,True,False,True,False,0.6563899868247695,4.363297107333713,4.7905803161703195
A2,2,2,60027,69,69,0,True,False,True,False,-0.2819145049324078,6.742288044364121,9.443497241489657
A2,2,2,60028,39,39,0,True,False,True,False,-0.1665991902834008,3.813737950762212,13.180982738241145
A2,2,2,60029,102,102,0,True,False,True,False,0.6915821793487172,8.490963434690565,23.55588117460472
A2,2,2,60030,250,250,0,False,True,True,False,0.5095104881678106,7.725078087654124,12.569048188383789
A2,2,2,60031,250,250,0,False,True,True,False,0.3350902894446311,5.657428490651778,7.710219379088937
A2,2,2,60032,250,250,0,False,True,True,False,0.2915125042000672,6.803141256845181,15.852475267873908
A2,2,2,60033,72,72,0,True,False,True,False,0.5306129011511995,6.866509602872263,16.780676177274657
A2,2,2,60034,79,79,0,True,False,True,False,-0.11594449853943527,4.285803441509937,5.70776608923938
A2,2,2,60035,250,250,0,False,True,True,False,0.7601935253217109,5.450640849473304,14.799375539362153
A2,2,2,60036,250,250,0,False,True,True,False,0.2784232707723323,3.8384714744803343,5.7910662375060795
A2,2,2,60037,250,250,0,False,True,True,False,0.8805372245955936,6.990539038873543,12.212436899605414
A2,2,2,60038,250,250,0,False,True,True,False,0.39304449671194736,4.439636813087574,8.727765788108428
A2,2,2,60039,59,59,0,True,False,True,False,-0.04038573933372297,8.320812699090364,19.29728882564033
A2,2,2,60040,73,73,0,True,False,True,False,0.02202887819326176,4.082805200806975,6.120383480448071
A2,2,2,60041,61,61,0,True,False,True,False,0.49894235854045466,3.468627086205085,6.343406072341328
A2,2,2,60042,250,250,0,False,True,True,False,0.12354005871430232,3.325183849761129,4.949713156947496
A2,2,2,60043,82,82,0,True,False,True,False,-0.2394510290484431,3.4605400397539716,9.750251686047921
A2,2,2,60044,250,250,0,False,True,True,False,0.07103537656602506,8.684352551851788,39.211657296161476
A2,2,2,60045,70,70,0,True,False,True,False,0.6693202694427434,8.169272399020196,20.186598453784015
A2,2,2,60046,250,250,0,False,True,True,False,0.769438103009648,7.726984763259033,19.565071395898286
A2,2,2,60047,59,59,0,True,False,True,False,-0.36253652834599653,7.117612717141042,14.352148178747527
A2,2,2,60048,250,250,0,False,True,True,False,-0.1740872653962463,4.075287862706265,16.688010077939406
A2,2,2,60049,250,250,0,False,True,True,False,0.07422800364805836,3.3427763802751587,10.695114386641574
A2,2,2,60050,250,250,0,False,True,True,False,0.7180688331013296,7.8659267073090815,16.128566492576894
A2,2,2,60051,67,67,0,True,False,True,False,-0.0879559422140634,3.38144438269983,13.600693939966638
A2,2,2,60052,250,250,0,False,True,True,False,0.7228769183850452,7.921064904204261,14.939402775354786
A2,2,2,60053,95,95,0,True,False,True,False,0.10361142217245242,4.039987442406849,16.767191349520395
A2,2,2,60054,250,250,0,False,True,True,False,0.7000266884270148,8.756086479827339,22.155322791579955
A2,2,2,60055,113,113,0,True,False,True,False,0.3317253310266818,8.350035415794158,21.30323405173662
A2,2,2,60056,58,58,0,True,False,True,False,-0.19449998461964382,8.046699252847432,18.088642733359993
A2,2,2,60057,250,250,0,False,True,True,False,-0.26753823261172177,4.142327282353293,14.731235475399831
A2,2,2,60058,250,250,0,False,True,True,False,0.23764489031824507,3.134897478432271,3.804453617766969
A2,2,2,60059,54,54,0,True,False,True,False,0.5444253859348198,7.739891124618444,18.765874879624455
A2,2,2,60060,91,91,0,True,False,True,False,0.057079152731326646,6.8634337582169085,39.03577103985336
A2,2,2,60061,250,250,0,False,True,True,False,-0.09535602169634713,5.389094613145938,18.350300131924108
A2,2,2,60062,76,76,0,True,False,True,False,0.6311414900888586,3.8133833831108395,5.865945149950752
A2,2,2,60063,64,64,0,True,False,True,False,0.7397435897435898,6.696120329957884,23.115027735204748
A2,2,2,60064,34,34,0,True,False,True,False,0.10710466004583649,4.120199105472534,9.216542079498069
A2,2,2,60065,250,250,0,False,True,True,False,0.32429818077089234,8.117883304490048,9.281074781120175
A2,2,2,60066,250,250,0,False,True,True,False,0.7157293058704804,7.322322088048562,19.026226046008205
A2,2,2,60067,250,250,0,False,True,True,False,-0.3873481495703931,3.13586807952579,5.712985985305977
A2,2,2,60068,106,106,0,True,False,True,False,0.22818348993626722,6.595659581033624,19.665727937948198
A2,2,2,60069,250,250,0,False,True,True,False,0.5685322325157203,4.0625048427297745,6.03136561907336
A2,2,2,60070,70,70,0,True,False,True,False,0.5291750503018109,3.0817012752781854,5.929908671334775
A2,2,2,60071,250,250,0,False,True,True,False,0.4808259972159554,4.164663723232835,1.8481743252255973
A2,2,2,60072,250,250,0,False,True,True,False,0.8058536405540825,2.951751260467534,2.2818626225053213
A2,2,2,60073,43,43,0,True,False,True,False,0.26230745998187854,7.153923984219627,7.534101805484567
A2,2,2,60074,77,77,0,True,False,True,False,0.129764971870235,7.10158461216283,19.84562504786895
A2,2,2,60075,62,62,0,True,False,True,False,0.44156530936012695,8.553106174039844,24.017678939689574
A2,2,2,60076,57,57,0,True,False,True,False,-0.09366087632875293,6.850311840589054,14.75298193020247
A2,2,2,60077,65,65,0,True,False,True,False,0.18282342657342657,6.964131338432199,23.9981205339193
A2,2,2,60078,250,250,0,False,True,True,False,0.07856038422423503,4.0987372232212245,0.4335733560921852
A2,2,2,60079,84,84,0,True,False,True,False,0.40587222840943615,7.813243101541021,16.125225121692825
A2,2,2,60080,80,80,0,True,False,True,False,0.6405063291139241,4.658623117161152,15.852052433996734
A2,2,2,60081,250,250,0,False,True,True,False,0.05273978783660538,9.065401052754718,10.855523841080515
A2,2,2,60082,47,47,0,True,False,True,False,0.3425069380203515,3.0779558895664616,6.073982483845198
A2,2,2,60083,61,61,0,True,False,True,False,0.6795346377578,3.4751321100111174,5.633701935934708
A2,2,2,60084,64,64,0,True,False,True,False,0.5296703296703296,3.677889544732222,15.825756734813192
A2,2,2,60085,112,112,0,True,False,True,False,0.17758909351829705,3.986396660254773,15.98774605861032
A2,2,2,60086,250,250,0,False,True,True,False,0.5003691261187175,3.062655360167434,3.0575200485126373
A2,2,2,60087,64,64,0,True,False,True,False,0.39473443223443216,7.037933992610318,21.069647694405294
A2,2,2,60088,250,250,0,False,True,True,False,0.33618087017450826,7.841302855805,16.234122720086894
A2,2,2,60089,250,250,0,False,True,True,False,0.022663658618537894,4.599784707994035,11.119241782658221
A2,2,2,60090,250,250,0,False,True,True,False,0.4131482571729977,7.545211644969671,14.782579525716935
A2,2,2,60091,59,59,0,True,False,True,False,0.5652250146113386,3.61757074960368,6.6218162849947895
A2,2,2,60092,49,49,0,True,False,True,False,0.5621428571428572,4.881085350736887,9.416938979328128
A2,2,2,60093,62,62,0,True,False,True,False,0.5959809624537282,3.627112894186034,5.276645084906928
A2,2,2,60094,54,54,0,True,False,True,False,0.3145035258242805,6.413154415972203,9.007808343442527
A2,2,2,60095,76,76,0,True,False,True,False,0.1978947368421053,5.373463857920404,19.998577947102937
A2,2,2,60096,250,250,0,False,True,True,False,0.3211977151634426,3.368814109780943,10.644141635111524
A2,2,2,60097,89,89,0,True,False,True,False,0.2675859720803542,3.6318435729989824,5.68631455922185
A2,2,2,60098,250,250,0,False,True,True,False,-0.42757356117697876,3.0073788159767654,6.952850077238688
A2,2,2,60099,43,43,0,True,False,True,False,0.38945937783147083,8.18643518067659,19.183340084712775
A2,3,3,60000,250,250,0,False,True,True,False,0.16976873229971678,4.456516626328902,5.7433283724283175
A2,3,3,60001,250,250,0,False,True,True,False,-0.004669898718379494,6.8397759934920765,0.6543612285297696
A2,3,3,60002,87,87,0,True,False,True,False,0.6533316322811109,5.472249622678241,20.025132469133414
A2,3,3,60003,59,59,0,True,False,True,False,0.09772063120981885,5.7906282037395025,6.502470330907331
A2,3,3,60004,250,250,0,False,True,True,False,0.08144817053664447,1.6320789045626567,4.946166726397744
A2,3,3,60005,76,76,0,True,False,True,False,0.038906356801093646,4.902341837792045,39.49489451451092
A2,3,3,60006,250,250,0,False,True,True,False,0.6967843140382325,5.192196550128205,3.7842109886295816
A2,3,3,60007,250,250,0,False,True,True,False,0.12055680890894253,8.196865450043514,1.9984454420176563
A2,3,3,60008,53,53,0,True,False,True,False,0.08780841799709724,4.274472629023254,6.875730978849822
A2,3,3,60009,250,250,0,False,True,True,False,-0.33697268756300097,2.999163621234893,5.314365941638943
A2,3,3,60010,250,250,0,False,True,True,False,-0.6534527551787986,4.51879613394855,3.1817310775472025
A2,3,3,60011,37,37,0,True,False,True,False,0.23636794689426266,4.290665346348302,23.86294845321694
A2,3,3,60012,45,45,0,True,False,True,False,0.1437417654808959,3.490969579074753,6.7866620482785205
A2,3,3,60013,69,69,0,True,False,True,False,0.3283156740957253,3.3223013673193185,10.116130858920902
A2,3,3,60014,250,250,0,False,True,True,False,-0.10288943687738598,3.563624879500945,3.904871908887746
A2,3,3,60015,250,250,0,False,True,True,False,0.5148811980991695,4.277680790902156,7.389576041055926
A2,3,3,60016,250,250,0,False,True,True,False,-0.120279370145597,3.3135624117876548,2.9296188373084244
A2,3,3,60017,250,250,0,False,True,True,False,0.6043077809244948,5.042573819324945,6.109721776737381
A2,3,3,60018,250,250,0,False,True,True,False,0.1687465079441271,5.355011525970436,1.4332496482710995
A2,3,3,60019,56,56,0,True,False,True,False,0.28899521531100486,6.4574280326699895,5.565615775084583
A2,3,3,60020,45,45,0,True,False,True,False,0.5274044795783925,5.122225521039795,8.859907403326046
A2,3,3,60021,250,250,0,False,True,True,False,-0.17383999881726403,3.822151682391632,2.8107027485136733
A2,3,3,60022,55,55,0,True,False,True,False,0.43261183261183267,5.929838058395053,11.48051530187547
A2,3,3,60023,250,250,0,False,True,True,False,0.31565573849181583,2.940671328266964,2.9696369061481094
A2,3,3,60024,250,250,0,False,True,True,False,-0.10146863149810395,3.5940312341447203,3.8688714276210074
A2,3,3,60025,250,250,0,False,True,True,False,0.3633754140066241,4.4858873360035965,9.116819360668615
A2,3,3,60026,64,64,0,True,False,True,False,-0.2609432234432234,3.2485932872493013,3.909253952881934
A2,3,3,60027,42,42,0,True,False,True,False,0.3339275585446885,3.259305421313475,4.0706146964614565
A2,3,3,60028,42,42,0,True,False,True,False,0.37136374686005996,3.1672621357235813,4.872396925462294
A2,3,3,60029,75,75,0,True,False,True,False,0.44694167852062594,5.358095681243703,9.762359416958635
A2,3,3,60030,250,250,0,False,True,True,False,-0.471829992403669,3.6004309148709397,3.578862094388547
A2,3,3,60031,49,49,0,True,False,True,False,0.26051020408163267,4.8723863929314275,24.489787214648896
A2,3,3,60032,250,250,0,False,True,True,False,0.4629881438103009,3.2127435954192403,8.656827150994758
A2,3,3,60033,250,250,0,False,True,True,False,0.34841914270628327,3.833967694055805,6.877181265234761
A2,3,3,60034,71,71,0,True,False,True,False,0.15667337357478203,4.244813128191539,14.774379728349658
A2,3,3,60035,250,250,0,False,True,True,False,0.601402390438247,3.386436638832792,4.201851159143784
A2,3,3,60036,250,250,0,False,True,True,False,0.15725013200211202,2.748564473103876,5.872674452661957
A2,3,3,60037,250,250,0,False,True,True,False,0.4508274372389958,5.524976474207582,4.305371528775645
A2,3,3,60038,250,250,0,False,True,True,False,-0.5780194883118129,3.683151411771598,6.624936343058605
A2,3,3,60039,250,250,0,False,True,True,False,0.4067685313094648,4.106278317876461,2.087640671424155
A2,3,3,60040,250,250,0,False,True,True,False,0.10632323717179475,2.6547937070991283,7.943395997101611
A2,3,3,60041,70,70,0,True,False,True,False,0.4050914180736594,3.3031431434311274,5.872788987777271
A2,3,3,60042,250,250,0,False,True,True,False,-0.14388286989423654,2.4670834280472334,1.262708494179913
A2,3,3,60043,87,87,0,True,False,True,False,0.10394036596923524,5.23927620557339,7.777210472423617
A2,3,3,60044,53,53,0,True,False,True,False,0.30777293984841153,5.333349466790912,35.237891301628835
A2,3,3,60045,250,250,0,False,True,True,False,0.08561842677231055,5.525348711954125,2.2433217063863315
A2,3,3,60046,60,60,0,True,False,True,False,0.6348430119477634,6.839833720626118,14.106402129072054
A2,3,3,60047,41,41,0,True,False,True,False,0.5475609756097561,5.247439218145292,12.023020719233232
A2,3,3,60048,250,250,0,False,True,True,False,-0.4856614025824412,3.259580929441855,2.771245228242473
A2,3,3,60049,97,97,0,True,False,True,False,0.12275142015569114,2.3710128909896917,7.0744072377925145
A2,3,3,60050,35,35,0,True,False,True,False,-0.4512605042016807,6.041155481385064,4.185356871945591
A2,3,3,60051,69,69,0,True,False,True,False,0.5083302886371941,2.5824950116923557,11.848887371208399
A2,3,3,60052,250,250,0,False,True,True,False,-0.2609554509335698,5.271186401055221,4.022279965569237
A2,3,3,60053,250,250,0,False,True,True,False,0.09369020304324868,2.2262975369807334,6.2174886325493155
A2,3,3,60054,250,250,0,False,True,True,False,0.2866863149810397,4.414078172398135,8.67835649104339
A2,3,3,60055,94,94,0,True,False,True,False,0.28357475707112667,4.632054772940414,16.650006803260155
A2,3,3,60056,250,250,0,False,True,True,False,0.3473078289252628,3.6708950307383876,3.8899563481802044
A2,3,3,60057,250,250,0,False,True,True,False,0.1975546825116533,2.848176667697961,9.563566314785835
A2,3,3,60058,92,92,0,True,False,True,False,0.034939814743461306,2.528743274826954,7.534443568262525
A2,3,3,60059,49,49,0,True,False,True,False,0.13204081632653059,5.806190903996151,5.414070388986198
A2,3,3,60060,128,128,0,True,False,True,False,0.5419508789598975,7.121658194703768,9.892518840942397
A2,3,3,60061,44,44,0,True,False,True,False,0.3871740662438337,4.278603659757005,28.98015842065008
A2,3,3,60062,77,77,0,True,False,True,False,-0.06727483043272516,5.490553099377585,3.2958918447978185
A2,3,3,60063,250,250,0,False,True,True,False,0.3410772339490222,4.2239419432275005,18.599521742910873
A2,3,3,60064,33,33,0,True,False,True,False,0.05046791443850268,4.141144830051632,8.697089840712541
A2,3,3,60065,250,250,0,False,True,True,False,0.2061007847552726,7.359388075288524,2.4823058818521764
A2,3,3,60066,250,250,0,False,True,True,False,0.018999523063155645,4.125076852621218,13.719246660839817
A2,3,3,60067,250,250,0,False,True,True,False,-0.6290701539039435,2.569922958236754,7.940741079050933
A2,3,3,60068,250,250,0,False,True,True,False,0.40110555368885903,2.9402064651834854,5.132425046893745
A2,3,3,60069,250,250,0,False,True,True,False,-0.05746459943359094,4.266066097168128,5.949698041490466
A2,3,3,60070,250,250,0,False,True,True,False,-0.5356904910478568,1.3227957687852787,10.263632564964642
A2,3,3,60071,60,60,0,True,False,True,False,0.24662406223951105,2.9040144874451395,3.9260914265405464
A2,3,3,60072,250,250,0,False,True,True,False,0.5912692363077809,1.5718258945954071,2.1017749839548516
A2,3,3,60073,250,250,0,False,True,True,False,-0.426844907198456,3.417689531375257,3.101221306030865
A2,3,3,60074,80,80,0,True,False,True,False,0.29024847632442574,5.533643479103414,10.697337290561972
A2,3,3,60075,54,54,0,True,False,True,False,0.12201257861635219,6.007709072910002,4.108154349029723
A2,3,3,60076,250,250,0,False,True,True,False,0.13482350872063398,3.1833708055100933,2.6494016439112427
A2,3,3,60077,250,250,0,False,True,True,False,-0.005764316229059665,3.7444559007110367,12.569147853875295
A2,3,3,60078,90,90,0,True,False,True,False,0.635296538667325,3.078100314876507,9.251755386050167
A2,3,3,60079,56,56,0,True,False,True,False,0.4395078605604922,6.15844221700965,4.354935503988969
A2,3,3,60080,250,250,0,False,True,True,False,0.1399667834685355,0.9762416635867712,11.238340438128636
A2,3,3,60081,250,250,0,False,True,True,False,-0.042915374645994334,8.157078152895775,2.524741615840827
A2,3,3,60082,42,42,0,True,False,True,False,0.0950490235799368,4.336034570386371,8.346468741980175
A2,3,3,60083,250,250,0,False,True,True,False,-0.18612852296821097,2.336683758163712,1.5414906677934093
A2,3,3,60084,62,62,0,True,False,True,False,0.5026566946186195,3.4032342324435376,12.611532882535148
A2,3,3,60085,55,55,0,True,False,True,False,0.3221500721500722,3.3717891265199023,11.369039509867582
A2,3,3,60086,60,60,0,True,False,True,False,0.3099194220616839,3.693955360099095,7.5368524542061115
A2,3,3,60087,250,250,0,False,True,True,False,0.40074881485944147,3.9976312988416285,15.895217102183
A2,3,3,60088,61,61,0,True,False,True,False,0.1427815970386039,5.38389504699249,9.467910752635278
A2,3,3,60089,22,22,0,True,False,True,False,-0.2670807453416149,3.35928590366916,5.922002884149946
A2,3,3,60090,250,250,0,False,True,True,False,-0.07000240003840061,3.0618762525427847,8.519983396618759
A2,3,3,60091,250,250,0,False,True,True,False,0.34069498994674036,4.7686039131963796,2.4070506638171834
A2,3,3,60092,49,49,0,True,False,True,False,0.44081632653061226,4.14106657021677,7.551222702273439
A2,3,3,60093,66,66,0,True,False,True,False,0.2867550360087674,3.7063422132175035,4.078963045664178
A2,3,3,60094,250,250,0,False,True,True,False,-0.3458321353310788,3.132344481357473,5.783666456440368
A2,3,3,60095,250,250,0,False,True,True,False,-0.18308943209407869,3.4252688470892085,4.159029689616807
A2,3,3,60096,31,31,0,True,False,True,False,0.19153225806451615,3.6617493534514356,7.481606721695375
A2,3,3,60097,250,250,0,False,True,True,False,0.3180342725483607,5.871577522150373,1.2816635692701805
A2,3,3,60098,250,250,0,False,True,True,False,0.022073833657692273,0.9249143006881327,8.60848217450229
A2,3,3,60099,49,49,0,True,False,True,False,0.3353061224489795,4.753702928876498,6.97563305426814
A2,4,4,60000,250,250,0,False,True,True,False,-0.03994163106609706,5.019601889868712,8.529966730766603
A2,4,4,60001,250,250,0,False,True,True,False,0.8831446263140209,5.249561693536417,8.821156595990557
A2,4,4,60002,250,250,0,False,True,True,False,0.7564126146018336,9.900384256193401,29.048396878977506
A2,4,4,60003,58,58,0,True,False,True,False,-0.02599280199329417,7.360233562429213,13.735329689053835
A2,4,4,60004,250,250,0,False,True,True,False,0.5177213075409206,4.145024534985632,6.37993409471462
A2,4,4,60005,65,65,0,True,False,True,False,0.4787150349650349,3.8414365744900505,36.8891890627924
A2,4,4,60006,250,250,0,False,True,True,False,0.7182053037191128,8.58697043200821,14.163522534574916
A2,4,4,60007,74,74,0,True,False,True,False,0.2634135505368382,8.170168944894584,24.20995787268957
A2,4,4,60008,58,58,0,True,False,True,False,0.6460057214925098,4.730760095147621,9.85387875027493
A2,4,4,60009,58,58,0,True,False,True,False,-0.21517118336460675,5.603639404442577,11.29783925666262
A2,4,4,60010,250,250,0,False,True,True,False,0.05817351747937187,7.880715567941907,7.501750950698847
A2,4,4,60011,27,27,0,True,False,True,False,0.3162393162393162,4.832075886844218,19.756893255164474
A2,4,4,60012,250,250,0,False,True,True,False,0.30119591309079263,4.354599364009745,7.66851391954311
A2,4,4,60013,62,62,0,True,False,True,False,0.5175140389312786,4.526572732081242,13.967497096347412
A2,4,4,60014,50,50,0,True,False,True,False,-0.35241296518607446,5.3079932578904145,5.082242308582131
A2,4,4,60015,250,250,0,False,True,True,False,0.6764441031056496,7.989936715582788,17.224283897150656
A2,4,4,60016,250,250,0,False,True,True,False,-0.16457082513320212,5.148401989905864,2.6008304405248572
A2,4,4,60017,250,250,0,False,True,True,False,0.7229457456560889,5.549616406701407,1.9532111226665876
A2,4,4,60018,61,61,0,True,False,True,False,0.002644103648863035,7.782586465636155,23.125531051363573
A2,4,4,60019,76,76,0,True,False,True,False,0.7749008885850992,5.697597318820151,10.295040404516907
A2,4,4,60020,46,46,0,True,False,True,False,0.28140610545790934,6.449797050388966,10.017872136175859
A2,4,4,60021,52,52,0,True,False,True,False,0.288568257491676,3.8280436328826513,1.1244475734408264
A2,4,4,60022,250,250,0,False,True,True,False,0.36227061680496736,6.286594118345154,5.319376181544399
A2,4,4,60023,50,50,0,True,False,True,False,0.1837695078031212,4.379539178477493,94.47254455074105
A2,4,4,60024,142,142,0,True,False,True,False,0.6458818376708698,4.42220767941226,3.875337734565882
A2,4,4,60025,70,70,0,True,False,True,False,0.34560405913743325,5.451225434589523,18.129201453275243
A2,4,4,60026,33,33,0,True,False,True,False,0.509692513368984,4.4810247249002275,5.4776954710869115
A2,4,4,60027,250,250,0,False,True,True,False,0.4115973695579129,6.538518949862642,9.363451011125452
A2,4,4,60028,250,250,0,False,True,True,False,0.31618489895838336,5.705213008686057,4.3004974547653365
A2,4,4,60029,250,250,0,False,True,True,False,0.7247712763404215,9.173572348314325,20.170378822983082
A2,4,4,60030,250,250,0,False,True,True,False,0.8636110017760283,7.582436473781364,7.512790173061526
A2,4,4,60031,42,42,0,True,False,True,False,-0.21351592253464063,5.7856845408726265,20.615800793013634
A2,4,4,60032,250,250,0,False,True,True,False,0.748148802380838,6.128006984450609,14.626956593567119
A2,4,4,60033,250,250,0,False,True,True,False,0.6481301674057625,7.403750406884308,15.267192781557087
A2,4,4,60034,58,58,0,True,False,True,False,0.33415361899781604,3.792468681815038,8.033976567076348
A2,4,4,60035,250,250,0,False,True,True,False,0.3713665818653098,4.698395108348365,11.678818614033126
A2,4,4,60036,103,103,0,True,False,True,False,0.5280828537538989,5.588024459874961,14.940075375320339
A2,4,4,60037,250,250,0,False,True,True,False,0.24162396198339173,7.337618979921739,18.321162214934258
A2,4,4,60038,250,250,0,False,True,True,False,-0.03332520520328325,4.818570596768792,7.48300140747721
A2,4,4,60039,61,61,0,True,False,True,False,0.33717609730301423,8.114612444300253,10.788609239163188
A2,4,4,60040,250,250,0,False,True,True,False,-0.08701003216051456,3.6641974157051447,7.968896521119478
A2,4,4,60041,58,58,0,True,False,True,False,0.30819157771694,3.487054106807565,6.140140003310254
A2,4,4,60042,250,250,0,False,True,True,False,-0.11094995622342003,4.859372855230636,1.8206144313742987
A2,4,4,60043,71,71,0,True,False,True,False,0.6311535881958417,4.221521856190788,10.846521435289663
A2,4,4,60044,53,53,0,True,False,True,False,0.010482180293501047,4.119238206078493,50.582086037178286
A2,4,4,60045,250,250,0,False,True,True,False,0.5875797736711973,6.215798606945288,8.26533050777538
A2,4,4,60046,89,89,0,True,False,True,False,0.6307456588355467,8.443177512258119,20.20583051480182
A2,4,4,60047,46,46,0,True,False,True,False,-0.31063829787234043,6.785801587474121,9.85401250293243
A2,4,4,60048,47,47,0,True,False,True,False,-0.7216697502312674,5.032885387055334,1.6214396821845318
A2,4,4,60049,250,250,0,False,True,True,False,0.11381135698171169,4.979781609200652,3.0260964885252246
A2,4,4,60050,250,250,0,False,True,True,False,0.6912522949186851,8.393701790527292,13.569383229547295
A2,4,4,60051,250,250,0,False,True,True,False,-0.024677799273629515,3.4752903601424254,8.571451978648703
A2,4,4,60052,250,250,0,False,True,True,False,0.5438567657082513,7.502452734949536,6.719643904917107
A2,4,4,60053,250,250,0,False,True,True,False,0.39771093937502994,4.866913626819972,7.693604694506227
A2,4,4,60054,250,250,0,False,True,True,False,0.7817846685546969,9.555078846174993,21.087063089012887
A2,4,4,60055,110,110,0,True,False,True,False,0.6170051619592904,8.952030931070745,20.13506328905925
A2,4,4,60056,56,56,0,True,False,True,False,0.026930963773069038,7.636954320122526,9.861183501161534
A2,4,4,60057,250,250,0,False,True,True,False,0.824652810444967,3.912052308744405,11.881672875647824
A2,4,4,60058,135,135,0,True,False,True,False,0.15530192176373037,3.421699013783293,5.559331969060068
A2,4,4,60059,68,68,0,True,False,True,False,0.3819139596136962,7.454522486622652,12.914473618460748
A2,4,4,60060,155,155,0,True,False,True,False,0.789391253907383,6.313086021115096,8.020778542652462
A2,4,4,60061,43,43,0,True,False,True,False,-0.354122621564482,5.6103139822329355,17.259734068859707
A2,4,4,60062,91,91,0,True,False,True,False,0.37556935817805387,2.757653776276265,4.083836419122041
A2,4,4,60063,58,58,0,True,False,True,False,0.5699652403949677,3.9779605673736107,14.222314310255122
A2,4,4,60064,38,38,0,True,False,True,False,-0.12528723055038843,5.462070508797377,9.363394667176593
A2,4,4,60065,75,75,0,True,False,True,False,0.6591749644381223,7.373857856966292,21.35385776390641
A2,4,4,60066,74,74,0,True,False,True,False,0.6300925583117363,3.9275080850573474,8.053179697095839
A2,4,4,60067,67,67,0,True,False,True,False,0.2572831032005747,3.5248477379795538,8.606050775907905
A2,4,4,60068,51,51,0,True,False,True,False,0.4584615384615385,7.3021230380895865,25.905082002326637
A2,4,4,60069,35,35,0,True,False,True,False,0.006162464985994398,4.140961440955633,6.887592217119161
A2,4,4,60070,71,71,0,True,False,True,False,0.6293427230046947,5.2318874366079715,7.816364196762926
A2,4,4,60071,250,250,0,False,True,True,False,0.5834479111885886,2.1565804570061156,2.35990224437567
A2,4,4,60072,250,250,0,False,True,True,False,0.5772213252484395,4.059615892860025,1.9096203433904422
A2,4,4,60073,250,250,0,False,True,True,False,0.9294871745646348,7.07272822528223,5.687542097140391
A2,4,4,60074,64,64,0,True,False,True,False,0.5271978021978022,7.444317441432977,19.553849751770016
A2,4,4,60075,250,250,0,False,True,True,False,0.9731164049585863,5.521860996078399,6.0847681629771415
A2,4,4,60076,250,250,0,False,True,True,False,0.6553002231112297,5.2656156277098365,6.07270411694372
A2,4,4,60077,250,250,0,False,True,True,False,0.5169301782117326,4.471366279214519,6.12702854663504
A2,4,4,60078,81,81,0,True,False,True,False,0.5855239385727191,4.605676919430957,12.802723946589497
A2,4,4,60079,60,60,0,True,False,True,False,0.7918310641844959,5.917333985572633,16.776240876228208
A2,4,4,60080,87,87,0,True,False,True,False,0.3774148866370197,5.324948173879709,11.016987341686535
A2,4,4,60081,77,77,0,True,False,True,False,0.25558651874441346,8.985321331048752,28.5015788288039
A2,4,4,60082,250,250,0,False,True,True,False,0.5363054157400982,4.0902460668369764,8.331941787778614
A2,4,4,60083,250,250,0,False,True,True,False,-0.32900193519934073,3.2085752913816687,3.2969531718137497
A2,4,4,60084,250,250,0,False,True,True,False,0.45874688402955466,4.8715086575107325,10.229803342897243
A2,4,4,60085,250,250,0,False,True,True,False,0.5615947775164402,4.7669841331774645,7.99970693646199
A2,4,4,60086,56,56,0,True,False,True,False,-0.08708133971291868,3.6442695574441117,8.389138692377358
A2,4,4,60087,64,64,0,True,False,True,False,0.8865842490842489,4.1860792963839675,13.207222966264595
A2,4,4,60088,250,250,0,False,True,True,False,0.8518460920088003,8.675470337980297,17.64957070584071
A2,4,4,60089,25,25,0,True,False,True,False,-0.1853846153846154,4.290672645407857,11.600767522579982
A2,4,4,60090,87,87,0,True,False,True,False,0.3921229131734344,6.915917783734833,13.724828879524019
A2,4,4,60091,70,70,0,True,False,True,False,0.8284664508791881,3.685595041883725,8.778493296073218
A2,4,4,60092,250,250,0,False,True,True,False,0.15550367205875293,4.8418290444676195,8.767662289087147
A2,4,4,60093,55,55,0,True,False,True,False,0.5183261183261185,3.2934807626059732,7.783008526124563
A2,4,4,60094,250,250,0,False,True,True,False,0.5806380889417514,6.517961779635684,8.26501353988812
A2,4,4,60095,82,82,0,True,False,True,False,0.3119360912484627,6.253332247406548,17.352655616006196
A2,4,4,60096,45,45,0,True,False,True,False,0.0963109354413702,5.302780217225233,9.934143342233027
A2,4,4,60097,83,83,0,True,False,True,False,0.48910625078712056,3.505721890564647,4.764818480578416
A2,4,4,60098,250,250,0,False,True,True,False,0.2695170979995157,5.233544815419947,9.81472043350696
A2,4,4,60099,66,66,0,True,False,True,False,0.43759524058031524,8.043997601818406,14.17549136731349
A3,0,0,60000,107,107,0,True,False,True,False,-0.06279511745919787,4.984923007629176,5.973614539223216
A3,0,0,60001,250,250,0,False,True,True,False,0.8724922958767339,3.7446282697323703,1.1259756518210309
A3,0,0,60002,250,250,0,False,True,True,False,-0.1811867709883358,5.066057536344456,18.4865376953329
A3,0,0,60003,50,50,0,True,False,True,False,0.4992557022809123,6.36090063103729,13.53917984834419
A3,0,0,60004,101,101,0,True,False,True,False,0.4052300524170063,2.8210801719217162,13.91859566329498
A3,0,0,60005,55,55,0,True,False,True,False,0.25945165945165954,3.3933632801847704,49.10452699536826
A3,0,0,60006,70,70,0,True,False,True,False,0.39781296474499167,6.1801663098910655,12.717991696499247
A3,0,0,60007,250,250,0,False,True,True,False,0.772719051504824,3.8381109746698394,1.474741110639841
A3,0,0,60008,52,52,0,True,False,True,False,0.4911636643046188,4.9450333078361535,10.683798405910998
A3,0,0,60009,92,92,0,True,False,True,False,0.3793905953793752,3.3334314535946032,10.726596973436788
A3,0,0,60010,63,63,0,True,False,True,False,0.23411098310291859,6.010690184015893,3.8256704702286433
A3,0,0,60011,48,48,0,True,False,True,False,0.33130699088145893,4.21348860502635,17.866957718264477
A3,0,0,60012,250,250,0,False,True,True,False,-0.5393286688098152,2.1784227677073096,12.217938286990634
A3,0,0,60013,54,54,0,True,False,True,False,0.08625881456070134,4.173966933875956,16.602958646418944
A3,0,0,60014,37,37,0,True,False,True,False,0.22735893788525366,3.4821816647073156,10.438508270996325
A3,0,0,60015,73,73,0,True,False,True,False,0.5702209058373443,4.719126512561099,19.198242569236136
A3,0,0,60016,47,47,0,True,False,True,False,0.1914893617021277,3.0022370382036456,10.197130155123935
A3,0,0,60017,250,250,0,False,True,True,False,-0.20120117121873948,3.907264536407922,7.775956408985282
A3,0,0,60018,250,250,0,False,True,True,False,0.1741832669322709,5.192038463486523,15.031769617810749
A3,0,0,60019,65,65,0,True,False,True,False,0.6638111888111887,6.30198761963343,6.587651908326711
A3,0,0,60020,42,42,0,True,False,True,False,0.266510007292764,5.172252729981417,13.099453549783323
A3,0,0,60021,250,250,0,False,True,True,False,0.024023456662854055,3.817490818828487,3.4601621602249866
A3,0,0,60022,70,70,0,True,False,True,False,0.47896072084682,5.418219235566248,21.340677185133817
A3,0,0,60023,250,250,0,False,True,True,False,0.0875007920126722,3.128972815279181,58.43882082075863
A3,0,0,60024,103,103,0,True,False,True,False,0.23537099679304133,3.4493107229615054,5.685907060542433
A3,0,0,60025,53,53,0,True,False,True,False,0.37687469762941456,6.003481870015136,13.532878454546001
A3,0,0,60026,32,32,0,True,False,True,False,0.15652492668621698,4.199527700407735,2.8305411859537752
A3,0,0,60027,44,44,0,True,False,True,False,0.22508809020436923,4.119846731462499,4.917165588399072
A3,0,0,60028,27,27,0,True,False,True,False,0.12759462759462756,3.3611278013768873,22.132461585139005
A3,0,0,60029,77,77,0,True,False,True,False,0.2944161102055839,6.113734922955328,16.06984541159359
A3,0,0,60030,43,43,0,True,False,True,False,0.7817879794623981,4.566471224605075,3.183326697896446
A3,0,0,60031,45,45,0,True,False,True,False,0.20421607378129114,5.02690087585947,16.591905035304492
A3,0,0,60032,250,250,0,False,True,True,False,0.08200105601689626,3.476229530837834,10.052023361883695
A3,0,0,60033,51,51,0,True,False,True,False,0.17846153846153842,5.258313670729603,9.729480054963801
A3,0,0,60034,250,250,0,False,True,True,False,-0.17521317141074255,1.7321998393461144,6.7709366949080625
A3,0,0,60035,49,49,0,True,False,True,False,-0.07418367346938774,4.926385359408995,9.413298850313806
A3,0,0,60036,86,86,0,True,False,True,False,0.45257795179017873,5.178141887322976,15.226891041276769
A3,0,0,60037,250,250,0,False,True,True,False,0.16682340517448277,4.218795732634108,16.63934661623272
A3,0,0,60038,250,250,0,False,True,True,False,-0.61387490999856,4.7937558122202635,6.131669867968212
A3,0,0,60039,250,250,0,False,True,True,False,0.14972943258152505,5.181006683370967,1.0049213006996904
A3,0,0,60040,250,250,0,False,True,True,False,-0.5224207747323957,4.050170340377225,7.656688790008792
A3,0,0,60041,56,56,0,True,False,True,False,0.08345864661654136,3.4823326855796446,8.951433578813642
A3,0,0,60042,250,250,0,False,True,True,False,0.022113386305722862,2.793711593881598,3.9105894789536286
A3,0,0,60043,74,74,0,True,False,True,False,0.043761569788967045,4.487298979494916,8.116934961647285
A3,0,0,60044,78,78,0,True,False,True,False,0.5875011064884482,5.012634881372106,28.870363142858054
A3,0,0,60045,250,250,0,False,True,True,False,0.40555257372584574,4.23193547591876,1.6525714192599972
A3,0,0,60046,72,72,0,True,False,True,False,0.6053765515467233,6.338115754665778,11.827056901595446
A3,0,0,60047,67,67,0,True,False,True,False,0.2009338335062655,4.499375495471773,14.59775432909183
A3,0,0,60048,250,250,0,False,True,True,False,0.1536043776700427,3.191699853627248,13.998235438382299
A3,0,0,60049,250,250,0,False,True,True,False,-0.1489886238179811,3.2936575569442974,9.632655195643306
A3,0,0,60050,37,37,0,True,False,True,False,0.34826932195353244,3.5132381764484326,8.44068152545411
A3,0,0,60051,81,81,0,True,False,True,False,0.5183378500451672,3.327982811375376,15.634381812952281
A3,0,0,60052,250,250,0,False,True,True,False,-0.0027998780371835566,5.833923012356395,5.984696385474011
A3,0,0,60053,39,39,0,True,False,True,False,-0.019028340080971658,3.4234845863891485,16.725406801909433
A3,0,0,60054,67,67,0,True,False,True,False,0.40956979806848115,6.0081038693709745,21.711360517748208
A3,0,0,60055,250,250,0,False,True,True,False,0.043345461527384437,4.151524530969482,10.684646470924896
A3,0,0,60056,250,250,0,False,True,True,False,0.2005568089089425,4.532918932690381,9.140124104038431
A3,0,0,60057,76,76,0,True,False,True,False,0.3943950786056049,3.8797250207617378,25.116856826881868
A3,0,0,60058,63,63,0,True,False,True,False,0.21308563748079878,4.207256281071011,11.665008106330852
A3,0,0,60059,48,48,0,True,False,True,False,0.31708640903169777,5.373635346678356,6.669602716338069
A3,0,0,60060,134,134,0,True,False,True,False,0.14143069115575008,4.314464073205928,25.818879166725164
A3,0,0,60061,45,45,0,True,False,True,False,0.3071146245059288,3.8025277430500073,13.404659890007848
A3,0,0,60062,84,84,0,True,False,True,False,0.13226688265667713,2.8120396062516804,3.622950902384184
A3,0,0,60063,53,53,0,True,False,True,False,0.4638767940654733,5.052763720465681,7.295180919223263
A3,0,0,60064,39,39,0,True,False,True,False,-0.029554655870445347,4.253032688345798,8.23847500793501
A3,0,0,60065,65,65,0,True,False,True,False,0.7618444055944056,7.016374453667076,11.29081826846928
A3,0,0,60066,69,69,0,True,False,True,False,0.10423821702594083,5.957607777173008,10.336824712175714
A3,0,0,60067,60,60,0,True,False,True,False,-0.0763545429285913,3.895227139885855,7.4881203521144
A3,0,0,60068,56,56,0,True,False,True,False,0.4004101161995899,5.497067295843742,16.997920417897074
A3,0,0,60069,250,250,0,False,True,True,False,-0.4790165602649642,4.873582779995955,7.98548578797713
A3,0,0,60070,66,66,0,True,False,True,False,-0.30462373447448077,4.208425471398132,8.739013090230147
A3,0,0,60071,250,250,0,False,True,True,False,-0.42727557240915853,3.64296584533483,5.335581069376392
A3,0,0,60072,44,44,0,True,False,True,False,0.429598308668076,3.2339699269568456,10.363296975379953
A3,0,0,60073,250,250,0,False,True,True,False,-0.3832388937392728,4.26208976774532,4.992059405845316
A3,0,0,60074,68,68,0,True,False,True,False,0.6192312096804977,5.016564027521543,21.417039701695636
A3,0,0,60075,250,250,0,False,True,True,False,-0.21757826525224402,4.0408347083443115,2.930579949005016
A3,0,0,60076,43,43,0,True,False,True,False,0.41467834491090305,4.350080604652581,7.282638920786019
A3,0,0,60077,54,54,0,True,False,True,False,0.21959214789403467,5.5206501246984985,12.12660864321824
A3,0,0,60078,99,99,0,True,False,True,False,0.6347309833024118,3.091533488642547,18.362214077426962
A3,0,0,60079,63,63,0,True,False,True,False,0.6989727342549924,5.395019815349616,5.787638277433875
A3,0,0,60080,88,88,0,True,False,True,False,0.10057764784614844,3.308855971261208,12.836803348754477
A3,0,0,60081,250,250,0,False,True,True,False,0.6087783804540872,3.7980656788529377,4.775276226963522
A3,0,0,60082,36,36,0,True,False,True,False,-0.02625482625482626,3.682655037080078,8.124856749721243
A3,0,0,60083,56,56,0,True,False,True,False,0.5196172248803829,2.8969968175949354,9.151658689122026
A3,0,0,60084,87,87,0,True,False,True,False,0.10877013924327475,2.866773233721194,16.992865989580196
A3,0,0,60085,42,42,0,True,False,True,False,-0.1409124058017989,3.5478122965262284,15.143365892103475
A3,0,0,60086,250,250,0,False,True,True,False,0.4698304968955595,2.139407691129053,3.5800097902696746
A3,0,0,60087,56,56,0,True,False,True,False,0.43021189336978816,5.491160934037372,9.213484522254568
A3,0,0,60088,54,54,0,True,False,True,False,0.5251381741947778,6.077529182010853,13.837186195117047
A3,0,0,60089,250,250,0,False,True,True,False,-0.10903892862285797,4.3520668112611665,6.534662052304194
A3,0,0,60090,48,48,0,True,False,True,False,0.2072297003907946,4.9364613036872855,14.194543087506709
A3,0,0,60091,72,72,0,True,False,True,False,0.6262460608399255,2.8417037030441383,7.751507550055708
A3,0,0,60092,50,50,0,True,False,True,False,0.0588235294117647,4.910664596456451,11.94028764047668
A3,0,0,60093,55,55,0,True,False,True,False,0.5556277056277058,2.871996097090641,6.734834915871644
A3,0,0,60094,250,250,0,False,True,True,False,-0.20365076242044228,4.102218504141942,7.24349434405549
A3,0,0,60095,250,250,0,False,True,True,False,0.4404732396639978,3.3421734193032338,9.020877473202752
A3,0,0,60096,35,35,0,True,False,True,False,0.2851540616246499,3.686317715563955,9.132183379551421
A3,0,0,60097,78,78,0,True,False,True,False,0.36347197106690776,3.8846609790211026,9.722507787027595
A3,0,0,60098,250,250,0,False,True,True,False,-0.0779723900925603,1.9391451504700972,15.445068165027838
A3,0,0,60099,42,42,0,True,False,True,False,0.3350619884936391,5.68748580905851,12.744336994543419
A3,1,1,60000,250,250,0,False,True,True,False,0.005167570681130897,5.938820262026304,7.02565260316206
A3,1,1,60001,250,250,0,False,True,True,False,0.9069322709163345,5.0943344008513325,2.829552582710768
A3,1,1,60002,250,250,0,False,True,True,False,0.01632141314261028,5.547868823475763,24.305163858504756
A3,1,1,60003,63,63,0,True,False,True,False,0.46183755760368667,5.909941355096113,11.417651188584827
A3,1,1,60004,43,43,0,True,False,True,False,0.4183026276049532,4.956804785088761,29.743192347821537
A3,1,1,60005,72,72,0,True,False,True,False,0.4526657662872211,3.4297259374021882,34.05338021810503
A3,1,1,60006,65,65,0,True,False,True,False,0.6005681818181818,6.338298697453738,14.214783037365525
A3,1,1,60007,250,250,0,False,True,True,False,0.8227719483511736,4.746032231640607,3.1455085969194982
A3,1,1,60008,58,58,0,True,False,True,False,0.7361961303023778,4.321675731962858,14.334067115741234
A3,1,1,60009,250,250,0,False,True,True,False,0.5124358469735515,1.4779317166397519,6.272941499088325
A3,1,1,60010,250,250,0,False,True,True,False,0.5017361954510586,4.8469893581018395,5.767617476273112
A3,1,1,60011,47,47,0,True,False,True,False,0.7595975948196114,3.7191386901176626,15.144752626183605
A3,1,1,60012,56,56,0,True,False,True,False,0.7799726589200274,4.4552240487154,7.841470392232263
A3,1,1,60013,58,58,0,True,False,True,False,0.1636162293518718,3.2030362901256324,14.118361050141186
A3,1,1,60014,250,250,0,False,True,True,False,-0.10840224643594296,1.4410938326125944,1.4221944901948054
A3,1,1,60015,76,76,0,True,False,True,False,0.7793848257006152,5.645612755100153,21.30942204349102
A3,1,1,60016,54,54,0,True,False,True,False,0.4370116256908709,2.370880484751093,8.060560222008043
A3,1,1,60017,70,70,0,True,False,True,False,0.7014784358323856,6.884562476511869,6.867026954851653
A3,1,1,60018,250,250,0,False,True,True,False,-0.08839629434070945,5.835351392308985,6.22814172218447
A3,1,1,60019,250,250,0,False,True,True,False,0.6990694953332813,5.700076599476736,2.8341503726719215
A3,1,1,60020,51,51,0,True,False,True,False,0.24425339366515836,5.518090639410047,7.967819881484041
A3,1,1,60021,250,250,0,False,True,True,False,0.7089127267148839,3.018554571306554,4.331952665052751
A3,1,1,60022,80,80,0,True,False,True,False,0.7685185185185186,6.659543313209877,7.598445517448145
A3,1,1,60023,250,250,0,False,True,True,False,0.1334660203327752,2.2525485621492534,57.84624305488656
A3,1,1,60024,250,250,0,False,True,True,False,0.8008498055968896,2.5072613888011395,3.9979129945430483
A3,1,1,60025,250,250,0,False,True,True,False,-0.06905928094849516,4.275483019603692,14.763718082879166
A3,1,1,60026,52,52,0,True,False,True,False,-0.18381285750875098,4.687763786823093,6.318007516530773
A3,1,1,60027,52,52,0,True,False,True,False,0.34372065226671217,3.2540803212213474,6.42505162016665
A3,1,1,60028,46,46,0,True,False,True,False,0.15448658649398705,3.6966105659045096,7.581529845006628
A3,1,1,60029,73,73,0,True,False,True,False,0.012001727755152415,6.373348777259917,18.017369915595772
A3,1,1,60030,46,46,0,True,False,True,False,0.5807585568917668,3.6384378268601725,7.482959551104052
A3,1,1,60031,74,74,0,True,False,True,False,0.3733876342095519,4.190025212911205,5.878672438820309
A3,1,1,60032,250,250,0,False,True,True,False,-0.029177938847021547,2.9795001835935144,13.170512224954404
A3,1,1,60033,67,67,0,True,False,True,False,-0.1628621597892889,5.960455267959575,13.262644786207904
A3,1,1,60034,61,61,0,True,False,True,False,0.6129032258064515,4.701554625414094,14.859086290043994
A3,1,1,60035,250,250,0,False,True,True,False,0.6022134114145825,3.8062531707243803,10.254070061870213
A3,1,1,60036,89,89,0,True,False,True,False,0.19656111678583593,5.807557098565828,14.671387495919715
A3,1,1,60037,57,57,0,True,False,True,False,0.7096188747731398,7.353271550846093,27.035759294885338
A3,1,1,60038,250,250,0,False,True,True,False,0.5698132770124321,5.099881094058697,6.30028037355391
A3,1,1,60039,250,250,0,False,True,True,False,0.5119172878658099,4.588325252689018,7.616766929807999
A3,1,1,60040,69,69,0,True,False,True,False,0.5123858238947753,5.3790166043126995,2.869573287684698
A3,1,1,60041,64,64,0,True,False,True,False,0.308470695970696,3.947005221739427,6.66980484779684
A3,1,1,60042,250,250,0,False,True,True,False,0.17911666264741402,2.1960767243429427,3.4767464888600697
A3,1,1,60043,77,77,0,True,False,True,False,0.2540354382459646,3.3138651305725335,8.115540393548669
A3,1,1,60044,250,250,0,False,True,True,False,0.23917784284548552,6.063449890532618,30.384767197322397
A3,1,1,60045,77,77,0,True,False,True,False,0.7947841632052158,7.1620938100738085,5.540137046863113
A3,1,1,60046,61,61,0,True,False,True,False,0.6578001057641458,8.288670839908098,17.556517615047753
A3,1,1,60047,50,50,0,True,False,True,False,0.41944777911164466,5.212844888709597,8.482268593991119
A3,1,1,60048,47,47,0,True,False,True,False,0.13193802035152638,2.8431227651453863,11.692861702171552
A3,1,1,60049,36,36,0,True,False,True,False,0.22471042471042474,3.024387513982803,4.778791114561316
A3,1,1,60050,47,47,0,True,False,True,False,-0.26954209065679924,4.747280769057209,11.813109643849842
A3,1,1,60051,72,72,0,True,False,True,False,0.008006945784294811,3.125934824577964,10.216719636204864
A3,1,1,60052,250,250,0,False,True,True,False,0.32085716331919434,5.453017290629803,4.049880990970885
A3,1,1,60053,250,250,0,False,True,True,False,0.25552575241203856,1.5980186890024615,9.696418582370718
A3,1,1,60054,66,66,0,True,False,True,False,0.34891973697943857,5.6459009324636344,27.078710908158676
A3,1,1,60055,81,81,0,True,False,True,False,0.6548780487804878,5.225496029381319,23.11440950986284
A3,1,1,60056,250,250,0,False,True,True,False,0.5779707794141997,4.143520332656648,7.133955442711651
A3,1,1,60057,250,250,0,False,True,True,False,-0.3005547545825917,3.4741137900678005,11.770866562392069
A3,1,1,60058,77,77,0,True,False,True,False,0.5903833009096167,3.738229371930985,6.604119226656007
A3,1,1,60059,50,50,0,True,False,True,False,0.08629051620648259,7.628293065738816,10.362818698326908
A3,1,1,60060,128,128,0,True,False,True,False,0.2538683391320271,9.602148717596194,19.508261097578817
A3,1,1,60061,34,34,0,True,False,True,False,0.26142093200916733,3.3211211043439333,14.068089959455435
A3,1,1,60062,56,56,0,True,False,True,False,0.6643882433356119,5.996060893696757,7.089694466505414
A3,1,1,60063,59,59,0,True,False,True,False,0.5463471654003508,4.631101899021402,9.759505052493004
A3,1,1,60064,49,49,0,True,False,True,False,-0.5459183673469388,3.9083931437450596,11.403871658929953
A3,1,1,60065,250,250,0,False,True,True,False,0.6584326789228627,4.97770302738628,0.7898103145503017
A3,1,1,60066,76,76,0,True,False,True,False,0.4260013670539986,4.293807285502103,5.637130901205586
A3,1,1,60067,65,65,0,True,False,True,False,0.38959790209790207,3.703676413898716,8.735118517058282
A3,1,1,60068,86,86,0,True,False,True,False,0.4765790839190527,5.463282879247181,10.874393961616118
A3,1,1,60069,250,250,0,False,True,True,False,0.0423332213315413,5.055668832532665,5.314615752131145
A3,1,1,60070,75,75,0,True,False,True,False,0.056159317211948785,2.55619594510023,7.797801823378328
A3,1,1,60071,121,121,0,True,False,True,False,0.11291152960303479,3.464246799308419,1.8598098475120162
A3,1,1,60072,250,250,0,False,True,True,False,-0.016492002848567486,1.4828637497144723,0.5390496191657481
A3,1,1,60073,30,30,0,True,False,True,False,0.5737486095661846,3.537148305317454,5.116414152247081
A3,1,1,60074,59,59,0,True,False,True,False,0.5630040911747517,6.49341443261206,21.620123177678916
A3,1,1,60075,250,250,0,False,True,True,False,0.514417132210332,6.095017316916737,2.4930224941054293
A3,1,1,60076,55,55,0,True,False,True,False,0.5142135642135643,4.437669662447218,7.417419187208629
A3,1,1,60077,250,250,0,False,True,True,False,-0.029033552536840587,4.560729911770715,12.120184761919296
A3,1,1,60078,75,75,0,True,False,True,False,0.718605974395448,3.6267119160985124,14.231853603559713
A3,1,1,60079,117,117,0,True,False,True,False,0.795621094276851,5.866635958841427,3.7881872111923807
A3,1,1,60080,250,250,0,False,True,True,False,-0.06084078145250323,2.0566453265245315,10.169366131127589
A3,1,1,60081,250,250,0,False,True,True,False,0.8222504680074879,5.015368540931499,5.182489067137871
A3,1,1,60082,250,250,0,False,True,True,False,0.4595805864869116,1.548799141031661,6.99719097812922
A3,1,1,60083,62,62,0,True,False,True,False,0.49338974087784243,2.831653929741231,7.782561373476258
A3,1,1,60084,80,80,0,True,False,True,False,0.6840834505391468,3.189569162163078,14.518788580990787
A3,1,1,60085,250,250,0,False,True,True,False,0.6950676330821293,1.5423436242485824,6.9566229425847865
A3,1,1,60086,50,50,0,True,False,True,False,0.6158463385354142,3.6189022497380066,9.580181898829592
A3,1,1,60087,61,61,0,True,False,True,False,0.6548387096774193,4.553239607838469,7.438539747539668
A3,1,1,60088,250,250,0,False,True,True,False,-0.2415824893198291,4.542463300537807,13.988838333275329
A3,1,1,60089,250,250,0,False,True,True,False,0.4977500115681964,5.663488239549279,8.902289266929548
A3,1,1,60090,69,69,0,True,False,True,False,-0.05290464011691634,4.1122689495566185,17.19835654848313
A3,1,1,60091,44,44,0,True,False,True,False,0.6952783650458069,7.226307794245203,34.49196859494543
A3,1,1,60092,58,58,0,True,False,True,False,0.31188286320711195,5.789349284809354,7.118925172087372
A3,1,1,60093,51,51,0,True,False,True,False,0.7676923076923077,3.7321569175072966,7.166217511929448
A3,1,1,60094,38,38,0,True,False,True,False,0.8190173979647664,3.7045768600848494,8.444910403883997
A3,1,1,60095,98,98,0,True,False,True,False,0.3735121039981128,7.454716914523971,10.336469102709625
A3,1,1,60096,42,42,0,True,False,True,False,-0.16133214488291064,3.3879531440846744,12.41801901482902
A3,1,1,60097,250,250,0,False,True,True,False,-0.013349205587289395,4.442552539829357,1.9525960051766513
A3,1,1,60098,34,34,0,True,False,True,False,0.45790679908326964,6.994257888212179,8.993381450783488
A3,1,1,60099,50,50,0,True,False,True,False,0.22823529411764704,4.7570055719835675,14.745922194000464
A3,2,2,60000,250,250,0,False,True,True,False,0.2730502568041088,4.606640918033482,8.239153380656774
A3,2,2,60001,69,69,0,True,False,True,False,0.561015710632079,8.626862448436912,23.148568200872713
A3,2,2,60002,250,250,0,False,True,True,False,0.7420361925790812,8.666657273203205,27.107076449334137
A3,2,2,60003,65,65,0,True,False,True,False,-0.33811188811188814,7.77710827862378,19.713928377512865
A3,2,2,60004,55,55,0,True,False,True,False,0.0027417027417027426,6.361840550984259,41.336817457029625
A3,2,2,60005,65,65,0,True,False,True,False,0.5757867132867133,5.94483605190913,34.690363006658394
A3,2,2,60006,250,250,0,False,True,True,False,0.7830122528728087,7.835953621676353,20.197414635119912
A3,2,2,60007,77,77,0,True,False,True,False,-0.015589673484410326,9.45023534779841,27.862181906004437
A3,2,2,60008,57,57,0,True,False,True,False,-0.20203526056520613,3.8131091050972477,12.362541714599217
A3,2,2,60009,250,250,0,False,True,True,False,0.09368416687089233,3.34327487931884,4.700737528496928
A3,2,2,60010,250,250,0,False,True,True,False,0.6099956799308789,8.100486895288991,14.108629313038413
A3,2,2,60011,32,32,0,True,False,True,False,-0.2111436950146627,4.129206632134086,15.960237811765701
A3,2,2,60012,49,49,0,True,False,True,False,0.7062244897959183,6.648529447783241,21.5957331950296
A3,2,2,60013,54,54,0,True,False,True,False,-0.12635791881074898,3.747450123637709,18.072366400844963
A3,2,2,60014,58,58,0,True,False,True,False,-0.2539296810114123,3.4333827279966744,7.082825480801098
A3,2,2,60015,62,62,0,True,False,True,False,0.4601999445997331,7.764831621796688,22.85301885411978
A3,2,2,60016,250,250,0,False,True,True,False,-0.31636109912343385,2.865236141449334,7.14757142776986
A3,2,2,60017,85,85,0,True,False,True,False,0.5277506351377761,7.540772125848054,14.762168302992595
A3,2,2,60018,250,250,0,False,True,True,False,0.18623645178322853,8.335567315033607,16.11722333971032
A3,2,2,60019,84,84,0,True,False,True,False,0.5632277007188418,7.791406895634405,15.789386354956736
A3,2,2,60020,47,47,0,True,False,True,False,-0.01931082331174838,6.783356731008535,20.07746432376844
A3,2,2,60021,250,250,0,False,True,True,False,0.691941823069169,3.7451934799710083,5.3306756614140784
A3,2,2,60022,98,98,0,True,False,True,False,0.17115187218279998,7.922604327793456,21.682278728848537
A3,2,2,60023,43,43,0,True,False,True,False,0.3714889761401389,3.397218275972196,73.7807223329414
A3,2,2,60024,250,250,0,False,True,True,False,0.45289723035568563,3.882419387867058,5.990806011529959
A3,2,2,60025,91,91,0,True,False,True,False,0.33978340500079635,5.9783644464107235,17.58376627200426
A3,2,2,60026,61,61,0,True,False,True,False,0.8139079851930194,5.779665383834156,7.247853835587847
A3,2,2,60027,40,40,0,True,False,True,False,-0.2786116322701689,5.703878438981082,8.702318730526548
A3,2,2,60028,39,39,0,True,False,True,False,-0.33522267206477735,4.412361201453682,7.631311727814859
A3,2,2,60029,100,100,0,True,False,True,False,0.6419321932193218,8.504631373490714,22.146149947929274
A3,2,2,60030,97,97,0,True,False,True,False,0.21378602987586784,7.523760102044938,12.539582510464545
A3,2,2,60031,62,62,0,True,False,True,False,0.20812873007479038,5.952821170142936,29.527736118502503
A3,2,2,60032,250,250,0,False,True,True,False,0.29607910526568426,6.8300895521131775,15.939795643035392
A3,2,2,60033,55,55,0,True,False,True,False,0.7662337662337664,6.94375781548901,17.346356026161562
A3,2,2,60034,250,250,0,False,True,True,False,0.3163661498583977,4.609365111307641,1.6432085971751587
A3,2,2,60035,60,60,0,True,False,True,False,0.7844956932481246,6.026408707130317,16.654194974191505
A3,2,2,60036,113,113,0,True,False,True,False,0.5621631512409342,5.510797574040698,18.02645009426008
A3,2,2,60037,102,102,0,True,False,True,False,0.0648059666046559,8.387151280444197,24.653500753080493
A3,2,2,60038,250,250,0,False,True,True,False,-0.11787891305831674,3.7638052109577567,7.494014374889051
A3,2,2,60039,76,76,0,True,False,True,False,0.07023923444976077,7.979139650445437,15.564311584857528
A3,2,2,60040,250,250,0,False,True,True,False,-0.14183576860476785,4.643720260782073,1.5065232551355834
A3,2,2,60041,250,250,0,False,True,True,False,-0.5160209283348534,3.6624274276129323,0.772363043487232
A3,2,2,60042,44,44,0,True,False,True,False,0.2188865398167724,3.285859382279825,5.933029691208402
A3,2,2,60043,73,73,0,True,False,True,False,-0.23303097618166113,3.741497950615673,15.669760343609752
A3,2,2,60044,250,250,0,False,True,True,False,0.4031123697979167,8.577332643692344,39.92634260699923
A3,2,2,60045,250,250,0,False,True,True,False,0.8843885920200982,7.1328147101400265,13.791152010579978
A3,2,2,60046,89,89,0,True,False,True,False,0.7270684371807968,8.419572104121123,20.389987171892383
A3,2,2,60047,49,49,0,True,False,True,False,-0.08520408163265306,7.070615874895332,21.60236133110426
A3,2,2,60048,250,250,0,False,True,True,False,-0.4565760092161475,3.511043939325964,7.326072553584007
A3,2,2,60049,250,250,0,False,True,True,False,0.044017021733195445,3.4068601415899114,1.0581157080777317
A3,2,2,60050,33,33,0,True,False,True,False,0.28241978609625673,6.3710647879885505,8.566831144671918
A3,2,2,60051,65,65,0,True,False,True,False,-0.07355769230769231,3.3876783216733286,12.550898719296839
A3,2,2,60052,250,250,0,False,True,True,False,0.08090433446935151,7.8010643330479015,15.132407130573448
A3,2,2,60053,250,250,0,False,True,True,False,0.5350753132050112,2.974551259806283,3.270847512971627
A3,2,2,60054,250,250,0,False,True,True,False,0.60589833437335,8.598979549882314,20.66293203187239
A3,2,2,60055,250,250,0,False,True,True,False,0.39587923006768105,8.021799944759323,17.6017129295918
A3,2,2,60056,60,60,0,True,False,True,False,-0.10313976104473467,7.740349042666343,17.95357372733817
A3,2,2,60057,88,88,0,True,False,True,False,-0.2426649290268043,3.729905773428205,17.88236427526791
A3,2,2,60058,89,89,0,True,False,True,False,0.302059925093633,3.272017576190052,3.461553656276178
A3,2,2,60059,57,57,0,True,False,True,False,0.2949831475239824,7.657887337537346,17.226596347623214
A3,2,2,60060,84,84,0,True,False,True,False,-0.019135364989369245,7.684180354473066,37.050623128407054
A3,2,2,60061,37,37,0,True,False,True,False,-0.3956851588430535,4.488121657902625,17.391324740752054
A3,2,2,60062,66,66,0,True,False,True,False,0.5860557353094668,4.227097292089681,6.262947059244679
A3,2,2,60063,58,58,0,True,False,True,False,0.6130917592051432,6.893981248776209,23.3638197297145
A3,2,2,60064,40,40,0,True,False,True,False,-0.2230769230769231,4.990030807466752,8.755452020225077
A3,2,2,60065,75,75,0,True,False,True,False,0.3770412517780939,8.408898495728078,26.88045069815039
A3,2,2,60066,56,56,0,True,False,True,False,0.4319207108680793,6.864659988077569,16.117887958621864
A3,2,2,60067,250,250,0,False,True,True,False,-0.49562252196035134,3.04644956901073,5.866634870267525
A3,2,2,60068,75,75,0,True,False,True,False,0.11743954480796585,6.467116760448265,21.07374225488003
A3,2,2,60069,43,43,0,True,False,True,False,-0.0030202355783751134,3.7118227754215876,5.674537610769495
A3,2,2,60070,250,250,0,False,True,True,False,0.15812950607209716,2.715946237781966,5.84745489863897
A3,2,2,60071,250,250,0,False,True,True,False,0.2568230237884407,4.1489776483001535,1.8497671970286576
A3,2,2,60072,250,250,0,False,True,True,False,0.650684202947247,2.8808171911322673,1.617228066820097
A3,2,2,60073,56,56,0,True,False,True,False,0.4495557074504444,7.049289895584796,7.87738278002506
A3,2,2,60074,75,75,0,True,False,True,False,0.1361877667140825,7.0585861708910995,24.747622077161353
A3,2,2,60075,250,250,0,False,True,True,False,0.93069052574101,6.858063229369998,11.899166121744543
A3,2,2,60076,45,45,0,True,False,True,False,-0.042292490118577074,6.45944851143743,15.139088481713918
A3,2,2,60077,59,59,0,True,False,True,False,-0.09836353009935711,6.302967424704836,23.29384611875355
A3,2,2,60078,250,250,0,False,True,True,False,0.4769527134712489,4.136881174761985,0.6830128881957758
A3,2,2,60079,86,86,0,True,False,True,False,0.574829001367989,7.088050974949482,16.333868859548872
A3,2,2,60080,250,250,0,False,True,True,False,0.18288945423126768,2.7294391444058452,8.422340281649927
A3,2,2,60081,70,70,0,True,False,True,False,0.6332429358761263,8.165527660086425,36.15792837718411
A3,2,2,60082,59,59,0,True,False,True,False,0.48497954412624195,2.9911781412571683,5.608537628080138
A3,2,2,60083,250,250,0,False,True,True,False,-0.32715646413153243,3.2521176347113623,0.5787473838786876
A3,2,2,60084,250,250,0,False,True,True,False,0.6110650831811572,3.228538714988826,6.298565418618098
A3,2,2,60085,37,37,0,True,False,True,False,0.4395448079658606,4.355541101334364,12.809126416433338
A3,2,2,60086,250,250,0,False,True,True,False,0.10641002256036096,3.072609477708764,3.0922846582437806
A3,2,2,60087,250,250,0,False,True,True,False,-0.04823588876508841,6.709013088442807,20.59673611249744
A3,2,2,60088,66,66,0,True,False,True,False,0.7566016073478761,8.402155141730093,20.806405953730575
A3,2,2,60089,250,250,0,False,True,True,False,-0.12280712533616393,4.762696953275485,10.52424046066094
A3,2,2,60090,53,53,0,True,False,True,False,0.6336074826640864,5.804695909296938,17.798127327678753
A3,2,2,60091,51,51,0,True,False,True,False,0.5459728506787329,3.833638658900807,18.314889809294332
A3,2,2,60092,250,250,0,False,True,True,False,0.8638688357642045,4.377474014658697,7.03375626107956
A3,2,2,60093,250,250,0,False,True,True,False,0.696378513465616,4.0596919890486465,3.561013518544817
A3,2,2,60094,250,250,0,False,True,True,False,-0.5932623668037845,5.996255142544913,11.73542226817338
A3,2,2,60095,83,83,0,True,False,True,False,0.1692624155157214,5.620667464052428,17.723397755633073
A3,2,2,60096,45,45,0,True,False,True,False,0.31607378129117253,3.6838295442659863,8.05786506289628
A3,2,2,60097,71,71,0,True,False,True,False,-0.027665995975855125,3.868842548972984,7.673635543411429
A3,2,2,60098,43,43,0,True,False,True,False,0.30821504077318035,3.3835348424101803,7.6094910205839135
A3,2,2,60099,250,250,0,False,True,True,False,0.6252239359565847,7.557527635324643,13.990978395593299
A3,3,3,60000,250,250,0,False,True,True,False,0.11185369365909854,4.315783918337772,5.993833372180362
A3,3,3,60001,250,250,0,False,True,True,False,0.08876570825133201,7.065837276403942,0.9129827212016188
A3,3,3,60002,250,250,0,False,True,True,False,0.6104372869965919,5.6638797664421014,15.630282425489705
A3,3,3,60003,59,59,0,True,False,True,False,0.3210403272939802,5.563733705551645,14.691293931148257
A3,3,3,60004,41,41,0,True,False,True,False,0.3982578397212544,4.692422303059638,48.06903456900988
A3,3,3,60005,88,88,0,True,False,True,False,-0.1317142756507344,5.58929460688617,17.79556801360395
A3,3,3,60006,60,60,0,True,False,True,False,0.31292025562656295,5.902607586781567,8.082157798716906
A3,3,3,60007,250,250,0,False,True,True,False,0.21704756876110018,8.296140493656718,2.0247459163938606
A3,3,3,60008,54,54,0,True,False,True,False,0.07489994282447111,3.940014550940049,8.046197274748906
A3,3,3,60009,63,63,0,True,False,True,False,0.7065572196620584,2.6022537368500536,10.806151081815345
A3,3,3,60010,250,250,0,False,True,True,False,-0.5022163878877619,4.59661191591862,3.012860875414561
A3,3,3,60011,31,31,0,True,False,True,False,0.24274193548387096,4.383645960507992,17.0078559270641
A3,3,3,60012,36,36,0,True,False,True,False,0.050965250965250966,4.053397649165733,7.218183144939547
A3,3,3,60013,72,72,0,True,False,True,False,0.03160974982313976,2.8811230206379097,11.16725611139482
A3,3,3,60014,250,250,0,False,True,True,False,-0.17969855702806933,3.481310426401306,3.840608580682778
A3,3,3,60015,97,97,0,True,False,True,False,0.5652219650746897,4.526471714769354,9.303480827427244
A3,3,3,60016,250,250,0,False,True,True,False,0.4170287524600393,3.3632711289320065,2.885558401634616
A3,3,3,60017,250,250,0,False,True,True,False,0.44916238659818547,6.447911998586314,7.520643752533572
A3,3,3,60018,59,59,0,True,False,True,False,0.27977790765634136,6.9717469050135294,19.861978462014832
A3,3,3,60019,70,70,0,True,False,True,False,-0.09299273904295337,6.4477308702646905,2.199257897213216
A3,3,3,60020,42,42,0,True,False,True,False,0.5878778056883559,5.454491353908034,13.58474886014255
A3,3,3,60021,250,250,0,False,True,True,False,0.5912054912878605,4.039051620728239,2.648757331620275
A3,3,3,60022,67,67,0,True,False,True,False,0.3034958895362759,6.5058286241469965,16.893203248624584
A3,3,3,60023,250,250,0,False,True,True,False,0.31406959001757623,3.333388672470985,2.9962055646041077
A3,3,3,60024,250,250,0,False,True,True,False,-0.09310958575337205,3.588025274025445,3.661284267499103
A3,3,3,60025,80,80,0,True,False,True,False,0.17597280825128928,5.227324474425732,10.11213471760001
A3,3,3,60026,24,24,0,True,False,True,False,-0.07739130434782608,3.644593943912146,4.608551196649224
A3,3,3,60027,250,250,0,False,True,True,False,-0.09730943192711093,3.2194226654065585,2.7617304253948216
A3,3,3,60028,38,38,0,True,False,True,False,0.2988291935660357,3.755756970521824,9.05117855873744
A3,3,3,60029,66,66,0,True,False,True,False,0.47850955015134133,6.165393609978617,12.444565281901745
A3,3,3,60030,250,250,0,False,True,True,False,-0.5404352709643353,3.5495557052454068,3.652807315836203
A3,3,3,60031,60,60,0,True,False,True,False,0.5750486246179495,3.59696512703303,21.2595347349203
A3,3,3,60032,126,126,0,True,False,True,False,0.5897652793400826,4.144698736627446,9.592626129366717
A3,3,3,60033,101,101,0,True,False,True,False,0.3891788002329645,4.784925476749941,6.963165809762319
A3,3,3,60034,54,54,0,True,False,True,False,0.1082904516866781,3.527429990826503,8.54217329974098
A3,3,3,60035,69,69,0,True,False,True,False,0.3152721958348557,4.664019353335215,7.265685738739906
A3,3,3,60036,115,115,0,True,False,True,False,0.35560640732265447,4.04891347582822,12.629564400443916
A3,3,3,60037,93,93,0,True,False,True,False,0.3432007400555041,6.807606948836811,20.91508434237766
A3,3,3,60038,250,250,0,False,True,True,False,-0.7076522824365189,4.0691009750205716,5.634872801017575
A3,3,3,60039,250,250,0,False,True,True,False,-0.12408976073714464,4.072508575853532,1.8776678075967013
A3,3,3,60040,61,61,0,True,False,True,False,-0.0671602326811211,3.6196800185471725,11.092443197683924
A3,3,3,60041,59,59,0,True,False,True,False,0.1903565166569258,3.518391396346351,5.442211178243697
A3,3,3,60042,250,250,0,False,True,True,False,-0.21369152858254628,2.6625590372591685,1.0369822382327376
A3,3,3,60043,250,250,0,False,True,True,False,-0.22605375828617424,4.8346160984963245,1.0003924809142624
A3,3,3,60044,51,51,0,True,False,True,False,0.4879638009049773,4.102680982246326,17.623470807714337
A3,3,3,60045,67,67,0,True,False,True,False,-0.05790565887141831,5.8036163144864785,2.062192462796357
A3,3,3,60046,80,80,0,True,False,True,False,0.5350679793717769,6.364795825660186,6.747466821846482
A3,3,3,60047,250,250,0,False,True,True,False,-0.12891892670282726,3.5053226480447552,12.256192668278572
A3,3,3,60048,250,250,0,False,True,True,False,-0.42876244419910714,3.280341176740137,2.403775860225912
A3,3,3,60049,22,22,0,True,False,True,False,-0.3754940711462451,4.087461322585693,7.900639825455206
A3,3,3,60050,250,250,0,False,True,True,False,0.5314072865165842,3.5611606808397704,4.023493784654543
A3,3,3,60051,62,62,0,True,False,True,False,0.4875475309108308,3.2002979130595426,11.91925452940567
A3,3,3,60052,250,250,0,False,True,True,False,0.2444333509336149,5.203859805948058,5.232088661992281
A3,3,3,60053,250,250,0,False,True,True,False,-0.19874134233652355,2.524085310302355,5.934970130988676
A3,3,3,60054,78,78,0,True,False,True,False,0.4956688880739513,5.392233180777838,14.178905793458105
A3,3,3,60055,81,81,0,True,False,True,False,0.23958897922312558,5.922597185087912,13.599436104126381
A3,3,3,60056,250,250,0,False,True,True,False,-0.09900945615129841,3.675133929596557,3.8994221579229333
A3,3,3,60057,78,78,0,True,False,True,False,0.5799390482934786,3.4264261709177832,16.030340142363993
A3,3,3,60058,108,108,0,True,False,True,False,0.27453390113083154,2.301269932144203,7.722516635079396
A3,3,3,60059,58,58,0,True,False,True,False,0.24027192469777606,5.796369752908738,4.376179700015914
A3,3,3,60060,155,155,0,True,False,True,False,0.39754761367664593,6.347827300064524,8.653952387214215
A3,3,3,60061,55,55,0,True,False,True,False,-0.21406926406926413,3.8914784300724024,16.59762382928331
A3,3,3,60062,250,250,0,False,True,True,False,0.300664138626218,5.999344735530599,1.2271046348088674
A3,3,3,60063,66,66,0,True,False,True,False,0.6007932366141322,4.0473684925693405,14.661554373919891
A3,3,3,60064,41,41,0,True,False,True,False,-0.2517421602787457,4.422824307501024,9.68861068433089
A3,3,3,60065,250,250,0,False,True,True,False,0.40274572916844714,7.482207839529364,2.4433650583658535
A3,3,3,60066,67,67,0,True,False,True,False,0.2485433793598851,4.2773771440207815,7.598000630119846
A3,3,3,60067,78,78,0,True,False,True,False,0.07214304682659112,3.265673271359788,6.016474633059376
A3,3,3,60068,100,100,0,True,False,True,False,0.48166816681668156,4.037432578941049,9.773530750181575
A3,3,3,60069,250,250,0,False,True,True,False,-0.2896539144626314,4.104412916603294,6.121156191011595
A3,3,3,60070,69,69,0,True,False,True,False,-0.34508586043112904,2.3290346936950788,9.922207379159754
A3,3,3,60071,250,250,0,False,True,True,False,-0.334748156291474,3.123581648530126,0.331435591425452
A3,3,3,60072,250,250,0,False,True,True,False,0.46623017037651177,1.5678382409361824,2.1065605792766373
A3,3,3,60073,250,250,0,False,True,True,False,-0.5012840043795144,3.428372007697772,3.3041317192954875
A3,3,3,60074,60,60,0,True,False,True,False,0.43100861350375114,5.95843124334584,14.96373986912295
A3,3,3,60075,72,72,0,True,False,True,False,0.097433918579973,5.613487955396627,4.290215143099726
A3,3,3,60076,51,51,0,True,False,True,False,0.5072398190045249,4.581030624167551,4.016388177097599
A3,3,3,60077,71,71,0,True,False,True,False,0.20120724346076455,4.774326242749323,19.905712317853407
A3,3,3,60078,86,86,0,True,False,True,False,0.6347940940610406,3.476284223837978,15.457049556237902
A3,3,3,60079,250,250,0,False,True,True,False,0.3549726241519585,5.865847405069852,3.2005674720709534
A3,3,3,60080,98,98,0,True,False,True,False,0.5169876760451134,2.5321497166637696,10.148594756448006
A3,3,3,60081,68,68,0,True,False,True,False,0.8012367828377295,5.971883209827418,22.07805854461467
A3,3,3,60082,250,250,0,False,True,True,False,-0.016263181681924848,1.6702476191619846,8.216665966437034
A3,3,3,60083,50,50,0,True,False,True,False,0.3194717887154862,3.2057106698180746,10.919944820251985
A3,3,3,60084,250,250,0,False,True,True,False,0.08175375606009695,1.3903276393188198,10.074741035682734
A3,3,3,60085,250,250,0,False,True,True,False,-0.3312433158930543,2.542331985850103,8.037086923571326
A3,3,3,60086,250,250,0,False,True,True,False,0.7954036482010076,2.442657780779547,0.800203101444892
A3,3,3,60087,62,62,0,True,False,True,False,0.42917579511974013,3.9595865828704353,11.663296431965605
A3,3,3,60088,250,250,0,False,True,True,False,-0.2873795012488895,5.0675942373140845,5.764813773408015
A3,3,3,60089,250,250,0,False,True,True,False,0.02871327678239689,4.509291594485476,4.673810703383495
A3,3,3,60090,62,62,0,True,False,True,False,0.21376948452569816,4.832804500647587,12.512843292446536
A3,3,3,60091,55,55,0,True,False,True,False,0.680808080808081,4.868917071270029,24.56835233800101
A3,3,3,60092,57,57,0,True,False,True,False,0.42247861031890077,3.949439833724746,6.68693614767488
A3,3,3,60093,46,46,0,True,False,True,False,0.16114708603145236,3.715650052735792,13.83940869524563
A3,3,3,60094,250,250,0,False,True,True,False,-0.5802705323285172,3.114810761535142,5.526184457975465
A3,3,3,60095,250,250,0,False,True,True,False,-0.007621012274460324,3.245197897924048,4.4075746414436825
A3,3,3,60096,250,250,0,False,True,True,False,-0.5644831206838379,1.8329980905412722,11.285334865881117
A3,3,3,60097,250,250,0,False,True,True,False,0.3068504776076417,5.974900723226229,1.4186227151692599
A3,3,3,60098,37,37,0,True,False,True,False,-0.4298245614035087,4.122417467981348,9.0095904138311
A3,3,3,60099,47,47,0,True,False,True,False,0.5033533765032377,4.901017983871987,9.50059822131351
A3,4,4,60000,250,250,0,False,True,True,False,-0.05891614265828252,5.194896444395351,8.587000758720357
A3,4,4,60001,250,250,0,False,True,True,False,0.7367186568552819,5.242174597317179,8.817560248732635
A3,4,4,60002,250,250,0,False,True,True,False,0.6547193395094321,9.833356038773545,28.696433522786613
A3,4,4,60003,68,68,0,True,False,True,False,0.1247852807573386,7.334477648613017,13.795263247303815
A3,4,4,60004,42,42,0,True,False,True,False,0.21772951948788596,5.1747313652524065,42.267754988764004
A3,4,4,60005,63,63,0,True,False,True,False,0.5739247311827957,4.330020718707277,28.032682193386037
A3,4,4,60006,250,250,0,False,True,True,False,0.4320265121487111,8.69238965887205,14.492592829607778
A3,4,4,60007,250,250,0,False,True,True,False,0.7004782796524743,5.079392533381911,9.45825319282601
A3,4,4,60008,59,59,0,True,False,True,False,0.41215663354763304,4.80090916016916,10.396795757444579
A3,4,4,60009,250,250,0,False,True,True,False,0.15911800420721742,5.664555873494299,8.00512948332803
A3,4,4,60010,57,57,0,True,False,True,False,-0.06546538760694841,7.531600874077401,9.976143176915585
A3,4,4,60011,250,250,0,False,True,True,False,0.2282789804636874,4.977039450193525,19.46282752629572
A3,4,4,60012,250,250,0,False,True,True,False,0.5270134077743347,4.5077094406591485,6.927203105634079
A3,4,4,60013,250,250,0,False,True,True,False,0.5999470071521145,4.297340749543354,6.034082559782497
A3,4,4,60014,250,250,0,False,True,True,False,-0.16174897004483973,5.305699656663933,3.5880307742552215
A3,4,4,60015,79,79,0,True,False,True,False,0.6131694255111977,7.376489944285273,19.856460564909625
A3,4,4,60016,250,250,0,False,True,True,False,-0.7437012572233679,5.347832909175901,2.6408803412128967
A3,4,4,60017,250,250,0,False,True,True,False,0.055619833917342675,5.110328893245319,8.850689375258028
A3,4,4,60018,250,250,0,False,True,True,False,0.18638775020400328,8.90109241789369,20.236732263350916
A3,4,4,60019,67,67,0,True,False,True,False,0.6710032724080135,6.074086137806605,12.380468208517257
A3,4,4,60020,43,43,0,True,False,True,False,0.2012987012987013,6.252593144636284,9.297052378834149
A3,4,4,60021,250,250,0,False,True,True,False,0.49299054384870156,4.787692903021469,1.4324870303574726
A3,4,4,60022,250,250,0,False,True,True,False,-0.11350722411558582,6.850224334402888,18.18162483414833
A3,4,4,60023,250,250,0,False,True,True,False,0.01075102001632026,4.066163257870073,54.46392067948355
A3,4,4,60024,250,250,0,False,True,True,False,0.05893841501464023,4.555105920201669,3.828578336541744
A3,4,4,60025,68,68,0,True,False,True,False,0.3133183188914761,5.393533563260851,18.083268300779025
A3,4,4,60026,250,250,0,False,True,True,False,0.523284978642559,5.862460713955694,6.948777046144577
A3,4,4,60027,38,38,0,True,False,True,False,0.13973082394135025,5.457777748849074,4.964109933390292
A3,4,4,60028,250,250,0,False,True,True,False,-0.07328334853357653,5.865741579398158,9.475146331021461
A3,4,4,60029,88,88,0,True,False,True,False,0.7914303828678103,9.324522025846132,20.9575777701993
A3,4,4,60030,69,69,0,True,False,True,False,0.2190719766167337,7.487586857879483,7.402702398285506
A3,4,4,60031,250,250,0,False,True,True,False,0.2751999231987711,4.952187863660425,6.931398467692469
A3,4,4,60032,250,250,0,False,True,True,False,0.6935920306421728,5.6786145902042655,13.96473975770924
A3,4,4,60033,77,77,0,True,False,True,False,0.5849676639150322,7.019552006176395,15.580992247086067
A3,4,4,60034,250,250,0,False,True,True,False,-0.05438640618249891,3.019313838967495,4.303587492692824
A3,4,4,60035,250,250,0,False,True,True,False,0.7103134450151201,4.948863953912458,11.595531622311153
A3,4,4,60036,100,100,0,True,False,True,False,0.5387578757875787,6.239792174474628,16.114605022419354
A3,4,4,60037,87,87,0,True,False,True,False,0.3023802580739228,7.744031756488744,21.391869299190134
A3,4,4,60038,250,250,0,False,True,True,False,-0.2132781644506312,5.193275061530295,8.152902883741863
A3,4,4,60039,48,48,0,True,False,True,False,0.0007598784194528875,7.1835060835529525,12.40993319116534
A3,4,4,60040,250,250,0,False,True,True,False,-0.6372977487639802,3.5828148181929347,8.580091552288579
A3,4,4,60041,66,66,0,True,False,True,False,-0.014674877361444526,3.027304898622727,5.270816085017891
A3,4,4,60042,250,250,0,False,True,True,False,0.44690753858468785,4.984316643309251,2.1406092650036648
A3,4,4,60043,83,83,0,True,False,True,False,0.6639729650308551,3.9150682307807023,7.9288828408586145
A3,4,4,60044,62,62,0,True,False,True,False,0.485986250661026,3.5693012540919202,24.584125447759007
A3,4,4,60045,250,250,0,False,True,True,False,0.26048992852480674,6.352239717384219,8.418530348433634
A3,4,4,60046,71,71,0,True,False,True,False,0.612206572769953,7.861574151157625,21.014849131499158
A3,4,4,60047,44,44,0,True,False,True,False,-0.29119097956307255,6.269267471806152,9.219374223100267
A3,4,4,60048,250,250,0,False,True,True,False,-0.4676123209235351,5.6589131045141094,2.2441941527002713
A3,4,4,60049,250,250,0,False,True,True,False,0.11194790413052592,5.526919871476265,4.073174518783517
A3,4,4,60050,59,59,0,True,False,True,False,0.3777323202805377,7.642356257375412,13.560103886292513
A3,4,4,60051,250,250,0,False,True,True,False,0.7164844237507799,3.583763418383953,8.698431357229666
A3,4,4,60052,250,250,0,False,True,True,False,-0.010605097681562904,6.962221468247403,15.910935572568057
A3,4,4,60053,250,250,0,False,True,True,False,0.1522449959199347,5.175939049411261,4.466032338957675
A3,4,4,60054,129,129,0,True,False,True,False,0.7033989266547407,9.695222210590071,21.87124706213646
A3,4,4,60055,250,250,0,False,True,True,False,0.7102792003051231,9.049475029965128,19.445426140644635
A3,4,4,60056,47,47,0,True,False,True,False,0.23126734505087884,6.873883155348188,13.607801585559129
A3,4,4,60057,90,90,0,True,False,True,False,0.6861999423797176,4.498038949781781,17.37382839068058
A3,4,4,60058,93,93,0,True,False,True,False,0.4080451195129957,3.808608590364029,6.0211813284691384
A3,4,4,60059,250,250,0,False,True,True,False,0.5221056243579851,7.454280972811368,11.819099788829673
A3,4,4,60060,122,122,0,True,False,True,False,0.6551065524203542,7.629900844317552,22.53843455879752
A3,4,4,60061,40,40,0,True,False,True,False,-0.1737335834896811,5.346478314420002,17.855123372472065
A3,4,4,60062,70,70,0,True,False,True,False,0.316595223515003,2.811286264182609,6.480553300767716
A3,4,4,60063,250,250,0,False,True,True,False,0.8046418090831252,3.856179449704499,12.157903269523398
A3,4,4,60064,39,39,0,True,False,True,False,-0.025303643724696356,5.101094949631379,9.684213715577378
A3,4,4,60065,250,250,0,False,True,True,False,0.5414805356885709,4.875345479906837,6.891298201290313
A3,4,4,60066,61,61,0,True,False,True,False,0.8197778952934954,3.460252602853848,5.802161587466939
A3,4,4,60067,65,65,0,True,False,True,False,0.35965909090909093,3.8600387171832793,9.203124589949955
A3,4,4,60068,98,98,0,True,False,True,False,0.3421316042818251,5.64518283756711,10.516149554283302
A3,4,4,60069,250,250,0,False,True,True,False,-0.293367253876062,5.267234851331304,7.624472707438872
A3,4,4,60070,64,64,0,True,False,True,False,0.6463369963369963,5.330008339395616,7.726883675691713
A3,4,4,60071,250,250,0,False,True,True,False,0.8999487351797627,2.152547282774868,2.3666719391233135
A3,4,4,60072,250,250,0,False,True,True,False,0.7408893084796965,4.335914978349056,1.8487535220971458
A3,4,4,60073,44,44,0,True,False,True,False,0.29809725158562367,6.659053693330348,4.150326338133547
A3,4,4,60074,58,58,0,True,False,True,False,0.3807253375988188,7.040672685108865,19.18549191395158
A3,4,4,60075,250,250,0,False,True,True,False,0.8364218378675404,5.400413606152453,6.050914499741454
A3,4,4,60076,250,250,0,False,True,True,False,0.8665762972207555,5.1729648256308245,5.9718547275559555
A3,4,4,60077,250,250,0,False,True,True,False,0.6544976698532082,4.938565597212178,6.511442312025187
A3,4,4,60078,78,78,0,True,False,True,False,0.8420060951706521,3.957151565405806,10.195124240597984
A3,4,4,60079,60,60,0,True,False,True,False,0.6625173659349821,5.576278502470261,13.289343597063457
A3,4,4,60080,81,81,0,True,False,True,False,0.25280036133694667,4.985033190568132,13.852368277430543
A3,4,4,60081,73,73,0,True,False,True,False,0.577286190299889,6.136232951705639,21.765758262366436
A3,4,4,60082,250,250,0,False,True,True,False,0.3888211971391542,4.408317723042413,7.222485911092745
A3,4,4,60083,63,63,0,True,False,True,False,0.384360599078341,3.2335571154010694,5.681762515195332
A3,4,4,60084,250,250,0,False,True,True,False,0.2976654917996487,5.301201075033939,8.99879867670422
A3,4,4,60085,34,34,0,True,False,True,False,-0.19083269671504965,4.960743028731153,18.792737242292255
A3,4,4,60086,250,250,0,False,True,True,False,0.5560512062770022,3.8588140021080486,2.022337816760577
A3,4,4,60087,250,250,0,False,True,True,False,0.9109543512696203,3.6931248327636967,10.572551511535526
A3,4,4,60088,65,65,0,True,False,True,False,0.6845279720279721,8.461284790169795,18.22912323997689
A3,4,4,60089,250,250,0,False,True,True,False,0.06897403158450534,4.930174205943787,8.322152263044757
A3,4,4,60090,55,55,0,True,False,True,False,0.45295815295815306,6.589411178853768,14.762812594710269
A3,4,4,60091,62,62,0,True,False,True,False,0.7649517765858327,3.496411273328677,4.859841512304019
A3,4,4,60092,250,250,0,False,True,True,False,0.026343973503576052,4.998951788420198,7.916905614966599
A3,4,4,60093,250,250,0,False,True,True,False,0.6459151589291895,2.621065304402684,3.196475419043043
A3,4,4,60094,42,42,0,True,False,True,False,0.20800583421116603,5.569998723924881,7.767626817659717
A3,4,4,60095,250,250,0,False,True,True,False,0.6936792000536199,3.554506235270559,4.141474238750119
A3,4,4,60096,250,250,0,False,True,True,False,0.3875622164739906,5.712930867440644,10.089712667924449
A3,4,4,60097,79,79,0,True,False,True,False,0.4973953261927946,3.050656278779716,7.633410894569725
A3,4,4,60098,250,250,0,False,True,True,False,0.5950670570729131,5.367543966643604,9.70684284470246
A3,4,4,60099,52,52,0,True,False,True,False,0.406983693332195,8.23978992241696,14.733015503933668
