scenario,controller,seed,steps,command_attempts,safety_infeasible,safety_certified_steps,safety_intervention_steps,unsafe_state_steps,safety_correction_mean,safety_correction_max,safety_correction_sum,safety_constraint_margin_min,uncertainty_scale_mean,uncertainty_scale_min,uncertainty_norm_mean,uncertainty_norm_max,raw_residual_norm_mean,gated_residual_norm_mean,context_latent_norm_mean,context_latent_norm_max
id_randomized_heldout,A5_train_seed_0,40000,73,73,False,73,55,0,3.6369847947660405,10.617560041973674,265.49989001792096,-4.263256414560601e-14,1.0,1.0,0.0,0.0,6.708133830491938,6.708133830491938,0.0,0.0
id_randomized_heldout,A5_train_seed_0,40001,94,94,False,94,44,0,7.834827800012297,29.752489032399854,736.473813201156,-2.842170943040401e-14,1.0,1.0,0.0,0.0,8.317908114511365,8.317908114511365,0.0,0.0
id_randomized_heldout,A5_train_seed_0,40002,250,250,False,250,235,0,3.925784600773942,14.964114377631377,981.4461501934854,-4.263256414560601e-14,1.0,1.0,0.0,0.0,8.823667692034778,8.823667692034778,0.0,0.0
id_randomized_heldout,A5_train_seed_0,40003,250,250,False,250,67,0,1.7760368206016564,15.037976782779984,444.00920515041406,-1.4210854715202004e-14,1.0,1.0,0.0,0.0,6.948435540702924,6.948435540702924,0.0,0.0
id_randomized_heldout,A5_train_seed_0,40004,250,250,False,250,22,0,1.7417514895505428,32.91924773585051,435.4378723876357,-1.0658141036401503e-14,1.0,1.0,0.0,0.0,5.996543923979321,5.996543923979321,0.0,0.0
id_randomized_heldout,A5_train_seed_0,40005,80,80,False,80,49,0,10.355893276261948,31.510906668384706,828.4714621009559,-1.7763568394002505e-14,1.0,1.0,0.0,0.0,7.7889127125486395,7.7889127125486395,0.0,0.0
id_randomized_heldout,A5_train_seed_0,40006,250,250,False,250,34,0,2.565297854078484,32.222758347543284,641.3244635196211,-3.552713678800501e-14,1.0,1.0,0.0,0.0,6.453530559600046,6.453530559600046,0.0,0.0
id_randomized_heldout,A5_train_seed_0,40007,72,72,False,72,31,0,9.759512156634678,32.905840383921195,702.6848752776968,-2.1316282072803006e-14,1.0,1.0,0.0,0.0,7.9833858562363815,7.9833858562363815,0.0,0.0
id_randomized_heldout,A5_train_seed_0,40008,62,62,False,62,27,0,3.867753694460082,14.468718839247252,239.80072905652509,-3.552713678800501e-14,1.0,1.0,0.0,0.0,5.508399282608945,5.508399282608945,0.0,0.0
id_randomized_heldout,A5_train_seed_0,40009,45,45,False,45,23,0,5.573286757702404,17.69481772791146,250.7979040966082,-4.263256414560601e-14,1.0,1.0,0.0,0.0,7.44502160656658,7.44502160656658,0.0,0.0
id_randomized_heldout,A5_train_seed_0,40010,250,250,False,250,250,1,5.569829911798029,9.990271301819657,1392.4574779495074,-1.7763568394002505e-14,1.0,1.0,0.0,0.0,9.534689164930493,9.534689164930493,0.0,0.0
id_randomized_heldout,A5_train_seed_0,40011,250,250,False,250,20,0,1.0817497864185024,27.187845013409994,270.4374466046256,-1.0658141036401503e-13,1.0,1.0,0.0,0.0,2.536175195690218,2.536175195690218,0.0,0.0
id_randomized_heldout,A5_train_seed_0,40012,75,75,False,75,30,0,7.407699591632843,25.346124778107598,555.5774693724633,-1.4210854715202004e-14,1.0,1.0,0.0,0.0,7.801954437232492,7.801954437232492,0.0,0.0
id_randomized_heldout,A5_train_seed_0,40013,89,89,False,89,73,0,5.96879321750585,15.53023487223627,531.2225963580206,-5.684341886080802e-14,1.0,1.0,0.0,0.0,7.898411902347258,7.898411902347258,0.0,0.0
id_randomized_heldout,A5_train_seed_0,40014,80,80,False,80,50,0,4.528795214366747,12.402283120104766,362.30361714933974,-7.460698725481052e-14,1.0,1.0,0.0,0.0,5.581927096369047,5.581927096369047,0.0,0.0
id_randomized_heldout,A5_train_seed_0,40015,250,250,False,250,89,0,5.4321800478522855,28.93048474771093,1358.0450119630714,-7.105427357601002e-14,1.0,1.0,0.0,0.0,8.713392112706945,8.713392112706945,0.0,0.0
id_randomized_heldout,A5_train_seed_0,40016,106,106,False,106,72,0,3.464124608621441,8.626776728284955,367.19720851387274,-3.552713678800501e-14,1.0,1.0,0.0,0.0,5.288329579438031,5.288329579438031,0.0,0.0
id_randomized_heldout,A5_train_seed_0,40017,70,70,False,70,17,2,1.9767727138713735,12.092358662468895,138.37408997099615,-4.263256414560601e-14,1.0,1.0,0.0,0.0,7.569882581566688,7.569882581566688,0.0,0.0
id_randomized_heldout,A5_train_seed_0,40018,83,83,False,83,29,0,8.271945428506163,33.12361536799214,686.5714705660115,-1.4210854715202004e-14,1.0,1.0,0.0,0.0,6.561280454774493,6.561280454774493,0.0,0.0
id_randomized_heldout,A5_train_seed_0,40019,51,51,False,51,24,0,2.5336593078887684,9.506551942188926,129.21662470232718,-2.842170943040401e-14,1.0,1.0,0.0,0.0,5.5011529233276955,5.5011529233276955,0.0,0.0
id_randomized_heldout,A5_train_seed_0,40020,250,250,False,250,45,0,0.694588468393166,13.971954642557188,173.64711709829152,-2.842170943040401e-14,1.0,1.0,0.0,0.0,5.991046110894622,5.991046110894622,0.0,0.0
id_randomized_heldout,A5_train_seed_0,40021,250,250,False,250,29,0,0.4577450876202872,7.61557674407959,114.4362719050718,-1.4210854715202004e-14,1.0,1.0,0.0,0.0,6.744904269404506,6.744904269404506,0.0,0.0
id_randomized_heldout,A5_train_seed_0,40022,250,250,False,250,112,119,9.07997031864294,31.370889053270748,2269.9925796607354,-9.947598300641403e-14,1.0,1.0,0.0,0.0,7.678480824698795,7.678480824698795,0.0,0.0
id_randomized_heldout,A5_train_seed_0,40023,105,105,False,105,45,0,7.192015820328428,32.22978831426964,755.1616611344849,-2.842170943040401e-14,1.0,1.0,0.0,0.0,6.837484432725557,6.837484432725557,0.0,0.0
id_randomized_heldout,A5_train_seed_0,40024,56,56,False,56,11,0,0.6256376204045763,5.43270754605846,35.035706742656274,-2.1316282072803006e-14,1.0,1.0,0.0,0.0,6.54221075908176,6.54221075908176,0.0,0.0
id_randomized_heldout,A5_train_seed_0,40025,250,250,False,250,76,0,2.4944025927418716,16.94383084796897,623.6006481854679,-5.684341886080802e-14,1.0,1.0,0.0,0.0,6.63278752102932,6.63278752102932,0.0,0.0
id_randomized_heldout,A5_train_seed_0,40026,58,58,False,58,23,0,3.8326719863386467,14.478411887319258,222.2949752076415,-2.1316282072803006e-14,1.0,1.0,0.0,0.0,7.5631302737949015,7.5631302737949015,0.0,0.0
id_randomized_heldout,A5_train_seed_0,40027,86,86,False,86,33,0,8.796885054061475,33.723429510658434,756.5321146492868,-2.1316282072803006e-14,1.0,1.0,0.0,0.0,8.224875597124894,8.224875597124894,0.0,0.0
id_randomized_heldout,A5_train_seed_0,40028,49,49,False,49,18,0,1.696138548293523,9.969438515699055,83.11078886638262,-2.842170943040401e-14,1.0,1.0,0.0,0.0,5.432236222202308,5.432236222202308,0.0,0.0
id_randomized_heldout,A5_train_seed_0,40029,50,51,True,50,49,0,22.49446674777236,32.48006821249628,1147.2178041363904,-21.968154708610285,1.0,1.0,0.0,0.0,9.771110465715829,9.771110465715829,0.0,0.0
id_randomized_heldout,A5_train_seed_0,40030,250,250,False,250,54,0,1.8633869583481755,16.538897992498597,465.8467395870439,-2.3092638912203256e-14,1.0,1.0,0.0,0.0,3.744860456383982,3.744860456383982,0.0,0.0
id_randomized_heldout,A5_train_seed_0,40031,62,62,False,62,34,0,4.510588902794026,18.378968388219608,279.6565119732296,-2.3092638912203256e-14,1.0,1.0,0.0,0.0,5.935678240340131,5.935678240340131,0.0,0.0
id_randomized_heldout,A5_train_seed_0,40032,250,250,False,250,13,0,0.11089148260395777,5.087129058370022,27.722870650989442,-2.842170943040401e-14,1.0,1.0,0.0,0.0,6.06623907665713,6.06623907665713,0.0,0.0
id_randomized_heldout,A5_train_seed_0,40033,56,56,False,56,32,0,5.271145435766956,14.413033244213192,295.1841444029495,-2.842170943040401e-14,1.0,1.0,0.0,0.0,6.3911790190635775,6.3911790190635775,0.0,0.0
id_randomized_heldout,A5_train_seed_0,40034,55,55,False,55,32,0,5.917109837293759,16.811413363214992,325.44104105115673,-2.842170943040401e-14,1.0,1.0,0.0,0.0,6.976566542324124,6.976566542324124,0.0,0.0
id_randomized_heldout,A5_train_seed_0,40035,64,64,False,64,31,0,2.720130134939211,9.484321785597436,174.0883286361095,-1.4210854715202004e-14,1.0,1.0,0.0,0.0,8.576063257886709,8.576063257886709,0.0,0.0
id_randomized_heldout,A5_train_seed_0,40036,250,250,False,250,70,0,6.6402741175841165,32.21756035507931,1660.0685293960291,-2.1316282072803006e-14,1.0,1.0,0.0,0.0,8.351489662491089,8.351489662491089,0.0,0.0
id_randomized_heldout,A5_train_seed_0,40037,250,250,False,250,249,0,10.373649598257385,36.23707376051404,2593.4123995643463,-1.7763568394002505e-14,1.0,1.0,0.0,0.0,4.995810848223449,4.995810848223449,0.0,0.0
id_randomized_heldout,A5_train_seed_0,40038,250,250,False,250,32,0,0.6341622538755431,7.9971489906311035,158.54056346888578,-2.1316282072803006e-14,1.0,1.0,0.0,0.0,7.73935230363514,7.73935230363514,0.0,0.0
id_randomized_heldout,A5_train_seed_0,40039,250,250,False,250,56,0,1.0351694414006298,8.227237255063594,258.7923603501575,-4.263256414560601e-14,1.0,1.0,0.0,0.0,7.387776685816312,7.387776685816312,0.0,0.0
id_randomized_heldout,A5_train_seed_0,40040,250,250,False,250,15,0,0.3792246862971373,12.497778598318073,94.80617157428432,-2.1316282072803006e-14,1.0,1.0,0.0,0.0,5.513303974108008,5.513303974108008,0.0,0.0
id_randomized_heldout,A5_train_seed_0,40041,250,250,False,250,250,0,17.867133067856514,19.09068106174135,4466.783266964128,-2.842170943040401e-14,1.0,1.0,0.0,0.0,10.50821162531669,10.50821162531669,0.0,0.0
id_randomized_heldout,A5_train_seed_0,40042,101,101,False,101,45,0,6.337555077155052,24.879364087157498,640.0930627926602,-2.842170943040401e-14,1.0,1.0,0.0,0.0,7.09685020541636,7.09685020541636,0.0,0.0
id_randomized_heldout,A5_train_seed_0,40043,102,102,False,102,46,0,2.592116341122698,14.9798203030878,264.3958667945152,-2.842170943040401e-14,1.0,1.0,0.0,0.0,6.540262018063642,6.540262018063642,0.0,0.0
id_randomized_heldout,A5_train_seed_0,40044,68,68,False,68,49,0,4.230535944879719,14.43931377561937,287.6764442518209,-4.263256414560601e-14,1.0,1.0,0.0,0.0,7.586289348202048,7.586289348202048,0.0,0.0
id_randomized_heldout,A5_train_seed_0,40045,78,78,False,78,52,0,3.7593252509802335,16.436446146843195,293.2273695764582,-2.842170943040401e-14,1.0,1.0,0.0,0.0,7.239658196776295,7.239658196776295,0.0,0.0
id_randomized_heldout,A5_train_seed_0,40046,250,250,False,250,249,0,18.111555916844424,32.92998205586057,4527.888979211106,-3.552713678800501e-14,1.0,1.0,0.0,0.0,10.671833907157557,10.671833907157557,0.0,0.0
id_randomized_heldout,A5_train_seed_0,40047,250,250,False,250,67,0,2.34585199457177,17.227328657907552,586.4629986429425,-3.552713678800501e-14,1.0,1.0,0.0,0.0,6.6204260918622015,6.6204260918622015,0.0,0.0
id_randomized_heldout,A5_train_seed_0,40048,65,65,False,65,15,0,2.413857850099703,18.01811734838719,156.9007602564807,-5.3290705182007514e-14,1.0,1.0,0.0,0.0,4.784249140124736,4.784249140124736,0.0,0.0
id_randomized_heldout,A5_train_seed_0,40049,250,250,False,250,65,0,3.885576835537553,26.528570636746178,971.3942088843883,-3.197442310920451e-14,1.0,1.0,0.0,0.0,7.663749958652304,7.663749958652304,0.0,0.0
id_randomized_heldout,A5_train_seed_0,40050,103,103,False,103,95,0,3.9661924236254475,9.006382927148344,408.5178196334211,-2.842170943040401e-14,1.0,1.0,0.0,0.0,7.177330280638892,7.177330280638892,0.0,0.0
id_randomized_heldout,A5_train_seed_0,40051,250,250,False,250,250,3,3.7777833485887267,11.047538198232479,944.4458371471817,-2.1316282072803006e-14,1.0,1.0,0.0,0.0,7.34869214773828,7.34869214773828,0.0,0.0
id_randomized_heldout,A5_train_seed_0,40052,91,91,False,91,41,0,7.320002459733015,28.78552429976827,666.1202238357043,-1.4210854715202004e-14,1.0,1.0,0.0,0.0,7.647227251364454,7.647227251364454,0.0,0.0
id_randomized_heldout,A5_train_seed_0,40053,250,250,False,250,37,0,0.9812181854938895,9.828449352657879,245.30454637347236,-4.263256414560601e-14,1.0,1.0,0.0,0.0,5.090137824608649,5.090137824608649,0.0,0.0
id_randomized_heldout,A5_train_seed_0,40054,250,250,False,250,237,4,11.639664563252108,17.044858744190446,2909.916140813027,-1.4210854715202004e-14,1.0,1.0,0.0,0.0,8.294358401800409,8.294358401800409,0.0,0.0
id_randomized_heldout,A5_train_seed_0,40055,64,64,False,64,19,0,6.19763227228532,32.71633288340743,396.6484654262605,-2.1316282072803006e-14,1.0,1.0,0.0,0.0,5.272809910826545,5.272809910826545,0.0,0.0
id_randomized_heldout,A5_train_seed_0,40056,24,24,False,24,12,0,1.3035212473649258,3.6610538929278844,31.28450993675822,-1.4210854715202004e-14,1.0,1.0,0.0,0.0,5.9218906998047,5.9218906998047,0.0,0.0
id_randomized_heldout,A5_train_seed_0,40057,76,77,True,76,76,0,26.646033152051398,32.2780017530236,2051.7445527079576,-5.205869376225628,1.0,1.0,0.0,0.0,10.106303147422702,10.106303147422702,0.0,0.0
id_randomized_heldout,A5_train_seed_0,40058,250,250,False,250,250,0,8.709215467745755,10.185038693891618,2177.3038669364387,-4.263256414560601e-14,1.0,1.0,0.0,0.0,9.524725650387914,9.524725650387914,0.0,0.0
id_randomized_heldout,A5_train_seed_0,40059,250,250,False,250,31,0,0.29159272076134196,3.2606650537135837,72.8981801903355,-2.1316282072803006e-14,1.0,1.0,0.0,0.0,6.07385574437415,6.07385574437415,0.0,0.0
id_randomized_heldout,A5_train_seed_0,40060,250,250,False,250,9,0,0.13661562367999866,8.733549164452409,34.153905919999666,-2.1316282072803006e-14,1.0,1.0,0.0,0.0,3.8852601089196477,3.8852601089196477,0.0,0.0
id_randomized_heldout,A5_train_seed_0,40061,250,250,False,250,29,0,0.8149509530746514,13.800254244593857,203.73773826866284,-2.842170943040401e-14,1.0,1.0,0.0,0.0,4.471623257294401,4.471623257294401,0.0,0.0
id_randomized_heldout,A5_train_seed_0,40062,250,250,False,250,38,0,1.9539798668193207,22.76439235306833,488.4949667048302,-2.1316282072803006e-14,1.0,1.0,0.0,0.0,6.136060355864456,6.136060355864456,0.0,0.0
id_randomized_heldout,A5_train_seed_0,40063,250,250,False,250,13,0,0.06520197510541796,3.5014660433373685,16.30049377635449,-3.552713678800501e-14,1.0,1.0,0.0,0.0,5.210912070552362,5.210912070552362,0.0,0.0
id_randomized_heldout,A5_train_seed_0,40064,41,41,False,41,13,0,2.0506001036785673,8.45867850122268,84.07460425082125,-2.842170943040401e-14,1.0,1.0,0.0,0.0,7.767528427983687,7.767528427983687,0.0,0.0
id_randomized_heldout,A5_train_seed_0,40065,250,250,False,250,107,0,6.728748584843782,26.021031981938915,1682.1871462109455,-8.526512829121202e-14,1.0,1.0,0.0,0.0,8.731674784139438,8.731674784139438,0.0,0.0
id_randomized_heldout,A5_train_seed_0,40066,75,75,False,75,23,0,4.799211820537408,19.91940185833685,359.94088654030566,-1.4210854715202004e-14,1.0,1.0,0.0,0.0,5.007042331738052,5.007042331738052,0.0,0.0
id_randomized_heldout,A5_train_seed_0,40067,51,51,False,51,24,0,3.78807537887111,11.479318088213484,193.19184432242662,-5.684341886080802e-14,1.0,1.0,0.0,0.0,7.500788163284945,7.500788163284945,0.0,0.0
id_randomized_heldout,A5_train_seed_0,40068,67,67,False,67,23,0,0.6791049160325393,8.369180876933028,45.50002937418013,-1.4210854715202004e-14,1.0,1.0,0.0,0.0,7.741299411074056,7.741299411074056,0.0,0.0
id_randomized_heldout,A5_train_seed_0,40069,104,104,False,104,76,0,7.566282674907384,18.64626773878861,786.893398190368,-1.4210854715202004e-14,1.0,1.0,0.0,0.0,8.13054675800923,8.13054675800923,0.0,0.0
id_randomized_heldout,A5_train_seed_0,40070,51,51,False,51,23,0,2.3033875375824824,7.545334605330438,117.47276441670661,-6.750155989720952e-14,1.0,1.0,0.0,0.0,7.237817675336906,7.237817675336906,0.0,0.0
id_randomized_heldout,A5_train_seed_0,40071,74,74,False,74,35,0,2.7533491086014656,8.572536142560036,203.74783403650846,-2.1316282072803006e-14,1.0,1.0,0.0,0.0,8.533881712604373,8.533881712604373,0.0,0.0
id_randomized_heldout,A5_train_seed_0,40072,51,51,False,51,23,0,2.490373563691427,8.098856770881978,127.00905174826278,-3.552713678800501e-14,1.0,1.0,0.0,0.0,7.201047454989197,7.201047454989197,0.0,0.0
id_randomized_heldout,A5_train_seed_0,40073,90,90,False,90,51,0,9.50870662479278,27.651813488685633,855.7835962313502,-3.552713678800501e-14,1.0,1.0,0.0,0.0,8.486457884113758,8.486457884113758,0.0,0.0
id_randomized_heldout,A5_train_seed_0,40074,54,54,False,54,31,0,7.809453346046178,22.775115685157772,421.7104806864936,-4.263256414560601e-14,1.0,1.0,0.0,0.0,8.936048761173867,8.936048761173867,0.0,0.0
id_randomized_heldout,A5_train_seed_0,40075,250,250,False,250,55,0,2.6310647848433195,18.39607824092036,657.7661962108299,-5.684341886080802e-14,1.0,1.0,0.0,0.0,6.175532119204066,6.175532119204066,0.0,0.0
id_randomized_heldout,A5_train_seed_0,40076,45,45,False,45,20,0,6.3928747675643525,22.360960118931985,287.67936454039585,-4.973799150320701e-14,1.0,1.0,0.0,0.0,6.536246344991385,6.536246344991385,0.0,0.0
id_randomized_heldout,A5_train_seed_0,40077,250,250,False,250,250,0,3.4619838920439814,10.69822114655419,865.4959730109954,-2.1316282072803006e-14,1.0,1.0,0.0,0.0,8.867874025954487,8.867874025954487,0.0,0.0
id_randomized_heldout,A5_train_seed_0,40078,250,250,False,250,99,0,1.8570952071075226,17.171610509514018,464.27380177688065,-1.4210854715202004e-14,1.0,1.0,0.0,0.0,7.591267446632262,7.591267446632262,0.0,0.0
id_randomized_heldout,A5_train_seed_0,40079,92,92,False,92,46,0,7.987762553627556,27.996805289513127,734.8741549337352,-3.552713678800501e-14,1.0,1.0,0.0,0.0,8.297275728382257,8.297275728382257,0.0,0.0
id_randomized_heldout,A5_train_seed_0,40080,250,250,False,250,13,0,1.0390593399563541,29.786300547765286,259.7648349890885,-1.4210854715202004e-14,1.0,1.0,0.0,0.0,1.8475009474432207,1.8475009474432207,0.0,0.0
id_randomized_heldout,A5_train_seed_0,40081,250,250,False,250,73,0,5.104476041261043,30.237079543122125,1276.1190103152605,-4.263256414560601e-14,1.0,1.0,0.0,0.0,7.956656752421508,7.956656752421508,0.0,0.0
id_randomized_heldout,A5_train_seed_0,40082,72,73,True,72,69,0,20.498404035922597,32.59821895446326,1496.3834946223496,-9.591346919109569,1.0,1.0,0.0,0.0,8.567965623143014,8.567965623143014,0.0,0.0
id_randomized_heldout,A5_train_seed_0,40083,250,250,False,250,49,6,3.1062213656053737,30.387967543673057,776.5553414013434,-2.1316282072803006e-14,1.0,1.0,0.0,0.0,6.484389550324618,6.484389550324618,0.0,0.0
id_randomized_heldout,A5_train_seed_0,40084,127,127,False,127,57,0,7.133705483684835,28.412223857244374,905.9805964279741,-5.684341886080802e-14,1.0,1.0,0.0,0.0,8.318463411588615,8.318463411588615,0.0,0.0
id_randomized_heldout,A5_train_seed_0,40085,250,250,False,250,250,0,4.1289939241000075,9.815297805488864,1032.2484810250019,-4.263256414560601e-14,1.0,1.0,0.0,0.0,7.05840248545646,7.05840248545646,0.0,0.0
id_randomized_heldout,A5_train_seed_0,40086,49,49,False,49,35,0,3.1241096623588573,5.999514864021027,153.081373455584,-3.552713678800501e-14,1.0,1.0,0.0,0.0,7.589653089937287,7.589653089937287,0.0,0.0
id_randomized_heldout,A5_train_seed_0,40087,250,250,False,250,36,0,2.8054876724766324,32.71277170384247,701.3719181191581,-1.0658141036401503e-14,1.0,1.0,0.0,0.0,6.254879899354871,6.254879899354871,0.0,0.0
id_randomized_heldout,A5_train_seed_0,40088,250,250,False,250,23,0,0.664095983464001,10.233916987717434,166.02399586600026,-4.263256414560601e-14,1.0,1.0,0.0,0.0,5.242057054214701,5.242057054214701,0.0,0.0
id_randomized_heldout,A5_train_seed_0,40089,75,75,False,75,36,0,6.87730655718412,23.131296971453633,515.797991788809,-7.815970093361102e-14,1.0,1.0,0.0,0.0,8.429887911565963,8.429887911565963,0.0,0.0
id_randomized_heldout,A5_train_seed_0,40090,250,250,False,250,48,0,1.3977832472424223,15.603024296676761,349.44581181060556,-2.842170943040401e-14,1.0,1.0,0.0,0.0,4.429162404171406,4.429162404171406,0.0,0.0
id_randomized_heldout,A5_train_seed_0,40091,250,250,False,250,37,0,1.3681851431241014,16.400258306131214,342.04628578102535,-2.842170943040401e-14,1.0,1.0,0.0,0.0,4.371884172450928,4.371884172450928,0.0,0.0
id_randomized_heldout,A5_train_seed_0,40092,56,56,False,56,5,0,0.3485277996461172,5.582978615869107,19.517556780182563,-1.4210854715202004e-14,1.0,1.0,0.0,0.0,4.693321441205076,4.693321441205076,0.0,0.0
id_randomized_heldout,A5_train_seed_0,40093,103,103,False,103,45,0,2.37924597082962,14.962859890505216,245.06233499545087,-2.842170943040401e-14,1.0,1.0,0.0,0.0,6.7840771684624315,6.7840771684624315,0.0,0.0
id_randomized_heldout,A5_train_seed_0,40094,98,98,False,98,80,0,6.451891719472467,10.931710582360745,632.2853885083018,-6.394884621840902e-14,1.0,1.0,0.0,0.0,8.261581951422212,8.261581951422212,0.0,0.0
id_randomized_heldout,A5_train_seed_0,40095,82,82,False,82,45,0,3.7625838862015395,12.247692447179203,308.53187866852625,-2.842170943040401e-14,1.0,1.0,0.0,0.0,7.2012909347451695,7.2012909347451695,0.0,0.0
id_randomized_heldout,A5_train_seed_0,40096,250,250,False,250,132,0,1.692080032060436,7.303108399982436,423.020008015109,-2.842170943040401e-14,1.0,1.0,0.0,0.0,8.259027155232681,8.259027155232681,0.0,0.0
id_randomized_heldout,A5_train_seed_0,40097,250,250,False,250,25,0,2.5520000444131345,37.637040741229804,638.0000111032837,-1.4210854715202004e-14,1.0,1.0,0.0,0.0,6.707435313648399,6.707435313648399,0.0,0.0
id_randomized_heldout,A5_train_seed_0,40098,250,250,False,250,248,0,6.166153504477546,16.19872980995284,1541.5383761193866,-1.4210854715202004e-14,1.0,1.0,0.0,0.0,6.614894095455182,6.614894095455182,0.0,0.0
id_randomized_heldout,A5_train_seed_0,40099,122,122,False,122,56,0,6.412576501313625,23.719655037570053,782.3343331602622,-2.842170943040401e-14,1.0,1.0,0.0,0.0,8.31954814865275,8.31954814865275,0.0,0.0
id_randomized_heldout,A5_train_seed_1,40000,97,97,False,97,50,0,4.284983992896267,18.78430918820504,415.6434473109379,-7.105427357601002e-14,1.0,1.0,0.0,0.0,8.624707404684829,8.624707404684829,0.0,0.0
id_randomized_heldout,A5_train_seed_1,40001,83,83,False,83,33,0,4.549078765951949,20.86763016869691,377.57353757401177,-8.526512829121202e-14,1.0,1.0,0.0,0.0,6.828716513565764,6.828716513565764,0.0,0.0
id_randomized_heldout,A5_train_seed_1,40002,103,103,False,103,90,0,6.655313445744445,28.21810338652805,685.4972849116779,-4.263256414560601e-14,1.0,1.0,0.0,0.0,8.85774016085423,8.85774016085423,0.0,0.0
id_randomized_heldout,A5_train_seed_1,40003,88,88,False,88,72,0,5.6270117113738225,16.05617537002621,495.1770306008964,-1.4210854715202004e-14,1.0,1.0,0.0,0.0,8.75965688889891,8.75965688889891,0.0,0.0
id_randomized_heldout,A5_train_seed_1,40004,65,65,False,65,19,0,7.660799732982748,33.2336500899221,497.95198264387864,-1.0658141036401503e-14,1.0,1.0,0.0,0.0,4.315564249026805,4.315564249026805,0.0,0.0
id_randomized_heldout,A5_train_seed_1,40005,86,86,False,86,47,0,9.554482046098789,30.9745525111967,821.6854559644959,-1.4210854715202004e-14,1.0,1.0,0.0,0.0,6.366746499348997,6.366746499348997,0.0,0.0
id_randomized_heldout,A5_train_seed_1,40006,133,133,False,133,23,0,4.740032680129491,32.232060822060106,630.4243464572223,-4.263256414560601e-14,1.0,1.0,0.0,0.0,6.252841905713301,6.252841905713301,0.0,0.0
id_randomized_heldout,A5_train_seed_1,40007,83,83,False,83,30,0,5.691268417692092,22.24097932555403,472.37527866844357,-2.1316282072803006e-14,1.0,1.0,0.0,0.0,4.215878133005175,4.215878133005175,0.0,0.0
id_randomized_heldout,A5_train_seed_1,40008,52,52,False,52,26,0,2.640387628719592,8.321497252215874,137.30015669341878,-4.263256414560601e-14,1.0,1.0,0.0,0.0,4.313768521710869,4.313768521710869,0.0,0.0
id_randomized_heldout,A5_train_seed_1,40009,48,48,False,48,20,0,2.936013516602992,10.779030474819589,140.9286487969436,-2.842170943040401e-14,1.0,1.0,0.0,0.0,4.500422644187356,4.500422644187356,0.0,0.0
id_randomized_heldout,A5_train_seed_1,40010,250,250,False,250,247,0,5.946363930428097,9.24088421129032,1486.5909826070242,-2.1316282072803006e-14,1.0,1.0,0.0,0.0,10.302801452016485,10.302801452016485,0.0,0.0
id_randomized_heldout,A5_train_seed_1,40011,250,250,False,250,14,0,0.5023159014324501,17.703910831523462,125.57897535811253,-7.105427357601002e-15,1.0,1.0,0.0,0.0,2.6492223785676905,2.6492223785676905,0.0,0.0
id_randomized_heldout,A5_train_seed_1,40012,250,250,False,250,28,0,2.621795941958834,32.87138400369015,655.4489854897085,-1.4210854715202004e-14,1.0,1.0,0.0,0.0,7.018064956254327,7.018064956254327,0.0,0.0
id_randomized_heldout,A5_train_seed_1,40013,250,250,False,250,69,0,2.0558955375927246,25.026634106835704,513.9738843981811,-5.684341886080802e-14,1.0,1.0,0.0,0.0,6.698910445459157,6.698910445459157,0.0,0.0
id_randomized_heldout,A5_train_seed_1,40014,82,82,False,82,51,0,2.29544943866795,10.095724979822938,188.2268539707719,-5.684341886080802e-14,1.0,1.0,0.0,0.0,5.218085324106623,5.218085324106623,0.0,0.0
id_randomized_heldout,A5_train_seed_1,40015,250,250,False,250,78,0,1.6676098602257843,16.535586270471207,416.9024650564461,-4.263256414560601e-14,1.0,1.0,0.0,0.0,6.822012158889429,6.822012158889429,0.0,0.0
id_randomized_heldout,A5_train_seed_1,40016,102,102,False,102,44,0,0.5761478816552912,2.601877653501339,58.7670839288397,-3.552713678800501e-14,1.0,1.0,0.0,0.0,5.71859482671758,5.71859482671758,0.0,0.0
id_randomized_heldout,A5_train_seed_1,40017,250,250,False,250,16,2,0.6817579883663084,23.155293414827913,170.4394970915771,-1.4210854715202004e-14,1.0,1.0,0.0,0.0,5.0332761322564155,5.0332761322564155,0.0,0.0
id_randomized_heldout,A5_train_seed_1,40018,110,110,False,110,25,0,3.263796255668385,19.856274897037547,359.01758812352233,-1.4210854715202004e-14,1.0,1.0,0.0,0.0,4.850790561066619,4.850790561066619,0.0,0.0
id_randomized_heldout,A5_train_seed_1,40019,36,36,False,36,19,0,2.3817525278156175,6.0494977348061285,85.74309100136223,-1.7763568394002505e-14,1.0,1.0,0.0,0.0,6.039996011382805,6.039996011382805,0.0,0.0
id_randomized_heldout,A5_train_seed_1,40020,61,61,False,61,41,0,2.8013561896037764,11.377975021680511,170.88272756583035,-2.842170943040401e-14,1.0,1.0,0.0,0.0,7.9661545418131325,7.9661545418131325,0.0,0.0
id_randomized_heldout,A5_train_seed_1,40021,250,250,False,250,9,0,0.071421355425479,2.8297511815971967,17.85533885636975,-7.105427357601002e-15,1.0,1.0,0.0,0.0,7.48746830337516,7.48746830337516,0.0,0.0
id_randomized_heldout,A5_train_seed_1,40022,250,250,False,250,100,25,4.374342650845603,20.669814300200393,1093.5856627114006,-4.973799150320701e-14,1.0,1.0,0.0,0.0,7.2825365763392425,7.2825365763392425,0.0,0.0
id_randomized_heldout,A5_train_seed_1,40023,250,250,False,250,45,0,1.9951590960740924,19.099450777564837,498.7897740185231,-2.842170943040401e-14,1.0,1.0,0.0,0.0,5.713793130171803,5.713793130171803,0.0,0.0
id_randomized_heldout,A5_train_seed_1,40024,62,62,False,62,17,0,0.9931102115751872,5.239193828802938,61.57283311766161,-2.842170943040401e-14,1.0,1.0,0.0,0.0,7.842517733996122,7.842517733996122,0.0,0.0
id_randomized_heldout,A5_train_seed_1,40025,97,97,False,97,71,0,6.040262554490771,27.478082031062545,585.9054677856047,-9.947598300641403e-14,1.0,1.0,0.0,0.0,8.403425454319041,8.403425454319041,0.0,0.0
id_randomized_heldout,A5_train_seed_1,40026,61,61,False,61,22,0,4.165590880664466,17.372481902835258,254.1010437205324,-2.1316282072803006e-14,1.0,1.0,0.0,0.0,6.476235934172652,6.476235934172652,0.0,0.0
id_randomized_heldout,A5_train_seed_1,40027,76,76,False,76,28,0,10.632431444944304,33.3789173571136,808.0647898157671,-2.1316282072803006e-14,1.0,1.0,0.0,0.0,6.629819937817767,6.629819937817767,0.0,0.0
id_randomized_heldout,A5_train_seed_1,40028,43,43,False,43,26,0,1.8472149064038281,5.752366271890587,79.43024097536461,-2.1316282072803006e-14,1.0,1.0,0.0,0.0,6.916798054145294,6.916798054145294,0.0,0.0
id_randomized_heldout,A5_train_seed_1,40029,52,53,True,52,50,0,12.756167930824674,17.953314850863663,676.0769003337077,-25.87842338127478,1.0,1.0,0.0,0.0,10.77589248565231,10.77589248565231,0.0,0.0
id_randomized_heldout,A5_train_seed_1,40030,250,250,False,250,76,0,2.678312874533137,28.27031961919052,669.5782186332842,-1.4210854715202004e-14,1.0,1.0,0.0,0.0,3.990089941028862,3.990089941028862,0.0,0.0
id_randomized_heldout,A5_train_seed_1,40031,73,73,False,73,43,0,3.760101565877,15.36423956249931,274.487414309021,-2.842170943040401e-14,1.0,1.0,0.0,0.0,5.871121508281091,5.871121508281091,0.0,0.0
id_randomized_heldout,A5_train_seed_1,40032,250,250,False,250,5,0,0.048320229645069476,2.894277229934197,12.080057411267369,-1.0658141036401503e-14,1.0,1.0,0.0,0.0,6.786206270591061,6.786206270591061,0.0,0.0
id_randomized_heldout,A5_train_seed_1,40033,88,88,False,88,28,0,3.4441191066121206,18.45954889841536,303.0824813818666,-2.1316282072803006e-14,1.0,1.0,0.0,0.0,6.260868040204232,6.260868040204232,0.0,0.0
id_randomized_heldout,A5_train_seed_1,40034,57,57,False,57,30,0,3.154426234160614,8.110539721545543,179.802295347155,-2.842170943040401e-14,1.0,1.0,0.0,0.0,4.566892156924892,4.566892156924892,0.0,0.0
id_randomized_heldout,A5_train_seed_1,40035,54,54,False,54,23,0,1.902373232068283,7.48806164451455,102.72815453168728,-2.4868995751603507e-14,1.0,1.0,0.0,0.0,8.882445065360555,8.882445065360555,0.0,0.0
id_randomized_heldout,A5_train_seed_1,40036,250,250,False,250,66,0,3.7224384105900836,17.663394839974252,930.6096026475209,-2.1316282072803006e-14,1.0,1.0,0.0,0.0,7.5068051960386555,7.5068051960386555,0.0,0.0
id_randomized_heldout,A5_train_seed_1,40037,250,250,False,250,249,3,13.064288034394353,25.886143976675996,3266.0720085985886,-1.0658141036401503e-13,1.0,1.0,0.0,0.0,6.544479953751502,6.544479953751502,0.0,0.0
id_randomized_heldout,A5_train_seed_1,40038,250,250,False,250,30,0,0.6495683310341474,7.92416524887085,162.39208275853684,-7.105427357601002e-15,1.0,1.0,0.0,0.0,7.684708806927649,7.684708806927649,0.0,0.0
id_randomized_heldout,A5_train_seed_1,40039,250,250,False,250,53,0,0.8763703743655464,6.586035063675722,219.09259359138662,-4.263256414560601e-14,1.0,1.0,0.0,0.0,8.186976991098803,8.186976991098803,0.0,0.0
id_randomized_heldout,A5_train_seed_1,40040,33,33,False,33,15,0,3.0387144804863397,14.663884004709312,100.2775778560492,-2.1316282072803006e-14,1.0,1.0,0.0,0.0,5.508880655437034,5.508880655437034,0.0,0.0
id_randomized_heldout,A5_train_seed_1,40041,250,250,False,250,250,0,31.004710164056732,31.753606805308497,7751.177541014183,-2.842170943040401e-14,1.0,1.0,0.0,0.0,9.186901603129858,9.186901603129858,0.0,0.0
id_randomized_heldout,A5_train_seed_1,40042,250,250,False,250,31,0,1.32878945997694,15.308351927868571,332.19736499423504,-4.973799150320701e-14,1.0,1.0,0.0,0.0,3.9517560851341984,3.9517560851341984,0.0,0.0
id_randomized_heldout,A5_train_seed_1,40043,85,85,False,85,50,0,4.175824148341498,28.009253161588454,354.9450526090273,-4.263256414560601e-14,1.0,1.0,0.0,0.0,7.544311942598909,7.544311942598909,0.0,0.0
id_randomized_heldout,A5_train_seed_1,40044,250,250,False,250,55,0,1.1991810970711276,28.344140802675888,299.7952742677819,-5.684341886080802e-14,1.0,1.0,0.0,0.0,6.922439609828672,6.922439609828672,0.0,0.0
id_randomized_heldout,A5_train_seed_1,40045,80,80,False,80,52,0,3.766127696535078,13.787350215163285,301.29021572280624,-2.842170943040401e-14,1.0,1.0,0.0,0.0,7.437167176673751,7.437167176673751,0.0,0.0
id_randomized_heldout,A5_train_seed_1,40046,250,250,False,250,250,0,15.656663243117238,26.933208761325673,3914.1658107793096,-5.684341886080802e-14,1.0,1.0,0.0,0.0,8.12766827690714,8.12766827690714,0.0,0.0
id_randomized_heldout,A5_train_seed_1,40047,80,80,False,80,63,0,7.631692901824008,26.582712097572394,610.5354321459206,-5.684341886080802e-14,1.0,1.0,0.0,0.0,8.454823384058859,8.454823384058859,0.0,0.0
id_randomized_heldout,A5_train_seed_1,40048,43,43,False,43,14,0,2.289815000781986,9.808723770633614,98.4620450336254,-2.1316282072803006e-14,1.0,1.0,0.0,0.0,4.67389052333789,4.67389052333789,0.0,0.0
id_randomized_heldout,A5_train_seed_1,40049,250,250,False,250,61,0,1.4924224464474378,15.135265283019551,373.10561161185944,-4.973799150320701e-14,1.0,1.0,0.0,0.0,5.327395597014333,5.327395597014333,0.0,0.0
id_randomized_heldout,A5_train_seed_1,40050,250,250,False,250,93,0,1.9358622070328237,7.716127862792292,483.96555175820595,-2.842170943040401e-14,1.0,1.0,0.0,0.0,7.242586799386918,7.242586799386918,0.0,0.0
id_randomized_heldout,A5_train_seed_1,40051,123,123,False,123,122,2,4.968993438899768,10.884422652491486,611.1861929846715,-2.1316282072803006e-14,1.0,1.0,0.0,0.0,8.29326191076902,8.29326191076902,0.0,0.0
id_randomized_heldout,A5_train_seed_1,40052,75,75,False,75,36,0,8.953649792105141,31.55322718939515,671.5237344078855,-1.4210854715202004e-14,1.0,1.0,0.0,0.0,6.812827706325795,6.812827706325795,0.0,0.0
id_randomized_heldout,A5_train_seed_1,40053,55,55,False,55,33,0,3.400981375174451,10.114045574487692,187.0539756345948,-3.552713678800501e-14,1.0,1.0,0.0,0.0,5.8839122266706,5.8839122266706,0.0,0.0
id_randomized_heldout,A5_train_seed_1,40054,250,250,False,250,248,11,10.021008727180766,29.263521553619288,2505.2521817951915,-2.842170943040401e-14,1.0,1.0,0.0,0.0,7.1951031389345195,7.1951031389345195,0.0,0.0
id_randomized_heldout,A5_train_seed_1,40055,58,58,False,58,16,0,4.060520202462239,22.182841163078397,235.51017174280986,-2.1316282072803006e-14,1.0,1.0,0.0,0.0,3.8343944444920375,3.8343944444920375,0.0,0.0
id_randomized_heldout,A5_train_seed_1,40056,250,250,False,250,13,0,0.15417130967876136,4.020122665570126,38.54282741969034,-2.1316282072803006e-14,1.0,1.0,0.0,0.0,4.15728443155071,4.15728443155071,0.0,0.0
id_randomized_heldout,A5_train_seed_1,40057,78,79,True,78,78,0,15.338205586759345,19.72748513370613,1211.7182413539883,-4.278945978012381,1.0,1.0,0.0,0.0,10.59638956911914,10.59638956911914,0.0,0.0
id_randomized_heldout,A5_train_seed_1,40058,250,250,False,250,249,0,8.616409108195633,10.013274860405314,2154.102277048908,-4.263256414560601e-14,1.0,1.0,0.0,0.0,10.179144720009651,10.179144720009651,0.0,0.0
id_randomized_heldout,A5_train_seed_1,40059,250,250,False,250,44,0,0.595147533678924,3.789280855185142,148.786883419731,-3.552713678800501e-14,1.0,1.0,0.0,0.0,8.251798461666144,8.251798461666144,0.0,0.0
id_randomized_heldout,A5_train_seed_1,40060,250,250,False,250,12,0,0.2062187182744131,6.667577532734551,51.55467956860328,-1.0658141036401503e-14,1.0,1.0,0.0,0.0,4.208041324272615,4.208041324272615,0.0,0.0
id_randomized_heldout,A5_train_seed_1,40061,250,250,False,250,28,0,0.792662614642346,28.440872417415708,198.16565366058649,-2.1316282072803006e-14,1.0,1.0,0.0,0.0,5.353079209089081,5.353079209089081,0.0,0.0
id_randomized_heldout,A5_train_seed_1,40062,250,250,False,250,31,0,1.606905383836624,20.58214418942123,401.726345959156,-2.1316282072803006e-14,1.0,1.0,0.0,0.0,4.832555637847954,4.832555637847954,0.0,0.0
id_randomized_heldout,A5_train_seed_1,40063,250,250,False,250,27,0,0.27106523862690585,3.683940043307257,67.76630965672646,-2.4868995751603507e-14,1.0,1.0,0.0,0.0,9.146129702741614,9.146129702741614,0.0,0.0
id_randomized_heldout,A5_train_seed_1,40064,32,32,False,32,12,0,2.2299017107525003,7.7950402926335585,71.35685474408001,-3.197442310920451e-14,1.0,1.0,0.0,0.0,6.031048610624143,6.031048610624143,0.0,0.0
id_randomized_heldout,A5_train_seed_1,40065,250,250,False,250,91,0,5.0594506788956,21.408741208251417,1264.8626697239001,-7.105427357601002e-14,1.0,1.0,0.0,0.0,8.42220822432666,8.42220822432666,0.0,0.0
id_randomized_heldout,A5_train_seed_1,40066,96,96,False,96,27,0,4.590024475218715,26.53104431997906,440.6423496209966,-2.1316282072803006e-14,1.0,1.0,0.0,0.0,3.347840231760465,3.347840231760465,0.0,0.0
id_randomized_heldout,A5_train_seed_1,40067,61,61,False,61,18,0,1.4178567808184883,6.736817403329986,86.48926362992779,-2.842170943040401e-14,1.0,1.0,0.0,0.0,5.455992631855756,5.455992631855756,0.0,0.0
id_randomized_heldout,A5_train_seed_1,40068,66,66,False,66,22,0,0.7769663369299644,4.72539851790721,51.27977823737765,-2.842170943040401e-14,1.0,1.0,0.0,0.0,8.803277543244379,8.803277543244379,0.0,0.0
id_randomized_heldout,A5_train_seed_1,40069,250,250,False,250,77,0,2.739461709713881,25.88793630828266,684.8654274284702,-5.684341886080802e-14,1.0,1.0,0.0,0.0,5.998262746359238,5.998262746359238,0.0,0.0
id_randomized_heldout,A5_train_seed_1,40070,250,250,False,250,20,0,0.29130418909871275,4.637142169835856,72.82604727467819,-2.842170943040401e-14,1.0,1.0,0.0,0.0,5.242292270650999,5.242292270650999,0.0,0.0
id_randomized_heldout,A5_train_seed_1,40071,80,80,False,80,35,0,2.2984321784095494,9.55208186603048,183.87457427276394,-2.842170943040401e-14,1.0,1.0,0.0,0.0,7.759894361257167,7.759894361257167,0.0,0.0
id_randomized_heldout,A5_train_seed_1,40072,250,250,False,250,20,0,0.42535462635887444,7.321714700472682,106.33865658971861,-3.552713678800501e-14,1.0,1.0,0.0,0.0,5.623893854320235,5.623893854320235,0.0,0.0
id_randomized_heldout,A5_train_seed_1,40073,135,135,False,135,47,0,4.4001560865321,24.23590576090355,594.0210716818334,-5.684341886080802e-14,1.0,1.0,0.0,0.0,5.034812898908529,5.034812898908529,0.0,0.0
id_randomized_heldout,A5_train_seed_1,40074,67,67,False,67,28,0,3.3129905547385508,17.241801857828982,221.9703671674829,-1.4210854715202004e-14,1.0,1.0,0.0,0.0,5.207841021987423,5.207841021987423,0.0,0.0
id_randomized_heldout,A5_train_seed_1,40075,250,250,False,250,63,0,3.372042753050729,26.629243155036953,843.0106882626823,-2.1316282072803006e-14,1.0,1.0,0.0,0.0,4.418239229576204,4.418239229576204,0.0,0.0
id_randomized_heldout,A5_train_seed_1,40076,45,45,False,45,16,0,4.638389528386322,17.699195949873904,208.72752877738452,-2.1316282072803006e-14,1.0,1.0,0.0,0.0,4.462491826521707,4.462491826521707,0.0,0.0
id_randomized_heldout,A5_train_seed_1,40077,250,250,False,250,250,0,2.2991732787363803,7.168891506733819,574.7933196840951,-2.1316282072803006e-14,1.0,1.0,0.0,0.0,8.483112863400358,8.483112863400358,0.0,0.0
id_randomized_heldout,A5_train_seed_1,40078,250,250,False,250,54,1,1.9085234867121215,15.949933948496149,477.13087167803036,-2.842170943040401e-14,1.0,1.0,0.0,0.0,6.41844649638572,6.41844649638572,0.0,0.0
id_randomized_heldout,A5_train_seed_1,40079,250,250,False,250,35,0,1.5403426431764402,16.855483809656445,385.08566079411,-5.684341886080802e-14,1.0,1.0,0.0,0.0,4.300566039345729,4.300566039345729,0.0,0.0
id_randomized_heldout,A5_train_seed_1,40080,50,50,False,50,13,0,3.4480534327347825,20.804767987542384,172.40267163673911,-2.1316282072803006e-14,1.0,1.0,0.0,0.0,2.308768724663263,2.308768724663263,0.0,0.0
id_randomized_heldout,A5_train_seed_1,40081,139,139,False,139,57,0,7.258884528037061,26.733110633352993,1008.9849493971516,-2.842170943040401e-14,1.0,1.0,0.0,0.0,6.799280759939093,6.799280759939093,0.0,0.0
id_randomized_heldout,A5_train_seed_1,40082,74,75,True,74,66,0,12.185756530171487,22.36958183922576,913.9317397628615,-13.88105332028774,1.0,1.0,0.0,0.0,9.753034901825567,9.753034901825567,0.0,0.0
id_randomized_heldout,A5_train_seed_1,40083,114,114,False,114,57,0,6.084960269072488,31.40154547783668,693.6854706742637,-2.1316282072803006e-14,1.0,1.0,0.0,0.0,6.906057677816224,6.906057677816224,0.0,0.0
id_randomized_heldout,A5_train_seed_1,40084,250,250,False,250,43,0,3.8719312219760518,30.8084301094772,967.982805494013,-2.842170943040401e-14,1.0,1.0,0.0,0.0,7.744799097461051,7.744799097461051,0.0,0.0
id_randomized_heldout,A5_train_seed_1,40085,250,250,False,250,246,0,5.372971861064749,10.242381733468743,1343.2429652661872,-2.842170943040401e-14,1.0,1.0,0.0,0.0,9.807203847224653,9.807203847224653,0.0,0.0
id_randomized_heldout,A5_train_seed_1,40086,250,250,False,250,32,0,0.6195160823514991,6.5530619990604455,154.87902058787478,-2.842170943040401e-14,1.0,1.0,0.0,0.0,3.8344533728561374,3.8344533728561374,0.0,0.0
id_randomized_heldout,A5_train_seed_1,40087,250,250,False,250,27,0,1.586050857415142,21.264689950623918,396.5127143537855,-1.0658141036401503e-14,1.0,1.0,0.0,0.0,5.552307298861032,5.552307298861032,0.0,0.0
id_randomized_heldout,A5_train_seed_1,40088,43,43,False,43,19,0,2.365862557054621,7.099127568101993,101.7320899533487,-3.197442310920451e-14,1.0,1.0,0.0,0.0,4.400844107032213,4.400844107032213,0.0,0.0
id_randomized_heldout,A5_train_seed_1,40089,250,250,False,250,27,0,1.0966510925940074,13.886494314852293,274.16277314850186,-4.973799150320701e-14,1.0,1.0,0.0,0.0,3.893161083152097,3.893161083152097,0.0,0.0
id_randomized_heldout,A5_train_seed_1,40090,71,71,False,71,56,0,5.715184768249245,27.069786605115468,405.77811854569643,-2.842170943040401e-14,1.0,1.0,0.0,0.0,7.099535377817148,7.099535377817148,0.0,0.0
id_randomized_heldout,A5_train_seed_1,40091,250,250,False,250,35,0,1.217223254900652,23.43329268122823,304.30581372516303,-3.552713678800501e-14,1.0,1.0,0.0,0.0,4.2587851639280485,4.2587851639280485,0.0,0.0
id_randomized_heldout,A5_train_seed_1,40092,250,250,False,250,7,0,0.10193130629293179,4.625894764809936,25.48282657323295,-7.105427357601002e-15,1.0,1.0,0.0,0.0,7.206397625931913,7.206397625931913,0.0,0.0
id_randomized_heldout,A5_train_seed_1,40093,99,99,False,99,35,0,2.949285806983871,25.395402401940295,291.97929489140324,-4.263256414560601e-14,1.0,1.0,0.0,0.0,6.945757277807511,6.945757277807511,0.0,0.0
id_randomized_heldout,A5_train_seed_1,40094,250,250,False,250,74,0,1.7408644040898493,10.616523076563107,435.21610102246234,-5.684341886080802e-14,1.0,1.0,0.0,0.0,3.4355350876342645,3.4355350876342645,0.0,0.0
id_randomized_heldout,A5_train_seed_1,40095,62,62,False,62,41,0,3.908515153186472,15.16513193211336,242.32793949756126,-2.842170943040401e-14,1.0,1.0,0.0,0.0,8.463182249449742,8.463182249449742,0.0,0.0
id_randomized_heldout,A5_train_seed_1,40096,250,250,False,250,93,0,1.5412612332517952,6.535215841632795,385.3153083129488,-4.263256414560601e-14,1.0,1.0,0.0,0.0,9.26092351678979,9.26092351678979,0.0,0.0
id_randomized_heldout,A5_train_seed_1,40097,250,250,False,250,250,0,4.709467106675763,24.987419778840437,1177.366776668941,-6.039613253960852e-14,1.0,1.0,0.0,0.0,8.579926834814115,8.579926834814115,0.0,0.0
id_randomized_heldout,A5_train_seed_1,40098,78,78,False,78,66,0,5.740946541026986,17.018283412718404,447.7938302001049,-8.526512829121202e-14,1.0,1.0,0.0,0.0,5.919237741034861,5.919237741034861,0.0,0.0
id_randomized_heldout,A5_train_seed_1,40099,250,250,False,250,65,0,3.15242968175315,26.43996766352649,788.1074204382875,-2.842170943040401e-14,1.0,1.0,0.0,0.0,5.42836248248625,5.42836248248625,0.0,0.0
id_randomized_heldout,A5_train_seed_2,40000,106,106,False,106,54,0,4.963226983257178,18.820335722565158,526.1020602252609,-5.684341886080802e-14,1.0,1.0,0.0,0.0,7.888857441858426,7.888857441858426,0.0,0.0
id_randomized_heldout,A5_train_seed_2,40001,250,250,False,250,29,0,1.2483490067282323,19.161623002199033,312.0872516820581,-5.684341886080802e-14,1.0,1.0,0.0,0.0,6.1960904974673925,6.1960904974673925,0.0,0.0
id_randomized_heldout,A5_train_seed_2,40002,100,100,False,100,86,0,5.921460106105767,15.1060159376155,592.1460106105767,-2.842170943040401e-14,1.0,1.0,0.0,0.0,8.008338683362153,8.008338683362153,0.0,0.0
id_randomized_heldout,A5_train_seed_2,40003,83,83,False,83,67,0,6.364357584446666,29.27113154821534,528.2416795090733,-2.1316282072803006e-14,1.0,1.0,0.0,0.0,6.886036572196446,6.886036572196446,0.0,0.0
id_randomized_heldout,A5_train_seed_2,40004,71,71,False,71,20,0,5.195948710055923,26.31091333654242,368.91235841397054,-1.0658141036401503e-14,1.0,1.0,0.0,0.0,5.453034368852077,5.453034368852077,0.0,0.0
id_randomized_heldout,A5_train_seed_2,40005,118,118,False,118,48,0,8.969447130992094,33.25627750567685,1058.394761457067,-1.7763568394002505e-14,1.0,1.0,0.0,0.0,7.657228194357228,7.657228194357228,0.0,0.0
id_randomized_heldout,A5_train_seed_2,40006,72,72,False,72,33,0,8.265957186374454,26.212061377828533,595.1489174189607,-7.105427357601002e-14,1.0,1.0,0.0,0.0,6.036551454772451,6.036551454772451,0.0,0.0
id_randomized_heldout,A5_train_seed_2,40007,60,60,False,60,25,0,7.001188360227591,26.691456321282867,420.07130161365546,-3.197442310920451e-14,1.0,1.0,0.0,0.0,4.79923480572188,4.79923480572188,0.0,0.0
id_randomized_heldout,A5_train_seed_2,40008,61,61,False,61,18,0,2.805486104366164,13.712424454704447,171.13465236633598,-3.552713678800501e-14,1.0,1.0,0.0,0.0,4.97904132277801,4.97904132277801,0.0,0.0
id_randomized_heldout,A5_train_seed_2,40009,57,57,False,57,19,0,3.5132338464406065,16.29651772420951,200.25432924711458,-2.842170943040401e-14,1.0,1.0,0.0,0.0,5.766005724879944,5.766005724879944,0.0,0.0
id_randomized_heldout,A5_train_seed_2,40010,250,250,False,250,246,0,5.756324408193409,7.036853070952465,1439.0811020483522,-2.1316282072803006e-14,1.0,1.0,0.0,0.0,8.00875263332431,8.00875263332431,0.0,0.0
id_randomized_heldout,A5_train_seed_2,40011,250,250,False,250,21,0,0.9050960749727971,25.110189817924173,226.27401874319926,-2.842170943040401e-14,1.0,1.0,0.0,0.0,2.320224169294815,2.320224169294815,0.0,0.0
id_randomized_heldout,A5_train_seed_2,40012,250,250,False,250,29,0,2.3141727452001692,27.999646467688763,578.5431863000423,-1.4210854715202004e-14,1.0,1.0,0.0,0.0,4.368815971980375,4.368815971980375,0.0,0.0
id_randomized_heldout,A5_train_seed_2,40013,250,250,False,250,68,0,2.046261768126706,26.546523515986475,511.5654420316765,-4.263256414560601e-14,1.0,1.0,0.0,0.0,5.609589674973862,5.609589674973862,0.0,0.0
id_randomized_heldout,A5_train_seed_2,40014,76,76,False,76,45,0,4.032530552328915,8.615733607892361,306.4723219769976,-4.973799150320701e-14,1.0,1.0,0.0,0.0,7.247624886240216,7.247624886240216,0.0,0.0
id_randomized_heldout,A5_train_seed_2,40015,250,250,False,250,80,0,3.256519072222236,24.28201908200156,814.129768055559,-4.973799150320701e-14,1.0,1.0,0.0,0.0,7.229088283729538,7.229088283729538,0.0,0.0
id_randomized_heldout,A5_train_seed_2,40016,99,99,False,99,64,0,4.807206088730036,9.453260808448505,475.91340278427356,-4.263256414560601e-14,1.0,1.0,0.0,0.0,6.840379601546745,6.840379601546745,0.0,0.0
id_randomized_heldout,A5_train_seed_2,40017,54,54,False,54,14,2,3.060376136542463,23.275859554686747,165.260311373293,-1.4210854715202004e-14,1.0,1.0,0.0,0.0,4.877882883404483,4.877882883404483,0.0,0.0
id_randomized_heldout,A5_train_seed_2,40018,74,74,False,74,26,0,6.185971717230514,24.316976649802438,457.76190707505805,-1.7763568394002505e-14,1.0,1.0,0.0,0.0,5.712045437072885,5.712045437072885,0.0,0.0
id_randomized_heldout,A5_train_seed_2,40019,250,250,False,250,77,0,0.3471195776518931,7.63294514696445,86.77989441297328,-1.4210854715202004e-14,1.0,1.0,0.0,0.0,8.74490782485102,8.74490782485102,0.0,0.0
id_randomized_heldout,A5_train_seed_2,40020,67,67,False,67,44,0,3.2139335224267747,23.473330728669982,215.3335460025939,-1.4210854715202004e-14,1.0,1.0,0.0,0.0,5.886686100029847,5.886686100029847,0.0,0.0
id_randomized_heldout,A5_train_seed_2,40021,250,250,False,250,29,0,0.22279139633125214,3.3512966632843018,55.697849082813036,-2.1316282072803006e-14,1.0,1.0,0.0,0.0,7.724881789130915,7.724881789130915,0.0,0.0
id_randomized_heldout,A5_train_seed_2,40022,250,250,False,250,104,29,6.180325450205106,20.81292867530316,1545.0813625512765,-5.684341886080802e-14,1.0,1.0,0.0,0.0,7.836909160302195,7.836909160302195,0.0,0.0
id_randomized_heldout,A5_train_seed_2,40023,250,250,False,250,35,0,2.012858182187359,26.484259617276056,503.21454554683976,-2.842170943040401e-14,1.0,1.0,0.0,0.0,5.7660134115938835,5.7660134115938835,0.0,0.0
id_randomized_heldout,A5_train_seed_2,40024,34,34,False,34,16,0,1.8617339223878457,8.886153376078285,63.298953361186754,-1.4210854715202004e-14,1.0,1.0,0.0,0.0,8.38884315843602,8.38884315843602,0.0,0.0
id_randomized_heldout,A5_train_seed_2,40025,250,250,False,250,68,0,2.751694341596221,29.512465579118654,687.9235853990552,-5.684341886080802e-14,1.0,1.0,0.0,0.0,6.445653596098664,6.445653596098664,0.0,0.0
id_randomized_heldout,A5_train_seed_2,40026,66,66,False,66,23,0,4.053752432384645,18.71857338219146,267.54766053738655,-2.1316282072803006e-14,1.0,1.0,0.0,0.0,6.073290386860141,6.073290386860141,0.0,0.0
id_randomized_heldout,A5_train_seed_2,40027,87,87,False,87,34,0,9.461968343295213,33.92277388692333,823.1912458666836,-2.1316282072803006e-14,1.0,1.0,0.0,0.0,6.481718471173059,6.481718471173059,0.0,0.0
id_randomized_heldout,A5_train_seed_2,40028,250,250,False,250,24,0,0.1389854929552266,4.442191105558259,34.746373238806655,-2.1316282072803006e-14,1.0,1.0,0.0,0.0,5.732148571957452,5.732148571957452,0.0,0.0
id_randomized_heldout,A5_train_seed_2,40029,52,53,True,52,51,0,24.550993210007494,33.05624349460655,1301.2026401303972,-64.97223882494967,1.0,1.0,0.0,0.0,10.437828640346323,10.437828640346323,0.0,0.0
id_randomized_heldout,A5_train_seed_2,40030,80,80,False,80,66,0,5.385980891194174,22.607485232188004,430.87847129553387,-4.973799150320701e-14,1.0,1.0,0.0,0.0,6.132062862704457,6.132062862704457,0.0,0.0
id_randomized_heldout,A5_train_seed_2,40031,65,65,False,65,33,0,5.673512185827435,30.882376017775975,368.7782920787833,-1.4210854715202004e-14,1.0,1.0,0.0,0.0,5.278283595446627,5.278283595446627,0.0,0.0
id_randomized_heldout,A5_train_seed_2,40032,75,75,False,75,32,0,1.2019107034279095,4.843688687787856,90.14330275709321,-2.842170943040401e-14,1.0,1.0,0.0,0.0,7.6741559314314065,7.6741559314314065,0.0,0.0
id_randomized_heldout,A5_train_seed_2,40033,58,58,False,58,21,0,4.487280812205397,19.14901138898099,260.26228710791304,-2.1316282072803006e-14,1.0,1.0,0.0,0.0,4.252888274331409,4.252888274331409,0.0,0.0
id_randomized_heldout,A5_train_seed_2,40034,73,73,False,73,26,0,3.724821038913962,16.68387243585776,271.91193584071925,-2.1316282072803006e-14,1.0,1.0,0.0,0.0,6.572257140706372,6.572257140706372,0.0,0.0
id_randomized_heldout,A5_train_seed_2,40035,53,53,False,53,23,0,2.192932903583338,6.5980124452823965,116.2254438899169,-1.4210854715202004e-14,1.0,1.0,0.0,0.0,8.178097527162015,8.178097527162015,0.0,0.0
id_randomized_heldout,A5_train_seed_2,40036,250,250,False,250,61,0,4.058487653008098,19.784949674575703,1014.6219132520243,-4.618527782440651e-14,1.0,1.0,0.0,0.0,7.910572667615351,7.910572667615351,0.0,0.0
id_randomized_heldout,A5_train_seed_2,40037,250,250,False,250,250,0,13.190295530580848,35.13081875498766,3297.573882645212,-1.7763568394002505e-14,1.0,1.0,0.0,0.0,6.553683716198012,6.553683716198012,0.0,0.0
id_randomized_heldout,A5_train_seed_2,40038,250,250,False,250,41,0,1.5250738601221818,16.100772335274712,381.2684650305454,-2.842170943040401e-14,1.0,1.0,0.0,0.0,7.33411329024368,7.33411329024368,0.0,0.0
id_randomized_heldout,A5_train_seed_2,40039,85,85,False,85,60,0,5.551154293874927,13.415435762849588,471.84811497936886,-9.947598300641403e-14,1.0,1.0,0.0,0.0,8.44305610430488,8.44305610430488,0.0,0.0
id_randomized_heldout,A5_train_seed_2,40040,250,250,False,250,10,0,0.30722489962140187,15.045507379990738,76.80622490535046,-2.1316282072803006e-14,1.0,1.0,0.0,0.0,5.180264823093873,5.180264823093873,0.0,0.0
id_randomized_heldout,A5_train_seed_2,40041,250,250,False,250,250,0,19.63422439752694,22.24384898871598,4908.556099381734,-2.842170943040401e-14,1.0,1.0,0.0,0.0,9.085247608994592,9.085247608994592,0.0,0.0
id_randomized_heldout,A5_train_seed_2,40042,72,72,False,72,32,0,5.580689498355438,23.292824692321393,401.80964388159157,-2.842170943040401e-14,1.0,1.0,0.0,0.0,5.881815843727823,5.881815843727823,0.0,0.0
id_randomized_heldout,A5_train_seed_2,40043,88,88,False,88,49,0,4.497363593248679,29.464773786974177,395.7679962058837,-5.684341886080802e-14,1.0,1.0,0.0,0.0,6.884588110486347,6.884588110486347,0.0,0.0
id_randomized_heldout,A5_train_seed_2,40044,60,60,False,60,46,0,3.7841263085494523,17.395923543684166,227.04757851296714,-1.4210854715202004e-14,1.0,1.0,0.0,0.0,6.470003386842368,6.470003386842368,0.0,0.0
id_randomized_heldout,A5_train_seed_2,40045,74,74,False,74,52,0,4.2214458900256515,29.308628771010042,312.3869958618982,-1.4210854715202004e-14,1.0,1.0,0.0,0.0,5.405259618446824,5.405259618446824,0.0,0.0
id_randomized_heldout,A5_train_seed_2,40046,250,250,False,250,250,0,14.21203633409292,32.9151344532609,3553.00908352323,-2.842170943040401e-14,1.0,1.0,0.0,0.0,8.002213297600013,8.002213297600013,0.0,0.0
id_randomized_heldout,A5_train_seed_2,40047,96,96,False,96,63,0,6.463006625488181,25.10839082725959,620.4486360468654,-2.842170943040401e-14,1.0,1.0,0.0,0.0,6.335415319577181,6.335415319577181,0.0,0.0
id_randomized_heldout,A5_train_seed_2,40048,65,65,False,65,26,0,2.101252419160468,16.69545609985917,136.5814072454304,-3.552713678800501e-14,1.0,1.0,0.0,0.0,7.08442595091153,7.08442595091153,0.0,0.0
id_randomized_heldout,A5_train_seed_2,40049,132,132,False,132,61,0,5.6375151279498885,21.549544084847998,744.1519968893853,-2.842170943040401e-14,1.0,1.0,0.0,0.0,6.961059637751525,6.961059637751525,0.0,0.0
id_randomized_heldout,A5_train_seed_2,40050,114,114,False,114,98,0,3.0920846751285755,7.435446062315087,352.4976529646576,-2.842170943040401e-14,1.0,1.0,0.0,0.0,6.930635588265781,6.930635588265781,0.0,0.0
id_randomized_heldout,A5_train_seed_2,40051,250,250,False,250,247,2,4.575301464904917,7.372183547369197,1143.825366226229,-2.842170943040401e-14,1.0,1.0,0.0,0.0,7.526844467486371,7.526844467486371,0.0,0.0
id_randomized_heldout,A5_train_seed_2,40052,93,93,False,93,38,0,8.858145590271876,33.924855838433885,823.8075398952844,-1.7763568394002505e-14,1.0,1.0,0.0,0.0,7.991563195456827,7.991563195456827,0.0,0.0
id_randomized_heldout,A5_train_seed_2,40053,87,87,False,87,29,0,1.943748489537535,9.825183709681419,169.10611858976554,-2.842170943040401e-14,1.0,1.0,0.0,0.0,6.65801996227278,6.65801996227278,0.0,0.0
id_randomized_heldout,A5_train_seed_2,40054,250,250,False,250,250,21,11.554438951085045,17.306519328837393,2888.6097377712613,-1.7763568394002505e-14,1.0,1.0,0.0,0.0,7.7321077057851815,7.7321077057851815,0.0,0.0
id_randomized_heldout,A5_train_seed_2,40055,65,65,False,65,17,0,3.749314415026586,27.80934174178247,243.7054369767281,-2.1316282072803006e-14,1.0,1.0,0.0,0.0,3.3680587590722935,3.3680587590722935,0.0,0.0
id_randomized_heldout,A5_train_seed_2,40056,124,124,False,124,45,0,0.8779861593405976,7.504641272240748,108.87028375823411,-1.4210854715202004e-14,1.0,1.0,0.0,0.0,7.923203274722294,7.923203274722294,0.0,0.0
id_randomized_heldout,A5_train_seed_2,40057,76,77,True,76,76,0,26.331880078636864,32.85741984379313,2027.5547660550385,-44.20662039848244,1.0,1.0,0.0,0.0,10.575014009223889,10.575014009223889,0.0,0.0
id_randomized_heldout,A5_train_seed_2,40058,250,250,False,250,222,0,4.891050318855521,7.375037086707263,1222.7625797138803,-3.552713678800501e-14,1.0,1.0,0.0,0.0,6.962759356711241,6.962759356711241,0.0,0.0
id_randomized_heldout,A5_train_seed_2,40059,250,250,False,250,37,0,0.8343162111527421,8.396835002404563,208.57905278818552,-4.263256414560601e-14,1.0,1.0,0.0,0.0,4.939019674205725,4.939019674205725,0.0,0.0
id_randomized_heldout,A5_train_seed_2,40060,68,68,False,68,12,0,0.5709020866546782,8.704283805721742,38.82134189251812,-1.0658141036401503e-14,1.0,1.0,0.0,0.0,3.280538732351323,3.280538732351323,0.0,0.0
id_randomized_heldout,A5_train_seed_2,40061,49,49,False,49,29,0,4.989378816141003,28.841998660987436,244.47956199090916,-4.263256414560601e-14,1.0,1.0,0.0,0.0,5.937241928984449,5.937241928984449,0.0,0.0
id_randomized_heldout,A5_train_seed_2,40062,63,63,False,63,30,0,7.089814565404468,19.89362467916384,446.65831762048145,-8.171241461241152e-14,1.0,1.0,0.0,0.0,7.336127647465762,7.336127647465762,0.0,0.0
id_randomized_heldout,A5_train_seed_2,40063,250,250,False,250,19,0,0.29226331610402057,7.272696672375255,73.06582902600515,-3.197442310920451e-14,1.0,1.0,0.0,0.0,4.578135634249392,4.578135634249392,0.0,0.0
id_randomized_heldout,A5_train_seed_2,40064,46,46,False,46,7,0,0.9104669384546109,8.982056383337284,41.8814791689121,-2.842170943040401e-14,1.0,1.0,0.0,0.0,5.6995189513010995,5.6995189513010995,0.0,0.0
id_randomized_heldout,A5_train_seed_2,40065,250,250,False,250,93,0,4.695083413468504,16.743724831504426,1173.7708533671262,-5.684341886080802e-14,1.0,1.0,0.0,0.0,8.482063344391614,8.482063344391614,0.0,0.0
id_randomized_heldout,A5_train_seed_2,40066,93,93,False,93,28,0,3.794243951471525,29.44921629168014,352.86468748685184,-2.1316282072803006e-14,1.0,1.0,0.0,0.0,4.547701867930431,4.547701867930431,0.0,0.0
id_randomized_heldout,A5_train_seed_2,40067,45,45,False,45,17,0,2.5906113618085076,9.209979151672073,116.57751128138284,-3.552713678800501e-14,1.0,1.0,0.0,0.0,6.571287973281729,6.571287973281729,0.0,0.0
id_randomized_heldout,A5_train_seed_2,40068,250,250,False,250,19,0,0.125124712475257,7.11346906732143,31.28117811881425,-1.4210854715202004e-14,1.0,1.0,0.0,0.0,8.545188308112342,8.545188308112342,0.0,0.0
id_randomized_heldout,A5_train_seed_2,40069,146,146,False,146,73,0,4.711317419608513,20.232081568618174,687.8523432628429,-1.4210854715202004e-14,1.0,1.0,0.0,0.0,6.266108374567452,6.266108374567452,0.0,0.0
id_randomized_heldout,A5_train_seed_2,40070,46,46,False,46,16,0,1.7502835294075216,8.753683099193372,80.513042352746,-2.1316282072803006e-14,1.0,1.0,0.0,0.0,6.960881980390187,6.960881980390187,0.0,0.0
id_randomized_heldout,A5_train_seed_2,40071,250,250,False,250,40,0,1.1516754878217248,12.54445968720168,287.9188719554312,-7.105427357601002e-14,1.0,1.0,0.0,0.0,9.224058265024503,9.224058265024503,0.0,0.0
id_randomized_heldout,A5_train_seed_2,40072,36,36,False,36,21,0,1.819685073610118,8.05565474896248,65.50866264996425,-3.907985046680551e-14,1.0,1.0,0.0,0.0,6.9179417690866805,6.9179417690866805,0.0,0.0
id_randomized_heldout,A5_train_seed_2,40073,90,90,False,90,49,0,6.669478408797613,21.728670665975976,600.2530567917852,-3.552713678800501e-14,1.0,1.0,0.0,0.0,6.412213778766224,6.412213778766224,0.0,0.0
id_randomized_heldout,A5_train_seed_2,40074,60,60,False,60,26,0,5.903915081661717,21.698510378083625,354.234904899703,-2.4868995751603507e-14,1.0,1.0,0.0,0.0,7.67829522496867,7.67829522496867,0.0,0.0
id_randomized_heldout,A5_train_seed_2,40075,250,250,False,250,49,0,3.9442997824562216,31.351924437526957,986.0749456140554,-2.1316282072803006e-14,1.0,1.0,0.0,0.0,4.9928991820496895,4.9928991820496895,0.0,0.0
id_randomized_heldout,A5_train_seed_2,40076,51,51,False,51,12,0,3.2851337919316714,18.732399473962364,167.54182338851524,-2.1316282072803006e-14,1.0,1.0,0.0,0.0,4.202570732221686,4.202570732221686,0.0,0.0
id_randomized_heldout,A5_train_seed_2,40077,250,250,False,250,250,0,3.5180531923933915,6.133745298003747,879.5132980983478,-2.842170943040401e-14,1.0,1.0,0.0,0.0,7.688085508572318,7.688085508572318,0.0,0.0
id_randomized_heldout,A5_train_seed_2,40078,77,77,False,77,51,0,5.201329677368329,25.841415204944077,400.50238515736135,-1.4210854715202004e-14,1.0,1.0,0.0,0.0,5.213173606246814,5.213173606246814,0.0,0.0
id_randomized_heldout,A5_train_seed_2,40079,79,79,False,79,44,0,5.546302753192002,20.725955882161287,438.1579175021682,-2.1316282072803006e-14,1.0,1.0,0.0,0.0,7.075641694617888,7.075641694617888,0.0,0.0
id_randomized_heldout,A5_train_seed_2,40080,250,250,False,250,11,0,0.548983528911406,20.385227090934542,137.2458822278515,-4.973799150320701e-14,1.0,1.0,0.0,0.0,2.3228031604439985,2.3228031604439985,0.0,0.0
id_randomized_heldout,A5_train_seed_2,40081,250,250,False,250,95,0,6.063899326612569,31.165185427326456,1515.9748316531422,-2.842170943040401e-14,1.0,1.0,0.0,0.0,7.954273978240518,7.954273978240518,0.0,0.0
id_randomized_heldout,A5_train_seed_2,40082,78,79,True,78,70,0,19.98662500660195,32.869153246527944,1578.9433755215541,-15.76711966715899,1.0,1.0,0.0,0.0,7.84800015662219,7.84800015662219,0.0,0.0
id_randomized_heldout,A5_train_seed_2,40083,250,250,False,250,34,0,3.8335925428322204,35.99019933913583,958.3981357080551,-2.1316282072803006e-14,1.0,1.0,0.0,0.0,7.857925914966035,7.857925914966035,0.0,0.0
id_randomized_heldout,A5_train_seed_2,40084,250,250,False,250,54,0,3.036346136131478,21.014478961522197,759.0865340328695,-6.394884621840902e-14,1.0,1.0,0.0,0.0,6.445093257976641,6.445093257976641,0.0,0.0
id_randomized_heldout,A5_train_seed_2,40085,250,250,False,250,233,0,2.2299449396130115,10.145811452407447,557.4862349032529,-4.263256414560601e-14,1.0,1.0,0.0,0.0,5.678632746232034,5.678632746232034,0.0,0.0
id_randomized_heldout,A5_train_seed_2,40086,59,59,False,59,27,0,2.3428505752771307,8.273864614878118,138.22818394135072,-4.263256414560601e-14,1.0,1.0,0.0,0.0,6.820411461299929,6.820411461299929,0.0,0.0
id_randomized_heldout,A5_train_seed_2,40087,124,124,False,124,27,0,3.7238158401165893,24.3060140124467,461.7531641744571,-1.0658141036401503e-14,1.0,1.0,0.0,0.0,5.388770620067756,5.388770620067756,0.0,0.0
id_randomized_heldout,A5_train_seed_2,40088,73,73,False,73,19,0,1.1057357110029142,6.697895154929647,80.71870690321273,-1.7763568394002505e-14,1.0,1.0,0.0,0.0,7.00022092325994,7.00022092325994,0.0,0.0
id_randomized_heldout,A5_train_seed_2,40089,63,63,False,63,32,0,7.296798691983361,22.025319671984036,459.69831759495173,-1.7763568394002505e-14,1.0,1.0,0.0,0.0,7.473338692307847,7.473338692307847,0.0,0.0
id_randomized_heldout,A5_train_seed_2,40090,83,83,False,83,51,0,3.6672420159794705,16.568471137998092,304.38108732629604,-3.552713678800501e-14,1.0,1.0,0.0,0.0,6.565308965761134,6.565308965761134,0.0,0.0
id_randomized_heldout,A5_train_seed_2,40091,77,77,False,77,35,0,4.875795697317247,29.214805313611855,375.436268693428,-4.973799150320701e-14,1.0,1.0,0.0,0.0,5.623076580070064,5.623076580070064,0.0,0.0
id_randomized_heldout,A5_train_seed_2,40092,250,250,False,250,6,0,0.09864088840909138,6.82973164780329,24.660222102272847,-2.1316282072803006e-14,1.0,1.0,0.0,0.0,2.30902126185086,2.30902126185086,0.0,0.0
id_randomized_heldout,A5_train_seed_2,40093,101,101,False,101,45,0,3.9619288896268605,26.73130527186837,400.15481785231293,-7.105427357601002e-14,1.0,1.0,0.0,0.0,7.035723999703249,7.035723999703249,0.0,0.0
id_randomized_heldout,A5_train_seed_2,40094,122,122,False,122,72,0,3.9534145874323308,11.903143795789317,482.31657966674436,-2.842170943040401e-14,1.0,1.0,0.0,0.0,7.804389341550307,7.804389341550307,0.0,0.0
id_randomized_heldout,A5_train_seed_2,40095,109,109,False,109,48,0,3.815298529997002,19.352179418805722,415.8675397696732,-4.263256414560601e-14,1.0,1.0,0.0,0.0,6.751754962195226,6.751754962195226,0.0,0.0
id_randomized_heldout,A5_train_seed_2,40096,250,250,False,250,208,0,2.0400860727925845,7.576594670494744,510.02151819814617,-3.552713678800501e-14,1.0,1.0,0.0,0.0,8.514457954128165,8.514457954128165,0.0,0.0
id_randomized_heldout,A5_train_seed_2,40097,250,250,False,250,44,0,2.9584114144074594,36.65820853481865,739.6028536018648,-1.4210854715202004e-14,1.0,1.0,0.0,0.0,3.0563768257418436,3.0563768257418436,0.0,0.0
id_randomized_heldout,A5_train_seed_2,40098,81,81,False,81,81,0,8.20032780396384,30.00848313615443,664.226552121071,-1.509903313490213e-14,1.0,1.0,0.0,0.0,6.352823465515473,6.352823465515473,0.0,0.0
id_randomized_heldout,A5_train_seed_2,40099,250,250,False,250,49,0,4.084515172866165,33.41106622562796,1021.1287932165412,-2.842170943040401e-14,1.0,1.0,0.0,0.0,5.280032914903219,5.280032914903219,0.0,0.0
id_randomized_heldout,A5_train_seed_3,40000,73,73,False,73,50,0,3.93635101857253,10.394784296282365,287.3536243557947,-2.842170943040401e-14,1.0,1.0,0.0,0.0,7.180900821778943,7.180900821778943,0.0,0.0
id_randomized_heldout,A5_train_seed_3,40001,131,131,False,131,23,0,1.8730696936212219,16.31402078097661,245.37212986438007,-5.684341886080802e-14,1.0,1.0,0.0,0.0,8.314211700001888,8.314211700001888,0.0,0.0
id_randomized_heldout,A5_train_seed_3,40002,108,108,False,108,95,0,4.849288786147327,15.732194205880697,523.7231889039114,-4.263256414560601e-14,1.0,1.0,0.0,0.0,8.200267888149746,8.200267888149746,0.0,0.0
id_randomized_heldout,A5_train_seed_3,40003,250,250,False,250,225,0,2.5985805108875146,15.04704028699823,649.6451277218787,-4.085620730620576e-14,1.0,1.0,0.0,0.0,7.459814061537046,7.459814061537046,0.0,0.0
id_randomized_heldout,A5_train_seed_3,40004,250,250,False,250,23,0,1.14466228951538,18.942137499018454,286.165572378845,-1.0658141036401503e-14,1.0,1.0,0.0,0.0,3.684810509854348,3.684810509854348,0.0,0.0
id_randomized_heldout,A5_train_seed_3,40005,84,84,False,84,46,0,8.422748556565981,26.940814530223342,707.5108787515424,-1.4210854715202004e-14,1.0,1.0,0.0,0.0,6.618121619327843,6.618121619327843,0.0,0.0
id_randomized_heldout,A5_train_seed_3,40006,250,250,False,250,26,0,1.4330623057115863,16.886296140292572,358.2655764278966,-1.4210854715202004e-14,1.0,1.0,0.0,0.0,4.442378760557013,4.442378760557013,0.0,0.0
id_randomized_heldout,A5_train_seed_3,40007,74,74,False,74,30,0,9.14316577142274,32.86597419953929,676.5942670852828,-2.1316282072803006e-14,1.0,1.0,0.0,0.0,7.516112773170187,7.516112773170187,0.0,0.0
id_randomized_heldout,A5_train_seed_3,40008,250,250,False,250,32,0,0.9394365141743148,13.4140778349363,234.85912854357872,-2.1316282072803006e-14,1.0,1.0,0.0,0.0,5.642712629125976,5.642712629125976,0.0,0.0
id_randomized_heldout,A5_train_seed_3,40009,49,49,False,49,22,0,4.389258193683556,14.957745384833588,215.07365149049426,-3.197442310920451e-14,1.0,1.0,0.0,0.0,6.762621833302877,6.762621833302877,0.0,0.0
id_randomized_heldout,A5_train_seed_3,40010,250,250,False,250,244,0,4.222291328447815,9.449821541839102,1055.5728321119536,-1.4210854715202004e-14,1.0,1.0,0.0,0.0,6.650619625744726,6.650619625744726,0.0,0.0
id_randomized_heldout,A5_train_seed_3,40011,76,76,False,76,14,0,2.213876157189164,24.296100014783523,168.25458794637646,-7.105427357601002e-15,1.0,1.0,0.0,0.0,2.9178508222496795,2.9178508222496795,0.0,0.0
id_randomized_heldout,A5_train_seed_3,40012,77,77,False,77,30,0,4.904224915107303,18.40459024222696,377.6253184632623,-1.4210854715202004e-14,1.0,1.0,0.0,0.0,7.699689727335716,7.699689727335716,0.0,0.0
id_randomized_heldout,A5_train_seed_3,40013,95,95,False,95,69,0,5.612017379985005,20.472340218392436,533.1416510985755,-8.526512829121202e-14,1.0,1.0,0.0,0.0,6.6224066045270185,6.6224066045270185,0.0,0.0
id_randomized_heldout,A5_train_seed_3,40014,70,70,False,70,57,0,6.312725339079158,12.172550997453326,441.8907737355411,-4.263256414560601e-14,1.0,1.0,0.0,0.0,8.394423235911537,8.394423235911537,0.0,0.0
id_randomized_heldout,A5_train_seed_3,40015,250,250,False,250,63,0,2.903716015373627,26.997916758675263,725.9290038434068,-2.842170943040401e-14,1.0,1.0,0.0,0.0,6.041696881478806,6.041696881478806,0.0,0.0
id_randomized_heldout,A5_train_seed_3,40016,88,88,False,88,75,0,5.757810160044683,10.028903278002396,506.6872940839321,-2.842170943040401e-14,1.0,1.0,0.0,0.0,7.815291233520136,7.815291233520136,0.0,0.0
id_randomized_heldout,A5_train_seed_3,40017,63,63,False,63,17,2,3.329883345491578,22.70552879920939,209.78265076596944,-1.4210854715202004e-14,1.0,1.0,0.0,0.0,7.311032882826817,7.311032882826817,0.0,0.0
id_randomized_heldout,A5_train_seed_3,40018,68,68,False,68,25,0,7.806685240579591,27.60373596967407,530.8545963594122,-1.4210854715202004e-14,1.0,1.0,0.0,0.0,4.943882924615778,4.943882924615778,0.0,0.0
id_randomized_heldout,A5_train_seed_3,40019,250,250,False,250,18,0,0.4018988027401243,7.3935085327452725,100.47470068503107,-1.4210854715202004e-14,1.0,1.0,0.0,0.0,5.022153102752863,5.022153102752863,0.0,0.0
id_randomized_heldout,A5_train_seed_3,40020,63,63,False,63,44,0,3.130541965507793,9.838009862829283,197.22414382699094,-2.842170943040401e-14,1.0,1.0,0.0,0.0,7.311415886385271,7.311415886385271,0.0,0.0
id_randomized_heldout,A5_train_seed_3,40021,250,250,False,250,34,0,0.6335145725724645,5.938822269439697,158.3786431431161,-2.1316282072803006e-14,1.0,1.0,0.0,0.0,6.978876585276498,6.978876585276498,0.0,0.0
id_randomized_heldout,A5_train_seed_3,40022,197,197,False,197,108,39,9.347816730053578,31.217412902989174,1841.519895820555,-2.842170943040401e-14,1.0,1.0,0.0,0.0,7.343097620540196,7.343097620540196,0.0,0.0
id_randomized_heldout,A5_train_seed_3,40023,127,127,False,127,32,0,4.701101529095788,26.429536105382514,597.0398941951651,-4.263256414560601e-14,1.0,1.0,0.0,0.0,7.344921051930408,7.344921051930408,0.0,0.0
id_randomized_heldout,A5_train_seed_3,40024,250,250,False,250,12,0,0.20000637876368843,5.650531619225287,50.001594690922104,-1.4210854715202004e-14,1.0,1.0,0.0,0.0,6.298899828402949,6.298899828402949,0.0,0.0
id_randomized_heldout,A5_train_seed_3,40025,250,250,False,250,72,0,2.189153470429972,21.388429939493083,547.288367607493,-5.684341886080802e-14,1.0,1.0,0.0,0.0,6.727437313200589,6.727437313200589,0.0,0.0
id_randomized_heldout,A5_train_seed_3,40026,250,250,False,250,23,0,1.1854442525842783,19.406175764133494,296.36106314606957,-2.1316282072803006e-14,1.0,1.0,0.0,0.0,2.3436885234986913,2.3436885234986913,0.0,0.0
id_randomized_heldout,A5_train_seed_3,40027,250,250,False,250,31,0,1.718874003483658,18.144918952576017,429.7185008709145,-2.1316282072803006e-14,1.0,1.0,0.0,0.0,4.90970268989279,4.90970268989279,0.0,0.0
id_randomized_heldout,A5_train_seed_3,40028,63,63,False,63,15,0,0.8398731789347497,5.508820391653379,52.912010272889226,-2.1316282072803006e-14,1.0,1.0,0.0,0.0,6.17955001936998,6.17955001936998,0.0,0.0
id_randomized_heldout,A5_train_seed_3,40029,50,51,True,50,49,0,20.172014739656145,32.06125470228316,1028.7727517224635,-34.23005964715746,1.0,1.0,0.0,0.0,7.606806036091346,7.606806036091346,0.0,0.0
id_randomized_heldout,A5_train_seed_3,40030,250,250,False,250,194,0,2.7650243108448387,16.794433570118755,691.2560777112096,-2.842170943040401e-14,1.0,1.0,0.0,0.0,5.726162339651403,5.726162339651403,0.0,0.0
id_randomized_heldout,A5_train_seed_3,40031,64,64,False,64,38,0,4.494775648855886,22.092112020965427,287.6656415267767,-1.5987211554602254e-14,1.0,1.0,0.0,0.0,5.491471284328335,5.491471284328335,0.0,0.0
id_randomized_heldout,A5_train_seed_3,40032,250,250,False,250,47,0,0.3672951879748631,4.2655123710298,91.82379699371577,-2.842170943040401e-14,1.0,1.0,0.0,0.0,4.732797097315177,4.732797097315177,0.0,0.0
id_randomized_heldout,A5_train_seed_3,40033,49,49,False,49,29,0,6.444251837195517,20.666387710392584,315.76834002258033,-2.1316282072803006e-14,1.0,1.0,0.0,0.0,7.3289325052507,7.3289325052507,0.0,0.0
id_randomized_heldout,A5_train_seed_3,40034,56,56,False,56,34,0,5.339478177568317,15.288959416960491,299.01077794382576,-2.1316282072803006e-14,1.0,1.0,0.0,0.0,7.477562663324229,7.477562663324229,0.0,0.0
id_randomized_heldout,A5_train_seed_3,40035,250,250,False,250,24,0,0.36661407226371895,5.716421415712551,91.65351806592973,-1.0658141036401503e-14,1.0,1.0,0.0,0.0,6.6502626085017305,6.6502626085017305,0.0,0.0
id_randomized_heldout,A5_train_seed_3,40036,250,250,False,250,69,0,5.398604806146726,28.802627770878026,1349.6512015366816,-2.1316282072803006e-14,1.0,1.0,0.0,0.0,7.230324392322105,7.230324392322105,0.0,0.0
id_randomized_heldout,A5_train_seed_3,40037,250,250,False,250,245,0,12.733217672891962,34.95911087418002,3183.3044182229905,-1.7763568394002505e-14,1.0,1.0,0.0,0.0,5.923134947982416,5.923134947982416,0.0,0.0
id_randomized_heldout,A5_train_seed_3,40038,250,250,False,250,34,0,0.7796971512974614,7.7436699867248535,194.92428782436536,-1.4210854715202004e-14,1.0,1.0,0.0,0.0,5.167536318266435,5.167536318266435,0.0,0.0
id_randomized_heldout,A5_train_seed_3,40039,250,250,False,250,61,0,1.2321061213358948,9.933816288429735,308.0265303339737,-5.684341886080802e-14,1.0,1.0,0.0,0.0,6.170382216294855,6.170382216294855,0.0,0.0
id_randomized_heldout,A5_train_seed_3,40040,250,250,False,250,15,0,0.42937246236635485,13.790816563711973,107.34311559158871,-2.842170943040401e-14,1.0,1.0,0.0,0.0,3.380662510920887,3.380662510920887,0.0,0.0
id_randomized_heldout,A5_train_seed_3,40041,250,250,False,250,250,0,16.171571425033417,17.52634132635864,4042.892856258354,-8.526512829121202e-14,1.0,1.0,0.0,0.0,10.871078012406079,10.871078012406079,0.0,0.0
id_randomized_heldout,A5_train_seed_3,40042,82,82,False,82,43,0,7.4485694678170224,23.511450434966154,610.7826963609958,-2.842170943040401e-14,1.0,1.0,0.0,0.0,7.774139056335405,7.774139056335405,0.0,0.0
id_randomized_heldout,A5_train_seed_3,40043,80,80,False,80,54,0,2.780408931608779,19.227661199047777,222.43271452870232,-2.842170943040401e-14,1.0,1.0,0.0,0.0,5.0633330750184244,5.0633330750184244,0.0,0.0
id_randomized_heldout,A5_train_seed_3,40044,63,63,False,63,51,0,4.535195845575121,13.213717088112112,285.7173382712326,-4.263256414560601e-14,1.0,1.0,0.0,0.0,7.5385117829962525,7.5385117829962525,0.0,0.0
id_randomized_heldout,A5_train_seed_3,40045,71,71,False,71,55,0,4.930382477291812,15.931806962455566,350.05715588771864,-2.842170943040401e-14,1.0,1.0,0.0,0.0,6.9335358775609,6.9335358775609,0.0,0.0
id_randomized_heldout,A5_train_seed_3,40046,250,250,False,250,248,0,15.847042194003025,32.94191294225239,3961.760548500756,-3.552713678800501e-14,1.0,1.0,0.0,0.0,8.785836052662663,8.785836052662663,0.0,0.0
id_randomized_heldout,A5_train_seed_3,40047,250,250,False,250,62,0,2.2195867516655023,20.261559901036847,554.8966879163756,-1.4210854715202004e-14,1.0,1.0,0.0,0.0,6.050009472999608,6.050009472999608,0.0,0.0
id_randomized_heldout,A5_train_seed_3,40048,41,41,False,41,20,0,2.8724234717697903,17.095080349754813,117.7693623425614,-2.1316282072803006e-14,1.0,1.0,0.0,0.0,5.525089984347784,5.525089984347784,0.0,0.0
id_randomized_heldout,A5_train_seed_3,40049,117,117,False,117,62,0,6.2973650038937246,25.810765177244612,736.7917054555658,-2.842170943040401e-14,1.0,1.0,0.0,0.0,7.318771484476049,7.318771484476049,0.0,0.0
id_randomized_heldout,A5_train_seed_3,40050,108,108,False,108,84,0,2.71524594108292,9.643940536675835,293.24656163695533,-2.1316282072803006e-14,1.0,1.0,0.0,0.0,7.498484173583644,7.498484173583644,0.0,0.0
id_randomized_heldout,A5_train_seed_3,40051,250,250,False,250,135,3,1.6302371955699602,8.09439402414559,407.55929889249006,-1.4210854715202004e-14,1.0,1.0,0.0,0.0,6.805717498616901,6.805717498616901,0.0,0.0
id_randomized_heldout,A5_train_seed_3,40052,250,250,False,250,38,0,1.9912553293262034,24.255840815778583,497.8138323315508,-1.4210854715202004e-14,1.0,1.0,0.0,0.0,6.072964405920082,6.072964405920082,0.0,0.0
id_randomized_heldout,A5_train_seed_3,40053,54,54,False,54,37,0,4.6318565052216245,10.556479485268286,250.12025128196774,-2.842170943040401e-14,1.0,1.0,0.0,0.0,7.58747590418434,7.58747590418434,0.0,0.0
id_randomized_heldout,A5_train_seed_3,40054,250,250,False,250,239,0,9.86713426958337,14.242162716528574,2466.7835673958425,-8.526512829121202e-14,1.0,1.0,0.0,0.0,7.292031474507872,7.292031474507872,0.0,0.0
id_randomized_heldout,A5_train_seed_3,40055,53,53,False,53,14,0,6.107242964901862,32.69468846311452,323.68387713979865,-2.1316282072803006e-14,1.0,1.0,0.0,0.0,5.350696928833047,5.350696928833047,0.0,0.0
id_randomized_heldout,A5_train_seed_3,40056,31,31,False,31,15,0,2.358231404093799,7.101668467353703,73.10517352690776,-2.4868995751603507e-14,1.0,1.0,0.0,0.0,8.926582089524436,8.926582089524436,0.0,0.0
id_randomized_heldout,A5_train_seed_3,40057,76,77,True,76,76,0,25.627531637077357,31.954859761348853,1973.3199360549565,-8.118626038831607,1.0,1.0,0.0,0.0,8.701104010986066,8.701104010986066,0.0,0.0
id_randomized_heldout,A5_train_seed_3,40058,250,250,False,250,250,0,7.279666861361339,8.55377445508052,1819.9167153403348,-4.263256414560601e-14,1.0,1.0,0.0,0.0,7.8568426298594645,7.8568426298594645,0.0,0.0
id_randomized_heldout,A5_train_seed_3,40059,55,55,False,55,38,0,3.25185910257595,7.918596547469268,178.85225064167724,-2.1316282072803006e-14,1.0,1.0,0.0,0.0,9.203111090279446,9.203111090279446,0.0,0.0
id_randomized_heldout,A5_train_seed_3,40060,250,250,False,250,10,0,0.1429425475369915,6.899640979711468,35.735636884247874,-1.4210854715202004e-14,1.0,1.0,0.0,0.0,7.261107574904539,7.261107574904539,0.0,0.0
id_randomized_heldout,A5_train_seed_3,40061,53,53,False,53,26,0,2.8720741398422516,15.64368548754191,152.21992941163933,-4.263256414560601e-14,1.0,1.0,0.0,0.0,5.407859360980469,5.407859360980469,0.0,0.0
id_randomized_heldout,A5_train_seed_3,40062,250,250,False,250,24,0,1.4982233122900592,21.924950634676467,374.5558280725148,-2.1316282072803006e-14,1.0,1.0,0.0,0.0,4.905503199475374,4.905503199475374,0.0,0.0
id_randomized_heldout,A5_train_seed_3,40063,250,250,False,250,23,0,0.21709831951513917,4.75213757577902,54.27457987878479,-2.1316282072803006e-14,1.0,1.0,0.0,0.0,8.91636694169581,8.91636694169581,0.0,0.0
id_randomized_heldout,A5_train_seed_3,40064,44,44,False,44,18,0,2.4677743396276806,9.21897229418705,108.58207094361794,-2.842170943040401e-14,1.0,1.0,0.0,0.0,8.110336837205779,8.110336837205779,0.0,0.0
id_randomized_heldout,A5_train_seed_3,40065,250,250,False,250,77,0,3.729957561902558,15.192644996829728,932.4893904756395,-1.4210854715202004e-14,1.0,1.0,0.0,0.0,9.357907669562067,9.357907669562067,0.0,0.0
id_randomized_heldout,A5_train_seed_3,40066,250,250,False,250,30,0,1.8144661081822702,27.246650194820205,453.6165270455675,-2.1316282072803006e-14,1.0,1.0,0.0,0.0,4.550722543230114,4.550722543230114,0.0,0.0
id_randomized_heldout,A5_train_seed_3,40067,43,43,False,43,20,0,3.7103381493431082,10.691070859814829,159.54454042175365,-2.1316282072803006e-14,1.0,1.0,0.0,0.0,7.547625563402968,7.547625563402968,0.0,0.0
id_randomized_heldout,A5_train_seed_3,40068,250,250,False,250,12,0,0.15928804120396192,4.834343505856805,39.82201030099048,-2.4868995751603507e-14,1.0,1.0,0.0,0.0,6.815566792560974,6.815566792560974,0.0,0.0
id_randomized_heldout,A5_train_seed_3,40069,250,250,False,250,77,0,3.146356334174734,20.504725633205833,786.5890835436835,-4.263256414560601e-14,1.0,1.0,0.0,0.0,6.557970308798249,6.557970308798249,0.0,0.0
id_randomized_heldout,A5_train_seed_3,40070,250,250,False,250,23,0,0.7229253352124436,9.523145900640364,180.7313338031109,-4.618527782440651e-14,1.0,1.0,0.0,0.0,5.8144947045241935,5.8144947045241935,0.0,0.0
id_randomized_heldout,A5_train_seed_3,40071,250,250,False,250,26,0,0.18407992994749764,3.2169923419512463,46.01998248687441,-3.552713678800501e-14,1.0,1.0,0.0,0.0,5.411060609582029,5.411060609582029,0.0,0.0
id_randomized_heldout,A5_train_seed_3,40072,250,250,False,250,23,0,0.7438258602115383,9.933187809071368,185.95646505288457,-6.039613253960852e-14,1.0,1.0,0.0,0.0,6.40426672467678,6.40426672467678,0.0,0.0
id_randomized_heldout,A5_train_seed_3,40073,76,76,False,76,49,0,10.575270616846488,27.62624265451044,803.7205668803331,-2.1316282072803006e-14,1.0,1.0,0.0,0.0,8.637290659590638,8.637290659590638,0.0,0.0
id_randomized_heldout,A5_train_seed_3,40074,250,250,False,250,32,0,1.571809045990557,21.567896493448544,392.95226149763926,-2.842170943040401e-14,1.0,1.0,0.0,0.0,5.540585518960599,5.540585518960599,0.0,0.0
id_randomized_heldout,A5_train_seed_3,40075,250,250,False,250,77,0,4.563856211153696,29.569315595131712,1140.964052788424,-2.1316282072803006e-14,1.0,1.0,0.0,0.0,6.034278318130064,6.034278318130064,0.0,0.0
id_randomized_heldout,A5_train_seed_3,40076,42,42,False,42,19,0,5.707466325822819,21.48790775745744,239.71358568455838,-2.1316282072803006e-14,1.0,1.0,0.0,0.0,6.928016075103916,6.928016075103916,0.0,0.0
id_randomized_heldout,A5_train_seed_3,40077,250,250,False,250,227,0,1.6412891328879335,9.284129837236664,410.3222832219834,-2.842170943040401e-14,1.0,1.0,0.0,0.0,7.139684802098142,7.139684802098142,0.0,0.0
id_randomized_heldout,A5_train_seed_3,40078,73,73,False,73,59,0,6.355149362189236,20.069142905597293,463.9259034398142,-1.4210854715202004e-14,1.0,1.0,0.0,0.0,6.709610989714177,6.709610989714177,0.0,0.0
id_randomized_heldout,A5_train_seed_3,40079,74,74,False,74,43,0,9.462257948471938,28.16285067812362,700.2070881869234,-2.1316282072803006e-14,1.0,1.0,0.0,0.0,8.343874501620142,8.343874501620142,0.0,0.0
id_randomized_heldout,A5_train_seed_3,40080,55,55,False,55,12,0,4.630505832238806,31.222793904635065,254.67782077313433,-1.4210854715202004e-14,1.0,1.0,0.0,0.0,4.350237944114837,4.350237944114837,0.0,0.0
id_randomized_heldout,A5_train_seed_3,40081,145,145,False,145,60,0,5.115058607429564,21.09554891326967,741.6834980772868,-7.105427357601002e-14,1.0,1.0,0.0,0.0,6.7488989801709085,6.7488989801709085,0.0,0.0
id_randomized_heldout,A5_train_seed_3,40082,72,73,True,72,67,0,16.181006699528677,32.56134649187215,1181.2134890655934,-12.655023148770013,1.0,1.0,0.0,0.0,6.646740305143074,6.646740305143074,0.0,0.0
id_randomized_heldout,A5_train_seed_3,40083,123,123,False,123,36,0,6.0606693865982475,33.38850308844488,745.4623345515845,-2.1316282072803006e-14,1.0,1.0,0.0,0.0,6.5752936732274385,6.5752936732274385,0.0,0.0
id_randomized_heldout,A5_train_seed_3,40084,250,250,False,250,41,0,2.116539580782506,15.958652409552577,529.1348951956265,-4.263256414560601e-14,1.0,1.0,0.0,0.0,10.074599918929252,10.074599918929252,0.0,0.0
id_randomized_heldout,A5_train_seed_3,40085,250,250,False,250,243,0,4.93386917797037,14.155332119999688,1233.4672944925924,-3.552713678800501e-14,1.0,1.0,0.0,0.0,7.853003755576541,7.853003755576541,0.0,0.0
id_randomized_heldout,A5_train_seed_3,40086,250,250,False,250,34,0,0.9523108025194649,9.051625771532503,238.07770062986623,-2.1316282072803006e-14,1.0,1.0,0.0,0.0,4.573230496187244,4.573230496187244,0.0,0.0
id_randomized_heldout,A5_train_seed_3,40087,250,250,False,250,29,0,2.106819858307761,26.872511072442094,526.7049645769403,-1.0658141036401503e-14,1.0,1.0,0.0,0.0,6.309770522545183,6.309770522545183,0.0,0.0
id_randomized_heldout,A5_train_seed_3,40088,47,47,False,47,23,0,3.2899700407214594,9.891785619519204,154.6285919139086,-3.197442310920451e-14,1.0,1.0,0.0,0.0,7.227987759205289,7.227987759205289,0.0,0.0
id_randomized_heldout,A5_train_seed_3,40089,52,52,False,52,33,0,8.547806697627788,19.46431206392511,444.485948276645,-3.907985046680551e-14,1.0,1.0,0.0,0.0,7.720166815329293,7.720166815329293,0.0,0.0
id_randomized_heldout,A5_train_seed_3,40090,73,73,False,73,49,0,4.550788010906093,15.575454175699235,332.20752479614475,-3.552713678800501e-14,1.0,1.0,0.0,0.0,7.0954315687871645,7.0954315687871645,0.0,0.0
id_randomized_heldout,A5_train_seed_3,40091,250,250,False,250,31,0,0.8878948834621356,16.30394902370977,221.97372086553392,-2.842170943040401e-14,1.0,1.0,0.0,0.0,4.253144683534205,4.253144683534205,0.0,0.0
id_randomized_heldout,A5_train_seed_3,40092,250,250,False,250,6,0,0.07113719368058306,4.421390578422957,17.784298420145767,-2.1316282072803006e-14,1.0,1.0,0.0,0.0,7.760515316947465,7.760515316947465,0.0,0.0
id_randomized_heldout,A5_train_seed_3,40093,92,92,False,92,50,0,2.732992283862414,14.359907086363739,251.43529011534207,-2.842170943040401e-14,1.0,1.0,0.0,0.0,5.511302517362685,5.511302517362685,0.0,0.0
id_randomized_heldout,A5_train_seed_3,40094,97,97,False,97,82,0,5.831060874499287,10.555802943716028,565.6129048264308,-3.552713678800501e-14,1.0,1.0,0.0,0.0,8.147664730563326,8.147664730563326,0.0,0.0
id_randomized_heldout,A5_train_seed_3,40095,63,63,False,63,32,0,2.8086735144747217,9.3281696443944,176.94643141190747,-5.684341886080802e-14,1.0,1.0,0.0,0.0,6.330429737543567,6.330429737543567,0.0,0.0
id_randomized_heldout,A5_train_seed_3,40096,250,250,False,250,94,0,1.7726810597792975,7.434859259118931,443.17026494482434,-2.842170943040401e-14,1.0,1.0,0.0,0.0,8.104534155250585,8.104534155250585,0.0,0.0
id_randomized_heldout,A5_train_seed_3,40097,250,250,False,250,28,0,2.1870288013803107,34.175136545297306,546.7572003450776,-1.4210854715202004e-14,1.0,1.0,0.0,0.0,2.2602293020691557,2.2602293020691557,0.0,0.0
id_randomized_heldout,A5_train_seed_3,40098,86,86,False,86,64,0,5.164394491601437,19.03910211024894,444.1379262777236,-7.105427357601002e-14,1.0,1.0,0.0,0.0,4.791298407945369,4.791298407945369,0.0,0.0
id_randomized_heldout,A5_train_seed_3,40099,250,250,False,250,60,0,2.854954560599158,25.39201635943829,713.7386401497895,-2.842170943040401e-14,1.0,1.0,0.0,0.0,5.6788532822057585,5.6788532822057585,0.0,0.0
id_randomized_heldout,A5_train_seed_4,40000,250,250,False,250,56,0,2.0269731679032126,16.95456269506759,506.7432919758031,-1.4210854715202004e-14,1.0,1.0,0.0,0.0,8.259342848512214,8.259342848512214,0.0,0.0
id_randomized_heldout,A5_train_seed_4,40001,80,80,False,80,35,0,6.862303988554895,26.02999540641256,548.9843190843916,-2.842170943040401e-14,1.0,1.0,0.0,0.0,8.081634076317219,8.081634076317219,0.0,0.0
id_randomized_heldout,A5_train_seed_4,40002,104,104,False,104,104,0,6.88936892219677,16.343661072620865,716.494367908464,-4.263256414560601e-14,1.0,1.0,0.0,0.0,8.450426016345913,8.450426016345913,0.0,0.0
id_randomized_heldout,A5_train_seed_4,40003,129,129,False,129,113,0,4.4541749813454965,17.159438940532894,574.5885725935691,-3.552713678800501e-14,1.0,1.0,0.0,0.0,8.221909925241025,8.221909925241025,0.0,0.0
id_randomized_heldout,A5_train_seed_4,40004,250,250,False,250,23,0,1.3309953137551531,20.67390203222503,332.7488284387883,-2.3092638912203256e-14,1.0,1.0,0.0,0.0,6.986893385780067,6.986893385780067,0.0,0.0
id_randomized_heldout,A5_train_seed_4,40005,70,70,False,70,48,0,13.99688358823035,32.862959970243594,979.7818511761245,-1.4210854715202004e-14,1.0,1.0,0.0,0.0,9.345896214510113,9.345896214510113,0.0,0.0
id_randomized_heldout,A5_train_seed_4,40006,250,250,False,250,36,0,2.033060912348078,28.300052328058857,508.26522808701947,-1.4210854715202004e-14,1.0,1.0,0.0,0.0,7.132538881635274,7.132538881635274,0.0,0.0
id_randomized_heldout,A5_train_seed_4,40007,250,250,False,250,31,0,2.0913391949641973,22.347494647926997,522.8347987410493,-5.684341886080802e-14,1.0,1.0,0.0,0.0,4.371065874021664,4.371065874021664,0.0,0.0
id_randomized_heldout,A5_train_seed_4,40008,250,250,False,250,24,0,0.7496473503438499,12.649271230986683,187.41183758596247,-2.842170943040401e-14,1.0,1.0,0.0,0.0,4.631095783449895,4.631095783449895,0.0,0.0
id_randomized_heldout,A5_train_seed_4,40009,250,250,False,250,83,0,1.259517087996696,17.119165225707345,314.87927199917397,-2.842170943040401e-14,1.0,1.0,0.0,0.0,8.3331610495846,8.3331610495846,0.0,0.0
id_randomized_heldout,A5_train_seed_4,40010,250,250,False,250,247,0,6.495748212813271,9.131123275598256,1623.9370532033176,-2.842170943040401e-14,1.0,1.0,0.0,0.0,9.640660458558411,9.640660458558411,0.0,0.0
id_randomized_heldout,A5_train_seed_4,40011,56,56,False,56,20,0,3.9075802577652925,25.52620973886849,218.82449443485638,-7.105427357601002e-15,1.0,1.0,0.0,0.0,5.269686988624255,5.269686988624255,0.0,0.0
id_randomized_heldout,A5_train_seed_4,40012,75,75,False,75,30,0,6.931504612221449,27.176550807216202,519.8628459166086,-1.4210854715202004e-14,1.0,1.0,0.0,0.0,9.348221937391648,9.348221937391648,0.0,0.0
id_randomized_heldout,A5_train_seed_4,40013,92,92,False,92,71,0,6.203467405860537,18.405355003176187,570.7190013391694,-4.263256414560601e-14,1.0,1.0,0.0,0.0,8.317523476786144,8.317523476786144,0.0,0.0
id_randomized_heldout,A5_train_seed_4,40014,250,250,False,250,48,0,1.3257582140574729,8.028303692368054,331.4395535143682,-2.1316282072803006e-14,1.0,1.0,0.0,0.0,2.3086219620988984,2.3086219620988984,0.0,0.0
id_randomized_heldout,A5_train_seed_4,40015,250,250,False,250,76,0,3.7007764983777105,25.79100850226467,925.1941245944276,-2.842170943040401e-14,1.0,1.0,0.0,0.0,7.919418066434815,7.919418066434815,0.0,0.0
id_randomized_heldout,A5_train_seed_4,40016,250,250,False,250,68,0,1.8835790012105262,8.747166700189558,470.89475030263156,-4.973799150320701e-14,1.0,1.0,0.0,0.0,3.135452614082729,3.135452614082729,0.0,0.0
id_randomized_heldout,A5_train_seed_4,40017,250,250,False,250,15,2,0.5433817676242197,13.71822766489166,135.84544190605493,-5.684341886080802e-14,1.0,1.0,0.0,0.0,5.862810166361029,5.862810166361029,0.0,0.0
id_randomized_heldout,A5_train_seed_4,40018,61,61,False,61,29,0,7.947375575015025,21.850142757537427,484.7899100759165,-1.4210854715202004e-14,1.0,1.0,0.0,0.0,6.9973181342443285,6.9973181342443285,0.0,0.0
id_randomized_heldout,A5_train_seed_4,40019,43,43,False,43,19,0,2.3118229606979446,8.1431802502063,99.40838731001162,-1.7763568394002505e-14,1.0,1.0,0.0,0.0,6.810781925380019,6.810781925380019,0.0,0.0
id_randomized_heldout,A5_train_seed_4,40020,250,250,False,250,47,0,0.757699791186109,14.128941772732036,189.42494779652725,-2.842170943040401e-14,1.0,1.0,0.0,0.0,5.924180820707148,5.924180820707148,0.0,0.0
id_randomized_heldout,A5_train_seed_4,40021,250,250,False,250,13,0,0.09768754048663526,3.1358172676263805,24.421885121658814,-7.105427357601002e-15,1.0,1.0,0.0,0.0,5.727043011190601,5.727043011190601,0.0,0.0
id_randomized_heldout,A5_train_seed_4,40022,198,198,False,198,105,38,9.54618527454782,28.062400668900928,1890.1446843604685,-2.842170943040401e-14,1.0,1.0,0.0,0.0,8.55103472905204,8.55103472905204,0.0,0.0
id_randomized_heldout,A5_train_seed_4,40023,97,97,False,97,43,0,5.415043275783216,18.61983165217417,525.2591977509719,-7.105427357601002e-14,1.0,1.0,0.0,0.0,6.759419843225722,6.759419843225722,0.0,0.0
id_randomized_heldout,A5_train_seed_4,40024,250,250,False,250,13,0,0.1863643277911974,5.873750260553403,46.59108194779935,-2.1316282072803006e-14,1.0,1.0,0.0,0.0,6.971199285067531,6.971199285067531,0.0,0.0
id_randomized_heldout,A5_train_seed_4,40025,88,88,False,88,77,0,7.966883639140758,23.610215734494595,701.0857602443867,-7.105427357601002e-14,1.0,1.0,0.0,0.0,8.354016496483966,8.354016496483966,0.0,0.0
id_randomized_heldout,A5_train_seed_4,40026,250,250,False,250,23,0,1.1663780126329528,19.209208477325127,291.5945031582382,-2.1316282072803006e-14,1.0,1.0,0.0,0.0,6.1590690411716205,6.1590690411716205,0.0,0.0
id_randomized_heldout,A5_train_seed_4,40027,250,250,False,250,36,0,2.3629230235542273,25.260949920224846,590.7307558885568,-7.815970093361102e-14,1.0,1.0,0.0,0.0,8.14034162866413,8.14034162866413,0.0,0.0
id_randomized_heldout,A5_train_seed_4,40028,61,61,False,61,21,0,0.9635895121632595,4.717519430071541,58.77896024195883,-2.1316282072803006e-14,1.0,1.0,0.0,0.0,6.751405409724279,6.751405409724279,0.0,0.0
id_randomized_heldout,A5_train_seed_4,40029,52,53,True,52,52,0,23.12032752471766,31.39162824393305,1225.377358810036,-39.82248694787098,1.0,1.0,0.0,0.0,8.437970345778698,8.437970345778698,0.0,0.0
id_randomized_heldout,A5_train_seed_4,40030,250,250,False,250,247,0,4.007692766697125,24.94336974936937,1001.9231916742813,-3.552713678800501e-14,1.0,1.0,0.0,0.0,6.287745395989011,6.287745395989011,0.0,0.0
id_randomized_heldout,A5_train_seed_4,40031,59,59,False,59,37,0,5.130276338412548,16.887907849571402,302.68630396634035,-5.684341886080802e-14,1.0,1.0,0.0,0.0,6.741512776765783,6.741512776765783,0.0,0.0
id_randomized_heldout,A5_train_seed_4,40032,250,250,False,250,5,0,0.0201725485893542,2.030699491836417,5.04313714733855,0.0,1.0,1.0,0.0,0.0,4.940173734374572,4.940173734374572,0.0,0.0
id_randomized_heldout,A5_train_seed_4,40033,60,60,False,60,29,0,5.151034637960064,16.434392007479133,309.06207827760386,-2.842170943040401e-14,1.0,1.0,0.0,0.0,5.971773123860823,5.971773123860823,0.0,0.0
id_randomized_heldout,A5_train_seed_4,40034,250,250,False,250,73,0,1.2677302445674616,14.719421403509848,316.9325611418654,-2.1316282072803006e-14,1.0,1.0,0.0,0.0,7.785161319144212,7.785161319144212,0.0,0.0
id_randomized_heldout,A5_train_seed_4,40035,250,250,False,250,26,0,0.390144491904334,5.925133228302002,97.53612297608349,-1.4210854715202004e-14,1.0,1.0,0.0,0.0,7.61499293073109,7.61499293073109,0.0,0.0
id_randomized_heldout,A5_train_seed_4,40036,250,250,False,250,70,0,5.107359101588947,29.58157609734223,1276.8397753972367,-2.1316282072803006e-14,1.0,1.0,0.0,0.0,9.836767166003224,9.836767166003224,0.0,0.0
id_randomized_heldout,A5_train_seed_4,40037,250,250,False,250,55,0,2.620120690569682,33.52448355158186,655.0301726424204,-1.7763568394002505e-14,1.0,1.0,0.0,0.0,7.596072432817653,7.596072432817653,0.0,0.0
id_randomized_heldout,A5_train_seed_4,40038,250,250,False,250,31,0,0.6061441506231215,7.934459686279297,151.53603765578038,-1.4210854715202004e-14,1.0,1.0,0.0,0.0,6.037396653380867,6.037396653380867,0.0,0.0
id_randomized_heldout,A5_train_seed_4,40039,250,250,False,250,57,0,1.4054329966093209,10.900177495784337,351.3582491523302,-4.263256414560601e-14,1.0,1.0,0.0,0.0,7.145246367249731,7.145246367249731,0.0,0.0
id_randomized_heldout,A5_train_seed_4,40040,36,36,False,36,14,0,2.3409535818894542,14.61832700485718,84.27432894802035,-2.1316282072803006e-14,1.0,1.0,0.0,0.0,6.701030580029728,6.701030580029728,0.0,0.0
id_randomized_heldout,A5_train_seed_4,40041,250,250,False,250,250,0,16.355154678837582,18.94812410122869,4088.7886697093954,-2.842170943040401e-14,1.0,1.0,0.0,0.0,7.036705880878792,7.036705880878792,0.0,0.0
id_randomized_heldout,A5_train_seed_4,40042,72,72,False,72,39,0,8.147162040017129,23.247916714480006,586.5956668812332,-2.842170943040401e-14,1.0,1.0,0.0,0.0,7.442204583075192,7.442204583075192,0.0,0.0
id_randomized_heldout,A5_train_seed_4,40043,75,75,False,75,55,0,4.995141419456476,23.581235569160633,374.6356064592357,-5.684341886080802e-14,1.0,1.0,0.0,0.0,7.2891679536961105,7.2891679536961105,0.0,0.0
id_randomized_heldout,A5_train_seed_4,40044,250,250,False,250,53,0,1.3049147075150744,18.403222710440616,326.2286768787686,-2.842170943040401e-14,1.0,1.0,0.0,0.0,6.102114857128115,6.102114857128115,0.0,0.0
id_randomized_heldout,A5_train_seed_4,40045,250,250,False,250,56,0,1.6224194496165032,24.92783348728426,405.6048624041258,-4.263256414560601e-14,1.0,1.0,0.0,0.0,7.753218911901769,7.753218911901769,0.0,0.0
id_randomized_heldout,A5_train_seed_4,40046,250,250,False,250,250,0,15.668984329140544,30.442086567292602,3917.2460822851363,-1.4210854715202004e-14,1.0,1.0,0.0,0.0,8.783567742441889,8.783567742441889,0.0,0.0
id_randomized_heldout,A5_train_seed_4,40047,250,250,False,250,61,0,2.035189370231011,15.78504189311343,508.7973425577528,-1.4210854715202004e-14,1.0,1.0,0.0,0.0,7.2760802564543505,7.2760802564543505,0.0,0.0
id_randomized_heldout,A5_train_seed_4,40048,250,250,False,250,129,0,1.4943055693877276,16.426994119180556,373.5763923469319,-2.1316282072803006e-14,1.0,1.0,0.0,0.0,9.039323338167149,9.039323338167149,0.0,0.0
id_randomized_heldout,A5_train_seed_4,40049,118,118,False,118,62,0,7.048698478280953,23.866180902358145,831.7464204371526,-3.552713678800501e-14,1.0,1.0,0.0,0.0,8.411038411650857,8.411038411650857,0.0,0.0
id_randomized_heldout,A5_train_seed_4,40050,144,144,False,144,144,0,4.7673353671793075,8.578026893795858,686.4962928738203,-3.552713678800501e-14,1.0,1.0,0.0,0.0,8.694966651410114,8.694966651410114,0.0,0.0
id_randomized_heldout,A5_train_seed_4,40051,250,250,False,250,249,1,5.841070056550952,10.325375640899445,1460.2675141377379,-1.4210854715202004e-14,1.0,1.0,0.0,0.0,9.07823453215047,9.07823453215047,0.0,0.0
id_randomized_heldout,A5_train_seed_4,40052,87,87,False,87,40,0,8.89640629890548,32.57279496457692,773.9873480047768,-1.4210854715202004e-14,1.0,1.0,0.0,0.0,8.417247906373406,8.417247906373406,0.0,0.0
id_randomized_heldout,A5_train_seed_4,40053,250,250,False,250,34,0,0.8253111249972428,9.47428867286615,206.3277812493107,-2.1316282072803006e-14,1.0,1.0,0.0,0.0,6.262196582499509,6.262196582499509,0.0,0.0
id_randomized_heldout,A5_train_seed_4,40054,250,250,False,250,239,25,13.240589126064325,18.241143971768288,3310.1472815160814,-2.042810365310288e-14,1.0,1.0,0.0,0.0,10.308107556254852,10.308107556254852,0.0,0.0
id_randomized_heldout,A5_train_seed_4,40055,62,62,False,62,17,0,3.6595426637664215,20.301612960785874,226.89164515351814,-3.552713678800501e-14,1.0,1.0,0.0,0.0,5.900831345522777,5.900831345522777,0.0,0.0
id_randomized_heldout,A5_train_seed_4,40056,47,47,False,47,12,0,0.695165156173739,4.102479425563062,32.67276234016573,-2.1316282072803006e-14,1.0,1.0,0.0,0.0,5.511492651751527,5.511492651751527,0.0,0.0
id_randomized_heldout,A5_train_seed_4,40057,78,79,True,78,76,0,21.153234164515016,32.54560721371021,1671.1054989966863,-37.233545216540755,1.0,1.0,0.0,0.0,7.736026280716752,7.736026280716752,0.0,0.0
id_randomized_heldout,A5_train_seed_4,40058,250,250,False,250,249,0,7.722453392409884,9.869048642741317,1930.613348102471,-7.105427357601002e-14,1.0,1.0,0.0,0.0,9.144021964566845,9.144021964566845,0.0,0.0
id_randomized_heldout,A5_train_seed_4,40059,57,57,False,57,40,0,2.511947776222945,5.192534275784015,143.1810232447079,-2.842170943040401e-14,1.0,1.0,0.0,0.0,7.614780557812925,7.614780557812925,0.0,0.0
id_randomized_heldout,A5_train_seed_4,40060,250,250,False,250,11,0,0.16267985799155724,5.960120524944944,40.66996449788931,-7.105427357601002e-15,1.0,1.0,0.0,0.0,1.9819656207253584,1.9819656207253584,0.0,0.0
id_randomized_heldout,A5_train_seed_4,40061,250,250,False,250,30,0,0.7405593374250136,13.505370201506187,185.1398343562534,-2.4868995751603507e-14,1.0,1.0,0.0,0.0,4.019499314719431,4.019499314719431,0.0,0.0
id_randomized_heldout,A5_train_seed_4,40062,250,250,False,250,36,0,2.0726155142272114,30.26857489088454,518.1538785568029,-2.1316282072803006e-14,1.0,1.0,0.0,0.0,6.125218152108798,6.125218152108798,0.0,0.0
id_randomized_heldout,A5_train_seed_4,40063,250,250,False,250,24,0,0.23538903963270125,5.1559156477677,58.84725990817531,-3.197442310920451e-14,1.0,1.0,0.0,0.0,4.192648811139707,4.192648811139707,0.0,0.0
id_randomized_heldout,A5_train_seed_4,40064,48,48,False,48,9,0,1.1563267654395597,8.111708446050143,55.503684741098866,-1.4210854715202004e-14,1.0,1.0,0.0,0.0,5.968780260756302,5.968780260756302,0.0,0.0
id_randomized_heldout,A5_train_seed_4,40065,250,250,False,250,89,0,5.562449478429791,25.97114674980209,1390.6123696074478,-1.4210854715202004e-14,1.0,1.0,0.0,0.0,7.003194203330306,7.003194203330306,0.0,0.0
id_randomized_heldout,A5_train_seed_4,40066,68,68,False,68,29,0,4.988593061839814,19.599168101696,339.2243282051073,-8.526512829121202e-14,1.0,1.0,0.0,0.0,7.910229870611511,7.910229870611511,0.0,0.0
id_randomized_heldout,A5_train_seed_4,40067,49,49,False,49,21,0,2.8630090962946553,10.197196571586362,140.2874457184381,-2.842170943040401e-14,1.0,1.0,0.0,0.0,7.3251255451899615,7.3251255451899615,0.0,0.0
id_randomized_heldout,A5_train_seed_4,40068,250,250,False,250,21,0,0.14056902973155444,4.834626127986622,35.14225743288861,-1.7763568394002505e-14,1.0,1.0,0.0,0.0,7.895557239540768,7.895557239540768,0.0,0.0
id_randomized_heldout,A5_train_seed_4,40069,103,103,False,103,79,0,7.479327874445429,18.775429772926035,770.3707710678791,-4.263256414560601e-14,1.0,1.0,0.0,0.0,8.630013083649578,8.630013083649578,0.0,0.0
id_randomized_heldout,A5_train_seed_4,40070,36,36,False,36,19,0,2.1295681352534723,5.925372881642249,76.664452869125,-4.618527782440651e-14,1.0,1.0,0.0,0.0,8.03771984472928,8.03771984472928,0.0,0.0
id_randomized_heldout,A5_train_seed_4,40071,78,78,False,78,37,0,4.188927867671865,13.053477501734054,326.73637367840547,-1.4210854715202004e-14,1.0,1.0,0.0,0.0,8.783826406280854,8.783826406280854,0.0,0.0
id_randomized_heldout,A5_train_seed_4,40072,250,250,False,250,18,0,0.34796053949380534,6.450163995435891,86.99013487345134,-3.552713678800501e-14,1.0,1.0,0.0,0.0,5.113212012014216,5.113212012014216,0.0,0.0
id_randomized_heldout,A5_train_seed_4,40073,250,250,False,250,49,0,2.427544043126827,20.021629078006338,606.8860107817068,-6.394884621840902e-14,1.0,1.0,0.0,0.0,6.405007581113259,6.405007581113259,0.0,0.0
id_randomized_heldout,A5_train_seed_4,40074,250,250,False,250,29,0,1.4686762173791712,22.86450610677804,367.1690543447928,-1.4210854715202004e-14,1.0,1.0,0.0,0.0,6.408703060546634,6.408703060546634,0.0,0.0
id_randomized_heldout,A5_train_seed_4,40075,250,250,False,250,65,0,3.512042665701536,22.581483099396774,878.010666425384,-7.105427357601002e-14,1.0,1.0,0.0,0.0,6.376510232804953,6.376510232804953,0.0,0.0
id_randomized_heldout,A5_train_seed_4,40076,250,250,False,250,19,0,1.0079339255620041,17.77422112256464,251.98348139050105,-4.973799150320701e-14,1.0,1.0,0.0,0.0,5.305186313075173,5.305186313075173,0.0,0.0
id_randomized_heldout,A5_train_seed_4,40077,250,250,False,250,250,0,4.239891088052098,6.600122977390222,1059.9727720130245,-2.842170943040401e-14,1.0,1.0,0.0,0.0,8.269213194089934,8.269213194089934,0.0,0.0
id_randomized_heldout,A5_train_seed_4,40078,78,78,False,78,64,0,7.168090748006686,17.658038247552827,559.1110783445215,-5.684341886080802e-14,1.0,1.0,0.0,0.0,7.879264851369051,7.879264851369051,0.0,0.0
id_randomized_heldout,A5_train_seed_4,40079,68,68,False,68,42,0,9.688067310172816,26.82879241238267,658.7885770917514,-2.1316282072803006e-14,1.0,1.0,0.0,0.0,7.624264781802616,7.624264781802616,0.0,0.0
id_randomized_heldout,A5_train_seed_4,40080,47,47,False,47,16,0,3.678346332945193,18.156910603613383,172.88227764842406,-6.394884621840902e-14,1.0,1.0,0.0,0.0,4.838551265879769,4.838551265879769,0.0,0.0
id_randomized_heldout,A5_train_seed_4,40081,250,250,False,250,102,0,6.275542945931016,30.166007311892034,1568.885736482754,-2.842170943040401e-14,1.0,1.0,0.0,0.0,7.972013976020923,7.972013976020923,0.0,0.0
id_randomized_heldout,A5_train_seed_4,40082,80,81,True,80,78,0,18.76563514983305,32.0895901686898,1520.016447136477,-5.91624439809695,1.0,1.0,0.0,0.0,6.770083492304109,6.770083492304109,0.0,0.0
id_randomized_heldout,A5_train_seed_4,40083,250,250,False,250,41,0,3.4855831162529123,33.80775958357042,871.395779063228,-2.1316282072803006e-14,1.0,1.0,0.0,0.0,9.0169456870643,9.0169456870643,0.0,0.0
id_randomized_heldout,A5_train_seed_4,40084,250,250,False,250,56,0,3.180633424644467,22.904589082629663,795.1583561611168,-2.842170943040401e-14,1.0,1.0,0.0,0.0,6.23215738086435,6.23215738086435,0.0,0.0
id_randomized_heldout,A5_train_seed_4,40085,250,250,False,250,238,0,4.684747678106722,11.741865845086995,1171.1869195266804,-1.4210854715202004e-14,1.0,1.0,0.0,0.0,8.624814180581671,8.624814180581671,0.0,0.0
id_randomized_heldout,A5_train_seed_4,40086,250,250,False,250,34,0,0.6277761312327514,6.221502595165252,156.94403280818787,-4.263256414560601e-14,1.0,1.0,0.0,0.0,5.167558791981764,5.167558791981764,0.0,0.0
id_randomized_heldout,A5_train_seed_4,40087,81,81,False,81,35,0,6.230372384039806,22.071987468439232,504.6601631072243,-3.552713678800501e-14,1.0,1.0,0.0,0.0,6.895153394847804,6.895153394847804,0.0,0.0
id_randomized_heldout,A5_train_seed_4,40088,52,52,False,52,21,0,2.0992039708569923,6.4665752232521365,109.15860648456359,-2.1316282072803006e-14,1.0,1.0,0.0,0.0,6.9727078489807095,6.9727078489807095,0.0,0.0
id_randomized_heldout,A5_train_seed_4,40089,63,63,False,63,30,0,7.114303268246696,22.3095541023695,448.2011058995418,-1.4210854715202004e-14,1.0,1.0,0.0,0.0,7.498844222046799,7.498844222046799,0.0,0.0
id_randomized_heldout,A5_train_seed_4,40090,250,250,False,250,207,0,2.319224184495666,15.028210357444085,579.8060461239165,-2.842170943040401e-14,1.0,1.0,0.0,0.0,7.682314916604246,7.682314916604246,0.0,0.0
id_randomized_heldout,A5_train_seed_4,40091,250,250,False,250,27,0,1.0470485598884858,15.31181156650393,261.7621399721214,-2.842170943040401e-14,1.0,1.0,0.0,0.0,4.538053163830899,4.538053163830899,0.0,0.0
id_randomized_heldout,A5_train_seed_4,40092,250,250,False,250,5,0,0.06256668861141912,4.377665335901548,15.641672152854781,-2.842170943040401e-14,1.0,1.0,0.0,0.0,1.7388463314321643,1.7388463314321643,0.0,0.0
id_randomized_heldout,A5_train_seed_4,40093,152,152,False,152,40,0,2.11611306996157,25.233770815147178,321.6491866341586,-1.4210854715202004e-14,1.0,1.0,0.0,0.0,6.5848047355470385,6.5848047355470385,0.0,0.0
id_randomized_heldout,A5_train_seed_4,40094,250,250,False,250,77,0,1.816330835266395,7.843717477016179,454.0827088165987,-4.973799150320701e-14,1.0,1.0,0.0,0.0,7.197973934047789,7.197973934047789,0.0,0.0
id_randomized_heldout,A5_train_seed_4,40095,250,250,False,250,43,0,0.8890633687520874,10.507071445286204,222.26584218802185,-4.263256414560601e-14,1.0,1.0,0.0,0.0,8.218947392551886,8.218947392551886,0.0,0.0
id_randomized_heldout,A5_train_seed_4,40096,250,250,False,250,164,0,2.196166434315866,8.32284271993075,549.0416085789665,-4.263256414560601e-14,1.0,1.0,0.0,0.0,8.651566269269132,8.651566269269132,0.0,0.0
id_randomized_heldout,A5_train_seed_4,40097,250,250,False,250,25,0,1.3512376550413452,29.01875010233211,337.80941376033627,-1.4210854715202004e-14,1.0,1.0,0.0,0.0,7.805160838244567,7.805160838244567,0.0,0.0
id_randomized_heldout,A5_train_seed_4,40098,106,106,False,106,106,0,6.3721918795926875,16.98005060926784,675.4523392368249,-1.7319479184152442e-14,1.0,1.0,0.0,0.0,7.308375724874347,7.308375724874347,0.0,0.0
id_randomized_heldout,A5_train_seed_4,40099,250,250,False,250,61,0,4.268129117776623,34.03599086012461,1067.0322794441558,-2.842170943040401e-14,1.0,1.0,0.0,0.0,6.703723942392257,6.703723942392257,0.0,0.0
