population,condition,training_seed,ensemble_seed,scenario,episode_seed,window_first_step,window_last_step,n_rows_in_window,uncertainty_norm_landmark_median,uncertainty_ratio_landmark_median,unsafe_episode,safety_infeasible,operational_failure
safety,A6c_gate_off_control,0,0,id_reference,50000,0,24,25,4.845815520674307,1.1545692334074484,False,False,False
safety,A6c_gate_off_control,0,0,id_reference,50001,0,24,25,6.562375187267706,1.563558591318684,False,False,False
safety,A6c_gate_off_control,0,0,id_reference,50002,0,24,25,5.382132624156528,1.282352725038307,False,False,False
safety,A6c_gate_off_control,0,0,id_reference,50003,0,24,25,7.434612096076921,1.7713786981421902,False,False,False
safety,A6c_gate_off_control,0,0,id_reference,50004,0,24,25,6.595486569143605,1.5714477448835311,False,False,False
safety,A6c_gate_off_control,0,0,id_reference,50005,0,24,25,4.085633109321762,0.9734473520274073,False,False,False
safety,A6c_gate_off_control,0,0,id_reference,50006,0,24,25,6.156646922161273,1.466889337192707,False,False,False
safety,A6c_gate_off_control,0,0,id_reference,50007,0,24,25,7.2039307187811685,1.716416304338831,False,False,False
safety,A6c_gate_off_control,0,0,id_reference,50008,0,24,25,5.858359805559438,1.3958191270121973,False,False,False
safety,A6c_gate_off_control,0,0,id_reference,50009,0,24,25,6.818061060534445,1.6244785833058355,False,False,False
safety,A6c_gate_off_control,0,0,id_reference,50010,0,24,25,7.869499345909858,1.874995403424528,False,False,False
safety,A6c_gate_off_control,0,0,id_reference,50011,0,24,25,3.7837349668159113,0.9015167749195917,False,False,False
safety,A6c_gate_off_control,0,0,id_reference,50012,0,24,25,7.0013321807879425,1.6681449581222174,False,False,False
safety,A6c_gate_off_control,0,0,id_reference,50013,0,24,25,7.173631317017103,1.7091971361888694,False,False,False
safety,A6c_gate_off_control,0,0,id_reference,50014,0,24,25,5.092469830479733,1.213337355341456,False,False,False
safety,A6c_gate_off_control,0,0,id_reference,50015,0,24,25,7.387679513451966,1.7601964903771727,False,False,False
safety,A6c_gate_off_control,0,0,id_reference,50016,0,24,25,7.524488063838816,1.7927926431753605,False,False,False
safety,A6c_gate_off_control,0,0,id_reference,50017,0,24,25,5.2758153533636385,1.257021457408821,False,False,False
safety,A6c_gate_off_control,0,0,id_reference,50018,0,24,25,7.116029394899895,1.695472840086816,False,True,True
safety,A6c_gate_off_control,0,0,id_reference,50019,0,24,25,6.744819883088301,1.6070280613581724,False,False,False
safety,A6c_gate_off_control,0,0,id_reference,50020,0,24,25,5.297206766087094,1.262118198480422,False,False,False
safety,A6c_gate_off_control,0,0,id_reference,50021,0,24,25,4.0924910814282045,0.9750813398595655,False,False,False
safety,A6c_gate_off_control,0,0,id_reference,50022,0,24,25,7.64739246247294,1.8220759777777595,False,False,False
safety,A6c_gate_off_control,0,0,id_reference,50023,0,24,25,6.1744410717514775,1.4711289904696112,False,False,False
safety,A6c_gate_off_control,0,0,id_reference,50024,0,24,25,3.733197008936803,0.8894755465572003,False,False,False
safety,A6c_gate_off_control,0,0,id_reference,50025,0,24,25,4.44956029782007,1.0601570365475788,False,False,False
safety,A6c_gate_off_control,0,0,id_reference,50026,0,24,25,4.659063384337008,1.1100734679437736,False,False,False
safety,A6c_gate_off_control,0,0,id_reference,50027,0,24,25,3.5256868289317427,0.8400339472163849,False,False,False
safety,A6c_gate_off_control,0,0,id_reference,50028,0,24,25,6.694331378948616,1.5949986158970846,False,False,False
safety,A6c_gate_off_control,0,0,id_reference,50029,0,24,25,7.28090027649644,1.7347551541914281,False,False,False
safety,A6c_gate_off_control,0,0,id_reference,50030,0,24,25,3.557362352411958,0.8475809916109356,False,False,False
safety,A6c_gate_off_control,0,0,id_reference,50031,0,24,25,5.6449526924055835,1.3449725180179994,False,False,False
safety,A6c_gate_off_control,0,0,id_reference,50032,0,24,25,7.047406153722833,1.6791225926162499,False,False,False
safety,A6c_gate_off_control,0,0,id_reference,50033,0,24,25,3.9324526836257556,0.9369504185568045,False,False,False
safety,A6c_gate_off_control,0,0,id_reference,50034,0,24,25,4.939875096327687,1.1769799693699352,False,False,False
safety,A6c_gate_off_control,0,0,id_reference,50035,0,24,25,5.251086843423333,1.2511296159544203,False,False,False
safety,A6c_gate_off_control,0,0,id_reference,50036,0,24,25,6.142969711964477,1.4636305903368485,False,False,False
safety,A6c_gate_off_control,0,0,id_reference,50037,0,24,25,6.9049240246291195,1.6451746468349588,False,False,False
safety,A6c_gate_off_control,0,0,id_reference,50038,0,24,25,5.183974767559393,1.2351394203615371,False,False,False
safety,A6c_gate_off_control,0,0,id_reference,50039,0,24,25,5.962384499226839,1.4206041627426338,False,False,False
safety,A6c_gate_off_control,0,0,id_reference,50040,0,24,25,4.497566171999075,1.0715949679160837,False,False,False
safety,A6c_gate_off_control,0,0,id_reference,50041,0,24,25,7.596023775580637,1.8098368190245304,False,False,False
safety,A6c_gate_off_control,0,0,id_reference,50042,0,24,25,3.8917666568047506,0.9272565219161445,False,False,False
safety,A6c_gate_off_control,0,0,id_reference,50043,0,24,25,4.790132467342596,1.141302129052218,False,False,False
safety,A6c_gate_off_control,0,0,id_reference,50044,0,24,25,7.449030185808248,1.774813967755174,False,False,False
safety,A6c_gate_off_control,0,0,id_reference,50045,0,24,25,6.963435209169215,1.6591155847827614,False,False,False
safety,A6c_gate_off_control,0,0,id_reference,50046,0,24,25,7.588281703834031,1.8079921846583795,False,False,False
safety,A6c_gate_off_control,0,0,id_reference,50047,0,24,25,6.531269106119982,1.556147222868562,False,False,False
safety,A6c_gate_off_control,0,0,id_reference,50048,0,24,25,4.12985380532134,0.9839834227595989,False,False,False
safety,A6c_gate_off_control,0,0,id_reference,50049,0,24,25,7.773458871996309,1.8521126965056676,False,False,False
safety,A6c_gate_off_control,0,0,id_reference,50050,0,24,25,5.070660851217258,1.2081411244158156,False,False,False
safety,A6c_gate_off_control,0,0,id_reference,50051,0,24,25,5.305838251728791,1.264174745560678,False,False,False
safety,A6c_gate_off_control,0,0,id_reference,50052,0,24,25,7.091485422181055,1.6896249666698722,False,False,False
safety,A6c_gate_off_control,0,0,id_reference,50053,0,24,25,7.1904404997561215,1.7132021102012713,False,False,False
safety,A6c_gate_off_control,0,0,id_reference,50054,0,24,25,4.3469304691366,1.0357043428529324,False,False,False
safety,A6c_gate_off_control,0,0,id_reference,50055,0,24,25,7.21202035598562,1.7183437500259067,False,False,False
safety,A6c_gate_off_control,0,0,id_reference,50056,0,24,25,3.794385269708559,0.90405432757587,False,False,False
safety,A6c_gate_off_control,0,0,id_reference,50057,0,24,25,6.553030766527554,1.5613321795527875,False,False,False
safety,A6c_gate_off_control,0,0,id_reference,50058,0,24,25,7.572659170279133,1.8042699429606908,False,False,False
safety,A6c_gate_off_control,0,0,id_reference,50059,0,24,25,5.588916227559344,1.3316212094540731,False,False,False
safety,A6c_gate_off_control,0,0,id_reference,50060,0,24,25,8.049841063867728,1.9179638156898438,False,False,False
safety,A6c_gate_off_control,0,0,id_reference,50061,0,24,25,3.796973362722474,0.9046709694092858,False,False,False
safety,A6c_gate_off_control,0,0,id_reference,50062,0,24,25,5.0899452465962876,1.2127358452619765,False,False,False
safety,A6c_gate_off_control,0,0,id_reference,50063,0,24,25,4.720967917761638,1.1248229088574004,False,False,False
safety,A6c_gate_off_control,0,0,id_reference,50064,0,24,25,6.175038264764821,1.471271278321196,False,False,False
safety,A6c_gate_off_control,0,0,id_reference,50065,0,24,25,4.328303212472502,1.0312661925858833,False,False,False
safety,A6c_gate_off_control,0,0,id_reference,50066,0,24,25,6.879788798586386,1.6391859007632463,False,False,False
safety,A6c_gate_off_control,0,0,id_reference,50067,0,24,25,4.849973479707465,1.155559913212111,False,False,False
safety,A6c_gate_off_control,0,0,id_reference,50068,0,24,25,3.794965231770311,0.9041925099623405,False,False,False
safety,A6c_gate_off_control,0,0,id_reference,50069,0,24,25,6.998775335223059,1.6675357613397164,False,False,False
safety,A6c_gate_off_control,0,0,id_reference,50070,0,24,25,4.5543248667344205,1.085118355752498,False,False,False
safety,A6c_gate_off_control,0,0,id_reference,50071,0,24,25,5.215484157920387,1.242646881699885,False,False,False
safety,A6c_gate_off_control,0,0,id_reference,50072,0,24,25,7.377323119466431,1.7577289647741592,False,False,False
safety,A6c_gate_off_control,0,0,id_reference,50073,0,24,25,5.4987618284669395,1.3101409250717362,False,False,False
safety,A6c_gate_off_control,0,0,id_reference,50074,0,24,25,4.496137736538106,1.07125462734222,False,False,False
safety,A6c_gate_off_control,0,0,id_reference,50075,0,24,25,5.772919048182005,1.3754619199897378,False,False,False
safety,A6c_gate_off_control,0,0,id_reference,50076,0,24,25,7.157289841040191,1.7053035984941483,True,False,True
safety,A6c_gate_off_control,0,0,id_reference,50077,0,24,25,3.5178387266403517,0.8381640498982522,False,False,False
safety,A6c_gate_off_control,0,0,id_reference,50078,0,24,25,5.9586702401657865,1.4197191993719689,False,False,False
safety,A6c_gate_off_control,0,0,id_reference,50079,0,24,25,6.790446607678606,1.6178991339791522,False,False,False
safety,A6c_gate_off_control,0,0,id_reference,50080,0,24,25,6.414155553885551,1.528243621576263,False,False,False
safety,A6c_gate_off_control,0,0,id_reference,50081,0,24,25,3.758069493011658,0.8954016914442117,False,False,False
safety,A6c_gate_off_control,0,0,id_reference,50082,0,24,25,3.938888928352208,0.9384839251684653,False,False,False
safety,A6c_gate_off_control,0,0,id_reference,50083,0,24,25,4.755772342546077,1.1331154486520159,True,False,True
safety,A6c_gate_off_control,0,0,id_reference,50084,0,24,25,6.464058866218853,1.540133638606283,False,False,False
safety,A6c_gate_off_control,0,0,id_reference,50085,0,24,25,6.484894132471596,1.5450978716198258,False,False,False
safety,A6c_gate_off_control,0,0,id_reference,50086,0,24,25,8.491081737890182,2.023094294673369,False,False,False
safety,A6c_gate_off_control,0,0,id_reference,50087,0,24,25,4.859238078606367,1.1577673065400031,False,False,False
safety,A6c_gate_off_control,0,0,id_reference,50088,0,24,25,5.538765061380599,1.319672138499464,False,False,False
safety,A6c_gate_off_control,0,0,id_reference,50089,0,24,25,2.654394295549964,0.6324388483009703,False,False,False
safety,A6c_gate_off_control,0,0,id_reference,50090,0,24,25,7.351911685767151,1.7516744091682372,False,False,False
safety,A6c_gate_off_control,0,0,id_reference,50091,0,24,25,7.937273992042495,1.8911434637243822,False,False,False
safety,A6c_gate_off_control,0,0,id_reference,50092,0,24,25,4.9106113943452545,1.1700075681672126,False,False,False
safety,A6c_gate_off_control,0,0,id_reference,50093,0,24,25,7.097228271685784,1.6909932641880012,True,False,True
safety,A6c_gate_off_control,0,0,id_reference,50094,0,24,25,4.713277708252566,1.1229906312439106,False,False,False
safety,A6c_gate_off_control,0,0,id_reference,50095,0,24,25,5.616988065021844,1.3383096357305457,False,False,False
safety,A6c_gate_off_control,0,0,id_reference,50096,0,24,25,7.5530751541732,1.7996038341569203,False,False,False
safety,A6c_gate_off_control,0,0,id_reference,50097,0,24,25,5.202224193789543,1.2394875483418069,False,False,False
safety,A6c_gate_off_control,0,0,id_reference,50098,0,24,25,7.743960245199225,1.8450843218631796,False,False,False
safety,A6c_gate_off_control,0,0,id_reference,50099,0,24,25,5.575350393770095,1.3283889992612248,False,False,False
safety,A6c_gate_off_control,0,0,motor_fault,50000,0,24,25,4.845815520674307,1.1545692334074484,False,False,False
safety,A6c_gate_off_control,0,0,motor_fault,50001,0,24,25,6.562375187267706,1.563558591318684,False,False,False
safety,A6c_gate_off_control,0,0,motor_fault,50002,0,24,25,5.382132624156528,1.282352725038307,True,False,True
safety,A6c_gate_off_control,0,0,motor_fault,50003,0,24,25,7.434612096076921,1.7713786981421902,False,False,False
safety,A6c_gate_off_control,0,0,motor_fault,50004,0,24,25,6.566900693481131,1.5646368433110107,False,False,False
safety,A6c_gate_off_control,0,0,motor_fault,50005,0,24,25,3.4826348898382493,0.8297763457654402,False,False,False
safety,A6c_gate_off_control,0,0,motor_fault,50006,0,24,25,6.156646922161273,1.466889337192707,False,False,False
safety,A6c_gate_off_control,0,0,motor_fault,50007,0,24,25,7.2039307187811685,1.716416304338831,False,False,False
safety,A6c_gate_off_control,0,0,motor_fault,50008,0,24,25,5.236599475212933,1.247677839976278,True,False,True
safety,A6c_gate_off_control,0,0,motor_fault,50009,0,24,25,6.818061060534445,1.6244785833058355,True,False,True
safety,A6c_gate_off_control,0,0,motor_fault,50010,0,24,25,7.869499345909858,1.874995403424528,False,False,False
safety,A6c_gate_off_control,0,0,motor_fault,50011,0,24,25,3.7497420213865182,0.8934175790714975,False,False,False
safety,A6c_gate_off_control,0,0,motor_fault,50012,0,24,25,7.0013321807879425,1.6681449581222174,False,False,False
safety,A6c_gate_off_control,0,0,motor_fault,50013,0,24,25,7.173631317017103,1.7091971361888694,False,False,False
safety,A6c_gate_off_control,0,0,motor_fault,50014,0,24,25,5.587860019359184,1.331369556148912,False,False,False
safety,A6c_gate_off_control,0,0,motor_fault,50015,0,24,25,7.387679513451966,1.7601964903771727,False,False,False
safety,A6c_gate_off_control,0,0,motor_fault,50016,0,24,25,7.499005360844919,1.786721106870421,False,False,False
safety,A6c_gate_off_control,0,0,motor_fault,50017,0,24,25,4.575382131540672,1.090135482380882,False,False,False
safety,A6c_gate_off_control,0,0,motor_fault,50018,0,24,25,7.139850949091171,1.701148589286069,True,True,True
safety,A6c_gate_off_control,0,0,motor_fault,50019,0,24,25,6.862102774499906,1.6349720095855007,True,False,True
safety,A6c_gate_off_control,0,0,motor_fault,50020,0,24,25,5.297206766087094,1.262118198480422,False,False,False
safety,A6c_gate_off_control,0,0,motor_fault,50021,0,24,25,4.0924910814282045,0.9750813398595655,False,False,False
safety,A6c_gate_off_control,0,0,motor_fault,50022,0,24,25,7.64739246247294,1.8220759777777595,False,False,False
safety,A6c_gate_off_control,0,0,motor_fault,50023,0,24,25,6.1744410717514775,1.4711289904696112,False,False,False
safety,A6c_gate_off_control,0,0,motor_fault,50024,0,24,25,3.733197008936803,0.8894755465572003,False,False,False
safety,A6c_gate_off_control,0,0,motor_fault,50025,0,24,25,4.44956029782007,1.0601570365475788,False,False,False
safety,A6c_gate_off_control,0,0,motor_fault,50026,0,24,25,4.554859533512525,1.085245746035824,True,False,True
safety,A6c_gate_off_control,0,0,motor_fault,50027,0,24,25,3.8818209617410653,0.9248868498812947,False,False,False
safety,A6c_gate_off_control,0,0,motor_fault,50028,0,24,25,6.694331378948616,1.5949986158970846,False,False,False
safety,A6c_gate_off_control,0,0,motor_fault,50029,0,24,25,7.28090027649644,1.7347551541914281,False,False,False
safety,A6c_gate_off_control,0,0,motor_fault,50030,0,24,25,3.997874323067215,0.9525378489440995,False,False,False
safety,A6c_gate_off_control,0,0,motor_fault,50031,0,24,25,5.6449526924055835,1.3449725180179994,False,False,False
safety,A6c_gate_off_control,0,0,motor_fault,50032,0,24,25,7.047406153722833,1.6791225926162499,False,False,False
safety,A6c_gate_off_control,0,0,motor_fault,50033,0,24,25,3.9324526836257556,0.9369504185568045,False,False,False
safety,A6c_gate_off_control,0,0,motor_fault,50034,0,24,25,4.939875096327687,1.1769799693699352,True,False,True
safety,A6c_gate_off_control,0,0,motor_fault,50035,0,24,25,5.251086843423333,1.2511296159544203,False,False,False
safety,A6c_gate_off_control,0,0,motor_fault,50036,0,24,25,6.142969711964477,1.4636305903368485,False,False,False
safety,A6c_gate_off_control,0,0,motor_fault,50037,0,24,25,6.898989985423038,1.6437607962523386,False,False,False
safety,A6c_gate_off_control,0,0,motor_fault,50038,0,24,25,5.2769718088049515,1.2572969957298012,False,False,False
safety,A6c_gate_off_control,0,0,motor_fault,50039,0,24,25,5.908093204791293,1.4076686603633721,False,False,False
safety,A6c_gate_off_control,0,0,motor_fault,50040,0,24,25,4.103109763482529,0.9776113585007936,False,False,False
safety,A6c_gate_off_control,0,0,motor_fault,50041,0,24,25,7.596023775580637,1.8098368190245304,False,False,False
safety,A6c_gate_off_control,0,0,motor_fault,50042,0,24,25,4.217454258339408,1.0048552011951803,False,False,False
safety,A6c_gate_off_control,0,0,motor_fault,50043,0,24,25,4.790132467342596,1.141302129052218,False,False,False
safety,A6c_gate_off_control,0,0,motor_fault,50044,0,24,25,7.066417425854882,1.683652238822952,False,False,False
safety,A6c_gate_off_control,0,0,motor_fault,50045,0,24,25,6.963435209169215,1.6591155847827614,True,False,True
safety,A6c_gate_off_control,0,0,motor_fault,50046,0,24,25,7.588281703834031,1.8079921846583795,False,False,False
safety,A6c_gate_off_control,0,0,motor_fault,50047,0,24,25,6.531269106119982,1.556147222868562,False,False,False
safety,A6c_gate_off_control,0,0,motor_fault,50048,0,24,25,4.12985380532134,0.9839834227595989,False,False,False
safety,A6c_gate_off_control,0,0,motor_fault,50049,0,24,25,7.773458871996309,1.8521126965056676,False,False,False
safety,A6c_gate_off_control,0,0,motor_fault,50050,0,24,25,4.72110550509963,1.1248556905649734,False,False,False
safety,A6c_gate_off_control,0,0,motor_fault,50051,0,24,25,5.305838251728791,1.264174745560678,False,False,False
safety,A6c_gate_off_control,0,0,motor_fault,50052,0,24,25,7.090363014979011,1.68935754071911,True,False,True
safety,A6c_gate_off_control,0,0,motor_fault,50053,0,24,25,7.3146413662302745,1.7427943426298078,False,False,False
safety,A6c_gate_off_control,0,0,motor_fault,50054,0,24,25,5.162223261709825,1.229956883113256,False,False,False
safety,A6c_gate_off_control,0,0,motor_fault,50055,0,24,25,7.176566331100619,1.7098964358105713,False,False,False
safety,A6c_gate_off_control,0,0,motor_fault,50056,0,24,25,3.794385269708559,0.90405432757587,False,False,False
safety,A6c_gate_off_control,0,0,motor_fault,50057,0,24,25,6.553030766527554,1.5613321795527875,False,False,False
safety,A6c_gate_off_control,0,0,motor_fault,50058,0,24,25,7.572659170279133,1.8042699429606908,False,False,False
safety,A6c_gate_off_control,0,0,motor_fault,50059,0,24,25,5.588916227559344,1.3316212094540731,False,False,False
safety,A6c_gate_off_control,0,0,motor_fault,50060,0,24,25,8.049841063867728,1.9179638156898438,False,False,False
safety,A6c_gate_off_control,0,0,motor_fault,50061,0,24,25,3.796973362722474,0.9046709694092858,False,False,False
safety,A6c_gate_off_control,0,0,motor_fault,50062,0,24,25,5.0899452465962876,1.2127358452619765,False,False,False
safety,A6c_gate_off_control,0,0,motor_fault,50063,0,24,25,4.798730971380576,1.1433508178999934,False,False,False
safety,A6c_gate_off_control,0,0,motor_fault,50064,0,24,25,6.175038264764821,1.471271278321196,False,False,False
safety,A6c_gate_off_control,0,0,motor_fault,50065,0,24,25,4.328303212472502,1.0312661925858833,False,False,False
safety,A6c_gate_off_control,0,0,motor_fault,50066,0,24,25,6.879788798586386,1.6391859007632463,True,False,True
safety,A6c_gate_off_control,0,0,motor_fault,50067,0,24,25,5.155671175286022,1.2283957759338193,False,False,False
safety,A6c_gate_off_control,0,0,motor_fault,50068,0,24,25,3.8132808563957505,0.908556410443684,False,False,False
safety,A6c_gate_off_control,0,0,motor_fault,50069,0,24,25,6.998775335223059,1.6675357613397164,False,False,False
safety,A6c_gate_off_control,0,0,motor_fault,50070,0,24,25,4.5543248667344205,1.085118355752498,False,False,False
safety,A6c_gate_off_control,0,0,motor_fault,50071,0,24,25,5.215484157920387,1.242646881699885,False,False,False
safety,A6c_gate_off_control,0,0,motor_fault,50072,0,24,25,7.377323119466431,1.7577289647741592,False,False,False
safety,A6c_gate_off_control,0,0,motor_fault,50073,0,24,25,5.673475388579782,1.351768366377488,False,False,False
safety,A6c_gate_off_control,0,0,motor_fault,50074,0,24,25,4.496137736538106,1.07125462734222,False,False,False
safety,A6c_gate_off_control,0,0,motor_fault,50075,0,24,25,5.772919048182005,1.3754619199897378,True,False,True
safety,A6c_gate_off_control,0,0,motor_fault,50076,0,24,25,7.157289841040191,1.7053035984941483,True,True,True
safety,A6c_gate_off_control,0,0,motor_fault,50077,0,24,25,3.5178387266403517,0.8381640498982522,False,False,False
safety,A6c_gate_off_control,0,0,motor_fault,50078,0,24,25,5.976454147689932,1.4239564123631652,False,False,False
safety,A6c_gate_off_control,0,0,motor_fault,50079,0,24,25,6.790446607678606,1.6178991339791522,True,False,True
safety,A6c_gate_off_control,0,0,motor_fault,50080,0,24,25,6.414155553885551,1.528243621576263,False,False,False
safety,A6c_gate_off_control,0,0,motor_fault,50081,0,24,25,4.0653839933534375,0.9686227758129431,False,False,False
safety,A6c_gate_off_control,0,0,motor_fault,50082,0,24,25,3.9422562957589284,0.9392862377593577,False,False,False
safety,A6c_gate_off_control,0,0,motor_fault,50083,0,24,25,4.755772342546077,1.1331154486520159,True,False,True
safety,A6c_gate_off_control,0,0,motor_fault,50084,0,24,25,6.464058866218853,1.540133638606283,False,False,False
safety,A6c_gate_off_control,0,0,motor_fault,50085,0,24,25,6.484894132471596,1.5450978716198258,False,False,False
safety,A6c_gate_off_control,0,0,motor_fault,50086,0,24,25,8.491081737890182,2.023094294673369,False,False,False
safety,A6c_gate_off_control,0,0,motor_fault,50087,0,24,25,4.864844356528377,1.159103064365506,False,False,False
safety,A6c_gate_off_control,0,0,motor_fault,50088,0,24,25,5.538765061380599,1.319672138499464,True,False,True
safety,A6c_gate_off_control,0,0,motor_fault,50089,0,24,25,3.6417069997535165,0.8676770382738127,False,False,False
safety,A6c_gate_off_control,0,0,motor_fault,50090,0,24,25,7.351911685767151,1.7516744091682372,True,False,True
safety,A6c_gate_off_control,0,0,motor_fault,50091,0,24,25,7.937273992042495,1.8911434637243822,True,False,True
safety,A6c_gate_off_control,0,0,motor_fault,50092,0,24,25,4.9106113943452545,1.1700075681672126,True,False,True
safety,A6c_gate_off_control,0,0,motor_fault,50093,0,24,25,7.097228271685784,1.6909932641880012,True,True,True
safety,A6c_gate_off_control,0,0,motor_fault,50094,0,24,25,4.713277708252566,1.1229906312439106,False,False,False
safety,A6c_gate_off_control,0,0,motor_fault,50095,0,24,25,5.616988065021844,1.3383096357305457,False,False,False
safety,A6c_gate_off_control,0,0,motor_fault,50096,0,24,25,7.5530751541732,1.7996038341569203,False,False,False
safety,A6c_gate_off_control,0,0,motor_fault,50097,0,24,25,5.153014905550934,1.2277628902412712,True,False,True
safety,A6c_gate_off_control,0,0,motor_fault,50098,0,24,25,7.743960245199225,1.8450843218631796,False,False,False
safety,A6c_gate_off_control,0,0,motor_fault,50099,0,24,25,5.719102854273068,1.3626396155744633,True,False,True
safety,A6c_gate_off_control,0,0,ood_compound,50000,0,24,25,5.357762715777658,1.2765463243787776,False,False,False
safety,A6c_gate_off_control,0,0,ood_compound,50001,0,24,25,6.728473347215645,1.6031333180872331,False,False,False
safety,A6c_gate_off_control,0,0,ood_compound,50002,0,24,25,5.643378605788125,1.3445974744424687,False,False,False
safety,A6c_gate_off_control,0,0,ood_compound,50003,0,24,25,7.0998240119953,1.6916117280743164,True,True,True
safety,A6c_gate_off_control,0,0,ood_compound,50004,0,24,25,6.806797101452671,1.621794820263951,True,False,True
safety,A6c_gate_off_control,0,0,ood_compound,50005,0,24,25,6.084125576310629,1.4496103230975104,False,False,False
safety,A6c_gate_off_control,0,0,ood_compound,50006,0,24,25,6.265527924678233,1.4928314423084108,False,False,False
safety,A6c_gate_off_control,0,0,ood_compound,50007,0,24,25,7.264155355604911,1.730765491276132,True,True,True
safety,A6c_gate_off_control,0,0,ood_compound,50008,0,24,25,6.144537466159409,1.4640041251425573,True,False,True
safety,A6c_gate_off_control,0,0,ood_compound,50009,0,24,25,7.18749453698444,1.712500201933316,False,False,False
safety,A6c_gate_off_control,0,0,ood_compound,50010,0,24,25,7.117007523532008,1.6957058900698652,False,False,False
safety,A6c_gate_off_control,0,0,ood_compound,50011,0,24,25,4.513247101033431,1.0753311229837024,False,False,False
safety,A6c_gate_off_control,0,0,ood_compound,50012,0,24,25,6.922708443019344,1.649411981545658,False,False,False
safety,A6c_gate_off_control,0,0,ood_compound,50013,0,24,25,6.867274431009515,1.6362042140444346,False,False,False
safety,A6c_gate_off_control,0,0,ood_compound,50014,0,24,25,5.383107100418814,1.2825849048037812,False,False,False
safety,A6c_gate_off_control,0,0,ood_compound,50015,0,24,25,7.240871902544867,1.7252179506328857,False,False,False
safety,A6c_gate_off_control,0,0,ood_compound,50016,0,24,25,7.431169955570339,1.770558570031863,False,False,False
safety,A6c_gate_off_control,0,0,ood_compound,50017,0,24,25,5.450995602813709,1.2987600926195044,True,False,True
safety,A6c_gate_off_control,0,0,ood_compound,50018,0,24,25,5.86445869465613,1.3972722549075873,False,False,False
safety,A6c_gate_off_control,0,0,ood_compound,50019,0,24,25,6.215955300305541,1.4810202153486172,False,False,False
safety,A6c_gate_off_control,0,0,ood_compound,50020,0,24,25,6.841330452042051,1.6300227736284287,False,False,False
safety,A6c_gate_off_control,0,0,ood_compound,50021,0,24,25,4.205471185024963,1.002000101220471,False,False,False
safety,A6c_gate_off_control,0,0,ood_compound,50022,0,24,25,7.325981339844536,1.745496216976204,False,False,False
safety,A6c_gate_off_control,0,0,ood_compound,50023,0,24,25,6.500592309330948,1.5488381361728343,False,False,False
safety,A6c_gate_off_control,0,0,ood_compound,50024,0,24,25,5.491083223713171,1.308311412419764,False,False,False
safety,A6c_gate_off_control,0,0,ood_compound,50025,0,24,25,5.408117998042614,1.2885440282522787,False,False,False
safety,A6c_gate_off_control,0,0,ood_compound,50026,0,24,25,4.659063384337008,1.1100734679437736,True,False,True
safety,A6c_gate_off_control,0,0,ood_compound,50027,0,24,25,4.892402738791468,1.1656691542522746,False,False,False
safety,A6c_gate_off_control,0,0,ood_compound,50028,0,24,25,6.946728173890014,1.6551349485343279,False,False,False
safety,A6c_gate_off_control,0,0,ood_compound,50029,0,24,25,6.663829489918945,1.5877312029127855,False,False,False
safety,A6c_gate_off_control,0,0,ood_compound,50030,0,24,25,4.738698865782605,1.129047503660239,True,False,True
safety,A6c_gate_off_control,0,0,ood_compound,50031,0,24,25,7.416477401919196,1.7670579063492642,False,False,False
safety,A6c_gate_off_control,0,0,ood_compound,50032,0,24,25,6.9133431202938125,1.6471805896501768,False,False,False
safety,A6c_gate_off_control,0,0,ood_compound,50033,0,24,25,5.9597283551986875,1.4199713070011557,False,False,False
safety,A6c_gate_off_control,0,0,ood_compound,50034,0,24,25,5.560788466456571,1.324919458750741,False,False,False
safety,A6c_gate_off_control,0,0,ood_compound,50035,0,24,25,5.276888096265704,1.257277050289895,False,False,False
safety,A6c_gate_off_control,0,0,ood_compound,50036,0,24,25,6.664949109451231,1.5879979646703442,False,False,False
safety,A6c_gate_off_control,0,0,ood_compound,50037,0,24,25,7.21955687333756,1.7201394087802417,False,False,False
safety,A6c_gate_off_control,0,0,ood_compound,50038,0,24,25,6.415791922235707,1.528633504464613,True,False,True
safety,A6c_gate_off_control,0,0,ood_compound,50039,0,24,25,5.953935673990934,1.4185911365277077,False,False,False
safety,A6c_gate_off_control,0,0,ood_compound,50040,0,24,25,4.354678295706933,1.037550348369593,False,False,False
safety,A6c_gate_off_control,0,0,ood_compound,50041,0,24,25,7.3852364309544365,1.759614398905822,False,False,False
safety,A6c_gate_off_control,0,0,ood_compound,50042,0,24,25,4.254764300105368,1.013744731994762,False,False,False
safety,A6c_gate_off_control,0,0,ood_compound,50043,0,24,25,4.362445616447036,1.039400998588172,False,False,False
safety,A6c_gate_off_control,0,0,ood_compound,50044,0,24,25,6.372286192275968,1.5182677823123472,False,False,False
safety,A6c_gate_off_control,0,0,ood_compound,50045,0,24,25,6.492003930413127,1.5467918597471109,True,False,True
safety,A6c_gate_off_control,0,0,ood_compound,50046,0,24,25,7.148973206303748,1.7033220681302255,False,False,False
safety,A6c_gate_off_control,0,0,ood_compound,50047,0,24,25,5.862099967565219,1.3967102620464162,False,False,False
safety,A6c_gate_off_control,0,0,ood_compound,50048,0,24,25,5.477042572001136,1.30496607159642,False,False,False
safety,A6c_gate_off_control,0,0,ood_compound,50049,0,24,25,7.293831926259506,1.7378362630140685,False,False,False
safety,A6c_gate_off_control,0,0,ood_compound,50050,0,24,25,4.82512423751171,1.149639305960286,False,False,False
safety,A6c_gate_off_control,0,0,ood_compound,50051,0,24,25,5.1099058498960686,1.217491680136799,False,False,False
safety,A6c_gate_off_control,0,0,ood_compound,50052,0,24,25,7.680578613090903,1.8299829458237478,False,False,False
safety,A6c_gate_off_control,0,0,ood_compound,50053,0,24,25,7.133523858600616,1.6996410898804037,False,False,False
safety,A6c_gate_off_control,0,0,ood_compound,50054,0,24,25,6.497025806673511,1.547988377402288,False,False,False
safety,A6c_gate_off_control,0,0,ood_compound,50055,0,24,25,7.168274422636395,1.7079207967549408,False,False,False
safety,A6c_gate_off_control,0,0,ood_compound,50056,0,24,25,5.187386457103457,1.2359522931926856,False,False,False
safety,A6c_gate_off_control,0,0,ood_compound,50057,0,24,25,6.459990185645659,1.5391642303838011,False,False,False
safety,A6c_gate_off_control,0,0,ood_compound,50058,0,24,25,7.461759586204319,1.7778468884254561,False,False,False
safety,A6c_gate_off_control,0,0,ood_compound,50059,0,24,25,5.550137932087367,1.3223818509426086,False,False,False
safety,A6c_gate_off_control,0,0,ood_compound,50060,0,24,25,6.687576462552434,1.593389182229625,False,False,False
safety,A6c_gate_off_control,0,0,ood_compound,50061,0,24,25,5.207036533218288,1.2406341415254387,False,False,False
safety,A6c_gate_off_control,0,0,ood_compound,50062,0,24,25,6.060261438064746,1.4439244277754688,False,False,False
safety,A6c_gate_off_control,0,0,ood_compound,50063,0,24,25,3.7393641937883593,0.8909449466728185,False,False,False
safety,A6c_gate_off_control,0,0,ood_compound,50064,0,24,25,6.691493123081895,1.5943223699924947,False,False,False
safety,A6c_gate_off_control,0,0,ood_compound,50065,0,24,25,5.363119480131673,1.2778226328324058,False,False,False
safety,A6c_gate_off_control,0,0,ood_compound,50066,0,24,25,7.115088701374733,1.6952487094327322,False,False,False
safety,A6c_gate_off_control,0,0,ood_compound,50067,0,24,25,5.797053348683705,1.3812121844622895,False,False,False
safety,A6c_gate_off_control,0,0,ood_compound,50068,0,24,25,4.949810139883635,1.1793471035650611,False,False,False
safety,A6c_gate_off_control,0,0,ood_compound,50069,0,24,25,7.237697590137806,1.7244616355344715,False,False,False
safety,A6c_gate_off_control,0,0,ood_compound,50070,0,24,25,4.495329394156586,1.0710620308143952,False,False,False
safety,A6c_gate_off_control,0,0,ood_compound,50071,0,24,25,6.864804001338507,1.63561560680603,False,False,False
safety,A6c_gate_off_control,0,0,ood_compound,50072,0,24,25,7.735756396671033,1.8431296640629036,False,False,False
safety,A6c_gate_off_control,0,0,ood_compound,50073,0,24,25,5.268461563882015,1.2552693355939863,False,False,False
safety,A6c_gate_off_control,0,0,ood_compound,50074,0,24,25,4.85593553292827,1.1569804384440994,False,False,False
safety,A6c_gate_off_control,0,0,ood_compound,50075,0,24,25,5.65049907095121,1.3462940041534686,False,False,False
safety,A6c_gate_off_control,0,0,ood_compound,50076,0,24,25,7.338766458440659,1.7485424131249372,True,True,True
safety,A6c_gate_off_control,0,0,ood_compound,50077,0,24,25,5.087861968100778,1.212239481080288,False,False,False
safety,A6c_gate_off_control,0,0,ood_compound,50078,0,24,25,5.826847379825011,1.388310942462501,False,False,False
safety,A6c_gate_off_control,0,0,ood_compound,50079,0,24,25,6.386995605537508,1.5217724629839064,False,False,False
safety,A6c_gate_off_control,0,0,ood_compound,50080,0,24,25,7.072918629300532,1.6852012225691233,False,False,False
safety,A6c_gate_off_control,0,0,ood_compound,50081,0,24,25,3.7086223150165627,0.8836203534736703,False,False,False
safety,A6c_gate_off_control,0,0,ood_compound,50082,0,24,25,6.693364344547455,1.59476820923747,False,False,False
safety,A6c_gate_off_control,0,0,ood_compound,50083,0,24,25,4.927331144635943,1.1739912339079996,True,False,True
safety,A6c_gate_off_control,0,0,ood_compound,50084,0,24,25,6.53593932864768,1.5572599551260409,False,False,False
safety,A6c_gate_off_control,0,0,ood_compound,50085,0,24,25,6.91371812050194,1.647269937604299,False,False,False
safety,A6c_gate_off_control,0,0,ood_compound,50086,0,24,25,7.3385942132157655,1.7485013737918433,True,False,True
safety,A6c_gate_off_control,0,0,ood_compound,50087,0,24,25,6.019649776063242,1.4342482493769246,False,False,False
safety,A6c_gate_off_control,0,0,ood_compound,50088,0,24,25,5.612277551947541,1.337187303803969,False,False,False
safety,A6c_gate_off_control,0,0,ood_compound,50089,0,24,25,5.594441231580309,1.3329376028722384,False,False,False
safety,A6c_gate_off_control,0,0,ood_compound,50090,0,24,25,7.252555053846181,1.7280015908652042,False,False,False
safety,A6c_gate_off_control,0,0,ood_compound,50091,0,24,25,7.514082248671521,1.7903133424282673,False,False,False
safety,A6c_gate_off_control,0,0,ood_compound,50092,0,24,25,4.909027677943852,1.1696302301889714,False,False,False
safety,A6c_gate_off_control,0,0,ood_compound,50093,0,24,25,7.305924647197659,1.7407174877498857,True,False,True
safety,A6c_gate_off_control,0,0,ood_compound,50094,0,24,25,5.315846548587414,1.2665593331667218,False,False,False
safety,A6c_gate_off_control,0,0,ood_compound,50095,0,24,25,6.109888767183522,1.4557486887470774,False,False,False
safety,A6c_gate_off_control,0,0,ood_compound,50096,0,24,25,7.259744740390101,1.7297146133370744,False,False,False
safety,A6c_gate_off_control,0,0,ood_compound,50097,0,24,25,5.276199439343564,1.2571129701487331,True,False,True
safety,A6c_gate_off_control,0,0,ood_compound,50098,0,24,25,7.116465713492153,1.6955767978252885,True,False,True
safety,A6c_gate_off_control,0,0,ood_compound,50099,0,24,25,6.072765472674107,1.446903652550295,True,False,True
safety,A6c_gate_off_control,1,1,id_reference,50000,0,24,25,7.419205995868108,1.685600449204541,False,False,False
safety,A6c_gate_off_control,1,1,id_reference,50001,0,24,25,6.11065110625927,1.3883043893617695,False,False,False
safety,A6c_gate_off_control,1,1,id_reference,50002,0,24,25,7.713612812150895,1.7524879654767025,False,False,False
safety,A6c_gate_off_control,1,1,id_reference,50003,0,24,25,10.057789964589688,2.285071379842934,False,False,False
safety,A6c_gate_off_control,1,1,id_reference,50004,0,24,25,11.205377064267838,2.545796494066223,False,False,False
safety,A6c_gate_off_control,1,1,id_reference,50005,0,24,25,7.2499262801973945,1.6471410824023953,False,False,False
safety,A6c_gate_off_control,1,1,id_reference,50006,0,24,25,8.914053422992964,2.025221090019365,False,False,False
safety,A6c_gate_off_control,1,1,id_reference,50007,0,24,25,9.908169076484805,2.2510783843201745,False,False,False
safety,A6c_gate_off_control,1,1,id_reference,50008,0,24,25,6.307934773064324,1.4331260909795054,False,False,False
safety,A6c_gate_off_control,1,1,id_reference,50009,0,24,25,12.607354108472729,2.8643175240527627,False,False,False
safety,A6c_gate_off_control,1,1,id_reference,50010,0,24,25,10.147762608363502,2.3055126411916174,False,False,False
safety,A6c_gate_off_control,1,1,id_reference,50011,0,24,25,6.401159762349705,1.4543062663114805,False,False,False
safety,A6c_gate_off_control,1,1,id_reference,50012,0,24,25,10.252703796081695,2.3293546686614515,False,False,False
safety,A6c_gate_off_control,1,1,id_reference,50013,0,24,25,9.734940761963342,2.211721918825762,False,False,False
safety,A6c_gate_off_control,1,1,id_reference,50014,0,24,25,5.760366523722346,1.3087217696040094,False,False,False
safety,A6c_gate_off_control,1,1,id_reference,50015,0,24,25,11.009199092415997,2.501225999910695,False,False,False
safety,A6c_gate_off_control,1,1,id_reference,50016,0,24,25,11.699405580674675,2.6580368995272634,False,False,False
safety,A6c_gate_off_control,1,1,id_reference,50017,0,24,25,5.602231174494086,1.2727943380375155,False,False,False
safety,A6c_gate_off_control,1,1,id_reference,50018,0,24,25,11.73063001528785,2.6651309094576305,False,True,True
safety,A6c_gate_off_control,1,1,id_reference,50019,0,24,25,9.59420445006505,2.1797474473409064,False,False,False
safety,A6c_gate_off_control,1,1,id_reference,50020,0,24,25,5.90740805362918,1.3421287499467467,False,False,False
safety,A6c_gate_off_control,1,1,id_reference,50021,0,24,25,5.940701288000338,1.3496927791491637,False,False,False
safety,A6c_gate_off_control,1,1,id_reference,50022,0,24,25,10.018800843169616,2.2762132782325506,False,False,False
safety,A6c_gate_off_control,1,1,id_reference,50023,0,24,25,7.317258735180209,1.662438624542118,False,False,False
safety,A6c_gate_off_control,1,1,id_reference,50024,0,24,25,5.4525290291175725,1.2387828813352666,False,False,False
safety,A6c_gate_off_control,1,1,id_reference,50025,0,24,25,5.3394766003101335,1.2130980270681644,False,False,False
safety,A6c_gate_off_control,1,1,id_reference,50026,0,24,25,7.69311092872795,1.7478300568101282,False,False,False
safety,A6c_gate_off_control,1,1,id_reference,50027,0,24,25,6.9483408759704925,1.5786226327028574,False,False,False
safety,A6c_gate_off_control,1,1,id_reference,50028,0,24,25,9.728534301462483,2.210266408262492,False,False,False
safety,A6c_gate_off_control,1,1,id_reference,50029,0,24,25,10.386487940208157,2.359749648065123,False,False,False
safety,A6c_gate_off_control,1,1,id_reference,50030,0,24,25,5.9567520363105,1.3533394158076886,False,False,False
safety,A6c_gate_off_control,1,1,id_reference,50031,0,24,25,5.867981011492483,1.3331711552966674,False,False,False
safety,A6c_gate_off_control,1,1,id_reference,50032,0,24,25,10.661254801277476,2.4221750807465856,False,False,False
safety,A6c_gate_off_control,1,1,id_reference,50033,0,24,25,5.131208682713053,1.165780767559257,False,False,False
safety,A6c_gate_off_control,1,1,id_reference,50034,0,24,25,7.641515607306433,1.736107899882096,False,False,False
safety,A6c_gate_off_control,1,1,id_reference,50035,0,24,25,8.135895856909261,1.8484282170794453,False,False,False
safety,A6c_gate_off_control,1,1,id_reference,50036,0,24,25,8.778755170980887,1.9944821141107358,False,False,False
safety,A6c_gate_off_control,1,1,id_reference,50037,0,24,25,10.517198800474223,2.3894463952511558,False,False,False
safety,A6c_gate_off_control,1,1,id_reference,50038,0,24,25,6.087452239436643,1.3830337417535168,False,False,False
safety,A6c_gate_off_control,1,1,id_reference,50039,0,24,25,8.001978652924418,1.8180030072498783,False,False,False
safety,A6c_gate_off_control,1,1,id_reference,50040,0,24,25,6.867391480718366,1.5602314009354943,False,False,False
safety,A6c_gate_off_control,1,1,id_reference,50041,0,24,25,10.004020579234734,2.2728552882344464,False,False,False
safety,A6c_gate_off_control,1,1,id_reference,50042,0,24,25,5.8069957086506765,1.3193156492058171,False,False,False
safety,A6c_gate_off_control,1,1,id_reference,50043,0,24,25,6.766342029229264,1.5372735533010222,False,False,False
safety,A6c_gate_off_control,1,1,id_reference,50044,0,24,25,10.74655949764729,2.4415558115957214,False,False,False
safety,A6c_gate_off_control,1,1,id_reference,50045,0,24,25,9.942904004097752,2.258969957841664,False,False,False
safety,A6c_gate_off_control,1,1,id_reference,50046,0,24,25,9.58814810295314,2.1783714805032073,False,False,False
safety,A6c_gate_off_control,1,1,id_reference,50047,0,24,25,7.688964016135357,1.7468879023891861,False,False,False
safety,A6c_gate_off_control,1,1,id_reference,50048,0,24,25,7.923582287677693,1.8001918090503033,False,False,False
safety,A6c_gate_off_control,1,1,id_reference,50049,0,24,25,10.071022953591541,2.2880778379758206,False,False,False
safety,A6c_gate_off_control,1,1,id_reference,50050,0,24,25,6.119762578416474,1.3903744628399357,False,False,False
safety,A6c_gate_off_control,1,1,id_reference,50051,0,24,25,6.7284301425660775,1.528660193161777,False,False,False
safety,A6c_gate_off_control,1,1,id_reference,50052,0,24,25,6.546720321529205,1.4873767787188825,False,False,False
safety,A6c_gate_off_control,1,1,id_reference,50053,0,24,25,10.915072013834417,2.4798408751375343,False,False,False
safety,A6c_gate_off_control,1,1,id_reference,50054,0,24,25,6.57744889549749,1.4943581319948536,False,False,False
safety,A6c_gate_off_control,1,1,id_reference,50055,0,24,25,10.910519715931132,2.4788066195318854,False,False,False
safety,A6c_gate_off_control,1,1,id_reference,50056,0,24,25,4.509727014973975,1.0245837474338164,False,False,False
safety,A6c_gate_off_control,1,1,id_reference,50057,0,24,25,9.786449566834538,2.2234244196967756,False,False,False
safety,A6c_gate_off_control,1,1,id_reference,50058,0,24,25,10.397120861620731,2.362165385964755,False,False,False
safety,A6c_gate_off_control,1,1,id_reference,50059,0,24,25,8.211104434424337,1.8655151684478326,False,False,False
safety,A6c_gate_off_control,1,1,id_reference,50060,0,24,25,10.310029150494604,2.3423786557569737,False,False,False
safety,A6c_gate_off_control,1,1,id_reference,50061,0,24,25,7.340920287499786,1.6678143916041148,False,False,False
safety,A6c_gate_off_control,1,1,id_reference,50062,0,24,25,4.853056944954099,1.1025863105817004,False,False,False
safety,A6c_gate_off_control,1,1,id_reference,50063,0,24,25,6.89789070568342,1.5671606474519162,False,False,False
safety,A6c_gate_off_control,1,1,id_reference,50064,0,24,25,8.54607033392039,1.9416174725182678,False,False,False
safety,A6c_gate_off_control,1,1,id_reference,50065,0,24,25,6.008042195313348,1.3649922416091451,False,False,False
safety,A6c_gate_off_control,1,1,id_reference,50066,0,24,25,11.301960156373156,2.5677396108268242,False,False,False
safety,A6c_gate_off_control,1,1,id_reference,50067,0,24,25,7.536506976152324,1.7122505496558997,False,False,False
safety,A6c_gate_off_control,1,1,id_reference,50068,0,24,25,4.415245847832765,1.003118175799428,False,False,False
safety,A6c_gate_off_control,1,1,id_reference,50069,0,24,25,9.854583134557313,2.2389039699914264,False,False,False
safety,A6c_gate_off_control,1,1,id_reference,50070,0,24,25,5.963143085102394,1.354791424920322,False,False,False
safety,A6c_gate_off_control,1,1,id_reference,50071,0,24,25,6.576797974106015,1.4942102464407285,False,False,False
safety,A6c_gate_off_control,1,1,id_reference,50072,0,24,25,7.631178563295856,1.7337593836072576,False,False,False
safety,A6c_gate_off_control,1,1,id_reference,50073,0,24,25,6.787640064352447,1.5421123430031551,False,False,False
safety,A6c_gate_off_control,1,1,id_reference,50074,0,24,25,6.083111846439647,1.3820476297100535,False,False,False
safety,A6c_gate_off_control,1,1,id_reference,50075,0,24,25,8.387322216832452,1.9055508236581569,False,False,False
safety,A6c_gate_off_control,1,1,id_reference,50076,0,24,25,9.998634274749971,2.2716315511844005,True,False,True
safety,A6c_gate_off_control,1,1,id_reference,50077,0,24,25,5.6661576426735305,1.2873180597860885,True,False,True
safety,A6c_gate_off_control,1,1,id_reference,50078,0,24,25,8.15584389157897,1.8529602945306893,False,False,False
safety,A6c_gate_off_control,1,1,id_reference,50079,0,24,25,10.30831369596078,2.3419889144646557,False,False,False
safety,A6c_gate_off_control,1,1,id_reference,50080,0,24,25,4.893151010478133,1.1116954490657087,False,False,False
safety,A6c_gate_off_control,1,1,id_reference,50081,0,24,25,7.161600798647805,1.627074046730504,False,False,False
safety,A6c_gate_off_control,1,1,id_reference,50082,0,24,25,4.192228360695135,0.952449899880278,False,False,False
safety,A6c_gate_off_control,1,1,id_reference,50083,0,24,25,8.314052167740371,1.8889042946722208,False,False,False
safety,A6c_gate_off_control,1,1,id_reference,50084,0,24,25,7.369594646472717,1.6743290391812737,False,False,False
safety,A6c_gate_off_control,1,1,id_reference,50085,0,24,25,7.726788790178712,1.755481471047887,False,False,False
safety,A6c_gate_off_control,1,1,id_reference,50086,0,24,25,10.510510258226262,2.3879267973556444,False,False,False
safety,A6c_gate_off_control,1,1,id_reference,50087,0,24,25,6.465622265145015,1.4689517720069871,False,False,False
safety,A6c_gate_off_control,1,1,id_reference,50088,0,24,25,6.903321019539606,1.5683943831751739,False,False,False
safety,A6c_gate_off_control,1,1,id_reference,50089,0,24,25,6.827342175485463,1.5511324317292872,False,False,False
safety,A6c_gate_off_control,1,1,id_reference,50090,0,24,25,11.629096543694569,2.6420630952707422,False,False,False
safety,A6c_gate_off_control,1,1,id_reference,50091,0,24,25,5.794682735747873,1.3165182133794542,False,False,False
safety,A6c_gate_off_control,1,1,id_reference,50092,0,24,25,7.949542965461908,1.8060899240452364,False,False,False
safety,A6c_gate_off_control,1,1,id_reference,50093,0,24,25,10.156467591877558,2.30749036281436,False,False,False
safety,A6c_gate_off_control,1,1,id_reference,50094,0,24,25,6.496325167049148,1.4759272927393017,False,False,False
safety,A6c_gate_off_control,1,1,id_reference,50095,0,24,25,7.400210662718147,1.6812848199972925,False,False,False
safety,A6c_gate_off_control,1,1,id_reference,50096,0,24,25,9.477040842794796,2.1531285572393037,False,False,False
safety,A6c_gate_off_control,1,1,id_reference,50097,0,24,25,8.052086953795714,1.8293873217580037,False,False,False
safety,A6c_gate_off_control,1,1,id_reference,50098,0,24,25,10.832833600531668,2.4611567859665118,False,False,False
safety,A6c_gate_off_control,1,1,id_reference,50099,0,24,25,7.526707279807196,1.7100241156452234,False,False,False
safety,A6c_gate_off_control,1,1,motor_fault,50000,0,24,25,7.2340690722712555,1.6435384169934129,False,False,False
safety,A6c_gate_off_control,1,1,motor_fault,50001,0,24,25,6.11065110625927,1.3883043893617695,False,False,False
safety,A6c_gate_off_control,1,1,motor_fault,50002,0,24,25,7.713612812150895,1.7524879654767025,False,False,False
safety,A6c_gate_off_control,1,1,motor_fault,50003,0,24,25,10.096819770097037,2.293938724641311,False,False,False
safety,A6c_gate_off_control,1,1,motor_fault,50004,0,24,25,11.205377064267838,2.545796494066223,False,False,False
safety,A6c_gate_off_control,1,1,motor_fault,50005,0,24,25,7.2499262801973945,1.6471410824023953,False,False,False
safety,A6c_gate_off_control,1,1,motor_fault,50006,0,24,25,8.914053422992964,2.025221090019365,False,False,False
safety,A6c_gate_off_control,1,1,motor_fault,50007,0,24,25,9.908169076484805,2.2510783843201745,False,False,False
safety,A6c_gate_off_control,1,1,motor_fault,50008,0,24,25,6.307934773064324,1.4331260909795054,True,False,True
safety,A6c_gate_off_control,1,1,motor_fault,50009,0,24,25,12.660253455009187,2.87633594790218,True,False,True
safety,A6c_gate_off_control,1,1,motor_fault,50010,0,24,25,10.147762608363502,2.3055126411916174,False,False,False
safety,A6c_gate_off_control,1,1,motor_fault,50011,0,24,25,6.264195382180539,1.4231887557764256,False,False,False
safety,A6c_gate_off_control,1,1,motor_fault,50012,0,24,25,10.252703796081695,2.3293546686614515,False,False,False
safety,A6c_gate_off_control,1,1,motor_fault,50013,0,24,25,9.735382733639169,2.211822332219826,False,False,False
safety,A6c_gate_off_control,1,1,motor_fault,50014,0,24,25,5.760366523722346,1.3087217696040094,False,False,False
safety,A6c_gate_off_control,1,1,motor_fault,50015,0,24,25,11.009199092415997,2.501225999910695,True,False,True
safety,A6c_gate_off_control,1,1,motor_fault,50016,0,24,25,11.818356237074712,2.685061796796963,False,False,False
safety,A6c_gate_off_control,1,1,motor_fault,50017,0,24,25,5.441240910108938,1.2362182863527005,False,False,False
safety,A6c_gate_off_control,1,1,motor_fault,50018,0,24,25,11.73063001528785,2.6651309094576305,True,True,True
safety,A6c_gate_off_control,1,1,motor_fault,50019,0,24,25,9.59420445006505,2.1797474473409064,True,False,True
safety,A6c_gate_off_control,1,1,motor_fault,50020,0,24,25,5.90740805362918,1.3421287499467467,False,False,False
safety,A6c_gate_off_control,1,1,motor_fault,50021,0,24,25,5.753037846598985,1.3070567367880865,False,False,False
safety,A6c_gate_off_control,1,1,motor_fault,50022,0,24,25,10.018800843169616,2.2762132782325506,False,False,False
safety,A6c_gate_off_control,1,1,motor_fault,50023,0,24,25,7.317258735180209,1.662438624542118,False,False,False
safety,A6c_gate_off_control,1,1,motor_fault,50024,0,24,25,5.459754552888827,1.240424478309572,False,False,False
safety,A6c_gate_off_control,1,1,motor_fault,50025,0,24,25,5.3394766003101335,1.2130980270681644,True,False,True
safety,A6c_gate_off_control,1,1,motor_fault,50026,0,24,25,7.578549800249709,1.7218024347530176,True,False,True
safety,A6c_gate_off_control,1,1,motor_fault,50027,0,24,25,6.9483408759704925,1.5786226327028574,False,False,False
safety,A6c_gate_off_control,1,1,motor_fault,50028,0,24,25,9.728534301462483,2.210266408262492,False,False,False
safety,A6c_gate_off_control,1,1,motor_fault,50029,0,24,25,10.409161826891069,2.3649010232391263,False,False,False
safety,A6c_gate_off_control,1,1,motor_fault,50030,0,24,25,5.9567520363105,1.3533394158076886,False,False,False
safety,A6c_gate_off_control,1,1,motor_fault,50031,0,24,25,5.867981011492483,1.3331711552966674,False,False,False
safety,A6c_gate_off_control,1,1,motor_fault,50032,0,24,25,10.661254801277476,2.4221750807465856,False,False,False
safety,A6c_gate_off_control,1,1,motor_fault,50033,0,24,25,5.131208682713053,1.165780767559257,False,False,False
safety,A6c_gate_off_control,1,1,motor_fault,50034,0,24,25,7.641515607306433,1.736107899882096,False,False,False
safety,A6c_gate_off_control,1,1,motor_fault,50035,0,24,25,8.316964826410619,1.8895660337809181,False,False,False
safety,A6c_gate_off_control,1,1,motor_fault,50036,0,24,25,8.80015938183865,1.9993450263222055,True,False,True
safety,A6c_gate_off_control,1,1,motor_fault,50037,0,24,25,10.517198800474223,2.3894463952511558,False,False,False
safety,A6c_gate_off_control,1,1,motor_fault,50038,0,24,25,6.087452239436643,1.3830337417535168,False,False,False
safety,A6c_gate_off_control,1,1,motor_fault,50039,0,24,25,7.9856007185857285,1.8142820358287166,False,False,False
safety,A6c_gate_off_control,1,1,motor_fault,50040,0,24,25,6.839365071470501,1.553863963767137,False,False,False
safety,A6c_gate_off_control,1,1,motor_fault,50041,0,24,25,10.004020579234734,2.2728552882344464,False,False,False
safety,A6c_gate_off_control,1,1,motor_fault,50042,0,24,25,5.768476084722063,1.310564214694709,False,False,False
safety,A6c_gate_off_control,1,1,motor_fault,50043,0,24,25,6.766342029229264,1.5372735533010222,False,False,False
safety,A6c_gate_off_control,1,1,motor_fault,50044,0,24,25,10.968264886624073,2.4919259864444125,False,False,False
safety,A6c_gate_off_control,1,1,motor_fault,50045,0,24,25,9.921189712734973,2.254036597143007,True,False,True
safety,A6c_gate_off_control,1,1,motor_fault,50046,0,24,25,9.58814810295314,2.1783714805032073,False,False,False
safety,A6c_gate_off_control,1,1,motor_fault,50047,0,24,25,7.688964016135357,1.7468879023891861,False,False,False
safety,A6c_gate_off_control,1,1,motor_fault,50048,0,24,25,7.923582287677693,1.8001918090503033,False,False,False
safety,A6c_gate_off_control,1,1,motor_fault,50049,0,24,25,10.4733712331726,2.3794890268788125,False,False,False
safety,A6c_gate_off_control,1,1,motor_fault,50050,0,24,25,6.119762578416474,1.3903744628399357,False,False,False
safety,A6c_gate_off_control,1,1,motor_fault,50051,0,24,25,6.7284301425660775,1.528660193161777,False,False,False
safety,A6c_gate_off_control,1,1,motor_fault,50052,0,24,25,6.546720321529205,1.4873767787188825,True,False,True
safety,A6c_gate_off_control,1,1,motor_fault,50053,0,24,25,10.915072013834417,2.4798408751375343,False,False,False
safety,A6c_gate_off_control,1,1,motor_fault,50054,0,24,25,6.57744889549749,1.4943581319948536,False,False,False
safety,A6c_gate_off_control,1,1,motor_fault,50055,0,24,25,10.917742994768021,2.4804477064701604,True,False,True
safety,A6c_gate_off_control,1,1,motor_fault,50056,0,24,25,4.509727014973975,1.0245837474338164,False,False,False
safety,A6c_gate_off_control,1,1,motor_fault,50057,0,24,25,9.66712644947158,2.196314901462681,False,False,False
safety,A6c_gate_off_control,1,1,motor_fault,50058,0,24,25,10.459267207491035,2.376284674278591,False,False,False
safety,A6c_gate_off_control,1,1,motor_fault,50059,0,24,25,8.142116660094578,1.8498415473804803,False,False,False
safety,A6c_gate_off_control,1,1,motor_fault,50060,0,24,25,10.723171453446026,2.4362421839873734,False,False,False
safety,A6c_gate_off_control,1,1,motor_fault,50061,0,24,25,6.976994984898268,1.5851326795875393,False,False,False
safety,A6c_gate_off_control,1,1,motor_fault,50062,0,24,25,4.853056944954099,1.1025863105817004,False,False,False
safety,A6c_gate_off_control,1,1,motor_fault,50063,0,24,25,6.552458288670592,1.488680411479104,False,False,False
safety,A6c_gate_off_control,1,1,motor_fault,50064,0,24,25,8.54607033392039,1.9416174725182678,False,False,False
safety,A6c_gate_off_control,1,1,motor_fault,50065,0,24,25,5.855942514941582,1.3304360789009928,False,False,False
safety,A6c_gate_off_control,1,1,motor_fault,50066,0,24,25,11.301960156373156,2.5677396108268242,True,False,True
safety,A6c_gate_off_control,1,1,motor_fault,50067,0,24,25,7.485425795460796,1.7006452025112742,False,False,False
safety,A6c_gate_off_control,1,1,motor_fault,50068,0,24,25,4.415245847832765,1.003118175799428,False,False,False
safety,A6c_gate_off_control,1,1,motor_fault,50069,0,24,25,9.854583134557313,2.2389039699914264,False,False,False
safety,A6c_gate_off_control,1,1,motor_fault,50070,0,24,25,5.888628021491909,1.3378620358773046,False,False,False
safety,A6c_gate_off_control,1,1,motor_fault,50071,0,24,25,6.576797974106015,1.4942102464407285,False,False,False
safety,A6c_gate_off_control,1,1,motor_fault,50072,0,24,25,7.475853720095586,1.6984704826633008,False,False,False
safety,A6c_gate_off_control,1,1,motor_fault,50073,0,24,25,6.787640064352447,1.5421123430031551,False,False,False
safety,A6c_gate_off_control,1,1,motor_fault,50074,0,24,25,5.854994009144802,1.3302205839008518,False,False,False
safety,A6c_gate_off_control,1,1,motor_fault,50075,0,24,25,8.387322216832452,1.9055508236581569,True,False,True
safety,A6c_gate_off_control,1,1,motor_fault,50076,0,24,25,9.998634274749971,2.2716315511844005,True,True,True
safety,A6c_gate_off_control,1,1,motor_fault,50077,0,24,25,5.6661576426735305,1.2873180597860885,True,False,True
safety,A6c_gate_off_control,1,1,motor_fault,50078,0,24,25,8.195720167915649,1.8620199525780794,False,False,False
safety,A6c_gate_off_control,1,1,motor_fault,50079,0,24,25,10.30831369596078,2.3419889144646557,True,False,True
safety,A6c_gate_off_control,1,1,motor_fault,50080,0,24,25,4.893151010478133,1.1116954490657087,False,False,False
safety,A6c_gate_off_control,1,1,motor_fault,50081,0,24,25,7.161600798647805,1.627074046730504,False,False,False
safety,A6c_gate_off_control,1,1,motor_fault,50082,0,24,25,4.629679892114111,1.051836343426352,False,False,False
safety,A6c_gate_off_control,1,1,motor_fault,50083,0,24,25,7.8107151444876655,1.774549050597782,False,False,False
safety,A6c_gate_off_control,1,1,motor_fault,50084,0,24,25,7.369594646472717,1.6743290391812737,False,False,False
safety,A6c_gate_off_control,1,1,motor_fault,50085,0,24,25,7.726788790178712,1.755481471047887,False,False,False
safety,A6c_gate_off_control,1,1,motor_fault,50086,0,24,25,10.510510258226262,2.3879267973556444,False,False,False
safety,A6c_gate_off_control,1,1,motor_fault,50087,0,24,25,6.465622265145015,1.4689517720069871,False,False,False
safety,A6c_gate_off_control,1,1,motor_fault,50088,0,24,25,6.903321019539606,1.5683943831751739,True,False,True
safety,A6c_gate_off_control,1,1,motor_fault,50089,0,24,25,6.827342175485463,1.5511324317292872,False,False,False
safety,A6c_gate_off_control,1,1,motor_fault,50090,0,24,25,11.629096543694569,2.6420630952707422,True,False,True
safety,A6c_gate_off_control,1,1,motor_fault,50091,0,24,25,5.794682735747873,1.3165182133794542,True,False,True
safety,A6c_gate_off_control,1,1,motor_fault,50092,0,24,25,7.949542965461908,1.8060899240452364,True,False,True
safety,A6c_gate_off_control,1,1,motor_fault,50093,0,24,25,10.156467591877558,2.30749036281436,True,True,True
safety,A6c_gate_off_control,1,1,motor_fault,50094,0,24,25,6.496325167049148,1.4759272927393017,False,False,False
safety,A6c_gate_off_control,1,1,motor_fault,50095,0,24,25,7.400210662718147,1.6812848199972925,False,False,False
safety,A6c_gate_off_control,1,1,motor_fault,50096,0,24,25,9.477040842794796,2.1531285572393037,False,False,False
safety,A6c_gate_off_control,1,1,motor_fault,50097,0,24,25,7.599759207541818,1.7266210887274256,True,False,True
safety,A6c_gate_off_control,1,1,motor_fault,50098,0,24,25,10.832833600531668,2.4611567859665118,False,False,False
safety,A6c_gate_off_control,1,1,motor_fault,50099,0,24,25,7.149764395843956,1.624384884858702,True,False,True
safety,A6c_gate_off_control,1,1,ood_compound,50000,0,24,25,7.756631579784654,1.762261579268808,False,False,False
safety,A6c_gate_off_control,1,1,ood_compound,50001,0,24,25,5.50446901977322,1.2505833451085595,False,False,False
safety,A6c_gate_off_control,1,1,ood_compound,50002,0,24,25,8.442196862457966,1.9180180239714815,False,False,False
safety,A6c_gate_off_control,1,1,ood_compound,50003,0,24,25,9.335737505887677,2.1210252609704865,True,True,True
safety,A6c_gate_off_control,1,1,ood_compound,50004,0,24,25,9.842455917876894,2.236148736898357,True,False,True
safety,A6c_gate_off_control,1,1,ood_compound,50005,0,24,25,5.881002443262573,1.336129548856999,False,False,False
safety,A6c_gate_off_control,1,1,ood_compound,50006,0,24,25,9.594611574502656,2.1798399436451326,False,False,False
safety,A6c_gate_off_control,1,1,ood_compound,50007,0,24,25,9.170927445601622,2.083581373874439,True,True,True
safety,A6c_gate_off_control,1,1,ood_compound,50008,0,24,25,5.19353091536202,1.179940016326178,True,False,True
safety,A6c_gate_off_control,1,1,ood_compound,50009,0,24,25,12.61926077014715,2.867022648331305,False,False,False
safety,A6c_gate_off_control,1,1,ood_compound,50010,0,24,25,10.82668545555265,2.4597599631873384,False,False,False
safety,A6c_gate_off_control,1,1,ood_compound,50011,0,24,25,7.304358966430303,1.6595078721123318,False,False,False
safety,A6c_gate_off_control,1,1,ood_compound,50012,0,24,25,12.651004829267334,2.874234713927321,False,False,False
safety,A6c_gate_off_control,1,1,ood_compound,50013,0,24,25,9.485472114945843,2.155044093232385,False,False,False
safety,A6c_gate_off_control,1,1,ood_compound,50014,0,24,25,5.065710389234944,1.1508999362451895,True,False,True
safety,A6c_gate_off_control,1,1,ood_compound,50015,0,24,25,11.005897332654213,2.5004758592971674,False,False,False
safety,A6c_gate_off_control,1,1,ood_compound,50016,0,24,25,12.519022212906478,2.844249031153592,False,False,False
safety,A6c_gate_off_control,1,1,ood_compound,50017,0,24,25,5.283082818569274,1.2002856878653339,True,False,True
safety,A6c_gate_off_control,1,1,ood_compound,50018,0,24,25,11.477033872221599,2.607515340769138,False,False,False
safety,A6c_gate_off_control,1,1,ood_compound,50019,0,24,25,9.5123430900813,2.1611490224908687,False,False,False
safety,A6c_gate_off_control,1,1,ood_compound,50020,0,24,25,8.277565971480499,1.8806148431002254,False,False,False
safety,A6c_gate_off_control,1,1,ood_compound,50021,0,24,25,6.655639548397675,1.5121225935457996,False,False,False
safety,A6c_gate_off_control,1,1,ood_compound,50022,0,24,25,10.139966295834437,2.3037413643314726,False,False,False
safety,A6c_gate_off_control,1,1,ood_compound,50023,0,24,25,7.642837958075487,1.7364083302855065,True,False,True
safety,A6c_gate_off_control,1,1,ood_compound,50024,0,24,25,7.8927275146960705,1.793181784092526,False,False,False
safety,A6c_gate_off_control,1,1,ood_compound,50025,0,24,25,4.377445343925759,0.9945301211745404,True,False,True
safety,A6c_gate_off_control,1,1,ood_compound,50026,0,24,25,7.79186339149906,1.7702660419680736,True,False,True
safety,A6c_gate_off_control,1,1,ood_compound,50027,0,24,25,7.1381183403011566,1.6217389687774748,False,False,False
safety,A6c_gate_off_control,1,1,ood_compound,50028,0,24,25,9.690225999561715,2.2015629848869773,False,False,False
safety,A6c_gate_off_control,1,1,ood_compound,50029,0,24,25,10.094855523860497,2.293492459321208,False,False,False
safety,A6c_gate_off_control,1,1,ood_compound,50030,0,24,25,4.63208652443561,1.0523831162918647,False,False,False
safety,A6c_gate_off_control,1,1,ood_compound,50031,0,24,25,5.158710230881701,1.1720289593432176,False,False,False
safety,A6c_gate_off_control,1,1,ood_compound,50032,0,24,25,11.259206511946104,2.5580262314852207,False,False,False
safety,A6c_gate_off_control,1,1,ood_compound,50033,0,24,25,8.609404625745697,1.9560066552435138,False,False,False
safety,A6c_gate_off_control,1,1,ood_compound,50034,0,24,25,8.412939714565692,1.9113709701415802,False,False,False
safety,A6c_gate_off_control,1,1,ood_compound,50035,0,24,25,8.49157449777114,1.9292363355146436,False,False,False
safety,A6c_gate_off_control,1,1,ood_compound,50036,0,24,25,9.534888582485337,2.1662712272315034,False,False,False
safety,A6c_gate_off_control,1,1,ood_compound,50037,0,24,25,12.51322915514077,2.8429328821239546,False,False,False
safety,A6c_gate_off_control,1,1,ood_compound,50038,0,24,25,5.204330968709861,1.1823937256293964,False,False,False
safety,A6c_gate_off_control,1,1,ood_compound,50039,0,24,25,8.195512695970951,1.8619728161589835,False,False,False
safety,A6c_gate_off_control,1,1,ood_compound,50040,0,24,25,6.765666095248773,1.5371199850321557,False,False,False
safety,A6c_gate_off_control,1,1,ood_compound,50041,0,24,25,10.485461418859824,2.382235846745615,False,False,False
safety,A6c_gate_off_control,1,1,ood_compound,50042,0,24,25,7.486772099308505,1.7009510749148342,False,False,False
safety,A6c_gate_off_control,1,1,ood_compound,50043,0,24,25,8.517745995934522,1.9351823476735082,False,False,False
safety,A6c_gate_off_control,1,1,ood_compound,50044,0,24,25,13.062498125586298,2.967723597442106,False,False,False
safety,A6c_gate_off_control,1,1,ood_compound,50045,0,24,25,8.778007680759686,1.9943122886801798,False,False,False
safety,A6c_gate_off_control,1,1,ood_compound,50046,0,24,25,10.137441368778441,2.3031677155903316,False,False,False
safety,A6c_gate_off_control,1,1,ood_compound,50047,0,24,25,8.650616303093717,1.9653697086334565,False,False,False
safety,A6c_gate_off_control,1,1,ood_compound,50048,0,24,25,8.029625703000535,1.8242842562209187,False,False,False
safety,A6c_gate_off_control,1,1,ood_compound,50049,0,24,25,10.155468061379374,2.30726327529884,False,False,False
safety,A6c_gate_off_control,1,1,ood_compound,50050,0,24,25,5.5044724807242345,1.2505841314164998,False,False,False
safety,A6c_gate_off_control,1,1,ood_compound,50051,0,24,25,4.653161005959809,1.0571711159165855,False,False,False
safety,A6c_gate_off_control,1,1,ood_compound,50052,0,24,25,5.11170958967642,1.1613506870358243,False,False,False
safety,A6c_gate_off_control,1,1,ood_compound,50053,0,24,25,11.13488364774367,2.529780799849716,False,False,False
safety,A6c_gate_off_control,1,1,ood_compound,50054,0,24,25,5.759085812878944,1.308430799549513,False,False,False
safety,A6c_gate_off_control,1,1,ood_compound,50055,0,24,25,11.076497270781077,2.516515754602235,False,False,False
safety,A6c_gate_off_control,1,1,ood_compound,50056,0,24,25,8.301930874371514,1.886150407321086,False,False,False
safety,A6c_gate_off_control,1,1,ood_compound,50057,0,24,25,11.901912984929623,2.7040454039102784,False,False,False
safety,A6c_gate_off_control,1,1,ood_compound,50058,0,24,25,9.476254803857008,2.152949973764554,False,False,False
safety,A6c_gate_off_control,1,1,ood_compound,50059,0,24,25,8.53881801577443,1.9399697880178761,False,False,False
safety,A6c_gate_off_control,1,1,ood_compound,50060,0,24,25,9.871376623329743,2.2427193529629044,False,False,False
safety,A6c_gate_off_control,1,1,ood_compound,50061,0,24,25,7.887164439581494,1.7919178857835545,False,False,False
safety,A6c_gate_off_control,1,1,ood_compound,50062,0,24,25,4.879436482280872,1.1085795880284488,True,False,True
safety,A6c_gate_off_control,1,1,ood_compound,50063,0,24,25,7.95814988283883,1.808045365612014,False,False,False
safety,A6c_gate_off_control,1,1,ood_compound,50064,0,24,25,10.034306434979433,2.279736058505044,False,False,False
safety,A6c_gate_off_control,1,1,ood_compound,50065,0,24,25,8.796187199499212,1.9984425695984793,False,False,False
safety,A6c_gate_off_control,1,1,ood_compound,50066,0,24,25,11.537157126928692,2.621174994537797,False,False,False
safety,A6c_gate_off_control,1,1,ood_compound,50067,0,24,25,8.49816249571684,1.930733090329487,False,False,False
safety,A6c_gate_off_control,1,1,ood_compound,50068,0,24,25,7.084627926848579,1.6095862579625957,False,False,False
safety,A6c_gate_off_control,1,1,ood_compound,50069,0,24,25,11.338088920878153,2.5759478559830775,False,False,False
safety,A6c_gate_off_control,1,1,ood_compound,50070,0,24,25,6.973522474144098,1.5843437453416973,False,False,False
safety,A6c_gate_off_control,1,1,ood_compound,50071,0,24,25,12.141360994563177,2.75844659897404,False,False,False
safety,A6c_gate_off_control,1,1,ood_compound,50072,0,24,25,7.013000178786455,1.593312850218389,False,False,False
safety,A6c_gate_off_control,1,1,ood_compound,50073,0,24,25,5.939041515335747,1.3493156884536677,False,False,False
safety,A6c_gate_off_control,1,1,ood_compound,50074,0,24,25,6.926386658339328,1.5736347621515296,False,False,False
safety,A6c_gate_off_control,1,1,ood_compound,50075,0,24,25,8.273428305738527,1.8796747895099613,False,False,False
safety,A6c_gate_off_control,1,1,ood_compound,50076,0,24,25,9.570419667871601,2.17434368316832,True,True,True
safety,A6c_gate_off_control,1,1,ood_compound,50077,0,24,25,7.88313762779709,1.7910030175676788,False,False,False
safety,A6c_gate_off_control,1,1,ood_compound,50078,0,24,25,9.090907043617895,2.0654012039742615,False,False,False
safety,A6c_gate_off_control,1,1,ood_compound,50079,0,24,25,10.15447933812352,2.3070386431259187,False,False,False
safety,A6c_gate_off_control,1,1,ood_compound,50080,0,24,25,4.8944597237341565,1.11199278110548,True,False,True
safety,A6c_gate_off_control,1,1,ood_compound,50081,0,24,25,7.009251418843998,1.5924611537637434,False,False,False
safety,A6c_gate_off_control,1,1,ood_compound,50082,0,24,25,9.261444392392725,2.104146297702768,False,False,False
safety,A6c_gate_off_control,1,1,ood_compound,50083,0,24,25,6.263129162585931,1.4229465168860884,True,False,True
safety,A6c_gate_off_control,1,1,ood_compound,50084,0,24,25,10.770726605007745,2.4470464378224963,False,False,False
safety,A6c_gate_off_control,1,1,ood_compound,50085,0,24,25,6.037522397529613,1.371689972084084,False,False,False
safety,A6c_gate_off_control,1,1,ood_compound,50086,0,24,25,9.272678475684021,2.106698616084648,True,False,True
safety,A6c_gate_off_control,1,1,ood_compound,50087,0,24,25,8.267553426364032,1.8783400510867139,False,False,False
safety,A6c_gate_off_control,1,1,ood_compound,50088,0,24,25,6.263772262595833,1.4230926254678125,False,False,False
safety,A6c_gate_off_control,1,1,ood_compound,50089,0,24,25,6.807324347960302,1.5465844977472274,False,False,False
safety,A6c_gate_off_control,1,1,ood_compound,50090,0,24,25,11.638425251584925,2.644182523443951,False,False,False
safety,A6c_gate_off_control,1,1,ood_compound,50091,0,24,25,4.156046488200654,0.9442295888977114,False,False,False
safety,A6c_gate_off_control,1,1,ood_compound,50092,0,24,25,7.972605280956694,1.8113295479860405,False,False,False
safety,A6c_gate_off_control,1,1,ood_compound,50093,0,24,25,10.180525944374363,2.312956280568675,True,False,True
safety,A6c_gate_off_control,1,1,ood_compound,50094,0,24,25,8.475932757094572,1.9256826230115203,False,False,False
safety,A6c_gate_off_control,1,1,ood_compound,50095,0,24,25,9.273788897892521,2.1069508975517617,False,False,False
safety,A6c_gate_off_control,1,1,ood_compound,50096,0,24,25,9.07199091021223,2.0611035684882597,False,False,False
safety,A6c_gate_off_control,1,1,ood_compound,50097,0,24,25,7.513753491133734,1.7070810902030065,True,False,True
safety,A6c_gate_off_control,1,1,ood_compound,50098,0,24,25,10.349608536969786,2.351370862154661,True,False,True
safety,A6c_gate_off_control,1,1,ood_compound,50099,0,24,25,6.507725759451306,1.4785174410226862,True,False,True
safety,A6c_gate_off_control,2,2,id_reference,50000,0,24,25,3.6416612551056153,0.6342399717882292,False,False,False
safety,A6c_gate_off_control,2,2,id_reference,50001,0,24,25,5.7269049528015,0.9974107368186148,False,False,False
safety,A6c_gate_off_control,2,2,id_reference,50002,0,24,25,4.782274675221454,0.8328917882857975,False,False,False
safety,A6c_gate_off_control,2,2,id_reference,50003,0,24,25,4.071309243341046,0.7090684384819019,False,False,False
safety,A6c_gate_off_control,2,2,id_reference,50004,0,24,25,3.6215406514992132,0.6307357218951906,False,False,False
safety,A6c_gate_off_control,2,2,id_reference,50005,0,24,25,6.781961021600384,1.181161691241364,False,False,False
safety,A6c_gate_off_control,2,2,id_reference,50006,0,24,25,5.386061452896177,0.9380486609360562,False,False,False
safety,A6c_gate_off_control,2,2,id_reference,50007,0,24,25,3.5335439273831644,0.6154100131290136,False,False,False
safety,A6c_gate_off_control,2,2,id_reference,50008,0,24,25,4.187423598726609,0.7292911775905156,False,False,False
safety,A6c_gate_off_control,2,2,id_reference,50009,0,24,25,3.0837643926087877,0.5370753906963869,False,False,False
safety,A6c_gate_off_control,2,2,id_reference,50010,0,24,25,3.8460398391088986,0.6698350088528727,False,False,False
safety,A6c_gate_off_control,2,2,id_reference,50011,0,24,25,3.2661581408828737,0.5688414989793911,False,False,False
safety,A6c_gate_off_control,2,2,id_reference,50012,0,24,25,4.614742348552272,0.8037139788475067,False,False,False
safety,A6c_gate_off_control,2,2,id_reference,50013,0,24,25,4.375894560895041,0.7621157072089741,False,False,False
safety,A6c_gate_off_control,2,2,id_reference,50014,0,24,25,5.629923175698515,0.9805201708749722,False,False,False
safety,A6c_gate_off_control,2,2,id_reference,50015,0,24,25,4.260479623480653,0.7420147803182552,False,False,False
safety,A6c_gate_off_control,2,2,id_reference,50016,0,24,25,3.5270815459020257,0.6142845101343196,False,False,False
safety,A6c_gate_off_control,2,2,id_reference,50017,0,24,25,4.125535212949384,0.7185125561593392,False,False,False
safety,A6c_gate_off_control,2,2,id_reference,50018,0,24,25,3.3229897998486093,0.5787394294166527,False,True,True
safety,A6c_gate_off_control,2,2,id_reference,50019,0,24,25,4.973406095159356,0.8661796692547656,False,False,False
safety,A6c_gate_off_control,2,2,id_reference,50020,0,24,25,5.643390501673501,0.9828656708674448,False,False,False
safety,A6c_gate_off_control,2,2,id_reference,50021,0,24,25,3.5303862296154267,0.6148600613342611,False,False,False
safety,A6c_gate_off_control,2,2,id_reference,50022,0,24,25,4.183242815594301,0.728563042931596,False,False,False
safety,A6c_gate_off_control,2,2,id_reference,50023,0,24,25,6.093105845204749,1.0611891136077884,False,False,False
safety,A6c_gate_off_control,2,2,id_reference,50024,0,24,25,2.8859528093225637,0.5026240773495059,False,False,False
safety,A6c_gate_off_control,2,2,id_reference,50025,0,24,25,5.019415877304677,0.8741928371157026,False,False,False
safety,A6c_gate_off_control,2,2,id_reference,50026,0,24,25,4.057463469588842,0.7066570271674442,False,False,False
safety,A6c_gate_off_control,2,2,id_reference,50027,0,24,25,4.438848600057858,0.7730799252472667,False,False,False
safety,A6c_gate_off_control,2,2,id_reference,50028,0,24,25,5.180360888845404,0.9022233848323342,False,False,False
safety,A6c_gate_off_control,2,2,id_reference,50029,0,24,25,4.482646284080304,0.7807078290891852,False,False,False
safety,A6c_gate_off_control,2,2,id_reference,50030,0,24,25,4.987914365979978,0.868706462559076,False,False,False
safety,A6c_gate_off_control,2,2,id_reference,50031,0,24,25,5.996694630001559,1.0443979180168173,False,False,False
safety,A6c_gate_off_control,2,2,id_reference,50032,0,24,25,4.132126564437708,0.7196605208625745,False,False,False
safety,A6c_gate_off_control,2,2,id_reference,50033,0,24,25,3.313701405775935,0.5771217416686911,False,False,False
safety,A6c_gate_off_control,2,2,id_reference,50034,0,24,25,4.407469019067158,0.7676147863537562,False,False,False
safety,A6c_gate_off_control,2,2,id_reference,50035,0,24,25,5.0751945997753385,0.8839073857483017,False,False,False
safety,A6c_gate_off_control,2,2,id_reference,50036,0,24,25,5.369818250974158,0.9352197081018714,False,False,False
safety,A6c_gate_off_control,2,2,id_reference,50037,0,24,25,5.420864172041555,0.9441099813232754,False,False,False
safety,A6c_gate_off_control,2,2,id_reference,50038,0,24,25,5.882006910221527,1.0244236449962931,False,False,False
safety,A6c_gate_off_control,2,2,id_reference,50039,0,24,25,4.898201101431308,0.8530817972235497,False,False,False
safety,A6c_gate_off_control,2,2,id_reference,50040,0,24,25,4.906308798584641,0.8544938521220079,False,False,False
safety,A6c_gate_off_control,2,2,id_reference,50041,0,24,25,5.444708734014436,0.9482628042394047,False,False,False
safety,A6c_gate_off_control,2,2,id_reference,50042,0,24,25,3.760359071488063,0.6549126523150577,False,False,False
safety,A6c_gate_off_control,2,2,id_reference,50043,0,24,25,4.028825495089008,0.7016693726695467,False,False,False
safety,A6c_gate_off_control,2,2,id_reference,50044,0,24,25,5.545627746314396,0.9658390879819644,False,False,False
safety,A6c_gate_off_control,2,2,id_reference,50045,0,24,25,4.688159155877645,0.8165004162849657,True,False,True
safety,A6c_gate_off_control,2,2,id_reference,50046,0,24,25,4.832876700101143,0.8417047515418186,False,False,False
safety,A6c_gate_off_control,2,2,id_reference,50047,0,24,25,5.210395042535906,0.9074542010601315,False,False,False
safety,A6c_gate_off_control,2,2,id_reference,50048,0,24,25,4.880581844255073,0.8500131874898141,False,False,False
safety,A6c_gate_off_control,2,2,id_reference,50049,0,24,25,4.9870011700525705,0.8685474182881615,False,False,False
safety,A6c_gate_off_control,2,2,id_reference,50050,0,24,25,5.886591200022515,1.0252220552904883,False,False,False
safety,A6c_gate_off_control,2,2,id_reference,50051,0,24,25,5.678571814627581,0.9889929280098233,False,False,False
safety,A6c_gate_off_control,2,2,id_reference,50052,0,24,25,7.889375980671882,1.374031588575898,False,False,False
safety,A6c_gate_off_control,2,2,id_reference,50053,0,24,25,4.163053739976738,0.7250468677980189,False,False,False
safety,A6c_gate_off_control,2,2,id_reference,50054,0,24,25,6.28764205196173,1.0950699799602956,False,False,False
safety,A6c_gate_off_control,2,2,id_reference,50055,0,24,25,3.532591143175689,0.6152440740735833,False,False,False
safety,A6c_gate_off_control,2,2,id_reference,50056,0,24,25,3.2032569994789912,0.5578864937345969,False,False,False
safety,A6c_gate_off_control,2,2,id_reference,50057,0,24,25,4.891850996606116,0.8519758485855384,False,False,False
safety,A6c_gate_off_control,2,2,id_reference,50058,0,24,25,5.230609790520531,0.9109748473512987,False,False,False
safety,A6c_gate_off_control,2,2,id_reference,50059,0,24,25,5.073598829748667,0.8836294628263721,False,False,False
safety,A6c_gate_off_control,2,2,id_reference,50060,0,24,25,5.530593466122551,0.963220683694261,False,False,False
safety,A6c_gate_off_control,2,2,id_reference,50061,0,24,25,3.2947919747847103,0.5738284323413638,False,False,False
safety,A6c_gate_off_control,2,2,id_reference,50062,0,24,25,6.020044888190323,1.0484646518664102,False,False,False
safety,A6c_gate_off_control,2,2,id_reference,50063,0,24,25,3.806776839381023,0.6629968758978055,False,False,False
safety,A6c_gate_off_control,2,2,id_reference,50064,0,24,25,4.8117770285223,0.838029984953316,False,False,False
safety,A6c_gate_off_control,2,2,id_reference,50065,0,24,25,4.093621607118633,0.7129544102902312,False,False,False
safety,A6c_gate_off_control,2,2,id_reference,50066,0,24,25,3.4028108423013412,0.5926412429481421,False,False,False
safety,A6c_gate_off_control,2,2,id_reference,50067,0,24,25,3.7370730776172825,0.6508571108846299,False,False,False
safety,A6c_gate_off_control,2,2,id_reference,50068,0,24,25,3.264734648055392,0.5685935802446441,False,False,False
safety,A6c_gate_off_control,2,2,id_reference,50069,0,24,25,5.780657403574892,1.0067723853833372,False,False,False
safety,A6c_gate_off_control,2,2,id_reference,50070,0,24,25,3.750999051851122,0.6532824900966065,False,False,False
safety,A6c_gate_off_control,2,2,id_reference,50071,0,24,25,5.239507202787103,0.9125244408224178,False,False,False
safety,A6c_gate_off_control,2,2,id_reference,50072,0,24,25,6.007329336212721,1.0462500825359327,False,False,False
safety,A6c_gate_off_control,2,2,id_reference,50073,0,24,25,5.81241507240081,1.0123033729105189,False,False,False
safety,A6c_gate_off_control,2,2,id_reference,50074,0,24,25,4.114878793724408,0.7166566100525626,False,False,False
safety,A6c_gate_off_control,2,2,id_reference,50075,0,24,25,4.521755903569269,0.7875192489944697,False,False,False
safety,A6c_gate_off_control,2,2,id_reference,50076,0,24,25,4.148403288219843,0.7224953119398371,True,False,True
safety,A6c_gate_off_control,2,2,id_reference,50077,0,24,25,4.534647560783803,0.7897644892118529,True,False,True
safety,A6c_gate_off_control,2,2,id_reference,50078,0,24,25,4.454050283543105,0.7757274848716824,False,False,False
safety,A6c_gate_off_control,2,2,id_reference,50079,0,24,25,4.296820264228842,0.7483439486148898,False,True,True
safety,A6c_gate_off_control,2,2,id_reference,50080,0,24,25,5.902427794878272,1.027980192517133,False,False,False
safety,A6c_gate_off_control,2,2,id_reference,50081,0,24,25,4.23198992730023,0.7370529503082855,False,False,False
safety,A6c_gate_off_control,2,2,id_reference,50082,0,24,25,4.7375372983583315,0.8251002254105395,False,False,False
safety,A6c_gate_off_control,2,2,id_reference,50083,0,24,25,6.013317301661982,1.0472929601600618,True,False,True
safety,A6c_gate_off_control,2,2,id_reference,50084,0,24,25,4.374585675374388,0.761887748742346,False,False,False
safety,A6c_gate_off_control,2,2,id_reference,50085,0,24,25,5.9195237417055475,1.0309576613353058,False,False,False
safety,A6c_gate_off_control,2,2,id_reference,50086,0,24,25,5.741594988932663,0.9999691867810693,False,False,False
safety,A6c_gate_off_control,2,2,id_reference,50087,0,24,25,4.326812167686289,0.7535674064464105,False,False,False
safety,A6c_gate_off_control,2,2,id_reference,50088,0,24,25,5.775372107728776,1.005851886288691,False,False,False
safety,A6c_gate_off_control,2,2,id_reference,50089,0,24,25,5.497513983739819,0.957459486124394,False,False,False
safety,A6c_gate_off_control,2,2,id_reference,50090,0,24,25,4.083653990119971,0.7112184275391821,False,False,False
safety,A6c_gate_off_control,2,2,id_reference,50091,0,24,25,5.130336788984865,0.8935110743065273,False,False,False
safety,A6c_gate_off_control,2,2,id_reference,50092,0,24,25,4.957003402643654,0.8633229391775724,False,False,False
safety,A6c_gate_off_control,2,2,id_reference,50093,0,24,25,5.009684882238999,0.8724980649764009,False,False,False
safety,A6c_gate_off_control,2,2,id_reference,50094,0,24,25,4.134859605032011,0.7201365134022422,False,False,False
safety,A6c_gate_off_control,2,2,id_reference,50095,0,24,25,4.333282571108542,0.7546943065605369,False,False,False
safety,A6c_gate_off_control,2,2,id_reference,50096,0,24,25,4.037915549428784,0.7032525171204288,False,False,False
safety,A6c_gate_off_control,2,2,id_reference,50097,0,24,25,3.348172738179196,0.5831253469903818,False,False,False
safety,A6c_gate_off_control,2,2,id_reference,50098,0,24,25,4.757842132377844,0.8286365612895686,False,False,False
safety,A6c_gate_off_control,2,2,id_reference,50099,0,24,25,4.38182282027935,0.7631481862896096,False,False,False
safety,A6c_gate_off_control,2,2,motor_fault,50000,0,24,25,3.6416612551056153,0.6342399717882292,True,False,True
safety,A6c_gate_off_control,2,2,motor_fault,50001,0,24,25,5.7269049528015,0.9974107368186148,False,False,False
safety,A6c_gate_off_control,2,2,motor_fault,50002,0,24,25,4.782274675221454,0.8328917882857975,True,False,True
safety,A6c_gate_off_control,2,2,motor_fault,50003,0,24,25,4.071309243341046,0.7090684384819019,False,False,False
safety,A6c_gate_off_control,2,2,motor_fault,50004,0,24,25,3.6215406514992132,0.6307357218951906,False,False,False
safety,A6c_gate_off_control,2,2,motor_fault,50005,0,24,25,6.781961021600384,1.181161691241364,False,False,False
safety,A6c_gate_off_control,2,2,motor_fault,50006,0,24,25,5.386061452896177,0.9380486609360562,False,False,False
safety,A6c_gate_off_control,2,2,motor_fault,50007,0,24,25,3.5335439273831644,0.6154100131290136,False,False,False
safety,A6c_gate_off_control,2,2,motor_fault,50008,0,24,25,4.187423598726609,0.7292911775905156,False,False,False
safety,A6c_gate_off_control,2,2,motor_fault,50009,0,24,25,3.0837643926087877,0.5370753906963869,True,False,True
safety,A6c_gate_off_control,2,2,motor_fault,50010,0,24,25,4.0460611373327975,0.7046711711578402,False,False,False
safety,A6c_gate_off_control,2,2,motor_fault,50011,0,24,25,3.2661581408828737,0.5688414989793911,False,False,False
safety,A6c_gate_off_control,2,2,motor_fault,50012,0,24,25,4.614742348552272,0.8037139788475067,False,False,False
safety,A6c_gate_off_control,2,2,motor_fault,50013,0,24,25,4.431159159397017,0.7717407148468042,False,False,False
safety,A6c_gate_off_control,2,2,motor_fault,50014,0,24,25,5.688710107551929,0.990758636066635,False,False,False
safety,A6c_gate_off_control,2,2,motor_fault,50015,0,24,25,4.260479623480653,0.7420147803182552,True,False,True
safety,A6c_gate_off_control,2,2,motor_fault,50016,0,24,25,3.544466608298339,0.617312331974782,False,False,False
safety,A6c_gate_off_control,2,2,motor_fault,50017,0,24,25,4.125535212949384,0.7185125561593392,False,False,False
safety,A6c_gate_off_control,2,2,motor_fault,50018,0,24,25,3.3583414223185115,0.5848963480500221,True,True,True
safety,A6c_gate_off_control,2,2,motor_fault,50019,0,24,25,4.973406095159356,0.8661796692547656,True,False,True
safety,A6c_gate_off_control,2,2,motor_fault,50020,0,24,25,5.643390501673501,0.9828656708674448,False,False,False
safety,A6c_gate_off_control,2,2,motor_fault,50021,0,24,25,3.756368226441629,0.6542175977033438,False,False,False
safety,A6c_gate_off_control,2,2,motor_fault,50022,0,24,25,4.198041336836424,0.7311403869066713,False,False,False
safety,A6c_gate_off_control,2,2,motor_fault,50023,0,24,25,6.093105845204749,1.0611891136077884,False,False,False
safety,A6c_gate_off_control,2,2,motor_fault,50024,0,24,25,2.8859528093225637,0.5026240773495059,False,False,False
safety,A6c_gate_off_control,2,2,motor_fault,50025,0,24,25,4.891712187049092,0.8519516731987127,False,False,False
safety,A6c_gate_off_control,2,2,motor_fault,50026,0,24,25,4.057463469588842,0.7066570271674442,True,False,True
safety,A6c_gate_off_control,2,2,motor_fault,50027,0,24,25,4.443180508321429,0.773834380201314,False,False,False
safety,A6c_gate_off_control,2,2,motor_fault,50028,0,24,25,5.264714569857894,0.9169146129608668,False,False,False
safety,A6c_gate_off_control,2,2,motor_fault,50029,0,24,25,4.482646284080304,0.7807078290891852,False,False,False
safety,A6c_gate_off_control,2,2,motor_fault,50030,0,24,25,4.987914365979978,0.868706462559076,False,False,False
safety,A6c_gate_off_control,2,2,motor_fault,50031,0,24,25,5.996694630001559,1.0443979180168173,False,False,False
safety,A6c_gate_off_control,2,2,motor_fault,50032,0,24,25,4.132126564437708,0.7196605208625745,False,False,False
safety,A6c_gate_off_control,2,2,motor_fault,50033,0,24,25,3.313701405775935,0.5771217416686911,False,False,False
safety,A6c_gate_off_control,2,2,motor_fault,50034,0,24,25,4.465482443863778,0.7777185358045765,True,False,True
safety,A6c_gate_off_control,2,2,motor_fault,50035,0,24,25,5.0751945997753385,0.8839073857483017,False,False,False
safety,A6c_gate_off_control,2,2,motor_fault,50036,0,24,25,5.3925052582672555,0.939170928673351,False,False,False
safety,A6c_gate_off_control,2,2,motor_fault,50037,0,24,25,5.420864172041555,0.9441099813232754,False,False,False
safety,A6c_gate_off_control,2,2,motor_fault,50038,0,24,25,5.882006910221527,1.0244236449962931,False,False,False
safety,A6c_gate_off_control,2,2,motor_fault,50039,0,24,25,4.898201101431308,0.8530817972235497,False,False,False
safety,A6c_gate_off_control,2,2,motor_fault,50040,0,24,25,4.570302404639117,0.7959742175684383,False,False,False
safety,A6c_gate_off_control,2,2,motor_fault,50041,0,24,25,5.444708734014436,0.9482628042394047,False,False,False
safety,A6c_gate_off_control,2,2,motor_fault,50042,0,24,25,3.9969726767333444,0.6961218136847707,False,False,False
safety,A6c_gate_off_control,2,2,motor_fault,50043,0,24,25,3.9267312207044456,0.6838884026206103,False,False,False
safety,A6c_gate_off_control,2,2,motor_fault,50044,0,24,25,5.309234642951649,0.9246683297195043,False,False,False
safety,A6c_gate_off_control,2,2,motor_fault,50045,0,24,25,4.785213790134964,0.8334036711956134,True,False,True
safety,A6c_gate_off_control,2,2,motor_fault,50046,0,24,25,4.832876700101143,0.8417047515418186,False,False,False
safety,A6c_gate_off_control,2,2,motor_fault,50047,0,24,25,5.210395042535906,0.9074542010601315,False,False,False
safety,A6c_gate_off_control,2,2,motor_fault,50048,0,24,25,4.986147839227194,0.8683988002589986,False,False,False
safety,A6c_gate_off_control,2,2,motor_fault,50049,0,24,25,4.9870011700525705,0.8685474182881615,False,False,False
safety,A6c_gate_off_control,2,2,motor_fault,50050,0,24,25,5.886591200022515,1.0252220552904883,False,False,False
safety,A6c_gate_off_control,2,2,motor_fault,50051,0,24,25,5.678571814627581,0.9889929280098233,False,False,False
safety,A6c_gate_off_control,2,2,motor_fault,50052,0,24,25,6.232063809455279,1.0853903473723083,True,False,True
safety,A6c_gate_off_control,2,2,motor_fault,50053,0,24,25,4.582123626482714,0.7980330283373076,False,False,False
safety,A6c_gate_off_control,2,2,motor_fault,50054,0,24,25,6.28764205196173,1.0950699799602956,False,False,False
safety,A6c_gate_off_control,2,2,motor_fault,50055,0,24,25,3.4616483039339,0.6028885085205801,False,False,False
safety,A6c_gate_off_control,2,2,motor_fault,50056,0,24,25,3.2032569994789912,0.5578864937345969,False,False,False
safety,A6c_gate_off_control,2,2,motor_fault,50057,0,24,25,4.935195523206978,0.8595248295046075,False,False,False
safety,A6c_gate_off_control,2,2,motor_fault,50058,0,24,25,5.214748499110206,0.9082124089167778,True,False,True
safety,A6c_gate_off_control,2,2,motor_fault,50059,0,24,25,5.073598829748667,0.8836294628263721,False,False,False
safety,A6c_gate_off_control,2,2,motor_fault,50060,0,24,25,5.530593466122551,0.963220683694261,False,False,False
safety,A6c_gate_off_control,2,2,motor_fault,50061,0,24,25,3.2947919747847103,0.5738284323413638,False,False,False
safety,A6c_gate_off_control,2,2,motor_fault,50062,0,24,25,6.020044888190323,1.0484646518664102,False,False,False
safety,A6c_gate_off_control,2,2,motor_fault,50063,0,24,25,3.8939068046865537,0.6781716279865158,False,False,False
safety,A6c_gate_off_control,2,2,motor_fault,50064,0,24,25,4.8117770285223,0.838029984953316,False,False,False
safety,A6c_gate_off_control,2,2,motor_fault,50065,0,24,25,4.093621607118633,0.7129544102902312,False,False,False
safety,A6c_gate_off_control,2,2,motor_fault,50066,0,24,25,3.3437296886902894,0.5823515354288186,True,False,True
safety,A6c_gate_off_control,2,2,motor_fault,50067,0,24,25,3.7713391414828443,0.6568249661729048,False,False,False
safety,A6c_gate_off_control,2,2,motor_fault,50068,0,24,25,3.264734648055392,0.5685935802446441,False,False,False
safety,A6c_gate_off_control,2,2,motor_fault,50069,0,24,25,5.780657403574892,1.0067723853833372,False,False,False
safety,A6c_gate_off_control,2,2,motor_fault,50070,0,24,25,3.7919833789775543,0.660420413329852,True,False,True
safety,A6c_gate_off_control,2,2,motor_fault,50071,0,24,25,5.239507202787103,0.9125244408224178,False,False,False
safety,A6c_gate_off_control,2,2,motor_fault,50072,0,24,25,6.007329336212721,1.0462500825359327,False,False,False
safety,A6c_gate_off_control,2,2,motor_fault,50073,0,24,25,5.81241507240081,1.0123033729105189,False,False,False
safety,A6c_gate_off_control,2,2,motor_fault,50074,0,24,25,4.114878793724408,0.7166566100525626,False,False,False
safety,A6c_gate_off_control,2,2,motor_fault,50075,0,24,25,4.521755903569269,0.7875192489944697,True,False,True
safety,A6c_gate_off_control,2,2,motor_fault,50076,0,24,25,4.112593256252568,0.716258555670204,True,True,True
safety,A6c_gate_off_control,2,2,motor_fault,50077,0,24,25,4.534647560783803,0.7897644892118529,True,False,True
safety,A6c_gate_off_control,2,2,motor_fault,50078,0,24,25,4.448898446645873,0.7748302292898303,False,False,False
safety,A6c_gate_off_control,2,2,motor_fault,50079,0,24,25,4.296820264228842,0.7483439486148898,True,False,True
safety,A6c_gate_off_control,2,2,motor_fault,50080,0,24,25,5.902427794878272,1.027980192517133,False,False,False
safety,A6c_gate_off_control,2,2,motor_fault,50081,0,24,25,4.366266825768899,0.7604389190546043,False,False,False
safety,A6c_gate_off_control,2,2,motor_fault,50082,0,24,25,4.31015134595379,0.7506657200002114,False,False,False
safety,A6c_gate_off_control,2,2,motor_fault,50083,0,24,25,6.0315432039777335,1.0504672245852196,True,False,True
safety,A6c_gate_off_control,2,2,motor_fault,50084,0,24,25,4.374585675374388,0.761887748742346,False,False,False
safety,A6c_gate_off_control,2,2,motor_fault,50085,0,24,25,5.9195237417055475,1.0309576613353058,False,False,False
safety,A6c_gate_off_control,2,2,motor_fault,50086,0,24,25,5.741594988932663,0.9999691867810693,False,False,False
safety,A6c_gate_off_control,2,2,motor_fault,50087,0,24,25,4.339904898143935,0.7558476660352029,False,False,False
safety,A6c_gate_off_control,2,2,motor_fault,50088,0,24,25,5.791095208385478,1.0085902571085876,True,False,True
safety,A6c_gate_off_control,2,2,motor_fault,50089,0,24,25,5.370102901357593,0.9352692834573239,False,False,False
safety,A6c_gate_off_control,2,2,motor_fault,50090,0,24,25,4.083653990119971,0.7112184275391821,True,False,True
safety,A6c_gate_off_control,2,2,motor_fault,50091,0,24,25,5.130336788984865,0.8935110743065273,True,False,True
safety,A6c_gate_off_control,2,2,motor_fault,50092,0,24,25,4.957003402643654,0.8633229391775724,True,False,True
safety,A6c_gate_off_control,2,2,motor_fault,50093,0,24,25,5.009684882238999,0.8724980649764009,True,True,True
safety,A6c_gate_off_control,2,2,motor_fault,50094,0,24,25,4.134859605032011,0.7201365134022422,False,False,False
safety,A6c_gate_off_control,2,2,motor_fault,50095,0,24,25,4.333282571108542,0.7546943065605369,False,False,False
safety,A6c_gate_off_control,2,2,motor_fault,50096,0,24,25,4.037915549428784,0.7032525171204288,False,False,False
safety,A6c_gate_off_control,2,2,motor_fault,50097,0,24,25,3.348172738179196,0.5831253469903818,True,False,True
safety,A6c_gate_off_control,2,2,motor_fault,50098,0,24,25,4.757842132377844,0.8286365612895686,False,False,False
safety,A6c_gate_off_control,2,2,motor_fault,50099,0,24,25,4.38182282027935,0.7631481862896096,True,True,True
safety,A6c_gate_off_control,2,2,ood_compound,50000,0,24,25,3.997264816538768,0.6961726934149186,False,False,False
safety,A6c_gate_off_control,2,2,ood_compound,50001,0,24,25,6.052788648639596,1.0541673793440063,False,False,False
safety,A6c_gate_off_control,2,2,ood_compound,50002,0,24,25,3.9279186605584,0.6840952098348773,False,False,False
safety,A6c_gate_off_control,2,2,ood_compound,50003,0,24,25,3.77610589528407,0.6576551548106239,True,True,True
safety,A6c_gate_off_control,2,2,ood_compound,50004,0,24,25,3.4924589106902793,0.608254553572834,True,False,True
safety,A6c_gate_off_control,2,2,ood_compound,50005,0,24,25,5.831968477776662,1.0157088382751398,False,False,False
safety,A6c_gate_off_control,2,2,ood_compound,50006,0,24,25,3.7271117792260196,0.6491222285965558,False,False,False
safety,A6c_gate_off_control,2,2,ood_compound,50007,0,24,25,3.524222779379943,0.613786620882327,True,True,True
safety,A6c_gate_off_control,2,2,ood_compound,50008,0,24,25,4.585338238393543,0.7985928924281195,True,False,True
safety,A6c_gate_off_control,2,2,ood_compound,50009,0,24,25,3.4755035853351877,0.6053015757087351,True,False,True
safety,A6c_gate_off_control,2,2,ood_compound,50010,0,24,25,2.9767854015651607,0.5184436873312491,False,False,False
safety,A6c_gate_off_control,2,2,ood_compound,50011,0,24,25,3.927153553787554,0.6839619571068604,False,False,False
safety,A6c_gate_off_control,2,2,ood_compound,50012,0,24,25,4.310939968409334,0.7508030682731334,False,False,False
safety,A6c_gate_off_control,2,2,ood_compound,50013,0,24,25,3.7746846034996167,0.6574076194145156,False,False,False
safety,A6c_gate_off_control,2,2,ood_compound,50014,0,24,25,5.726164803073603,0.9972818306657203,False,False,False
safety,A6c_gate_off_control,2,2,ood_compound,50015,0,24,25,3.7046428367896262,0.6452089866943909,False,False,False
safety,A6c_gate_off_control,2,2,ood_compound,50016,0,24,25,3.8749259172106556,0.6748658736359838,False,False,False
safety,A6c_gate_off_control,2,2,ood_compound,50017,0,24,25,4.168048225611602,0.7259167187276493,True,False,True
safety,A6c_gate_off_control,2,2,ood_compound,50018,0,24,25,4.4895467655860495,0.7819096325763693,False,False,False
safety,A6c_gate_off_control,2,2,ood_compound,50019,0,24,25,5.191216436000699,0.9041140115104382,False,False,False
safety,A6c_gate_off_control,2,2,ood_compound,50020,0,24,25,5.559030420121318,0.9681733280064234,False,False,False
safety,A6c_gate_off_control,2,2,ood_compound,50021,0,24,25,2.953777160623775,0.5144365199800568,False,False,False
safety,A6c_gate_off_control,2,2,ood_compound,50022,0,24,25,3.6919492161154728,0.6429982369693915,False,False,False
safety,A6c_gate_off_control,2,2,ood_compound,50023,0,24,25,5.562075706407887,0.968703701963027,False,False,False
safety,A6c_gate_off_control,2,2,ood_compound,50024,0,24,25,3.870279758266837,0.6740566880717527,False,False,False
safety,A6c_gate_off_control,2,2,ood_compound,50025,0,24,25,5.368377937506704,0.9349688598463717,False,False,False
safety,A6c_gate_off_control,2,2,ood_compound,50026,0,24,25,4.161272256017254,0.7247366005169474,True,False,True
safety,A6c_gate_off_control,2,2,ood_compound,50027,0,24,25,6.253540812989422,1.0891308309487235,False,False,False
safety,A6c_gate_off_control,2,2,ood_compound,50028,0,24,25,4.283876336182326,0.7460896047910262,False,False,False
safety,A6c_gate_off_control,2,2,ood_compound,50029,0,24,25,4.809734359752377,0.8376742291341298,False,False,False
safety,A6c_gate_off_control,2,2,ood_compound,50030,0,24,25,4.094164129739398,0.7130488972585636,True,False,True
safety,A6c_gate_off_control,2,2,ood_compound,50031,0,24,25,5.735127333757834,0.9988427653079385,False,False,False
safety,A6c_gate_off_control,2,2,ood_compound,50032,0,24,25,3.2631828823144557,0.5683233212087787,False,False,False
safety,A6c_gate_off_control,2,2,ood_compound,50033,0,24,25,3.7442430113036136,0.6521058427738375,False,False,False
safety,A6c_gate_off_control,2,2,ood_compound,50034,0,24,25,3.7342993799790665,0.6503740374221147,False,False,False
safety,A6c_gate_off_control,2,2,ood_compound,50035,0,24,25,4.684921041726685,0.8159364589907852,False,False,False
safety,A6c_gate_off_control,2,2,ood_compound,50036,0,24,25,4.0183558393291525,0.6998459537108356,False,False,False
safety,A6c_gate_off_control,2,2,ood_compound,50037,0,24,25,4.781957361404304,0.8328365241927534,False,False,False
safety,A6c_gate_off_control,2,2,ood_compound,50038,0,24,25,5.750720486215045,1.0015585040551065,False,False,False
safety,A6c_gate_off_control,2,2,ood_compound,50039,0,24,25,5.442978143651496,0.9479614007023708,False,False,False
safety,A6c_gate_off_control,2,2,ood_compound,50040,0,24,25,3.1019624795019687,0.5402448107245538,False,False,False
safety,A6c_gate_off_control,2,2,ood_compound,50041,0,24,25,3.699706448282678,0.6443492540921361,False,False,False
safety,A6c_gate_off_control,2,2,ood_compound,50042,0,24,25,3.5132563039332902,0.611876674681771,False,False,False
safety,A6c_gate_off_control,2,2,ood_compound,50043,0,24,25,2.9261194700889113,0.5096195939576361,False,False,False
safety,A6c_gate_off_control,2,2,ood_compound,50044,0,24,25,4.450960124028562,0.7751892956920663,False,False,False
safety,A6c_gate_off_control,2,2,ood_compound,50045,0,24,25,4.405840895053589,0.7673312285881936,False,False,False
safety,A6c_gate_off_control,2,2,ood_compound,50046,0,24,25,3.4206312001825627,0.595744876836109,False,False,False
safety,A6c_gate_off_control,2,2,ood_compound,50047,0,24,25,4.180355411228763,0.7280601660479283,False,False,False
safety,A6c_gate_off_control,2,2,ood_compound,50048,0,24,25,4.856532913694541,0.8458247712776075,False,False,False
safety,A6c_gate_off_control,2,2,ood_compound,50049,0,24,25,4.230045381993799,0.7367142838937302,False,False,False
safety,A6c_gate_off_control,2,2,ood_compound,50050,0,24,25,5.546471892070976,0.9659861063187435,False,False,False
safety,A6c_gate_off_control,2,2,ood_compound,50051,0,24,25,5.552370244096909,0.9670133766661103,False,False,False
safety,A6c_gate_off_control,2,2,ood_compound,50052,0,24,25,5.595135620441533,0.974461491464899,True,False,True
safety,A6c_gate_off_control,2,2,ood_compound,50053,0,24,25,3.2719522716507825,0.5698506179164211,False,False,False
safety,A6c_gate_off_control,2,2,ood_compound,50054,0,24,25,5.505934854596115,0.958926084064233,False,False,False
safety,A6c_gate_off_control,2,2,ood_compound,50055,0,24,25,3.1927371770565856,0.5560543376363191,True,False,True
safety,A6c_gate_off_control,2,2,ood_compound,50056,0,24,25,4.41394601909898,0.7687428353483451,False,False,False
safety,A6c_gate_off_control,2,2,ood_compound,50057,0,24,25,4.435863235609226,0.7725599874136685,False,False,False
safety,A6c_gate_off_control,2,2,ood_compound,50058,0,24,25,4.42560738945609,0.7707738060202975,True,False,True
safety,A6c_gate_off_control,2,2,ood_compound,50059,0,24,25,3.8051300236321137,0.6627100627372832,False,False,False
safety,A6c_gate_off_control,2,2,ood_compound,50060,0,24,25,4.888122739571584,0.851326526896684,False,False,False
safety,A6c_gate_off_control,2,2,ood_compound,50061,0,24,25,3.884706443513523,0.6765692722477321,False,False,False
safety,A6c_gate_off_control,2,2,ood_compound,50062,0,24,25,6.429032228718307,1.1196948133633198,False,False,False
safety,A6c_gate_off_control,2,2,ood_compound,50063,0,24,25,2.6758757194353975,0.4660365755942046,False,False,False
safety,A6c_gate_off_control,2,2,ood_compound,50064,0,24,25,2.9927059715500013,0.5212164498565612,False,False,False
safety,A6c_gate_off_control,2,2,ood_compound,50065,0,24,25,2.356130763460954,0.41034906990642517,False,False,False
safety,A6c_gate_off_control,2,2,ood_compound,50066,0,24,25,3.767914280067067,0.6562284845521401,False,False,False
safety,A6c_gate_off_control,2,2,ood_compound,50067,0,24,25,4.551171956122714,0.7926424153283678,False,False,False
safety,A6c_gate_off_control,2,2,ood_compound,50068,0,24,25,3.8466145032248087,0.6699350936567933,False,False,False
safety,A6c_gate_off_control,2,2,ood_compound,50069,0,24,25,4.188278744003845,0.7294401116287238,False,False,False
safety,A6c_gate_off_control,2,2,ood_compound,50070,0,24,25,3.2576193472822843,0.5673543633473356,False,False,False
safety,A6c_gate_off_control,2,2,ood_compound,50071,0,24,25,3.1513053594459843,0.5488384784468787,False,False,False
safety,A6c_gate_off_control,2,2,ood_compound,50072,0,24,25,5.588567956634105,0.9733176522618161,False,False,False
safety,A6c_gate_off_control,2,2,ood_compound,50073,0,24,25,5.999283930737114,1.0448488764971446,False,False,False
safety,A6c_gate_off_control,2,2,ood_compound,50074,0,24,25,2.709354908964025,0.47186738706585357,False,False,False
safety,A6c_gate_off_control,2,2,ood_compound,50075,0,24,25,3.5150604893755015,0.6121908957044881,False,False,False
safety,A6c_gate_off_control,2,2,ood_compound,50076,0,24,25,4.117926583667232,0.71718742005161,True,True,True
safety,A6c_gate_off_control,2,2,ood_compound,50077,0,24,25,5.147398603927814,0.8964825986384242,False,False,False
safety,A6c_gate_off_control,2,2,ood_compound,50078,0,24,25,3.765623905115347,0.6558295876633295,False,False,False
safety,A6c_gate_off_control,2,2,ood_compound,50079,0,24,25,5.574823998372204,0.9709239733637403,False,False,False
safety,A6c_gate_off_control,2,2,ood_compound,50080,0,24,25,6.148100021632074,1.070767023924648,False,False,False
safety,A6c_gate_off_control,2,2,ood_compound,50081,0,24,25,5.136970127637866,0.894666351589455,False,False,False
safety,A6c_gate_off_control,2,2,ood_compound,50082,0,24,25,4.0757590063709035,0.709843419288962,False,False,False
safety,A6c_gate_off_control,2,2,ood_compound,50083,0,24,25,5.548018565663217,0.9662554784944595,False,False,False
safety,A6c_gate_off_control,2,2,ood_compound,50084,0,24,25,3.658564880780202,0.6371839455188824,False,False,False
safety,A6c_gate_off_control,2,2,ood_compound,50085,0,24,25,5.911090264335149,1.0294888678164196,False,False,False
safety,A6c_gate_off_control,2,2,ood_compound,50086,0,24,25,4.170434776790684,0.7263323658860362,True,False,True
safety,A6c_gate_off_control,2,2,ood_compound,50087,0,24,25,2.7024016006081144,0.47065638313480296,False,False,False
safety,A6c_gate_off_control,2,2,ood_compound,50088,0,24,25,5.371352734988261,0.9354869573130521,False,False,False
safety,A6c_gate_off_control,2,2,ood_compound,50089,0,24,25,2.9853916500780215,0.519942571063597,False,False,False
safety,A6c_gate_off_control,2,2,ood_compound,50090,0,24,25,4.081094783440035,0.7107727103077379,True,False,True
safety,A6c_gate_off_control,2,2,ood_compound,50091,0,24,25,5.6801410454067796,0.9892662287963071,False,False,False
safety,A6c_gate_off_control,2,2,ood_compound,50092,0,24,25,4.2267552489136415,0.7361412668650286,False,False,False
safety,A6c_gate_off_control,2,2,ood_compound,50093,0,24,25,5.1100901281646385,0.8899848700036359,True,False,True
safety,A6c_gate_off_control,2,2,ood_compound,50094,0,24,25,3.5969704880064555,0.6264565265750243,False,False,False
safety,A6c_gate_off_control,2,2,ood_compound,50095,0,24,25,4.177831865691654,0.727620659641884,False,False,False
safety,A6c_gate_off_control,2,2,ood_compound,50096,0,24,25,3.7199607002183193,0.6478767804808804,False,False,False
safety,A6c_gate_off_control,2,2,ood_compound,50097,0,24,25,3.995959204734479,0.6959453051061467,True,False,True
safety,A6c_gate_off_control,2,2,ood_compound,50098,0,24,25,3.5417094276021124,0.6168321351402911,True,False,True
safety,A6c_gate_off_control,2,2,ood_compound,50099,0,24,25,4.3655486019191825,0.7603138315623112,True,False,True
safety,A6c_gate_off_control,3,3,id_reference,50000,0,24,25,4.749495867246171,1.1640964185798326,False,False,False
safety,A6c_gate_off_control,3,3,id_reference,50001,0,24,25,8.680097282425358,2.127482672230352,False,False,False
safety,A6c_gate_off_control,3,3,id_reference,50002,0,24,25,4.322501257546917,1.0594404909198725,False,False,False
safety,A6c_gate_off_control,3,3,id_reference,50003,0,24,25,4.806046444036218,1.1779569051977705,False,False,False
safety,A6c_gate_off_control,3,3,id_reference,50004,0,24,25,5.559107481894986,1.3625313698665207,False,False,False
safety,A6c_gate_off_control,3,3,id_reference,50005,0,24,25,7.509704930069789,1.8406207433451895,False,False,False
safety,A6c_gate_off_control,3,3,id_reference,50006,0,24,25,4.399584721943549,1.0783335665944227,False,False,False
safety,A6c_gate_off_control,3,3,id_reference,50007,0,24,25,5.93199683687894,1.4539261567652513,False,False,False
safety,A6c_gate_off_control,3,3,id_reference,50008,0,24,25,5.076090754522232,1.2441444803597,False,False,False
safety,A6c_gate_off_control,3,3,id_reference,50009,0,24,25,6.076912748545014,1.489444893591423,False,False,False
safety,A6c_gate_off_control,3,3,id_reference,50010,0,24,25,6.230169015634434,1.5270078427191482,False,False,False
safety,A6c_gate_off_control,3,3,id_reference,50011,0,24,25,3.522937887077682,0.8634683536642757,False,False,False
safety,A6c_gate_off_control,3,3,id_reference,50012,0,24,25,3.7624150047556233,0.9221639421673034,False,False,False
safety,A6c_gate_off_control,3,3,id_reference,50013,0,24,25,8.268658751867966,2.0266395231309686,False,False,False
safety,A6c_gate_off_control,3,3,id_reference,50014,0,24,25,6.577087324959961,1.6120371537689064,False,False,False
safety,A6c_gate_off_control,3,3,id_reference,50015,0,24,25,6.208809871791642,1.5217727391320925,False,False,False
safety,A6c_gate_off_control,3,3,id_reference,50016,0,24,25,6.787829999635436,1.6636899606538398,False,False,False
safety,A6c_gate_off_control,3,3,id_reference,50017,0,24,25,5.067585198153061,1.2420597774808824,False,False,False
safety,A6c_gate_off_control,3,3,id_reference,50018,0,24,25,6.394811454842793,1.5673615306022002,False,True,True
safety,A6c_gate_off_control,3,3,id_reference,50019,0,24,25,8.020199222390938,1.965742354987113,False,False,False
safety,A6c_gate_off_control,3,3,id_reference,50020,0,24,25,5.268254161508366,1.2912435283654748,False,False,False
safety,A6c_gate_off_control,3,3,id_reference,50021,0,24,25,3.909412187491513,0.9581927963335439,False,False,False
safety,A6c_gate_off_control,3,3,id_reference,50022,0,24,25,6.930414344760775,1.6986372329844919,False,False,False
safety,A6c_gate_off_control,3,3,id_reference,50023,0,24,25,7.308172407465769,1.7912253350012033,False,False,False
safety,A6c_gate_off_control,3,3,id_reference,50024,0,24,25,3.7265519246367673,0.9133739391243472,False,False,False
safety,A6c_gate_off_control,3,3,id_reference,50025,0,24,25,7.968701347317848,1.953120280221141,True,False,True
safety,A6c_gate_off_control,3,3,id_reference,50026,0,24,25,3.326513194528058,0.8153248690695114,False,False,False
safety,A6c_gate_off_control,3,3,id_reference,50027,0,24,25,4.1692877151261065,1.021888013563279,False,False,False
safety,A6c_gate_off_control,3,3,id_reference,50028,0,24,25,7.298457803526799,1.7888442958405497,False,False,False
safety,A6c_gate_off_control,3,3,id_reference,50029,0,24,25,6.810006516339359,1.669125401465494,False,False,False
safety,A6c_gate_off_control,3,3,id_reference,50030,0,24,25,8.167919370457403,2.0019484071919673,False,False,False
safety,A6c_gate_off_control,3,3,id_reference,50031,0,24,25,8.698023401076773,2.1318763449704545,False,False,False
safety,A6c_gate_off_control,3,3,id_reference,50032,0,24,25,6.774549283148094,1.6604348710756582,False,False,False
safety,A6c_gate_off_control,3,3,id_reference,50033,0,24,25,3.684844979285844,0.9031516108878421,False,False,False
safety,A6c_gate_off_control,3,3,id_reference,50034,0,24,25,4.365026842271196,1.0698634668017841,False,False,False
safety,A6c_gate_off_control,3,3,id_reference,50035,0,24,25,4.368922553323868,1.0708183014644506,False,False,False
safety,A6c_gate_off_control,3,3,id_reference,50036,0,24,25,2.716513476591222,0.66581458275007,False,False,False
safety,A6c_gate_off_control,3,3,id_reference,50037,0,24,25,4.7847798742371825,1.1727444914110228,False,False,False
safety,A6c_gate_off_control,3,3,id_reference,50038,0,24,25,7.725501533444682,1.8935122628141936,False,False,False
safety,A6c_gate_off_control,3,3,id_reference,50039,0,24,25,2.15244048583566,0.5275608887349846,False,False,False
safety,A6c_gate_off_control,3,3,id_reference,50040,0,24,25,6.951982729131087,1.7039236212037516,False,False,False
safety,A6c_gate_off_control,3,3,id_reference,50041,0,24,25,5.535571564666807,1.3567627414227612,False,False,False
safety,A6c_gate_off_control,3,3,id_reference,50042,0,24,25,4.59912000768955,1.127239454294858,False,False,False
safety,A6c_gate_off_control,3,3,id_reference,50043,0,24,25,2.7500718875656642,0.6740397138209239,False,False,False
safety,A6c_gate_off_control,3,3,id_reference,50044,0,24,25,5.783525906791663,1.4175360886803983,False,False,False
safety,A6c_gate_off_control,3,3,id_reference,50045,0,24,25,7.8552839020494085,1.9253217842266563,False,False,False
safety,A6c_gate_off_control,3,3,id_reference,50046,0,24,25,6.950757201419772,1.7036232456566434,False,False,False
safety,A6c_gate_off_control,3,3,id_reference,50047,0,24,25,4.443012218077675,1.088977600009897,False,False,False
safety,A6c_gate_off_control,3,3,id_reference,50048,0,24,25,6.212571437840869,1.5226946949961568,False,False,False
safety,A6c_gate_off_control,3,3,id_reference,50049,0,24,25,6.781146263325628,1.6620517839465736,False,False,False
safety,A6c_gate_off_control,3,3,id_reference,50050,0,24,25,7.72127527637158,1.8924764116711863,False,False,False
safety,A6c_gate_off_control,3,3,id_reference,50051,0,24,25,7.814470448524553,1.915318449892626,False,False,False
safety,A6c_gate_off_control,3,3,id_reference,50052,0,24,25,6.364638071615002,1.559966066255313,False,False,False
safety,A6c_gate_off_control,3,3,id_reference,50053,0,24,25,4.886021358493679,1.1975586722270233,False,False,False
safety,A6c_gate_off_control,3,3,id_reference,50054,0,24,25,7.844723118328108,1.9227333472954562,False,False,False
safety,A6c_gate_off_control,3,3,id_reference,50055,0,24,25,6.225435160463148,1.5258475798186215,False,False,False
safety,A6c_gate_off_control,3,3,id_reference,50056,0,24,25,3.2639067277962934,0.7999800902257219,False,False,False
safety,A6c_gate_off_control,3,3,id_reference,50057,0,24,25,5.930536908614047,1.4535683298901367,False,False,False
safety,A6c_gate_off_control,3,3,id_reference,50058,0,24,25,6.722614889137128,1.647705805979254,False,False,False
safety,A6c_gate_off_control,3,3,id_reference,50059,0,24,25,3.246499200647491,0.795713523714948,False,False,False
safety,A6c_gate_off_control,3,3,id_reference,50060,0,24,25,4.826957342791182,1.1830821443874309,False,False,False
safety,A6c_gate_off_control,3,3,id_reference,50061,0,24,25,3.9093843257698677,0.9581859674550084,False,False,False
safety,A6c_gate_off_control,3,3,id_reference,50062,0,24,25,7.706358227785165,1.8888202588245273,False,False,False
safety,A6c_gate_off_control,3,3,id_reference,50063,0,24,25,4.055317994647331,0.9939541554982942,False,False,False
safety,A6c_gate_off_control,3,3,id_reference,50064,0,24,25,4.559034985735626,1.1174146577691768,False,False,False
safety,A6c_gate_off_control,3,3,id_reference,50065,0,24,25,3.7280094221170885,0.9137311702167314,False,False,False
safety,A6c_gate_off_control,3,3,id_reference,50066,0,24,25,6.356567635634748,1.5579880109240554,False,False,False
safety,A6c_gate_off_control,3,3,id_reference,50067,0,24,25,4.556345340384328,1.1167554285355463,False,False,False
safety,A6c_gate_off_control,3,3,id_reference,50068,0,24,25,3.9486888334634624,0.9678194607602012,False,False,False
safety,A6c_gate_off_control,3,3,id_reference,50069,0,24,25,6.8389178161170925,1.6762115304923335,False,False,False
safety,A6c_gate_off_control,3,3,id_reference,50070,0,24,25,4.157184967592812,1.018921642931052,False,False,False
safety,A6c_gate_off_control,3,3,id_reference,50071,0,24,25,4.261065486216962,1.044382648282069,False,False,False
safety,A6c_gate_off_control,3,3,id_reference,50072,0,24,25,7.205608640798355,1.7660870641634565,False,False,False
safety,A6c_gate_off_control,3,3,id_reference,50073,0,24,25,7.824930589493477,1.9178822193915612,False,False,False
safety,A6c_gate_off_control,3,3,id_reference,50074,0,24,25,3.6719211669343497,0.8999839981362396,False,False,False
safety,A6c_gate_off_control,3,3,id_reference,50075,0,24,25,3.2893910509288924,0.8062262708979014,False,False,False
safety,A6c_gate_off_control,3,3,id_reference,50076,0,24,25,7.736787451668582,1.8962784294457786,True,False,True
safety,A6c_gate_off_control,3,3,id_reference,50077,0,24,25,4.449123266743044,1.0904754115806325,True,False,True
safety,A6c_gate_off_control,3,3,id_reference,50078,0,24,25,3.1865566742877185,0.7810216738415219,False,False,False
safety,A6c_gate_off_control,3,3,id_reference,50079,0,24,25,7.1163531281349375,1.7442106323201259,True,False,True
safety,A6c_gate_off_control,3,3,id_reference,50080,0,24,25,7.53384826635789,1.846538249558716,False,False,False
safety,A6c_gate_off_control,3,3,id_reference,50081,0,24,25,5.0690623660437115,1.2424218297700538,False,False,False
safety,A6c_gate_off_control,3,3,id_reference,50082,0,24,25,4.241027792959452,1.0394714308371755,False,False,False
safety,A6c_gate_off_control,3,3,id_reference,50083,0,24,25,7.540186194706509,1.8480916691000873,False,False,False
safety,A6c_gate_off_control,3,3,id_reference,50084,0,24,25,4.460486346552748,1.0932604904353664,False,False,False
safety,A6c_gate_off_control,3,3,id_reference,50085,0,24,25,7.234238300172885,1.773104163425062,False,False,False
safety,A6c_gate_off_control,3,3,id_reference,50086,0,24,25,6.999203108938428,1.7154972863998383,False,False,False
safety,A6c_gate_off_control,3,3,id_reference,50087,0,24,25,3.4113182235714223,0.8361104920801025,False,False,False
safety,A6c_gate_off_control,3,3,id_reference,50088,0,24,25,7.1399016442514975,1.7499823487381152,False,False,False
safety,A6c_gate_off_control,3,3,id_reference,50089,0,24,25,5.005639260880685,1.2268768937096506,False,False,False
safety,A6c_gate_off_control,3,3,id_reference,50090,0,24,25,5.6618012946272955,1.3877015148573624,False,False,False
safety,A6c_gate_off_control,3,3,id_reference,50091,0,24,25,7.942822305640723,1.9467773544507716,False,False,False
safety,A6c_gate_off_control,3,3,id_reference,50092,0,24,25,3.398270042014725,0.8329123965677175,False,False,False
safety,A6c_gate_off_control,3,3,id_reference,50093,0,24,25,7.868873905862623,1.9286526798016053,False,False,False
safety,A6c_gate_off_control,3,3,id_reference,50094,0,24,25,4.47069939497794,1.0957636978129197,False,False,False
safety,A6c_gate_off_control,3,3,id_reference,50095,0,24,25,3.4035137453943496,0.8341976227253846,False,False,False
safety,A6c_gate_off_control,3,3,id_reference,50096,0,24,25,6.247436513404368,1.5312400881771215,False,False,False
safety,A6c_gate_off_control,3,3,id_reference,50097,0,24,25,4.209183670898109,1.031666470167545,False,False,False
safety,A6c_gate_off_control,3,3,id_reference,50098,0,24,25,5.90586351740385,1.447520907775279,False,False,False
safety,A6c_gate_off_control,3,3,id_reference,50099,0,24,25,5.040319576213287,1.2353770023532462,False,False,False
safety,A6c_gate_off_control,3,3,motor_fault,50000,0,24,25,4.749495867246171,1.1640964185798326,True,False,True
safety,A6c_gate_off_control,3,3,motor_fault,50001,0,24,25,8.680097282425358,2.127482672230352,False,False,False
safety,A6c_gate_off_control,3,3,motor_fault,50002,0,24,25,4.322501257546917,1.0594404909198725,True,False,True
safety,A6c_gate_off_control,3,3,motor_fault,50003,0,24,25,4.9060784939270565,1.2024746549286787,False,False,False
safety,A6c_gate_off_control,3,3,motor_fault,50004,0,24,25,5.559107481894986,1.3625313698665207,False,False,False
safety,A6c_gate_off_control,3,3,motor_fault,50005,0,24,25,7.509704930069789,1.8406207433451895,False,False,False
safety,A6c_gate_off_control,3,3,motor_fault,50006,0,24,25,4.116944722519754,1.0090588013828852,False,False,False
safety,A6c_gate_off_control,3,3,motor_fault,50007,0,24,25,6.262541057743171,1.5349421960345762,False,False,False
safety,A6c_gate_off_control,3,3,motor_fault,50008,0,24,25,5.076090754522232,1.2441444803597,False,False,False
safety,A6c_gate_off_control,3,3,motor_fault,50009,0,24,25,6.076912748545014,1.489444893591423,True,False,True
safety,A6c_gate_off_control,3,3,motor_fault,50010,0,24,25,5.6433475244663285,1.3831785152898035,False,False,False
safety,A6c_gate_off_control,3,3,motor_fault,50011,0,24,25,3.1092556531551043,0.7620752752408604,False,False,False
safety,A6c_gate_off_control,3,3,motor_fault,50012,0,24,25,3.182275308830797,0.7799723156918698,False,False,False
safety,A6c_gate_off_control,3,3,motor_fault,50013,0,24,25,8.313732066503938,2.037686944922217,False,False,False
safety,A6c_gate_off_control,3,3,motor_fault,50014,0,24,25,5.803680249844701,1.4224758968669193,True,False,True
safety,A6c_gate_off_control,3,3,motor_fault,50015,0,24,25,6.208809871791642,1.5217727391320925,False,False,False
safety,A6c_gate_off_control,3,3,motor_fault,50016,0,24,25,6.787829999635436,1.6636899606538398,False,False,False
safety,A6c_gate_off_control,3,3,motor_fault,50017,0,24,25,5.067585198153061,1.2420597774808824,False,False,False
safety,A6c_gate_off_control,3,3,motor_fault,50018,0,24,25,6.394811454842793,1.5673615306022002,True,True,True
safety,A6c_gate_off_control,3,3,motor_fault,50019,0,24,25,8.020199222390938,1.965742354987113,True,False,True
safety,A6c_gate_off_control,3,3,motor_fault,50020,0,24,25,5.268254161508366,1.2912435283654748,False,False,False
safety,A6c_gate_off_control,3,3,motor_fault,50021,0,24,25,3.909412187491513,0.9581927963335439,False,False,False
safety,A6c_gate_off_control,3,3,motor_fault,50022,0,24,25,6.930414344760775,1.6986372329844919,False,False,False
safety,A6c_gate_off_control,3,3,motor_fault,50023,0,24,25,7.878436625843958,1.9309964923647287,False,False,False
safety,A6c_gate_off_control,3,3,motor_fault,50024,0,24,25,3.3606834017962135,0.8236999507655092,False,False,False
safety,A6c_gate_off_control,3,3,motor_fault,50025,0,24,25,7.968701347317848,1.953120280221141,True,False,True
safety,A6c_gate_off_control,3,3,motor_fault,50026,0,24,25,3.6212349705762468,0.8875608649656631,True,False,True
safety,A6c_gate_off_control,3,3,motor_fault,50027,0,24,25,4.947896484054592,1.2127242001225977,False,False,False
safety,A6c_gate_off_control,3,3,motor_fault,50028,0,24,25,7.298457803526799,1.7888442958405497,False,False,False
safety,A6c_gate_off_control,3,3,motor_fault,50029,0,24,25,6.810006516339359,1.669125401465494,False,False,False
safety,A6c_gate_off_control,3,3,motor_fault,50030,0,24,25,8.056358888812552,1.9746050510194917,False,False,False
safety,A6c_gate_off_control,3,3,motor_fault,50031,0,24,25,8.698023401076773,2.1318763449704545,False,False,False
safety,A6c_gate_off_control,3,3,motor_fault,50032,0,24,25,6.121535211615747,1.5003818121404162,False,False,False
safety,A6c_gate_off_control,3,3,motor_fault,50033,0,24,25,3.684844979285844,0.9031516108878421,False,False,False
safety,A6c_gate_off_control,3,3,motor_fault,50034,0,24,25,4.365026842271196,1.0698634668017841,True,False,True
safety,A6c_gate_off_control,3,3,motor_fault,50035,0,24,25,4.368922553323868,1.0708183014644506,False,False,False
safety,A6c_gate_off_control,3,3,motor_fault,50036,0,24,25,2.784097663425396,0.6823793955313282,False,False,False
safety,A6c_gate_off_control,3,3,motor_fault,50037,0,24,25,4.7847798742371825,1.1727444914110228,False,False,False
safety,A6c_gate_off_control,3,3,motor_fault,50038,0,24,25,7.725501533444682,1.8935122628141936,False,False,False
safety,A6c_gate_off_control,3,3,motor_fault,50039,0,24,25,2.2203569164852204,0.5442071341243336,False,False,False
safety,A6c_gate_off_control,3,3,motor_fault,50040,0,24,25,6.951982729131087,1.7039236212037516,False,False,False
safety,A6c_gate_off_control,3,3,motor_fault,50041,0,24,25,5.535571564666807,1.3567627414227612,False,False,False
safety,A6c_gate_off_control,3,3,motor_fault,50042,0,24,25,4.59912000768955,1.127239454294858,False,False,False
safety,A6c_gate_off_control,3,3,motor_fault,50043,0,24,25,2.7500718875656642,0.6740397138209239,False,False,False
safety,A6c_gate_off_control,3,3,motor_fault,50044,0,24,25,5.783525906791663,1.4175360886803983,False,False,False
safety,A6c_gate_off_control,3,3,motor_fault,50045,0,24,25,7.8552839020494085,1.9253217842266563,True,False,True
safety,A6c_gate_off_control,3,3,motor_fault,50046,0,24,25,6.950757201419772,1.7036232456566434,False,False,False
safety,A6c_gate_off_control,3,3,motor_fault,50047,0,24,25,4.56894969120345,1.1198447416031185,False,False,False
safety,A6c_gate_off_control,3,3,motor_fault,50048,0,24,25,6.212571437840869,1.5226946949961568,False,False,False
safety,A6c_gate_off_control,3,3,motor_fault,50049,0,24,25,5.884026296038739,1.4421686278926564,False,False,False
safety,A6c_gate_off_control,3,3,motor_fault,50050,0,24,25,7.72127527637158,1.8924764116711863,False,False,False
safety,A6c_gate_off_control,3,3,motor_fault,50051,0,24,25,7.787625226036416,1.9087387142263774,False,False,False
safety,A6c_gate_off_control,3,3,motor_fault,50052,0,24,25,6.666168787163345,1.6338709260283906,True,False,True
safety,A6c_gate_off_control,3,3,motor_fault,50053,0,24,25,4.886021358493679,1.1975586722270233,False,False,False
safety,A6c_gate_off_control,3,3,motor_fault,50054,0,24,25,7.539539958577037,1.8479332773075892,True,False,True
safety,A6c_gate_off_control,3,3,motor_fault,50055,0,24,25,6.461105483360485,1.583610126943315,False,False,False
safety,A6c_gate_off_control,3,3,motor_fault,50056,0,24,25,3.2639067277962934,0.7999800902257219,False,False,False
safety,A6c_gate_off_control,3,3,motor_fault,50057,0,24,25,5.930536908614047,1.4535683298901367,False,False,False
safety,A6c_gate_off_control,3,3,motor_fault,50058,0,24,25,5.9675681053489225,1.4626446370814068,True,False,True
safety,A6c_gate_off_control,3,3,motor_fault,50059,0,24,25,3.246499200647491,0.795713523714948,False,False,False
safety,A6c_gate_off_control,3,3,motor_fault,50060,0,24,25,4.76239752647652,1.16725860162485,False,False,False
safety,A6c_gate_off_control,3,3,motor_fault,50061,0,24,25,3.822414193105567,0.9368696798346494,False,False,False
safety,A6c_gate_off_control,3,3,motor_fault,50062,0,24,25,7.706358227785165,1.8888202588245273,False,False,False
safety,A6c_gate_off_control,3,3,motor_fault,50063,0,24,25,4.055317994647331,0.9939541554982942,False,False,False
safety,A6c_gate_off_control,3,3,motor_fault,50064,0,24,25,4.559034985735626,1.1174146577691768,False,False,False
safety,A6c_gate_off_control,3,3,motor_fault,50065,0,24,25,3.341687190833687,0.8190439995306499,False,False,False
safety,A6c_gate_off_control,3,3,motor_fault,50066,0,24,25,6.356567635634748,1.5579880109240554,True,False,True
safety,A6c_gate_off_control,3,3,motor_fault,50067,0,24,25,4.556345340384328,1.1167554285355463,False,False,False
safety,A6c_gate_off_control,3,3,motor_fault,50068,0,24,25,3.9486888334634624,0.9678194607602012,False,False,False
safety,A6c_gate_off_control,3,3,motor_fault,50069,0,24,25,6.8389178161170925,1.6762115304923335,False,False,False
safety,A6c_gate_off_control,3,3,motor_fault,50070,0,24,25,4.050716100267052,0.9928262360482092,False,False,False
safety,A6c_gate_off_control,3,3,motor_fault,50071,0,24,25,4.3801048715144235,1.0735590758373301,False,False,False
safety,A6c_gate_off_control,3,3,motor_fault,50072,0,24,25,7.19631226609346,1.763808532546159,False,False,False
safety,A6c_gate_off_control,3,3,motor_fault,50073,0,24,25,7.824930589493477,1.9178822193915612,False,False,False
safety,A6c_gate_off_control,3,3,motor_fault,50074,0,24,25,3.6172363095570996,0.8865807973749943,False,False,False
safety,A6c_gate_off_control,3,3,motor_fault,50075,0,24,25,3.4163556310942806,0.8373451553412554,True,False,True
safety,A6c_gate_off_control,3,3,motor_fault,50076,0,24,25,7.736787451668582,1.8962784294457786,True,True,True
safety,A6c_gate_off_control,3,3,motor_fault,50077,0,24,25,4.449123266743044,1.0904754115806325,True,False,True
safety,A6c_gate_off_control,3,3,motor_fault,50078,0,24,25,3.1865566742877185,0.7810216738415219,True,False,True
safety,A6c_gate_off_control,3,3,motor_fault,50079,0,24,25,7.1163531281349375,1.7442106323201259,True,False,True
safety,A6c_gate_off_control,3,3,motor_fault,50080,0,24,25,7.53384826635789,1.846538249558716,False,False,False
safety,A6c_gate_off_control,3,3,motor_fault,50081,0,24,25,5.0690623660437115,1.2424218297700538,False,False,False
safety,A6c_gate_off_control,3,3,motor_fault,50082,0,24,25,4.2746124881609475,1.0477030041443074,False,False,False
safety,A6c_gate_off_control,3,3,motor_fault,50083,0,24,25,7.216814119453121,1.7688335151416419,False,False,False
safety,A6c_gate_off_control,3,3,motor_fault,50084,0,24,25,4.651099961967062,1.139979686164452,False,False,False
safety,A6c_gate_off_control,3,3,motor_fault,50085,0,24,25,7.234238300172885,1.773104163425062,False,False,False
safety,A6c_gate_off_control,3,3,motor_fault,50086,0,24,25,6.809558567036253,1.6690156095646214,False,False,False
safety,A6c_gate_off_control,3,3,motor_fault,50087,0,24,25,2.809110111484115,0.6885099201214993,False,False,False
safety,A6c_gate_off_control,3,3,motor_fault,50088,0,24,25,7.1399016442514975,1.7499823487381152,True,False,True
safety,A6c_gate_off_control,3,3,motor_fault,50089,0,24,25,5.005639260880685,1.2268768937096506,False,False,False
safety,A6c_gate_off_control,3,3,motor_fault,50090,0,24,25,5.6618012946272955,1.3877015148573624,True,False,True
safety,A6c_gate_off_control,3,3,motor_fault,50091,0,24,25,7.942822305640723,1.9467773544507716,True,False,True
safety,A6c_gate_off_control,3,3,motor_fault,50092,0,24,25,3.695210611495807,0.9056922163898173,True,False,True
safety,A6c_gate_off_control,3,3,motor_fault,50093,0,24,25,7.840899530163072,1.9217961898763418,True,True,True
safety,A6c_gate_off_control,3,3,motor_fault,50094,0,24,25,4.47069939497794,1.0957636978129197,False,False,False
safety,A6c_gate_off_control,3,3,motor_fault,50095,0,24,25,3.259630755575838,0.798932053952629,False,False,False
safety,A6c_gate_off_control,3,3,motor_fault,50096,0,24,25,5.8992932166692,1.4459105340076244,False,False,False
safety,A6c_gate_off_control,3,3,motor_fault,50097,0,24,25,4.209183670898109,1.031666470167545,True,False,True
safety,A6c_gate_off_control,3,3,motor_fault,50098,0,24,25,5.90586351740385,1.447520907775279,False,False,False
safety,A6c_gate_off_control,3,3,motor_fault,50099,0,24,25,4.618525602902328,1.1319957451768843,True,True,True
safety,A6c_gate_off_control,3,3,ood_compound,50000,0,24,25,4.027765775326174,0.9872011356553101,False,False,False
safety,A6c_gate_off_control,3,3,ood_compound,50001,0,24,25,8.680097282425358,2.127482672230352,False,False,False
safety,A6c_gate_off_control,3,3,ood_compound,50002,0,24,25,3.4488550507520395,0.8453107287593571,False,False,False
safety,A6c_gate_off_control,3,3,ood_compound,50003,0,24,25,5.095409041307833,1.2488793720384783,True,True,True
safety,A6c_gate_off_control,3,3,ood_compound,50004,0,24,25,7.51395348328027,1.8416620592479096,True,False,True
safety,A6c_gate_off_control,3,3,ood_compound,50005,0,24,25,7.149296864741023,1.7522851073527819,False,False,False
safety,A6c_gate_off_control,3,3,ood_compound,50006,0,24,25,5.113916848120329,1.25341561593223,False,False,False
safety,A6c_gate_off_control,3,3,ood_compound,50007,0,24,25,5.170772853753925,1.2673509628369952,True,True,True
safety,A6c_gate_off_control,3,3,ood_compound,50008,0,24,25,3.3060510477501044,0.8103096185152496,True,False,True
safety,A6c_gate_off_control,3,3,ood_compound,50009,0,24,25,7.116205936593949,1.7441745558289572,True,False,True
safety,A6c_gate_off_control,3,3,ood_compound,50010,0,24,25,6.789042169345707,1.6639870621690065,False,False,False
safety,A6c_gate_off_control,3,3,ood_compound,50011,0,24,25,2.8154592737128867,0.6900660930750261,False,False,False
safety,A6c_gate_off_control,3,3,ood_compound,50012,0,24,25,6.509899232588938,1.5955694233220394,False,False,False
safety,A6c_gate_off_control,3,3,ood_compound,50013,0,24,25,9.12732786583274,2.237098415664142,False,False,False
safety,A6c_gate_off_control,3,3,ood_compound,50014,0,24,25,6.020875583879497,1.4757102437427183,False,False,False
safety,A6c_gate_off_control,3,3,ood_compound,50015,0,24,25,6.474643804606059,1.5869283551755449,False,False,False
safety,A6c_gate_off_control,3,3,ood_compound,50016,0,24,25,7.20306421518089,1.7654634281331443,False,False,False
safety,A6c_gate_off_control,3,3,ood_compound,50017,0,24,25,3.4401389345833215,0.8431744178961552,True,False,True
safety,A6c_gate_off_control,3,3,ood_compound,50018,0,24,25,9.341944648370639,2.289700762292638,False,False,False
safety,A6c_gate_off_control,3,3,ood_compound,50019,0,24,25,9.088085198594808,2.2274800793892893,False,False,False
safety,A6c_gate_off_control,3,3,ood_compound,50020,0,24,25,6.922268472942204,1.696640688408971,False,False,False
safety,A6c_gate_off_control,3,3,ood_compound,50021,0,24,25,5.1455213031440525,1.2611618344641804,False,False,False
safety,A6c_gate_off_control,3,3,ood_compound,50022,0,24,25,5.864779623239538,1.437451288726275,False,False,False
safety,A6c_gate_off_control,3,3,ood_compound,50023,0,24,25,6.882331963951643,1.6868522922536862,False,False,False
safety,A6c_gate_off_control,3,3,ood_compound,50024,0,24,25,3.5651803425324284,0.8738219348613891,False,False,False
safety,A6c_gate_off_control,3,3,ood_compound,50025,0,24,25,7.035652533451659,1.7244310018343039,True,False,True
safety,A6c_gate_off_control,3,3,ood_compound,50026,0,24,25,3.5143242237045946,0.8613571538730276,True,False,True
safety,A6c_gate_off_control,3,3,ood_compound,50027,0,24,25,6.356733785134272,1.5580287339908294,False,False,False
safety,A6c_gate_off_control,3,3,ood_compound,50028,0,24,25,6.765500893235223,1.6582171202688565,False,False,False
safety,A6c_gate_off_control,3,3,ood_compound,50029,0,24,25,7.777612125061905,1.9062845137577151,False,False,False
safety,A6c_gate_off_control,3,3,ood_compound,50030,0,24,25,7.512195889252037,1.8412312748087245,False,False,False
safety,A6c_gate_off_control,3,3,ood_compound,50031,0,24,25,8.663966651851625,2.123529071720914,False,False,False
safety,A6c_gate_off_control,3,3,ood_compound,50032,0,24,25,7.305077446417379,1.7904667633184865,False,False,False
safety,A6c_gate_off_control,3,3,ood_compound,50033,0,24,25,2.2775883149636784,0.5582344894187213,False,False,False
safety,A6c_gate_off_control,3,3,ood_compound,50034,0,24,25,4.133135655376975,1.0130271819182883,False,False,False
safety,A6c_gate_off_control,3,3,ood_compound,50035,0,24,25,3.328791482203086,0.8158832749713429,False,False,False
safety,A6c_gate_off_control,3,3,ood_compound,50036,0,24,25,6.204560912048665,1.5207313235886872,False,False,False
safety,A6c_gate_off_control,3,3,ood_compound,50037,0,24,25,7.772791624789144,1.9051030142343692,False,False,False
safety,A6c_gate_off_control,3,3,ood_compound,50038,0,24,25,7.5502410571593,1.8505561052629498,False,False,False
safety,A6c_gate_off_control,3,3,ood_compound,50039,0,24,25,4.004590278446051,0.9815208458580265,False,False,False
safety,A6c_gate_off_control,3,3,ood_compound,50040,0,24,25,6.325474501692874,1.5503671166489867,False,False,False
safety,A6c_gate_off_control,3,3,ood_compound,50041,0,24,25,5.990090287968434,1.468164800243729,False,False,False
safety,A6c_gate_off_control,3,3,ood_compound,50042,0,24,25,3.74350088518701,0.9175281114463516,False,False,False
safety,A6c_gate_off_control,3,3,ood_compound,50043,0,24,25,3.136196769556814,0.7686785144040006,False,False,False
safety,A6c_gate_off_control,3,3,ood_compound,50044,0,24,25,7.521930248553352,1.843617155987815,False,False,False
safety,A6c_gate_off_control,3,3,ood_compound,50045,0,24,25,9.09637459220057,2.2295118010032007,True,False,True
safety,A6c_gate_off_control,3,3,ood_compound,50046,0,24,25,6.506203142608091,1.5946635155731508,False,False,False
safety,A6c_gate_off_control,3,3,ood_compound,50047,0,24,25,4.415353041557167,1.0821983650703664,False,False,False
safety,A6c_gate_off_control,3,3,ood_compound,50048,0,24,25,6.985785439520093,1.7122086298029797,True,False,True
safety,A6c_gate_off_control,3,3,ood_compound,50049,0,24,25,8.027577370756664,1.9675507313555447,False,False,False
safety,A6c_gate_off_control,3,3,ood_compound,50050,0,24,25,7.928078359479558,1.9431636288256353,False,False,False
safety,A6c_gate_off_control,3,3,ood_compound,50051,0,24,25,7.912767132282292,1.9394108632179596,False,False,False
safety,A6c_gate_off_control,3,3,ood_compound,50052,0,24,25,7.504479927702846,1.8393401007859707,False,False,False
safety,A6c_gate_off_control,3,3,ood_compound,50053,0,24,25,6.028254531615299,1.477518816035911,False,False,False
safety,A6c_gate_off_control,3,3,ood_compound,50054,0,24,25,7.881336371708038,1.9317072170120426,False,False,False
safety,A6c_gate_off_control,3,3,ood_compound,50055,0,24,25,6.665908027662451,1.633807014150249,True,False,True
safety,A6c_gate_off_control,3,3,ood_compound,50056,0,24,25,4.5554223542012435,1.1165292055973317,False,False,False
safety,A6c_gate_off_control,3,3,ood_compound,50057,0,24,25,6.785695213680459,1.6631667268719639,False,False,False
safety,A6c_gate_off_control,3,3,ood_compound,50058,0,24,25,7.505578928077831,1.8396094646166377,False,False,False
safety,A6c_gate_off_control,3,3,ood_compound,50059,0,24,25,4.151182604507064,1.0174504700810403,False,False,False
safety,A6c_gate_off_control,3,3,ood_compound,50060,0,24,25,8.116920912691969,1.9894487390804,False,False,False
safety,A6c_gate_off_control,3,3,ood_compound,50061,0,24,25,3.051655519686917,0.7479575433901082,False,False,False
safety,A6c_gate_off_control,3,3,ood_compound,50062,0,24,25,7.473849237107051,1.8318325508863922,True,False,True
safety,A6c_gate_off_control,3,3,ood_compound,50063,0,24,25,4.04209893746415,0.9907141785504112,False,False,False
safety,A6c_gate_off_control,3,3,ood_compound,50064,0,24,25,5.609351227015098,1.3748460587061748,False,False,False
safety,A6c_gate_off_control,3,3,ood_compound,50065,0,24,25,3.7220296693650554,0.9122655391356225,False,False,False
safety,A6c_gate_off_control,3,3,ood_compound,50066,0,24,25,7.588597749551691,1.859957290039312,False,False,False
safety,A6c_gate_off_control,3,3,ood_compound,50067,0,24,25,3.050939700564903,0.7477820968796619,False,False,False
safety,A6c_gate_off_control,3,3,ood_compound,50068,0,24,25,2.434161065292068,0.5966103050840066,False,False,False
safety,A6c_gate_off_control,3,3,ood_compound,50069,0,24,25,7.049414413965714,1.7278040242070183,False,False,False
safety,A6c_gate_off_control,3,3,ood_compound,50070,0,24,25,2.979138538848232,0.7301837080105058,False,False,False
safety,A6c_gate_off_control,3,3,ood_compound,50071,0,24,25,6.8211220108824495,1.671849797432988,False,False,False
safety,A6c_gate_off_control,3,3,ood_compound,50072,0,24,25,7.591219205768155,1.8605998061880458,False,False,False
safety,A6c_gate_off_control,3,3,ood_compound,50073,0,24,25,7.904673200589403,1.9374270491123615,False,False,False
safety,A6c_gate_off_control,3,3,ood_compound,50074,0,24,25,2.4266966803308567,0.5947807922171419,False,False,False
safety,A6c_gate_off_control,3,3,ood_compound,50075,0,24,25,3.6215666195597755,0.8876421517810942,False,False,False
safety,A6c_gate_off_control,3,3,ood_compound,50076,0,24,25,7.761177440400733,1.90225638991272,True,True,True
safety,A6c_gate_off_control,3,3,ood_compound,50077,0,24,25,5.896073681827557,1.44512142941981,False,False,False
safety,A6c_gate_off_control,3,3,ood_compound,50078,0,24,25,3.0781800169059776,0.7544586696317954,False,False,False
safety,A6c_gate_off_control,3,3,ood_compound,50079,0,24,25,8.68581089561949,2.1288830727870316,False,False,False
safety,A6c_gate_off_control,3,3,ood_compound,50080,0,24,25,7.2306413406322765,1.772222552442331,True,False,True
safety,A6c_gate_off_control,3,3,ood_compound,50081,0,24,25,6.7440736110862884,1.6529653160549629,False,False,False
safety,A6c_gate_off_control,3,3,ood_compound,50082,0,24,25,5.187200703397671,1.271377411426441,False,False,False
safety,A6c_gate_off_control,3,3,ood_compound,50083,0,24,25,7.186470636630768,1.7613963595638604,True,False,True
safety,A6c_gate_off_control,3,3,ood_compound,50084,0,24,25,6.834302014661477,1.675080202432778,False,False,False
safety,A6c_gate_off_control,3,3,ood_compound,50085,0,24,25,7.644795914606583,1.873731400913334,False,False,False
safety,A6c_gate_off_control,3,3,ood_compound,50086,0,24,25,7.122889795278523,1.7458127625301492,True,False,True
safety,A6c_gate_off_control,3,3,ood_compound,50087,0,24,25,4.629283939479245,1.1346326021042548,False,False,False
safety,A6c_gate_off_control,3,3,ood_compound,50088,0,24,25,7.047215630284522,1.7272651046500693,False,False,False
safety,A6c_gate_off_control,3,3,ood_compound,50089,0,24,25,4.318798917862615,1.0585330513752707,False,False,False
safety,A6c_gate_off_control,3,3,ood_compound,50090,0,24,25,5.227689445703058,1.281301159383681,True,False,True
safety,A6c_gate_off_control,3,3,ood_compound,50091,0,24,25,7.661282359802178,1.877772211210624,False,False,False
safety,A6c_gate_off_control,3,3,ood_compound,50092,0,24,25,3.53984715239075,0.8676127967255919,True,False,True
safety,A6c_gate_off_control,3,3,ood_compound,50093,0,24,25,8.27067087294608,2.0271326918811376,True,False,True
safety,A6c_gate_off_control,3,3,ood_compound,50094,0,24,25,4.646361325221839,1.138818251305206,False,False,False
safety,A6c_gate_off_control,3,3,ood_compound,50095,0,24,25,4.210471559829895,1.0319821303838979,False,False,False
safety,A6c_gate_off_control,3,3,ood_compound,50096,0,24,25,6.011168071378264,1.4733309426859609,True,False,True
safety,A6c_gate_off_control,3,3,ood_compound,50097,0,24,25,3.7715739296226087,0.9244087849745636,True,False,True
safety,A6c_gate_off_control,3,3,ood_compound,50098,0,24,25,5.62405372238725,1.3784496247867226,True,False,True
safety,A6c_gate_off_control,3,3,ood_compound,50099,0,24,25,3.8879075830917356,0.95292204051767,True,False,True
safety,A6c_gate_off_control,4,4,id_reference,50000,0,24,25,4.979255717068823,0.9422881023760565,False,False,False
safety,A6c_gate_off_control,4,4,id_reference,50001,0,24,25,5.782124671786346,1.0942252405318726,False,False,False
safety,A6c_gate_off_control,4,4,id_reference,50002,0,24,25,5.298609897028149,1.002723569305014,False,False,False
safety,A6c_gate_off_control,4,4,id_reference,50003,0,24,25,7.037328854049001,1.3317635462959785,False,False,False
safety,A6c_gate_off_control,4,4,id_reference,50004,0,24,25,6.143412296055211,1.162596308263391,False,False,False
safety,A6c_gate_off_control,4,4,id_reference,50005,0,24,25,7.1931199351210955,1.36124588070337,False,False,False
safety,A6c_gate_off_control,4,4,id_reference,50006,0,24,25,5.650055794768878,1.0692321615298996,False,False,False
safety,A6c_gate_off_control,4,4,id_reference,50007,0,24,25,5.565932547569867,1.0533124459191634,False,False,False
safety,A6c_gate_off_control,4,4,id_reference,50008,0,24,25,5.277074865511647,0.9986482204707029,False,False,False
safety,A6c_gate_off_control,4,4,id_reference,50009,0,24,25,5.888971517006533,1.1144452325845537,False,False,False
safety,A6c_gate_off_control,4,4,id_reference,50010,0,24,25,6.254872948692948,1.1836894299730423,False,False,False
safety,A6c_gate_off_control,4,4,id_reference,50011,0,24,25,4.546461072166624,0.8603848485894674,False,False,False
safety,A6c_gate_off_control,4,4,id_reference,50012,0,24,25,5.4477239664904955,1.030942327596456,False,False,False
safety,A6c_gate_off_control,4,4,id_reference,50013,0,24,25,7.668567939007767,1.4512209739336868,False,False,False
safety,A6c_gate_off_control,4,4,id_reference,50014,0,24,25,6.849687604280788,1.2962537980086088,False,False,False
safety,A6c_gate_off_control,4,4,id_reference,50015,0,24,25,6.131725837680255,1.1603847306077415,False,False,False
safety,A6c_gate_off_control,4,4,id_reference,50016,0,24,25,5.615563356273656,1.062704717216371,False,False,False
safety,A6c_gate_off_control,4,4,id_reference,50017,0,24,25,5.935217733496451,1.123196994304478,False,False,False
safety,A6c_gate_off_control,4,4,id_reference,50018,0,24,25,4.65966778203524,0.8818083989913197,False,True,True
safety,A6c_gate_off_control,4,4,id_reference,50019,0,24,25,5.437368718126702,1.0289826717995258,False,False,False
safety,A6c_gate_off_control,4,4,id_reference,50020,0,24,25,6.885215459472171,1.3029771874370768,False,False,False
safety,A6c_gate_off_control,4,4,id_reference,50021,0,24,25,4.131529819086522,0.7818621124019931,False,False,False
safety,A6c_gate_off_control,4,4,id_reference,50022,0,24,25,5.350686666871078,1.0125787210428434,False,False,False
safety,A6c_gate_off_control,4,4,id_reference,50023,0,24,25,4.763200873089736,0.901401287054578,False,False,False
safety,A6c_gate_off_control,4,4,id_reference,50024,0,24,25,4.206098609610334,0.7959737162463772,False,False,False
safety,A6c_gate_off_control,4,4,id_reference,50025,0,24,25,6.797842497811677,1.2864424868873914,False,False,False
safety,A6c_gate_off_control,4,4,id_reference,50026,0,24,25,4.59495603326667,0.8695621689494395,False,False,False
safety,A6c_gate_off_control,4,4,id_reference,50027,0,24,25,4.751000605639766,0.8990924747506621,False,False,False
safety,A6c_gate_off_control,4,4,id_reference,50028,0,24,25,5.279354158051461,0.9990795600853242,False,False,False
safety,A6c_gate_off_control,4,4,id_reference,50029,0,24,25,7.945007676013272,1.5035351931675598,False,False,False
safety,A6c_gate_off_control,4,4,id_reference,50030,0,24,25,5.937349007711934,1.1236003225226425,False,False,False
safety,A6c_gate_off_control,4,4,id_reference,50031,0,24,25,4.762781401603951,0.9013219051122154,False,False,False
safety,A6c_gate_off_control,4,4,id_reference,50032,0,24,25,5.9755284923386105,1.1308255136280603,False,False,False
safety,A6c_gate_off_control,4,4,id_reference,50033,0,24,25,3.745438216588587,0.7087970713329081,False,False,False
safety,A6c_gate_off_control,4,4,id_reference,50034,0,24,25,4.895714229347083,0.9264784805353585,False,False,False
safety,A6c_gate_off_control,4,4,id_reference,50035,0,24,25,5.3825895851721635,1.0186161174037367,False,False,False
safety,A6c_gate_off_control,4,4,id_reference,50036,0,24,25,5.650663280680767,1.06934712384147,False,False,False
safety,A6c_gate_off_control,4,4,id_reference,50037,0,24,25,5.6332935375513316,1.0660600256841914,False,False,False
safety,A6c_gate_off_control,4,4,id_reference,50038,0,24,25,5.815421816364655,1.1005264841236972,False,False,False
safety,A6c_gate_off_control,4,4,id_reference,50039,0,24,25,5.132229218782662,0.9712372302847972,False,False,False
safety,A6c_gate_off_control,4,4,id_reference,50040,0,24,25,4.75041333492655,0.8989813380191138,False,False,False
safety,A6c_gate_off_control,4,4,id_reference,50041,0,24,25,5.4999085817755144,1.0408178883035675,False,False,False
safety,A6c_gate_off_control,4,4,id_reference,50042,0,24,25,4.186776665984086,0.792317178275977,False,False,False
safety,A6c_gate_off_control,4,4,id_reference,50043,0,24,25,4.1707580155628765,0.7892857646339173,False,False,False
safety,A6c_gate_off_control,4,4,id_reference,50044,0,24,25,5.800294985479493,1.0976638408734458,False,False,False
safety,A6c_gate_off_control,4,4,id_reference,50045,0,24,25,5.567351420116658,1.0535809572782098,False,False,False
safety,A6c_gate_off_control,4,4,id_reference,50046,0,24,25,5.877358418661816,1.1122475377836143,False,False,False
safety,A6c_gate_off_control,4,4,id_reference,50047,0,24,25,5.348703387827558,1.0122033998397177,False,False,False
safety,A6c_gate_off_control,4,4,id_reference,50048,0,24,25,5.422170369515072,1.0261064943372176,False,False,False
safety,A6c_gate_off_control,4,4,id_reference,50049,0,24,25,6.75952917425092,1.2791919677324848,False,False,False
safety,A6c_gate_off_control,4,4,id_reference,50050,0,24,25,6.953939211388206,1.3159826600339422,False,False,False
safety,A6c_gate_off_control,4,4,id_reference,50051,0,24,25,6.399853104765449,1.2111258750785696,False,False,False
safety,A6c_gate_off_control,4,4,id_reference,50052,0,24,25,10.780570097151173,2.0401448562992592,False,False,False
safety,A6c_gate_off_control,4,4,id_reference,50053,0,24,25,5.518786884025839,1.0443904703548488,False,False,False
safety,A6c_gate_off_control,4,4,id_reference,50054,0,24,25,6.940018775339531,1.3133483182740706,False,False,False
safety,A6c_gate_off_control,4,4,id_reference,50055,0,24,25,5.9448142167399745,1.1250130592946783,False,False,False
safety,A6c_gate_off_control,4,4,id_reference,50056,0,24,25,3.4825260683956754,0.6590428503630822,False,False,False
safety,A6c_gate_off_control,4,4,id_reference,50057,0,24,25,5.616728128106174,1.0629251418545358,False,False,False
safety,A6c_gate_off_control,4,4,id_reference,50058,0,24,25,8.123054555491436,1.5372292763258797,False,False,False
safety,A6c_gate_off_control,4,4,id_reference,50059,0,24,25,5.485025608111422,1.0380013932672558,False,False,False
safety,A6c_gate_off_control,4,4,id_reference,50060,0,24,25,7.1040235746185045,1.344385039397549,False,False,False
safety,A6c_gate_off_control,4,4,id_reference,50061,0,24,25,4.33968524346814,0.8212540197441817,False,False,False
safety,A6c_gate_off_control,4,4,id_reference,50062,0,24,25,6.054952742822819,1.1458559781239595,False,False,False
safety,A6c_gate_off_control,4,4,id_reference,50063,0,24,25,4.503236526813869,0.8522049162600446,False,False,False
safety,A6c_gate_off_control,4,4,id_reference,50064,0,24,25,5.499045669303872,1.0406545883644553,False,False,False
safety,A6c_gate_off_control,4,4,id_reference,50065,0,24,25,4.3994040178755105,0.8325553655295858,False,False,False
safety,A6c_gate_off_control,4,4,id_reference,50066,0,24,25,5.390256228761251,1.0200669742083772,False,False,False
safety,A6c_gate_off_control,4,4,id_reference,50067,0,24,25,4.512231377012639,0.8539071265514141,False,False,False
safety,A6c_gate_off_control,4,4,id_reference,50068,0,24,25,3.7286458954912534,0.705619246115566,False,False,False
safety,A6c_gate_off_control,4,4,id_reference,50069,0,24,25,5.928614718421869,1.1219474214971887,False,False,False
safety,A6c_gate_off_control,4,4,id_reference,50070,0,24,25,4.378772125682237,0.8286509292748694,False,False,False
safety,A6c_gate_off_control,4,4,id_reference,50071,0,24,25,5.697119021275892,1.0781385364816756,False,False,False
safety,A6c_gate_off_control,4,4,id_reference,50072,0,24,25,4.715853750286503,0.8924411867837111,False,False,False
safety,A6c_gate_off_control,4,4,id_reference,50073,0,24,25,5.77565412088118,1.0930007356098106,False,False,False
safety,A6c_gate_off_control,4,4,id_reference,50074,0,24,25,4.389200627721741,0.8306244477996849,False,False,False
safety,A6c_gate_off_control,4,4,id_reference,50075,0,24,25,4.936499716372927,0.9341968387314084,False,False,False
safety,A6c_gate_off_control,4,4,id_reference,50076,0,24,25,4.67353004697706,0.8844317322902874,True,False,True
safety,A6c_gate_off_control,4,4,id_reference,50077,0,24,25,4.275603097295839,0.8091269374363003,True,False,True
safety,A6c_gate_off_control,4,4,id_reference,50078,0,24,25,5.21497915459786,0.9868970566567887,False,False,False
safety,A6c_gate_off_control,4,4,id_reference,50079,0,24,25,6.197987797061755,1.172924326787001,True,False,True
safety,A6c_gate_off_control,4,4,id_reference,50080,0,24,25,5.377014326283487,1.0175610400152713,False,False,False
safety,A6c_gate_off_control,4,4,id_reference,50081,0,24,25,4.462724041313189,0.8445382216265249,False,False,False
safety,A6c_gate_off_control,4,4,id_reference,50082,0,24,25,4.804591721802763,0.9092342055680486,False,False,False
safety,A6c_gate_off_control,4,4,id_reference,50083,0,24,25,5.938834167518664,1.1238813782658152,True,False,True
safety,A6c_gate_off_control,4,4,id_reference,50084,0,24,25,5.541446294735579,1.0486785998127208,False,False,False
safety,A6c_gate_off_control,4,4,id_reference,50085,0,24,25,4.555154685067307,0.8620300519026644,False,False,False
safety,A6c_gate_off_control,4,4,id_reference,50086,0,24,25,7.362653542014171,1.3933288886478354,False,False,False
safety,A6c_gate_off_control,4,4,id_reference,50087,0,24,25,4.781361231899379,0.904838003506506,False,False,False
safety,A6c_gate_off_control,4,4,id_reference,50088,0,24,25,5.498180207350701,1.0404908059544182,False,False,False
safety,A6c_gate_off_control,4,4,id_reference,50089,0,24,25,4.795390447414171,0.9074929309929457,False,False,False
safety,A6c_gate_off_control,4,4,id_reference,50090,0,24,25,7.7755233600889975,1.4714615131821498,False,False,False
safety,A6c_gate_off_control,4,4,id_reference,50091,0,24,25,7.507078225720082,1.4206602146287428,False,False,False
safety,A6c_gate_off_control,4,4,id_reference,50092,0,24,25,4.814358989833444,0.9110825903430019,False,False,False
safety,A6c_gate_off_control,4,4,id_reference,50093,0,24,25,6.734061392884912,1.2743723744561564,True,False,True
safety,A6c_gate_off_control,4,4,id_reference,50094,0,24,25,4.6796782683997895,0.8855952386909632,False,False,False
safety,A6c_gate_off_control,4,4,id_reference,50095,0,24,25,4.97619883650402,0.9417096098562359,False,False,False
safety,A6c_gate_off_control,4,4,id_reference,50096,0,24,25,5.695935361509596,1.0779145374387626,False,False,False
safety,A6c_gate_off_control,4,4,id_reference,50097,0,24,25,3.7759622465747804,0.7145735230612181,False,False,False
safety,A6c_gate_off_control,4,4,id_reference,50098,0,24,25,6.673726710919542,1.2629544726236153,False,False,False
safety,A6c_gate_off_control,4,4,id_reference,50099,0,24,25,6.26464378637912,1.1855384902794583,False,False,False
safety,A6c_gate_off_control,4,4,motor_fault,50000,0,24,25,4.979255717068823,0.9422881023760565,False,False,False
safety,A6c_gate_off_control,4,4,motor_fault,50001,0,24,25,6.020324267323181,1.1393027897920416,False,False,False
safety,A6c_gate_off_control,4,4,motor_fault,50002,0,24,25,5.298609897028149,1.002723569305014,True,False,True
safety,A6c_gate_off_control,4,4,motor_fault,50003,0,24,25,7.273270635950357,1.376413820668698,False,False,False
safety,A6c_gate_off_control,4,4,motor_fault,50004,0,24,25,6.2468571753764115,1.182172502894639,False,False,False
safety,A6c_gate_off_control,4,4,motor_fault,50005,0,24,25,7.433379958821829,1.4067133510792564,True,False,True
safety,A6c_gate_off_control,4,4,motor_fault,50006,0,24,25,5.650055794768878,1.0692321615298996,False,False,False
safety,A6c_gate_off_control,4,4,motor_fault,50007,0,24,25,5.302698263487094,1.0034972630639447,False,False,False
safety,A6c_gate_off_control,4,4,motor_fault,50008,0,24,25,5.277074865511647,0.9986482204707029,False,False,False
safety,A6c_gate_off_control,4,4,motor_fault,50009,0,24,25,5.888971517006533,1.1144452325845537,True,False,True
safety,A6c_gate_off_control,4,4,motor_fault,50010,0,24,25,6.765625790274074,1.2803457081848337,False,False,False
safety,A6c_gate_off_control,4,4,motor_fault,50011,0,24,25,4.747298865753994,0.898391947272128,False,False,False
safety,A6c_gate_off_control,4,4,motor_fault,50012,0,24,25,5.4477239664904955,1.030942327596456,False,False,False
safety,A6c_gate_off_control,4,4,motor_fault,50013,0,24,25,7.794801911546324,1.4751098394986735,False,False,False
safety,A6c_gate_off_control,4,4,motor_fault,50014,0,24,25,6.849687604280788,1.2962537980086088,True,False,True
safety,A6c_gate_off_control,4,4,motor_fault,50015,0,24,25,6.176488890518801,1.1688558143424452,True,False,True
safety,A6c_gate_off_control,4,4,motor_fault,50016,0,24,25,5.615563356273656,1.062704717216371,False,False,False
safety,A6c_gate_off_control,4,4,motor_fault,50017,0,24,25,5.935217733496451,1.123196994304478,False,False,False
safety,A6c_gate_off_control,4,4,motor_fault,50018,0,24,25,4.65966778203524,0.8818083989913197,True,True,True
safety,A6c_gate_off_control,4,4,motor_fault,50019,0,24,25,5.344660594389483,1.0114383304451084,True,False,True
safety,A6c_gate_off_control,4,4,motor_fault,50020,0,24,25,6.885215459472171,1.3029771874370768,False,False,False
safety,A6c_gate_off_control,4,4,motor_fault,50021,0,24,25,4.206592212839536,0.7960671270845829,False,False,False
safety,A6c_gate_off_control,4,4,motor_fault,50022,0,24,25,5.257487270578079,0.9949414099132954,False,False,False
safety,A6c_gate_off_control,4,4,motor_fault,50023,0,24,25,4.763200873089736,0.901401287054578,False,False,False
safety,A6c_gate_off_control,4,4,motor_fault,50024,0,24,25,4.206098609610334,0.7959737162463772,False,False,False
safety,A6c_gate_off_control,4,4,motor_fault,50025,0,24,25,6.84907089622737,1.2961370904735081,False,False,False
safety,A6c_gate_off_control,4,4,motor_fault,50026,0,24,25,4.59495603326667,0.8695621689494395,False,False,False
safety,A6c_gate_off_control,4,4,motor_fault,50027,0,24,25,4.687059728577409,0.8869921265992685,False,False,False
safety,A6c_gate_off_control,4,4,motor_fault,50028,0,24,25,5.350314676344628,1.0125083245283466,False,False,False
safety,A6c_gate_off_control,4,4,motor_fault,50029,0,24,25,7.945007676013272,1.5035351931675598,False,False,False
safety,A6c_gate_off_control,4,4,motor_fault,50030,0,24,25,5.937349007711934,1.1236003225226425,True,False,True
safety,A6c_gate_off_control,4,4,motor_fault,50031,0,24,25,5.359269961178587,1.0142030473608175,False,False,False
safety,A6c_gate_off_control,4,4,motor_fault,50032,0,24,25,6.218923783807091,1.176886310734523,False,False,False
safety,A6c_gate_off_control,4,4,motor_fault,50033,0,24,25,3.745438216588587,0.7087970713329081,False,False,False
safety,A6c_gate_off_control,4,4,motor_fault,50034,0,24,25,4.895714229347083,0.9264784805353585,True,False,True
safety,A6c_gate_off_control,4,4,motor_fault,50035,0,24,25,5.3825895851721635,1.0186161174037367,False,False,False
safety,A6c_gate_off_control,4,4,motor_fault,50036,0,24,25,5.66221138808946,1.0715325195782004,False,False,False
safety,A6c_gate_off_control,4,4,motor_fault,50037,0,24,25,5.6332935375513316,1.0660600256841914,False,False,False
safety,A6c_gate_off_control,4,4,motor_fault,50038,0,24,25,5.968653654199273,1.129524500273343,False,False,False
safety,A6c_gate_off_control,4,4,motor_fault,50039,0,24,25,5.05662274790073,0.9569292529438331,False,False,False
safety,A6c_gate_off_control,4,4,motor_fault,50040,0,24,25,4.75041333492655,0.8989813380191138,False,False,False
safety,A6c_gate_off_control,4,4,motor_fault,50041,0,24,25,5.437612874773298,1.029028876677579,False,False,False
safety,A6c_gate_off_control,4,4,motor_fault,50042,0,24,25,4.533070234480022,0.8578507294861486,False,False,False
safety,A6c_gate_off_control,4,4,motor_fault,50043,0,24,25,4.1707580155628765,0.7892857646339173,False,False,False
safety,A6c_gate_off_control,4,4,motor_fault,50044,0,24,25,5.800318364394077,1.097668265163804,False,False,False
safety,A6c_gate_off_control,4,4,motor_fault,50045,0,24,25,6.146025947033398,1.1630909227922386,True,False,True
safety,A6c_gate_off_control,4,4,motor_fault,50046,0,24,25,5.8236907168726795,1.1020913136908417,False,False,False
safety,A6c_gate_off_control,4,4,motor_fault,50047,0,24,25,5.348703387827558,1.0122033998397177,False,False,False
safety,A6c_gate_off_control,4,4,motor_fault,50048,0,24,25,5.7748248000925075,1.092843792653549,False,False,False
safety,A6c_gate_off_control,4,4,motor_fault,50049,0,24,25,6.272229993259702,1.1869741250192511,False,False,False
safety,A6c_gate_off_control,4,4,motor_fault,50050,0,24,25,7.30111993706893,1.3816840993196944,False,False,False
safety,A6c_gate_off_control,4,4,motor_fault,50051,0,24,25,7.038089758563082,1.3319075419675013,False,False,False
safety,A6c_gate_off_control,4,4,motor_fault,50052,0,24,25,10.216684854894563,1.933433655855705,True,False,True
safety,A6c_gate_off_control,4,4,motor_fault,50053,0,24,25,5.565120747260482,1.053158818586786,False,False,False
safety,A6c_gate_off_control,4,4,motor_fault,50054,0,24,25,7.39394310913329,1.3992502127372517,False,False,False
safety,A6c_gate_off_control,4,4,motor_fault,50055,0,24,25,5.9448142167399745,1.1250130592946783,True,False,True
safety,A6c_gate_off_control,4,4,motor_fault,50056,0,24,25,3.4825260683956754,0.6590428503630822,False,False,False
safety,A6c_gate_off_control,4,4,motor_fault,50057,0,24,25,5.418825061263233,1.0254734189653938,False,False,False
safety,A6c_gate_off_control,4,4,motor_fault,50058,0,24,25,8.220790315934023,1.5557250615345055,False,False,False
safety,A6c_gate_off_control,4,4,motor_fault,50059,0,24,25,5.485025608111422,1.0380013932672558,False,False,False
safety,A6c_gate_off_control,4,4,motor_fault,50060,0,24,25,7.477309229640625,1.4150266476020097,False,False,False
safety,A6c_gate_off_control,4,4,motor_fault,50061,0,24,25,4.33968524346814,0.8212540197441817,False,False,False
safety,A6c_gate_off_control,4,4,motor_fault,50062,0,24,25,6.460305578289226,1.2225660681109114,False,False,False
safety,A6c_gate_off_control,4,4,motor_fault,50063,0,24,25,4.603375709846231,0.8711555317967378,False,False,False
safety,A6c_gate_off_control,4,4,motor_fault,50064,0,24,25,5.499045669303872,1.0406545883644553,False,False,False
safety,A6c_gate_off_control,4,4,motor_fault,50065,0,24,25,4.3994040178755105,0.8325553655295858,False,False,False
safety,A6c_gate_off_control,4,4,motor_fault,50066,0,24,25,5.390256228761251,1.0200669742083772,True,False,True
safety,A6c_gate_off_control,4,4,motor_fault,50067,0,24,25,4.835985958885771,0.9151753376904828,False,False,False
safety,A6c_gate_off_control,4,4,motor_fault,50068,0,24,25,3.7286458954912534,0.705619246115566,False,False,False
safety,A6c_gate_off_control,4,4,motor_fault,50069,0,24,25,5.928614718421869,1.1219474214971887,False,False,False
safety,A6c_gate_off_control,4,4,motor_fault,50070,0,24,25,4.378772125682237,0.8286509292748694,False,False,False
safety,A6c_gate_off_control,4,4,motor_fault,50071,0,24,25,5.706507160710954,1.07991517391421,False,False,False
safety,A6c_gate_off_control,4,4,motor_fault,50072,0,24,25,4.715853750286503,0.8924411867837111,False,False,False
safety,A6c_gate_off_control,4,4,motor_fault,50073,0,24,25,6.063741332090631,1.147519155027154,False,False,False
safety,A6c_gate_off_control,4,4,motor_fault,50074,0,24,25,4.389200627721741,0.8306244477996849,False,False,False
safety,A6c_gate_off_control,4,4,motor_fault,50075,0,24,25,4.936499716372927,0.9341968387314084,True,False,True
safety,A6c_gate_off_control,4,4,motor_fault,50076,0,24,25,4.67353004697706,0.8844317322902874,True,True,True
safety,A6c_gate_off_control,4,4,motor_fault,50077,0,24,25,4.275603097295839,0.8091269374363003,True,False,True
safety,A6c_gate_off_control,4,4,motor_fault,50078,0,24,25,5.300422155764186,1.00306652615287,False,False,False
safety,A6c_gate_off_control,4,4,motor_fault,50079,0,24,25,6.197987797061755,1.172924326787001,True,False,True
safety,A6c_gate_off_control,4,4,motor_fault,50080,0,24,25,5.53253715592074,1.0469926097803428,False,False,False
safety,A6c_gate_off_control,4,4,motor_fault,50081,0,24,25,4.564644353085677,0.8638259028846808,False,False,False
safety,A6c_gate_off_control,4,4,motor_fault,50082,0,24,25,5.390525306776897,1.020117895275131,False,False,False
safety,A6c_gate_off_control,4,4,motor_fault,50083,0,24,25,6.555175515604503,1.2405195170368029,True,False,True
safety,A6c_gate_off_control,4,4,motor_fault,50084,0,24,25,5.619042584093956,1.0633631358971563,False,False,False
safety,A6c_gate_off_control,4,4,motor_fault,50085,0,24,25,4.555154685067307,0.8620300519026644,False,False,False
safety,A6c_gate_off_control,4,4,motor_fault,50086,0,24,25,7.362653542014171,1.3933288886478354,False,False,False
safety,A6c_gate_off_control,4,4,motor_fault,50087,0,24,25,4.781361231899379,0.904838003506506,False,False,False
safety,A6c_gate_off_control,4,4,motor_fault,50088,0,24,25,6.336176443664845,1.1990755278854246,True,False,True
safety,A6c_gate_off_control,4,4,motor_fault,50089,0,24,25,4.795390447414171,0.9074929309929457,False,False,False
safety,A6c_gate_off_control,4,4,motor_fault,50090,0,24,25,7.7755233600889975,1.4714615131821498,True,False,True
safety,A6c_gate_off_control,4,4,motor_fault,50091,0,24,25,7.507078225720082,1.4206602146287428,True,False,True
safety,A6c_gate_off_control,4,4,motor_fault,50092,0,24,25,4.814358989833444,0.9110825903430019,True,False,True
safety,A6c_gate_off_control,4,4,motor_fault,50093,0,24,25,6.247243981203587,1.1822457030975584,True,False,True
safety,A6c_gate_off_control,4,4,motor_fault,50094,0,24,25,4.6796782683997895,0.8855952386909632,False,False,False
safety,A6c_gate_off_control,4,4,motor_fault,50095,0,24,25,4.97619883650402,0.9417096098562359,False,False,False
safety,A6c_gate_off_control,4,4,motor_fault,50096,0,24,25,5.695935361509596,1.0779145374387626,False,False,False
safety,A6c_gate_off_control,4,4,motor_fault,50097,0,24,25,3.7759622465747804,0.7145735230612181,True,False,True
safety,A6c_gate_off_control,4,4,motor_fault,50098,0,24,25,6.557180404832272,1.2408989278108733,False,False,False
safety,A6c_gate_off_control,4,4,motor_fault,50099,0,24,25,6.26464378637912,1.1855384902794583,True,False,True
safety,A6c_gate_off_control,4,4,ood_compound,50000,0,24,25,4.699826720172136,0.8894081873453771,False,False,False
safety,A6c_gate_off_control,4,4,ood_compound,50001,0,24,25,5.751801962651081,1.0884868873173503,False,False,False
safety,A6c_gate_off_control,4,4,ood_compound,50002,0,24,25,5.426538018985337,1.0269330403844654,False,False,False
safety,A6c_gate_off_control,4,4,ood_compound,50003,0,24,25,7.344271885615383,1.3898502932290127,True,True,True
safety,A6c_gate_off_control,4,4,ood_compound,50004,0,24,25,12.695590861245044,2.4025486741274844,True,False,True
safety,A6c_gate_off_control,4,4,ood_compound,50005,0,24,25,8.202976806810957,1.552353983875109,False,False,False
safety,A6c_gate_off_control,4,4,ood_compound,50006,0,24,25,6.238787912173589,1.18064545324244,False,False,False
safety,A6c_gate_off_control,4,4,ood_compound,50007,0,24,25,7.186400922389815,1.3599743561791935,True,True,True
safety,A6c_gate_off_control,4,4,ood_compound,50008,0,24,25,5.805949147862883,1.0987338501771469,True,False,True
safety,A6c_gate_off_control,4,4,ood_compound,50009,0,24,25,4.786420352822845,0.9057954055210927,False,False,False
safety,A6c_gate_off_control,4,4,ood_compound,50010,0,24,25,4.946339841636562,0.936059011210325,False,False,False
safety,A6c_gate_off_control,4,4,ood_compound,50011,0,24,25,4.6990630915759315,0.8892636761610306,False,False,False
safety,A6c_gate_off_control,4,4,ood_compound,50012,0,24,25,7.037777850643663,1.3318485156514803,False,False,False
safety,A6c_gate_off_control,4,4,ood_compound,50013,0,24,25,13.799526339035353,2.611460472520718,False,False,False
safety,A6c_gate_off_control,4,4,ood_compound,50014,0,24,25,6.5468984831129085,1.2389531485506304,False,False,False
safety,A6c_gate_off_control,4,4,ood_compound,50015,0,24,25,6.176488890518801,1.1688558143424452,False,False,False
safety,A6c_gate_off_control,4,4,ood_compound,50016,0,24,25,5.052353570213714,0.9561213419687823,False,False,False
safety,A6c_gate_off_control,4,4,ood_compound,50017,0,24,25,6.055395230836881,1.1459397157776945,False,False,False
safety,A6c_gate_off_control,4,4,ood_compound,50018,0,24,25,13.777738008382666,2.607337188658376,False,False,False
safety,A6c_gate_off_control,4,4,ood_compound,50019,0,24,25,10.476673277088548,1.98263458284347,False,False,False
safety,A6c_gate_off_control,4,4,ood_compound,50020,0,24,25,10.799413086830004,2.0437107557019933,False,False,False
safety,A6c_gate_off_control,4,4,ood_compound,50021,0,24,25,8.209490457715503,1.5535866451600768,False,False,False
safety,A6c_gate_off_control,4,4,ood_compound,50022,0,24,25,6.093534976873955,1.1531573866426759,False,False,False
safety,A6c_gate_off_control,4,4,ood_compound,50023,0,24,25,4.13899715368634,0.7832752514231021,False,False,False
safety,A6c_gate_off_control,4,4,ood_compound,50024,0,24,25,4.644255274807373,0.8788916935610644,False,False,False
safety,A6c_gate_off_control,4,4,ood_compound,50025,0,24,25,5.956339589410193,1.1271941526467164,False,False,False
safety,A6c_gate_off_control,4,4,ood_compound,50026,0,24,25,4.611627973582443,0.8727172129752411,True,False,True
safety,A6c_gate_off_control,4,4,ood_compound,50027,0,24,25,4.628751462649973,0.875957709333801,False,False,False
safety,A6c_gate_off_control,4,4,ood_compound,50028,0,24,25,7.719270572993243,1.460816080407103,False,False,False
safety,A6c_gate_off_control,4,4,ood_compound,50029,0,24,25,6.180575073675259,1.1696290949271844,False,False,False
safety,A6c_gate_off_control,4,4,ood_compound,50030,0,24,25,6.111844777748876,1.156622383923729,True,False,True
safety,A6c_gate_off_control,4,4,ood_compound,50031,0,24,25,7.3521777362409475,1.391346418233819,False,False,False
safety,A6c_gate_off_control,4,4,ood_compound,50032,0,24,25,5.010420939312098,0.9481858950977831,False,False,False
safety,A6c_gate_off_control,4,4,ood_compound,50033,0,24,25,5.038187948053788,0.9534406005121233,False,False,False
safety,A6c_gate_off_control,4,4,ood_compound,50034,0,24,25,5.146622191095365,0.9739609961122072,False,False,False
safety,A6c_gate_off_control,4,4,ood_compound,50035,0,24,25,5.197321768819268,0.9835555242102435,False,False,False
safety,A6c_gate_off_control,4,4,ood_compound,50036,0,24,25,5.7291652020519415,1.0842030442289579,False,False,False
safety,A6c_gate_off_control,4,4,ood_compound,50037,0,24,25,5.9389686576176715,1.123906829543553,False,False,False
safety,A6c_gate_off_control,4,4,ood_compound,50038,0,24,25,5.865033588134406,1.109915152818936,False,False,False
safety,A6c_gate_off_control,4,4,ood_compound,50039,0,24,25,5.869516317289485,1.1107634768635368,False,False,False
safety,A6c_gate_off_control,4,4,ood_compound,50040,0,24,25,5.159383710757298,0.9763760213346429,False,False,False
safety,A6c_gate_off_control,4,4,ood_compound,50041,0,24,25,6.137292618708818,1.161438203622547,False,False,False
safety,A6c_gate_off_control,4,4,ood_compound,50042,0,24,25,5.188431844488458,0.9818731703798849,False,False,False
safety,A6c_gate_off_control,4,4,ood_compound,50043,0,24,25,6.015300391148267,1.1383520575910013,False,False,False
safety,A6c_gate_off_control,4,4,ood_compound,50044,0,24,25,8.752048191765752,1.6562617690536174,False,False,False
safety,A6c_gate_off_control,4,4,ood_compound,50045,0,24,25,12.61085125329707,2.3865123167065017,True,False,True
safety,A6c_gate_off_control,4,4,ood_compound,50046,0,24,25,5.541157619361953,1.0486239700878235,False,False,False
safety,A6c_gate_off_control,4,4,ood_compound,50047,0,24,25,4.987748672870695,0.9438953327857493,False,False,False
safety,A6c_gate_off_control,4,4,ood_compound,50048,0,24,25,5.22331728794637,0.9884749880378567,False,False,False
safety,A6c_gate_off_control,4,4,ood_compound,50049,0,24,25,5.83783394233576,1.1047678167347401,False,False,False
safety,A6c_gate_off_control,4,4,ood_compound,50050,0,24,25,7.130168902785846,1.349332853501643,False,False,False
safety,A6c_gate_off_control,4,4,ood_compound,50051,0,24,25,7.232800975164244,1.3687552303024255,False,False,False
safety,A6c_gate_off_control,4,4,ood_compound,50052,0,24,25,9.397250645321334,1.7783616631251677,True,False,True
safety,A6c_gate_off_control,4,4,ood_compound,50053,0,24,25,5.825936630915109,1.1025163366664414,False,False,False
safety,A6c_gate_off_control,4,4,ood_compound,50054,0,24,25,7.086946073735398,1.3411532459700082,False,False,False
safety,A6c_gate_off_control,4,4,ood_compound,50055,0,24,25,5.232751421921203,0.990260329604114,False,False,False
safety,A6c_gate_off_control,4,4,ood_compound,50056,0,24,25,4.875576439438016,0.9226675495613952,False,False,False
safety,A6c_gate_off_control,4,4,ood_compound,50057,0,24,25,5.875889530277141,1.1119695612892855,False,False,False
safety,A6c_gate_off_control,4,4,ood_compound,50058,0,24,25,7.363417561802684,1.3934734738624948,False,False,False
safety,A6c_gate_off_control,4,4,ood_compound,50059,0,24,25,5.148034887824273,0.9742283387424224,False,False,False
safety,A6c_gate_off_control,4,4,ood_compound,50060,0,24,25,7.658605879483892,1.4493357262786346,False,False,False
safety,A6c_gate_off_control,4,4,ood_compound,50061,0,24,25,4.566225794845528,0.8641251792905501,False,False,False
safety,A6c_gate_off_control,4,4,ood_compound,50062,0,24,25,5.2054559577334,0.9850948605833465,True,False,True
safety,A6c_gate_off_control,4,4,ood_compound,50063,0,24,25,5.941203590205956,1.1243297743584444,False,False,False
safety,A6c_gate_off_control,4,4,ood_compound,50064,0,24,25,5.930705106778002,1.1223430123624214,False,False,False
safety,A6c_gate_off_control,4,4,ood_compound,50065,0,24,25,5.584411982891717,1.0568095452914081,False,False,False
safety,A6c_gate_off_control,4,4,ood_compound,50066,0,24,25,5.655363375306839,1.0702365827280678,False,False,False
safety,A6c_gate_off_control,4,4,ood_compound,50067,0,24,25,5.121960549697501,0.9692939589896488,False,False,False
safety,A6c_gate_off_control,4,4,ood_compound,50068,0,24,25,4.5353724808676805,0.8582864129503242,False,False,False
safety,A6c_gate_off_control,4,4,ood_compound,50069,0,24,25,6.881320770077368,1.3022401456606136,False,False,False
safety,A6c_gate_off_control,4,4,ood_compound,50070,0,24,25,4.251101653059889,0.8044902164670552,False,False,False
safety,A6c_gate_off_control,4,4,ood_compound,50071,0,24,25,5.843661732295471,1.105870683800466,False,False,False
safety,A6c_gate_off_control,4,4,ood_compound,50072,0,24,25,6.151578094107938,1.1641416264371722,False,False,False
safety,A6c_gate_off_control,4,4,ood_compound,50073,0,24,25,5.739717518622572,1.0861999937575642,False,False,False
safety,A6c_gate_off_control,4,4,ood_compound,50074,0,24,25,4.5102979797311695,0.8535412451106901,False,False,False
safety,A6c_gate_off_control,4,4,ood_compound,50075,0,24,25,4.568657501893698,0.8645853622476334,False,False,False
safety,A6c_gate_off_control,4,4,ood_compound,50076,0,24,25,4.291430382540423,0.8121221366038706,True,True,True
safety,A6c_gate_off_control,4,4,ood_compound,50077,0,24,25,3.670976774085797,0.6947057823244693,False,False,False
safety,A6c_gate_off_control,4,4,ood_compound,50078,0,24,25,5.797734619762574,1.0971793101945908,False,False,False
safety,A6c_gate_off_control,4,4,ood_compound,50079,0,24,25,8.582587732359935,1.6241926037416412,False,False,False
safety,A6c_gate_off_control,4,4,ood_compound,50080,0,24,25,4.927560201617669,0.9325051002721807,True,False,True
safety,A6c_gate_off_control,4,4,ood_compound,50081,0,24,25,4.682397762276774,0.8861098832222699,False,False,False
safety,A6c_gate_off_control,4,4,ood_compound,50082,0,24,25,6.032110938684897,1.1415333320300491,False,False,False
safety,A6c_gate_off_control,4,4,ood_compound,50083,0,24,25,5.368626586305492,1.0159737209386481,False,False,False
safety,A6c_gate_off_control,4,4,ood_compound,50084,0,24,25,11.417827341127422,2.1607411769689002,False,False,False
safety,A6c_gate_off_control,4,4,ood_compound,50085,0,24,25,5.691335670154942,1.077044079144517,False,False,False
safety,A6c_gate_off_control,4,4,ood_compound,50086,0,24,25,5.112512007082276,0.9675058906924935,True,False,True
safety,A6c_gate_off_control,4,4,ood_compound,50087,0,24,25,5.274736046550171,0.9982056159116608,False,False,False
safety,A6c_gate_off_control,4,4,ood_compound,50088,0,24,25,6.541435701298513,1.2379193566343134,False,False,False
safety,A6c_gate_off_control,4,4,ood_compound,50089,0,24,25,5.123455092091329,0.9695767903195146,False,False,False
safety,A6c_gate_off_control,4,4,ood_compound,50090,0,24,25,7.643321028367197,1.4464431788433867,False,False,False
safety,A6c_gate_off_control,4,4,ood_compound,50091,0,24,25,7.658359588826621,1.449289117554508,True,False,True
safety,A6c_gate_off_control,4,4,ood_compound,50092,0,24,25,4.604359787842307,0.8713417614342985,False,False,False
safety,A6c_gate_off_control,4,4,ood_compound,50093,0,24,25,6.2583690192711385,1.184351036023843,True,False,True
safety,A6c_gate_off_control,4,4,ood_compound,50094,0,24,25,5.4226653588941245,1.0262001674942487,False,False,False
safety,A6c_gate_off_control,4,4,ood_compound,50095,0,24,25,5.752180654696012,1.0885585520457113,False,False,False
safety,A6c_gate_off_control,4,4,ood_compound,50096,0,24,25,5.951133805201152,1.1262089956669492,False,False,False
safety,A6c_gate_off_control,4,4,ood_compound,50097,0,24,25,4.1887532844272215,0.7926912390086924,True,False,True
safety,A6c_gate_off_control,4,4,ood_compound,50098,0,24,25,6.22325442587944,1.1777058533995914,True,False,True
safety,A6c_gate_off_control,4,4,ood_compound,50099,0,24,25,6.516520931179519,1.2332044167335399,True,False,True
