scenario,controller,seed,steps,command_attempts,safety_infeasible,safety_certified_steps,safety_intervention_steps,unsafe_state_steps,safety_correction_mean,safety_correction_max,safety_correction_sum,safety_constraint_margin_min,uncertainty_scale_mean,uncertainty_scale_min,uncertainty_norm_mean,uncertainty_norm_max,raw_residual_norm_mean,gated_residual_norm_mean,context_latent_norm_mean,context_latent_norm_max
id_randomized_heldout,A6_train_seed_0,40000,250,250,False,250,35,0,0.7404873678455021,9.628723697691113,185.1218419613755,-2.842170943040401e-14,0.10061579845580775,0.1,4.306102564166228,7.856733133963108,8.864211113698518,0.8926444453732418,3.9748945608139037,3.9918339252471924
id_randomized_heldout,A6_train_seed_0,40001,250,250,False,250,33,0,1.5144834426088143,22.334007431940854,378.6208606522036,-2.842170943040401e-14,0.1,0.1,4.886049251630389,12.167644503950877,9.671956812563753,0.9671956812563755,3.9752748737335204,3.9916934967041016
id_randomized_heldout,A6_train_seed_0,40002,250,250,False,250,56,0,0.9229343751413012,20.382285159293833,230.7335937853253,-2.842170943040401e-14,0.10021532282612199,0.1,4.334153946300725,8.459523271139414,8.574460159707924,0.8592891298710026,3.9748497123718263,3.9921281337738037
id_randomized_heldout,A6_train_seed_0,40003,250,250,False,250,37,0,1.0091847998022903,20.242245167441236,252.29619995057254,-2.1316282072803006e-14,0.10011030657525533,0.1,4.844869714380318,8.91549634196581,8.998388545593462,0.9003174294403637,3.9747638273239136,3.9927806854248047
id_randomized_heldout,A6_train_seed_0,40004,250,250,False,250,22,0,1.6448151077901274,27.05876524278545,411.2037769475319,-1.0658141036401503e-14,0.1,0.1,5.033513581381436,10.220667119682885,8.73264868902159,0.8732648689021592,3.9746735868453977,3.9924376010894775
id_randomized_heldout,A6_train_seed_0,40005,250,250,False,250,34,0,2.777250465298594,24.455481050357324,694.3126163246485,-1.4210854715202004e-14,0.1,0.1,5.686439191579535,9.520621195156677,9.329641627407362,0.9329641627407362,3.975293304443359,3.992393970489502
id_randomized_heldout,A6_train_seed_0,40006,250,250,False,250,25,0,2.0463668776562813,24.106466458132314,511.5917194140704,-1.4210854715202004e-14,0.1,0.1,5.133185162032641,11.088953954853187,8.672347822119367,0.8672347822119368,3.974586961746216,3.9918837547302246
id_randomized_heldout,A6_train_seed_0,40007,250,250,False,250,30,0,1.8381775804579294,24.346029938144937,459.54439511448237,-2.1316282072803006e-14,0.1,0.1,3.2134052112658074,8.394939756391295,8.12755964017325,0.812755964017325,3.975153485298157,3.9925310611724854
id_randomized_heldout,A6_train_seed_0,40008,95,95,False,95,20,0,0.529411214893176,6.098266053306191,50.294065414851715,-3.197442310920451e-14,0.10028395651780748,0.1,3.973236342184493,6.393973724228348,8.90323784626219,0.8918402393511203,3.949323832361322,3.992310047149658
id_randomized_heldout,A6_train_seed_0,40009,250,250,False,250,15,0,0.25167076128634097,8.87325424824739,62.91769032158524,-2.842170943040401e-14,0.10116709498645068,0.1,3.589984888864337,6.7268665815492925,9.096564597615597,0.9215040677666441,3.975010572433472,3.9921345710754395
id_randomized_heldout,A6_train_seed_0,40010,250,250,False,250,66,0,0.40608742946393933,2.405046486506158,101.52185736598483,-2.842170943040401e-14,0.10000332449861929,0.1,4.425188507324745,6.05779608210658,6.6275340292313825,0.6627892074455203,3.9755206632614137,3.9924027919769287
id_randomized_heldout,A6_train_seed_0,40011,44,44,False,44,13,0,2.3526767532972084,18.53279315139604,103.51777714507716,-2.1316282072803006e-14,0.09999999999999996,0.1,4.047936138950221,7.617957005285751,8.016163914634474,0.8016163914634474,3.9008798382499,3.991950750350952
id_randomized_heldout,A6_train_seed_0,40012,250,250,False,250,26,0,2.153261303817393,26.39154870321115,538.3153259543483,-1.4210854715202004e-14,0.1,0.1,5.0016535446930295,8.966476757147301,7.8637015407836985,0.78637015407837,3.975023694038391,3.992464065551758
id_randomized_heldout,A6_train_seed_0,40013,250,250,False,250,38,0,0.8683594636180171,20.74306507364477,217.08986590450428,-2.842170943040401e-14,0.10096093723425086,0.1,3.403310042140616,9.803852118139021,10.077551374707664,1.0169299370369502,3.9748419885635378,3.9920456409454346
id_randomized_heldout,A6_train_seed_0,40014,250,250,False,250,37,0,0.22478603405745406,2.4095066595134584,56.196508514363515,-2.842170943040401e-14,0.1,0.1,4.567815119730953,6.392661409599664,7.220978209154066,0.7220978209154068,3.9751281394958498,3.9921469688415527
id_randomized_heldout,A6_train_seed_0,40015,250,250,False,250,71,115,2.0622844110594523,19.92100485525687,515.5711027648631,-2.842170943040401e-14,0.1,0.1,4.882865663975887,10.571851248103485,9.142824566060415,0.9142824566060417,3.9755816593170166,3.9920859336853027
id_randomized_heldout,A6_train_seed_0,40016,94,94,False,94,55,0,0.9850521014792974,2.2299669545602407,92.59489753905396,-2.842170943040401e-14,0.09999999999999996,0.1,4.430682285872124,5.715017265706681,7.939850582307318,0.7939850582307318,3.9492129036720764,3.9920644760131836
id_randomized_heldout,A6_train_seed_0,40017,104,104,False,104,14,2,1.6135728266151486,16.89656033263265,167.81157396797545,-1.4210854715202004e-14,0.1,0.1,3.6242695729000025,9.120645191011597,7.885521724576946,0.7885521724576946,3.9526406893363366,3.992769479751587
id_randomized_heldout,A6_train_seed_0,40018,250,250,False,250,28,0,1.9687270613606587,25.81826078723349,492.18176534016465,-1.4210854715202004e-14,0.1,0.1,4.061300368733206,9.524918500763976,9.568633109528324,0.9568633109528325,3.9752456073760984,3.9926035404205322
id_randomized_heldout,A6_train_seed_0,40019,37,37,False,37,10,0,0.09854778145474656,0.6775579928482001,3.6462679138256227,-2.1316282072803006e-14,0.10001098598073345,0.1,4.310721539319588,5.8220059372632225,8.098314815721155,0.8099487141189254,3.8837319193659603,3.992255449295044
id_randomized_heldout,A6_train_seed_0,40020,250,250,False,250,11,0,0.22024620860342167,17.25100809928113,55.06155215085542,-1.4210854715202004e-14,0.10031970130938009,0.1,4.351037101612399,8.26777828161724,8.448234735642458,0.8475071750969022,3.9749847526550295,3.9920706748962402
id_randomized_heldout,A6_train_seed_0,40021,250,250,False,250,0,0,0.0,0.0,0.0,1.2284906251555299,0.10027224644067118,0.1,4.497464767462774,5.913533006355107,8.653671527271625,0.8678979833647509,3.9749160051345824,3.9914345741271973
id_randomized_heldout,A6_train_seed_0,40022,250,250,False,250,105,123,5.25900592565559,23.615125900712314,1314.7514814138974,-3.552713678800501e-14,0.1,0.1,4.957805578959542,7.266575985513696,8.244973225574245,0.8244973225574247,3.9757511291503906,3.9923198223114014
id_randomized_heldout,A6_train_seed_0,40023,250,250,False,250,46,0,2.5551100664701534,25.335757521431972,638.7775166175384,-2.842170943040401e-14,0.1,0.1,3.9498803761758583,9.274548199312111,9.71013536483514,0.9710135364835142,3.9750467472076414,3.992656707763672
id_randomized_heldout,A6_train_seed_0,40024,250,250,False,250,0,0,0.0,0.0,0.0,4.1063416822809415,0.10003154722036146,0.1,5.405043876953483,6.295930912003381,10.820741095051162,1.0823646302171688,3.9747518692016603,3.991666316986084
id_randomized_heldout,A6_train_seed_0,40025,250,250,False,250,39,0,1.0183257636040393,21.003292802143065,254.58144090100984,-2.842170943040401e-14,0.10090571883970789,0.1,3.5891254730857285,8.306533788306117,9.865401150336584,0.9960587084000524,3.9748774518966674,3.9921398162841797
id_randomized_heldout,A6_train_seed_0,40026,250,250,False,250,21,0,0.5915081007372246,12.141927532488877,147.87702518430615,-2.1316282072803006e-14,0.1,0.1,4.9807019291437955,8.44042850825919,7.8727207642409525,0.7872720764240954,3.9749032220840452,3.991934299468994
id_randomized_heldout,A6_train_seed_0,40027,250,250,False,250,29,0,2.5310735623760277,26.09290632582662,632.7683905940069,-2.1316282072803006e-14,0.1,0.1,5.371309517355058,9.914156373065858,8.236593438334953,0.8236593438334956,3.9747284812927246,3.9924166202545166
id_randomized_heldout,A6_train_seed_0,40028,250,250,False,250,3,0,0.003638573223085854,0.40440512530027256,0.9096433057714635,0.0,0.1003197403591463,0.1,4.121156125056196,6.260616730288036,8.480876353436654,0.8514450715246912,3.9749889574050905,3.9919235706329346
id_randomized_heldout,A6_train_seed_0,40029,53,54,True,53,47,0,16.529090235108892,24.158406799117266,892.5708726958801,-31.84943203410716,0.09999999999999996,0.1,8.810490959890153,13.39687379146778,9.134740509239785,0.9134740509239785,3.9166775897697166,3.9919679164886475
id_randomized_heldout,A6_train_seed_0,40030,85,85,False,85,52,0,3.2310363252207797,21.84088158879099,274.63808764376626,-1.4210854715202004e-14,0.10086781578325045,0.1,3.572028917681003,9.444231201990888,7.783854996869132,0.7840428101036022,3.9444725878098432,3.9930734634399414
id_randomized_heldout,A6_train_seed_0,40031,250,250,False,250,25,0,0.7421388632855007,21.199957688361973,185.5347158213752,-1.4210854715202004e-14,0.10586111318043996,0.1,2.6613946359337355,9.051232167405933,8.899979776714684,0.9425858288642266,3.974790783882141,3.992488145828247
id_randomized_heldout,A6_train_seed_0,40032,250,250,False,250,0,0,0.0,0.0,0.0,4.697751419759811,0.10011626798800739,0.1,4.210757182694885,6.027913391708529,9.458829228340921,0.9469547976319252,3.975198056221008,3.991694211959839
id_randomized_heldout,A6_train_seed_0,40033,250,250,False,250,19,0,0.6933130420649902,12.699285510531713,173.32826051624755,-2.1316282072803006e-14,0.1030958423375628,0.1,3.913559201244115,7.635066605492851,8.619966326367424,0.8908125372031402,3.9749887218475344,3.992255210876465
id_randomized_heldout,A6_train_seed_0,40034,250,250,False,250,24,0,0.3494051725372624,9.244971480958736,87.3512931343156,-3.552713678800501e-14,0.1015095519636487,0.1,3.6385486577146566,6.482399843739143,9.685836274638092,0.9812735804119287,3.975016492843628,3.992124557495117
id_randomized_heldout,A6_train_seed_0,40035,250,250,False,250,15,0,0.023582253170013417,0.6432436943054185,5.895563292503354,0.0,0.10006542489827379,0.1,5.572184633281593,6.894434509298525,10.563373711503726,1.0569628605990593,3.9748123569488527,3.9917750358581543
id_randomized_heldout,A6_train_seed_0,40036,250,250,False,250,69,0,5.2483392048185324,24.220951928637113,1312.084801204633,-2.1316282072803006e-14,0.1,0.1,5.340363578535932,9.542651147438098,9.003811315761475,0.9003811315761475,3.9755370264053345,3.9923765659332275
id_randomized_heldout,A6_train_seed_0,40037,78,78,False,78,45,2,8.97900422755256,31.243894244184595,700.3623297490997,-1.7763568394002505e-14,0.09999999999999996,0.1,8.709929048484904,13.850659583523775,8.534090416068716,0.8534090416068718,3.9387877109723215,3.992133855819702
id_randomized_heldout,A6_train_seed_0,40038,250,250,False,250,28,0,0.07838196227211566,0.8996243961698597,19.595490568028914,-7.105427357601002e-15,0.1004443617275437,0.1,4.742236696064998,7.175529428911186,9.335539632193028,0.9378007151033431,3.975049036979675,3.9914793968200684
id_randomized_heldout,A6_train_seed_0,40039,250,250,False,250,19,0,0.12845803428971314,2.8483693598930757,32.114508572428285,-2.842170943040401e-14,0.10038403808144282,0.1,4.228637874995271,5.854557596154131,8.511696011366654,0.8551614371793819,3.9746457624435423,3.991447925567627
id_randomized_heldout,A6_train_seed_0,40040,44,44,False,44,5,0,0.41409548515876776,6.880825378990598,18.22020134698578,-2.1316282072803006e-14,0.09999999999999996,0.1,4.44323280646395,7.1029373025449365,7.015006346207802,0.7015006346207803,3.9006487781351264,3.9918036460876465
id_randomized_heldout,A6_train_seed_0,40041,250,250,False,250,250,0,22.359341867926496,22.988596981235855,5589.8354669816235,-2.842170943040401e-14,0.1,0.1,6.750959625823184,7.216127644710018,8.22447406214038,0.822447406214038,3.9763627834320068,3.9924283027648926
id_randomized_heldout,A6_train_seed_0,40042,250,250,False,250,30,169,1.4586914700873843,17.659950918171198,364.67286752184606,-2.842170943040401e-14,0.10083050691969936,0.1,4.08531763975968,8.321297990370544,8.975670523114234,0.9057468389678298,3.9754622898101806,3.9923818111419678
id_randomized_heldout,A6_train_seed_0,40043,250,250,False,250,14,0,0.3451487910298631,20.45592111986825,86.28719775746578,-2.842170943040401e-14,0.10157542240567474,0.1,3.3735950729017143,9.867284228039088,9.48095660158492,0.9649938110180792,3.974785655975342,3.991638660430908
id_randomized_heldout,A6_train_seed_0,40044,250,250,False,250,29,0,0.3359264828259206,20.05792447781536,83.98162070648014,-2.842170943040401e-14,0.10035084900149727,0.1,3.60686227839056,8.519153137783537,9.764793198449224,0.9800656130403701,3.9747687835693357,3.992396116256714
id_randomized_heldout,A6_train_seed_0,40045,250,250,False,250,27,0,0.5090025486238039,21.195655836135785,127.25063715595097,-2.842170943040401e-14,0.10069268780298313,0.1,3.5409481930612268,8.310750615109212,9.940854881728306,0.9997411924456815,3.9750428400039675,3.9924750328063965
id_randomized_heldout,A6_train_seed_0,40046,250,250,False,250,250,0,10.107699473911591,24.309956047535717,2526.9248684778977,-1.4210854715202004e-14,0.10050299795476997,0.1,3.8742905645663033,10.324938277389585,8.43127165014479,0.8475213205161501,3.9740890216827394,3.992743968963623
id_randomized_heldout,A6_train_seed_0,40047,250,250,False,250,39,0,1.4786398809117232,22.022357669785862,369.6599702279308,-1.4210854715202004e-14,0.10088956740703668,0.1,3.9317824293147337,9.400194671546922,9.966132834289514,1.0062384454970204,3.9749730110168455,3.992716073989868
id_randomized_heldout,A6_train_seed_0,40048,45,45,False,45,7,0,1.0149165438697678,9.77445161125678,45.67124447413955,-2.1316282072803006e-14,0.10216104715253044,0.1,4.1595423876060735,6.809517194390859,4.828310818968363,0.4882313454170944,3.903031990263197,3.9923341274261475
id_randomized_heldout,A6_train_seed_0,40049,250,250,False,250,56,155,1.6318829074233376,18.37697342523645,407.9707268558344,-3.552713678800501e-14,0.1,0.1,4.213345555966002,6.669679673386362,9.6406662007194,0.9640666200719399,3.9756074266433714,3.9922187328338623
id_randomized_heldout,A6_train_seed_0,40050,250,250,False,250,33,0,0.08447681340102875,1.404937701302956,21.119203350257187,-2.4868995751603507e-14,0.1,0.1,3.919763912377506,5.269059672753068,4.114402564852866,0.41144025648528665,3.9755962257385256,3.9922001361846924
id_randomized_heldout,A6_train_seed_0,40051,250,250,False,250,57,1,0.3070441136928091,2.9364104179240464,76.76102842320228,-1.4210854715202004e-14,0.10004005546781658,0.1,3.732909908505591,6.957317337681527,4.086939948823225,0.4089925633410763,3.9755456495285033,3.9923479557037354
id_randomized_heldout,A6_train_seed_0,40052,250,250,False,250,27,0,2.1760074850868625,25.376954344613154,544.0018712717156,-1.4210854715202004e-14,0.1,0.1,5.102617010135993,9.055309033689847,8.879200036978363,0.8879200036978364,3.975331705093384,3.992480993270874
id_randomized_heldout,A6_train_seed_0,40053,62,62,False,62,22,0,0.35377676195419194,2.646607464212696,21.9341592411599,-5.684341886080802e-14,0.09999999999999996,0.1,4.218290305172375,5.771874466464002,8.693215345212302,0.8693215345212304,3.9272945081034014,3.992117404937744
id_randomized_heldout,A6_train_seed_0,40054,250,250,False,250,248,0,5.768043728626596,21.222037608955777,1442.010932156649,-1.4210854715202004e-14,0.10179514617074346,0.1,3.2997999593909437,9.005659925414303,9.97710960201137,1.014283301668791,3.974649203300476,3.992022752761841
id_randomized_heldout,A6_train_seed_0,40055,250,250,False,250,19,0,0.9980163274345418,24.682443880488123,249.50408185863546,-2.1316282072803006e-14,0.10231142377570679,0.1,2.612164120684011,8.724893177248532,7.907910686969295,0.8092296620879451,3.9747845821380614,3.992476463317871
id_randomized_heldout,A6_train_seed_0,40056,250,250,False,250,0,0,0.0,0.0,0.0,7.580611906933136,0.1,0.1,4.6238243299248145,5.660628304471824,8.088496198587821,0.8088496198587822,3.974743901252747,3.991098165512085
id_randomized_heldout,A6_train_seed_0,40057,77,78,True,77,77,0,19.048259450481623,24.263424566075017,1485.7642371375666,-19.19078658988584,0.09999999999999996,0.1,7.943876195155294,13.687731106789048,9.001175988281505,0.9001175988281508,3.8785432011653214,3.9922609329223633
id_randomized_heldout,A6_train_seed_0,40058,250,250,False,250,236,0,0.48784878332199877,0.855938468999137,121.9621958304997,-2.842170943040401e-14,0.10010758810514005,0.1,4.4328063928086685,6.123237853142703,9.053713415782372,0.9064401592572164,3.975791277885437,3.9922244548797607
id_randomized_heldout,A6_train_seed_0,40059,250,250,False,250,0,0,0.0,0.0,0.0,5.589828457491215,0.1,0.1,3.8904045980126645,4.051299441297727,10.24631608276281,1.024631608276281,3.974976210594177,3.99111008644104
id_randomized_heldout,A6_train_seed_0,40060,54,54,False,54,0,0,0.0,0.0,0.0,5.080868374081071,0.10120874972257232,0.1,3.340265018106789,4.860883030481854,8.89492432762215,0.9020739128478501,3.9174177293424255,3.991729259490967
id_randomized_heldout,A6_train_seed_0,40061,250,250,False,250,20,0,0.454366981682174,20.27093828827163,113.5917454205435,-1.4210854715202004e-14,0.10022339267980045,0.1,3.4321002858818694,9.953496952296335,7.9368218284709,0.7959871654437782,3.974984058380127,3.9921669960021973
id_randomized_heldout,A6_train_seed_0,40062,250,250,False,250,24,0,1.9435095417405277,25.97089849393461,485.87738543513194,-2.1316282072803006e-14,0.1,0.1,4.976487125384116,9.297794565712806,8.67098291840398,0.8670982918403981,3.975360911369324,3.992591619491577
id_randomized_heldout,A6_train_seed_0,40063,250,250,False,250,0,0,0.0,0.0,0.0,6.313278573587127,0.1,0.1,3.925482013808436,6.068465663707716,10.821069978287003,1.0821069978287006,3.974843822479248,3.9911139011383057
id_randomized_heldout,A6_train_seed_0,40064,40,40,False,40,4,0,0.03456196175170149,0.4480822481674482,1.3824784700680595,-7.105427357601002e-15,0.1120927669817166,0.1,3.9622024771803694,5.46683876433576,7.185364009291346,0.772533828831152,3.8918034970760345,3.9921367168426514
id_randomized_heldout,A6_train_seed_0,40065,250,250,False,250,81,11,5.699634830709467,22.14058084488377,1424.9087076773667,-1.4210854715202004e-14,0.1,0.1,6.04537693676427,11.64977863028895,9.671784085919372,0.9671784085919372,3.9753945331573486,3.9918344020843506
id_randomized_heldout,A6_train_seed_0,40066,250,250,False,250,28,0,1.6123812650135005,25.232053683381938,403.09531625337513,-2.1316282072803006e-14,0.13423120922169637,0.1,2.3056503995201054,9.226303113247646,8.295594995914035,1.099639718150039,3.9749389877319334,3.9926366806030273
id_randomized_heldout,A6_train_seed_0,40067,250,250,False,250,11,0,0.048011551173716284,1.5981069452224794,12.002887793429071,-2.842170943040401e-14,0.104887485329706,0.1,3.3550648552236804,6.632861580478418,9.316883811800476,0.9763157577274885,3.974954242706299,3.9920530319213867
id_randomized_heldout,A6_train_seed_0,40068,250,250,False,250,1,0,0.0024934228897094783,0.6233557224273696,0.6233557224273696,0.0,0.10041547138942947,0.1,5.360998591858508,6.7784896034710815,9.840536880594819,0.988547229324556,3.9749508180618287,3.9917256832122803
id_randomized_heldout,A6_train_seed_0,40069,250,250,False,250,42,0,1.7833336880886563,20.23429400813148,445.8334220221641,-5.684341886080802e-14,0.10135831120551811,0.1,3.0491002426557574,9.993367021242328,9.857294744121194,0.9997299168660302,3.974822334289551,3.992248058319092
id_randomized_heldout,A6_train_seed_0,40070,250,250,False,250,0,0,0.0,0.0,0.0,1.778146904564565,0.1,0.1,5.218307661075966,6.28280320847766,10.725266855445142,1.0725266855445144,3.97469930267334,3.991715431213379
id_randomized_heldout,A6_train_seed_0,40071,250,250,False,250,31,0,0.32653147949973643,5.76269797695533,81.6328698749341,-2.842170943040401e-14,0.1009509725656215,0.1,4.498849217704408,6.972946765785783,8.8617005717437,0.8963673416608817,3.9745361766815184,3.991523504257202
id_randomized_heldout,A6_train_seed_0,40072,250,250,False,250,4,0,0.005034373722914903,0.46136275426336687,1.2585934307287259,-1.4210854715202004e-14,0.1,0.1,5.161364020872427,5.952161692997152,10.164778471121856,1.0164778471121856,3.9747828645706176,3.992147207260132
id_randomized_heldout,A6_train_seed_0,40073,250,250,False,250,40,0,1.8982390055831944,21.111020211084995,474.55975139579857,-2.1316282072803006e-14,0.1,0.1,3.963369889870095,8.022573965889457,8.896156652556847,0.8896156652556846,3.975441053390503,3.99226450920105
id_randomized_heldout,A6_train_seed_0,40074,250,250,False,250,26,26,0.6512987040442507,14.247984144157027,162.82467601106268,-1.4210854715202004e-14,0.10001196870729251,0.1,4.149054121874029,7.7118898723449405,10.0580393634456,1.0058708689058298,3.975521258354187,3.991999387741089
id_randomized_heldout,A6_train_seed_0,40075,250,250,False,250,66,0,3.4910629771566426,24.120900504885253,872.7657442891607,-2.1316282072803006e-14,0.1007055262379873,0.1,4.920082698871291,9.143407721211771,8.596617789756525,0.8655165890102774,3.975055149078369,3.9923527240753174
id_randomized_heldout,A6_train_seed_0,40076,250,250,False,250,14,0,0.5533668157273555,13.699806286566968,138.34170393183888,-2.1316282072803006e-14,0.10172394958743368,0.1,3.146657591578408,7.38483794374133,8.614294215175448,0.8779653036353092,3.9750419340133667,3.9923722743988037
id_randomized_heldout,A6_train_seed_0,40077,250,250,False,250,16,0,0.022721638741636865,0.8759350257674718,5.6804096854092165,-1.4210854715202004e-14,0.10001874615303706,0.1,4.9209450210765935,6.420545940507769,7.31666170582991,0.7318738035832472,3.9755636806488037,3.992147922515869
id_randomized_heldout,A6_train_seed_0,40078,68,68,False,68,44,0,3.3611966836697467,21.05767928367015,228.56137448954277,-1.4210854715202004e-14,0.10092010098391332,0.1,3.812675505450459,8.574616294367887,8.056499935584371,0.8114234708816905,3.932709641316358,3.99257755279541
id_randomized_heldout,A6_train_seed_0,40079,250,250,False,250,30,25,1.6114023028704183,20.351638229341354,402.85057571760456,-2.1316282072803006e-14,0.1,0.1,4.012892306386063,8.189002630032844,9.331976287956815,0.9331976287956816,3.975467861175537,3.9921858310699463
id_randomized_heldout,A6_train_seed_0,40080,46,46,False,46,12,0,4.121810264942376,23.958330132222144,189.60327218734926,-1.4210854715202004e-14,0.09999999999999995,0.1,4.825361871871974,8.251600414860667,6.294393650755246,0.6294393650755244,3.904736259709234,3.9926540851593018
id_randomized_heldout,A6_train_seed_0,40081,250,250,False,250,81,0,4.052188884206331,22.978237615350377,1013.0472210515829,-2.842170943040401e-14,0.1,0.1,6.076157882243215,11.512252920046032,8.69659290135017,0.8696592901350171,3.975241368293762,3.991764545440674
id_randomized_heldout,A6_train_seed_0,40082,78,79,True,78,65,0,14.570345531469506,24.786793356916974,1151.057296986091,-17.069581932605892,0.09999999999999996,0.1,8.602439925376908,13.1075051432164,9.321063913015173,0.9321063913015173,3.7116177248049387,3.992504596710205
id_randomized_heldout,A6_train_seed_0,40083,250,250,False,250,44,12,3.0129692481529617,28.086112855008157,753.2423120382405,-2.1316282072803006e-14,0.1,0.1,5.924340820086598,9.122748949915675,9.75846714331434,0.9758467143314341,3.975543055534363,3.9925858974456787
id_randomized_heldout,A6_train_seed_0,40084,250,250,False,250,39,0,3.0646692950730867,22.8990233015868,766.1673237682717,-2.842170943040401e-14,0.1,0.1,4.826374282205168,8.609127147786714,8.953636262369525,0.8953636262369526,3.9750288009643553,3.9917759895324707
id_randomized_heldout,A6_train_seed_0,40085,250,250,False,250,59,0,0.4866400698193207,11.56609060841169,121.66001745483017,-4.263256414560601e-14,0.10038692793994185,0.1,4.7268033182576925,6.969646191271232,10.312329871480149,1.0329200367239484,3.9748380584716796,3.992619276046753
id_randomized_heldout,A6_train_seed_0,40086,250,250,False,250,5,0,0.0008362082130597492,0.0893003647144202,0.20905205326493728,-1.4210854715202004e-14,0.1,0.1,4.872782990087641,5.165402383240054,9.77691103561099,0.977691103561099,3.974785583496094,3.9917821884155273
id_randomized_heldout,A6_train_seed_0,40087,250,250,False,250,36,0,2.1595913376606877,26.299447741979858,539.8978344151719,-1.0658141036401503e-14,0.1,0.1,3.8493960893221963,9.383895612083437,10.038374801974383,1.0038374801974383,3.9751330432891847,3.9925949573516846
id_randomized_heldout,A6_train_seed_0,40088,45,45,False,45,10,0,0.1125743805526662,1.0735228822308773,5.065847124869979,-1.4210854715202004e-14,0.09999999999999996,0.1,3.82149612605199,5.644110868943905,8.129305701472893,0.8129305701472892,3.9029098563724096,3.99208664894104
id_randomized_heldout,A6_train_seed_0,40089,250,250,False,250,24,0,0.9508144030672239,14.18951230890171,237.70360076680598,-1.4210854715202004e-14,0.10000917401736964,0.1,3.8635705251886674,7.421564412389614,8.877255727479637,0.8878031248276604,3.9753894119262694,3.9922678470611572
id_randomized_heldout,A6_train_seed_0,40090,67,67,False,67,34,0,2.8467464189242424,22.010291347499628,190.73201006792425,-2.842170943040401e-14,0.10473931853108247,0.1,3.499646979506787,8.832718578756383,6.680908984737606,0.7038338186057735,3.932055686836812,3.992851734161377
id_randomized_heldout,A6_train_seed_0,40091,250,250,False,250,29,0,0.8109076156918641,21.493331896104166,202.72690392296602,-2.842170943040401e-14,0.1002569554608863,0.1,3.65066689741211,9.790900522942916,9.157799898061505,0.9178449288281603,3.9749948139190674,3.9926085472106934
id_randomized_heldout,A6_train_seed_0,40092,250,250,False,250,0,0,0.0,0.0,0.0,8.476639530776506,0.10047821731743747,0.1,4.2383871401978785,6.075749430031662,7.594861252849787,0.7631220649642118,3.9748294763565064,3.9911069869995117
id_randomized_heldout,A6_train_seed_0,40093,250,250,False,250,29,0,0.4995386728706616,17.841337948914415,124.8846682176654,-4.263256414560601e-14,0.1,0.1,3.7884957132075208,8.304955693224034,9.905454935531525,0.9905454935531525,3.974780542373657,3.9919419288635254
id_randomized_heldout,A6_train_seed_0,40094,250,250,False,250,65,0,0.3533591940928318,3.712215343324091,88.33979852320795,-2.842170943040401e-14,0.1,0.1,3.856205503094653,6.14874065189999,10.058776730831498,1.0058776730831498,3.9751758060455322,3.9920356273651123
id_randomized_heldout,A6_train_seed_0,40095,250,250,False,250,29,0,0.4251525367496421,9.934603884378653,106.28813418741052,-1.4210854715202004e-14,0.10041490830812756,0.1,4.929659428262104,6.860060946911851,10.459262333736111,1.0495006545933998,3.9745837116241454,3.991602897644043
id_randomized_heldout,A6_train_seed_0,40096,250,250,False,250,24,0,0.0803055058522813,6.785521905908098,20.076376463070325,-2.842170943040401e-14,0.10062555394896323,0.1,4.890204562979349,6.067444215457263,8.91150630946368,0.8976923807404987,3.974872687339783,3.9918935298919678
id_randomized_heldout,A6_train_seed_0,40097,62,62,False,62,27,0,7.715346078966652,29.09798264403672,478.3514568959324,-1.4210854715202004e-14,0.09999999999999996,0.1,8.55862516428077,11.996588871078691,7.805161951411596,0.7805161951411596,3.925775431817578,3.9920833110809326
id_randomized_heldout,A6_train_seed_0,40098,94,94,False,94,61,0,2.6804904593238583,21.038941196779856,251.9661031764427,-1.4210854715202004e-14,0.10239491737531453,0.1,3.7717020833414434,9.373354526741528,7.832339988814911,0.7994469894439521,3.948725586241864,3.992203950881958
id_randomized_heldout,A6_train_seed_0,40099,250,250,False,250,41,0,3.3246961626403024,26.459497419041746,831.1740406600757,-2.842170943040401e-14,0.1,0.1,5.647347673520822,9.232220997633872,8.909444801999344,0.8909444801999346,3.9753119945526123,3.992658853530884
id_randomized_heldout,A6_train_seed_1,40000,250,250,False,250,34,0,0.7010442509182815,10.783899250856258,175.26106272957037,-2.1316282072803006e-14,0.1,0.1,4.964541732306833,11.096085694652785,9.345992096992646,0.9345992096992648,3.9719769706726074,3.9889440536499023
id_randomized_heldout,A6_train_seed_1,40001,250,250,False,250,35,0,1.524911261308392,22.83070334557609,381.22781532709797,-2.842170943040401e-14,0.1,0.1,5.931375255966936,13.09852795375037,8.44095999495475,0.8440959994954749,3.9716387481689455,3.98852801322937
id_randomized_heldout,A6_train_seed_1,40002,250,250,False,250,60,0,0.9564078072833206,21.406267703634132,239.10195182083015,-2.842170943040401e-14,0.1,0.1,4.049508905151118,9.604129882720324,8.93562082132778,0.893562082132778,3.971923722267151,3.9890897274017334
id_randomized_heldout,A6_train_seed_1,40003,250,250,False,250,38,0,1.0571929867232812,21.631823175492688,264.2982466808203,-2.1316282072803006e-14,0.1003285280239847,0.1,4.08818041837385,9.485321649059465,8.867161767542392,0.8897567498558012,3.9720132331848146,3.989326238632202
id_randomized_heldout,A6_train_seed_1,40004,250,250,False,250,19,0,1.6214983597690058,26.913375118804154,405.3745899422515,-1.0658141036401503e-14,0.1,0.1,6.5548611465119775,14.000599173941453,7.290586553236009,0.729058655323601,3.969852524757385,3.9887542724609375
id_randomized_heldout,A6_train_seed_1,40005,250,250,False,250,38,0,2.885630033932919,25.114877313830302,721.4075084832298,-1.4210854715202004e-14,0.1,0.1,8.133053268147627,14.237715821576382,9.251568097631298,0.9251568097631299,3.97177428150177,3.9885592460632324
id_randomized_heldout,A6_train_seed_1,40006,250,250,False,250,25,0,2.100363753690196,24.673771485633957,525.0909384225489,-1.4210854715202004e-14,0.1,0.1,7.25950089464973,14.75164442928571,5.474178843510261,0.547417884351026,3.97021325302124,3.988302230834961
id_randomized_heldout,A6_train_seed_1,40007,250,250,False,250,27,0,1.8620646454519074,25.073309940503407,465.51616136297685,-2.1316282072803006e-14,0.1,0.1,5.4512111559067264,13.40697823491818,8.124954073631887,0.8124954073631888,3.9715582513809204,3.988574743270874
id_randomized_heldout,A6_train_seed_1,40008,250,250,False,250,21,0,0.1897800994481295,5.59726291678603,47.445024862032376,-2.1316282072803006e-14,0.1,0.1,3.649241783665228,8.387599389660712,4.771002726901469,0.47710027269014693,3.9719822397232054,3.988626718521118
id_randomized_heldout,A6_train_seed_1,40009,250,250,False,250,15,0,0.24918159628006478,8.721512356377021,62.295399070016195,-2.842170943040401e-14,0.1,0.1,3.708089124808675,9.711534557945933,5.1263695724749185,0.5126369572474918,3.9718986415863036,3.9885332584381104
id_randomized_heldout,A6_train_seed_1,40010,250,250,False,250,69,0,0.4208681804303761,2.599346390873691,105.21704510759403,-1.4210854715202004e-14,0.1,0.1,5.121746302151747,11.397689494870196,9.797742476539836,0.9797742476539838,3.9721176500320436,3.9890220165252686
id_randomized_heldout,A6_train_seed_1,40011,44,44,False,44,12,0,2.3514672153778595,18.431920764955805,103.46455747662581,-7.105427357601002e-15,0.09999999999999996,0.1,5.988918665329319,12.916114154819118,7.409009770002364,0.7409009770002364,3.8975477652116255,3.9884862899780273
id_randomized_heldout,A6_train_seed_1,40012,250,250,False,250,26,0,2.223334681821401,26.984998061748048,555.8336704553502,-1.4210854715202004e-14,0.1,0.1,6.8658824260563724,13.970347807545544,9.83579690679523,0.9835796906795231,3.971220206260681,3.988678216934204
id_randomized_heldout,A6_train_seed_1,40013,250,250,False,250,40,0,0.9071654157005649,21.063607359796666,226.7913539251412,-5.684341886080802e-14,0.10016830277316319,0.1,4.160824217702082,10.51131203871411,9.466648965612006,0.9478181662974972,3.971922821998596,3.9889156818389893
id_randomized_heldout,A6_train_seed_1,40014,250,250,False,250,37,0,0.2177908406172543,2.3461376104566165,54.44771015431357,-3.552713678800501e-14,0.1,0.1,3.957166259221688,8.34104815317211,6.505442575104165,0.6505442575104166,3.9720488138198853,3.988579273223877
id_randomized_heldout,A6_train_seed_1,40015,250,250,False,250,72,115,2.073278020642858,20.52130829203623,518.3195051607145,-2.842170943040401e-14,0.1,0.1,6.886106531686326,13.268271647581187,8.39033517264736,0.8390335172647361,3.971870328903198,3.988431453704834
id_randomized_heldout,A6_train_seed_1,40016,96,96,False,96,55,0,0.8536230727347341,1.8447694461743898,81.94781498253448,-2.842170943040401e-14,0.10108192672736259,0.1,3.6686798112919305,5.674263271544423,7.859312301733898,0.7940414840476198,3.9467566361029944,3.9884612560272217
id_randomized_heldout,A6_train_seed_1,40017,250,250,False,250,16,2,0.6931670932336605,16.87649564481252,173.29177330841515,-1.4210854715202004e-14,0.1,0.1,3.623926230614552,12.720139175823112,5.397882766915258,0.5397882766915258,3.9716768980026247,3.988805055618286
id_randomized_heldout,A6_train_seed_1,40018,250,250,False,250,25,0,1.9834841229894442,26.015393895197125,495.87103074736103,-1.4210854715202004e-14,0.1,0.1,5.463803678621753,12.226614251880811,9.864499441518317,0.986449944151832,3.9711978464126587,3.9885897636413574
id_randomized_heldout,A6_train_seed_1,40019,38,38,False,38,14,0,0.1496648957192196,1.0444703271598765,5.687266037330344,-1.4210854715202004e-14,0.10286047967379626,0.1,5.593128662960408,9.45636858496883,7.211823608001333,0.7384116723504519,3.8834956319708573,3.988917350769043
id_randomized_heldout,A6_train_seed_1,40020,250,250,False,250,9,0,0.22615233904352475,17.400936989820803,56.53808476088118,-1.4210854715202004e-14,0.10042949544365024,0.1,3.124698965089877,8.649307124917863,10.658807212749656,1.0704275883616814,3.972013367652893,3.989027738571167
id_randomized_heldout,A6_train_seed_1,40021,250,250,False,250,0,0,0.0,0.0,0.0,1.2360178335336514,0.1,0.1,6.17519317663192,9.750822998997519,8.036001821797388,0.8036001821797388,3.9719000101089477,3.9883439540863037
id_randomized_heldout,A6_train_seed_1,40022,250,250,False,250,105,123,5.299423584647571,23.52912798096982,1324.8558961618928,-2.842170943040401e-14,0.1,0.1,7.5132070556302955,13.554070896675722,8.583538217891812,0.8583538217891814,3.972075219154358,3.9884915351867676
id_randomized_heldout,A6_train_seed_1,40023,250,250,False,250,40,0,2.433533437984327,24.380843672850343,608.3833594960818,-2.842170943040401e-14,0.1,0.1,4.76766490565375,10.293065099418719,8.628707400114374,0.8628707400114373,3.969784725189209,3.988581418991089
id_randomized_heldout,A6_train_seed_1,40024,250,250,False,250,0,0,0.0,0.0,0.0,3.362704956163917,0.1,0.1,4.14046886456436,8.046688604086322,7.490175416462125,0.7490175416462125,3.9720537538528444,3.9885752201080322
id_randomized_heldout,A6_train_seed_1,40025,250,250,False,250,39,0,1.034477766331232,21.52634095177241,258.61944158280795,-2.842170943040401e-14,0.1,0.1,4.799652009702817,12.059102105484007,9.956240926760655,0.9956240926760653,3.9719270124435426,3.9890599250793457
id_randomized_heldout,A6_train_seed_1,40026,250,250,False,250,18,0,0.5761760985143211,12.140740936258425,144.04402462858027,-2.1316282072803006e-14,0.1,0.1,6.597990820938695,11.923689596310355,7.307938770784355,0.7307938770784356,3.971851463317871,3.988574981689453
id_randomized_heldout,A6_train_seed_1,40027,250,250,False,250,31,0,2.606515389807721,26.365968732212078,651.6288474519303,-2.1316282072803006e-14,0.1,0.1,7.074618374542097,14.612291869546873,9.520270719654865,0.9520270719654869,3.9705078687667847,3.9886209964752197
id_randomized_heldout,A6_train_seed_1,40028,250,250,False,250,5,0,0.007772091763291224,0.6317314147949205,1.943022940822806,-2.1316282072803006e-14,0.1,0.1,3.3240226686196555,11.819834446088503,9.711111819881149,0.971111181988115,3.9721168432235716,3.9888265132904053
id_randomized_heldout,A6_train_seed_1,40029,53,54,True,53,47,0,16.936285171353333,24.892169195811626,914.5593992530801,-31.69678485980517,0.09999999999999996,0.1,13.905043170343966,17.87199037535941,9.891005537500135,0.9891005537500139,3.91402006149292,3.9884185791015625
id_randomized_heldout,A6_train_seed_1,40030,250,250,False,250,54,1,1.1591549250777773,22.333739585886242,289.7887312694443,-1.4210854715202004e-14,0.10034793184745774,0.1,2.9835146161156856,9.65887158871031,7.089208976716504,0.7121523213754422,3.9720664548873903,3.989283323287964
id_randomized_heldout,A6_train_seed_1,40031,250,250,False,250,26,0,0.797690140044293,22.05277834987261,199.42253501107325,-1.4210854715202004e-14,0.1028778399487577,0.1,3.5156089297237654,10.824985201182225,5.6096932100745684,0.5801442147296195,3.9720580940246584,3.989354133605957
id_randomized_heldout,A6_train_seed_1,40032,250,250,False,250,0,0,0.0,0.0,0.0,4.592121880270064,0.1,0.1,4.959069561387899,8.822591834748527,7.764867029735493,0.7764867029735493,3.9719539585113526,3.9884564876556396
id_randomized_heldout,A6_train_seed_1,40033,250,250,False,250,19,0,0.6928267262823234,12.722134672771842,173.20668157058086,-2.1316282072803006e-14,0.1,0.1,3.817893964663719,11.166801970354046,6.395719542015273,0.6395719542015273,3.9718569498062135,3.9885449409484863
id_randomized_heldout,A6_train_seed_1,40034,250,250,False,250,24,0,0.33218137715632795,8.770998895700032,83.04534428908198,-2.1316282072803006e-14,0.1,0.1,3.740324188811211,8.59846759236704,6.116251530857856,0.6116251530857857,3.9719091119766237,3.988538980484009
id_randomized_heldout,A6_train_seed_1,40035,250,250,False,250,16,0,0.03525727959275244,0.7395587444305392,8.81431989818811,0.0,0.10023735973810773,0.1,3.605309406914511,11.237375000332069,7.950805737228077,0.7972833800379012,3.97203385925293,3.9885952472686768
id_randomized_heldout,A6_train_seed_1,40036,250,250,False,250,63,0,5.253692598255177,24.364476657182006,1313.4231495637941,-2.1316282072803006e-14,0.1,0.1,7.42168191867247,12.07246156270359,8.844492725851097,0.8844492725851099,3.971820293426514,3.988521099090576
id_randomized_heldout,A6_train_seed_1,40037,79,79,False,79,46,2,8.996041263895785,31.951839092117638,710.687259847767,-2.1316282072803006e-14,0.09999999999999996,0.1,10.656713245706044,14.500228324373124,9.75172236258072,0.9751722362580724,3.347594707827025,3.9888458251953125
id_randomized_heldout,A6_train_seed_1,40038,250,250,False,250,24,0,0.04763880808734344,0.7540008544921903,11.90970202183586,-1.4210854715202004e-14,0.1,0.1,4.261977473127957,12.220366828132995,7.052610485307782,0.7052610485307783,3.9719205493927,3.9885365962982178
id_randomized_heldout,A6_train_seed_1,40039,250,250,False,250,10,0,0.030780673071656453,0.7996439456939726,7.695168267914113,0.0,0.1,0.1,5.282554380596015,9.493056012072582,10.481021787573649,1.048102178757365,3.971933741569519,3.9887168407440186
id_randomized_heldout,A6_train_seed_1,40040,43,43,False,43,5,0,0.4323537320103092,6.921747693897533,18.591210476443294,-2.1316282072803006e-14,0.09999999999999998,0.1,5.744346757238994,10.700193680071154,7.3757481538485115,0.7375748153848509,3.8953287989594214,3.988281726837158
id_randomized_heldout,A6_train_seed_1,40041,250,250,False,250,250,0,22.273224722451268,23.14700699889627,5568.306180612817,-2.842170943040401e-14,0.1,0.1,10.524193107848918,13.856206364434613,8.975414481973369,0.8975414481973368,3.972294080734253,3.988391637802124
id_randomized_heldout,A6_train_seed_1,40042,250,250,False,250,29,169,1.4449134190735964,17.423764322162,361.2283547683991,-2.842170943040401e-14,0.1,0.1,6.306272683774129,11.063352544722742,9.307315033766354,0.9307315033766353,3.9717783460617064,3.9886131286621094
id_randomized_heldout,A6_train_seed_1,40043,250,250,False,250,9,0,0.3587535464262465,21.139812047128398,89.68838660656164,-2.842170943040401e-14,0.10009249472093179,0.1,4.687776192983734,8.444398140070488,9.22138219217016,0.9228135093499678,3.971981092453003,3.988852024078369
id_randomized_heldout,A6_train_seed_1,40044,250,250,False,250,30,0,0.35072201773375866,20.03010191672047,87.68050443343967,-2.842170943040401e-14,0.1004677968824648,0.1,3.868323148094819,7.85524796174713,9.646738904818003,0.9698551470582321,3.9721070413589477,3.989140748977661
id_randomized_heldout,A6_train_seed_1,40045,250,250,False,250,29,0,0.5666564555824235,22.08566492146548,141.66411389560588,-1.4210854715202004e-14,0.10061329551029359,0.1,3.276231574065856,9.458666642903058,10.221046279508942,1.0283568992420669,3.972048204421997,3.989107131958008
id_randomized_heldout,A6_train_seed_1,40046,250,250,False,250,249,0,10.279487658310819,23.72395855280127,2569.8719145777045,-1.4210854715202004e-14,0.1,0.1,6.882444702966637,15.043706032343252,8.361605628088698,0.8361605628088699,3.9714945363998413,3.9889681339263916
id_randomized_heldout,A6_train_seed_1,40047,250,250,False,250,41,0,1.5492883429696112,23.294499798079446,387.3220857424028,-1.4210854715202004e-14,0.1001250593961137,0.1,4.184075124459874,10.964074510876207,9.981107171716756,0.9991023395255816,3.9719717235565186,3.989389657974243
id_randomized_heldout,A6_train_seed_1,40048,39,39,False,39,8,0,1.1398200151623123,9.419797109480763,44.45298059133018,-2.1316282072803006e-14,0.10000000000000002,0.1,4.826041648676161,9.508733378651902,5.60992909248585,0.560992909248585,3.8860581654768724,3.9886584281921387
id_randomized_heldout,A6_train_seed_1,40049,250,250,False,250,57,156,1.6952763340284727,18.66759627000353,423.8190835071182,-2.1316282072803006e-14,0.1,0.1,6.581192033934214,12.44175435667731,9.202762497156689,0.920276249715669,3.9718230352401735,3.9884815216064453
id_randomized_heldout,A6_train_seed_1,40050,250,250,False,250,32,0,0.08142484563461236,1.6954012482848488,20.35621140865309,-2.842170943040401e-14,0.10009003732403267,0.1,4.020544435538909,6.578310223122056,8.677468489721756,0.8686887211190545,3.9721655025482177,3.9886817932128906
id_randomized_heldout,A6_train_seed_1,40051,250,250,False,250,59,1,0.30391488040109643,2.8706503128289484,75.9787201002741,-2.1316282072803006e-14,0.1,0.1,4.714236577657141,11.187795613367449,8.53462039080224,0.8534620390802241,3.9721884651184083,3.9890215396881104
id_randomized_heldout,A6_train_seed_1,40052,250,250,False,250,27,0,2.252570209617876,26.089986520997964,563.142552404469,-1.4210854715202004e-14,0.1,0.1,7.0262935888884295,13.869354616807485,9.449977961920863,0.9449977961920863,3.971714729309082,3.9886832237243652
id_randomized_heldout,A6_train_seed_1,40053,64,64,False,64,22,0,0.29135245426025475,2.6684161124749486,18.646557072656304,-2.1316282072803006e-14,0.09999999999999999,0.1,4.171980468497853,8.116225564488264,7.001917537351156,0.7001917537351157,3.925931617617607,3.988469123840332
id_randomized_heldout,A6_train_seed_1,40054,250,250,False,250,248,0,5.6716505841725935,20.59689276144689,1417.9126460431485,-1.4210854715202004e-14,0.1,0.1,4.974807872351192,8.303596777957537,8.637677894990574,0.8637677894990575,3.971801272392273,3.9888322353363037
id_randomized_heldout,A6_train_seed_1,40055,250,250,False,250,15,0,0.9941494776303605,24.74698060086234,248.53736940759015,-2.1316282072803006e-14,0.1,0.1,3.885039221437465,14.315844638189603,8.197400907503408,0.819740090750341,3.9711411151885985,3.988692283630371
id_randomized_heldout,A6_train_seed_1,40056,250,250,False,250,0,0,0.0,0.0,0.0,7.535918401255913,0.1,0.1,6.174876808824074,7.7593292291834866,8.76504687251586,0.876504687251586,3.971807155609131,3.988088369369507
id_randomized_heldout,A6_train_seed_1,40057,77,78,True,77,77,0,19.24214036286257,24.667290321032677,1500.8869483032806,-17.118364244861038,0.09999999999999996,0.1,12.434847537260538,17.00495814270366,10.16179403939343,1.016179403939343,3.897497887794788,3.988457679748535
id_randomized_heldout,A6_train_seed_1,40058,250,250,False,250,244,0,0.9399201095542697,1.4740935947499516,234.98002738856744,-2.842170943040401e-14,0.1,0.1,4.621993754310399,10.81638940640667,10.302908463093557,1.030290846309356,3.97205432510376,3.988867998123169
id_randomized_heldout,A6_train_seed_1,40059,250,250,False,250,0,0,0.0,0.0,0.0,4.993805162317386,0.1,0.1,7.053610684235016,7.372661142571266,8.484639106698557,0.8484639106698557,3.9720240182876587,3.9880754947662354
id_randomized_heldout,A6_train_seed_1,40060,74,74,False,74,0,0,0.0,0.0,0.0,1.261175792838607,0.10045688823429999,0.1,3.7880165195603066,6.653563073882565,7.932807527364278,0.7971192412125966,3.934217894399488,3.988454580307007
id_randomized_heldout,A6_train_seed_1,40061,250,250,False,250,19,0,0.49261677701388196,21.665866209583218,123.1541942534705,-1.4210854715202004e-14,0.1011846031559279,0.1,3.0633536117646134,8.149379804331483,7.799709884382589,0.790662961873725,3.972111771583557,3.989135503768921
id_randomized_heldout,A6_train_seed_1,40062,250,250,False,250,24,0,1.923829130654824,25.49809655373507,480.957282663706,-2.1316282072803006e-14,0.1,0.1,5.55773854852122,11.533599567146267,7.79167661400314,0.779167661400314,3.9718320779800416,3.9887404441833496
id_randomized_heldout,A6_train_seed_1,40063,250,250,False,250,0,0,0.0,0.0,0.0,6.338083408248863,0.10000140672026288,0.1,6.436579754242717,8.218181456716033,9.172491052804144,0.9172637081889714,3.971953422546387,3.988185167312622
id_randomized_heldout,A6_train_seed_1,40064,36,36,False,36,3,0,0.01605395920655643,0.3096944824746975,0.5779425314360315,-1.4210854715202004e-14,0.10000000000000002,0.1,5.194851018756722,8.166180196971142,6.299848429114319,0.629984842911432,3.8774886859787836,3.9885730743408203
id_randomized_heldout,A6_train_seed_1,40065,250,250,False,250,90,14,5.718646505568991,22.00751460939088,1429.6616263922476,-1.4210854715202004e-14,0.1,0.1,7.199884305018905,10.3406633402861,9.611895822512935,0.9611895822512936,3.9718326940536497,3.9884679317474365
id_randomized_heldout,A6_train_seed_1,40066,250,250,False,250,28,0,1.6155120389902875,25.27026673091212,403.87800974757187,-2.1316282072803006e-14,0.1,0.1,4.099246754840539,11.842484295241166,9.340191479625915,0.9340191479625917,3.971323292732239,3.988665819168091
id_randomized_heldout,A6_train_seed_1,40067,250,250,False,250,10,0,0.026959873854473786,1.170688052233403,6.739968463618446,-2.842170943040401e-14,0.1,0.1,3.8400983890671565,9.287400636567384,5.673636496150809,0.5673636496150809,3.9718402585983275,3.9885287284851074
id_randomized_heldout,A6_train_seed_1,40068,250,250,False,250,1,0,0.0029756109237670785,0.7439027309417696,0.7439027309417696,0.0,0.1,0.1,4.370251123653019,10.650014690835416,8.14098927707857,0.8140989277078569,3.9720496530532836,3.988596200942993
id_randomized_heldout,A6_train_seed_1,40069,250,250,False,250,53,0,1.8340531350366291,20.58641575232554,458.5132837591573,-2.842170943040401e-14,0.1,0.1,4.63186270887333,12.689684533207371,8.846628995553754,0.8846628995553754,3.9719334897994996,3.989119529724121
id_randomized_heldout,A6_train_seed_1,40070,250,250,False,250,0,0,0.0,0.0,0.0,0.6374454043741054,0.1,0.1,7.495313121624174,8.942808114910823,10.816647123707218,1.081664712370722,3.971928771018982,3.9884183406829834
id_randomized_heldout,A6_train_seed_1,40071,250,250,False,250,29,0,0.16439014411588784,2.875345809311078,41.09753602897196,-1.4210854715202004e-14,0.1,0.1,5.817172857194308,10.332017565587769,10.666763474073822,1.0666763474073824,3.971963813781738,3.9886820316314697
id_randomized_heldout,A6_train_seed_1,40072,250,250,False,250,4,0,0.0074891380143480395,0.7137484864709377,1.87228450358701,-1.4210854715202004e-14,0.1,0.1,6.763452331668603,8.72995088739979,10.642317217623898,1.06423172176239,3.971984670639038,3.9886550903320312
id_randomized_heldout,A6_train_seed_1,40073,250,250,False,250,40,0,1.889113578168578,21.030425582089734,472.2783945421445,-2.1316282072803006e-14,0.1,0.1,6.209386011393717,13.137362629428464,8.873909888082956,0.8873909888082958,3.971760492324829,3.988431453704834
id_randomized_heldout,A6_train_seed_1,40074,250,250,False,250,26,30,0.6659455292235725,14.485991465076612,166.48638230589313,-1.4210854715202004e-14,0.1,0.1,5.717902173247569,12.48354917716256,8.235636222464858,0.823563622246486,3.9718810291290283,3.988588333129883
id_randomized_heldout,A6_train_seed_1,40075,250,250,False,250,67,0,3.4476246544562357,24.302807632406687,861.9061636140589,-2.1316282072803006e-14,0.1,0.1,6.1944231356684405,14.723179039513912,8.16424595639783,0.816424595639783,3.9713083305358885,3.988403081893921
id_randomized_heldout,A6_train_seed_1,40076,250,250,False,250,14,0,0.5555919589774743,13.732250644098999,138.89798974436857,-2.1316282072803006e-14,0.1,0.1,3.965452106841226,11.142541929161105,7.311346459210105,0.7311346459210105,3.9718048858642576,3.988666296005249
id_randomized_heldout,A6_train_seed_1,40077,250,250,False,250,18,0,0.02946118012536195,1.061159356977399,7.365295031340487,-2.1316282072803006e-14,0.10010193373807139,0.1,4.223060011883911,11.332157518871698,8.347877316453516,0.835640619186853,3.972142900466919,3.9888222217559814
id_randomized_heldout,A6_train_seed_1,40078,71,71,False,71,44,0,3.362318508228395,21.408494423952302,238.72461408421606,-1.4210854715202004e-14,0.11144182278886854,0.1,4.4805405909052665,9.954550927181918,6.973024570475258,0.7705037758547527,3.9320941542235897,3.989234685897827
id_randomized_heldout,A6_train_seed_1,40079,250,250,False,250,30,28,1.6078580937233387,20.341071282749343,401.9645234308347,-2.1316282072803006e-14,0.1,0.1,6.417704729900848,11.911652996137756,9.09300233043388,0.9093002330433878,3.9717635622024536,3.9884679317474365
id_randomized_heldout,A6_train_seed_1,40080,45,45,False,45,12,0,4.227289559138483,24.10278089033856,190.22803016123171,-1.7763568394002505e-14,0.09999999999999996,0.1,6.3560643135477095,11.348296125151542,7.278854641542238,0.7278854641542238,3.8995115121205646,3.9886484146118164
id_randomized_heldout,A6_train_seed_1,40081,250,250,False,250,68,0,4.10086290355741,23.89716595854828,1025.2157258893524,-2.842170943040401e-14,0.1,0.1,8.271493953783699,14.806637163585108,8.71535369383783,0.8715353693837831,3.9258775429725645,3.9882607460021973
id_randomized_heldout,A6_train_seed_1,40082,78,79,True,78,65,0,14.583833820639141,24.941018312632266,1152.1228718304922,-17.154568533712336,0.09999999999999996,0.1,12.43895845991825,16.224273479286268,8.700677838483607,0.8700677838483606,3.797907889643802,3.9886672496795654
id_randomized_heldout,A6_train_seed_1,40083,250,250,False,250,35,13,2.9742677844713867,27.86289798910103,743.5669461178467,-2.1316282072803006e-14,0.1,0.1,7.607667733580685,14.643089695725019,9.297204423058282,0.9297204423058283,3.971907325744629,3.9889280796051025
id_randomized_heldout,A6_train_seed_1,40084,250,250,False,250,39,0,3.0703549828638823,23.31736615774615,767.5887457159706,-2.842170943040401e-14,0.10005344758146735,0.1,6.478927609268506,12.867993774469301,10.478617083910537,1.0484658206443118,3.9710706729888914,3.9883065223693848
id_randomized_heldout,A6_train_seed_1,40085,250,250,False,250,60,0,0.5505797579415129,11.13481308562486,137.64493948537825,-2.842170943040401e-14,0.1,0.1,4.5959666860395485,8.963967977037024,9.244430420660064,0.9244430420660065,3.9720238237380983,3.989147663116455
id_randomized_heldout,A6_train_seed_1,40086,250,250,False,250,0,0,0.0,0.0,0.0,0.6335245111919363,0.1,0.1,5.715656022464405,6.525766250991357,9.924339271462669,0.992433927146267,3.97194343662262,3.9882853031158447
id_randomized_heldout,A6_train_seed_1,40087,250,250,False,250,26,0,2.1030084286390895,26.01065339492647,525.7521071597724,-1.0658141036401503e-14,0.1,0.1,5.202652454232808,12.104451867029862,7.873061840035094,0.7873061840035094,3.970425869941711,3.98862624168396
id_randomized_heldout,A6_train_seed_1,40088,47,47,False,47,9,0,0.11587090871418994,1.1077659217708709,5.445932709566927,-1.4210854715202004e-14,0.10067360785162141,0.1,4.73250565188412,8.415277690257689,5.621525046385315,0.5658429880290784,3.9034773288889135,3.988675117492676
id_randomized_heldout,A6_train_seed_1,40089,250,250,False,250,24,0,0.9462689916640481,14.044708481389891,236.56724791601204,-1.4210854715202004e-14,0.1,0.1,5.79732662037414,10.793707395291479,8.662872709145892,0.8662872709145892,3.9717377767562865,3.988605499267578
id_randomized_heldout,A6_train_seed_1,40090,65,65,False,65,37,0,3.2350487980802156,22.758439955306763,210.278171875214,-2.842170943040401e-14,0.1179826888887095,0.1,3.7814440117603194,8.482528005832537,7.8442050156025775,0.9303734501662299,3.9269726276397705,3.9892139434814453
id_randomized_heldout,A6_train_seed_1,40091,250,250,False,250,31,0,0.8939850741565712,22.748206088480803,223.49626853914282,-2.842170943040401e-14,0.1016400062993971,0.1,3.4187037509851153,9.883576171357207,9.217639245301374,0.936137951974206,3.9720545797348024,3.9894216060638428
id_randomized_heldout,A6_train_seed_1,40092,250,250,False,250,0,0,0.0,0.0,0.0,8.49338534065598,0.10017570635114313,0.1,6.468632044411396,8.00333745583142,9.055346246622252,0.9071357797430326,3.9718363552093505,3.9882936477661133
id_randomized_heldout,A6_train_seed_1,40093,250,250,False,250,28,0,0.4708868499956637,18.398733077361214,117.72171249891593,-4.263256414560601e-14,0.10006211539097157,0.1,5.26086576434984,9.509274817315578,8.848985890732427,0.8850225576911062,3.971959536552429,3.9890854358673096
id_randomized_heldout,A6_train_seed_1,40094,250,250,False,250,64,0,0.2920024674648931,3.3361546641085327,73.00061686622328,-3.552713678800501e-14,0.1,0.1,4.0759820359318555,7.490426230676412,6.519874053413718,0.6519874053413719,3.9719869298934936,3.9883804321289062
id_randomized_heldout,A6_train_seed_1,40095,250,250,False,250,27,0,0.4363090994754748,10.150524543897467,109.0772748688687,-1.4210854715202004e-14,0.1260934579879324,0.1,2.7762979785866126,10.12634215836042,9.945640210537828,1.2542983673796921,3.9720811576843262,3.98893404006958
id_randomized_heldout,A6_train_seed_1,40096,250,250,False,250,32,0,0.09059239650164677,6.744982631040946,22.648099125411694,-2.842170943040401e-14,0.1,0.1,4.824395895353873,11.496076294106686,10.651270365857474,1.0651270365857473,3.971957410812378,3.989016532897949
id_randomized_heldout,A6_train_seed_1,40097,250,250,False,250,27,0,1.9615786873085008,30.27846026361245,490.3946718271252,-1.4210854715202004e-14,0.1,0.1,9.502797469402081,14.023934498697221,9.508478819673874,0.9508478819673873,3.9713014459609983,3.988729476928711
id_randomized_heldout,A6_train_seed_1,40098,250,250,False,250,58,0,1.0241860431870051,21.19682207119659,256.0465107967513,-1.4210854715202004e-14,0.10198717149763306,0.1,4.074148620064056,9.482720435765819,5.739584873466917,0.5936330469820376,3.9720159149169922,3.989017963409424
id_randomized_heldout,A6_train_seed_1,40099,250,250,False,250,41,0,3.3884738320826617,26.848010134780626,847.1184580206655,-2.842170943040401e-14,0.1,0.1,8.059765066415599,13.304220952715749,8.837210376831191,0.8837210376831193,3.971781783103943,3.988722085952759
id_randomized_heldout,A6_train_seed_2,40000,250,250,False,250,35,0,0.7521340329675106,10.027384516784968,188.03350824187766,-2.1316282072803006e-14,0.10025457538680643,0.1,5.659533079380901,6.99568117986507,10.114724222875873,1.0139476353425187,3.9739074153900145,3.9905896186828613
id_randomized_heldout,A6_train_seed_2,40001,250,250,False,250,32,0,1.553640140694041,23.31772897144681,388.41003517351027,-2.842170943040401e-14,0.10002298596763044,0.1,7.504039695115998,10.231679203694208,6.388635703539801,0.6390609275452953,3.9736173896789553,3.9901652336120605
id_randomized_heldout,A6_train_seed_2,40002,250,250,False,250,50,0,0.9285421421095676,21.002580733176316,232.1355355273919,-2.842170943040401e-14,0.1000001249439658,0.1,4.285130267456017,9.368510653601833,9.22902092459843,0.9229034795169259,3.973907729148865,3.990729808807373
id_randomized_heldout,A6_train_seed_2,40003,250,250,False,250,35,0,1.0073551791133517,21.66273121944662,251.8387947783379,-1.4210854715202004e-14,0.10004202901058272,0.1,3.444259381530188,9.286207305110057,9.5557084889379,0.9559164915499457,3.9739713611602783,3.9911341667175293
id_randomized_heldout,A6_train_seed_2,40004,250,250,False,250,22,0,1.6849249755980986,27.665523759813695,421.23124389952466,-1.0658141036401503e-14,0.1,0.1,8.646455752535397,9.970033030287496,10.162417204084912,1.0162417204084913,3.9731683607101442,3.9903323650360107
id_randomized_heldout,A6_train_seed_2,40005,250,250,False,250,34,0,2.8572792239908975,24.963527491276903,714.3198059977244,-1.4210854715202004e-14,0.1,0.1,7.517606611305073,10.906238516450008,9.000737811627356,0.9000737811627357,3.973646810531616,3.9898457527160645
id_randomized_heldout,A6_train_seed_2,40006,250,250,False,250,25,0,2.0578006078713678,24.24836399763956,514.450151967842,-1.4210854715202004e-14,0.1,0.1,8.473373593661512,10.045943571268952,10.54221736136199,1.054221736136199,3.9729700231552125,3.989949941635132
id_randomized_heldout,A6_train_seed_2,40007,250,250,False,250,30,0,1.8066651385376375,24.039697638538435,451.6662846344094,-2.1316282072803006e-14,0.1,0.1,7.606303201483672,9.02710294225113,9.457488971431161,0.9457488971431162,3.9738679895401,3.9901788234710693
id_randomized_heldout,A6_train_seed_2,40008,100,100,False,100,20,0,0.4526253428112665,6.236247380120552,45.26253428112665,-2.1316282072803006e-14,0.09999999999999998,0.1,6.649415881557453,7.795601205035752,6.2495099342955385,0.6249509934295537,3.9501958441734315,3.990506172180176
id_randomized_heldout,A6_train_seed_2,40009,250,250,False,250,14,0,0.24482863331680965,8.756376880407103,61.207158329202414,-2.842170943040401e-14,0.1,0.1,7.028834375465274,7.516089445420037,9.225379518788086,0.9225379518788085,3.9738724241256715,3.990556001663208
id_randomized_heldout,A6_train_seed_2,40010,250,250,False,250,63,0,0.42856806422846466,2.70813743717865,107.14201605711617,-1.4210854715202004e-14,0.10025653878399049,0.1,3.195697471986087,9.639303421436495,10.810156955274783,1.0834003294884442,3.9737849349975587,3.9908134937286377
id_randomized_heldout,A6_train_seed_2,40011,46,46,False,46,13,0,2.2367998436575376,18.29882494456901,102.89279280824674,-7.105427357601002e-15,0.09999999999999995,0.1,5.583125680508803,7.168396145835168,5.642870107848753,0.5642870107848753,3.903273395870043,3.990217924118042
id_randomized_heldout,A6_train_seed_2,40012,250,250,False,250,30,0,2.208426798274979,26.885566479724712,552.1066995687447,-1.4210854715202004e-14,0.1,0.1,8.660618890657828,11.0095381727532,6.994162486009649,0.699416248600965,3.973247705459595,3.990126371383667
id_randomized_heldout,A6_train_seed_2,40013,250,250,False,250,39,0,0.891080551295674,20.30783159308002,222.7701378239185,-2.842170943040401e-14,0.1,0.1,5.066076156035839,8.634816030697111,10.084558687605389,1.008455868760539,3.973823464393616,3.990659475326538
id_randomized_heldout,A6_train_seed_2,40014,250,250,False,250,37,0,0.1943162086170642,2.2206283853991646,48.57905215426605,-4.263256414560601e-14,0.10008328512032569,0.1,4.906579404274009,7.671505700870318,4.785816036251346,0.47932455916116556,3.974083613395691,3.9901890754699707
id_randomized_heldout,A6_train_seed_2,40015,250,250,False,250,71,114,2.1216244038778886,20.095039850150375,530.4061009694722,-2.842170943040401e-14,0.1,0.1,8.12809660609883,10.546074653892441,8.838082750384894,0.8838082750384895,3.9739527130126953,3.9903573989868164
id_randomized_heldout,A6_train_seed_2,40016,96,96,False,96,55,0,0.8216365825367834,1.9925002832648895,78.8771119235312,-2.842170943040401e-14,0.09999999999999999,0.1,4.2921750431330485,5.488171973521772,7.313642082996597,0.7313642082996598,3.948442610601584,3.9901487827301025
id_randomized_heldout,A6_train_seed_2,40017,91,91,False,91,14,2,1.8200665498223032,16.9211585541422,165.6260560338296,-1.4210854715202004e-14,0.09999999999999998,0.1,6.597469416477618,8.608320739139462,7.138098319285789,0.713809831928579,3.9460436564225416,3.990826368331909
id_randomized_heldout,A6_train_seed_2,40018,250,250,False,250,28,0,1.9715307906151993,25.70982481596049,492.8826976537998,-1.4210854715202004e-14,0.1,0.1,8.420106745967628,11.07104215469166,9.166829544943857,0.9166829544943859,3.9735893630981445,3.9900636672973633
id_randomized_heldout,A6_train_seed_2,40019,37,37,False,37,18,0,0.2973042227261947,1.240836054063657,11.000256240869206,-2.842170943040401e-14,0.10228365840059221,0.1,3.9776916322879634,8.936709067508623,8.65683172277466,0.8896562337653772,3.882428433444049,3.9906997680664062
id_randomized_heldout,A6_train_seed_2,40020,250,250,False,250,6,0,0.23501457924037192,16.621901339472966,58.75364481009298,-1.4210854715202004e-14,0.10074869193841948,0.1,2.926233394042213,7.470098896650691,10.067903140632076,1.014157649481327,3.97403316783905,3.990783929824829
id_randomized_heldout,A6_train_seed_2,40021,250,250,False,250,0,0,0.0,0.0,0.0,0.5803394652974632,0.10036264710169564,0.1,4.358817193324148,5.8707880466488245,6.806692190246871,0.6842115152748609,3.9739219150543215,3.9903564453125
id_randomized_heldout,A6_train_seed_2,40022,250,250,False,250,104,123,5.259322149292011,23.19737926575032,1314.8305373230028,-2.842170943040401e-14,0.1,0.1,8.106438407010744,10.740470651383031,8.772289102492666,0.8772289102492666,3.973994648933411,3.9904117584228516
id_randomized_heldout,A6_train_seed_2,40023,250,250,False,250,30,0,2.4806691484047265,24.8840322123203,620.1672871011816,-2.842170943040401e-14,0.1,0.1,7.890960930555596,9.780764188831505,9.034060950574604,0.9034060950574603,3.97341655254364,3.9904277324676514
id_randomized_heldout,A6_train_seed_2,40024,250,250,False,250,0,0,0.0,0.0,0.0,3.9053351434258303,0.1005666793193166,0.1,4.899629094322105,5.77670544197323,10.86932523844101,1.0928311037003604,3.973769740104675,3.990515947341919
id_randomized_heldout,A6_train_seed_2,40025,250,250,False,250,35,0,1.0350835029242609,20.96835149223878,258.77087573106525,-2.842170943040401e-14,0.1,0.1,5.484726278540551,9.425135335632808,10.233023815768496,1.0233023815768496,3.97383877658844,3.99068546295166
id_randomized_heldout,A6_train_seed_2,40026,250,250,False,250,20,0,0.5674781717656878,12.091311835066092,141.86954294142197,-2.1316282072803006e-14,0.1,0.1,6.80803829629907,7.560637009216137,7.996996391960022,0.7996996391960023,3.9738127965927124,3.990327835083008
id_randomized_heldout,A6_train_seed_2,40027,250,250,False,250,32,0,2.5800097859483717,26.344587215091586,645.0024464870929,-2.1316282072803006e-14,0.1,0.1,8.588811003592244,11.058116307624527,9.612431985080272,0.9612431985080273,3.9732600860595704,3.9900777339935303
id_randomized_heldout,A6_train_seed_2,40028,250,250,False,250,5,0,0.00947172084035592,0.6941346428164331,2.36793021008898,-3.552713678800501e-15,0.10014190250400642,0.1,3.094847253767891,9.836597365797301,10.848578318947684,1.0863072419828677,3.9737606077194214,3.9907305240631104
id_randomized_heldout,A6_train_seed_2,40029,52,53,True,52,44,0,16.789175122753786,24.888751056472824,889.8262815059506,-32.39843340413175,0.09999999999999996,0.1,6.476098622315978,13.323190145504846,9.823288007674476,0.9823288007674476,3.913645289978891,3.989777088165283
id_randomized_heldout,A6_train_seed_2,40030,97,97,False,97,48,1,2.7763640868878827,22.85028106529002,269.30731642812464,-1.4210854715202004e-14,0.09999999999999999,0.1,4.350974182421123,10.204040572415533,7.782204013288456,0.7782204013288455,3.948965733813256,3.9910988807678223
id_randomized_heldout,A6_train_seed_2,40031,250,250,False,250,25,0,0.7887620293100669,22.405443783486266,197.1905073275167,-1.4210854715202004e-14,0.1,0.1,5.5832879952237615,8.821078231681136,9.313027220509154,0.9313027220509155,3.973915247917175,3.991055488586426
id_randomized_heldout,A6_train_seed_2,40032,250,250,False,250,0,0,0.0,0.0,0.0,4.302771123489386,0.1004501102883701,0.1,3.794949353145471,6.516538345800889,7.907649717904183,0.7940832459440792,3.9738203477859497,3.9905338287353516
id_randomized_heldout,A6_train_seed_2,40033,250,250,False,250,19,0,0.6753959574294061,12.63933594123244,168.8489893573515,-2.1316282072803006e-14,0.1,0.1,6.5267752576696205,7.089206232693211,8.711919238777496,0.8711919238777495,3.9739185762405396,3.9902806282043457
id_randomized_heldout,A6_train_seed_2,40034,250,250,False,250,23,0,0.32009748119971526,9.032099648038173,80.02437029992882,-2.1316282072803006e-14,0.1,0.1,7.158035973652608,7.836246412709603,7.308554301254098,0.7308554301254099,3.974034267425537,3.9905316829681396
id_randomized_heldout,A6_train_seed_2,40035,250,250,False,250,17,0,0.05061671273708347,0.7999234676361056,12.654178184270869,0.0,0.10029511044576825,0.1,5.485893432650313,8.06690009115986,9.42791915901046,0.9453576296972835,3.9738227300643922,3.9903974533081055
id_randomized_heldout,A6_train_seed_2,40036,250,250,False,250,69,0,5.182377450147759,23.85447316891302,1295.5943625369398,-2.1316282072803006e-14,0.1,0.1,7.361721813112479,11.570405831778844,7.578926444946123,0.7578926444946124,3.9736490478515627,3.9901397228240967
id_randomized_heldout,A6_train_seed_2,40037,76,76,False,76,48,2,9.45781154397939,31.73550808532813,718.7936773424337,-1.7763568394002505e-14,0.09999999999999998,0.1,10.162008165188968,15.8791674024395,8.053126713455406,0.8053126713455404,3.9191738618047616,3.9907238483428955
id_randomized_heldout,A6_train_seed_2,40038,250,250,False,250,27,0,0.08098890652215411,0.9305571802775471,20.247226630538528,-7.105427357601002e-15,0.10043139134629085,0.1,4.970544340066797,7.799529810744209,10.184703608443243,1.0228027131767201,3.9737609910964964,3.9903063774108887
id_randomized_heldout,A6_train_seed_2,40039,250,250,False,250,19,0,0.09192061618154879,1.9192498751850218,22.980154045387195,-2.1316282072803006e-14,0.10030726108805021,0.1,3.35369001646351,7.965431299669039,8.804293297807453,0.8826471776365442,3.973684803009033,3.9907331466674805
id_randomized_heldout,A6_train_seed_2,40040,44,44,False,44,5,0,0.37477773079162624,5.384156757998287,16.490220154831555,-2.1316282072803006e-14,0.09999999999999996,0.1,4.7971243687052185,6.41202870038352,5.322035212431698,0.5322035212431699,3.899324184114283,3.99021053314209
id_randomized_heldout,A6_train_seed_2,40041,250,250,False,250,250,0,22.838454290206975,23.518612465952284,5709.613572551744,-2.842170943040401e-14,0.1,0.1,3.942012016752622,5.579134172278748,2.719480244276927,0.2719480244276928,3.9737379608154297,3.9898324012756348
id_randomized_heldout,A6_train_seed_2,40042,250,250,False,250,30,169,1.4385128415823671,17.086595838520978,359.6282103955918,-2.842170943040401e-14,0.1,0.1,8.284809767566767,9.244879421411076,8.49327394088552,0.849327394088552,3.974008129119873,3.9902637004852295
id_randomized_heldout,A6_train_seed_2,40043,250,250,False,250,10,0,0.3464935324107148,20.333102523600193,86.6233831026787,-2.842170943040401e-14,0.1002865819611439,0.1,4.938382395057887,7.186766402403712,9.707922508411622,0.9732746283341513,3.973824625968933,3.9905667304992676
id_randomized_heldout,A6_train_seed_2,40044,250,250,False,250,29,0,0.358709652932283,20.52769220528567,89.67741323307075,-4.263256414560601e-14,0.10462914249220195,0.1,2.5515908761948474,9.084503900800465,8.931286929109444,0.9349604666504027,3.9740014410018922,3.990774393081665
id_randomized_heldout,A6_train_seed_2,40045,250,250,False,250,24,0,0.5290225968559477,22.063667979298287,132.2556492139869,-1.4210854715202004e-14,0.1,0.1,3.2889954550334117,9.736963326781092,10.347582267236422,1.0347582267236421,3.9739770011901854,3.990938663482666
id_randomized_heldout,A6_train_seed_2,40046,250,250,False,250,249,0,9.95499821135958,25.181859609181036,2488.749552839895,-1.4210854715202004e-14,0.1,0.1,8.119649232548623,10.022783679539755,6.462957555766614,0.6462957555766614,3.973556408882141,3.990703582763672
id_randomized_heldout,A6_train_seed_2,40047,250,250,False,250,39,0,1.484522921517836,23.222331221600875,371.130730379459,-1.4210854715202004e-14,0.1,0.1,4.608834195400298,9.964835135910324,10.358682396838812,1.0358682396838812,3.973911566734314,3.991074800491333
id_randomized_heldout,A6_train_seed_2,40048,46,46,False,46,7,0,0.9390588098587923,9.687268315124422,43.19670525350445,-2.1316282072803006e-14,0.09999999999999995,0.1,5.456041920127858,7.054002890103519,4.230612671881008,0.4230612671881008,3.903545001278753,3.9906463623046875
id_randomized_heldout,A6_train_seed_2,40049,250,250,False,250,55,155,1.654218656798022,18.428266450548076,413.5546641995055,-2.1316282072803006e-14,0.1,0.1,8.13920103279797,9.953928103218876,9.020061260692302,0.9020061260692301,3.9739841680526733,3.9904026985168457
id_randomized_heldout,A6_train_seed_2,40050,250,250,False,250,33,0,0.09231309349105465,1.6177632761167835,23.078273372763665,-2.1316282072803006e-14,0.10039881240914676,0.1,3.2832339028185844,5.359845268132561,10.74749551908378,1.0790313413146304,3.973809518814087,3.9905591011047363
id_randomized_heldout,A6_train_seed_2,40051,250,250,False,250,54,1,0.319715301423348,3.2230715292229632,79.92882535583699,-1.4210854715202004e-14,0.10006224268877856,0.1,3.094774299824292,8.183360242899061,10.55078361146305,1.0554657542700678,3.97380699634552,3.991018295288086
id_randomized_heldout,A6_train_seed_2,40052,250,250,False,250,28,0,2.2504193435402113,26.11053344214315,562.6048358850528,-1.4210854715202004e-14,0.1,0.1,8.056298136241471,11.320075233686243,9.660965623280648,0.9660965623280647,3.97373548412323,3.9900026321411133
id_randomized_heldout,A6_train_seed_2,40053,65,65,False,65,20,0,0.25547936406029687,2.561582733507209,16.606158663919295,-4.263256414560601e-14,0.09999999999999999,0.1,5.109075665760387,6.980496082046696,5.8668104519499895,0.586681045194999,3.928720870384803,3.9902994632720947
id_randomized_heldout,A6_train_seed_2,40054,250,250,False,250,250,0,5.7082917006844385,20.208078932906727,1427.0729251711095,-1.4210854715202004e-14,0.10009294070411548,0.1,6.849071070699592,8.780310032833494,8.358935263443005,0.8366456119648347,3.9734856090545656,3.9905929565429688
id_randomized_heldout,A6_train_seed_2,40055,250,250,False,250,19,0,0.9857179070869935,24.42765456655527,246.42947677174837,-2.1316282072803006e-14,0.1,0.1,7.3220655918614685,8.973219260380306,7.827519641059724,0.7827519641059726,3.973505428314209,3.990234851837158
id_randomized_heldout,A6_train_seed_2,40056,250,250,False,250,0,0,0.0,0.0,0.0,8.15870454843353,0.1,0.1,4.9724971889892835,5.198526736386193,4.5596265754781955,0.4559626575478195,3.9742177467346194,3.9903063774108887
id_randomized_heldout,A6_train_seed_2,40057,77,78,True,77,76,0,19.24208771492167,24.49798643096255,1500.8828417638904,-20.60168403074724,0.09999999999999996,0.1,6.3226757540859735,13.822665060204875,9.711987931390931,0.9711987931390931,3.8956261292482033,3.989818811416626
id_randomized_heldout,A6_train_seed_2,40058,250,250,False,250,240,0,0.9247136181290905,1.5017724233456908,231.17840453227262,-4.263256414560601e-14,0.10041568830313594,0.1,4.785074782879962,10.734328914430911,10.674641052061604,1.0712913249289586,3.9740082836151123,3.990786075592041
id_randomized_heldout,A6_train_seed_2,40059,250,250,False,250,1,0,0.0002495645654861065,0.06239114137152662,0.06239114137152662,2.1316282072803006e-14,0.10084217665953638,0.1,4.59517262110023,5.647767924113165,11.144867952077231,1.1225197475771143,3.9740784101486204,3.990285634994507
id_randomized_heldout,A6_train_seed_2,40060,73,73,False,73,0,0,0.0,0.0,0.0,2.911703087639168,0.10126702445817232,0.1,3.3657159053916894,7.234072907947227,10.248333801816207,1.0369585999795607,3.935212386797552,3.990201473236084
id_randomized_heldout,A6_train_seed_2,40061,250,250,False,250,18,0,0.45815081736870106,21.309411691051245,114.53770434217526,-1.4210854715202004e-14,0.10003470817996996,0.1,2.864685769428436,9.856291961737817,5.507332457783039,0.5510573575820982,3.9741437730789184,3.9908387660980225
id_randomized_heldout,A6_train_seed_2,40062,250,250,False,250,24,0,1.9712564976575633,26.078943347351327,492.81412441439085,-2.1316282072803006e-14,0.1,0.1,8.221857707189308,10.750608747675324,9.611068057645022,0.9611068057645024,3.9738629083633423,3.9903008937835693
id_randomized_heldout,A6_train_seed_2,40063,250,250,False,250,0,0,0.0,0.0,0.0,5.68417479063605,0.10025465797562083,0.1,2.6727807769474894,4.000676263596662,10.878926380896202,1.0896115902186638,3.9740413160324097,3.990212917327881
id_randomized_heldout,A6_train_seed_2,40064,47,47,False,47,3,0,0.01831556980912645,0.35953278563829133,0.8608317810289432,-1.4210854715202004e-14,0.1001083173675887,0.1,5.035834520162952,6.603136888054371,4.950130317344823,0.4952860000629726,3.9052969344118806,3.990652322769165
id_randomized_heldout,A6_train_seed_2,40065,250,250,False,250,86,15,5.751721076640276,22.83877978450822,1437.930269160069,-4.263256414560601e-14,0.10001190696817218,0.1,7.453633946442395,11.822523462657504,7.708240703425652,0.7709387156444185,3.9736271600723265,3.9900317192077637
id_randomized_heldout,A6_train_seed_2,40066,250,250,False,250,21,0,1.5744498329726808,25.2630268192781,393.6124582431702,-2.1316282072803006e-14,0.1,0.1,6.68416093070578,8.99556438635201,6.943163360452336,0.6943163360452337,3.973643753051758,3.9905550479888916
id_randomized_heldout,A6_train_seed_2,40067,250,250,False,250,11,0,0.040041467473891895,1.3425104793770475,10.010366868472973,-2.842170943040401e-14,0.1,0.1,6.629530231566943,7.102080232752909,9.178548936904887,0.9178548936904888,3.973888120651245,3.990325927734375
id_randomized_heldout,A6_train_seed_2,40068,250,250,False,250,1,0,0.0018921358108520395,0.47303395271300985,0.47303395271300985,0.0,0.10032504786705496,0.1,5.200072397459915,10.234394010151012,8.44709883093191,0.847519459692428,3.9739486770629884,3.990572214126587
id_randomized_heldout,A6_train_seed_2,40069,250,250,False,250,50,0,1.828283268598281,20.314006207821144,457.07081714957025,-1.4210854715202004e-14,0.1,0.1,5.803611749995192,10.53080212671532,9.775486099722755,0.9775486099722757,3.9737921476364138,3.9908063411712646
id_randomized_heldout,A6_train_seed_2,40070,250,250,False,250,1,0,0.0011926568358717224,0.2981642089679306,0.2981642089679306,0.0,0.10017039441888564,0.1,3.974282668818846,4.909863750952124,10.116196581245815,1.013146958316853,3.9737186546325685,3.99043607711792
id_randomized_heldout,A6_train_seed_2,40071,250,250,False,250,31,0,0.3227365441087742,5.475766326793804,80.68413602719356,-1.4210854715202004e-14,0.10099654952338423,0.1,4.650957697114199,7.084293965592396,8.451842513930083,0.8528084473996637,3.973847264289856,3.990410804748535
id_randomized_heldout,A6_train_seed_2,40072,250,250,False,250,4,0,0.00947538482139694,0.9408275453113196,2.368846205349235,-1.4210854715202004e-14,0.10017310115554372,0.1,3.642415123712888,4.837170017145931,10.117184291096327,1.0131543172717385,3.9737282896041872,3.99060320854187
id_randomized_heldout,A6_train_seed_2,40073,250,250,False,250,38,0,1.8419991610628377,20.49926116946432,460.4997902657094,-2.1316282072803006e-14,0.1,0.1,7.61850999025971,8.894890049605227,7.6129190227076755,0.7612919022707676,3.9739811992645264,3.9904212951660156
id_randomized_heldout,A6_train_seed_2,40074,250,250,False,250,26,27,0.6523003987450697,14.462509281809165,163.07509968626744,-1.4210854715202004e-14,0.1,0.1,8.140300228983694,9.339258951744766,10.141755170364174,1.0141755170364175,3.9740568733215333,3.9903740882873535
id_randomized_heldout,A6_train_seed_2,40075,250,250,False,250,44,0,3.3979884343765465,24.239355786587282,849.4971085941366,-2.1316282072803006e-14,0.1,0.1,6.813603218692503,8.753659927027474,8.960947576497096,0.8960947576497097,3.973771312713623,3.990337610244751
id_randomized_heldout,A6_train_seed_2,40076,250,250,False,250,16,0,0.5293800079699061,12.982676503070662,132.34500199247654,-2.1316282072803006e-14,0.1,0.1,6.675179821884853,7.00693506924119,9.652474748471892,0.9652474748471892,3.9737929248809816,3.9903271198272705
id_randomized_heldout,A6_train_seed_2,40077,250,250,False,250,10,0,0.026211862700792628,1.28073338900946,6.552965675198157,-7.105427357601002e-15,0.10033321872594103,0.1,3.644327345347688,9.712924128320724,10.59588008179693,1.0627325212752594,3.9737690458297728,3.9906210899353027
id_randomized_heldout,A6_train_seed_2,40078,70,70,False,70,42,0,3.178054953838221,21.447967692953217,222.46384676867547,-1.4210854715202004e-14,0.09999999999999996,0.1,4.484983050270032,8.863778486327607,7.568136032538736,0.7568136032538735,3.933114378792899,3.990981101989746
id_randomized_heldout,A6_train_seed_2,40079,250,250,False,250,30,28,1.600148413437762,20.17738615726092,400.0371033594405,-2.1316282072803006e-14,0.1,0.1,7.914995862559419,9.102335983391637,8.86679651505233,0.8866796515052333,3.9739867486953737,3.990330457687378
id_randomized_heldout,A6_train_seed_2,40080,45,45,False,45,12,0,4.2290185375442295,23.966667406370117,190.30583418949033,-1.4210854715202004e-14,0.09999999999999996,0.1,6.051067125181599,8.346780125982596,5.4566790094343425,0.5456679009434341,3.9012731234232585,3.9902777671813965
id_randomized_heldout,A6_train_seed_2,40081,250,250,False,250,74,4,4.027840166334922,23.9720709564647,1006.9600415837306,-2.842170943040401e-14,0.1,0.1,7.631464557613931,14.22179564493235,8.578024135860836,0.857802413586084,3.973517158508301,3.989844560623169
id_randomized_heldout,A6_train_seed_2,40082,77,78,True,77,62,0,15.070381402729575,25.59906776395367,1175.4897494129068,-18.379161185361728,0.09999999999999996,0.1,8.135552902481303,18.3295053219764,8.199537478463213,0.8199537478463216,3.8114115458268385,3.989947557449341
id_randomized_heldout,A6_train_seed_2,40083,250,250,False,250,44,13,3.040033429392896,28.010754268015567,760.0083573482241,-2.1316282072803006e-14,0.1,0.1,8.34979985683728,11.806695984533647,9.735889326439903,0.9735889326439904,3.9738705129623413,3.9902312755584717
id_randomized_heldout,A6_train_seed_2,40084,250,250,False,250,39,0,3.0547844905761905,23.60814549143561,763.6961226440476,-2.842170943040401e-14,0.1,0.1,8.270627222570742,12.149902675137705,8.73563629423684,0.8735636294236842,3.9727372846603393,3.9899239540100098
id_randomized_heldout,A6_train_seed_2,40085,250,250,False,250,63,0,0.5145625154381501,12.06360724888288,128.64062885953754,-2.842170943040401e-14,0.1,0.1,3.099677938476204,8.961041904729756,10.53281376045645,1.0532813760456452,3.973709803581238,3.990997076034546
id_randomized_heldout,A6_train_seed_2,40086,250,250,False,250,6,0,0.001444241401518716,0.10964001575441645,0.361060350379679,-2.1316282072803006e-14,0.1,0.1,3.875464246187694,4.624209278234537,9.234172094884142,0.9234172094884143,3.9737667198181152,3.9901347160339355
id_randomized_heldout,A6_train_seed_2,40087,250,250,False,250,36,0,2.1120292977537494,25.58839606768106,528.0073244384373,-1.0658141036401503e-14,0.1,0.1,9.059103989703045,10.372809186544018,8.641208738369052,0.8641208738369053,3.9733042211532594,3.990262269973755
id_randomized_heldout,A6_train_seed_2,40088,48,48,False,48,8,0,0.09822553229878246,1.0715351888436413,4.714825550341558,-2.4868995751603507e-14,0.10134696676060921,0.1,5.014803741451657,7.087485935786115,6.472605669157713,0.6619552678524304,3.9070406357447305,3.9904730319976807
id_randomized_heldout,A6_train_seed_2,40089,250,250,False,250,24,0,0.9496087351883091,14.074810167155455,237.40218379707727,-1.4210854715202004e-14,0.1,0.1,7.999414196666235,8.920269652652959,8.400473201879825,0.8400473201879826,3.973998408317566,3.9903652667999268
id_randomized_heldout,A6_train_seed_2,40090,68,68,False,68,34,0,2.9562857671472775,23.143982770037866,201.02743216601488,-2.842170943040401e-14,0.09999999999999998,0.1,4.296095358078246,10.871862297263856,7.458367324994963,0.7458367324994964,3.9315290766603805,3.990870714187622
id_randomized_heldout,A6_train_seed_2,40091,250,250,False,250,29,0,0.804832195583341,22.69413848992721,201.20804889583525,-2.842170943040401e-14,0.10019728245748143,0.1,3.0831348812541144,9.227537279042751,9.739879350842616,0.9754789192197056,3.973999863624573,3.991157054901123
id_randomized_heldout,A6_train_seed_2,40092,250,250,False,250,0,0,0.0,0.0,0.0,8.305847328218174,0.10005148139037581,0.1,4.169629792223688,4.763653406132065,6.991448796042583,0.699403452412387,3.9739053297042846,3.990298271179199
id_randomized_heldout,A6_train_seed_2,40093,250,250,False,250,29,0,0.4728552900310488,17.596914596097875,118.2138225077622,-2.842170943040401e-14,0.100235098762106,0.1,5.281643969435352,8.111399309478763,9.172738849427173,0.9191815611426527,3.9737805852890014,3.990704298019409
id_randomized_heldout,A6_train_seed_2,40094,250,250,False,250,61,0,0.2669520847338855,3.5032196700923155,66.73802118347137,-2.842170943040401e-14,0.1,0.1,6.61039561237673,7.57827660528957,7.155857197890296,0.7155857197890296,3.9739923543930056,3.9901843070983887
id_randomized_heldout,A6_train_seed_2,40095,250,250,False,250,27,0,0.47330956626936294,10.884326818627018,118.32739156734074,-2.842170943040401e-14,0.1,0.1,4.336375124368576,6.87818049629066,10.124424323228952,1.0124424323228953,3.97406005859375,3.9906070232391357
id_randomized_heldout,A6_train_seed_2,40096,250,250,False,250,33,0,0.1011066831983084,7.1298203662261015,25.2766707995771,-2.842170943040401e-14,0.10166877092418126,0.1,5.56570360607915,7.388632842942775,10.376109919187119,1.0541243290417248,3.9739871044158934,3.9908947944641113
id_randomized_heldout,A6_train_seed_2,40097,60,60,False,60,28,0,8.126190813442307,29.49652833281227,487.5714488065384,-1.4210854715202004e-14,0.09999999999999996,0.1,10.059534524544269,14.632913817822656,6.899728053864961,0.6899728053864961,3.9205596844355264,3.990610122680664
id_randomized_heldout,A6_train_seed_2,40098,92,92,False,92,56,0,2.7157605507852978,22.190621857103256,249.8499706722474,-1.4210854715202004e-14,0.09999999999999998,0.1,4.624206853472399,8.03922843488447,7.92195052079465,0.7921950520794651,3.946477799311928,3.990682363510132
id_randomized_heldout,A6_train_seed_2,40099,250,250,False,250,45,0,3.4374777067893447,26.838987215312798,859.3694266973362,-2.842170943040401e-14,0.1,0.1,7.535411766892302,12.22990815606065,7.9280814959322194,0.792808149593222,3.973574511528015,3.990034341812134
id_randomized_heldout,A6_train_seed_3,40000,250,250,False,250,35,0,0.7263461740555814,10.68723755726472,181.58654351389535,-2.842170943040401e-14,0.10826391109244868,0.1,2.9814618014264704,9.919327952999643,7.739414761945039,0.8335616963160009,3.96792488861084,3.9858486652374268
id_randomized_heldout,A6_train_seed_3,40001,250,250,False,250,31,0,1.6413955381698377,23.62793582188285,410.3488845424594,-2.842170943040401e-14,0.1,0.1,8.671599516659393,14.352852264845495,9.819302653869789,0.9819302653869789,3.9698562688827517,3.986959934234619
id_randomized_heldout,A6_train_seed_3,40002,250,250,False,250,63,0,1.0061841950046881,21.67296413029503,251.546048751172,-2.842170943040401e-14,0.1,0.1,4.563582221561184,11.28670354559008,10.483952958288667,1.0483952958288667,3.967559432029724,3.9851982593536377
id_randomized_heldout,A6_train_seed_3,40003,250,250,False,250,40,0,1.047417658629273,20.95851391710856,261.8544146573182,-2.842170943040401e-14,0.10042885129795778,0.1,3.761787836162006,13.185278252671115,9.946574675110623,0.999408711176017,3.9677574052810667,3.9859635829925537
id_randomized_heldout,A6_train_seed_3,40004,250,250,False,250,22,0,1.6275485811704156,26.816175458560735,406.8871452926039,-1.0658141036401503e-14,0.1,0.1,5.788711864812844,9.844703774852595,4.6907371239141735,0.46907371239141743,3.9688042573928834,3.9867827892303467
id_randomized_heldout,A6_train_seed_3,40005,250,250,False,250,34,0,2.889496152475587,25.11096517755747,722.3740381188968,-1.4210854715202004e-14,0.10005567301808278,0.1,6.314399126912711,13.56930402380835,9.912673137189872,0.9917694053539866,3.9693146438598634,3.9858336448669434
id_randomized_heldout,A6_train_seed_3,40006,250,250,False,250,25,0,2.0822610046997183,24.380823506128912,520.5652511749296,-1.4210854715202004e-14,0.1,0.1,6.422643321546195,11.642215858906654,5.145828703488964,0.5145828703488964,3.968435922622681,3.9849655628204346
id_randomized_heldout,A6_train_seed_3,40007,250,250,False,250,26,0,1.8367003308860714,24.9055520528272,459.17508272151787,-2.1316282072803006e-14,0.1,0.1,7.783840819631182,9.320524441575182,10.43876948128242,1.043876948128242,3.9705984621047974,3.9869489669799805
id_randomized_heldout,A6_train_seed_3,40008,91,91,False,91,21,0,0.5161132943375697,5.731122373172681,46.966309784718845,-2.1316282072803006e-14,0.1004712890759402,0.1,3.6889220714994666,5.647396152602717,8.107797111805134,0.8142760957332166,3.942388288267366,3.9871084690093994
id_randomized_heldout,A6_train_seed_3,40009,250,250,False,250,15,0,0.2540140874157719,8.875945268311744,63.503521853942985,-2.842170943040401e-14,0.10042253172966946,0.1,3.8433879660987604,7.454666930259235,8.228215614343798,0.8272239759954368,3.9707048559188842,3.9870426654815674
id_randomized_heldout,A6_train_seed_3,40010,250,250,False,250,70,0,0.37716757228519465,2.40093802502654,94.29189307129866,-2.1316282072803006e-14,0.10893055281422347,0.1,2.3302182574105137,6.587536540381974,8.83929472378144,0.9616319421448617,3.968440957069397,3.9856274127960205
id_randomized_heldout,A6_train_seed_3,40011,45,45,False,45,13,0,2.345109085383077,18.587170735630195,105.52990884223846,-7.105427357601002e-15,0.10075889874079115,0.1,5.707986365124889,7.936527162965232,8.529559617998371,0.860261717799837,3.8967206584082708,3.9865570068359375
id_randomized_heldout,A6_train_seed_3,40012,250,250,False,250,30,0,2.2319054291200517,27.018872056421156,557.976357280013,-1.4210854715202004e-14,0.1,0.1,7.799555108353872,9.92497536389396,9.596451566247879,0.9596451566247879,3.969363854408264,3.98563814163208
id_randomized_heldout,A6_train_seed_3,40013,250,250,False,250,49,0,0.8841848630783224,21.325673301935172,221.0462157695806,-2.842170943040401e-14,0.1,0.1,4.66237535029906,10.941701946882521,9.871086665873904,0.9871086665873904,3.9673812055587767,3.9851126670837402
id_randomized_heldout,A6_train_seed_3,40014,250,250,False,250,37,0,0.2277454712204082,2.3754284621640664,56.93636780510205,-2.1316282072803006e-14,0.10044489618434932,0.1,3.2571031147509046,5.6960418040840946,5.430889544762253,0.5475809673157183,3.969922408103943,3.9871346950531006
id_randomized_heldout,A6_train_seed_3,40015,250,250,False,250,72,119,2.1975625256763154,20.521756821822272,549.3906314190789,-2.842170943040401e-14,0.1,0.1,8.888328792142678,14.431597351143177,8.057664185005532,0.8057664185005531,3.9701600828170776,3.9871180057525635
id_randomized_heldout,A6_train_seed_3,40016,93,93,False,93,54,0,0.979100121506901,2.125868421088394,91.05631130014179,-2.842170943040401e-14,0.10208640564534255,0.1,2.854900135065523,4.021442176100712,8.082117027172588,0.827896010663498,3.94207957226743,3.9868528842926025
id_randomized_heldout,A6_train_seed_3,40017,65,65,False,65,16,2,2.7398884947365527,17.925982051083245,178.09275215787594,-1.4210854715202004e-14,0.09999999999999999,0.1,4.574192847941242,8.633633027996154,8.903905888229811,0.890390588822981,3.925157143519475,3.9870190620422363
id_randomized_heldout,A6_train_seed_3,40018,250,250,False,250,28,0,2.0189268369381486,25.992577257220983,504.7317092345371,-1.4210854715202004e-14,0.1,0.1,8.369481186458644,10.135545825480108,10.484235638871029,1.048423563887103,3.970199253082275,3.986525297164917
id_randomized_heldout,A6_train_seed_3,40019,37,37,False,37,17,0,0.1517580594564243,0.6313863299026335,5.615048199887699,-1.4210854715202004e-14,0.10000000000000002,0.1,4.194484819387418,6.379504909497126,7.821628584701815,0.7821628584701816,3.8776516914367676,3.985840320587158
id_randomized_heldout,A6_train_seed_3,40020,250,250,False,250,10,0,0.22435263487747006,17.81081228554511,56.08815871936751,-1.4210854715202004e-14,0.12102774486491712,0.1,2.229089659317312,9.688292929279783,8.217706183952458,0.9901999916269107,3.9679288415908816,3.9853732585906982
id_randomized_heldout,A6_train_seed_3,40021,250,250,False,250,0,0,0.0,0.0,0.0,0.7607420354096845,0.14135773640112914,0.1,2.091259956392987,6.320128027434057,8.895523411793235,1.296797034300661,3.9685473947525023,3.9859561920166016
id_randomized_heldout,A6_train_seed_3,40022,250,250,False,250,105,123,5.432841295622333,23.912025817797318,1358.2103239055832,-2.842170943040401e-14,0.1,0.1,8.344410031647639,15.668676966977609,8.160268769384963,0.8160268769384964,3.9696344528198244,3.9867305755615234
id_randomized_heldout,A6_train_seed_3,40023,250,250,False,250,46,0,2.5717303002404632,25.60180129318039,642.9325750601158,-2.842170943040401e-14,0.10021907204705502,0.1,8.059218922728375,9.884433495562034,9.740867032088662,0.9757574623382039,3.969919481277466,3.986581802368164
id_randomized_heldout,A6_train_seed_3,40024,250,250,False,250,0,0,0.0,0.0,0.0,4.475308951340388,0.10429137672591977,0.1,2.440572863988432,5.055614818805358,9.248400018582934,0.9658702482408715,3.968512943267822,3.9855995178222656
id_randomized_heldout,A6_train_seed_3,40025,250,250,False,250,49,0,1.0173359554804506,21.671508112155628,254.33398887011265,-4.263256414560601e-14,0.1,0.1,4.957381741126321,11.294094140303857,10.022085493186612,1.0022085493186612,3.967448794364929,3.9853293895721436
id_randomized_heldout,A6_train_seed_3,40026,250,250,False,250,21,0,0.5756233789202013,11.84171641769969,143.90584473005032,-2.1316282072803006e-14,0.10000991869640706,0.1,3.818075868419678,8.096826158242536,8.390856903041637,0.8391898441173417,3.9701990242004395,3.9869349002838135
id_randomized_heldout,A6_train_seed_3,40027,250,250,False,250,32,0,2.605263153627661,26.37328507385183,651.3157884069153,-2.1316282072803006e-14,0.1,0.1,6.20273026391426,10.530284397561479,5.349739777913614,0.5349739777913615,3.968483757019043,3.984872341156006
id_randomized_heldout,A6_train_seed_3,40028,250,250,False,250,5,0,0.010878488970841716,0.7540933848092028,2.7196222427104293,0.0,0.13047289854086624,0.1,1.940156777429906,5.996160847552497,8.570678579801795,1.1217903871490449,3.968422492980957,3.9858601093292236
id_randomized_heldout,A6_train_seed_3,40029,53,54,True,53,45,0,16.876668113840744,24.88772067636813,911.3400781474002,-37.54984561454954,0.09999999999999996,0.1,7.395410774868568,14.550813293758214,9.756550129848087,0.9756550129848087,3.877396084644176,3.984164237976074
id_randomized_heldout,A6_train_seed_3,40030,250,250,False,250,55,1,1.1805753428316679,21.306227272727668,295.143835707917,-1.4210854715202004e-14,0.10001683260794275,0.1,3.454898289792288,11.81020194935339,7.194815737886762,0.7195613464746521,3.9682000551223755,3.98637056350708
id_randomized_heldout,A6_train_seed_3,40031,250,250,False,250,28,0,0.78983512939113,21.44475851594835,197.4587823477825,-1.4210854715202004e-14,0.10006714416428261,0.1,3.374594661041002,12.777481524493782,6.606054229441048,0.6611960201811427,3.9675601301193235,3.9857258796691895
id_randomized_heldout,A6_train_seed_3,40032,250,250,False,250,0,0,0.0,0.0,0.0,5.046686831977986,0.12552700837300682,0.1,2.1811359545425346,5.714756516404892,7.189810944706547,0.9029572073608829,3.9691534366607666,3.985959529876709
id_randomized_heldout,A6_train_seed_3,40033,250,250,False,250,19,0,0.6577539412233555,12.339463677405487,164.43848530583887,-2.1316282072803006e-14,0.1002533697111733,0.1,3.9126891933410097,7.231997232729255,9.137863571214835,0.9161260433031835,3.970618459701538,3.9871764183044434
id_randomized_heldout,A6_train_seed_3,40034,250,250,False,250,24,0,0.3370906589134951,9.114849296089925,84.27266472837377,-2.842170943040401e-14,0.10076682205886223,0.1,3.7505223922285706,7.367084633703524,7.797266667570853,0.7862015932462434,3.9706462955474855,3.986999750137329
id_randomized_heldout,A6_train_seed_3,40035,250,250,False,250,7,0,0.009004798150062556,0.665968799591063,2.251199537515639,0.0,0.10242688695774257,0.1,2.4661073855552167,5.974747730380539,8.778490445444495,0.8999051336815794,3.9684711055755617,3.985836982727051
id_randomized_heldout,A6_train_seed_3,40036,250,250,False,250,67,0,5.352309141218539,24.720296492999385,1338.0772853046349,-2.1316282072803006e-14,0.1,0.1,9.011968050957435,12.60835517471335,8.908557568771954,0.8908557568771955,3.969583249092102,3.986604928970337
id_randomized_heldout,A6_train_seed_3,40037,75,75,False,75,43,2,9.376053645214794,31.63873564260832,703.2040233911096,-1.7763568394002505e-14,0.09999999999999998,0.1,7.237460512605856,12.328279890705591,9.374211332780582,0.9374211332780582,3.4607513467470805,3.9857919216156006
id_randomized_heldout,A6_train_seed_3,40038,250,250,False,250,23,0,0.06119093666133313,0.7976203441619845,15.297734165333281,-7.105427357601002e-15,0.10026914435845455,0.1,2.9664964402070453,7.520377534870973,10.222080489623137,1.0250948411358196,3.968403964996338,3.986149311065674
id_randomized_heldout,A6_train_seed_3,40039,250,250,False,250,11,0,0.015843526873469266,0.8610856992341516,3.9608817183673164,-2.842170943040401e-14,0.10214032663685435,0.1,3.046622847284531,8.195671450304166,9.34557248219703,0.9554461475373263,3.9680864429473877,3.9862358570098877
id_randomized_heldout,A6_train_seed_3,40040,43,43,False,43,5,0,0.41754709155518216,6.84820941006443,17.954524936872833,-2.1316282072803006e-14,0.10167083996371945,0.1,3.0704178352161424,5.019096807866194,7.173452451970101,0.7339430977529973,3.8926358943761783,3.9862332344055176
id_randomized_heldout,A6_train_seed_3,40041,250,250,False,250,250,0,22.428633232674294,22.98344760533607,5607.158308168573,-2.842170943040401e-14,0.1,0.1,6.02415642003756,8.043715722891005,9.922155606499116,0.9922155606499115,3.969506273269653,3.985860824584961
id_randomized_heldout,A6_train_seed_3,40042,250,250,False,250,30,169,1.4448369884848136,17.424100939242003,361.2092471212034,-2.842170943040401e-14,0.1,0.1,7.526688937374785,9.289415738176249,8.420455184414902,0.8420455184414902,3.9705235214233396,3.9870212078094482
id_randomized_heldout,A6_train_seed_3,40043,250,250,False,250,9,0,0.33902335029557884,21.15477690416653,84.75583757389471,-2.842170943040401e-14,0.1,0.1,4.238102272711171,10.497094246216614,8.60786813470783,0.8607868134707831,3.967477844238281,3.9856271743774414
id_randomized_heldout,A6_train_seed_3,40044,250,250,False,250,33,0,0.35481114338088393,21.190918143065172,88.70278584522099,-1.4210854715202004e-14,0.10129016361547989,0.1,3.2235833240564746,10.91209484185382,9.089908041206098,0.9198334821204618,3.968320945739746,3.9853618144989014
id_randomized_heldout,A6_train_seed_3,40045,250,250,False,250,26,0,0.521914116292057,21.179267354942848,130.47852907301424,-1.4210854715202004e-14,0.10031123954097987,0.1,3.323824715309958,10.5910615738786,8.788261838457954,0.8823090556815641,3.9677430601119994,3.985469102859497
id_randomized_heldout,A6_train_seed_3,40046,250,250,False,250,249,0,10.473921059214067,25.309905162193964,2618.480264803517,-1.554312234475219e-14,0.1,0.1,5.65447544383039,11.850985109432449,10.491072040093098,1.04910720400931,3.966891933441162,3.9849467277526855
id_randomized_heldout,A6_train_seed_3,40047,250,250,False,250,44,0,1.5339844901176531,21.97133389362815,383.4961225294133,-1.4210854715202004e-14,0.10008098440713016,0.1,4.186290717228567,11.636209365647613,10.23861544824308,1.0247341251969204,3.9675417642593382,3.986323356628418
id_randomized_heldout,A6_train_seed_3,40048,45,45,False,45,7,0,0.9451492795474762,9.723086214073133,42.53171757963643,-2.1316282072803006e-14,0.09999999999999996,0.1,3.752922613137463,6.156733676254475,5.951436105069304,0.5951436105069305,3.8973646534813775,3.986525774002075
id_randomized_heldout,A6_train_seed_3,40049,250,250,False,250,57,155,1.6927255051056829,18.650378243585752,423.18137627642074,-2.842170943040401e-14,0.1,0.1,7.7837022079055025,12.319722414010252,9.695075372775031,0.9695075372775029,3.970306986808777,3.9870448112487793
id_randomized_heldout,A6_train_seed_3,40050,250,250,False,250,27,0,0.05786908040770689,1.319886010165401,14.467270101926722,-1.4210854715202004e-14,0.16332802939341848,0.1,1.7301172528050774,5.221989514359394,8.17033735061744,1.3199781994734217,3.9685175161361697,3.985517978668213
id_randomized_heldout,A6_train_seed_3,40051,250,250,False,250,56,1,0.27952742639070505,2.831607089275056,69.88185659767626,-1.4210854715202004e-14,0.13154366852692578,0.1,2.0827263615141627,7.384222381751285,8.711436957800947,1.1447490733298398,3.9685606479644777,3.986128807067871
id_randomized_heldout,A6_train_seed_3,40052,250,250,False,250,28,0,2.2597952243079136,26.142955747405686,564.9488060769784,-1.4210854715202004e-14,0.10010284370860717,0.1,6.779077757584397,12.289996365348085,10.33698286150465,1.034552537008039,3.969690583229065,3.9860191345214844
id_randomized_heldout,A6_train_seed_3,40053,63,63,False,63,21,0,0.2646500547696834,2.540193928030067,16.672953450490056,-2.1316282072803006e-14,0.10021880762855784,0.1,3.355351471122665,5.79443149938721,8.49620555341831,0.8515343640501724,3.921964615110367,3.9868528842926025
id_randomized_heldout,A6_train_seed_3,40054,250,250,False,250,250,0,5.816001655643319,19.884988766408416,1454.0004139108298,-1.4210854715202004e-14,0.1,0.1,4.27948063058396,10.91740086143163,10.331285815595631,1.0331285815595632,3.9666705808639526,3.984010696411133
id_randomized_heldout,A6_train_seed_3,40055,250,250,False,250,19,0,1.0183485833827115,25.48844064886661,254.58714584567787,-2.1316282072803006e-14,0.1,0.1,6.523554189427362,8.916426303686366,10.621211780451235,1.0621211780451234,3.970409547805786,3.9865262508392334
id_randomized_heldout,A6_train_seed_3,40056,45,45,False,45,0,0,0.0,0.0,0.0,8.824893627934152,0.10532070561973551,0.1,3.225385057817304,4.08100801268081,7.116544620732064,0.7629514423503424,3.896440198686388,3.9852967262268066
id_randomized_heldout,A6_train_seed_3,40057,77,78,True,77,77,0,19.34762152354661,24.724388676092047,1509.1144788366355,-17.480484883167154,0.09999999999999996,0.1,7.694924739301559,13.267474179086925,9.615311832455916,0.9615311832455918,3.8680719381723647,3.984924793243408
id_randomized_heldout,A6_train_seed_3,40058,250,250,False,250,240,0,0.7019115000222832,1.3206326833948003,175.4778750055708,-2.842170943040401e-14,0.1055309473956699,0.1,2.524963217271098,6.022499667061539,9.37614156538411,0.992551462922612,3.9681852703094482,3.9857547283172607
id_randomized_heldout,A6_train_seed_3,40059,250,250,False,250,0,0,0.0,0.0,0.0,5.228589512872595,0.10780134529677846,0.1,2.5224112885686636,5.9628994530307935,9.96732275489359,1.0805951150506248,3.968411494255066,3.985327959060669
id_randomized_heldout,A6_train_seed_3,40060,73,73,False,73,0,0,0.0,0.0,0.0,7.022006499239801,0.10063643576478705,0.1,3.0572523844701402,4.97615877391614,6.6566219517820295,0.67029936534056,3.93065199133468,3.9856598377227783
id_randomized_heldout,A6_train_seed_3,40061,69,69,False,69,24,0,1.7623156576613956,21.222859829828217,121.5997803786363,-2.842170943040401e-14,0.1274657481682186,0.1,3.7594215226986925,10.376784422850898,7.557885584300854,0.9788415695024957,3.9269237276436626,3.9858293533325195
id_randomized_heldout,A6_train_seed_3,40062,250,250,False,250,24,0,2.01443218658567,26.445657035304954,503.6080466464175,-2.1316282072803006e-14,0.1,0.1,6.104900426959034,11.410216281499142,9.668743179898852,0.9668743179898854,3.969903214454651,3.98610520362854
id_randomized_heldout,A6_train_seed_3,40063,250,250,False,250,0,0,0.0,0.0,0.0,5.914568496378834,0.1,0.1,2.9859614488253237,7.3140498715222835,10.704696990728044,1.0704696990728044,3.968214614868164,3.9855763912200928
id_randomized_heldout,A6_train_seed_3,40064,34,34,False,34,4,0,0.03513576819974924,0.44549185077235176,1.1946161187914743,-2.1316282072803006e-14,0.1,0.1,3.4764033730406707,4.457380719787225,7.467826122671873,0.7467826122671873,3.868308796602137,3.9862191677093506
id_randomized_heldout,A6_train_seed_3,40065,250,250,False,250,86,11,6.130928887259186,23.593093433978602,1532.7322218147965,-2.842170943040401e-14,0.1,0.1,9.913986545931861,16.938436672730084,9.288534668689,0.9288534668689,3.9691866998672487,3.9868433475494385
id_randomized_heldout,A6_train_seed_3,40066,250,250,False,250,22,0,1.664021811273932,26.615505115352203,416.005452818483,-2.1316282072803006e-14,0.1,0.1,5.450261360535536,11.328236157789298,10.454578439298897,1.0454578439298898,3.97053147315979,3.986721992492676
id_randomized_heldout,A6_train_seed_3,40067,250,250,False,250,11,0,0.046118333969102095,1.5229099534602437,11.529583492275524,-3.197442310920451e-14,0.10025687934332157,0.1,4.32132487499528,6.3280923479758195,9.913297758190515,0.9940208706578155,3.970791721343994,3.9872162342071533
id_randomized_heldout,A6_train_seed_3,40068,250,250,False,250,0,0,0.0,0.0,0.0,0.6013452529907255,0.10162651375623985,0.1,2.475365477743024,5.591454428897158,8.368127012394087,0.8496010418259824,3.968472842216492,3.985508680343628
id_randomized_heldout,A6_train_seed_3,40069,250,250,False,250,55,0,1.8403092040406512,20.95963006108006,460.0773010101628,-4.263256414560601e-14,0.1,0.1,4.846911812079097,11.502643040207941,9.250107974016213,0.9250107974016212,3.967347140312195,3.9856724739074707
id_randomized_heldout,A6_train_seed_3,40070,250,250,False,250,0,0,0.0,0.0,0.0,1.698749972759373,0.10033199534692795,0.1,4.3546822387855375,6.787584335877611,10.324071373804406,1.0358880096989094,3.96891272354126,3.985787868499756
id_randomized_heldout,A6_train_seed_3,40071,250,250,False,250,25,0,0.18091126908823713,3.6962263248751888,45.22781727205928,-1.4210854715202004e-14,0.12117360861392718,0.1,2.42994070490834,8.858469854302479,8.973625670059253,1.0938521196455808,3.9679901704788207,3.9862220287323
id_randomized_heldout,A6_train_seed_3,40072,250,250,False,250,2,0,0.0029738270106203077,0.5149599674098293,0.7434567526550769,0.0,0.1,0.1,3.938338770423235,7.121439006663713,10.437655485686076,1.0437655485686073,3.968872013092041,3.9860894680023193
id_randomized_heldout,A6_train_seed_3,40073,250,250,False,250,39,0,1.865110638938632,20.71792530232838,466.277659734658,-2.1316282072803006e-14,0.10016319621208387,0.1,7.1578654304246685,10.971954802942497,8.888978746110691,0.8906255608678783,3.9704622144699098,3.987014055252075
id_randomized_heldout,A6_train_seed_3,40074,250,250,False,250,26,183,0.6626990294600683,14.490873409307847,165.6747573650171,-1.4210854715202004e-14,0.10019760170258948,0.1,4.435847776397341,12.29231799233725,4.791996324196192,0.4811111020218054,3.96995756149292,3.986607313156128
id_randomized_heldout,A6_train_seed_3,40075,250,250,False,250,44,0,3.456571890254618,24.81662331029946,864.1429725636544,-2.1316282072803006e-14,0.1,0.1,7.483888467870627,9.722766469457373,10.016109478028756,1.0016109478028756,3.9699713649749757,3.9869489669799805
id_randomized_heldout,A6_train_seed_3,40076,250,250,False,250,16,0,0.5357600754173242,13.620992870465727,133.94001885433104,-2.1316282072803006e-14,0.10008612315048176,0.1,4.506977759213771,7.47605116889454,9.10166954686996,0.9108338535210767,3.970825269699097,3.987060785293579
id_randomized_heldout,A6_train_seed_3,40077,250,250,False,250,10,0,0.02700935159992872,1.2147093385371692,6.752337899982179,-1.4210854715202004e-14,0.1538707713340707,0.1,1.8482236671152195,5.8478156600766535,8.080829282844979,1.2340213621428524,3.9684181051254273,3.9856784343719482
id_randomized_heldout,A6_train_seed_3,40078,69,69,False,69,43,0,3.401507959615299,21.35646461162964,234.70404921345562,-1.4210854715202004e-14,0.09999999999999996,0.1,5.446586983504,10.58516330948288,7.397537199797403,0.7397537199797405,3.926130429558132,3.9858338832855225
id_randomized_heldout,A6_train_seed_3,40079,250,250,False,250,30,34,1.596712158434712,20.252029116117026,399.178039608678,-2.1316282072803006e-14,0.10132516221963797,0.1,7.536362340173091,10.427810129601923,9.542266411406846,0.9661341438334348,3.970511130332947,3.987013339996338
id_randomized_heldout,A6_train_seed_3,40080,45,45,False,45,12,0,4.465885052407533,25.22879255740614,200.96482735833897,-1.4210854715202004e-14,0.09999999999999996,0.1,5.375818849238776,10.905766816018618,7.217519475947783,0.7217519475947782,3.8965625762939453,3.986269950866699
id_randomized_heldout,A6_train_seed_3,40081,250,250,False,250,81,0,4.178039788651977,24.38804944521507,1044.5099471629942,-2.842170943040401e-14,0.1,0.1,8.390451524615495,20.74310781071297,9.570051600835008,0.9570051600835009,3.9692965993881226,3.986433982849121
id_randomized_heldout,A6_train_seed_3,40082,77,78,True,77,64,0,15.090309219547699,25.618274847207555,1177.0441191247205,-17.296482388543524,0.09999999999999996,0.1,7.788159244294959,11.75414633165741,10.176251858725784,1.0176251858725789,3.8189928898444543,3.9845824241638184
id_randomized_heldout,A6_train_seed_3,40083,250,250,False,250,44,13,3.065712324772892,28.112935342919922,766.4280811932231,-2.1316282072803006e-14,0.1,0.1,6.591155619902951,9.820355739414921,10.183548500717025,1.0183548500717023,3.969915276527405,3.9862477779388428
id_randomized_heldout,A6_train_seed_3,40084,250,250,False,250,39,0,3.215565007539557,23.64151639347838,803.8912518848894,-2.842170943040401e-14,0.1,0.1,9.76981781220639,14.611392872958413,9.679391854169374,0.9679391854169374,3.969509775161743,3.9862582683563232
id_randomized_heldout,A6_train_seed_3,40085,250,250,False,250,60,0,0.5488453804126606,11.377338573686037,137.21134510316514,-1.4210854715202004e-14,0.1,0.1,3.2624791396051367,10.415712478124508,9.303492475756203,0.9303492475756202,3.967904783248901,3.985569477081299
id_randomized_heldout,A6_train_seed_3,40086,250,250,False,250,6,0,0.0017277707238665494,0.13503440635175587,0.43194268096663735,-2.842170943040401e-14,0.10073999390088664,0.1,3.511558231916525,4.743582940821754,9.416822474288725,0.9495727538573504,3.968981158256531,3.985121726989746
id_randomized_heldout,A6_train_seed_3,40087,250,250,False,250,36,0,2.2089477995879476,26.477498754321278,552.2369498969869,-1.0658141036401503e-14,0.1,0.1,9.188291640308597,10.798852331595219,10.13240441614508,1.0132404416145082,3.9700703382492066,3.9863131046295166
id_randomized_heldout,A6_train_seed_3,40088,46,46,False,46,9,0,0.11351164830976598,1.1938816888810546,5.221535822249235,-3.197442310920451e-14,0.10028232532642593,0.1,3.79689997198557,5.084865423310269,8.306805310498865,0.8331192866110834,3.898922780285711,3.9869418144226074
id_randomized_heldout,A6_train_seed_3,40089,250,250,False,250,24,0,0.950315331799496,14.192207830044898,237.578832949874,-1.4210854715202004e-14,0.1,0.1,6.724865667981186,9.955327105201969,8.181831008380211,0.8181831008380211,3.970442274093628,3.986902952194214
id_randomized_heldout,A6_train_seed_3,40090,66,66,False,66,35,0,3.1427681320379524,21.582656129435563,207.42269671450487,-2.842170943040401e-14,0.09999999999999998,0.1,4.982206806287887,10.88613464828107,7.895069287561424,0.7895069287561424,3.924099579001918,3.986222505569458
id_randomized_heldout,A6_train_seed_3,40091,250,250,False,250,33,0,0.8811447364011321,21.485737029060708,220.28618410028304,-2.842170943040401e-14,0.10061147175018186,0.1,3.353010175570359,11.083021210375493,9.049051502459713,0.9096671058754114,3.9678125019073485,3.9865989685058594
id_randomized_heldout,A6_train_seed_3,40092,250,250,False,250,0,0,0.0,0.0,0.0,7.975036384738949,0.1000700467773697,0.1,4.617516248557022,4.821542122016916,7.40413784586572,0.7407683125511072,3.9696555280685426,3.986509323120117
id_randomized_heldout,A6_train_seed_3,40093,250,250,False,250,27,0,0.4568634645232506,18.35564612841574,114.21586613081266,-1.4210854715202004e-14,0.1007667990419858,0.1,4.099782110562768,10.676561163741397,9.439824738828488,0.9523255525440133,3.967360375404358,3.986297369003296
id_randomized_heldout,A6_train_seed_3,40094,250,250,False,250,64,0,0.3415438734444689,3.4754136055430713,85.38596836111722,-3.552713678800501e-14,0.10243949744383443,0.1,3.7641047071269007,7.168718451429199,8.470376305025544,0.8722543666522816,3.970103157043457,3.9871652126312256
id_randomized_heldout,A6_train_seed_3,40095,250,250,False,250,29,0,0.47823578760178,11.164556313470529,119.558946900445,-2.1316282072803006e-14,0.15048212328872565,0.1,2.1095996696484853,9.96666011656564,8.926200194787343,1.3438947173303561,3.9684792289733886,3.986145257949829
id_randomized_heldout,A6_train_seed_3,40096,250,250,False,250,36,0,0.10766151722026933,7.208307609340149,26.915379305067333,-2.842170943040401e-14,0.1,0.1,3.856041796757347,7.20486147990256,10.616674498242594,1.0616674498242595,3.9676992502212522,3.9853320121765137
id_randomized_heldout,A6_train_seed_3,40097,61,61,False,61,27,0,7.966007704191343,29.799827463114358,485.9264699556719,-1.4210854715202004e-14,0.09999999999999996,0.1,6.289098663091117,9.768569893222406,9.558774411035941,0.9558774411035941,3.3661425680410666,3.9856250286102295
id_randomized_heldout,A6_train_seed_3,40098,98,98,False,98,65,0,2.6226479822194695,20.652485593956243,257.019502257508,-1.4210854715202004e-14,0.09999999999999999,0.1,6.317298814824318,10.743000204580774,7.664911813167323,0.7664911813167321,3.9429766669565316,3.984973669052124
id_randomized_heldout,A6_train_seed_3,40099,250,250,False,250,45,0,3.466217307472261,26.889851880005764,866.5543268680652,-2.842170943040401e-14,0.1,0.1,6.523312266527788,11.82772519529988,9.397865062818019,0.939786506281802,3.9690589513778685,3.985682725906372
id_randomized_heldout,A6_train_seed_4,40000,250,250,False,250,33,0,0.6601596310262084,10.4785810600753,165.0399077565521,-1.4210854715202004e-14,0.12275741848878405,0.1,2.462968273862322,8.906936075825392,10.681081286828086,1.3215378064558652,3.84515026473999,3.8746087551116943
id_randomized_heldout,A6_train_seed_4,40001,250,250,False,250,23,0,1.4882274733191128,22.044426704398308,372.0568683297782,-2.842170943040401e-14,0.1,0.1,9.16351479496429,15.223754184646646,9.144201359370127,0.9144201359370125,3.8409256000518797,3.861665964126587
id_randomized_heldout,A6_train_seed_4,40002,250,250,False,250,61,0,1.0079403902950776,21.007725497098008,251.9850975737694,-2.842170943040401e-14,0.10055099056012447,0.1,4.576253084256695,10.68699989942903,10.208084437298217,1.0265354731025942,3.844996111869812,3.8637471199035645
id_randomized_heldout,A6_train_seed_4,40003,250,250,False,250,40,0,1.0187626709988171,20.05118818723819,254.6906677497043,-1.4210854715202004e-14,0.1002485027151614,0.1,4.871842303397559,9.685091792938234,10.148351428268825,1.0155929471198137,3.84662522983551,3.87154483795166
id_randomized_heldout,A6_train_seed_4,40004,250,250,False,250,20,0,1.5912710155166356,26.12774851252796,397.8177538791589,-1.0658141036401503e-14,0.1,0.1,6.1028409302063915,8.300791901502434,10.029767341835061,1.002976734183506,3.8392366333007812,3.874997138977051
id_randomized_heldout,A6_train_seed_4,40005,250,250,False,250,34,0,2.6832429340106008,23.52840137938617,670.8107335026502,-1.4210854715202004e-14,0.1,0.1,8.172937686496315,9.591776282272805,10.35745597427278,1.035745597427278,3.8417564573287963,3.8720016479492188
id_randomized_heldout,A6_train_seed_4,40006,250,250,False,250,24,0,1.9494800688130935,23.08507563582725,487.3700172032734,-1.4210854715202004e-14,0.1,0.1,6.008704422320823,8.412443623299726,8.773501577133178,0.8773501577133179,3.8367747001647947,3.863206148147583
id_randomized_heldout,A6_train_seed_4,40007,250,250,False,250,30,0,1.753392778651105,23.648101201124963,438.3481946627762,-2.1316282072803006e-14,0.1,0.1,8.311957615931252,8.979835363027968,8.59082129740374,0.8590821297403742,3.841877778053284,3.87021803855896
id_randomized_heldout,A6_train_seed_4,40008,250,250,False,250,19,0,0.12912033748616802,5.588973416444142,32.280084371542,-2.1316282072803006e-14,0.1,0.1,7.553155370583623,8.28890791368925,5.999511795441054,0.5999511795441056,3.844586884498596,3.862440586090088
id_randomized_heldout,A6_train_seed_4,40009,250,250,False,250,11,0,0.22964056180940942,8.554278884383718,57.41014045235236,-2.842170943040401e-14,0.1,0.1,7.77099709972259,8.272947528567062,6.609527791380942,0.6609527791380942,3.843695810317993,3.863842248916626
id_randomized_heldout,A6_train_seed_4,40010,250,250,False,250,65,0,0.3767159969940313,2.402344544573985,94.17899924850782,-1.4210854715202004e-14,0.10039469164293678,0.1,6.222676689501082,7.101450665953484,9.141050244439063,0.9171433151388638,3.849137608528137,3.866384267807007
id_randomized_heldout,A6_train_seed_4,40011,46,46,False,46,9,0,2.0594078569775176,17.41199194781032,94.7327614209658,-7.105427357601002e-15,0.09999999999999995,0.1,5.881603014207008,8.019458718518766,7.435877385491343,0.7435877385491345,3.777743935585022,3.867363929748535
id_randomized_heldout,A6_train_seed_4,40012,250,250,False,250,30,0,2.0834753075189782,25.4619244483472,520.8688268797446,-1.4210854715202004e-14,0.1,0.1,7.976498436933056,8.87902115011594,8.96898224549158,0.8968982245491579,3.841723794937134,3.87539005279541
id_randomized_heldout,A6_train_seed_4,40013,250,250,False,250,47,0,0.8574153882959633,19.921857468010124,214.35384707399083,-4.263256414560601e-14,0.10267591453103779,0.1,3.3616283292041675,10.183222606796154,10.616086590505288,1.0908526857914331,3.844665440559387,3.8659374713897705
id_randomized_heldout,A6_train_seed_4,40014,250,250,False,250,36,0,0.18459171868431998,2.137510708695692,46.14792967107999,-2.1316282072803006e-14,0.1,0.1,6.722560282930769,8.06728685433905,6.9925532653503994,0.69925532653504,3.847076018333435,3.8652772903442383
id_randomized_heldout,A6_train_seed_4,40015,250,250,False,250,60,114,1.9619533352536396,19.381874246469287,490.4883338134099,-2.842170943040401e-14,0.1,0.1,9.903136974674872,13.26723862573899,10.32932461026347,1.032932461026347,3.8422856798172,3.8667922019958496
id_randomized_heldout,A6_train_seed_4,40016,96,96,False,96,55,0,0.7563102507474655,1.9958424313234473,72.60578407175669,-2.842170943040401e-14,0.09999999999999999,0.1,5.378138441184521,6.695743947782378,6.5991886452394795,0.6599188645239479,3.82256206125021,3.864703893661499
id_randomized_heldout,A6_train_seed_4,40017,250,250,False,250,13,2,0.6599921327726883,16.850519166218223,164.9980331931721,-1.4210854715202004e-14,0.1,0.1,5.585454180340106,10.436492405523069,5.8087058223164005,0.58087058223164,3.8466178731918337,3.875894784927368
id_randomized_heldout,A6_train_seed_4,40018,250,250,False,250,28,0,1.9039358621238098,24.60484974802405,475.98396553095245,-1.4210854715202004e-14,0.1,0.1,8.40552015787362,9.235805630043282,8.221165302806511,0.8221165302806512,3.8417614097595214,3.8711929321289062
id_randomized_heldout,A6_train_seed_4,40019,39,39,False,39,14,0,0.19608182821857276,1.1350460052966502,7.647191300524337,-1.4210854715202004e-14,0.10080786588062757,0.1,4.742154717756336,6.001079567657506,7.709528723161718,0.7780186882115662,3.762650410334269,3.866636037826538
id_randomized_heldout,A6_train_seed_4,40020,250,250,False,250,14,0,0.21858814765602874,16.959972045163518,54.64703691400719,-1.4210854715202004e-14,0.10040167798096127,0.1,4.191169167403708,7.456765970948707,9.725584382282458,0.9748889288399618,3.8460248527526857,3.8660943508148193
id_randomized_heldout,A6_train_seed_4,40021,250,250,False,250,0,0,0.0,0.0,0.0,0.6383048534393296,0.10023166142356504,0.1,3.6745255635862915,6.21608154229346,9.045570891279237,0.9063216500871321,3.8470978698730467,3.8668277263641357
id_randomized_heldout,A6_train_seed_4,40022,250,250,False,250,97,123,4.970731880331183,22.5913283553477,1242.6829700827957,-2.842170943040401e-14,0.1,0.1,9.405029414456923,12.003599408109148,10.252895547541456,1.0252895547541456,3.8429679479598997,3.867595672607422
id_randomized_heldout,A6_train_seed_4,40023,250,250,False,250,47,0,2.4378210815513617,24.04723765523217,609.4552703878404,-2.842170943040401e-14,0.1,0.1,6.728710952136281,8.432766728316523,8.93939612260318,0.8939396122603178,3.8421442260742187,3.881136417388916
id_randomized_heldout,A6_train_seed_4,40024,250,250,False,250,1,0,1.9687028431798413e-06,0.0004921757107949603,0.0004921757107949603,0.0,0.10029234677205537,0.1,5.0952551074570005,6.350619695080071,7.893973522809551,0.7918433050940268,3.8490293407440186,3.8650805950164795
id_randomized_heldout,A6_train_seed_4,40025,250,250,False,250,44,0,0.9766427584468953,20.36427267673627,244.16068961172383,-2.842170943040401e-14,0.1119970656258619,0.1,2.969324073952283,10.928342983622057,10.62794031119512,1.195797388708266,3.8445881452560426,3.865459680557251
id_randomized_heldout,A6_train_seed_4,40026,250,250,False,250,21,0,0.5309548153782786,11.004550749141695,132.73870384456964,-2.1316282072803006e-14,0.1,0.1,5.943252462151127,6.403204549830232,7.061188286345942,0.7061188286345944,3.845119758605957,3.865271806716919
id_randomized_heldout,A6_train_seed_4,40027,250,250,False,250,32,0,2.435889251689332,24.819057615086784,608.972312922333,-2.1316282072803006e-14,0.1,0.1,6.5736760723215895,8.184829432141028,9.555693039932478,0.955569303993248,3.840678917884827,3.8760275840759277
id_randomized_heldout,A6_train_seed_4,40028,250,250,False,250,3,0,0.004692391460283379,0.5566442966461196,1.1730978650708448,-1.4210854715202004e-14,0.10018016127007152,0.1,5.780034093454279,6.7191075371289735,8.227246389241184,0.8245323174041463,3.8489037923812868,3.865874767303467
id_randomized_heldout,A6_train_seed_4,40029,52,53,True,52,44,0,15.891552166797052,23.29825872215734,842.2522648402437,-32.604114854407655,0.09999999999999996,0.1,7.210529221267502,11.805966773314513,10.54200422809755,1.054200422809755,3.7895480731748186,3.8751096725463867
id_randomized_heldout,A6_train_seed_4,40030,82,82,False,82,54,1,3.560367894812231,21.25943912008232,291.9501673746029,-1.4210854715202004e-14,0.1054445054121684,0.1,4.6434350777464495,9.702796245814643,8.342085885950706,0.8801727019157174,3.8153146418129524,3.87632417678833
id_randomized_heldout,A6_train_seed_4,40031,250,250,False,250,24,0,0.7423194870574387,21.170297663839147,185.57987176435967,-1.4210854715202004e-14,0.10259474879179144,0.1,2.878530638845913,7.604987111548379,7.697004927082218,0.7888548841165036,3.8458322191238405,3.8750972747802734
id_randomized_heldout,A6_train_seed_4,40032,250,250,False,250,0,0,0.0,0.0,0.0,4.588819401479782,0.10601272033296931,0.1,2.444631558245143,6.244201981693697,9.743922088243172,1.0335184427048385,3.845789852142334,3.8663136959075928
id_randomized_heldout,A6_train_seed_4,40033,250,250,False,250,20,0,0.6201805726427607,11.71134602660789,155.04514316069017,-2.1316282072803006e-14,0.1,0.1,6.726378652421584,7.4040908511417225,7.164261919073663,0.7164261919073663,3.8447734212875364,3.8679563999176025
id_randomized_heldout,A6_train_seed_4,40034,250,250,False,250,23,0,0.2793725963936449,8.25989013194653,69.84314909841123,-2.1316282072803006e-14,0.1,0.1,7.7745727747350974,8.519951732887392,7.330802919353562,0.7330802919353562,3.8436495532989503,3.8637962341308594
id_randomized_heldout,A6_train_seed_4,40035,250,250,False,250,16,0,0.015608849179744765,0.6538442134857192,3.9022122949361915,0.0,0.1004797220273193,0.1,4.810726084672057,6.450114499849837,8.667033653586856,0.8714444369880884,3.8473131494522095,3.865947723388672
id_randomized_heldout,A6_train_seed_4,40036,250,250,False,250,69,0,5.0924628868918465,23.341408411266336,1273.1157217229616,-2.1316282072803006e-14,0.1,0.1,8.630933758333969,10.082537747654227,10.586117938672334,1.0586117938672335,3.8420683460235594,3.8746743202209473
id_randomized_heldout,A6_train_seed_4,40037,76,76,False,76,42,2,9.277423900835592,31.64510369713539,705.084216463505,-2.842170943040401e-14,0.09999999999999998,0.1,8.35166160616194,12.068737076017282,8.37863952587186,0.8378639525871856,3.8078069655518783,3.8777012825012207
id_randomized_heldout,A6_train_seed_4,40038,250,250,False,250,29,0,0.08408026511235511,0.7988382339477553,21.020066278088777,0.0,0.10078880164722821,0.1,4.948883121840214,6.876488891277816,7.358257895066303,0.7439729578929024,3.8478977422714236,3.8697831630706787
id_randomized_heldout,A6_train_seed_4,40039,250,250,False,250,4,0,0.00608781620372714,1.3713022887242228,1.521954050931785,-2.842170943040401e-14,0.12701841475177642,0.1,2.4434611728947546,9.022631371797962,10.336074499543946,1.316997627925004,3.8445755500793455,3.866558074951172
id_randomized_heldout,A6_train_seed_4,40040,45,45,False,45,5,0,0.3654665027117777,6.804271387485927,16.445992622029998,-2.1316282072803006e-14,0.09999999999999996,0.1,4.46504923238093,6.485040925628118,7.6680696250010705,0.7668069625001072,3.777653365665012,3.8650717735290527
id_randomized_heldout,A6_train_seed_4,40041,250,250,False,250,250,0,22.632147423244938,23.013609799645824,5658.036855811234,-2.842170943040401e-14,0.1,0.1,5.693344526409379,11.03638050940881,6.369413129530852,0.6369413129530851,3.8432469749450684,3.860896587371826
id_randomized_heldout,A6_train_seed_4,40042,250,250,False,250,30,169,1.3664214789628408,16.24558101410867,341.6053697407102,-2.842170943040401e-14,0.1,0.1,9.311104729486084,10.339773471714045,10.198433326616003,1.0198433326616005,3.8419718103408815,3.866673707962036
id_randomized_heldout,A6_train_seed_4,40043,250,250,False,250,7,0,0.3107225827129245,19.69353780154487,77.68064567823113,-2.842170943040401e-14,0.1792296413894029,0.1,2.0183769390626844,9.781803028296805,10.523208402122556,1.9191468655009372,3.8444992876052857,3.8654541969299316
id_randomized_heldout,A6_train_seed_4,40044,250,250,False,250,30,0,0.33484055922298944,19.70123079942871,83.71013980574736,-2.842170943040401e-14,0.10003189520123441,0.1,6.382349911896037,8.857448642686506,8.257480059790177,0.8259612564379771,3.8488414487838747,3.867582082748413
id_randomized_heldout,A6_train_seed_4,40045,250,250,False,250,29,0,0.5115286671240703,20.661329573140534,127.88216678101757,-1.4210854715202004e-14,0.10064596509398752,0.1,4.485534144481175,7.533266209278442,9.89009883364201,0.9935634986121277,3.8462270164489745,3.866079568862915
id_randomized_heldout,A6_train_seed_4,40046,250,250,False,250,250,0,10.515539361765295,25.258597728865677,2628.884840441324,-2.842170943040401e-14,0.1000356042840798,0.1,4.11329046231466,13.953638069693056,10.59726708851039,1.0599519609426207,3.7775197095870974,3.8638808727264404
id_randomized_heldout,A6_train_seed_4,40047,250,250,False,250,41,0,1.4824525569413427,21.68971546851933,370.61313923533567,-1.4210854715202004e-14,0.10136347717231337,0.1,3.973602562577581,9.904815724254785,10.101890626859195,1.0247794385981897,3.8460249948501586,3.8762593269348145
id_randomized_heldout,A6_train_seed_4,40048,43,43,False,43,7,0,0.8980244827978475,8.832344279853467,38.61505276030744,-2.1316282072803006e-14,0.09999999999999998,0.1,5.600541689814335,8.058234828854328,4.3717194943788105,0.4371719494378809,3.7712058965549913,3.8639309406280518
id_randomized_heldout,A6_train_seed_4,40049,250,250,False,250,55,155,1.5477038203469091,17.53121926898843,386.9259550867273,-2.842170943040401e-14,0.1,0.1,9.11159134574553,10.91842494111332,10.50859530850434,1.050859530850434,3.8424823760986326,3.8685762882232666
id_randomized_heldout,A6_train_seed_4,40050,250,250,False,250,27,0,0.04277018629027445,1.678178503899365,10.692546572568613,-2.842170943040401e-14,0.10012268923911143,0.1,5.999874284212972,6.8387621917237364,10.181104236263337,1.0190761409347113,3.850097156524658,3.8667190074920654
id_randomized_heldout,A6_train_seed_4,40051,250,250,False,250,54,1,0.2631877373276419,2.808487671450912,65.79693433191048,-1.4210854715202004e-14,0.10020561884090466,0.1,6.292435310974646,7.331808862314254,10.43737088659704,1.045685125732308,3.850228769302368,3.8671348094940186
id_randomized_heldout,A6_train_seed_4,40052,250,250,False,250,28,0,2.1077252613299753,24.605468318543213,526.9313153324938,-1.4210854715202004e-14,0.1,0.1,8.439802928887108,9.85814420083977,10.831192458232424,1.0831192458232426,3.841360508918762,3.8740737438201904
id_randomized_heldout,A6_train_seed_4,40053,65,65,False,65,18,0,0.1332256772438217,2.6600957428222047,8.65966902084841,-4.263256414560601e-14,0.09999999999999999,0.1,5.145947325013789,6.777367881862233,5.932490274454986,0.5932490274454988,3.8027605276841383,3.864788770675659
id_randomized_heldout,A6_train_seed_4,40054,250,250,False,250,248,0,5.750197487522252,20.8387965102167,1437.549371880563,-1.4210854715202004e-14,0.10123712272045259,0.1,3.2709240040504075,9.533527351258734,10.102868203730806,1.0232017142794225,3.844293776512146,3.8617303371429443
id_randomized_heldout,A6_train_seed_4,40055,250,250,False,250,19,0,0.9591337071080998,23.953255918716017,239.78342677702494,-2.1316282072803006e-14,0.1,0.1,7.271357055519111,8.819917174004074,8.458105943729526,0.8458105943729529,3.8414385080337525,3.8656387329101562
id_randomized_heldout,A6_train_seed_4,40056,53,53,False,53,0,0,0.0,0.0,0.0,7.1343778613954285,0.10094888030110695,0.1,3.9692328768809597,5.21772143422313,9.75556922283796,0.9861721213735918,3.793105314362724,3.869506359100342
id_randomized_heldout,A6_train_seed_4,40057,77,78,True,77,77,0,18.730580267736645,24.49571238139244,1460.9852608834583,-17.311437345308672,0.09999999999999996,0.1,7.458905306255057,13.629859695798974,10.210089551137804,1.0210089551137802,3.814266247627063,3.877622365951538
id_randomized_heldout,A6_train_seed_4,40058,250,250,False,250,235,0,0.9497139975401501,1.6534758304473942,237.42849938503753,-4.263256414560601e-14,0.10242115024965182,0.1,3.1143760778121665,6.852512790694504,10.038555834231676,1.0294944082324524,3.845722710609436,3.864832639694214
id_randomized_heldout,A6_train_seed_4,40059,250,250,False,250,0,0,0.0,0.0,0.0,6.319323502538133,0.10003358992888244,0.1,5.086512896206179,6.27571566904887,9.536780841129959,0.9540552047731674,3.8503082942962648,3.866274118423462
id_randomized_heldout,A6_train_seed_4,40060,57,57,False,57,0,0,0.0,0.0,0.0,1.4744874372284755,0.10307536326220251,0.1,4.378236003829472,4.9986141907066,7.986165280196531,0.8262304242062636,3.7958505906556783,3.8655643463134766
id_randomized_heldout,A6_train_seed_4,40061,250,250,False,250,23,0,0.4449125487895741,20.061953738610345,111.22813719739352,-1.4210854715202004e-14,0.10045834045947286,0.1,5.500630669737078,9.339493138255945,8.569116321821273,0.8590641665279375,3.848021943092346,3.8694608211517334
id_randomized_heldout,A6_train_seed_4,40062,250,250,False,250,24,0,1.903423170950297,24.95429788486116,475.85579273757423,-2.1316282072803006e-14,0.1,0.1,9.093497578288375,11.648803398323942,10.150583957384617,1.0150583957384616,3.8417469663619994,3.866718292236328
id_randomized_heldout,A6_train_seed_4,40063,250,250,False,250,0,0,0.0,0.0,0.0,5.56108887611596,0.1,0.1,5.0653329875319395,8.219398842368603,8.597570590604695,0.8597570590604696,3.8498901348114014,3.867804527282715
id_randomized_heldout,A6_train_seed_4,40064,39,39,False,39,2,0,0.024653512707889902,0.5134943846763126,0.9614869956077062,0.0,0.10000000000000002,0.1,4.674724492816355,6.257933928856791,6.992348723091782,0.6992348723091784,3.762714930069752,3.8666415214538574
id_randomized_heldout,A6_train_seed_4,40065,250,250,False,250,76,13,5.648768468158604,22.01637556959165,1412.192117039651,-1.4210854715202004e-14,0.10014642243716418,0.1,9.820259123704359,14.075974789908912,10.339821584478507,1.0353171005547797,3.8412958822250367,3.862999677658081
id_randomized_heldout,A6_train_seed_4,40066,250,250,False,250,23,0,1.5456521675031727,25.18555424261185,386.41304187579317,-2.1316282072803006e-14,0.1,0.1,6.8089175948495635,10.767128915094913,8.027889651755698,0.8027889651755697,3.8424797210693358,3.867414712905884
id_randomized_heldout,A6_train_seed_4,40067,250,250,False,250,11,0,0.041615812257249,1.315244210441634,10.403953064312251,-2.842170943040401e-14,0.1,0.1,7.106220193952752,8.318597402113342,7.433263146872993,0.7433263146872994,3.8438205585479737,3.8663339614868164
id_randomized_heldout,A6_train_seed_4,40068,250,250,False,250,1,0,0.002292088317871105,0.5730220794677763,0.5730220794677763,0.0,0.100023999058094,0.1,4.712492109787546,5.681461019207454,8.888522964417396,0.8890599682501042,3.847236572265625,3.8642072677612305
id_randomized_heldout,A6_train_seed_4,40069,250,250,False,250,49,0,1.807252348127443,19.719521107235302,451.81308703186073,-2.842170943040401e-14,0.1,0.1,3.9981100542199677,10.4066727152091,10.251271720261787,1.025127172026179,3.844844655036926,3.8670594692230225
id_randomized_heldout,A6_train_seed_4,40070,250,250,False,250,1,0,0.0005023007179985983,0.12557517949964958,0.12557517949964958,-1.4210854715202004e-14,0.1,0.1,4.704934768720206,6.603718839043401,9.747662151707656,0.9747662151707657,3.853040044784546,3.870016574859619
id_randomized_heldout,A6_train_seed_4,40071,250,250,False,250,30,0,0.16309820442154296,2.8221648729909954,40.77455110538574,-1.4210854715202004e-14,0.1036347772477894,0.1,3.0195388629915407,7.808934459104371,10.073204830280279,1.0455171159515826,3.845079999923706,3.8660173416137695
id_randomized_heldout,A6_train_seed_4,40072,250,250,False,250,1,0,0.003645035588555106,0.9112588971387765,0.9112588971387765,0.0,0.1,0.1,5.291749035132307,5.921166398248718,8.574197685450187,0.8574197685450188,3.852177930831909,3.869330883026123
id_randomized_heldout,A6_train_seed_4,40073,250,250,False,250,36,0,1.749291583228725,19.81268116419294,437.3228958071813,-2.1316282072803006e-14,0.1,0.1,8.744650286604013,9.964858914102308,10.35855818087898,1.035855818087898,3.842209608078003,3.8675713539123535
id_randomized_heldout,A6_train_seed_4,40074,250,250,False,250,26,24,0.6442699430144353,14.369452368792205,161.06748575360882,-1.4210854715202004e-14,0.1,0.1,9.280708177013693,10.189679335311828,10.787643584026856,1.0787643584026858,3.8421381120681763,3.866398572921753
id_randomized_heldout,A6_train_seed_4,40075,250,250,False,250,68,0,3.2729686403178255,23.430566262953008,818.2421600794564,-2.1316282072803006e-14,0.1,0.1,6.64885767772638,7.584456871781571,8.10716188194703,0.8107161881947033,3.8429496698379517,3.874960422515869
id_randomized_heldout,A6_train_seed_4,40076,250,250,False,250,16,0,0.49706394449561087,12.84129210870175,124.26598612390272,-2.1316282072803006e-14,0.1,0.1,7.600160614786988,8.361320066011725,6.202907397794952,0.6202907397794953,3.843267197608948,3.8654274940490723
id_randomized_heldout,A6_train_seed_4,40077,250,250,False,250,13,0,0.018347161967929147,0.9244889786314593,4.586790491982287,-2.1316282072803006e-14,0.10022217351287671,0.1,5.927508174741712,7.581100270997977,8.530931854155005,0.8551697300796894,3.849244369506836,3.8658716678619385
id_randomized_heldout,A6_train_seed_4,40078,71,71,False,71,44,0,3.3348646816247274,20.849210401551165,236.77539239535565,-2.842170943040401e-14,0.11637326611614858,0.1,3.4884465574144357,7.68393403218396,7.5199865918655835,0.8825624056597355,3.8055089796093147,3.8689239025115967
id_randomized_heldout,A6_train_seed_4,40079,250,250,False,250,30,20,1.5222094695725443,19.04535840884167,380.5523673931361,-2.1316282072803006e-14,0.1,0.1,9.132005951119824,10.22852126322469,10.365127838179689,1.0365127838179686,3.8420067558288573,3.868248701095581
id_randomized_heldout,A6_train_seed_4,40080,44,44,False,44,12,0,4.238446356018255,23.817367901895572,186.4916396648032,-1.4210854715202004e-14,0.09999999999999996,0.1,6.53280441642235,9.365389029846064,8.463662291315758,0.846366229131576,3.7763319286433132,3.8694701194763184
id_randomized_heldout,A6_train_seed_4,40081,250,250,False,250,83,0,3.9277940313562736,22.863778305754643,981.9485078390684,-2.842170943040401e-14,0.1,0.1,8.575948914224222,14.003429447640935,9.619569090989756,0.9619569090989757,3.841600419044495,3.8605332374572754
id_randomized_heldout,A6_train_seed_4,40082,77,78,True,77,65,0,14.541009002974528,25.333903560359058,1134.1987022320131,-16.795275668809072,0.09999999999999996,0.1,8.077951728694883,12.848456701653516,7.83055886461083,0.7830558864610829,3.724398273688096,3.8777060508728027
id_randomized_heldout,A6_train_seed_4,40083,250,250,False,250,42,12,2.9220909205955485,27.606967287596643,730.5227301488871,-2.1316282072803006e-14,0.1,0.1,9.104420469538487,10.635412950974644,10.175516312352634,1.0175516312352635,3.841749987602234,3.8630588054656982
id_randomized_heldout,A6_train_seed_4,40084,250,250,False,250,39,0,2.9810575352011575,22.10434073399013,745.2643838002894,-2.842170943040401e-14,0.1,0.1,8.281389620621532,10.043737612140358,10.868849085132776,1.0868849085132777,3.8411503076553344,3.862746238708496
id_randomized_heldout,A6_train_seed_4,40085,250,250,False,250,59,0,0.5417501988855186,11.505347606107177,135.43754972137964,-2.842170943040401e-14,0.10342756581699396,0.1,5.598590871811436,7.244774266835398,8.709057616713977,0.9004397091422445,3.8467903480529784,3.8652801513671875
id_randomized_heldout,A6_train_seed_4,40086,250,250,False,250,1,0,0.0009685982165000336,0.2421495541250084,0.2421495541250084,2.842170943040401e-14,0.1,0.1,4.792428716126587,6.586126370533455,9.38100402937298,0.9381004029372982,3.8528722314834596,3.8696506023406982
id_randomized_heldout,A6_train_seed_4,40087,250,250,False,250,36,0,2.088948299627303,25.206679578744325,522.2370749068258,-1.0658141036401503e-14,0.1,0.1,7.675776569960584,8.917772505745454,8.43095962621227,0.8430959626212269,3.841178737640381,3.8692142963409424
id_randomized_heldout,A6_train_seed_4,40088,48,48,False,48,6,0,0.09532601768473142,1.248960352438994,4.575648848867108,-1.0658141036401503e-14,0.10208096087402914,0.1,4.994382553228423,6.805727857055757,5.654948728470333,0.5822508721273094,3.780635043978691,3.866389036178589
id_randomized_heldout,A6_train_seed_4,40089,250,250,False,250,24,0,0.9131226552068106,13.361874190567802,228.28066380170264,-1.4210854715202004e-14,0.1,0.1,9.01785475804888,9.894052519855318,10.338052860210293,1.0338052860210294,3.8417903966903686,3.8667447566986084
id_randomized_heldout,A6_train_seed_4,40090,69,69,False,69,36,0,3.020629972498416,21.566456315974985,208.4234681023907,-2.842170943040401e-14,0.10149474686199501,0.1,4.567006066798727,10.912079606482017,7.036366671271262,0.7147203888756375,3.806522165519604,3.873029947280884
id_randomized_heldout,A6_train_seed_4,40091,250,250,False,250,32,0,0.8324207759508406,21.136918782036414,208.10519398771015,-2.842170943040401e-14,0.10057443464347265,0.1,4.75184781808989,10.323575487341222,8.12641497219036,0.8156586502354185,3.8481529970169066,3.8931350708007812
id_randomized_heldout,A6_train_seed_4,40092,250,250,False,250,0,0,0.0,0.0,0.0,8.408499816814725,0.10041756538748126,0.1,4.210509908049273,6.294200790092696,8.31511937445779,0.83548084187893,3.851888783454895,3.8682267665863037
id_randomized_heldout,A6_train_seed_4,40093,250,250,False,250,28,0,0.4624072443830999,17.67393875480308,115.60181109577498,-1.4210854715202004e-14,0.198001795607395,0.1,1.7423212488834925,7.946843262893736,10.32955809090223,2.107941435914407,3.8449175243377685,3.8794596195220947
id_randomized_heldout,A6_train_seed_4,40094,250,250,False,250,62,0,0.19004947126957278,2.7651389320881044,47.5123678173932,-3.552713678800501e-14,0.1,0.1,7.293233947557428,9.501211381135027,7.7604815148984505,0.7760481514898452,3.844711224555969,3.865562677383423
id_randomized_heldout,A6_train_seed_4,40095,250,250,False,250,27,0,0.4086632695468872,9.843397510932684,102.1658173867218,-1.4210854715202004e-14,0.1020579696879597,0.1,3.77926229640526,6.486624485144779,9.857150362967454,1.0083929961704108,3.8461521406173707,3.8657703399658203
id_randomized_heldout,A6_train_seed_4,40096,250,250,False,250,44,0,0.12047910436397029,7.846466450210516,30.119776090992573,-2.842170943040401e-14,0.10564673195886258,0.1,2.8949606071697263,6.0047070526070545,10.833124101200621,1.1462227526425557,3.845072135925293,3.864755868911743
id_randomized_heldout,A6_train_seed_4,40097,61,61,False,61,28,0,7.872967577589854,29.03970330881208,480.2510222329811,-1.4210854715202004e-14,0.09999999999999996,0.1,7.762783261383864,10.375078553568706,9.004700377299326,0.9004700377299325,3.794551489783115,3.875462770462036
id_randomized_heldout,A6_train_seed_4,40098,97,97,False,97,62,0,2.5082268935649137,20.67701943632817,243.29800867579664,-1.4210854715202004e-14,0.10363434522420904,0.1,3.324246301500136,9.945530968164933,7.449018081729109,0.7649552711231106,3.819324989908749,3.8646998405456543
id_randomized_heldout,A6_train_seed_4,40099,250,250,False,250,45,0,3.309666731450526,26.098077454014543,827.4166828626314,-2.842170943040401e-14,0.1,0.1,7.4531479957788305,9.84104030969571,9.52899637920771,0.952899637920771,3.8424068059921264,3.8762660026550293
