population,condition,training_seed,scenario,controller,seed,reward,steps,success,final_distance,max_speed,max_command_torque,fault_seen
heldout,A4c,0,id_reference,A4c_train_seed_0,40000,-123.23241113691597,250,false,0.21369471845229052,6.5471150632340009,40,false
heldout,A4c,0,id_reference,A4c_train_seed_0,40001,-122.40647663202927,250,false,0.25994164386116198,11.511386667564006,40,false
heldout,A4c,0,id_reference,A4c_train_seed_0,40002,-222.45572538302162,250,false,0.31894636477578969,19.277428955557401,40,false
heldout,A4c,0,id_reference,A4c_train_seed_0,40003,-138.99204280578093,250,false,0.21484606611766599,13.35291308399907,40,false
heldout,A4c,0,id_reference,A4c_train_seed_0,40004,-70.899180481005146,63,true,0.038567447063091169,14.755030362476772,40,false
heldout,A4c,0,id_reference,A4c_train_seed_0,40005,-91.532207370738703,250,false,0.081747562827279477,10.299882071294515,40,false
heldout,A4c,0,id_reference,A4c_train_seed_0,40006,-70.162814989228423,75,true,0.049483201275879185,12.096521176550111,40,false
heldout,A4c,0,id_reference,A4c_train_seed_0,40007,-114.74747249185026,250,false,0.090945878461957258,11.350157024096736,40,false
heldout,A4c,0,id_reference,A4c_train_seed_0,40008,-31.419630298615253,59,true,0.047063227228746118,7.1864564387194303,40,false
heldout,A4c,0,id_reference,A4c_train_seed_0,40009,-24.16510956893433,37,true,0.049141963739948807,8.2670163484490153,40,false
heldout,A4c,0,id_reference,A4c_train_seed_0,40010,-99.879163851851047,250,false,0.1592765293122955,7.5458142818731693,40,false
heldout,A4c,0,id_reference,A4c_train_seed_0,40011,-23.212907238434155,39,true,0.047909403271754525,11.589283131320418,40,false
heldout,A4c,0,id_reference,A4c_train_seed_0,40012,-104.91556547499432,250,false,0.10293478286343752,10.658674063098427,40,false
heldout,A4c,0,id_reference,A4c_train_seed_0,40013,-99.994557568729689,82,true,0.048456170749437352,9.5733540654839562,40,false
heldout,A4c,0,id_reference,A4c_train_seed_0,40014,-38.244566574529728,66,true,0.049539314841058314,6.3744343333601385,40,false
heldout,A4c,0,id_reference,A4c_train_seed_0,40015,-245.30314226072562,250,false,0.81891960576922351,9.5426963671479665,40,false
heldout,A4c,0,id_reference,A4c_train_seed_0,40016,-46.721192898742828,81,true,0.049279789924437149,3.5913100173209873,32.299503326416016,false
heldout,A4c,0,id_reference,A4c_train_seed_0,40017,-57.674403853340095,60,true,0.048918142515447641,14.989964495554695,40,false
heldout,A4c,0,id_reference,A4c_train_seed_0,40018,-82.243625929288868,67,true,0.049778928225551064,11.044096242236693,40,false
heldout,A4c,0,id_reference,A4c_train_seed_0,40019,-21.575112629334718,37,true,0.017745462418721714,8.3717605448780894,40,false
heldout,A4c,0,id_reference,A4c_train_seed_0,40020,-56.051230427852119,65,true,0.039194943976777176,6.0876388420260605,40,false
heldout,A4c,0,id_reference,A4c_train_seed_0,40021,-126.99151549657554,250,false,0.32590450540526683,4.9290622633633792,39.610736846923828,false
heldout,A4c,0,id_reference,A4c_train_seed_0,40022,-260.88735076154376,250,false,0.7642859245116348,11.188409836284826,40,false
heldout,A4c,0,id_reference,A4c_train_seed_0,40023,-167.10587252540577,250,false,0.12004925056972439,10.409686917654916,40,false
heldout,A4c,0,id_reference,A4c_train_seed_0,40024,-71.610168184636734,250,false,0.14053141080973028,5.3230461668385214,35.69000244140625,false
heldout,A4c,0,id_reference,A4c_train_seed_0,40025,-139.5182544500006,250,false,0.19476881318518127,11.367654188731198,40,false
heldout,A4c,0,id_reference,A4c_train_seed_0,40026,-93.057608891995912,250,false,0.1772879544747881,7.1890940479187044,40,false
heldout,A4c,0,id_reference,A4c_train_seed_0,40027,-84.81017255828796,62,true,0.042029836837035567,11.899395521600063,40,false
heldout,A4c,0,id_reference,A4c_train_seed_0,40028,-29.264290827811873,51,true,0.042343423395343839,7.4752501769221622,40,false
heldout,A4c,0,id_reference,A4c_train_seed_0,40029,-135.1675030990362,73,true,0.018529687895470024,12.389411615412076,40,false
heldout,A4c,0,id_reference,A4c_train_seed_0,40030,-63.931605913709554,67,true,0.049311208528235589,15.216818296106451,40,false
heldout,A4c,0,id_reference,A4c_train_seed_0,40031,-67.986657702672545,59,true,0.025487697940688562,10.628266954900136,40,false
heldout,A4c,0,id_reference,A4c_train_seed_0,40032,-99.636298902118114,250,false,0.27245448556921853,5.0288993145054297,36.503395080566406,false
heldout,A4c,0,id_reference,A4c_train_seed_0,40033,-66.314083819091266,250,false,0.066267702025708461,8.5062395803380859,40,false
heldout,A4c,0,id_reference,A4c_train_seed_0,40034,-27.746484206164126,38,true,0.026870961582934672,8.6870017311555898,40,false
heldout,A4c,0,id_reference,A4c_train_seed_0,40035,-102.78289808964355,250,false,0.24603161112525809,5.4544042925716276,40,false
heldout,A4c,0,id_reference,A4c_train_seed_0,40036,-197.75270411778078,250,false,0.50746140336295686,10.003796135537151,40,false
heldout,A4c,0,id_reference,A4c_train_seed_0,40037,-102.77448018663941,250,false,0.11304552657304422,17.505516199752144,40,false
heldout,A4c,0,id_reference,A4c_train_seed_0,40038,-105.22621487990797,250,false,0.19122778275958707,3.1473383341349472,40,false
heldout,A4c,0,id_reference,A4c_train_seed_0,40039,-121.82161239419318,250,false,0.28787707654626082,3.695073374466979,40,false
heldout,A4c,0,id_reference,A4c_train_seed_0,40040,-46.231687188692156,250,false,0.05783383029100797,4.7732328494501104,36.86273193359375,false
heldout,A4c,0,id_reference,A4c_train_seed_0,40041,-284.94885893439823,250,false,0.59282392292906028,10.240535337209465,40,false
heldout,A4c,0,id_reference,A4c_train_seed_0,40042,-102.2693449388551,250,false,0.16696695550460869,9.7370375967369078,40,false
heldout,A4c,0,id_reference,A4c_train_seed_0,40043,-67.780790999044754,79,true,0.028988901993388022,6.9571915697737694,40,false
heldout,A4c,0,id_reference,A4c_train_seed_0,40044,-59.276237772111344,81,true,0.049723379923629775,10.361478719910471,40,false
heldout,A4c,0,id_reference,A4c_train_seed_0,40045,-75.679091307323887,103,true,0.049379457561772033,9.9365323126502965,40,false
heldout,A4c,0,id_reference,A4c_train_seed_0,40046,-99.903222250042745,93,true,0.046985499093760472,13.337010547577938,40,false
heldout,A4c,0,id_reference,A4c_train_seed_0,40047,-156.54614779685491,250,false,0.14851080056162166,12.101036961627424,40,false
heldout,A4c,0,id_reference,A4c_train_seed_0,40048,-23.329084927465367,49,true,0.048540653880342705,11.464024583657029,40,false
heldout,A4c,0,id_reference,A4c_train_seed_0,40049,-153.24533919537151,250,false,0.36288262292590828,10.168761926302503,40,false
heldout,A4c,0,id_reference,A4c_train_seed_0,40050,-84.557471097220059,250,false,0.14496472168766367,6.3984250314920086,37.354686737060547,false
heldout,A4c,0,id_reference,A4c_train_seed_0,40051,-83.084969924026112,250,false,0.10430123421674319,8.658173868346136,40,false
heldout,A4c,0,id_reference,A4c_train_seed_0,40052,-73.825558460832681,60,true,0.036711443854135613,11.260799479557019,40,false
heldout,A4c,0,id_reference,A4c_train_seed_0,40053,-29.414349249405923,41,true,0.049602732976562813,4.3720784722393917,40,false
heldout,A4c,0,id_reference,A4c_train_seed_0,40054,-157.7050120637727,250,false,0.065367994513783556,9.0542039482722707,40,false
heldout,A4c,0,id_reference,A4c_train_seed_0,40055,-45.777461241133437,61,true,0.04855603009755205,11.3055118937363,40,false
heldout,A4c,0,id_reference,A4c_train_seed_0,40056,-2.3944853227043748,24,true,0.046136030382971406,3.2265637857587337,33.505245208740234,false
heldout,A4c,0,id_reference,A4c_train_seed_0,40057,-73.071677908944508,86,true,0.049521068539052505,12.48670475076352,40,false
heldout,A4c,0,id_reference,A4c_train_seed_0,40058,-235.74704596562557,250,false,0.73884638533309466,7.411251513503851,40,false
heldout,A4c,0,id_reference,A4c_train_seed_0,40059,-89.42824679075234,250,false,0.13629270463847276,2.8909834575564548,38.502426147460938,false
heldout,A4c,0,id_reference,A4c_train_seed_0,40060,-39.07604180577934,250,false,0.065349757109947337,5.6944614034657572,31.995635986328125,false
heldout,A4c,0,id_reference,A4c_train_seed_0,40061,-93.618817426779955,250,false,0.11400519587592794,12.363235510774617,40,false
heldout,A4c,0,id_reference,A4c_train_seed_0,40062,-56.531918040887078,68,true,0.049550878835705206,14.917934807127379,40,false
heldout,A4c,0,id_reference,A4c_train_seed_0,40063,-94.586368960481067,250,false,0.18923743251851638,3.9249953174487207,34.915069580078125,false
heldout,A4c,0,id_reference,A4c_train_seed_0,40064,-15.29870938881597,43,true,0.049881400235056272,6.7698436585477921,37.774337768554688,false
heldout,A4c,0,id_reference,A4c_train_seed_0,40065,-233.50175218212985,250,false,0.57833971369966097,10.107959977117261,40,false
heldout,A4c,0,id_reference,A4c_train_seed_0,40066,-107.82600564979836,250,false,0.053652964793683089,13.814768911862911,40,false
heldout,A4c,0,id_reference,A4c_train_seed_0,40067,-63.065566560545818,250,false,0.08380848558729094,5.6953370594319681,39.655437469482422,false
heldout,A4c,0,id_reference,A4c_train_seed_0,40068,-121.934401672527,250,false,0.3124197055871093,5.3847130679756878,40,false
heldout,A4c,0,id_reference,A4c_train_seed_0,40069,-167.61270516065662,250,false,0.071112533799252267,15.092010587765969,40,false
heldout,A4c,0,id_reference,A4c_train_seed_0,40070,-66.302135656409646,250,false,0.088948942472376349,5.7213031451764076,39.526481628417969,false
heldout,A4c,0,id_reference,A4c_train_seed_0,40071,-118.31343352496374,250,false,0.2573304704262091,3.3489636048095055,40,false
heldout,A4c,0,id_reference,A4c_train_seed_0,40072,-67.034439045480042,250,false,0.091888629005152878,6.5610434841083869,39.858627319335938,false
heldout,A4c,0,id_reference,A4c_train_seed_0,40073,-108.05700358251401,250,false,0.11349033630311227,11.540282360417056,40,false
heldout,A4c,0,id_reference,A4c_train_seed_0,40074,-80.022179484684699,250,false,0.11529858796954233,9.0971267132767597,40,false
heldout,A4c,0,id_reference,A4c_train_seed_0,40075,-118.73283385708648,250,false,0.094973774721716822,9.4195899578807261,40,false
heldout,A4c,0,id_reference,A4c_train_seed_0,40076,-26.619389071025786,40,true,0.048710745951086036,9.5999385220821676,40,false
heldout,A4c,0,id_reference,A4c_train_seed_0,40077,-114.33810044887997,250,false,0.27672599905569356,6.7071935520654504,40,false
heldout,A4c,0,id_reference,A4c_train_seed_0,40078,-121.77890110658399,250,false,0.059241106964310786,13.308478987946641,40,false
heldout,A4c,0,id_reference,A4c_train_seed_0,40079,-99.531283704666251,250,false,0.1653097745614894,8.7566461920565253,40,false
heldout,A4c,0,id_reference,A4c_train_seed_0,40080,-35.132145135304114,43,true,0.040159452203381692,15.858028943992624,40,false
heldout,A4c,0,id_reference,A4c_train_seed_0,40081,-127.20320224963346,250,false,0.19299842203546469,9.5975774146686863,40,false
heldout,A4c,0,id_reference,A4c_train_seed_0,40082,-125.58122901603979,250,false,0.062100250842078125,13.883272531856884,40,false
heldout,A4c,0,id_reference,A4c_train_seed_0,40083,-190.21208457829763,250,false,0.45118042120197183,10.747492163803278,40,false
heldout,A4c,0,id_reference,A4c_train_seed_0,40084,-141.66651052318738,250,false,0.23462957016751526,11.136415727798489,40,false
heldout,A4c,0,id_reference,A4c_train_seed_0,40085,-148.69940804232382,250,false,0.28302958537064676,7.9914502010507231,40,false
heldout,A4c,0,id_reference,A4c_train_seed_0,40086,-22.28133665411784,43,true,0.017080135063341825,3.3694717400699083,37.004798889160156,false
heldout,A4c,0,id_reference,A4c_train_seed_0,40087,-147.86461320745431,250,false,0.20255107911869943,10.561206052934411,40,false
heldout,A4c,0,id_reference,A4c_train_seed_0,40088,-18.199573748849591,29,true,0.042503592499131208,6.9827920708563846,39.9874267578125,false
heldout,A4c,0,id_reference,A4c_train_seed_0,40089,-88.462076676924084,250,false,0.10080643060110031,9.3402636150168252,40,false
heldout,A4c,0,id_reference,A4c_train_seed_0,40090,-66.167657721011906,64,true,0.043530643342621092,17.725706133121943,40,false
heldout,A4c,0,id_reference,A4c_train_seed_0,40091,-83.047254982518126,76,true,0.049704212436320554,14.317199726533788,40,false
heldout,A4c,0,id_reference,A4c_train_seed_0,40092,-49.809484503841972,250,false,0.072926436238822417,4.6640163930998071,32.101295471191406,false
heldout,A4c,0,id_reference,A4c_train_seed_0,40093,-106.48369484845948,250,false,0.12615049950512719,6.7279049576319316,40,false
heldout,A4c,0,id_reference,A4c_train_seed_0,40094,-40.59976286965852,63,true,0.04734327878348172,6.0942237204931526,40,false
heldout,A4c,0,id_reference,A4c_train_seed_0,40095,-57.36537194496912,74,true,0.041756564845278517,6.4871357173433886,40,false
heldout,A4c,0,id_reference,A4c_train_seed_0,40096,-168.39273482686252,250,false,0.45776173110756729,6.5811022822842489,40,false
heldout,A4c,0,id_reference,A4c_train_seed_0,40097,-61.978862743742937,81,true,0.049813163099455278,17.824854859589152,40,false
heldout,A4c,0,id_reference,A4c_train_seed_0,40098,-76.417873528168187,62,true,0.037210846177268588,11.930938109855621,40,false
heldout,A4c,0,id_reference,A4c_train_seed_0,40099,-144.04815841451054,250,false,0.23544288484420606,9.2880755383700144,40,false
heldout,A6c,0,id_reference,A6c_train_seed_0,40000,-73.422302824694555,78,true,0.033448568636985684,3.9018049439354834,40,false
heldout,A6c,0,id_reference,A6c_train_seed_0,40001,-145.56605738625524,250,false,0.11804198017566635,6.3812642876033951,40,false
heldout,A6c,0,id_reference,A6c_train_seed_0,40002,-128.78877662780701,100,true,0.048543524575009191,4.8620369364160059,40,false
heldout,A6c,0,id_reference,A6c_train_seed_0,40003,-94.90707246210772,87,true,0.049819101847011167,5.67783719744466,40,false
heldout,A6c,0,id_reference,A6c_train_seed_0,40004,-91.985502044650104,67,true,0.014460516940245685,5.0818714593339385,40,false
heldout,A6c,0,id_reference,A6c_train_seed_0,40005,-113.00184094986878,94,true,0.030413978208994875,3.2585945559357716,40,false
heldout,A6c,0,id_reference,A6c_train_seed_0,40006,-115.94738289836401,75,true,0.032132885855778233,3.8010277077049728,40,false
heldout,A6c,0,id_reference,A6c_train_seed_0,40007,-73.493106657236225,86,true,0.045831361231782788,2.8086619956149699,40,false
heldout,A6c,0,id_reference,A6c_train_seed_0,40008,-43.146438000952493,48,true,0.048881292725703913,3.9882791309928063,40,false
heldout,A6c,0,id_reference,A6c_train_seed_0,40009,-35.704581367677285,47,true,0.048000895686505889,4.1994726662327491,40,false
heldout,A6c,0,id_reference,A6c_train_seed_0,40010,-177.24689794754232,250,false,0.44710650252606937,6.0535704628448856,40,false
heldout,A6c,0,id_reference,A6c_train_seed_0,40011,-62.665247770360629,250,false,0.058913454415717742,5.2460238562891988,40,false
heldout,A6c,0,id_reference,A6c_train_seed_0,40012,-136.560501392996,250,false,0.085358241108942939,3.473293263027927,40,false
heldout,A6c,0,id_reference,A6c_train_seed_0,40013,-144.06966908111548,250,false,0.12869506818262441,4.3226814932531052,40,false
heldout,A6c,0,id_reference,A6c_train_seed_0,40014,-70.679422831039361,71,true,0.03368179526077094,2.939595199778092,38.810272216796875,false
heldout,A6c,0,id_reference,A6c_train_seed_0,40015,-264.8707144542476,250,false,0.52133898786236355,4.0842162878738897,40,false
heldout,A6c,0,id_reference,A6c_train_seed_0,40016,-90.874033247173543,88,true,0.034583429163321681,2.0472708743893433,27.87916374206543,false
heldout,A6c,0,id_reference,A6c_train_seed_0,40017,-39.420324508892747,49,true,0.032189725311813626,7.1752625088928674,40,false
heldout,A6c,0,id_reference,A6c_train_seed_0,40018,-88.137592529552748,92,true,0.049081277054028163,3.4064051650695646,40,false
heldout,A6c,0,id_reference,A6c_train_seed_0,40019,-22.699013091128769,33,true,0.024796918479395375,5.6998984413842049,37.978137969970703,false
heldout,A6c,0,id_reference,A6c_train_seed_0,40020,-57.714204230073399,67,true,0.041615765553888948,4.3497281362197047,40,false
heldout,A6c,0,id_reference,A6c_train_seed_0,40021,-122.65545268585998,250,false,0.3157816800851761,4.7556289172332171,40,false
heldout,A6c,0,id_reference,A6c_train_seed_0,40022,-323.73222884616388,250,false,0.5096379380925633,4.2105464014960488,40,false
heldout,A6c,0,id_reference,A6c_train_seed_0,40023,-178.69709159422118,250,false,0.065325968017753061,3.6572498448350332,40,false
heldout,A6c,0,id_reference,A6c_train_seed_0,40024,-66.812403768306098,250,false,0.1201107481849463,4.3787966839221744,37.379444122314453,false
heldout,A6c,0,id_reference,A6c_train_seed_0,40025,-106.78078401648288,88,true,0.042736420499082522,4.7870660316382194,40,false
heldout,A6c,0,id_reference,A6c_train_seed_0,40026,-89.139955516908032,250,false,0.099850616908643927,3.6635997166803271,40,false
heldout,A6c,0,id_reference,A6c_train_seed_0,40027,-124.63892181980758,89,true,0.048836332223709658,4.1840136622718918,40,false
heldout,A6c,0,id_reference,A6c_train_seed_0,40028,-31.840718863203975,56,true,0.0049376781027181092,5.7727410785413014,40,false
heldout,A6c,0,id_reference,A6c_train_seed_0,40029,-164.91414241489855,52,false,1.1685511521475429,5.6110615516792706,40,false
heldout,A6c,0,id_reference,A6c_train_seed_0,40030,-90.927270366732458,71,true,0.045418005671764114,6.6371889294893691,40,false
heldout,A6c,0,id_reference,A6c_train_seed_0,40031,-71.465746190955173,63,true,0.034376591810451336,5.7579163876601154,40,false
heldout,A6c,0,id_reference,A6c_train_seed_0,40032,-82.643222963581692,250,false,0.20390816976602597,5.1796570473271668,36.799018859863281,false
heldout,A6c,0,id_reference,A6c_train_seed_0,40033,-48.961464519631221,52,true,0.021123171890726093,2.9601608626660343,40,false
heldout,A6c,0,id_reference,A6c_train_seed_0,40034,-48.533243845914214,51,true,0.038804796237723975,3.7953492458795108,40,false
heldout,A6c,0,id_reference,A6c_train_seed_0,40035,-106.64484653858868,250,false,0.25407564309393199,4.6553783291251536,40,false
heldout,A6c,0,id_reference,A6c_train_seed_0,40036,-290.16752456425144,250,false,0.48746568292841602,2.5425026118700655,40,false
heldout,A6c,0,id_reference,A6c_train_seed_0,40037,-132.05782444734669,250,false,0.06044750631940668,6.9421865802000502,40,false
heldout,A6c,0,id_reference,A6c_train_seed_0,40038,-94.758654473032976,250,false,0.16353940704655992,3.9779022946268729,40,false
heldout,A6c,0,id_reference,A6c_train_seed_0,40039,-128.14274459088369,250,false,0.26316089002502524,4.8396850459883627,40,false
heldout,A6c,0,id_reference,A6c_train_seed_0,40040,-17.813691294024476,40,true,0.049072846974222317,3.5620524274789664,40,false
heldout,A6c,0,id_reference,A6c_train_seed_0,40041,-988.30102260351384,250,false,3.495798691680414,1.0554032527149411,40,false
heldout,A6c,0,id_reference,A6c_train_seed_0,40042,-119.22908438035059,250,false,0.12871626359247934,2.8868252170178503,40,false
heldout,A6c,0,id_reference,A6c_train_seed_0,40043,-69.498467482002241,76,true,0.024072732452000922,3.423126630968258,40,false
heldout,A6c,0,id_reference,A6c_train_seed_0,40044,-64.748525782785393,65,true,0.035797512453338058,4.9844529114134533,40,false
heldout,A6c,0,id_reference,A6c_train_seed_0,40045,-74.399932269514181,70,true,0.018815481878759522,5.2244545907915807,40,false
heldout,A6c,0,id_reference,A6c_train_seed_0,40046,-373.19182705662053,250,false,1.1063376042736468,5.655479240641557,40,false
heldout,A6c,0,id_reference,A6c_train_seed_0,40047,-103.40367525240573,80,true,0.045978698221880693,6.1497413308543551,40,false
heldout,A6c,0,id_reference,A6c_train_seed_0,40048,-28.030710890171974,52,true,0.047909406554490275,5.2238387315455617,40,false
heldout,A6c,0,id_reference,A6c_train_seed_0,40049,-190.39064313991889,250,false,0.26543070819547609,3.7707629411988379,40,false
heldout,A6c,0,id_reference,A6c_train_seed_0,40050,-175.68325696619291,250,false,0.54156615129525043,4.3288262434527853,33.610416412353516,false
heldout,A6c,0,id_reference,A6c_train_seed_0,40051,-137.58481884983479,250,false,0.14418901690068586,7.1695121792366141,40,false
heldout,A6c,0,id_reference,A6c_train_seed_0,40052,-111.02096355965853,250,false,0.064772302404891818,3.1879025800089518,40,false
heldout,A6c,0,id_reference,A6c_train_seed_0,40053,-45.974551484129094,55,true,0.037073850804858616,3.2240021202239042,39.955974578857422,false
heldout,A6c,0,id_reference,A6c_train_seed_0,40054,-198.7591849822434,250,false,0.36560567292122526,4.6345819259405943,40,false
heldout,A6c,0,id_reference,A6c_train_seed_0,40055,-53.566390336763462,54,true,0.00092280775517616324,4.3849850092850575,40,false
heldout,A6c,0,id_reference,A6c_train_seed_0,40056,-5.0056245727478732,36,true,0.049521661340395977,2.388596439899989,35.340579986572266,false
heldout,A6c,0,id_reference,A6c_train_seed_0,40057,-204.0063316802773,77,false,1.6375139776140573,4.8490714901705392,40,false
heldout,A6c,0,id_reference,A6c_train_seed_0,40058,-332.84538846846357,250,false,1.1595770727398829,5.9296560921779706,40,false
heldout,A6c,0,id_reference,A6c_train_seed_0,40059,-93.211937750472288,250,false,0.13593264393377147,2.3930527880341756,37.489925384521484,false
heldout,A6c,0,id_reference,A6c_train_seed_0,40060,-42.97276455224344,250,false,0.08921200243142513,4.4652768084671202,29.397884368896484,false
heldout,A6c,0,id_reference,A6c_train_seed_0,40061,-56.376751563559694,55,true,0.010550536800948291,4.4778019380354648,40,false
heldout,A6c,0,id_reference,A6c_train_seed_0,40062,-75.360186490837975,65,true,0.049207352249821569,4.4173039658572337,40,false
heldout,A6c,0,id_reference,A6c_train_seed_0,40063,-131.64319999373612,250,false,0.28762292933815603,3.8108365746744695,32.429897308349609,false
heldout,A6c,0,id_reference,A6c_train_seed_0,40064,-16.110120889737466,35,true,0.048130477923414856,5.1560695751623626,37.658061981201172,false
heldout,A6c,0,id_reference,A6c_train_seed_0,40065,-363.60918264327313,250,false,0.52514600019957225,5.6512208865816742,40,false
heldout,A6c,0,id_reference,A6c_train_seed_0,40066,-77.263587980045301,64,true,0.034598980029066702,4.5517123407178435,40,false
heldout,A6c,0,id_reference,A6c_train_seed_0,40067,-29.561615274665812,43,true,0.029756662545909633,3.5823896913317679,38.152439117431641,false
heldout,A6c,0,id_reference,A6c_train_seed_0,40068,-127.72638213544934,250,false,0.32735309653186428,5.1514217511125411,40,false
heldout,A6c,0,id_reference,A6c_train_seed_0,40069,-134.13320856386878,152,true,0.049622542610941719,5.9102321161024456,40,false
heldout,A6c,0,id_reference,A6c_train_seed_0,40070,-68.675218871940046,250,false,0.089117573404889044,3.9189688953362078,38.939430236816406,false
heldout,A6c,0,id_reference,A6c_train_seed_0,40071,-121.0281993459262,250,false,0.24062995170605095,3.9881173223485584,40,false
heldout,A6c,0,id_reference,A6c_train_seed_0,40072,-71.45320310324081,250,false,0.097183833124269078,4.6980642497968486,37.236988067626953,false
heldout,A6c,0,id_reference,A6c_train_seed_0,40073,-128.31839283104264,250,false,0.067601202576889605,3.5317850109199322,40,false
heldout,A6c,0,id_reference,A6c_train_seed_0,40074,-85.290498074844805,250,false,0.077763802089922007,4.0368375771256257,40,false
heldout,A6c,0,id_reference,A6c_train_seed_0,40075,-206.76553597030986,250,false,0.073289766059670719,2.3673083900744434,40,false
heldout,A6c,0,id_reference,A6c_train_seed_0,40076,-36.737047253425736,43,true,0.04743682577207331,4.3510061873849457,40,false
heldout,A6c,0,id_reference,A6c_train_seed_0,40077,-168.45563816644909,250,false,0.48852115033327531,4.9866091599121054,40,false
heldout,A6c,0,id_reference,A6c_train_seed_0,40078,-73.434227724836717,63,true,0.02861023098621978,6.9469324748790262,40,false
heldout,A6c,0,id_reference,A6c_train_seed_0,40079,-122.51577828136031,250,false,0.11525345797005593,2.8784959807073469,40,false
heldout,A6c,0,id_reference,A6c_train_seed_0,40080,-67.336836778625965,250,false,0.055926169554793695,4.792572049395079,40,false
heldout,A6c,0,id_reference,A6c_train_seed_0,40081,-197.80912765986807,129,true,0.041287502102928454,6.2015771857365589,40,false
heldout,A6c,0,id_reference,A6c_train_seed_0,40082,-209.11934818612175,78,false,0.46510136745863967,5.8681737481244554,40,false
heldout,A6c,0,id_reference,A6c_train_seed_0,40083,-169.69526445508345,250,false,0.26053240358848578,3.9329844362555817,40,false
heldout,A6c,0,id_reference,A6c_train_seed_0,40084,-216.04794203131243,250,false,0.18545348525034422,5.202786856020686,40,false
heldout,A6c,0,id_reference,A6c_train_seed_0,40085,-168.4681688324703,250,false,0.28619938724871918,5.0199644934336698,40,false
heldout,A6c,0,id_reference,A6c_train_seed_0,40086,-31.485853879438697,56,true,0.011743340106388497,2.7759674340723763,32.124626159667969,false
heldout,A6c,0,id_reference,A6c_train_seed_0,40087,-160.87271297434836,250,false,0.17569689185803702,3.5512786033167538,40,false
heldout,A6c,0,id_reference,A6c_train_seed_0,40088,-25.078377369311596,40,true,0.045796818814580226,3.995683180355631,32.657218933105469,false
heldout,A6c,0,id_reference,A6c_train_seed_0,40089,-90.309282929867251,250,false,0.062305284757093175,2.9601818928294428,40,false
heldout,A6c,0,id_reference,A6c_train_seed_0,40090,-77.041583486056268,60,true,0.049001477810112097,6.7965614842091506,40,false
heldout,A6c,0,id_reference,A6c_train_seed_0,40091,-67.797435766007084,62,true,0.046620437771039087,5.3728284363729228,40,false
heldout,A6c,0,id_reference,A6c_train_seed_0,40092,-0.052518455464667824,23,true,0.044858011025114108,4.1974024893954676,29.929819107055664,false
heldout,A6c,0,id_reference,A6c_train_seed_0,40093,-73.465595507729404,81,true,0.028920327089630993,3.9184253948304306,40,false
heldout,A6c,0,id_reference,A6c_train_seed_0,40094,-124.85782001969577,108,true,0.033770586529251745,2.2190495049879835,39.873249053955078,false
heldout,A6c,0,id_reference,A6c_train_seed_0,40095,-62.936869232142818,77,true,0.032634864294138442,4.2613230612187865,40,false
heldout,A6c,0,id_reference,A6c_train_seed_0,40096,-182.60143430407481,250,false,0.4878064656922701,5.2980981282586166,40,false
heldout,A6c,0,id_reference,A6c_train_seed_0,40097,-76.350489478927244,94,true,0.048248575802421555,5.8839055305051096,40,false
heldout,A6c,0,id_reference,A6c_train_seed_0,40098,-121.12772536867382,250,false,0.078178085004798933,5.2511039490738298,40,false
heldout,A6c,0,id_reference,A6c_train_seed_0,40099,-165.97519837239591,250,false,0.10928270245254851,4.3301008433516692,40,false
safety,A4c,0,id_reference,A4c_train_seed_0,50000,-117.69369791375975,250,false,0.26972842724077722,5.1392851312269965,38.313545227050781,false
safety,A4c,0,id_reference,A4c_train_seed_0,50001,-135.01872322031113,250,false,0.11996316847654503,9.9499407246793474,40,false
safety,A4c,0,id_reference,A4c_train_seed_0,50002,-62.143365670830072,250,false,0.076160951350988257,8.3676966780790139,40,false
safety,A4c,0,id_reference,A4c_train_seed_0,50003,-199.41625669927799,250,false,0.27416644852422056,12.132052693175089,40,false
safety,A4c,0,id_reference,A4c_train_seed_0,50004,-75.602514841428359,250,false,0.081325139352886794,9.3441164641996419,40,false
safety,A4c,0,id_reference,A4c_train_seed_0,50005,-72.552490504874825,65,true,0.017511935558750531,13.727360556485602,40,false
safety,A4c,0,id_reference,A4c_train_seed_0,50006,-134.97313111001355,250,false,0.43757592085879454,6.3118800078327606,40,false
safety,A4c,0,id_reference,A4c_train_seed_0,50007,-204.51335968500052,250,false,0.31351417589633074,10.769381344227181,40,false
safety,A4c,0,id_reference,A4c_train_seed_0,50008,-129.92326708033275,250,false,0.16596043889323062,7.4669273206423163,40,false
safety,A4c,0,id_reference,A4c_train_seed_0,50009,-129.56419906813812,250,false,0.32776722978746181,9.9094636399332963,40,false
safety,A4c,0,id_reference,A4c_train_seed_0,50010,-54.07720693748746,61,true,0.049986522350197626,13.073733734383472,40,false
safety,A4c,0,id_reference,A4c_train_seed_0,50011,-97.021767203842927,250,false,0.22401710132488539,2.4957842944599404,36.962772369384766,false
safety,A4c,0,id_reference,A4c_train_seed_0,50012,-31.733235107083203,47,true,0.04548942595872929,10.165834483828734,40,false
safety,A4c,0,id_reference,A4c_train_seed_0,50013,-176.25197662357539,250,false,0.35536525360704141,10.436067292907993,40,false
safety,A4c,0,id_reference,A4c_train_seed_0,50014,-236.3467367846599,250,false,0.40116226473706035,16.182530153773193,40,false
safety,A4c,0,id_reference,A4c_train_seed_0,50015,-147.87475402603005,250,false,0.1014868531128157,11.162329455032962,40,false
safety,A4c,0,id_reference,A4c_train_seed_0,50016,-138.4276136771347,250,false,0.2927482026021665,10.08067363427879,40,false
safety,A4c,0,id_reference,A4c_train_seed_0,50017,-94.44282651763892,250,false,0.081766154541686245,8.7694617854112167,40,false
safety,A4c,0,id_reference,A4c_train_seed_0,50018,-84.203964675954722,69,true,0.0079183517683145202,12.0326810002908,40,false
safety,A4c,0,id_reference,A4c_train_seed_0,50019,-195.48647685969115,250,false,0.50230682504586766,11.848511798806378,40,false
safety,A4c,0,id_reference,A4c_train_seed_0,50020,-102.93779157236305,250,false,0.070417243356309486,1.9524228639404395,40,false
safety,A4c,0,id_reference,A4c_train_seed_0,50021,-15.567442260940572,40,true,0.048010419683010765,4.5677126113900668,29.454311370849609,false
safety,A4c,0,id_reference,A4c_train_seed_0,50022,-91.906950418620369,69,true,0.049664420661778522,11.701330272073919,40,false
safety,A4c,0,id_reference,A4c_train_seed_0,50023,-78.640662055286143,69,true,0.038984173837620741,9.0537004774251351,40,false
safety,A4c,0,id_reference,A4c_train_seed_0,50024,-5.4716506754340788,50,true,0.019798184811163608,2.0871421452445502,30.076023101806641,false
safety,A4c,0,id_reference,A4c_train_seed_0,50025,-117.13742607367297,250,false,0.12774180849933886,10.994639047968773,40,false
safety,A4c,0,id_reference,A4c_train_seed_0,50026,-201.32583326632295,250,false,0.57600456957533008,6.6567822674481931,40,false
safety,A4c,0,id_reference,A4c_train_seed_0,50027,-37.987862920545496,39,true,0.044023396976334644,7.762088881167009,40,false
safety,A4c,0,id_reference,A4c_train_seed_0,50028,-104.95567014645979,81,true,0.04955300636141817,15.792409862060303,40,false
safety,A4c,0,id_reference,A4c_train_seed_0,50029,-100.45758291170667,76,true,0.049538431953328133,13.022371871604713,40,false
safety,A4c,0,id_reference,A4c_train_seed_0,50030,-78.145736492041038,78,true,0.038317839716375486,8.9098771728890558,40,false
safety,A4c,0,id_reference,A4c_train_seed_0,50031,-76.411005583996825,62,true,0.021286149125828116,13.505791120401758,40,false
safety,A4c,0,id_reference,A4c_train_seed_0,50032,-74.777373899474171,63,true,0.038508973038586906,12.148177006099498,40,false
safety,A4c,0,id_reference,A4c_train_seed_0,50033,-6.0883940799666565,35,true,0.045843992098244739,3.8194790929885984,24.652341842651367,false
safety,A4c,0,id_reference,A4c_train_seed_0,50034,-73.844758918191488,250,false,0.13792411079637201,7.7494566789293655,40,false
safety,A4c,0,id_reference,A4c_train_seed_0,50035,-137.0472853779381,250,false,0.34647841517080208,5.9240293381048819,40,false
safety,A4c,0,id_reference,A4c_train_seed_0,50036,-66.00263648243677,250,false,0.052694548272275106,4.7979147593245202,40,false
safety,A4c,0,id_reference,A4c_train_seed_0,50037,-68.514522689194948,250,false,0.059124468129027025,10.295230282486115,40,false
safety,A4c,0,id_reference,A4c_train_seed_0,50038,-226.48275993075561,250,false,0.23951471426913687,17.322747417958357,40,false
safety,A4c,0,id_reference,A4c_train_seed_0,50039,-34.580704853820386,56,true,0.048841172422703395,2.8416677929897998,40,false
safety,A4c,0,id_reference,A4c_train_seed_0,50040,-70.348108429705576,250,false,0.05154388790396091,8.7027133468888849,40,false
safety,A4c,0,id_reference,A4c_train_seed_0,50041,-43.365709299450451,51,true,0.049770016966676635,12.851009108313381,40,false
safety,A4c,0,id_reference,A4c_train_seed_0,50042,-38.624482242033949,45,true,0.047203211272909398,7.7097664061781153,40,false
safety,A4c,0,id_reference,A4c_train_seed_0,50043,-21.468124640399623,73,true,0.049955197886604012,1.902547108586808,40,false
safety,A4c,0,id_reference,A4c_train_seed_0,50044,-57.227870980621084,79,true,0.049271081356480347,11.05104804449366,40,false
safety,A4c,0,id_reference,A4c_train_seed_0,50045,-162.03461186457969,250,false,0.32836569021608314,10.990715531270716,40,false
safety,A4c,0,id_reference,A4c_train_seed_0,50046,-76.874128539869005,250,false,0.05766096207196883,14.829740153360021,40,false
safety,A4c,0,id_reference,A4c_train_seed_0,50047,-136.24598960873197,250,false,0.31382731627235833,3.5915153550411789,40,false
safety,A4c,0,id_reference,A4c_train_seed_0,50048,-51.543785193490486,80,true,0.027462122845027439,7.2746301037186853,40,false
safety,A4c,0,id_reference,A4c_train_seed_0,50049,-87.481999249434409,60,true,0.021158680380207882,14.162161913585933,40,false
safety,A4c,0,id_reference,A4c_train_seed_0,50050,-158.55921538313393,250,false,0.14034456877781354,11.525605257136727,40,false
safety,A4c,0,id_reference,A4c_train_seed_0,50051,-145.91643514561724,84,true,0.013388509395201051,16.720782172728725,40,false
safety,A4c,0,id_reference,A4c_train_seed_0,50052,-188.47383535591385,250,false,0.20200272466709088,14.005273768558734,40,false
safety,A4c,0,id_reference,A4c_train_seed_0,50053,-40.130211134599556,67,true,0.049956550678914656,8.6655543485506943,40,false
safety,A4c,0,id_reference,A4c_train_seed_0,50054,-158.99541544553455,250,false,0.052160002877189145,18.365393899726538,40,false
safety,A4c,0,id_reference,A4c_train_seed_0,50055,-216.63188639464261,250,false,0.61299749238735113,10.150339933561574,40,false
safety,A4c,0,id_reference,A4c_train_seed_0,50056,-4.6612601473684361,41,true,0.04956966951168016,4.4800565270747343,22.453760147094727,false
safety,A4c,0,id_reference,A4c_train_seed_0,50057,-112.16151967690095,250,false,0.18338323003778803,7.0557605486129269,40,false
safety,A4c,0,id_reference,A4c_train_seed_0,50058,-128.37604746467673,250,false,0.07636477437786364,14.271174167077493,40,false
safety,A4c,0,id_reference,A4c_train_seed_0,50059,-46.345670962585345,76,true,0.04998846699489766,5.7904793771513896,40,false
safety,A4c,0,id_reference,A4c_train_seed_0,50060,-104.33102150855709,64,true,0.049938472406716207,14.649183276292931,40,false
safety,A4c,0,id_reference,A4c_train_seed_0,50061,-93.192707766001135,250,false,0.20172536204266339,2.1968523727601501,39.179107666015625,false
safety,A4c,0,id_reference,A4c_train_seed_0,50062,-120.48430769641696,250,false,0.075622863933091644,14.169324650368248,40,false
safety,A4c,0,id_reference,A4c_train_seed_0,50063,-73.294408492838443,250,false,0.11187345908855902,3.5724832958783748,32.399997711181641,false
safety,A4c,0,id_reference,A4c_train_seed_0,50064,-63.624792954090758,250,false,0.093735522192954474,7.9244938335251867,39.722599029541016,false
safety,A4c,0,id_reference,A4c_train_seed_0,50065,-24.300717206788178,43,true,0.035355189862925324,5.4515829258911683,38.388191223144531,false
safety,A4c,0,id_reference,A4c_train_seed_0,50066,-146.58674797089279,250,false,0.37021804236032202,10.03729003585525,40,false
safety,A4c,0,id_reference,A4c_train_seed_0,50067,-76.049666668877961,250,false,0.163561382612044,6.4886152399808523,37.650009155273438,false
safety,A4c,0,id_reference,A4c_train_seed_0,50068,-16.027515628670297,36,true,0.046234371822749129,6.9751125001611713,23.173303604125977,false
safety,A4c,0,id_reference,A4c_train_seed_0,50069,-66.599080177731906,62,true,0.049753071892654176,15.400302430686892,40,false
safety,A4c,0,id_reference,A4c_train_seed_0,50070,-78.425791813272923,250,false,0.15119730315839611,5.4618014272715811,27.899484634399414,false
safety,A4c,0,id_reference,A4c_train_seed_0,50071,-18.805060566834271,44,true,0.04929153665151547,7.0892158715173998,40,false
safety,A4c,0,id_reference,A4c_train_seed_0,50072,-141.61002917318243,250,false,0.15862322265062342,10.161131528022397,40,false
safety,A4c,0,id_reference,A4c_train_seed_0,50073,-192.65302991703877,250,false,0.20189705556935358,15.496566063899932,40,false
safety,A4c,0,id_reference,A4c_train_seed_0,50074,-25.241419145251143,60,true,0.049416024943351705,6.0573129246494331,33.095561981201172,false
safety,A4c,0,id_reference,A4c_train_seed_0,50075,-192.67071443300222,250,false,0.52948458033008616,6.2520759297104354,40,false
safety,A4c,0,id_reference,A4c_train_seed_0,50076,-165.3401841517267,250,false,0.18338679772597594,11.582615726325866,40,false
safety,A4c,0,id_reference,A4c_train_seed_0,50077,-67.595462674432127,250,false,0.11104459538539248,10.122960444588703,40,false
safety,A4c,0,id_reference,A4c_train_seed_0,50078,-121.68095950359651,250,false,0.38736332569207615,4.8483317127753329,40,false
safety,A4c,0,id_reference,A4c_train_seed_0,50079,-137.52614636261029,250,false,0.088130299879012858,12.860249092965523,40,false
safety,A4c,0,id_reference,A4c_train_seed_0,50080,-148.91591136969643,129,true,0.049567597751623872,15.060609553177766,40,false
safety,A4c,0,id_reference,A4c_train_seed_0,50081,-76.82555569196289,250,false,0.10604884799131344,8.8285473961729881,40,false
safety,A4c,0,id_reference,A4c_train_seed_0,50082,-26.970159094739572,42,true,0.049527448783849543,12.384348177965105,40,false
safety,A4c,0,id_reference,A4c_train_seed_0,50083,-77.205877557978312,65,true,0.033233435071812999,11.358687968710177,40,false
safety,A4c,0,id_reference,A4c_train_seed_0,50084,-20.651250979391669,40,true,0.041309377734851792,6.5656150644949509,38.485431671142578,false
safety,A4c,0,id_reference,A4c_train_seed_0,50085,-124.63658120305151,250,false,0.068981134210453141,12.612067509321845,40,false
safety,A4c,0,id_reference,A4c_train_seed_0,50086,-59.393084540083123,53,true,0.047579732318492017,17.703459392672187,40,false
safety,A4c,0,id_reference,A4c_train_seed_0,50087,-24.477026892208912,37,true,0.041104483762457074,4.9605168421395014,40,false
safety,A4c,0,id_reference,A4c_train_seed_0,50088,-114.1601978412159,250,false,0.076538742027758122,15.391075347591343,40,false
safety,A4c,0,id_reference,A4c_train_seed_0,50089,-56.436992033099195,69,true,0.047192691966043587,6.438872612088244,40,false
safety,A4c,0,id_reference,A4c_train_seed_0,50090,-177.49680340903322,250,false,0.38852868063934276,10.761370015333572,40,false
safety,A4c,0,id_reference,A4c_train_seed_0,50091,-170.20293904681458,250,false,0.12255313977943062,10.21881137347051,40,false
safety,A4c,0,id_reference,A4c_train_seed_0,50092,-173.72976687494679,250,false,0.44079599057437563,4.3642786962526499,40,false
safety,A4c,0,id_reference,A4c_train_seed_0,50093,-149.61271315132447,250,false,0.11441963553850927,11.39016098987487,40,false
safety,A4c,0,id_reference,A4c_train_seed_0,50094,-64.269006024506808,250,false,0.059351951652666157,2.5474466851640574,40,false
safety,A4c,0,id_reference,A4c_train_seed_0,50095,-30.719636299002357,64,true,0.049865107274162462,5.5021577303163918,38.075115203857422,false
safety,A4c,0,id_reference,A4c_train_seed_0,50096,-133.30763555773677,250,false,0.17933900410571055,11.332339730145172,40,false
safety,A4c,0,id_reference,A4c_train_seed_0,50097,-215.21630982733734,250,false,0.60154893923317521,6.3876579875407531,40,false
safety,A4c,0,id_reference,A4c_train_seed_0,50098,-67.319066465736242,64,true,0.049516613906547831,13.821892340077529,40,false
safety,A4c,0,id_reference,A4c_train_seed_0,50099,-197.19634446048508,250,false,0.46615682144408399,9.0477135701174447,40,false
safety,A3,0,id_reference,A3_train_seed_0,50000,-15.830539736408356,51,true,0.04960589831662704,5.5723591101091348,38.792446136474609,false
safety,A3,0,id_reference,A3_train_seed_0,50001,-82.860099202144241,81,true,0.025341804886772897,10.384943492770098,40,false
safety,A3,0,id_reference,A3_train_seed_0,50002,-59.088088553946804,250,false,0.069114299297321991,8.5011469514654934,40,false
safety,A3,0,id_reference,A3_train_seed_0,50003,-234.86307147712509,250,false,0.53082084031147503,10.916681769738712,40,false
safety,A3,0,id_reference,A3_train_seed_0,50004,-32.72709325905069,43,true,0.027840681428411642,10.154178501195137,40,false
safety,A3,0,id_reference,A3_train_seed_0,50005,-65.083222581961138,60,true,0.030171211188684804,13.764831147149945,40,false
safety,A3,0,id_reference,A3_train_seed_0,50006,-29.344461925677908,53,true,0.048370783075165784,5.8397468393292229,40,false
safety,A3,0,id_reference,A3_train_seed_0,50007,-108.33040154658248,82,true,0.049549062831191364,10.198489453829076,40,false
safety,A3,0,id_reference,A3_train_seed_0,50008,-69.881854028035434,82,true,0.049265220465039346,8.5766268528170517,40,false
safety,A3,0,id_reference,A3_train_seed_0,50009,-58.21411305817832,69,true,0.040813115566977823,10.457402587995379,40,false
safety,A3,0,id_reference,A3_train_seed_0,50010,-84.637764986219736,250,false,0.089775286502950677,11.623789910012283,40,false
safety,A3,0,id_reference,A3_train_seed_0,50011,-24.634238405628292,75,true,0.049182430773321767,6.2033483547328689,40,false
safety,A3,0,id_reference,A3_train_seed_0,50012,-66.703474925516261,250,false,0.068068032575272441,13.551001086825254,40,false
safety,A3,0,id_reference,A3_train_seed_0,50013,-138.04932317963758,250,false,0.15560284559481372,9.177633013576072,40,false
safety,A3,0,id_reference,A3_train_seed_0,50014,-176.78593149666321,250,false,0.15682099173177408,15.217070378429456,40,false
safety,A3,0,id_reference,A3_train_seed_0,50015,-111.04898902615884,250,false,0.066198240126386115,11.383504802113295,40,false
safety,A3,0,id_reference,A3_train_seed_0,50016,-54.504120791759718,52,true,0.042113474684778746,8.9984807233416877,40,false
safety,A3,0,id_reference,A3_train_seed_0,50017,-62.859926316576811,60,true,0.048351141271904118,10.915531983501944,40,false
safety,A3,0,id_reference,A3_train_seed_0,50018,-79.025808663098729,55,true,0.0032168746122912596,12.459698992551179,40,false
safety,A3,0,id_reference,A3_train_seed_0,50019,-84.328017956614914,92,true,0.049447042677892801,10.669851283829599,40,false
safety,A3,0,id_reference,A3_train_seed_0,50020,-25.278087303559232,51,true,0.049435363404758938,4.4396567586952207,40,false
safety,A3,0,id_reference,A3_train_seed_0,50021,-11.536799723328453,35,true,0.02003496820219575,6.0821533014409557,28.469779968261719,false
safety,A3,0,id_reference,A3_train_seed_0,50022,-75.130689855757907,64,true,0.04822718093354967,11.434038047370592,40,false
safety,A3,0,id_reference,A3_train_seed_0,50023,-70.929955461936856,59,true,0.048891114853128713,8.6143057866342794,40,false
safety,A3,0,id_reference,A3_train_seed_0,50024,-16.55983265972371,57,true,0.040436150117342931,8.1328294154164364,32.191848754882812,false
safety,A3,0,id_reference,A3_train_seed_0,50025,-105.40859312257513,85,true,0.021675606386188147,12.81137298744512,40,false
safety,A3,0,id_reference,A3_train_seed_0,50026,-106.84834142549492,250,false,0.15672442172309808,6.7470644431998741,40,false
safety,A3,0,id_reference,A3_train_seed_0,50027,-86.256172499219161,250,false,0.15605372016686037,9.9980785998845807,40,false
safety,A3,0,id_reference,A3_train_seed_0,50028,-79.216016981400443,57,true,0.017103962222210257,14.522578074745642,40,false
safety,A3,0,id_reference,A3_train_seed_0,50029,-107.98479886836978,250,false,0.052202982998451997,12.159787436924795,40,false
safety,A3,0,id_reference,A3_train_seed_0,50030,-68.408967704790726,73,true,0.047439454059405306,10.638756374724869,40,false
safety,A3,0,id_reference,A3_train_seed_0,50031,-74.403139623667343,63,true,0.031486612509047697,11.992808926242827,40,false
safety,A3,0,id_reference,A3_train_seed_0,50032,-58.687027983222897,55,true,0.039083714171315391,11.337328125539162,40,false
safety,A3,0,id_reference,A3_train_seed_0,50033,-44.987035206716996,250,false,0.083194538810314161,5.805996854014456,26.53386116027832,false
safety,A3,0,id_reference,A3_train_seed_0,50034,-63.553655958817878,250,false,0.092030033057474703,7.3908556704051573,33.625827789306641,false
safety,A3,0,id_reference,A3_train_seed_0,50035,-36.327756422557137,64,true,0.049798557924180878,6.4287998024714197,40,false
safety,A3,0,id_reference,A3_train_seed_0,50036,-29.212363050215686,39,true,0.028248300350858568,6.4365044815221406,37.201507568359375,false
safety,A3,0,id_reference,A3_train_seed_0,50037,-34.278882888626121,39,true,0.044710084515144931,10.486093503856077,40,false
safety,A3,0,id_reference,A3_train_seed_0,50038,-140.09893400572932,114,true,0.04775116671392541,15.399161251303491,40,false
safety,A3,0,id_reference,A3_train_seed_0,50039,-21.334228919529007,35,true,0.016430633368456588,5.575606294335298,37.274406433105469,false
safety,A3,0,id_reference,A3_train_seed_0,50040,-71.333935287071398,250,false,0.061081660852241385,10.346134306116294,40,false
safety,A3,0,id_reference,A3_train_seed_0,50041,-42.522645817212108,45,true,0.026215878081653276,11.621881204730768,40,false
safety,A3,0,id_reference,A3_train_seed_0,50042,-60.510291196721504,250,false,0.071969097151388398,9.495214920734167,40,false
safety,A3,0,id_reference,A3_train_seed_0,50043,-8.1284600347269009,29,true,0.035916761122943307,4.4812238972566734,40,false
safety,A3,0,id_reference,A3_train_seed_0,50044,-41.469884097076459,45,true,0.037815954139949606,9.4986192179836806,40,false
safety,A3,0,id_reference,A3_train_seed_0,50045,-85.348473274815561,94,true,0.028627211102032448,10.593349918444023,40,false
safety,A3,0,id_reference,A3_train_seed_0,50046,-74.883160045675979,250,false,0.058166822873816554,13.710103312901547,40,false
safety,A3,0,id_reference,A3_train_seed_0,50047,-86.49017764295283,250,false,0.10762501867202853,3.7051360550117929,40,false
safety,A3,0,id_reference,A3_train_seed_0,50048,-48.811655898825229,57,true,0.0076946371196173514,8.451920240610086,40,false
safety,A3,0,id_reference,A3_train_seed_0,50049,-76.319847763761516,67,true,0.04071438197546328,13.084589893404267,40,false
safety,A3,0,id_reference,A3_train_seed_0,50050,-110.46717116009569,87,true,0.039807014228198274,11.408974980154126,40,false
safety,A3,0,id_reference,A3_train_seed_0,50051,-109.682178091265,73,true,0.04854182456541236,11.48414518829874,40,false
safety,A3,0,id_reference,A3_train_seed_0,50052,-118.12021946834915,77,true,0.048128707844031858,14.104568481892619,40,false
safety,A3,0,id_reference,A3_train_seed_0,50053,-33.337993473432149,44,true,0.020878058392645119,8.9887490738735867,40,false
safety,A3,0,id_reference,A3_train_seed_0,50054,-130.33212879154246,112,true,0.049247467571938763,17.341473800192009,40,false
safety,A3,0,id_reference,A3_train_seed_0,50055,-68.797693387109362,77,true,0.027580160831678822,10.470841052150032,40,false
safety,A3,0,id_reference,A3_train_seed_0,50056,-40.763747103666425,250,false,0.077067401283540976,5.8762941981252235,25.10650634765625,false
safety,A3,0,id_reference,A3_train_seed_0,50057,-36.770238250186907,49,true,0.022605809307736636,6.145737951529048,40,false
safety,A3,0,id_reference,A3_train_seed_0,50058,-126.05115436096803,250,false,0.057794773069601686,13.368874584519739,40,false
safety,A3,0,id_reference,A3_train_seed_0,50059,-35.786761981192875,52,true,0.045523193066147154,6.0923393225711528,40,false
safety,A3,0,id_reference,A3_train_seed_0,50060,-96.507524190330059,97,true,0.044706093405848975,13.250659908737275,40,false
safety,A3,0,id_reference,A3_train_seed_0,50061,-71.494837320620803,250,false,0.078893866571450352,6.6314176263749109,40,false
safety,A3,0,id_reference,A3_train_seed_0,50062,-92.158579838594179,73,true,0.044925005792314718,14.060547786880877,40,false
safety,A3,0,id_reference,A3_train_seed_0,50063,-64.126004967252968,250,false,0.074626978407623001,3.5132232277852484,32.860069274902344,false
safety,A3,0,id_reference,A3_train_seed_0,50064,-21.095066731687446,40,true,0.049512695926192889,9.2255934625418448,37.706230163574219,false
safety,A3,0,id_reference,A3_train_seed_0,50065,-20.720180994304705,53,true,0.04987991424756745,7.0786401163022452,40,false
safety,A3,0,id_reference,A3_train_seed_0,50066,-68.778187530992639,73,true,0.043475149848544774,9.9447889544103827,40,false
safety,A3,0,id_reference,A3_train_seed_0,50067,-58.730907316633051,250,false,0.082375313841383663,6.6374779101656598,33.396686553955078,false
safety,A3,0,id_reference,A3_train_seed_0,50068,-57.169572948663742,250,false,0.12546853606481392,7.9427275067958067,21.366537094116211,false
safety,A3,0,id_reference,A3_train_seed_0,50069,-52.972086469415629,42,true,0.039088783515149841,14.051111010245986,40,false
safety,A3,0,id_reference,A3_train_seed_0,50070,-5.8990870441620729,32,true,0.032578764046254392,4.703266365910463,30.947700500488281,false
safety,A3,0,id_reference,A3_train_seed_0,50071,-17.581987551458305,35,true,0.020790067358844904,6.0862164889743529,40,false
safety,A3,0,id_reference,A3_train_seed_0,50072,-83.841865076104625,73,true,0.049124311689960225,7.7391325527559891,40,false
safety,A3,0,id_reference,A3_train_seed_0,50073,-139.99704249034266,88,true,0.010330510813053672,14.361568098586698,40,false
safety,A3,0,id_reference,A3_train_seed_0,50074,-17.392742038899272,31,true,0.032170882563793468,7.1788973186009253,32.189128875732422,false
safety,A3,0,id_reference,A3_train_seed_0,50075,-105.66430011286863,250,false,0.14203159074996966,6.6451269830476019,40,false
safety,A3,0,id_reference,A3_train_seed_0,50076,-94.903331709860922,59,true,0.044528486073587795,11.906576894395076,40,false
safety,A3,0,id_reference,A3_train_seed_0,50077,-85.111180190038695,250,false,0.13474481947461214,8.9268054533546302,40,false
safety,A3,0,id_reference,A3_train_seed_0,50078,-25.333450893082194,52,true,0.048340156953781389,5.2928936297470841,40,false
safety,A3,0,id_reference,A3_train_seed_0,50079,-95.847048107431021,71,true,0.029257687172913802,12.421972590330386,40,false
safety,A3,0,id_reference,A3_train_seed_0,50080,-130.72321166982772,88,true,0.033585713056839835,12.032448344136309,40,false
safety,A3,0,id_reference,A3_train_seed_0,50081,-44.639111636823955,55,true,0.049094594277819578,10.412964332396824,40,false
safety,A3,0,id_reference,A3_train_seed_0,50082,-29.017778361427119,48,true,0.034815909928527157,14.540665765156609,40,false
safety,A3,0,id_reference,A3_train_seed_0,50083,-119.19135539316682,250,false,0.096194450182433777,9.861063089693026,40,false
safety,A3,0,id_reference,A3_train_seed_0,50084,-18.963608580878976,37,true,0.041645181115467236,6.2104115217228317,40,false
safety,A3,0,id_reference,A3_train_seed_0,50085,-87.480631898738991,99,true,0.049457963011242688,9.808823313151164,40,false
safety,A3,0,id_reference,A3_train_seed_0,50086,-91.352368473276883,250,false,0.069716735364864349,17.715063210385921,40,false
safety,A3,0,id_reference,A3_train_seed_0,50087,-21.323357114477691,33,true,0.047570246766302747,7.6320387927059619,40,false
safety,A3,0,id_reference,A3_train_seed_0,50088,-80.604892598977017,60,true,0.012982693539247307,16.498627604359374,40,false
safety,A3,0,id_reference,A3_train_seed_0,50089,-52.042181869557567,56,true,0.02512354936786548,6.6974659409794386,40,false
safety,A3,0,id_reference,A3_train_seed_0,50090,-106.0553912652842,114,true,0.047539911506771677,10.566357523355343,40,false
safety,A3,0,id_reference,A3_train_seed_0,50091,-130.80147968639739,83,true,0.045909095388379215,9.5183737354337339,40,false
safety,A3,0,id_reference,A3_train_seed_0,50092,-53.0865622290383,84,true,0.048218167530865601,6.1660860051333701,40,false
safety,A3,0,id_reference,A3_train_seed_0,50093,-136.92654877478108,250,false,0.073411293413749273,11.675080572566985,40,false
safety,A3,0,id_reference,A3_train_seed_0,50094,-13.299660035443493,30,true,0.019672116928877572,5.116709753525492,40,false
safety,A3,0,id_reference,A3_train_seed_0,50095,-25.180717723984401,36,true,0.048877183192148177,6.3263533128295375,40,false
safety,A3,0,id_reference,A3_train_seed_0,50096,-121.59209700458706,250,false,0.11715037276492089,10.349236288986569,40,false
safety,A3,0,id_reference,A3_train_seed_0,50097,-148.52665125050427,250,false,0.29649580253188607,7.6352346573369889,40,false
safety,A3,0,id_reference,A3_train_seed_0,50098,-75.875008335791861,139,true,0.04975122656031096,13.718884136772349,40,false
safety,A3,0,id_reference,A3_train_seed_0,50099,-86.556433511499378,82,true,0.042196356732684313,6.2812373327006661,40,false
safety,A6c,0,id_reference,A6c_train_seed_0,50000,-121.88989820045218,250,false,0.28005093335811621,4.0656566847177835,37.251880645751953,false
safety,A6c,0,id_reference,A6c_train_seed_0,50001,-142.64055085691294,250,false,0.093823599372788849,4.6163224084662673,40,false
safety,A6c,0,id_reference,A6c_train_seed_0,50002,-79.089013148332427,250,false,0.088859383389579508,6.0782736903101391,40,false
safety,A6c,0,id_reference,A6c_train_seed_0,50003,-257.80095119840769,250,false,0.27660898704869785,4.3907229382125479,40,false
safety,A6c,0,id_reference,A6c_train_seed_0,50004,-81.786322237241805,95,true,0.023597013000446736,4.6268411942881249,40,false
safety,A6c,0,id_reference,A6c_train_seed_0,50005,-85.934854756990049,67,true,0.042442247325613074,6.2289696177886809,40,false
safety,A6c,0,id_reference,A6c_train_seed_0,50006,-94.120016380978484,250,false,0.11105244167817724,2.9770091806181638,40,false
safety,A6c,0,id_reference,A6c_train_seed_0,50007,-160.79805434014042,250,false,0.20389273685947354,4.2600289744129087,40,false
safety,A6c,0,id_reference,A6c_train_seed_0,50008,-102.79681570326642,94,true,0.032969277175137875,5.8110985126524195,40,false
safety,A6c,0,id_reference,A6c_train_seed_0,50009,-148.84085547203605,250,false,0.13990311496064228,3.0252172110242275,40,false
safety,A6c,0,id_reference,A6c_train_seed_0,50010,-96.197969351086115,250,false,0.058726655572890071,3.6679859034484941,40,false
safety,A6c,0,id_reference,A6c_train_seed_0,50011,-82.812034716416377,250,false,0.18192876969591507,5.0810385289515292,40,false
safety,A6c,0,id_reference,A6c_train_seed_0,50012,-40.447806659461435,49,true,0.031665054542792261,3.5758333825975526,40,false
safety,A6c,0,id_reference,A6c_train_seed_0,50013,-289.86956622672739,250,false,0.54385268575982115,5.1529079392495012,40,false
safety,A6c,0,id_reference,A6c_train_seed_0,50014,-200.57267354887929,250,false,0.41681151260891885,4.2999973991656795,40,false
safety,A6c,0,id_reference,A6c_train_seed_0,50015,-85.525680797762249,76,true,0.048364156541504062,3.4260343672269635,40,false
safety,A6c,0,id_reference,A6c_train_seed_0,50016,-174.9610143696525,250,false,0.25368927011075071,2.1227415215214487,40,false
safety,A6c,0,id_reference,A6c_train_seed_0,50017,-72.865435035619171,74,true,0.035260849905727067,4.8908373131202652,40,false
safety,A6c,0,id_reference,A6c_train_seed_0,50018,-157.10577284968494,49,false,2.0334937844573457,5.6747870860117544,40,false
safety,A6c,0,id_reference,A6c_train_seed_0,50019,-242.5883895057182,250,false,0.26020679165408828,3.0515682910417752,40,false
safety,A6c,0,id_reference,A6c_train_seed_0,50020,-43.231779701545513,66,true,0.04934801820684602,2.211036452965665,40,false
safety,A6c,0,id_reference,A6c_train_seed_0,50021,-22.976701633961877,57,true,0.033496949512926179,2.9884074361838047,28.799758911132812,false
safety,A6c,0,id_reference,A6c_train_seed_0,50022,-83.840607872505785,84,true,0.048520551862060869,3.9141712757272011,40,false
safety,A6c,0,id_reference,A6c_train_seed_0,50023,-83.898739535480999,73,true,0.025527837766445339,5.4011726396961697,40,false
safety,A6c,0,id_reference,A6c_train_seed_0,50024,-10.610664088094042,62,true,0.049596122829002436,4.7504159458896664,30.081945419311523,false
safety,A6c,0,id_reference,A6c_train_seed_0,50025,-85.08213216470449,83,true,0.02822998366784224,5.7415044251465233,40,false
safety,A6c,0,id_reference,A6c_train_seed_0,50026,-255.49926239681395,250,false,0.66269861951156905,5.287924205975818,40,false
safety,A6c,0,id_reference,A6c_train_seed_0,50027,-71.809807203772564,250,false,0.11195385254907178,6.7925615090671432,40,false
safety,A6c,0,id_reference,A6c_train_seed_0,50028,-67.892533997694727,59,true,0.028733677016566244,6.0355502685789784,40,false
safety,A6c,0,id_reference,A6c_train_seed_0,50029,-127.21585270493745,102,true,0.04791711904803149,4.2406557410918753,40,false
safety,A6c,0,id_reference,A6c_train_seed_0,50030,-87.50481668386918,80,true,0.035274810084048029,4.4322488013803145,40,false
safety,A6c,0,id_reference,A6c_train_seed_0,50031,-78.61782583391431,61,true,0.026060515644145316,6.0361720224375128,40,false
safety,A6c,0,id_reference,A6c_train_seed_0,50032,-70.158155496163971,73,true,0.048978442866181505,3.0505811983308568,40,false
safety,A6c,0,id_reference,A6c_train_seed_0,50033,-44.613996775433492,250,false,0.075975870122634723,3.9913312280901394,25.42631721496582,false
safety,A6c,0,id_reference,A6c_train_seed_0,50034,-42.632736899854002,56,true,0.045690822543962339,4.8024349456871303,37.974594116210938,false
safety,A6c,0,id_reference,A6c_train_seed_0,50035,-173.05292869034304,250,false,0.50715989372243275,4.4920626712159812,40,false
safety,A6c,0,id_reference,A6c_train_seed_0,50036,-68.557139935372248,69,true,0.048063941197819426,2.4389964597699425,39.558670043945312,false
safety,A6c,0,id_reference,A6c_train_seed_0,50037,-64.766540810120745,60,true,0.025845949823448927,3.2401309296736653,40,false
safety,A6c,0,id_reference,A6c_train_seed_0,50038,-152.31754192508981,250,false,0.16955695021039224,6.0423702256418395,40,false
safety,A6c,0,id_reference,A6c_train_seed_0,50039,-54.880195570860522,66,true,0.044472951030056045,2.2012484016636589,35.256732940673828,false
safety,A6c,0,id_reference,A6c_train_seed_0,50040,-47.733581380974016,65,true,0.049239906629947261,3.9470341263371944,40,false
safety,A6c,0,id_reference,A6c_train_seed_0,50041,-52.291821527663387,51,true,0.038563732416330043,4.6629651564759733,40,false
safety,A6c,0,id_reference,A6c_train_seed_0,50042,-64.822197676255811,250,false,0.063512802526562162,4.8936397144780202,40,false
safety,A6c,0,id_reference,A6c_train_seed_0,50043,-13.931866642943497,37,true,0.041544575607274078,2.4326341491207635,40,false
safety,A6c,0,id_reference,A6c_train_seed_0,50044,-65.371313127636768,58,true,0.0365141792297436,2.2450936814451308,40,false
safety,A6c,0,id_reference,A6c_train_seed_0,50045,-229.57829777873562,250,false,0.16657328552836548,5.2652979309553194,40,false
safety,A6c,0,id_reference,A6c_train_seed_0,50046,-60.104029752378963,55,true,0.044785207121022838,5.0162860962912994,40,false
safety,A6c,0,id_reference,A6c_train_seed_0,50047,-102.15481647670842,250,false,0.18256376131913765,3.1630110848257322,40,false
safety,A6c,0,id_reference,A6c_train_seed_0,50048,-47.560000448596497,64,true,0.03752862252202787,4.6944468474606715,40,false
safety,A6c,0,id_reference,A6c_train_seed_0,50049,-93.493979179099838,69,true,0.045573850319177253,3.930391244844166,40,false
safety,A6c,0,id_reference,A6c_train_seed_0,50050,-107.37126119618739,85,true,0.049489588843016026,5.7233140912391605,40,false
safety,A6c,0,id_reference,A6c_train_seed_0,50051,-137.40219336235845,250,false,0.072899842363201017,5.7399883523655442,40,false
safety,A6c,0,id_reference,A6c_train_seed_0,50052,-269.51399383382841,250,false,0.38323682640335255,6.1632977120871901,40,false
safety,A6c,0,id_reference,A6c_train_seed_0,50053,-51.265366831427883,57,true,0.049922381357555258,2.8964078270918154,40,false
safety,A6c,0,id_reference,A6c_train_seed_0,50054,-99.65158798957637,83,true,0.029392813012290971,4.9894276270757798,40,false
safety,A6c,0,id_reference,A6c_train_seed_0,50055,-148.92769774705988,250,false,0.20838030275642677,2.3175212989379657,40,false
safety,A6c,0,id_reference,A6c_train_seed_0,50056,-3.605723953303908,31,true,0.049443316990847065,4.4354573380478435,22.510746002197266,false
safety,A6c,0,id_reference,A6c_train_seed_0,50057,-43.103484648993508,58,true,0.048843968028486028,3.3903134149154703,40,false
safety,A6c,0,id_reference,A6c_train_seed_0,50058,-90.551262298728901,80,true,0.027342665819415607,4.850763570188529,40,false
safety,A6c,0,id_reference,A6c_train_seed_0,50059,-98.326617762448677,250,false,0.097808192922732254,3.9707099854002723,40,false
safety,A6c,0,id_reference,A6c_train_seed_0,50060,-117.25703258594056,72,true,0.035058499781823793,5.2538591010494438,40,false
safety,A6c,0,id_reference,A6c_train_seed_0,50061,-87.596218467749864,250,false,0.18512672582713122,4.7079766725279901,37.544120788574219,false
safety,A6c,0,id_reference,A6c_train_seed_0,50062,-86.191262969740691,70,true,0.011116702291022981,6.0884806070908244,40,false
safety,A6c,0,id_reference,A6c_train_seed_0,50063,-77.065555607576187,250,false,0.11493346216475113,2.4568500290809352,32.263156890869141,false
safety,A6c,0,id_reference,A6c_train_seed_0,50064,-65.072196042351507,250,false,0.071263327318485198,4.2122008863129823,40,false
safety,A6c,0,id_reference,A6c_train_seed_0,50065,-24.871252217448948,44,true,0.010578991021206526,4.4593574391522628,40,false
safety,A6c,0,id_reference,A6c_train_seed_0,50066,-156.38820482719447,250,false,0.11847146839725661,3.0757492673177458,40,false
safety,A6c,0,id_reference,A6c_train_seed_0,50067,-71.252484742003503,250,false,0.092642395357306562,4.1191676425313846,37.202430725097656,false
safety,A6c,0,id_reference,A6c_train_seed_0,50068,-53.806193075989505,250,false,0.089450757676518569,4.6181513718825737,21.781269073486328,false
safety,A6c,0,id_reference,A6c_train_seed_0,50069,-60.279595777583012,55,true,0.024758240751166331,5.0489355299433036,40,false
safety,A6c,0,id_reference,A6c_train_seed_0,50070,-75.817197950222749,250,false,0.11736293830964895,3.4084413269518263,29.137590408325195,false
safety,A6c,0,id_reference,A6c_train_seed_0,50071,-23.057538554507076,41,true,0.0450752603183232,3.7466988662911875,40,false
safety,A6c,0,id_reference,A6c_train_seed_0,50072,-175.94483415061427,250,false,0.27170944803245672,5.6724094263493958,40,false
safety,A6c,0,id_reference,A6c_train_seed_0,50073,-157.22767607961245,250,false,0.13907903860890222,5.6055945503055247,40,false
safety,A6c,0,id_reference,A6c_train_seed_0,50074,-74.456854228814876,250,false,0.1002709292918107,3.7728281483244972,31.530668258666992,false
safety,A6c,0,id_reference,A6c_train_seed_0,50075,-202.61334636932048,250,false,0.53320406724253167,4.8503193723723257,40,false
safety,A6c,0,id_reference,A6c_train_seed_0,50076,-376.90759328552235,250,false,0.8313846065687347,9.9806717262297191,40,false
safety,A6c,0,id_reference,A6c_train_seed_0,50077,-67.710500933202368,250,false,0.10951893808731931,7.341693033965667,40,false
safety,A6c,0,id_reference,A6c_train_seed_0,50078,-82.384875162869321,250,false,0.096285957714541542,2.8779667757338028,38.395099639892578,false
safety,A6c,0,id_reference,A6c_train_seed_0,50079,-238.28369728482403,250,false,0.12669946722766892,5.3452029068357438,40,false
safety,A6c,0,id_reference,A6c_train_seed_0,50080,-107.58076131452219,104,true,0.048760837131804034,6.6745142932173147,40,false
safety,A6c,0,id_reference,A6c_train_seed_0,50081,-43.17006207365587,55,true,0.048105586203237218,4.610672882755269,40,false
safety,A6c,0,id_reference,A6c_train_seed_0,50082,-59.509427804736845,250,false,0.066963735192421145,6.3405354194893757,40,false
safety,A6c,0,id_reference,A6c_train_seed_0,50083,-115.76026316786385,250,false,0.087818565849138885,6.7809701951295063,40,false
safety,A6c,0,id_reference,A6c_train_seed_0,50084,-27.043426774236025,39,true,0.047709631050641126,3.3353889382598059,40,false
safety,A6c,0,id_reference,A6c_train_seed_0,50085,-157.35193431955611,250,false,0.19608331352684114,5.3291023514020619,40,false
safety,A6c,0,id_reference,A6c_train_seed_0,50086,-70.525316739559003,62,true,0.042467035873009047,6.6679389510127329,40,false
safety,A6c,0,id_reference,A6c_train_seed_0,50087,-33.606817513388293,48,true,0.013839017956100496,3.0697027566411648,40,false
safety,A6c,0,id_reference,A6c_train_seed_0,50088,-155.06123495697366,250,false,0.163351962971718,5.8376626479511309,40,false
safety,A6c,0,id_reference,A6c_train_seed_0,50089,-63.957139093825404,73,true,0.027502675028519344,4.6982823103514084,40,false
safety,A6c,0,id_reference,A6c_train_seed_0,50090,-151.20081111621968,250,false,0.24656323630472735,3.9328657697600353,40,false
safety,A6c,0,id_reference,A6c_train_seed_0,50091,-220.70720053249104,250,false,0.445230720165886,5.6364137094122588,40,false
safety,A6c,0,id_reference,A6c_train_seed_0,50092,-191.36008800391747,250,false,0.49086295360004772,4.9632145604584288,40,false
safety,A6c,0,id_reference,A6c_train_seed_0,50093,-407.42801793347934,250,false,1.035711402823664,9.2831721706106869,40,false
safety,A6c,0,id_reference,A6c_train_seed_0,50094,-18.722743907414298,40,true,0.024748502938873696,3.2909316743404626,40,false
safety,A6c,0,id_reference,A6c_train_seed_0,50095,-39.841914033751159,49,true,0.024860330035307774,3.6548315906068489,36.122035980224609,false
safety,A6c,0,id_reference,A6c_train_seed_0,50096,-189.13117692714835,250,false,0.24208652353508511,3.5116935058727954,40,false
safety,A6c,0,id_reference,A6c_train_seed_0,50097,-232.26309245349492,250,false,0.65033678133181061,5.8995109268063208,40,false
safety,A6c,0,id_reference,A6c_train_seed_0,50098,-90.3661839252444,64,true,0.040924597224437337,5.4794266971574537,40,false
safety,A6c,0,id_reference,A6c_train_seed_0,50099,-217.74983978672711,250,false,0.47875984960698487,4.6555133343642492,40,false
safety,A6c_gate_off_control,0,id_reference,A6c_gate_off_control_train_seed_0,50000,-24.737907830194509,64,true,0.049954445446720126,3.9220691184839245,39.159191131591797,false
safety,A6c_gate_off_control,0,id_reference,A6c_gate_off_control_train_seed_0,50001,-113.53966889060381,106,true,0.047170645537490279,5.1543411100749825,40,false
safety,A6c_gate_off_control,0,id_reference,A6c_gate_off_control_train_seed_0,50002,-75.623525821758435,250,false,0.069114269487308241,5.8639968701397658,40,false
safety,A6c_gate_off_control,0,id_reference,A6c_gate_off_control_train_seed_0,50003,-282.87472368843396,250,false,0.51966665000191392,4.6021030718198919,40,false
safety,A6c_gate_off_control,0,id_reference,A6c_gate_off_control_train_seed_0,50004,-73.514620905556441,75,true,0.021725354096639227,4.4360537417621515,40,false
safety,A6c_gate_off_control,0,id_reference,A6c_gate_off_control_train_seed_0,50005,-85.742935783257437,71,true,0.049228501826370313,6.136667780289125,40,false
safety,A6c_gate_off_control,0,id_reference,A6c_gate_off_control_train_seed_0,50006,-48.124796142017061,68,true,0.048698030765360292,3.0889278016533575,40,false
safety,A6c_gate_off_control,0,id_reference,A6c_gate_off_control_train_seed_0,50007,-107.35473070062331,88,true,0.033501961949856364,4.2738512200356968,40,false
safety,A6c_gate_off_control,0,id_reference,A6c_gate_off_control_train_seed_0,50008,-99.771433264890533,98,true,0.031104089210917112,5.9380015666844619,40,false
safety,A6c_gate_off_control,0,id_reference,A6c_gate_off_control_train_seed_0,50009,-107.81967546744914,91,true,0.035652209128468282,3.0742895805420059,40,false
safety,A6c_gate_off_control,0,id_reference,A6c_gate_off_control_train_seed_0,50010,-102.10787477189727,250,false,0.089775285168596355,3.6679859034484941,40,false
safety,A6c_gate_off_control,0,id_reference,A6c_gate_off_control_train_seed_0,50011,-22.737685427416121,74,true,0.048446213700747288,4.9923267627981112,40,false
safety,A6c_gate_off_control,0,id_reference,A6c_gate_off_control_train_seed_0,50012,-40.467035699518902,46,true,0.044576863609183975,3.7783984405908151,40,false
safety,A6c_gate_off_control,0,id_reference,A6c_gate_off_control_train_seed_0,50013,-283.64036765960714,250,false,0.58367429953016559,3.4412706104885951,40,false
safety,A6c_gate_off_control,0,id_reference,A6c_gate_off_control_train_seed_0,50014,-188.27172498000618,250,false,0.33312927670223563,4.2940612617187393,40,false
safety,A6c_gate_off_control,0,id_reference,A6c_gate_off_control_train_seed_0,50015,-85.592373246248982,76,true,0.021754718831544419,3.4260343672269635,40,false
safety,A6c_gate_off_control,0,id_reference,A6c_gate_off_control_train_seed_0,50016,-112.47291687989716,100,true,0.047065303169357316,2.1227415215214487,40,false
safety,A6c_gate_off_control,0,id_reference,A6c_gate_off_control_train_seed_0,50017,-71.36621366866683,78,true,0.04705993372331968,4.8345576800732752,40,false
safety,A6c_gate_off_control,0,id_reference,A6c_gate_off_control_train_seed_0,50018,-156.84408466702908,49,false,2.0315474812457519,5.6097534886622116,40,false
safety,A6c_gate_off_control,0,id_reference,A6c_gate_off_control_train_seed_0,50019,-190.0761298846181,121,true,0.01538680027877822,2.9251124015583692,40,false
safety,A6c_gate_off_control,0,id_reference,A6c_gate_off_control_train_seed_0,50020,-40.822119467232284,59,true,0.049278860197646976,2.6851356795018702,40,false
safety,A6c_gate_off_control,0,id_reference,A6c_gate_off_control_train_seed_0,50021,-20.203636125235313,50,true,0.020820846033612523,2.8717427199642924,28.980001449584961,false
safety,A6c_gate_off_control,0,id_reference,A6c_gate_off_control_train_seed_0,50022,-84.556648144059054,72,true,0.046068120327708129,3.9141712757272011,40,false
safety,A6c_gate_off_control,0,id_reference,A6c_gate_off_control_train_seed_0,50023,-80.917766101919426,70,true,0.020460493143643163,5.1357014137126331,40,false
safety,A6c_gate_off_control,0,id_reference,A6c_gate_off_control_train_seed_0,50024,-15.502256661693911,60,true,0.041149184915971207,4.7531284742794391,31.138189315795898,false
safety,A6c_gate_off_control,0,id_reference,A6c_gate_off_control_train_seed_0,50025,-82.961674801905559,86,true,0.034099546185941021,5.6396358362538912,40,false
safety,A6c_gate_off_control,0,id_reference,A6c_gate_off_control_train_seed_0,50026,-252.33076217837791,250,false,0.66386043434865905,5.5036617785449797,40,false
safety,A6c_gate_off_control,0,id_reference,A6c_gate_off_control_train_seed_0,50027,-80.125962123992551,250,false,0.15605371799791207,6.4304275635031516,40,false
safety,A6c_gate_off_control,0,id_reference,A6c_gate_off_control_train_seed_0,50028,-68.830477337187176,56,true,0.040079041122150459,6.0355502685789784,40,false
safety,A6c_gate_off_control,0,id_reference,A6c_gate_off_control_train_seed_0,50029,-145.4408514419834,250,false,0.052203011133267946,4.0901330665684066,40,false
safety,A6c_gate_off_control,0,id_reference,A6c_gate_off_control_train_seed_0,50030,-88.397474039254917,89,true,0.046211158925896459,4.8524362899639302,40,false
safety,A6c_gate_off_control,0,id_reference,A6c_gate_off_control_train_seed_0,50031,-78.40375036680004,63,true,0.039473963494429616,5.5797401402821336,40,false
safety,A6c_gate_off_control,0,id_reference,A6c_gate_off_control_train_seed_0,50032,-68.787154557433027,63,true,0.029497681485862234,3.0505811983308568,40,false
safety,A6c_gate_off_control,0,id_reference,A6c_gate_off_control_train_seed_0,50033,-46.233017365095435,250,false,0.083194539897168837,4.1501911876455706,24.41242790222168,false
safety,A6c_gate_off_control,0,id_reference,A6c_gate_off_control_train_seed_0,50034,-42.30466308514994,53,true,0.041073313415975449,4.595337467652433,37.782657623291016,false
safety,A6c_gate_off_control,0,id_reference,A6c_gate_off_control_train_seed_0,50035,-93.810881024891728,250,false,0.068975962261986226,4.6854843201791061,40,false
safety,A6c_gate_off_control,0,id_reference,A6c_gate_off_control_train_seed_0,50036,-68.09646675187264,67,true,0.028020437879728376,2.2946526524408539,38.507614135742188,false
safety,A6c_gate_off_control,0,id_reference,A6c_gate_off_control_train_seed_0,50037,-64.641790605627278,58,true,0.041186330518267276,3.2390602602464083,40,false
safety,A6c_gate_off_control,0,id_reference,A6c_gate_off_control_train_seed_0,50038,-106.57497124036951,92,true,0.034889224754824893,5.9351865284800853,40,false
safety,A6c_gate_off_control,0,id_reference,A6c_gate_off_control_train_seed_0,50039,-53.898293705721535,63,true,0.027034406461156586,2.1013460396811063,34.711685180664062,false
safety,A6c_gate_off_control,0,id_reference,A6c_gate_off_control_train_seed_0,50040,-71.672415007406443,250,false,0.061081663672358712,3.5838433309198243,40,false
safety,A6c_gate_off_control,0,id_reference,A6c_gate_off_control_train_seed_0,50041,-51.622856069257899,49,true,0.02885415459972247,4.6629651564759733,40,false
safety,A6c_gate_off_control,0,id_reference,A6c_gate_off_control_train_seed_0,50042,-64.778926854698327,250,false,0.071969254288061946,4.9006581748572975,40,false
safety,A6c_gate_off_control,0,id_reference,A6c_gate_off_control_train_seed_0,50043,-13.273382757065479,39,true,0.046389578489767831,3.1342074354634377,40,false
safety,A6c_gate_off_control,0,id_reference,A6c_gate_off_control_train_seed_0,50044,-64.80345858863258,58,true,0.03702531403446066,2.6589756536305873,40,false
safety,A6c_gate_off_control,0,id_reference,A6c_gate_off_control_train_seed_0,50045,-189.17286215598423,138,true,0.049296194311754582,5.2222236037194945,40,false
safety,A6c_gate_off_control,0,id_reference,A6c_gate_off_control_train_seed_0,50046,-60.604184551106684,58,true,0.047807711093179599,5.0162860962912994,40,false
safety,A6c_gate_off_control,0,id_reference,A6c_gate_off_control_train_seed_0,50047,-86.832011759111609,250,false,0.10762502140164133,3.6914941572262232,40,false
safety,A6c_gate_off_control,0,id_reference,A6c_gate_off_control_train_seed_0,50048,-47.168790763208136,58,true,0.036175766104319829,4.6641569369923754,40,false
safety,A6c_gate_off_control,0,id_reference,A6c_gate_off_control_train_seed_0,50049,-94.288918529330985,78,true,0.037630477546697634,3.8864721001278446,40,false
safety,A6c_gate_off_control,0,id_reference,A6c_gate_off_control_train_seed_0,50050,-106.65459175339785,84,true,0.045316834632839025,5.5405645782860864,40,false
safety,A6c_gate_off_control,0,id_reference,A6c_gate_off_control_train_seed_0,50051,-138.07626078982113,250,false,0.080023424475777524,5.5924153601869007,40,false
safety,A6c_gate_off_control,0,id_reference,A6c_gate_off_control_train_seed_0,50052,-272.43217616179578,250,false,0.40110757650719547,6.0225824039879514,40,false
safety,A6c_gate_off_control,0,id_reference,A6c_gate_off_control_train_seed_0,50053,-50.150275126015316,52,true,0.026794904555227823,2.896753313787602,40,false
safety,A6c_gate_off_control,0,id_reference,A6c_gate_off_control_train_seed_0,50054,-99.195003684497223,82,true,0.022963415632115992,4.779118471524006,40,false
safety,A6c_gate_off_control,0,id_reference,A6c_gate_off_control_train_seed_0,50055,-92.2062462722443,98,true,0.0098544968270222084,2.3175212989379657,40,false
safety,A6c_gate_off_control,0,id_reference,A6c_gate_off_control_train_seed_0,50056,-41.546114486954309,250,false,0.077067402493594769,4.5233469768851977,25.260768890380859,false
safety,A6c_gate_off_control,0,id_reference,A6c_gate_off_control_train_seed_0,50057,-43.866958647053025,55,true,0.042292963700551536,3.3903134149154703,40,false
safety,A6c_gate_off_control,0,id_reference,A6c_gate_off_control_train_seed_0,50058,-111.93676214493351,250,false,0.058286231027047337,4.850763570188529,40,false
safety,A6c_gate_off_control,0,id_reference,A6c_gate_off_control_train_seed_0,50059,-63.055318856826233,95,true,0.047866344853729585,4.2768696395628858,40,false
safety,A6c_gate_off_control,0,id_reference,A6c_gate_off_control_train_seed_0,50060,-121.916504672293,102,true,0.045324437364277659,5.2621539362706695,40,false
safety,A6c_gate_off_control,0,id_reference,A6c_gate_off_control_train_seed_0,50061,-70.077394697694871,250,false,0.078893869886496854,4.6681478267148,40,false
safety,A6c_gate_off_control,0,id_reference,A6c_gate_off_control_train_seed_0,50062,-84.751267502783435,69,true,0.0043470940927398437,5.7215512968084568,40,false
safety,A6c_gate_off_control,0,id_reference,A6c_gate_off_control_train_seed_0,50063,-66.925302238084399,250,false,0.074625992207343159,2.4966740121640503,33.293144226074219,false
safety,A6c_gate_off_control,0,id_reference,A6c_gate_off_control_train_seed_0,50064,-28.739053900261663,50,true,0.038289970886762385,4.2568836042923639,39.328460693359375,false
safety,A6c_gate_off_control,0,id_reference,A6c_gate_off_control_train_seed_0,50065,-24.380992531352348,40,true,0.049597503223801055,4.2306131160736591,40,false
safety,A6c_gate_off_control,0,id_reference,A6c_gate_off_control_train_seed_0,50066,-121.56335764229829,99,true,0.049680955160878677,2.933138298559244,40,false
safety,A6c_gate_off_control,0,id_reference,A6c_gate_off_control_train_seed_0,50067,-34.173697251623679,51,true,0.048181407531769471,4.0485325373972483,38.693588256835938,false
safety,A6c_gate_off_control,0,id_reference,A6c_gate_off_control_train_seed_0,50068,-61.443776413365356,250,false,0.12546852224397112,4.6720977749154438,20.962034225463867,false
safety,A6c_gate_off_control,0,id_reference,A6c_gate_off_control_train_seed_0,50069,-59.666142276908218,51,true,0.020464667475352749,5.0489355299433036,40,false
safety,A6c_gate_off_control,0,id_reference,A6c_gate_off_control_train_seed_0,50070,-52.876692892478111,250,false,0.080199758399824086,3.2191754959047492,28.842264175415039,false
safety,A6c_gate_off_control,0,id_reference,A6c_gate_off_control_train_seed_0,50071,-22.792561972034058,38,true,0.045442307026298451,3.9127160053117369,39.581256866455078,false
safety,A6c_gate_off_control,0,id_reference,A6c_gate_off_control_train_seed_0,50072,-178.59563837926436,250,false,0.28856673449439119,5.414262292591987,40,false
safety,A6c_gate_off_control,0,id_reference,A6c_gate_off_control_train_seed_0,50073,-117.23141921061584,98,true,0.046223882408986179,5.5518366592466624,40,false
safety,A6c_gate_off_control,0,id_reference,A6c_gate_off_control_train_seed_0,50074,-35.858895603660045,58,true,0.022819435103156337,3.6270553663897438,31.585790634155273,false
safety,A6c_gate_off_control,0,id_reference,A6c_gate_off_control_train_seed_0,50075,-123.11978265989752,250,false,0.14323209854422017,4.7731921184576382,40,false
safety,A6c_gate_off_control,0,id_reference,A6c_gate_off_control_train_seed_0,50076,-375.51138836002241,250,false,0.84286214301299933,7.9306545169924618,40,false
safety,A6c_gate_off_control,0,id_reference,A6c_gate_off_control_train_seed_0,50077,-81.860419709028449,250,false,0.081660584548611193,6.9032841020298079,40,false
safety,A6c_gate_off_control,0,id_reference,A6c_gate_off_control_train_seed_0,50078,-41.917778859464534,64,true,0.046846792721756091,2.8814105398036767,40,false
safety,A6c_gate_off_control,0,id_reference,A6c_gate_off_control_train_seed_0,50079,-182.60173119371623,101,true,0.049482165499305189,5.0528551423738746,40,false
safety,A6c_gate_off_control,0,id_reference,A6c_gate_off_control_train_seed_0,50080,-105.36883284590328,98,true,0.048739471664163737,6.1684433958916189,40,false
safety,A6c_gate_off_control,0,id_reference,A6c_gate_off_control_train_seed_0,50081,-44.195653194417538,60,true,0.048934233069466815,4.432420633626406,40,false
safety,A6c_gate_off_control,0,id_reference,A6c_gate_off_control_train_seed_0,50082,-67.729045481091958,250,false,0.064797625388725175,6.3241428279645584,39.079330444335938,false
safety,A6c_gate_off_control,0,id_reference,A6c_gate_off_control_train_seed_0,50083,-120.17836770210093,250,false,0.10706931957933086,6.719317795375007,40,false
safety,A6c_gate_off_control,0,id_reference,A6c_gate_off_control_train_seed_0,50084,-26.610883455007674,39,true,0.029389754543628268,3.6495235762858154,40,false
safety,A6c_gate_off_control,0,id_reference,A6c_gate_off_control_train_seed_0,50085,-156.94954880077228,250,false,0.19873016035793162,5.2856742125182015,40,false
safety,A6c_gate_off_control,0,id_reference,A6c_gate_off_control_train_seed_0,50086,-100.14311922523855,250,false,0.06971735695177475,6.6668442335253895,40,false
safety,A6c_gate_off_control,0,id_reference,A6c_gate_off_control_train_seed_0,50087,-33.319722581943495,45,true,0.037893413709123171,3.0649300514030386,40,false
safety,A6c_gate_off_control,0,id_reference,A6c_gate_off_control_train_seed_0,50088,-150.3127159163285,250,false,0.16136212312246248,5.800701240790854,40,false
safety,A6c_gate_off_control,0,id_reference,A6c_gate_off_control_train_seed_0,50089,-63.389684675118495,73,true,0.023245492777016829,4.3584835980962708,40,false
safety,A6c_gate_off_control,0,id_reference,A6c_gate_off_control_train_seed_0,50090,-90.089772317930013,88,true,0.049733933080709683,3.9328657697600353,40,false
safety,A6c_gate_off_control,0,id_reference,A6c_gate_off_control_train_seed_0,50091,-224.82711461326488,250,false,0.46543250174635703,5.6024678618764412,40,false
safety,A6c_gate_off_control,0,id_reference,A6c_gate_off_control_train_seed_0,50092,-66.736109765118854,95,true,0.0089380610641074075,5.5718863873274751,40,false
safety,A6c_gate_off_control,0,id_reference,A6c_gate_off_control_train_seed_0,50093,-409.81799493235178,250,false,1.0412397228951478,8.2698672489531617,40,false
safety,A6c_gate_off_control,0,id_reference,A6c_gate_off_control_train_seed_0,50094,-17.283230366750942,35,true,0.037802712838640506,3.5214466191535321,40,false
safety,A6c_gate_off_control,0,id_reference,A6c_gate_off_control_train_seed_0,50095,-39.989700254289502,49,true,0.046707335681914722,3.6434984095514804,35.456710815429688,false
safety,A6c_gate_off_control,0,id_reference,A6c_gate_off_control_train_seed_0,50096,-165.45701431296106,250,false,0.11713634358593161,3.7088083174339119,40,false
safety,A6c_gate_off_control,0,id_reference,A6c_gate_off_control_train_seed_0,50097,-194.79010709491959,250,false,0.40655674498660416,6.0162898233820199,40,false
safety,A6c_gate_off_control,0,id_reference,A6c_gate_off_control_train_seed_0,50098,-99.44931332336526,137,true,0.049879184057865955,5.1580947085614657,40,false
safety,A6c_gate_off_control,0,id_reference,A6c_gate_off_control_train_seed_0,50099,-210.48351210027354,250,false,0.43054308818295667,5.5165117410580331,40,false
safety,A4c,0,ood_compound,A4c_train_seed_0,50000,-350.85547840810676,250,false,1.1412711248306682,5.1247158593435147,40,false
safety,A4c,0,ood_compound,A4c_train_seed_0,50001,-234.14928361346318,250,false,0.33733152340347161,13.468809117293823,40,false
safety,A4c,0,ood_compound,A4c_train_seed_0,50002,-287.18636035344753,250,false,0.91016519625230796,8.1079353688620035,40,false
safety,A4c,0,ood_compound,A4c_train_seed_0,50003,-512.96066025260507,250,false,1.3016675110733549,30.544130939146541,40,false
safety,A4c,0,ood_compound,A4c_train_seed_0,50004,-365.15847303118443,250,false,1.2590908923597408,6.0523370966535719,40,false
safety,A4c,0,ood_compound,A4c_train_seed_0,50005,-246.45883798847333,250,false,0.45227263922530658,12.854501029877829,40,false
safety,A4c,0,ood_compound,A4c_train_seed_0,50006,-260.02801201070042,250,false,0.48129027892479675,6.5334391831720655,40,false
safety,A4c,0,ood_compound,A4c_train_seed_0,50007,-360.43540433162133,250,false,0.8875790018716524,9.0046556586588107,40,false
safety,A4c,0,ood_compound,A4c_train_seed_0,50008,-281.72553195081707,250,false,0.83354355453474105,8.6398648027686722,40,false
safety,A4c,0,ood_compound,A4c_train_seed_0,50009,-169.22014543838608,250,false,0.43179011800672767,8.2167799106278565,40,false
safety,A4c,0,ood_compound,A4c_train_seed_0,50010,-217.16919598886375,250,false,0.57775826667306263,8.4123996480543273,40,false
safety,A4c,0,ood_compound,A4c_train_seed_0,50011,-270.947049415783,250,false,0.7886235583083383,4.9585489256014394,40,false
safety,A4c,0,ood_compound,A4c_train_seed_0,50012,-78.601862935620233,89,true,0.019938819487675102,8.1961906048227124,40,false
safety,A4c,0,ood_compound,A4c_train_seed_0,50013,-349.85780971555516,250,false,1.0085983653233095,7.5970892433486696,40,false
safety,A4c,0,ood_compound,A4c_train_seed_0,50014,-335.25598630261072,250,false,0.84402068752328874,14.065817500243339,40,false
safety,A4c,0,ood_compound,A4c_train_seed_0,50015,-277.13928827979743,250,false,0.48731161864548289,10.24051882636831,40,false
safety,A4c,0,ood_compound,A4c_train_seed_0,50016,-274.62609540600175,250,false,0.94216564163213989,8.8183229260504934,40,false
safety,A4c,0,ood_compound,A4c_train_seed_0,50017,-282.29848504668814,250,false,0.83738525614134629,6.8859268148806372,40,false
safety,A4c,0,ood_compound,A4c_train_seed_0,50018,-185.34609483461679,250,false,0.098135373750874527,7.9853003845154698,40,false
safety,A4c,0,ood_compound,A4c_train_seed_0,50019,-254.94620730615995,250,false,0.62492897242594347,9.7230409081465439,40,false
safety,A4c,0,ood_compound,A4c_train_seed_0,50020,-384.57771801828704,250,false,1.1698596985701639,1.3040705527361307,40,false
safety,A4c,0,ood_compound,A4c_train_seed_0,50021,-385.30793727536889,250,false,1.2042502747532327,2.9095180322683123,40,false
safety,A4c,0,ood_compound,A4c_train_seed_0,50022,-293.30093533694708,250,false,0.71043209425200859,9.6243020147069469,40,false
safety,A4c,0,ood_compound,A4c_train_seed_0,50023,-216.2399143606539,250,false,0.2709110182734154,13.047518306753322,40,false
safety,A4c,0,ood_compound,A4c_train_seed_0,50024,-309.56045905351999,250,false,0.84125639181565093,3.2483008671674987,40,false
safety,A4c,0,ood_compound,A4c_train_seed_0,50025,-215.83926754034189,250,false,0.41673346501381836,16.063976350605355,40,false
safety,A4c,0,ood_compound,A4c_train_seed_0,50026,-377.32258119516189,250,false,1.350029360393646,6.3081027649060974,40,false
safety,A4c,0,ood_compound,A4c_train_seed_0,50027,-236.15930459089358,250,false,0.52426029737890056,7.9750283059483413,40,false
safety,A4c,0,ood_compound,A4c_train_seed_0,50028,-281.58834393279329,250,false,0.47382039011283195,13.318966945704295,40,false
safety,A4c,0,ood_compound,A4c_train_seed_0,50029,-255.06376852766178,250,false,0.48836095714090078,10.536956132438799,40,false
safety,A4c,0,ood_compound,A4c_train_seed_0,50030,-192.14081015300263,250,false,0.35468659230879768,9.697820695192199,40,false
safety,A4c,0,ood_compound,A4c_train_seed_0,50031,-181.91937277344962,250,false,0.13443806145475123,13.552148550541739,40,false
safety,A4c,0,ood_compound,A4c_train_seed_0,50032,-258.770837585626,250,false,0.69607537255041085,9.4294073667668794,40,false
safety,A4c,0,ood_compound,A4c_train_seed_0,50033,-356.81847547608339,250,false,1.0300288140440788,2.0794437369836554,40,false
safety,A4c,0,ood_compound,A4c_train_seed_0,50034,-332.58561980069624,250,false,0.97507844333620708,6.7971255023002781,40,false
safety,A4c,0,ood_compound,A4c_train_seed_0,50035,-359.44994418124827,250,false,1.0926023001369627,5.4554095289711517,40,false
safety,A4c,0,ood_compound,A4c_train_seed_0,50036,-460.78967994809227,250,false,1.5125483118148966,4.0736074396915649,40,false
safety,A4c,0,ood_compound,A4c_train_seed_0,50037,-280.36107328187188,250,false,0.91286903828962274,8.7262776234938322,40,false
safety,A4c,0,ood_compound,A4c_train_seed_0,50038,-263.64667617037043,250,false,0.48134263410575145,16.226080078515032,40,false
safety,A4c,0,ood_compound,A4c_train_seed_0,50039,-292.47792066324479,250,false,0.851769634101054,2.5198878073755009,40,false
safety,A4c,0,ood_compound,A4c_train_seed_0,50040,-240.27219453423444,250,false,0.65037004810410393,7.9614095779879896,40,false
safety,A4c,0,ood_compound,A4c_train_seed_0,50041,-193.25081643463832,250,false,0.37575896279350329,9.1673882219769585,40,false
safety,A4c,0,ood_compound,A4c_train_seed_0,50042,-270.83349916634677,250,false,0.79490901651572543,6.0692891693153577,40,false
safety,A4c,0,ood_compound,A4c_train_seed_0,50043,-204.61173151849525,250,false,0.51924306675312271,1.6165595481084698,40,false
safety,A4c,0,ood_compound,A4c_train_seed_0,50044,-236.25859171614749,250,false,0.44935602481163961,9.7857082737171375,40,false
safety,A4c,0,ood_compound,A4c_train_seed_0,50045,-265.49672127281912,250,false,0.50126701166199306,8.4496502458524994,40,false
safety,A4c,0,ood_compound,A4c_train_seed_0,50046,-229.36941096687974,250,false,0.5513024306151586,9.2527306040031192,40,false
safety,A4c,0,ood_compound,A4c_train_seed_0,50047,-472.59147100489344,250,false,1.7301370539704457,5.2054520293399094,40,false
safety,A4c,0,ood_compound,A4c_train_seed_0,50048,-192.05838484111399,250,false,0.41000434988589329,10.517664859931502,40,false
safety,A4c,0,ood_compound,A4c_train_seed_0,50049,-296.01642620413492,250,false,0.6088747302561982,10.233573360638497,40,false
safety,A4c,0,ood_compound,A4c_train_seed_0,50050,-281.06092059229968,250,false,0.4834634932534726,22.56481199532859,40,false
safety,A4c,0,ood_compound,A4c_train_seed_0,50051,-172.72765678660431,250,false,0.11675428211090511,12.803538552033576,40,false
safety,A4c,0,ood_compound,A4c_train_seed_0,50052,-419.24520514186389,250,false,1.3370989468508656,19.957510774000806,40,false
safety,A4c,0,ood_compound,A4c_train_seed_0,50053,-151.60539929533627,250,false,0.16349979288132255,7.6279264877106092,40,false
safety,A4c,0,ood_compound,A4c_train_seed_0,50054,-233.1599587417206,250,false,0.39734278971749443,16.668904003080584,40,false
safety,A4c,0,ood_compound,A4c_train_seed_0,50055,-314.12668820119796,250,false,0.92733797948174213,8.9715273210109707,40,false
safety,A4c,0,ood_compound,A4c_train_seed_0,50056,-130.51172205706101,250,false,0.32058091265176986,3.618880979661582,36.851119995117188,false
safety,A4c,0,ood_compound,A4c_train_seed_0,50057,-435.51082433964621,250,false,1.5959510031038944,6.3104693221907437,40,false
safety,A4c,0,ood_compound,A4c_train_seed_0,50058,-259.82598330373185,250,false,0.34614322306195655,11.336648358052692,40,false
safety,A4c,0,ood_compound,A4c_train_seed_0,50059,-289.07201304454446,250,false,0.84276141873218957,4.8077339021876542,40,false
safety,A4c,0,ood_compound,A4c_train_seed_0,50060,-288.47437268929542,250,false,0.6388717228344003,9.0380970260391749,40,false
safety,A4c,0,ood_compound,A4c_train_seed_0,50061,-335.52643229825844,250,false,0.92314634428797437,3.0619137783042438,40,false
safety,A4c,0,ood_compound,A4c_train_seed_0,50062,-236.82119094019748,250,false,0.36580034452921073,18.398997817008315,40,false
safety,A4c,0,ood_compound,A4c_train_seed_0,50063,-439.23603463001859,250,false,1.3123631389021706,3.2843140704366833,40,false
safety,A4c,0,ood_compound,A4c_train_seed_0,50064,-246.55509551817275,250,false,0.34330429629059861,6.0235761644972143,40,false
safety,A4c,0,ood_compound,A4c_train_seed_0,50065,-182.42974560947087,250,false,0.50227101847740363,5.4484496246498342,40,false
safety,A4c,0,ood_compound,A4c_train_seed_0,50066,-261.82871403899009,250,false,0.46293835355199153,6.7050985334633522,40,false
safety,A4c,0,ood_compound,A4c_train_seed_0,50067,-322.21315202501319,250,false,0.92700367293014185,6.2178014833785582,40,false
safety,A4c,0,ood_compound,A4c_train_seed_0,50068,-145.81819664678346,250,false,0.39661878278243351,5.320841804868901,38.049396514892578,false
safety,A4c,0,ood_compound,A4c_train_seed_0,50069,-157.16867051525605,250,false,0.094227646287612571,12.040085469421461,40,false
safety,A4c,0,ood_compound,A4c_train_seed_0,50070,-316.31549620569928,250,false,1.004303715612094,5.9395502221362335,40,false
safety,A4c,0,ood_compound,A4c_train_seed_0,50071,-196.50500654343443,250,false,0.77087738953448681,5.8608690838393454,40,false
safety,A4c,0,ood_compound,A4c_train_seed_0,50072,-189.83770901536187,250,false,0.23624960622064969,12.913192102655877,40,false
safety,A4c,0,ood_compound,A4c_train_seed_0,50073,-262.58611628621276,250,false,0.46052697655336322,16.636180069127107,40,false
safety,A4c,0,ood_compound,A4c_train_seed_0,50074,-310.55843598679024,250,false,0.96057985326582496,5.287043952589471,40,false
safety,A4c,0,ood_compound,A4c_train_seed_0,50075,-382.83477866870942,250,false,1.0944050519521207,5.5002402160800568,40,false
safety,A4c,0,ood_compound,A4c_train_seed_0,50076,-230.26144222960082,250,false,0.31467904728762042,10.42673362581816,40,false
safety,A4c,0,ood_compound,A4c_train_seed_0,50077,-216.75989490879783,250,false,0.56138175554974357,8.9489174467695562,40,false
safety,A4c,0,ood_compound,A4c_train_seed_0,50078,-471.36937117831673,250,false,1.2805977489141871,4.0261474957934116,40,false
safety,A4c,0,ood_compound,A4c_train_seed_0,50079,-272.94014403059583,250,false,0.26818753195568684,13.704906974825674,40,false
safety,A4c,0,ood_compound,A4c_train_seed_0,50080,-213.56914599545772,250,false,0.24692843587039434,18.053366465816421,40,false
safety,A4c,0,ood_compound,A4c_train_seed_0,50081,-203.711041304096,250,false,0.51328485336969032,8.4938709689781291,40,false
safety,A4c,0,ood_compound,A4c_train_seed_0,50082,-157.61890970711482,250,false,0.17347446886444545,8.5112661355895565,40,false
safety,A4c,0,ood_compound,A4c_train_seed_0,50083,-171.18319925442933,250,false,0.1542111844737114,13.905796390132764,40,false
safety,A4c,0,ood_compound,A4c_train_seed_0,50084,-115.27802831654053,250,false,0.1250531140489905,4.8862789211652444,40,false
safety,A4c,0,ood_compound,A4c_train_seed_0,50085,-214.89442608641383,250,false,0.24641216737770316,19.005523915254155,40,false
safety,A4c,0,ood_compound,A4c_train_seed_0,50086,-127.90007229915312,250,false,0.14882464459282843,10.744237240262139,40,false
safety,A4c,0,ood_compound,A4c_train_seed_0,50087,-148.52906122912401,250,false,0.37679336030255789,4.5105441374521416,40,false
safety,A4c,0,ood_compound,A4c_train_seed_0,50088,-291.3184513768669,250,false,0.46847314156330755,14.84541369926759,40,false
safety,A4c,0,ood_compound,A4c_train_seed_0,50089,-200.50026690099472,250,false,0.54255972388510532,10.521961865661137,40,false
safety,A4c,0,ood_compound,A4c_train_seed_0,50090,-274.45454478087782,250,false,0.44873514591977814,9.7746500920847765,40,false
safety,A4c,0,ood_compound,A4c_train_seed_0,50091,-221.62240796436876,250,false,0.22017196070739106,11.235525687325158,40,false
safety,A4c,0,ood_compound,A4c_train_seed_0,50092,-328.35688233112887,250,false,0.99357722418492755,4.3119690052268176,40,false
safety,A4c,0,ood_compound,A4c_train_seed_0,50093,-378.12076619566523,250,false,1.0390810586575576,9.4198181657502733,40,false
safety,A4c,0,ood_compound,A4c_train_seed_0,50094,-242.09984447719148,250,false,0.63289306685633695,3.3052039772627304,40,false
safety,A4c,0,ood_compound,A4c_train_seed_0,50095,-153.60916276979665,250,false,0.43824048802542792,5.628557599897448,40,false
safety,A4c,0,ood_compound,A4c_train_seed_0,50096,-297.91848040518494,250,false,0.78141136405456668,9.7584385238503195,40,false
safety,A4c,0,ood_compound,A4c_train_seed_0,50097,-318.22302972000335,250,false,1.0622529286713676,7.3916773102281645,40,false
safety,A4c,0,ood_compound,A4c_train_seed_0,50098,-152.93398394363001,250,false,0.14086516263401277,9.2129892384459691,40,false
safety,A4c,0,ood_compound,A4c_train_seed_0,50099,-347.82923735072899,250,false,1.1998502873921069,7.9463609453993458,40,false
safety,A3,0,ood_compound,A3_train_seed_0,50000,-237.14373584213087,250,false,0.66901328210381128,5.2143871302621534,40,false
safety,A3,0,ood_compound,A3_train_seed_0,50001,-183.16347490489329,250,false,0.1710447944554806,12.983593854095478,40,false
safety,A3,0,ood_compound,A3_train_seed_0,50002,-231.72115038548415,250,false,0.70307819862371734,8.1161861674459121,40,false
safety,A3,0,ood_compound,A3_train_seed_0,50003,-565.08717988604951,250,false,1.1262125884107437,19.435373930468646,40,false
safety,A3,0,ood_compound,A3_train_seed_0,50004,-298.24977665103779,250,false,0.92942515380975321,6.5768117214859636,40,false
safety,A3,0,ood_compound,A3_train_seed_0,50005,-209.95187450084356,250,false,0.20399156633018359,12.426572780263106,40,false
safety,A3,0,ood_compound,A3_train_seed_0,50006,-126.21122606059117,250,false,0.16234485411585542,5.8725213347530705,40,false
safety,A3,0,ood_compound,A3_train_seed_0,50007,-255.46287576679865,250,false,0.51511961168691711,8.5897888761118324,40,false
safety,A3,0,ood_compound,A3_train_seed_0,50008,-285.4226394420881,250,false,0.61255625581764339,12.488360396913011,40,false
safety,A3,0,ood_compound,A3_train_seed_0,50009,-81.117393118702566,81,true,0.046373261506107814,8.7167315757771231,40,false
safety,A3,0,ood_compound,A3_train_seed_0,50010,-140.94944956306634,250,false,0.20340012281978223,7.4840683454229708,40,false
safety,A3,0,ood_compound,A3_train_seed_0,50011,-230.99018076996734,250,false,0.57679617423774932,6.7392573778738987,40,false
safety,A3,0,ood_compound,A3_train_seed_0,50012,-66.648696496153292,73,true,0.046727564674884953,11.074071715246246,40,false
safety,A3,0,ood_compound,A3_train_seed_0,50013,-400.06568582474591,250,false,1.3279260768859324,6.4511564633834899,40,false
safety,A3,0,ood_compound,A3_train_seed_0,50014,-331.45782837367483,250,false,0.67077670853974969,14.880332748074942,40,false
safety,A3,0,ood_compound,A3_train_seed_0,50015,-184.33174816112859,250,false,0.1229302658904086,10.510916790956431,40,false
safety,A3,0,ood_compound,A3_train_seed_0,50016,-186.49062570768774,250,false,0.48305878393685475,7.8760500747474627,40,false
safety,A3,0,ood_compound,A3_train_seed_0,50017,-250.1532401553103,250,false,0.61157365357572624,7.6965983408169274,40,false
safety,A3,0,ood_compound,A3_train_seed_0,50018,-133.82410265540926,113,true,0.048441336615552888,8.5989959751109417,40,false
safety,A3,0,ood_compound,A3_train_seed_0,50019,-208.14328763786088,250,false,0.39759150915485608,8.6878969550489167,40,false
safety,A3,0,ood_compound,A3_train_seed_0,50020,-145.06919156344776,250,false,0.15967711689864694,3.7200081685906712,40,false
safety,A3,0,ood_compound,A3_train_seed_0,50021,-275.03721570758159,250,false,0.71907015592300993,2.6650868035179709,40,false
safety,A3,0,ood_compound,A3_train_seed_0,50022,-139.16844455285377,97,true,0.015638799212838124,9.6705964693994915,40,false
safety,A3,0,ood_compound,A3_train_seed_0,50023,-157.15251373253679,250,false,0.079987225446753435,10.846654191465236,40,false
safety,A3,0,ood_compound,A3_train_seed_0,50024,-265.89901363469573,250,false,0.67754132660789856,6.2205484076818927,40,false
safety,A3,0,ood_compound,A3_train_seed_0,50025,-197.46780652251482,250,false,0.22068242662250806,18.41437154432937,40,false
safety,A3,0,ood_compound,A3_train_seed_0,50026,-371.88638940979257,250,false,1.1478897893858326,7.7063348246914751,40,false
safety,A3,0,ood_compound,A3_train_seed_0,50027,-123.59077106015472,112,true,0.040211077348555106,7.5595076400677597,40,false
safety,A3,0,ood_compound,A3_train_seed_0,50028,-159.40181503591899,142,true,0.049856764530838329,12.181543849654183,40,false
safety,A3,0,ood_compound,A3_train_seed_0,50029,-179.35599066052413,250,false,0.22398923838466869,9.8360168767615797,40,false
safety,A3,0,ood_compound,A3_train_seed_0,50030,-159.20821466186649,250,false,0.19529217518448772,9.2260549590020897,40,false
safety,A3,0,ood_compound,A3_train_seed_0,50031,-176.23137101012938,250,false,0.15472071087701039,10.69978662790829,40,false
safety,A3,0,ood_compound,A3_train_seed_0,50032,-167.91707437507054,250,false,0.31189182505294949,8.7295882992238294,40,false
safety,A3,0,ood_compound,A3_train_seed_0,50033,-302.66460332035359,250,false,0.95496966284310225,5.2203674126272199,40,false
safety,A3,0,ood_compound,A3_train_seed_0,50034,-173.51964778325177,250,false,0.14115017378042136,6.3107138733650308,40,false
safety,A3,0,ood_compound,A3_train_seed_0,50035,-307.5593119505063,250,false,0.85690011899218776,5.5518278446646789,40,false
safety,A3,0,ood_compound,A3_train_seed_0,50036,-226.36148901940851,250,false,0.12633747558864564,5.3460564909584471,40,false
safety,A3,0,ood_compound,A3_train_seed_0,50037,-96.702900971314278,250,false,0.058613777709188616,10.020798069627183,40,false
safety,A3,0,ood_compound,A3_train_seed_0,50038,-227.55028860550209,250,false,0.26975329999962439,15.672711382429226,40,false
safety,A3,0,ood_compound,A3_train_seed_0,50039,-85.615918323130458,250,false,0.079325076148349175,4.846911217297321,40,false
safety,A3,0,ood_compound,A3_train_seed_0,50040,-202.88551221650371,250,false,0.43868586426366685,6.0500421143580008,40,false
safety,A3,0,ood_compound,A3_train_seed_0,50041,-91.647347931359093,75,true,0.04303945357991254,8.5088122967212367,40,false
safety,A3,0,ood_compound,A3_train_seed_0,50042,-206.77311853635942,250,false,0.52408733721741618,5.7455468484160184,40,false
safety,A3,0,ood_compound,A3_train_seed_0,50043,-96.57583644852005,250,false,0.096069706643455668,4.0018101091390434,40,false
safety,A3,0,ood_compound,A3_train_seed_0,50044,-81.127976656708142,76,true,0.037915983774946191,8.716032647879647,40,false
safety,A3,0,ood_compound,A3_train_seed_0,50045,-233.62972004293064,250,false,0.46320924673681896,8.371958046826613,40,false
safety,A3,0,ood_compound,A3_train_seed_0,50046,-151.67737939158033,250,false,0.25116831728225386,8.4839612412834402,40,false
safety,A3,0,ood_compound,A3_train_seed_0,50047,-402.16414363351203,250,false,1.0639889407090986,3.9958771609736488,40,false
safety,A3,0,ood_compound,A3_train_seed_0,50048,-156.4446333733261,250,false,0.22463068934079919,10.808508108415596,40,false
safety,A3,0,ood_compound,A3_train_seed_0,50049,-129.661614254917,83,true,0.035025963950053751,10.223414191492678,40,false
safety,A3,0,ood_compound,A3_train_seed_0,50050,-244.61214218997458,250,false,0.23664746309541038,22.419418946836451,40,false
safety,A3,0,ood_compound,A3_train_seed_0,50051,-124.09983395517675,100,true,0.047814636488998849,9.4056227364399732,40,false
safety,A3,0,ood_compound,A3_train_seed_0,50052,-347.48134294771489,250,false,0.6758071522219059,17.81937421589496,40,false
safety,A3,0,ood_compound,A3_train_seed_0,50053,-115.87475198402718,250,false,0.10545576390217357,8.4650174664805231,40,false
safety,A3,0,ood_compound,A3_train_seed_0,50054,-198.99841953953728,250,false,0.18388422736239943,13.224350566937852,40,false
safety,A3,0,ood_compound,A3_train_seed_0,50055,-123.16529530415195,105,true,0.046240927897160007,9.4365314221654923,40,false
safety,A3,0,ood_compound,A3_train_seed_0,50056,-76.711377225374719,250,false,0.10063782368074796,4.1081379044520858,40,false
safety,A3,0,ood_compound,A3_train_seed_0,50057,-408.47472724769705,250,false,1.5269668558494078,5.5281711727603362,40,false
safety,A3,0,ood_compound,A3_train_seed_0,50058,-206.11157858853375,250,false,0.10394850664341673,10.375408313174569,40,false
safety,A3,0,ood_compound,A3_train_seed_0,50059,-243.26167640624541,250,false,0.79279177122226341,5.0240062798072209,40,false
safety,A3,0,ood_compound,A3_train_seed_0,50060,-254.88661349304698,250,false,0.42031809546535848,8.015787173669759,40,false
safety,A3,0,ood_compound,A3_train_seed_0,50061,-291.91136585821687,250,false,0.56509902914159027,7.0031350660830309,40,false
safety,A3,0,ood_compound,A3_train_seed_0,50062,-190.11193471767859,250,false,0.13656881775179386,15.182693052482852,40,false
safety,A3,0,ood_compound,A3_train_seed_0,50063,-376.16312926914958,250,false,0.97540092472284134,5.5577454438598508,40,false
safety,A3,0,ood_compound,A3_train_seed_0,50064,-225.08542796264973,250,false,0.21199373948261535,6.8880067436746186,40,false
safety,A3,0,ood_compound,A3_train_seed_0,50065,-107.3024272266258,250,false,0.1227835586682751,6.914856340222749,40,false
safety,A3,0,ood_compound,A3_train_seed_0,50066,-222.81709182476376,250,false,0.36520388172890467,6.4301123074809379,40,false
safety,A3,0,ood_compound,A3_train_seed_0,50067,-184.29369947213459,250,false,0.1578860265937124,5.9731265361165349,40,false
safety,A3,0,ood_compound,A3_train_seed_0,50068,-70.405483624858121,250,false,0.1000184025776531,6.0601077981934361,39.134483337402344,false
safety,A3,0,ood_compound,A3_train_seed_0,50069,-108.06977154916984,82,true,0.045927031847713004,10.986534726955393,40,false
safety,A3,0,ood_compound,A3_train_seed_0,50070,-313.34200269400429,250,false,0.91824536079982122,6.4917973552321664,40,false
safety,A3,0,ood_compound,A3_train_seed_0,50071,-118.73089809248452,250,false,0.1346505025293841,5.7213210420706613,40,false
safety,A3,0,ood_compound,A3_train_seed_0,50072,-163.19585580868255,250,false,0.14512683484239591,10.084656891189461,40,false
safety,A3,0,ood_compound,A3_train_seed_0,50073,-235.00977684872066,250,false,0.22780172792449474,14.166461312180553,40,false
safety,A3,0,ood_compound,A3_train_seed_0,50074,-221.95577149502938,250,false,0.69955613940848671,5.6552282357037997,40,false
safety,A3,0,ood_compound,A3_train_seed_0,50075,-356.92747017686571,250,false,0.57685073013350718,5.9682768911228159,40,false
safety,A3,0,ood_compound,A3_train_seed_0,50076,-219.75111729882633,250,false,0.27070473741896445,10.635252121715222,40,false
safety,A3,0,ood_compound,A3_train_seed_0,50077,-149.99226553605334,250,false,0.25475204226344866,6.7778955604120199,40,false
safety,A3,0,ood_compound,A3_train_seed_0,50078,-309.229272312636,250,false,0.27410759641690158,6.514894268640159,40,false
safety,A3,0,ood_compound,A3_train_seed_0,50079,-262.51096589329524,250,false,0.23119574516189664,8.9459781819525723,40,false
safety,A3,0,ood_compound,A3_train_seed_0,50080,-194.58027569476224,250,false,0.081873677319929936,16.650611532839456,40,false
safety,A3,0,ood_compound,A3_train_seed_0,50081,-160.08068938737924,250,false,0.28181235534342464,6.9869542173510579,40,false
safety,A3,0,ood_compound,A3_train_seed_0,50082,-67.040457335283463,90,true,0.029521692104953916,9.9191619273617082,40,false
safety,A3,0,ood_compound,A3_train_seed_0,50083,-125.82597840542587,130,true,0.049755264350378386,9.3787299108519342,40,false
safety,A3,0,ood_compound,A3_train_seed_0,50084,-52.321619514864828,59,true,0.048949860382467236,5.4721100805750735,40,false
safety,A3,0,ood_compound,A3_train_seed_0,50085,-190.52494584213335,250,false,0.1568510105933528,14.636250147529525,40,false
safety,A3,0,ood_compound,A3_train_seed_0,50086,-118.55733537573836,250,false,0.1319691269524364,10.665873448814393,40,false
safety,A3,0,ood_compound,A3_train_seed_0,50087,-87.978231085579992,250,false,0.086637168810947088,6.6532971802058789,40,false
safety,A3,0,ood_compound,A3_train_seed_0,50088,-291.6318454412388,250,false,0.22606112066424644,15.5814301256453,40,false
safety,A3,0,ood_compound,A3_train_seed_0,50089,-163.62625883602095,250,false,0.31248198649683456,9.7262844522428296,40,false
safety,A3,0,ood_compound,A3_train_seed_0,50090,-239.9642961693398,250,false,0.29122837417440278,9.7216925728226951,40,false
safety,A3,0,ood_compound,A3_train_seed_0,50091,-213.56610897953144,250,false,0.12438999734416004,9.7633505654266113,40,false
safety,A3,0,ood_compound,A3_train_seed_0,50092,-304.32029901794857,250,false,0.73688355525953941,5.8439934996926493,40,false
safety,A3,0,ood_compound,A3_train_seed_0,50093,-256.07780170157162,250,false,0.28894556618658568,9.4705327114495219,40,false
safety,A3,0,ood_compound,A3_train_seed_0,50094,-130.90126377920308,250,false,0.21329159920010818,5.2050084556190592,40,false
safety,A3,0,ood_compound,A3_train_seed_0,50095,-43.055222571736529,66,true,0.049101582522317284,6.2492248815878808,40,false
safety,A3,0,ood_compound,A3_train_seed_0,50096,-306.61935744893242,250,false,0.80419568860359836,9.1967380104327621,40,false
safety,A3,0,ood_compound,A3_train_seed_0,50097,-284.48613879598361,250,false,0.88083225177574243,7.4476777458173267,40,false
safety,A3,0,ood_compound,A3_train_seed_0,50098,-123.7457085696048,250,false,0.085807256824104269,9.383952686840157,40,false
safety,A3,0,ood_compound,A3_train_seed_0,50099,-302.3785345696827,250,false,0.88274342399233241,7.4303764040633578,40,false
safety,A6c,0,ood_compound,A6c_train_seed_0,50000,-364.88161582305582,250,false,1.1435282608192985,5.9842808822369689,40,false
safety,A6c,0,ood_compound,A6c_train_seed_0,50001,-230.43778696179925,250,false,0.29523346905802011,4.2921807133114296,40,false
safety,A6c,0,ood_compound,A6c_train_seed_0,50002,-455.09080141179021,250,false,1.5714516370951459,6.4281225284088457,40,false
safety,A6c,0,ood_compound,A6c_train_seed_0,50003,-206.02041718728805,59,false,3.145927007568825,10.455293404891297,40,false
safety,A6c,0,ood_compound,A6c_train_seed_0,50004,-504.76840612199891,250,false,0.90619481355756359,5.0798107672442478,40,false
safety,A6c,0,ood_compound,A6c_train_seed_0,50005,-243.14077598079732,250,false,0.50284489064162852,4.4534838665925847,40,false
safety,A6c,0,ood_compound,A6c_train_seed_0,50006,-265.38529947346171,250,false,0.26703584836158661,2.6942074388691144,40,false
safety,A6c,0,ood_compound,A6c_train_seed_0,50007,-185.69606409145263,63,false,2.9612022823918758,11.787532894775861,40,false
safety,A6c,0,ood_compound,A6c_train_seed_0,50008,-321.93972776007996,250,false,0.98094310060184564,7.9226597273308714,40,false
safety,A6c,0,ood_compound,A6c_train_seed_0,50009,-423.65873862847604,250,false,0.31292749898489497,2.8169654760658869,40,false
safety,A6c,0,ood_compound,A6c_train_seed_0,50010,-303.59694273460138,250,false,0.50199959904494651,3.3322276872614487,40,false
safety,A6c,0,ood_compound,A6c_train_seed_0,50011,-261.79184934879362,250,false,0.74554674313468472,6.1243969289555071,40,false
safety,A6c,0,ood_compound,A6c_train_seed_0,50012,-183.47388504770046,153,true,0.045890908906580957,2.6396191256272457,40,false
safety,A6c,0,ood_compound,A6c_train_seed_0,50013,-962.17344823869314,250,false,3.3846326051794886,2.337328496348984,40,false
safety,A6c,0,ood_compound,A6c_train_seed_0,50014,-318.85031228568431,250,false,0.99137094497500933,4.9507822310614191,40,false
safety,A6c,0,ood_compound,A6c_train_seed_0,50015,-403.78666317482021,250,false,0.77915603980317161,3.553394937403537,40,false
safety,A6c,0,ood_compound,A6c_train_seed_0,50016,-510.63462925783426,250,false,0.86305603527586217,1.7039018671389958,40,false
safety,A6c,0,ood_compound,A6c_train_seed_0,50017,-322.02208897767287,250,false,1.0244156047477146,7.2398543092716441,40,false
safety,A6c,0,ood_compound,A6c_train_seed_0,50018,-532.42311068648007,250,false,0.84047539755171752,5.103205229465118,40,false
safety,A6c,0,ood_compound,A6c_train_seed_0,50019,-798.00283160893844,250,false,2.8003289035994881,0.97388799335648724,40,false
safety,A6c,0,ood_compound,A6c_train_seed_0,50020,-395.92429169164308,250,false,1.1134374490192005,1.9582705095528321,40,false
safety,A6c,0,ood_compound,A6c_train_seed_0,50021,-419.98555683486995,250,false,1.3565760827141382,1.7143883486933893,40,false
safety,A6c,0,ood_compound,A6c_train_seed_0,50022,-357.03229850395883,250,false,0.6286381413437705,3.3077073736121174,40,false
safety,A6c,0,ood_compound,A6c_train_seed_0,50023,-203.60027177033288,250,false,0.21066579178086198,5.760488396548376,40,false
safety,A6c,0,ood_compound,A6c_train_seed_0,50024,-308.10057869550775,250,false,0.75518177073164383,3.9901292771554182,40,false
safety,A6c,0,ood_compound,A6c_train_seed_0,50025,-211.75832125535445,250,false,0.40848295110046162,7.0810049714635266,40,false
safety,A6c,0,ood_compound,A6c_train_seed_0,50026,-401.80592275228304,250,false,1.4919431041053011,7.6551789705523552,40,false
safety,A6c,0,ood_compound,A6c_train_seed_0,50027,-233.25115222629751,250,false,0.52325372121847047,5.8250181921063042,40,false
safety,A6c,0,ood_compound,A6c_train_seed_0,50028,-364.57329681894151,250,false,0.53941150468127363,5.8110367938522858,40,false
safety,A6c,0,ood_compound,A6c_train_seed_0,50029,-718.6022893694502,250,false,1.8160805243809739,2.6713072500415236,40,false
safety,A6c,0,ood_compound,A6c_train_seed_0,50030,-200.93701054756255,250,false,0.35576561548714752,8.4215386867445421,40,false
safety,A6c,0,ood_compound,A6c_train_seed_0,50031,-221.18419783276178,250,false,0.1644204016837508,6.3113387176350058,40,false
safety,A6c,0,ood_compound,A6c_train_seed_0,50032,-339.46480100092566,250,false,0.64064292524257416,2.7878657842934955,40,false
safety,A6c,0,ood_compound,A6c_train_seed_0,50033,-407.81125699937894,250,false,1.4442345791891982,2.2498875121760324,40,false
safety,A6c,0,ood_compound,A6c_train_seed_0,50034,-484.96661672627869,250,false,1.6565658984984255,4.2866146646046834,40,false
safety,A6c,0,ood_compound,A6c_train_seed_0,50035,-425.33094831018934,250,false,1.4198089156580309,5.4492148993601113,40,false
safety,A6c,0,ood_compound,A6c_train_seed_0,50036,-586.63147083845774,250,false,2.2979098206314763,1.4498790963985484,40,false
safety,A6c,0,ood_compound,A6c_train_seed_0,50037,-609.49991703972432,250,false,2.2683327048743487,0.99632922436223315,40,false
safety,A6c,0,ood_compound,A6c_train_seed_0,50038,-281.1998335135076,250,false,0.57243439429729248,6.9229194399535956,40,false
safety,A6c,0,ood_compound,A6c_train_seed_0,50039,-504.36494146354562,250,false,1.8725503984903096,1.8900504556831759,40,false
safety,A6c,0,ood_compound,A6c_train_seed_0,50040,-242.09333412175604,250,false,0.69582444403839816,5.9553105380942348,40,false
safety,A6c,0,ood_compound,A6c_train_seed_0,50041,-311.4046193125273,250,false,0.40658648605036779,2.9860210610134024,40,false
safety,A6c,0,ood_compound,A6c_train_seed_0,50042,-329.14430885823327,250,false,1.0468674309630652,4.0903574679827051,40,false
safety,A6c,0,ood_compound,A6c_train_seed_0,50043,-323.38396929956644,250,false,0.94885484229094741,0.59841484705297765,40,false
safety,A6c,0,ood_compound,A6c_train_seed_0,50044,-678.12345027710739,250,false,2.3422383102063788,0.82823470822848944,40,false
safety,A6c,0,ood_compound,A6c_train_seed_0,50045,-309.11838580916958,250,false,0.7077294409792676,3.2965043200931716,40,false
safety,A6c,0,ood_compound,A6c_train_seed_0,50046,-286.25481327255761,250,false,0.47659722168629587,3.1890383387856569,40,false
safety,A6c,0,ood_compound,A6c_train_seed_0,50047,-493.18493022666001,250,false,1.8520173617440989,4.2484110284536003,40,false
safety,A6c,0,ood_compound,A6c_train_seed_0,50048,-187.57474238669332,250,false,0.4005269245454034,6.2772482086883787,40,false
safety,A6c,0,ood_compound,A6c_train_seed_0,50049,-652.67344441912576,250,false,0.75982230556554731,4.7552515240870079,40,false
safety,A6c,0,ood_compound,A6c_train_seed_0,50050,-274.95798453992222,250,false,0.4827281769874569,5.3615992642760162,40,false
safety,A6c,0,ood_compound,A6c_train_seed_0,50051,-270.96744441078852,250,false,0.65838807271467159,5.112216850997588,40,false
safety,A6c,0,ood_compound,A6c_train_seed_0,50052,-376.92538576878081,250,false,0.72745648433397614,6.050311824651649,40,false
safety,A6c,0,ood_compound,A6c_train_seed_0,50053,-299.58289133680233,250,false,0.14656368287173493,2.0002946860816833,40,false
safety,A6c,0,ood_compound,A6c_train_seed_0,50054,-214.16227690068055,250,false,0.35952655813779971,4.2405508222095021,40,false
safety,A6c,0,ood_compound,A6c_train_seed_0,50055,-344.43338531904317,250,false,0.70746080832857772,2.1721668980780544,40,false
safety,A6c,0,ood_compound,A6c_train_seed_0,50056,-137.68662832722447,250,false,0.32345256291048513,2.6632187010006043,38.176898956298828,false
safety,A6c,0,ood_compound,A6c_train_seed_0,50057,-569.17019078760461,250,false,1.1600265807268593,2.3211199176471449,40,false
safety,A6c,0,ood_compound,A6c_train_seed_0,50058,-334.09739911456006,250,false,0.303512513066442,4.0416687958618027,40,false
safety,A6c,0,ood_compound,A6c_train_seed_0,50059,-370.58885405273008,250,false,1.130848658926159,3.5740614731415952,40,false
safety,A6c,0,ood_compound,A6c_train_seed_0,50060,-904.56021016399291,250,false,3.2082105451270189,0.75642190435658163,40,false
safety,A6c,0,ood_compound,A6c_train_seed_0,50061,-340.6303943888712,250,false,0.80930136302597999,4.1184953762045939,40,false
safety,A6c,0,ood_compound,A6c_train_seed_0,50062,-206.40846750075085,250,false,0.33334411501160338,7.3654230361716797,40,false
safety,A6c,0,ood_compound,A6c_train_seed_0,50063,-494.12436393450997,250,false,2.2996556813068358,1.8224664629071152,40,false
safety,A6c,0,ood_compound,A6c_train_seed_0,50064,-593.99535808060705,250,false,2.0133407672444781,2.8663127920135372,40,false
safety,A6c,0,ood_compound,A6c_train_seed_0,50065,-207.45654515980235,250,false,0.51078652795255641,4.1869175118839976,40,false
safety,A6c,0,ood_compound,A6c_train_seed_0,50066,-752.00628385015295,250,false,2.6081656210564201,1.3439471624635615,40,false
safety,A6c,0,ood_compound,A6c_train_seed_0,50067,-401.01209722881759,250,false,0.97101236758876819,3.9618587948887645,40,false
safety,A6c,0,ood_compound,A6c_train_seed_0,50068,-209.30129710452627,250,false,0.49461038693192366,2.9778117934007571,38.687335968017578,false
safety,A6c,0,ood_compound,A6c_train_seed_0,50069,-305.37309252110953,250,false,0.11751172084674533,3.8379561454906597,40,false
safety,A6c,0,ood_compound,A6c_train_seed_0,50070,-318.29998162901586,250,false,0.9955316902385305,3.9899997765958832,40,false
safety,A6c,0,ood_compound,A6c_train_seed_0,50071,-644.28294435878695,250,false,2.2981890532848848,1.367385085558088,40,false
safety,A6c,0,ood_compound,A6c_train_seed_0,50072,-231.67937744335856,250,false,0.38064907647821411,4.6061589687557536,40,false
safety,A6c,0,ood_compound,A6c_train_seed_0,50073,-285.4886646666298,250,false,0.57558353121869776,4.898664297144367,40,false
safety,A6c,0,ood_compound,A6c_train_seed_0,50074,-408.63943467492152,250,false,1.3969379897356664,3.6053566415100722,40,false
safety,A6c,0,ood_compound,A6c_train_seed_0,50075,-422.78567785000592,250,false,1.2966046629082719,4.4458693036226204,40,false
safety,A6c,0,ood_compound,A6c_train_seed_0,50076,-113.70137488253877,34,false,2.3040556464601809,12.008401390060319,40,false
safety,A6c,0,ood_compound,A6c_train_seed_0,50077,-221.55267931720439,250,false,0.56814488801815133,6.4812635255485107,40,false
safety,A6c,0,ood_compound,A6c_train_seed_0,50078,-570.79474051046975,250,false,2.3722222084883202,5.028478003135489,40,false
safety,A6c,0,ood_compound,A6c_train_seed_0,50079,-435.86635034499619,250,false,0.80494291901635229,5.2012511816273079,40,false
safety,A6c,0,ood_compound,A6c_train_seed_0,50080,-226.69022421017362,250,false,0.29410468547626373,6.9057944294895668,40,false
safety,A6c,0,ood_compound,A6c_train_seed_0,50081,-204.53953464796527,250,false,0.50193678010011566,3.8179589140317862,40,false
safety,A6c,0,ood_compound,A6c_train_seed_0,50082,-142.84407065432811,250,false,0.25989044358332875,2.8772689128058806,40,false
safety,A6c,0,ood_compound,A6c_train_seed_0,50083,-188.55636114938721,250,false,0.14939120636467082,6.8108419678416929,40,false
safety,A6c,0,ood_compound,A6c_train_seed_0,50084,-601.25924781848278,250,false,1.7981299801974744,2.4924278681718968,40,false
safety,A6c,0,ood_compound,A6c_train_seed_0,50085,-274.79603934408283,250,false,0.50466919595722304,5.4370243924052701,40,false
safety,A6c,0,ood_compound,A6c_train_seed_0,50086,-372.91039793594359,250,false,0.57197723131830991,9.8908991081717996,40,false
safety,A6c,0,ood_compound,A6c_train_seed_0,50087,-340.36485085185603,250,false,0.27618388833264873,1.8484182661743702,40,false
safety,A6c,0,ood_compound,A6c_train_seed_0,50088,-384.59710935084433,250,false,1.2071414063815948,4.204594567388745,40,false
safety,A6c,0,ood_compound,A6c_train_seed_0,50089,-198.57668299082599,250,false,0.54370147008237246,5.0231337926660018,40,false
safety,A6c,0,ood_compound,A6c_train_seed_0,50090,-423.36596858378886,250,false,0.42664075580600924,4.0852411741324159,40,false
safety,A6c,0,ood_compound,A6c_train_seed_0,50091,-299.661151421824,250,false,0.49419676567742143,6.0105975750281688,40,false
safety,A6c,0,ood_compound,A6c_train_seed_0,50092,-338.97115333609025,250,false,1.0482829657730601,6.4917607685384544,40,false
safety,A6c,0,ood_compound,A6c_train_seed_0,50093,-459.69459362554301,250,false,1.2085684816443734,10.142313425551691,40,false
safety,A6c,0,ood_compound,A6c_train_seed_0,50094,-262.61280652305669,250,false,0.63366464382114929,1.6324674842458329,40,false
safety,A6c,0,ood_compound,A6c_train_seed_0,50095,-194.36052151671373,250,false,0.41836128972851366,2.152428969295662,40,false
safety,A6c,0,ood_compound,A6c_train_seed_0,50096,-515.98889327572761,250,false,1.0261526312616431,3.0833096428440339,40,false
safety,A6c,0,ood_compound,A6c_train_seed_0,50097,-326.43550668676039,250,false,1.1657861590374445,7.6982808047999836,40,false
safety,A6c,0,ood_compound,A6c_train_seed_0,50098,-134.07953108674573,51,false,1.694595301712837,10.476118692159428,40,false
safety,A6c,0,ood_compound,A6c_train_seed_0,50099,-362.45562707636662,250,false,1.3682025375951492,8.9791160488181223,40,false
safety,A6c_gate_off_control,0,ood_compound,A6c_gate_off_control_train_seed_0,50000,-361.00594627585747,250,false,1.0853158662687845,6.368365680671265,40,false
safety,A6c_gate_off_control,0,ood_compound,A6c_gate_off_control_train_seed_0,50001,-229.21267837161295,250,false,0.26088649342311115,5.0165959787280512,40,false
safety,A6c_gate_off_control,0,ood_compound,A6c_gate_off_control_train_seed_0,50002,-454.90922809772837,250,false,1.584127877389673,6.1708189805340767,40,false
safety,A6c_gate_off_control,0,ood_compound,A6c_gate_off_control_train_seed_0,50003,-208.19728869154352,60,false,3.0986599106406154,10.389300142293918,40,false
safety,A6c_gate_off_control,0,ood_compound,A6c_gate_off_control_train_seed_0,50004,-609.27468513880387,250,false,2.9265385178433836,7.3199739421806411,40,false
safety,A6c_gate_off_control,0,ood_compound,A6c_gate_off_control_train_seed_0,50005,-244.87790124095574,250,false,0.52279764382533422,4.4587787978137188,40,false
safety,A6c_gate_off_control,0,ood_compound,A6c_gate_off_control_train_seed_0,50006,-274.31277821236762,250,false,0.1634636862424764,2.8123893683871239,40,false
safety,A6c_gate_off_control,0,ood_compound,A6c_gate_off_control_train_seed_0,50007,-187.18783409883812,64,false,2.9315978845887538,11.236538870749268,40,false
safety,A6c_gate_off_control,0,ood_compound,A6c_gate_off_control_train_seed_0,50008,-323.1584088963848,250,false,0.95421124883729658,7.9930229309731544,40,false
safety,A6c_gate_off_control,0,ood_compound,A6c_gate_off_control_train_seed_0,50009,-409.43756179382819,250,false,0.12545563036353458,2.7796790400995253,40,false
safety,A6c_gate_off_control,0,ood_compound,A6c_gate_off_control_train_seed_0,50010,-263.42106783876517,250,false,0.20499249873470771,3.4664180749153726,40,false
safety,A6c_gate_off_control,0,ood_compound,A6c_gate_off_control_train_seed_0,50011,-258.68379350654686,250,false,0.65937809588666796,6.095487798638632,40,false
safety,A6c_gate_off_control,0,ood_compound,A6c_gate_off_control_train_seed_0,50012,-191.06047975845624,158,true,0.028392770851145988,2.5990747449688358,40,false
safety,A6c_gate_off_control,0,ood_compound,A6c_gate_off_control_train_seed_0,50013,-962.17344823869314,250,false,3.3846326051794886,2.337328496348984,40,false
safety,A6c_gate_off_control,0,ood_compound,A6c_gate_off_control_train_seed_0,50014,-317.86627375354169,250,false,0.97205144227886831,4.9982297302914906,40,false
safety,A6c_gate_off_control,0,ood_compound,A6c_gate_off_control_train_seed_0,50015,-372.0290033502356,250,false,0.13266075703815711,3.553394937403537,40,false
safety,A6c_gate_off_control,0,ood_compound,A6c_gate_off_control_train_seed_0,50016,-505.47801469618503,250,false,0.49813936811946252,1.9653845281556719,40,false
safety,A6c_gate_off_control,0,ood_compound,A6c_gate_off_control_train_seed_0,50017,-321.93751725278599,250,false,0.99428039662420309,7.395741996453979,40,false
safety,A6c_gate_off_control,0,ood_compound,A6c_gate_off_control_train_seed_0,50018,-500.49916252830207,250,false,0.83599731740534666,4.566373999094635,40,false
safety,A6c_gate_off_control,0,ood_compound,A6c_gate_off_control_train_seed_0,50019,-798.00283160893844,250,false,2.8003289035994881,0.97388799335648724,40,false
safety,A6c_gate_off_control,0,ood_compound,A6c_gate_off_control_train_seed_0,50020,-393.02964969083911,250,false,1.0157944478717336,1.9582705095528321,40,false
safety,A6c_gate_off_control,0,ood_compound,A6c_gate_off_control_train_seed_0,50021,-416.41759075515301,250,false,1.4276583452211191,1.5178339205628431,40,false
safety,A6c_gate_off_control,0,ood_compound,A6c_gate_off_control_train_seed_0,50022,-318.96886032973777,250,false,0.29058056972066076,3.3077073736121174,40,false
safety,A6c_gate_off_control,0,ood_compound,A6c_gate_off_control_train_seed_0,50023,-188.5845184099968,250,false,0.078865284152276144,5.248155610261322,40,false
safety,A6c_gate_off_control,0,ood_compound,A6c_gate_off_control_train_seed_0,50024,-303.14950606038605,250,false,0.66286044810652434,4.0628137139683957,40,false
safety,A6c_gate_off_control,0,ood_compound,A6c_gate_off_control_train_seed_0,50025,-188.2966235834154,250,false,0.22156238518561641,5.9505711341965339,40,false
safety,A6c_gate_off_control,0,ood_compound,A6c_gate_off_control_train_seed_0,50026,-403.55092228825606,250,false,1.5101113880101069,8.481694887191793,40,false
safety,A6c_gate_off_control,0,ood_compound,A6c_gate_off_control_train_seed_0,50027,-180.48432550944005,250,false,0.18159084585067775,5.1018738132918129,40,false
safety,A6c_gate_off_control,0,ood_compound,A6c_gate_off_control_train_seed_0,50028,-317.80162186070788,250,false,0.052720866027439126,5.8110367938522858,40,false
safety,A6c_gate_off_control,0,ood_compound,A6c_gate_off_control_train_seed_0,50029,-716.13895568358998,250,false,1.749127334350139,2.6713072500415236,40,false
safety,A6c_gate_off_control,0,ood_compound,A6c_gate_off_control_train_seed_0,50030,-195.19891821011163,250,false,0.26573741401691453,9.029973778798011,40,false
safety,A6c_gate_off_control,0,ood_compound,A6c_gate_off_control_train_seed_0,50031,-218.64906060017483,250,false,0.13682048442095909,4.9936760330627621,40,false
safety,A6c_gate_off_control,0,ood_compound,A6c_gate_off_control_train_seed_0,50032,-301.41031212740444,250,false,0.31987987719799488,3.0686722225626206,40,false
safety,A6c_gate_off_control,0,ood_compound,A6c_gate_off_control_train_seed_0,50033,-389.64189385598524,250,false,1.3347908678702256,4.757827082862824,40,false
safety,A6c_gate_off_control,0,ood_compound,A6c_gate_off_control_train_seed_0,50034,-486.02597984992696,250,false,1.7881356113384457,4.0339004386846335,40,false
safety,A6c_gate_off_control,0,ood_compound,A6c_gate_off_control_train_seed_0,50035,-424.9988619734458,250,false,1.4375294203235875,5.5479562699662308,40,false
safety,A6c_gate_off_control,0,ood_compound,A6c_gate_off_control_train_seed_0,50036,-583.04941637648017,250,false,2.3327305955944393,1.5882325928416334,40,false
safety,A6c_gate_off_control,0,ood_compound,A6c_gate_off_control_train_seed_0,50037,-609.49991703972432,250,false,2.2683327048743487,0.99632922436223315,40,false
safety,A6c_gate_off_control,0,ood_compound,A6c_gate_off_control_train_seed_0,50038,-274.13359428209327,250,false,0.56436957805606813,7.1202684598935022,40,false
safety,A6c_gate_off_control,0,ood_compound,A6c_gate_off_control_train_seed_0,50039,-508.88659714350433,250,false,1.9871671578420824,1.84816559695935,40,false
safety,A6c_gate_off_control,0,ood_compound,A6c_gate_off_control_train_seed_0,50040,-236.82130088431595,250,false,0.65696813917368801,6.1585535315516307,40,false
safety,A6c_gate_off_control,0,ood_compound,A6c_gate_off_control_train_seed_0,50041,-231.95788936121713,212,true,0.04977659108530666,2.9860210610134024,40,false
safety,A6c_gate_off_control,0,ood_compound,A6c_gate_off_control_train_seed_0,50042,-328.75431599421967,250,false,1.050648449767482,5.2896216023901355,40,false
safety,A6c_gate_off_control,0,ood_compound,A6c_gate_off_control_train_seed_0,50043,-313.39821917320398,250,false,0.90389313659106696,0.70073202690697067,40,false
safety,A6c_gate_off_control,0,ood_compound,A6c_gate_off_control_train_seed_0,50044,-678.12345027710739,250,false,2.3422383102063788,0.82823470822848944,40,false
safety,A6c_gate_off_control,0,ood_compound,A6c_gate_off_control_train_seed_0,50045,-285.17654173145837,250,false,0.56860406651238793,3.2965043200931716,40,false
safety,A6c_gate_off_control,0,ood_compound,A6c_gate_off_control_train_seed_0,50046,-255.81137957615351,250,false,0.25044044583309805,3.4319056453777623,40,false
safety,A6c_gate_off_control,0,ood_compound,A6c_gate_off_control_train_seed_0,50047,-427.56603535363581,250,false,0.90066317979541777,3.9634742865403831,40,false
safety,A6c_gate_off_control,0,ood_compound,A6c_gate_off_control_train_seed_0,50048,-163.78765079322477,250,false,0.22473045480249085,6.4530464919136561,40,false
safety,A6c_gate_off_control,0,ood_compound,A6c_gate_off_control_train_seed_0,50049,-660.28276356603249,250,false,0.97123027662509831,4.8890146794667428,40,false
safety,A6c_gate_off_control,0,ood_compound,A6c_gate_off_control_train_seed_0,50050,-270.82699483679983,250,false,0.48133861668112321,5.258334382201002,40,false
safety,A6c_gate_off_control,0,ood_compound,A6c_gate_off_control_train_seed_0,50051,-275.65729630836859,250,false,0.67551655488278683,5.0412437066484266,40,false
safety,A6c_gate_off_control,0,ood_compound,A6c_gate_off_control_train_seed_0,50052,-373.93671318372856,250,false,0.74968339684762986,5.5078984622773692,40,false
safety,A6c_gate_off_control,0,ood_compound,A6c_gate_off_control_train_seed_0,50053,-289.14321452928789,250,false,0.097782858785012652,2.0011696385107198,40,false
safety,A6c_gate_off_control,0,ood_compound,A6c_gate_off_control_train_seed_0,50054,-203.12097109997967,250,false,0.26710116688138624,4.3132565439929573,40,false
safety,A6c_gate_off_control,0,ood_compound,A6c_gate_off_control_train_seed_0,50055,-309.84275014617202,250,false,0.24476419320521087,2.218408199783803,40,false
safety,A6c_gate_off_control,0,ood_compound,A6c_gate_off_control_train_seed_0,50056,-80.58654824701695,250,false,0.098811361725130914,2.5437533205319762,39.197025299072266,false
safety,A6c_gate_off_control,0,ood_compound,A6c_gate_off_control_train_seed_0,50057,-538.98934014480028,250,false,0.36146858622874212,2.3211199176471449,40,false
safety,A6c_gate_off_control,0,ood_compound,A6c_gate_off_control_train_seed_0,50058,-295.66682526429753,183,true,0.04930042659849105,4.0416687958618027,40,false
safety,A6c_gate_off_control,0,ood_compound,A6c_gate_off_control_train_seed_0,50059,-368.4255972859134,250,false,1.15195025178217,3.901062046332064,40,false
safety,A6c_gate_off_control,0,ood_compound,A6c_gate_off_control_train_seed_0,50060,-904.52959341448513,250,false,3.2079633725415762,0.77672984570613191,40,false
safety,A6c_gate_off_control,0,ood_compound,A6c_gate_off_control_train_seed_0,50061,-319.30930419725615,250,false,0.91813483203379109,4.0374328490318661,40,false
safety,A6c_gate_off_control,0,ood_compound,A6c_gate_off_control_train_seed_0,50062,-188.32416323607117,250,false,0.2043456972769398,6.2049615153972519,40,false
safety,A6c_gate_off_control,0,ood_compound,A6c_gate_off_control_train_seed_0,50063,-486.52896076236146,250,false,2.3597476451574924,2.7410819610781858,40,false
safety,A6c_gate_off_control,0,ood_compound,A6c_gate_off_control_train_seed_0,50064,-576.5667511509422,250,false,1.6593038878945072,2.9724824007689175,40,false
safety,A6c_gate_off_control,0,ood_compound,A6c_gate_off_control_train_seed_0,50065,-144.7668010344303,250,false,0.070887413866604312,3.8930997133897995,40,false
safety,A6c_gate_off_control,0,ood_compound,A6c_gate_off_control_train_seed_0,50066,-752.00628385015295,250,false,2.6081656210564201,1.3439471624635615,40,false
safety,A6c_gate_off_control,0,ood_compound,A6c_gate_off_control_train_seed_0,50067,-388.57713950427916,250,false,0.64380968588782073,3.8576500218766152,40,false
safety,A6c_gate_off_control,0,ood_compound,A6c_gate_off_control_train_seed_0,50068,-158.36920267732765,250,false,0.092563508865360203,2.8039563789135222,35.781944274902344,false
safety,A6c_gate_off_control,0,ood_compound,A6c_gate_off_control_train_seed_0,50069,-248.23114971356867,149,true,0.04940362011069839,3.8379561454906597,40,false
safety,A6c_gate_off_control,0,ood_compound,A6c_gate_off_control_train_seed_0,50070,-307.76956439451521,250,false,0.92747411915192535,3.7756051869150955,40,false
safety,A6c_gate_off_control,0,ood_compound,A6c_gate_off_control_train_seed_0,50071,-652.79957730591798,250,false,2.6192042492878911,1.3877028213718714,40,false
safety,A6c_gate_off_control,0,ood_compound,A6c_gate_off_control_train_seed_0,50072,-229.37668020347394,250,false,0.38070041106332542,4.5920568556179342,40,false
safety,A6c_gate_off_control,0,ood_compound,A6c_gate_off_control_train_seed_0,50073,-273.77604424017647,250,false,0.60081714848723666,4.9985056067920572,40,false
safety,A6c_gate_off_control,0,ood_compound,A6c_gate_off_control_train_seed_0,50074,-411.61887310209318,250,false,1.4190769069324427,3.6656776654000645,40,false
safety,A6c_gate_off_control,0,ood_compound,A6c_gate_off_control_train_seed_0,50075,-428.01730024593707,250,false,1.3677720041571144,4.3878686051030034,40,false
safety,A6c_gate_off_control,0,ood_compound,A6c_gate_off_control_train_seed_0,50076,-115.19130773635287,35,false,2.2078452461204563,11.410877446854489,40,false
safety,A6c_gate_off_control,0,ood_compound,A6c_gate_off_control_train_seed_0,50077,-170.38584718929198,250,false,0.25114014983877553,6.0413042232417649,40,false
safety,A6c_gate_off_control,0,ood_compound,A6c_gate_off_control_train_seed_0,50078,-564.66031458861767,250,false,2.3692025328664443,5.0847359407714254,40,false
safety,A6c_gate_off_control,0,ood_compound,A6c_gate_off_control_train_seed_0,50079,-436.82730023495867,250,false,0.80119395140156557,5.4039686115472749,40,false
safety,A6c_gate_off_control,0,ood_compound,A6c_gate_off_control_train_seed_0,50080,-223.57353711861305,250,false,0.31291244301982313,6.2281619352314257,40,false
safety,A6c_gate_off_control,0,ood_compound,A6c_gate_off_control_train_seed_0,50081,-183.45565476105293,250,false,0.339438357978399,3.4106476763043063,40,false
safety,A6c_gate_off_control,0,ood_compound,A6c_gate_off_control_train_seed_0,50082,-85.858877976813858,134,true,0.047516872557405852,2.9925314004035548,40,false
safety,A6c_gate_off_control,0,ood_compound,A6c_gate_off_control_train_seed_0,50083,-186.07225824642106,250,false,0.15014986789972393,7.4185411786553042,40,false
safety,A6c_gate_off_control,0,ood_compound,A6c_gate_off_control_train_seed_0,50084,-597.60070063225726,250,false,1.6693463759278673,2.2523158205748475,40,false
safety,A6c_gate_off_control,0,ood_compound,A6c_gate_off_control_train_seed_0,50085,-271.2051374924942,250,false,0.50155605387693369,5.7909206450312709,40,false
safety,A6c_gate_off_control,0,ood_compound,A6c_gate_off_control_train_seed_0,50086,-382.38488416510228,250,false,0.55537934845676584,9.743345232534228,40,false
safety,A6c_gate_off_control,0,ood_compound,A6c_gate_off_control_train_seed_0,50087,-332.90239195641442,250,false,0.10388785310443667,1.9405752047153271,40,false
safety,A6c_gate_off_control,0,ood_compound,A6c_gate_off_control_train_seed_0,50088,-380.61826029313767,250,false,1.2190764103384699,4.61871303871221,40,false
safety,A6c_gate_off_control,0,ood_compound,A6c_gate_off_control_train_seed_0,50089,-179.8533014733917,250,false,0.40950103487472284,5.0167995752425893,40,false
safety,A6c_gate_off_control,0,ood_compound,A6c_gate_off_control_train_seed_0,50090,-416.42470046894675,250,false,0.24273220699810902,4.0852411741324159,40,false
safety,A6c_gate_off_control,0,ood_compound,A6c_gate_off_control_train_seed_0,50091,-286.60458726654832,250,false,0.49197489908111741,5.8508830951457735,40,false
safety,A6c_gate_off_control,0,ood_compound,A6c_gate_off_control_train_seed_0,50092,-335.34356449721901,250,false,1.0220164695759753,6.5724980232755215,40,false
safety,A6c_gate_off_control,0,ood_compound,A6c_gate_off_control_train_seed_0,50093,-458.80027960813777,250,false,1.2240373611609785,9.7548943648780604,40,false
safety,A6c_gate_off_control,0,ood_compound,A6c_gate_off_control_train_seed_0,50094,-169.34381954443597,250,false,0.19540418929689354,1.6335989349917843,40,false
safety,A6c_gate_off_control,0,ood_compound,A6c_gate_off_control_train_seed_0,50095,-183.07098779607179,161,true,0.048108580047377322,2.2772767977840123,40,false
safety,A6c_gate_off_control,0,ood_compound,A6c_gate_off_control_train_seed_0,50096,-509.76794636694177,250,false,0.88831098446434342,3.0833096428440339,40,false
safety,A6c_gate_off_control,0,ood_compound,A6c_gate_off_control_train_seed_0,50097,-325.57611417495957,250,false,1.1895990532053438,7.501133652547856,40,false
safety,A6c_gate_off_control,0,ood_compound,A6c_gate_off_control_train_seed_0,50098,-446.42692530287121,250,false,1.2440666761214993,10.287194430371285,40,false
safety,A6c_gate_off_control,0,ood_compound,A6c_gate_off_control_train_seed_0,50099,-361.11755893590538,250,false,1.3703953236586806,8.5270430238367005,40,false
safety,A4c,0,motor_fault,A4c_train_seed_0,50000,-308.20942978203402,250,false,1.0888894361070243,5.5049640075346025,38.313545227050781,true
safety,A4c,0,motor_fault,A4c_train_seed_0,50001,-178.18628295375285,250,false,0.33807157364321572,9.9499407246793474,40,true
safety,A4c,0,motor_fault,A4c_train_seed_0,50002,-255.56610867515073,250,false,1.1668601978091375,8.3676966780790139,40,true
safety,A4c,0,motor_fault,A4c_train_seed_0,50003,-297.14186767593941,250,false,0.80351349111316572,12.132052693175089,40,true
safety,A4c,0,motor_fault,A4c_train_seed_0,50004,-259.39105080306524,250,false,0.86899952491205312,9.3441164641996419,40,true
safety,A4c,0,motor_fault,A4c_train_seed_0,50005,-165.75714978024149,250,false,0.25838403878679661,13.727360556485602,40,true
safety,A4c,0,motor_fault,A4c_train_seed_0,50006,-111.47346864531053,250,false,0.16078249002369485,6.3118800078327606,40,true
safety,A4c,0,motor_fault,A4c_train_seed_0,50007,-322.35742699915306,250,false,0.78503146324830197,10.769381344227181,40,true
safety,A4c,0,motor_fault,A4c_train_seed_0,50008,-260.41912479026655,250,false,0.64876017992021606,7.4669273206423163,40,true
safety,A4c,0,motor_fault,A4c_train_seed_0,50009,-172.44868691622253,250,false,0.46456639587214332,9.9094636399332963,40,true
safety,A4c,0,motor_fault,A4c_train_seed_0,50010,-127.36489338175902,250,false,0.29078284620235034,13.073733734383472,40,true
safety,A4c,0,motor_fault,A4c_train_seed_0,50011,-195.81009339543789,250,false,0.64839929201187974,4.1739041860684098,36.962772369384766,true
safety,A4c,0,motor_fault,A4c_train_seed_0,50012,-66.88014576154373,250,false,0.067216020826780937,10.165834483828734,40,true
safety,A4c,0,motor_fault,A4c_train_seed_0,50013,-294.30380274601941,250,false,0.88779206496299501,10.436067292907993,40,true
safety,A4c,0,motor_fault,A4c_train_seed_0,50014,-330.36543772108212,250,false,0.89512890290494185,20.908401268203562,40,true
safety,A4c,0,motor_fault,A4c_train_seed_0,50015,-375.86816523358368,250,false,1.1348662788479265,11.162329455032962,40,true
safety,A4c,0,motor_fault,A4c_train_seed_0,50016,-321.49974435661051,250,false,1.1212538338992202,10.08067363427879,40,true
safety,A4c,0,motor_fault,A4c_train_seed_0,50017,-190.42417667760478,250,false,0.49619097207247098,8.7694617854112167,40,true
safety,A4c,0,motor_fault,A4c_train_seed_0,50018,-115.77340747437697,90,true,0.040430842231798082,12.0326810002908,40,true
safety,A4c,0,motor_fault,A4c_train_seed_0,50019,-251.57663126438342,250,false,0.58192792465096588,11.848511798806378,40,true
safety,A4c,0,motor_fault,A4c_train_seed_0,50020,-289.90084764065654,250,false,0.98958875158624582,1.5996543425361975,40,true
safety,A4c,0,motor_fault,A4c_train_seed_0,50021,-242.33872519680602,250,false,1.0114204710644188,4.5677126113900668,29.454311370849609,true
safety,A4c,0,motor_fault,A4c_train_seed_0,50022,-263.86045952635732,250,false,0.74547301166230229,11.701330272073919,40,true
safety,A4c,0,motor_fault,A4c_train_seed_0,50023,-144.54055294595594,250,false,0.19945087170324827,9.0537004774251351,40,true
safety,A4c,0,motor_fault,A4c_train_seed_0,50024,-135.7502013903331,250,false,0.44531694598584332,2.0871421452445502,30.076023101806641,true
safety,A4c,0,motor_fault,A4c_train_seed_0,50025,-188.86753166665278,250,false,0.4659445369941726,10.994639047968773,40,true
safety,A4c,0,motor_fault,A4c_train_seed_0,50026,-371.65867338355883,250,false,1.4107306789544098,6.6567822674481931,40,true
safety,A4c,0,motor_fault,A4c_train_seed_0,50027,-76.265617976107777,250,false,0.09948253001597715,7.762088881167009,40,true
safety,A4c,0,motor_fault,A4c_train_seed_0,50028,-210.18650457677663,250,false,0.31360905608658113,15.792409862060303,40,true
safety,A4c,0,motor_fault,A4c_train_seed_0,50029,-207.27145819648521,250,false,0.38463414139375007,13.022371871604713,40,true
safety,A4c,0,motor_fault,A4c_train_seed_0,50030,-159.05206028163587,250,false,0.34496945416764513,8.9098771728890558,40,true
safety,A4c,0,motor_fault,A4c_train_seed_0,50031,-82.808000482181939,75,true,0.027724657321796686,13.505791120401758,40,true
safety,A4c,0,motor_fault,A4c_train_seed_0,50032,-223.15367322822641,250,false,0.58813591560163303,12.148177006099498,40,true
safety,A4c,0,motor_fault,A4c_train_seed_0,50033,-141.31567389947531,250,false,0.50342533956290514,3.8194790929885984,24.652341842651367,true
safety,A4c,0,motor_fault,A4c_train_seed_0,50034,-217.65258119993746,250,false,1.0614196630265724,7.7494566789293655,40,true
safety,A4c,0,motor_fault,A4c_train_seed_0,50035,-378.13199913903094,250,false,1.3928507947286719,5.9240293381048819,40,true
safety,A4c,0,motor_fault,A4c_train_seed_0,50036,-324.29401692563073,250,false,1.2293255624704909,4.7979147593245202,40,true
safety,A4c,0,motor_fault,A4c_train_seed_0,50037,-176.83508800490233,250,false,0.43434784386150249,10.295230282486115,40,true
safety,A4c,0,motor_fault,A4c_train_seed_0,50038,-245.50910541119117,250,false,0.5224990583009177,16.06474126373627,40,true
safety,A4c,0,motor_fault,A4c_train_seed_0,50039,-283.9321984427379,250,false,1.9920318642139123,11.508133392936539,40,true
safety,A4c,0,motor_fault,A4c_train_seed_0,50040,-128.36501637190088,250,false,0.28205641093421424,8.7027133468888849,40,true
safety,A4c,0,motor_fault,A4c_train_seed_0,50041,-82.767035863791861,250,false,0.099592940430963228,12.851009108313381,40,true
safety,A4c,0,motor_fault,A4c_train_seed_0,50042,-72.069019051809278,250,false,0.097440122456792691,7.7097664061781153,40,true
safety,A4c,0,motor_fault,A4c_train_seed_0,50043,-228.14945806733786,250,false,0.86380954363578855,1.902547108586808,40,true
safety,A4c,0,motor_fault,A4c_train_seed_0,50044,-230.73363696916107,250,false,0.68104140349406883,11.05104804449366,40,true
safety,A4c,0,motor_fault,A4c_train_seed_0,50045,-229.44457584161879,250,false,0.47281074475064283,10.990715531270716,40,true
safety,A4c,0,motor_fault,A4c_train_seed_0,50046,-129.08117236635056,250,false,0.32664789393694388,14.829740153360021,40,true
safety,A4c,0,motor_fault,A4c_train_seed_0,50047,-284.05781561444167,250,false,1.0752190621477695,3.5915153550411789,40,true
safety,A4c,0,motor_fault,A4c_train_seed_0,50048,-149.02836222186974,250,false,0.38467049738980941,7.2746301037186853,40,true
safety,A4c,0,motor_fault,A4c_train_seed_0,50049,-179.57454309345175,250,false,0.33955207762835188,14.162161913585933,40,true
safety,A4c,0,motor_fault,A4c_train_seed_0,50050,-223.46223805258239,250,false,0.42210687129044117,12.095968125100299,40,true
safety,A4c,0,motor_fault,A4c_train_seed_0,50051,-119.33640798451481,72,true,0.044290858324696349,15.707095579123214,40,true
safety,A4c,0,motor_fault,A4c_train_seed_0,50052,-202.30246642449555,250,false,0.2267796755925672,14.005273768558734,40,true
safety,A4c,0,motor_fault,A4c_train_seed_0,50053,-185.95907315188876,250,false,0.54839876564214329,8.6655543485506943,40,true
safety,A4c,0,motor_fault,A4c_train_seed_0,50054,-200.37445322519014,250,false,0.35219260413337283,18.302193662970023,40,true
safety,A4c,0,motor_fault,A4c_train_seed_0,50055,-354.72290671472666,250,false,1.1807339350966182,10.150339933561574,40,true
safety,A4c,0,motor_fault,A4c_train_seed_0,50056,-52.575841839134114,250,false,0.11271295577199363,4.4800565270747343,22.453760147094727,true
safety,A4c,0,motor_fault,A4c_train_seed_0,50057,-257.57987822239397,250,false,1.043022932278064,7.0557605486129269,40,true
safety,A4c,0,motor_fault,A4c_train_seed_0,50058,-215.459885082429,250,false,0.40809656569651476,14.271174167077493,40,true
safety,A4c,0,motor_fault,A4c_train_seed_0,50059,-301.85916511773456,250,false,1.0598558650109211,5.7904793771513896,40,true
safety,A4c,0,motor_fault,A4c_train_seed_0,50060,-179.63636633370479,250,false,0.22566702550475609,14.649183276292931,40,true
safety,A4c,0,motor_fault,A4c_train_seed_0,50061,-211.52638410580337,250,false,0.68718154983363611,2.8199224740450184,39.179107666015625,true
safety,A4c,0,motor_fault,A4c_train_seed_0,50062,-223.01054559593641,250,false,0.46069751199347259,14.169324650368248,40,true
safety,A4c,0,motor_fault,A4c_train_seed_0,50063,-273.20903602317969,250,false,0.99538454058979664,4.0049861595509357,32.399997711181641,true
safety,A4c,0,motor_fault,A4c_train_seed_0,50064,-84.55887006648814,250,false,0.16109593014025966,7.9244938335251867,39.722599029541016,true
safety,A4c,0,motor_fault,A4c_train_seed_0,50065,-212.50848622468303,250,false,1.1192476078126585,5.4515829258911683,38.388191223144531,true
safety,A4c,0,motor_fault,A4c_train_seed_0,50066,-200.20973457593416,250,false,0.56009705696799239,10.03729003585525,40,true
safety,A4c,0,motor_fault,A4c_train_seed_0,50067,-187.96795376798821,250,false,0.9259003895783896,6.4886152399808523,37.650009155273438,true
safety,A4c,0,motor_fault,A4c_train_seed_0,50068,-16.102691114370103,37,true,0.048420625789526807,6.9751125001611713,23.173303604125977,true
safety,A4c,0,motor_fault,A4c_train_seed_0,50069,-102.20630596648422,250,false,0.070285839084196292,15.400302430686892,40,true
safety,A4c,0,motor_fault,A4c_train_seed_0,50070,-249.05623110189833,250,false,0.89026409994386257,5.4618014272715811,29.965017318725586,true
safety,A4c,0,motor_fault,A4c_train_seed_0,50071,-17.789360367550515,36,true,0.036873671317367428,7.0892158715173998,40,true
safety,A4c,0,motor_fault,A4c_train_seed_0,50072,-153.15205531104252,250,false,0.14768133588581234,12.639822025375913,40,true
safety,A4c,0,motor_fault,A4c_train_seed_0,50073,-275.17794345696382,250,false,0.517944050401421,21.543063655847043,40,true
safety,A4c,0,motor_fault,A4c_train_seed_0,50074,-308.0340250163747,250,false,1.3295051716220203,6.0573129246494331,33.095561981201172,true
safety,A4c,0,motor_fault,A4c_train_seed_0,50075,-368.5126347534993,250,false,1.2550783188761465,7.0001124882483801,40,true
safety,A4c,0,motor_fault,A4c_train_seed_0,50076,-178.1526483986278,250,false,0.16146566807461163,11.582615726325866,40,true
safety,A4c,0,motor_fault,A4c_train_seed_0,50077,-71.035371194081549,250,false,0.094750835149100252,10.122960444588703,40,true
safety,A4c,0,motor_fault,A4c_train_seed_0,50078,-248.94385885678486,250,false,2.354094257651798,4.8483317127753329,40,true
safety,A4c,0,motor_fault,A4c_train_seed_0,50079,-141.5986920885594,123,true,0.04908302432070568,12.860249092965523,40,true
safety,A4c,0,motor_fault,A4c_train_seed_0,50080,-188.17605918391496,250,false,0.27292983293782996,15.91447635586567,40,true
safety,A4c,0,motor_fault,A4c_train_seed_0,50081,-95.526391172820738,250,false,0.14121599501862314,8.8285473961729881,40,true
safety,A4c,0,motor_fault,A4c_train_seed_0,50082,-26.630675012411956,40,true,0.037833270840544518,12.384348177965105,40,true
safety,A4c,0,motor_fault,A4c_train_seed_0,50083,-79.435856438458217,75,true,0.036632138066553036,11.358687968710177,40,true
safety,A4c,0,motor_fault,A4c_train_seed_0,50084,-20.328579325500222,40,true,0.0038691243775995131,6.5656150644949509,38.485431671142578,true
safety,A4c,0,motor_fault,A4c_train_seed_0,50085,-143.76627357875043,250,false,0.079411763772476912,14.596190909585363,40,true
safety,A4c,0,motor_fault,A4c_train_seed_0,50086,-60.081504961879041,56,true,0.047148197645590272,17.703459392672187,40,true
safety,A4c,0,motor_fault,A4c_train_seed_0,50087,-78.923772889410429,250,false,0.13043685998557028,4.9605168421395014,40,true
safety,A4c,0,motor_fault,A4c_train_seed_0,50088,-132.83854404850109,250,false,0.12140035923423738,15.391075347591343,40,true
safety,A4c,0,motor_fault,A4c_train_seed_0,50089,-165.03335602309136,250,false,0.43373489377474905,6.438872612088244,40,true
safety,A4c,0,motor_fault,A4c_train_seed_0,50090,-256.51245098869458,250,false,0.48947324404911524,10.761370015333572,40,true
safety,A4c,0,motor_fault,A4c_train_seed_0,50091,-188.22139505374636,250,false,0.11292385692274719,10.21881137347051,40,true
safety,A4c,0,motor_fault,A4c_train_seed_0,50092,-309.62743115308228,250,false,1.0088919596857313,6.5086408974175631,40,true
safety,A4c,0,motor_fault,A4c_train_seed_0,50093,-189.65541823603419,250,false,0.19155942941278209,11.39016098987487,40,true
safety,A4c,0,motor_fault,A4c_train_seed_0,50094,-229.81850987904102,250,false,0.89789373300474118,2.5474466851640574,40,true
safety,A4c,0,motor_fault,A4c_train_seed_0,50095,-178.16301749042864,250,false,0.50663054234423077,5.5021577303163918,38.075115203857422,true
safety,A4c,0,motor_fault,A4c_train_seed_0,50096,-284.77767208972176,250,false,0.88443750243137109,11.332339730145172,40,true
safety,A4c,0,motor_fault,A4c_train_seed_0,50097,-314.4205577723618,250,false,1.0888812145797375,8.1622610705225789,40,true
safety,A4c,0,motor_fault,A4c_train_seed_0,50098,-71.802804825562319,90,true,0.048208250318764717,13.821892340077529,40,true
safety,A4c,0,motor_fault,A4c_train_seed_0,50099,-367.81069296263718,250,false,1.2143838198336068,9.0477135701174447,40,true
safety,A3,0,motor_fault,A3_train_seed_0,50000,-275.10966800687498,250,false,1.0119246006433658,5.5723591101091348,38.7298583984375,true
safety,A3,0,motor_fault,A3_train_seed_0,50001,-94.815859933764472,85,true,0.014615156988563222,10.384943492770098,40,true
safety,A3,0,motor_fault,A3_train_seed_0,50002,-30.093591705190214,38,true,0.010419934155999427,8.5011469514654934,40,true
safety,A3,0,motor_fault,A3_train_seed_0,50003,-270.18138334043476,250,false,0.59781821250986167,10.916681769738712,40,true
safety,A3,0,motor_fault,A3_train_seed_0,50004,-141.64666230381943,250,false,0.36781556873998922,10.154178501195137,40,true
safety,A3,0,motor_fault,A3_train_seed_0,50005,-114.4500612391714,250,false,0.080916882623598335,13.764831147149945,40,true
safety,A3,0,motor_fault,A3_train_seed_0,50006,-40.988015239977202,90,true,0.049965269548508544,5.8397468393292229,40,true
safety,A3,0,motor_fault,A3_train_seed_0,50007,-256.47616482173657,250,false,0.53799455005372843,10.198489453829076,40,true
safety,A3,0,motor_fault,A3_train_seed_0,50008,-178.98803251872658,250,false,0.33169055959953586,8.5766268528170517,40,true
safety,A3,0,motor_fault,A3_train_seed_0,50009,-145.30116378682513,250,false,0.2923617148145598,10.457402587995379,40,true
safety,A3,0,motor_fault,A3_train_seed_0,50010,-85.539046259711512,250,false,0.069337366307525072,11.623789910012283,40,true
safety,A3,0,motor_fault,A3_train_seed_0,50011,-168.05118465317082,250,false,0.47772864581366825,6.2033483547328689,40,true
safety,A3,0,motor_fault,A3_train_seed_0,50012,-31.150640301952151,36,true,0.047386415265874691,13.551001086825254,40,true
safety,A3,0,motor_fault,A3_train_seed_0,50013,-333.400793755596,250,false,1.3754116910726548,9.177633013576072,40,true
safety,A3,0,motor_fault,A3_train_seed_0,50014,-283.9589039417578,250,false,0.68025524532544657,18.366405849486604,40,true
safety,A3,0,motor_fault,A3_train_seed_0,50015,-307.79982506987284,250,false,0.8947716421925167,11.383504802113295,40,true
safety,A3,0,motor_fault,A3_train_seed_0,50016,-255.09576247183617,250,false,0.89933529611160679,8.9984807233416877,40,true
safety,A3,0,motor_fault,A3_train_seed_0,50017,-136.36846320787453,250,false,0.18168194094107587,10.915531983501944,40,true
safety,A3,0,motor_fault,A3_train_seed_0,50018,-107.24851905600279,78,true,0.012878627390733928,12.459698992551179,40,true
safety,A3,0,motor_fault,A3_train_seed_0,50019,-196.57870588608145,250,false,0.42609230191368724,10.669851283829599,40,true
safety,A3,0,motor_fault,A3_train_seed_0,50020,-23.706219542054637,38,true,0.03739383243486423,4.4396567586952207,40,true
safety,A3,0,motor_fault,A3_train_seed_0,50021,-11.703713818098221,34,true,0.026039487256416811,6.0821533014409557,28.469779968261719,true
safety,A3,0,motor_fault,A3_train_seed_0,50022,-97.655562475867711,81,true,0.042439236036675751,11.434038047370592,40,true
safety,A3,0,motor_fault,A3_train_seed_0,50023,-79.372726940785739,72,true,0.014978505118262691,8.6143057866342794,40,true
safety,A3,0,motor_fault,A3_train_seed_0,50024,-62.409585580627386,250,false,0.079484991363218613,8.1328294154164364,32.895084381103516,true
safety,A3,0,motor_fault,A3_train_seed_0,50025,-173.38677860531595,250,false,0.26876735225448906,12.81137298744512,40,true
safety,A3,0,motor_fault,A3_train_seed_0,50026,-318.26390635950213,250,false,0.98490153768389832,6.7470644431998741,40,true
safety,A3,0,motor_fault,A3_train_seed_0,50027,-78.480518369203836,250,false,0.11616204794584158,9.9980785998845807,40,true
safety,A3,0,motor_fault,A3_train_seed_0,50028,-102.07197195865854,80,true,0.047569450794924133,14.522578074745642,40,true
safety,A3,0,motor_fault,A3_train_seed_0,50029,-151.42638709873447,250,false,0.14532413767571328,12.159787436924795,40,true
safety,A3,0,motor_fault,A3_train_seed_0,50030,-126.51695010129386,250,false,0.20628311069675684,10.638756374724869,40,true
safety,A3,0,motor_fault,A3_train_seed_0,50031,-76.137268585249174,66,true,0.027091949937248148,11.992808926242827,40,true
safety,A3,0,motor_fault,A3_train_seed_0,50032,-136.5359918925829,250,false,0.26567145472402476,11.337328125539162,40,true
safety,A3,0,motor_fault,A3_train_seed_0,50033,-2.556883369975397,25,true,0.047974504905694305,5.805996854014456,26.53386116027832,true
safety,A3,0,motor_fault,A3_train_seed_0,50034,-79.441148156235244,250,false,0.14808912602297306,7.3908556704051573,33.622970581054688,true
safety,A3,0,motor_fault,A3_train_seed_0,50035,-361.26886471391254,250,false,1.4482926061239072,6.4287998024714197,40,true
safety,A3,0,motor_fault,A3_train_seed_0,50036,-231.63908539888965,250,false,0.96345458635203263,6.4365044815221406,37.201507568359375,true
safety,A3,0,motor_fault,A3_train_seed_0,50037,-34.251030849145771,41,true,0.047616248278822777,10.486093503856077,40,true
safety,A3,0,motor_fault,A3_train_seed_0,50038,-214.78619233424402,250,false,0.33741049536358159,13.622832035938504,40,true
safety,A3,0,motor_fault,A3_train_seed_0,50039,-31.331812198840531,98,true,0.049940515695826956,5.575606294335298,37.274406433105469,true
safety,A3,0,motor_fault,A3_train_seed_0,50040,-61.972648494816923,106,true,0.048586995711137906,10.346134306116294,40,true
safety,A3,0,motor_fault,A3_train_seed_0,50041,-42.723306470216045,45,true,0.0090411634886883308,11.621881204730768,40,true
safety,A3,0,motor_fault,A3_train_seed_0,50042,-35.315554116387062,45,true,0.048785829085968568,9.495214920734167,40,true
safety,A3,0,motor_fault,A3_train_seed_0,50043,-7.9658445574775705,27,true,0.023011835010833988,4.4812238972566734,40,true
safety,A3,0,motor_fault,A3_train_seed_0,50044,-51.415730437963475,80,true,0.046789469772381222,9.4986192179836806,40,true
safety,A3,0,motor_fault,A3_train_seed_0,50045,-197.19398255125188,250,false,0.35966544834529951,10.593349918444023,40,true
safety,A3,0,motor_fault,A3_train_seed_0,50046,-52.143753639173134,59,true,0.017364458972371748,13.710103312901547,40,true
safety,A3,0,motor_fault,A3_train_seed_0,50047,-92.77001531831273,250,false,0.12106983501233083,3.7051360550117929,40,true
safety,A3,0,motor_fault,A3_train_seed_0,50048,-106.85917711306786,250,false,0.16110348790785251,8.451920240610086,40,true
safety,A3,0,motor_fault,A3_train_seed_0,50049,-77.680141455334876,64,true,0.04756938389572609,13.084589893404267,40,true
safety,A3,0,motor_fault,A3_train_seed_0,50050,-207.41983570585882,250,false,0.20159720731286893,11.408974980154126,40,true
safety,A3,0,motor_fault,A3_train_seed_0,50051,-150.08889725782657,250,false,0.064138449447984289,13.124663063954783,40,true
safety,A3,0,motor_fault,A3_train_seed_0,50052,-134.84593036861588,108,true,0.049607768742522387,14.104568481892619,40,true
safety,A3,0,motor_fault,A3_train_seed_0,50053,-33.132774194059458,43,true,0.029407583363491255,8.9887490738735867,40,true
safety,A3,0,motor_fault,A3_train_seed_0,50054,-127.75218394844882,79,true,0.049835547982300665,17.702010824556812,40,true
safety,A3,0,motor_fault,A3_train_seed_0,50055,-260.93958220261248,250,false,0.7615796177915769,10.470841052150032,40,true
safety,A3,0,motor_fault,A3_train_seed_0,50056,-37.780974253909683,250,false,0.05467496388914838,5.8762941981252235,25.10650634765625,true
safety,A3,0,motor_fault,A3_train_seed_0,50057,-40.504074895596666,60,true,0.038488174665142712,6.145737951529048,40,true
safety,A3,0,motor_fault,A3_train_seed_0,50058,-178.97252056052571,250,false,0.09348138055019263,13.368874584519739,40,true
safety,A3,0,motor_fault,A3_train_seed_0,50059,-233.07993721206205,250,false,0.76395023485012548,6.0923393225711528,40,true
safety,A3,0,motor_fault,A3_train_seed_0,50060,-101.04505886258654,90,true,0.047811077469910271,13.250659908737275,40,true
safety,A3,0,motor_fault,A3_train_seed_0,50061,-176.47687562083053,250,false,0.49342648064245237,6.6314176263749109,40,true
safety,A3,0,motor_fault,A3_train_seed_0,50062,-182.21967227518442,250,false,0.16306020673277774,14.060547786880877,40,true
safety,A3,0,motor_fault,A3_train_seed_0,50063,-226.10182832952836,250,false,0.84179133914566906,3.869043894716762,35.334342956542969,true
safety,A3,0,motor_fault,A3_train_seed_0,50064,-20.34133545144843,34,true,0.029943385471519597,9.2255934625418448,37.706230163574219,true
safety,A3,0,motor_fault,A3_train_seed_0,50065,-18.270269002041992,32,true,0.04424037046171031,7.0786401163022452,40,true
safety,A3,0,motor_fault,A3_train_seed_0,50066,-151.49065827345004,250,false,0.25538672951444319,9.9447889544103827,40,true
safety,A3,0,motor_fault,A3_train_seed_0,50067,-70.672419127654592,250,false,0.13100338885745411,6.6374779101656598,33.441825866699219,true
safety,A3,0,motor_fault,A3_train_seed_0,50068,-62.159526138988596,250,false,0.14316530250615234,7.9427275067958067,21.366537094116211,true
safety,A3,0,motor_fault,A3_train_seed_0,50069,-53.24669618549251,45,true,0.048542170701349169,14.051111010245986,40,true
safety,A3,0,motor_fault,A3_train_seed_0,50070,-5.5508970474095509,29,true,0.041851531321080354,4.703266365910463,30.947700500488281,true
safety,A3,0,motor_fault,A3_train_seed_0,50071,-17.545226534959326,35,true,0.0020195878770340038,6.0862164889743529,40,true
safety,A3,0,motor_fault,A3_train_seed_0,50072,-88.064650271564972,72,true,0.035523117770102509,8.3521990752629289,40,true
safety,A3,0,motor_fault,A3_train_seed_0,50073,-260.22305622854043,250,false,0.28599326248111517,21.520083653503541,40,true
safety,A3,0,motor_fault,A3_train_seed_0,50074,-17.428255040321119,31,true,0.036513136112918086,7.1788973186009253,32.189128875732422,true
safety,A3,0,motor_fault,A3_train_seed_0,50075,-367.89853700924868,250,false,1.239950365967216,7.4262762218213689,40,true
safety,A3,0,motor_fault,A3_train_seed_0,50076,-165.86609358365152,250,false,0.099616892406261037,11.906576894395076,40,true
safety,A3,0,motor_fault,A3_train_seed_0,50077,-71.929552279305625,250,false,0.12535881921757605,8.9268054533546302,40,true
safety,A3,0,motor_fault,A3_train_seed_0,50078,-29.944234711397421,67,true,0.048159271528696819,5.2928936297470841,40,true
safety,A3,0,motor_fault,A3_train_seed_0,50079,-171.38105688306422,250,false,0.076464279845316799,12.421972590330386,40,true
safety,A3,0,motor_fault,A3_train_seed_0,50080,-181.40531533727145,250,false,0.10939372601297201,17.144259663450686,40,true
safety,A3,0,motor_fault,A3_train_seed_0,50081,-50.988017934570948,64,true,0.046816675391785523,10.412964332396824,40,true
safety,A3,0,motor_fault,A3_train_seed_0,50082,-53.31356372988914,250,false,0.055895147640620396,14.540665765156609,40,true
safety,A3,0,motor_fault,A3_train_seed_0,50083,-114.14612942336493,250,false,0.097310497031327409,9.861063089693026,40,true
safety,A3,0,motor_fault,A3_train_seed_0,50084,-20.37011926153145,49,true,0.048389027178582761,6.2104115217228317,40,true
safety,A3,0,motor_fault,A3_train_seed_0,50085,-97.487509394464297,98,true,0.048592533752672029,11.368568946851365,40,true
safety,A3,0,motor_fault,A3_train_seed_0,50086,-91.868256278272639,250,false,0.070059320831516336,17.715063210385921,40,true
safety,A3,0,motor_fault,A3_train_seed_0,50087,-21.391509323565458,34,true,0.048245438853553042,7.6320387927059619,40,true
safety,A3,0,motor_fault,A3_train_seed_0,50088,-121.01186919491482,250,false,0.065406931503855417,16.498627604359374,40,true
safety,A3,0,motor_fault,A3_train_seed_0,50089,-125.0616372194205,250,false,0.21550941223839451,6.6974659409794386,40,true
safety,A3,0,motor_fault,A3_train_seed_0,50090,-244.83563043088049,250,false,0.46799377282426596,10.566357523355343,40,true
safety,A3,0,motor_fault,A3_train_seed_0,50091,-140.60599090278814,101,true,0.04695618276918985,9.5183737354337339,40,true
safety,A3,0,motor_fault,A3_train_seed_0,50092,-294.79451083566948,250,false,0.9189544703702357,8.9042779238700138,40,true
safety,A3,0,motor_fault,A3_train_seed_0,50093,-172.72879579470339,250,false,0.094731988024460589,11.675080572566985,40,true
safety,A3,0,motor_fault,A3_train_seed_0,50094,-13.335557322573329,30,true,0.030905474076247743,5.116709753525492,40,true
safety,A3,0,motor_fault,A3_train_seed_0,50095,-66.242137497713202,206,true,0.04852483412742175,6.3263533128295375,40,true
safety,A3,0,motor_fault,A3_train_seed_0,50096,-250.30018524776142,250,false,0.67691091007678095,10.349236288986569,40,true
safety,A3,0,motor_fault,A3_train_seed_0,50097,-296.73709276814174,250,false,1.0744546090923415,7.6352346573369889,40,true
safety,A3,0,motor_fault,A3_train_seed_0,50098,-74.087272630786842,130,true,0.049880290200814095,13.718884136772349,40,true
safety,A3,0,motor_fault,A3_train_seed_0,50099,-345.66299468729477,250,false,0.82526588553539892,10.366890426856015,40,true
safety,A6c,0,motor_fault,A6c_train_seed_0,50000,-311.84401819302246,250,false,1.069944502908359,6.3305826417158926,37.251880645751953,true
safety,A6c,0,motor_fault,A6c_train_seed_0,50001,-190.900989221206,250,false,0.38463187518467301,4.5030613706905909,40,true
safety,A6c,0,motor_fault,A6c_train_seed_0,50002,-461.72706753796189,250,false,0.70355416546069027,7.4950893231213556,40,true
safety,A6c,0,motor_fault,A6c_train_seed_0,50003,-349.04771804152847,250,false,0.75500831284436132,4.0277694279914344,40,true
safety,A6c,0,motor_fault,A6c_train_seed_0,50004,-353.75884815802755,250,false,1.1973401685797356,4.9181521749104169,40,true
safety,A6c,0,motor_fault,A6c_train_seed_0,50005,-127.90037040066223,91,true,0.045037614115567018,6.2289696177886809,40,true
safety,A6c,0,motor_fault,A6c_train_seed_0,50006,-111.29542562954083,250,false,0.11496209852090551,2.9770091806181638,40,true
safety,A6c,0,motor_fault,A6c_train_seed_0,50007,-259.55562480559115,250,false,0.70279548598474295,4.3703289680843813,40,true
safety,A6c,0,motor_fault,A6c_train_seed_0,50008,-285.19508740698802,250,false,0.72994788449088699,6.6686324468258809,40,true
safety,A6c,0,motor_fault,A6c_train_seed_0,50009,-344.7509528045772,250,false,0.61573139775903751,7.204254550218014,40,true
safety,A6c,0,motor_fault,A6c_train_seed_0,50010,-139.2896846231437,250,false,0.22553313407576484,3.6679859034484941,40,true
safety,A6c,0,motor_fault,A6c_train_seed_0,50011,-194.37556169879261,250,false,0.59299313576202872,6.2361833622218699,40,true
safety,A6c,0,motor_fault,A6c_train_seed_0,50012,-73.332671476206258,250,false,0.060973999233401958,2.997054799499268,40,true
safety,A6c,0,motor_fault,A6c_train_seed_0,50013,-372.51288807319867,250,false,1.03043892103644,5.0831205121349843,40,true
safety,A6c,0,motor_fault,A6c_train_seed_0,50014,-289.61964681082509,250,false,0.99831429574704666,6.4080801550836766,40,true
safety,A6c,0,motor_fault,A6c_train_seed_0,50015,-317.45410168773094,250,false,1.1670334158575819,3.4260343672269635,40,true
safety,A6c,0,motor_fault,A6c_train_seed_0,50016,-532.72538165017716,250,false,1.7878699632513944,6.2963859036974235,40,true
safety,A6c,0,motor_fault,A6c_train_seed_0,50017,-221.29521675740386,250,false,0.52755107826001157,4.8908373131202652,40,true
safety,A6c,0,motor_fault,A6c_train_seed_0,50018,-185.92864254571742,56,false,2.0022736454739283,7.8752298384977708,40,true
safety,A6c,0,motor_fault,A6c_train_seed_0,50019,-321.98648761473697,250,false,0.76343469354262261,6.0198108138360755,40,true
safety,A6c,0,motor_fault,A6c_train_seed_0,50020,-284.9359957409888,250,false,0.9120381257375898,2.349325102254423,40,true
safety,A6c,0,motor_fault,A6c_train_seed_0,50021,-270.45147220749749,250,false,0.98440164455790125,4.4262360301889965,29.393753051757812,true
safety,A6c,0,motor_fault,A6c_train_seed_0,50022,-232.12675655718436,250,false,0.63322519538390509,3.9141712757272011,40,true
safety,A6c,0,motor_fault,A6c_train_seed_0,50023,-142.84025900395179,250,false,0.14412546942113019,5.4011726396961697,40,true
safety,A6c,0,motor_fault,A6c_train_seed_0,50024,-143.18826617976589,250,false,0.49505390518144354,4.7504159458896664,30.081945419311523,true
safety,A6c,0,motor_fault,A6c_train_seed_0,50025,-192.94141613588826,250,false,0.47363138548254136,5.7415044251465233,40,true
safety,A6c,0,motor_fault,A6c_train_seed_0,50026,-418.87910254010887,250,false,1.4697634512201454,8.0296019872372355,40,true
safety,A6c,0,motor_fault,A6c_train_seed_0,50027,-39.64146832846486,57,true,0.049829179848919956,6.7925615090671432,40,true
safety,A6c,0,motor_fault,A6c_train_seed_0,50028,-150.26312920179367,250,false,0.3098783656127298,6.0355502685789784,40,true
safety,A6c,0,motor_fault,A6c_train_seed_0,50029,-244.11406459375814,250,false,0.32207193976352388,3.8983565664323296,40,true
safety,A6c,0,motor_fault,A6c_train_seed_0,50030,-167.70603722361403,250,false,0.34558060898774179,4.7935254611786737,40,true
safety,A6c,0,motor_fault,A6c_train_seed_0,50031,-93.90500063189414,103,true,0.0487990725046481,6.0361720224375128,40,true
safety,A6c,0,motor_fault,A6c_train_seed_0,50032,-218.05054287631387,250,false,0.55926097786773843,3.0505811983308568,40,true
safety,A6c,0,motor_fault,A6c_train_seed_0,50033,-4.8395049181563401,32,true,0.022512364269583772,3.9913312280901394,25.42631721496582,true
safety,A6c,0,motor_fault,A6c_train_seed_0,50034,-445.02094337775316,250,false,1.3285437802624682,5.6377195709597299,40,true
safety,A6c,0,motor_fault,A6c_train_seed_0,50035,-398.47903759066941,250,false,1.4251651666609362,6.7741006680009965,40,true
safety,A6c,0,motor_fault,A6c_train_seed_0,50036,-455.19790671586196,250,false,0.48855251998744625,5.7091441555888363,40,true
safety,A6c,0,motor_fault,A6c_train_seed_0,50037,-248.72220493664409,250,false,0.86251106525838439,2.3623509291294225,40,true
safety,A6c,0,motor_fault,A6c_train_seed_0,50038,-228.10011287410012,250,false,0.59071237818926925,6.0423702256418395,40,true
safety,A6c,0,motor_fault,A6c_train_seed_0,50039,-328.25320867111202,215,true,0.048779599259426473,5.4567295003942853,40,true
safety,A6c,0,motor_fault,A6c_train_seed_0,50040,-129.36623005586651,250,false,0.25957645188666995,3.9470341263371944,40,true
safety,A6c,0,motor_fault,A6c_train_seed_0,50041,-56.912721529281242,95,true,0.049734343874189541,4.6629651564759733,40,true
safety,A6c,0,motor_fault,A6c_train_seed_0,50042,-52.67261050585882,77,true,0.048301712891976968,4.8936397144780202,40,true
safety,A6c,0,motor_fault,A6c_train_seed_0,50043,-201.77984212011953,250,false,0.8459830746231255,3.0614400340128314,40,true
safety,A6c,0,motor_fault,A6c_train_seed_0,50044,-322.94180691227092,250,false,0.98506966792174666,4.0422656173799858,40,true
safety,A6c,0,motor_fault,A6c_train_seed_0,50045,-279.0122266767346,250,false,0.67131409201543923,5.9017587357090076,40,true
safety,A6c,0,motor_fault,A6c_train_seed_0,50046,-111.40643236479855,250,false,0.16485269661169677,5.0162860962912994,40,true
safety,A6c,0,motor_fault,A6c_train_seed_0,50047,-247.36517228769546,250,false,0.96571801600697982,3.1630110848257322,40,true
safety,A6c,0,motor_fault,A6c_train_seed_0,50048,-149.91615293235213,250,false,0.37558305808138126,4.6944468474606715,40,true
safety,A6c,0,motor_fault,A6c_train_seed_0,50049,-190.65642063750124,250,false,0.293173546235108,4.5642452242075429,40,true
safety,A6c,0,motor_fault,A6c_train_seed_0,50050,-200.23863479625186,250,false,0.38124563796185357,5.7233140912391605,40,true
safety,A6c,0,motor_fault,A6c_train_seed_0,50051,-184.34565801402422,250,false,0.39947758509484244,5.7399883523655442,40,true
safety,A6c,0,motor_fault,A6c_train_seed_0,50052,-239.84754830791968,250,false,0.17330898316031595,5.2204982255280115,40,true
safety,A6c,0,motor_fault,A6c_train_seed_0,50053,-213.98591909847883,250,false,0.86910843849323127,2.8964078270918154,40,true
safety,A6c,0,motor_fault,A6c_train_seed_0,50054,-111.94317414948503,90,true,0.048743291386388971,5.2575990394861885,40,true
safety,A6c,0,motor_fault,A6c_train_seed_0,50055,-521.22423402942889,250,false,0.95209765328188911,6.4989528529037441,40,true
safety,A6c,0,motor_fault,A6c_train_seed_0,50056,-59.864839266271467,250,false,0.14619278632363147,4.4354573380478435,22.510746002197266,true
safety,A6c,0,motor_fault,A6c_train_seed_0,50057,-222.08395733005219,250,false,0.92737086971257254,3.3903134149154703,40,true
safety,A6c,0,motor_fault,A6c_train_seed_0,50058,-173.30508028169186,250,false,0.2766122616943319,4.850763570188529,40,true
safety,A6c,0,motor_fault,A6c_train_seed_0,50059,-413.43516447516447,250,false,1.549091286938324,5.0176752539512774,40,true
safety,A6c,0,motor_fault,A6c_train_seed_0,50060,-207.71795232721703,250,false,0.23339176298792597,5.3035581603785076,40,true
safety,A6c,0,motor_fault,A6c_train_seed_0,50061,-203.91419169157024,250,false,0.6416008286420869,4.7079766725279901,37.615425109863281,true
safety,A6c,0,motor_fault,A6c_train_seed_0,50062,-182.17249543613997,250,false,0.34013785974746263,6.0884806070908244,40,true
safety,A6c,0,motor_fault,A6c_train_seed_0,50063,-282.35725833871521,250,false,0.94205283943050588,4.8261916649115015,35.507766723632812,true
safety,A6c,0,motor_fault,A6c_train_seed_0,50064,-79.487873682457703,250,false,0.05652806247181455,4.2122008863129823,40,true
safety,A6c,0,motor_fault,A6c_train_seed_0,50065,-235.45636583009323,250,false,1.1181011446383136,4.4593574391522628,40,true
safety,A6c,0,motor_fault,A6c_train_seed_0,50066,-310.98857449310037,250,false,0.64854032080649648,6.7063556502371098,40,true
safety,A6c,0,motor_fault,A6c_train_seed_0,50067,-242.15881362115883,250,false,1.4203711434865756,4.1191676425313846,37.202430725097656,true
safety,A6c,0,motor_fault,A6c_train_seed_0,50068,-66.880240526611729,250,false,0.14687427745621809,4.6181513718825737,21.781269073486328,true
safety,A6c,0,motor_fault,A6c_train_seed_0,50069,-62.24965954843789,70,true,0.048734712142318407,5.0489355299433036,40,true
safety,A6c,0,motor_fault,A6c_train_seed_0,50070,-251.01626463236053,250,false,0.86925613348253328,4.7166021024269842,29.310548782348633,true
safety,A6c,0,motor_fault,A6c_train_seed_0,50071,-22.555462911335638,37,true,0.044160986199575779,3.7466988662911875,40,true
safety,A6c,0,motor_fault,A6c_train_seed_0,50072,-173.25092940021111,250,false,0.18233263978411254,5.6724094263493958,40,true
safety,A6c,0,motor_fault,A6c_train_seed_0,50073,-223.955963026403,250,false,0.49703088358053132,5.6240224706269126,40,true
safety,A6c,0,motor_fault,A6c_train_seed_0,50074,-352.94417016777203,250,false,1.3346017208013308,4.7786447192096126,31.530668258666992,true
safety,A6c,0,motor_fault,A6c_train_seed_0,50075,-372.40608938537144,250,false,1.2483963182548119,8.5818320681390254,40,true
safety,A6c,0,motor_fault,A6c_train_seed_0,50076,-126.46018974299997,39,false,2.0036781924224885,11.15407823224348,40,true
safety,A6c,0,motor_fault,A6c_train_seed_0,50077,-63.753670736014783,250,false,0.074129987240502862,7.341693033965667,40,true
safety,A6c,0,motor_fault,A6c_train_seed_0,50078,-428.12294174543661,250,false,1.3116660194861656,5.7016972817121507,40,true
safety,A6c,0,motor_fault,A6c_train_seed_0,50079,-344.52916616429417,250,false,0.53229484445666453,5.9377194608692152,40,true
safety,A6c,0,motor_fault,A6c_train_seed_0,50080,-180.48212786090801,250,false,0.22529811383011708,6.6745142932173147,40,true
safety,A6c,0,motor_fault,A6c_train_seed_0,50081,-66.071996648216683,85,true,0.049087611922280137,4.610672882755269,40,true
safety,A6c,0,motor_fault,A6c_train_seed_0,50082,-30.348200787207475,40,true,0.044714537922459816,6.3405354194893757,40,true
safety,A6c,0,motor_fault,A6c_train_seed_0,50083,-123.86387190595015,250,false,0.082663269318229843,7.0983392669642162,40,true
safety,A6c,0,motor_fault,A6c_train_seed_0,50084,-26.834722346949782,38,true,0.030781545578272326,3.3353889382598059,40,true
safety,A6c,0,motor_fault,A6c_train_seed_0,50085,-183.24388820294405,250,false,0.28028831635899998,5.3291023514020619,40,true
safety,A6c,0,motor_fault,A6c_train_seed_0,50086,-71.357451753290974,62,true,0.040156208412899942,6.6679389510127329,40,true
safety,A6c,0,motor_fault,A6c_train_seed_0,50087,-105.75351399240249,250,false,0.17740980638186063,2.8483497213454028,40,true
safety,A6c,0,motor_fault,A6c_train_seed_0,50088,-180.07842164893589,250,false,0.13859304162648539,6.2244565125442319,40,true
safety,A6c,0,motor_fault,A6c_train_seed_0,50089,-166.2797218246194,250,false,0.43367166688468683,4.6982823103514084,40,true
safety,A6c,0,motor_fault,A6c_train_seed_0,50090,-221.16792063344212,250,false,0.5714814737069972,3.9328657697600353,40,true
safety,A6c,0,motor_fault,A6c_train_seed_0,50091,-207.20424942703363,250,false,0.29301382234808737,6.7342361982550676,40,true
safety,A6c,0,motor_fault,A6c_train_seed_0,50092,-303.37751650583948,250,false,0.97162049545136309,9.1291758943121621,40,true
safety,A6c,0,motor_fault,A6c_train_seed_0,50093,-123.6339453892892,42,false,1.6883332222999843,10.574589629237174,40,true
safety,A6c,0,motor_fault,A6c_train_seed_0,50094,-215.86165280898678,250,false,0.88194996581521679,3.4802898290141799,40,true
safety,A6c,0,motor_fault,A6c_train_seed_0,50095,-199.27582701250557,250,false,0.76114060623484781,3.6548315906068489,36.122035980224609,true
safety,A6c,0,motor_fault,A6c_train_seed_0,50096,-327.33446993661244,250,false,0.87525291430671115,3.4194772604411168,40,true
safety,A6c,0,motor_fault,A6c_train_seed_0,50097,-326.76676797558991,250,false,1.1725638930920301,8.0941418359071218,40,true
safety,A6c,0,motor_fault,A6c_train_seed_0,50098,-98.29589007268919,65,true,0.019583945979976137,5.4932566879136173,40,true
safety,A6c,0,motor_fault,A6c_train_seed_0,50099,-94.836664230866447,45,false,1.7710254796143634,11.374789441380363,40,true
safety,A6c_gate_off_control,0,motor_fault,A6c_gate_off_control_train_seed_0,50000,-299.71538801276949,250,false,1.0133340576451477,5.8253652976044918,38.726436614990234,true
safety,A6c_gate_off_control,0,motor_fault,A6c_gate_off_control_train_seed_0,50001,-188.78597316091711,250,false,0.39293671257935836,4.7621048248391942,40,true
safety,A6c_gate_off_control,0,motor_fault,A6c_gate_off_control_train_seed_0,50002,-476.39276248006121,250,false,1.6678254381380373,7.568396381909734,40,true
safety,A6c_gate_off_control,0,motor_fault,A6c_gate_off_control_train_seed_0,50003,-326.14321786298814,250,false,0.58946196780620153,4.0923819488035686,40,true
safety,A6c_gate_off_control,0,motor_fault,A6c_gate_off_control_train_seed_0,50004,-440.35554864366537,250,false,1.3793131923522675,5.0903235204443522,40,true
safety,A6c_gate_off_control,0,motor_fault,A6c_gate_off_control_train_seed_0,50005,-126.23571294084863,92,true,0.047600594296014778,6.136667780289125,40,true
safety,A6c_gate_off_control,0,motor_fault,A6c_gate_off_control_train_seed_0,50006,-61.607816230997877,76,true,0.049293052153686422,3.0889278016533575,40,true
safety,A6c_gate_off_control,0,motor_fault,A6c_gate_off_control_train_seed_0,50007,-225.54141192780679,250,false,0.51335211304220041,4.3962991964941454,40,true
safety,A6c_gate_off_control,0,motor_fault,A6c_gate_off_control_train_seed_0,50008,-295.46039503604106,250,false,0.7445415536584743,7.1532368626800826,40,true
safety,A6c_gate_off_control,0,motor_fault,A6c_gate_off_control_train_seed_0,50009,-281.11312938800836,250,false,0.52076035272832755,8.1808839248564489,40,true
safety,A6c_gate_off_control,0,motor_fault,A6c_gate_off_control_train_seed_0,50010,-107.10319745914603,250,false,0.069336924310076695,3.6679859034484941,40,true
safety,A6c_gate_off_control,0,motor_fault,A6c_gate_off_control_train_seed_0,50011,-188.70148257721553,250,false,0.52160057810551219,5.9946053598451412,40,true
safety,A6c_gate_off_control,0,motor_fault,A6c_gate_off_control_train_seed_0,50012,-72.74593795401158,250,false,0.063360682892068504,3.118627924928878,40,true
safety,A6c_gate_off_control,0,motor_fault,A6c_gate_off_control_train_seed_0,50013,-311.13489343096313,250,false,0.77250147316047935,5.0831205121349843,40,true
safety,A6c_gate_off_control,0,motor_fault,A6c_gate_off_control_train_seed_0,50014,-290.49662005077647,250,false,0.95393410118360356,6.4319950021869117,40,true
safety,A6c_gate_off_control,0,motor_fault,A6c_gate_off_control_train_seed_0,50015,-286.81452271662243,250,false,0.91229304735208971,3.4260343672269635,40,true
safety,A6c_gate_off_control,0,motor_fault,A6c_gate_off_control_train_seed_0,50016,-473.55722796055755,250,false,1.3486458087689315,5.8530465632349493,40,true
safety,A6c_gate_off_control,0,motor_fault,A6c_gate_off_control_train_seed_0,50017,-223.06250036982308,250,false,0.54550638236271509,4.8345576800732752,40,true
safety,A6c_gate_off_control,0,motor_fault,A6c_gate_off_control_train_seed_0,50018,-185.673175903757,56,false,2.0193957222045347,7.8302652693476924,40,true
safety,A6c_gate_off_control,0,motor_fault,A6c_gate_off_control_train_seed_0,50019,-316.50464500521542,250,false,0.72349883962107264,6.0198108138360755,40,true
safety,A6c_gate_off_control,0,motor_fault,A6c_gate_off_control_train_seed_0,50020,-269.01526851847723,250,false,0.83186315241737974,2.4821572168381634,40,true
safety,A6c_gate_off_control,0,motor_fault,A6c_gate_off_control_train_seed_0,50021,-76.921761320124148,250,false,0.088223750620560371,2.8412340206010196,28.980001449584961,true
safety,A6c_gate_off_control,0,motor_fault,A6c_gate_off_control_train_seed_0,50022,-179.05543573099234,250,false,0.3162804595326279,3.9141712757272011,40,true
safety,A6c_gate_off_control,0,motor_fault,A6c_gate_off_control_train_seed_0,50023,-127.6473996994262,250,false,0.066340472326489514,5.0274227289802784,40,true
safety,A6c_gate_off_control,0,motor_fault,A6c_gate_off_control_train_seed_0,50024,-60.038423127787922,250,false,0.079484532376508474,4.7531284742794391,32.784652709960938,true
safety,A6c_gate_off_control,0,motor_fault,A6c_gate_off_control_train_seed_0,50025,-182.35113064128768,250,false,0.40700682787993425,5.6396358362538912,40,true
safety,A6c_gate_off_control,0,motor_fault,A6c_gate_off_control_train_seed_0,50026,-424.91681081179371,250,false,1.4708094586076785,8.9261656786361829,40,true
safety,A6c_gate_off_control,0,motor_fault,A6c_gate_off_control_train_seed_0,50027,-74.304880767445681,250,false,0.11616205030430495,6.4304275635031516,40,true
safety,A6c_gate_off_control,0,motor_fault,A6c_gate_off_control_train_seed_0,50028,-72.893361847157976,93,true,0.046547865668449588,6.0355502685789784,40,true
safety,A6c_gate_off_control,0,motor_fault,A6c_gate_off_control_train_seed_0,50029,-217.59625217952944,250,false,0.1499051647566883,3.6915089903555591,40,true
safety,A6c_gate_off_control,0,motor_fault,A6c_gate_off_control_train_seed_0,50030,-163.57995915191211,250,false,0.34366540012833163,4.8524362899639302,40,true
safety,A6c_gate_off_control,0,motor_fault,A6c_gate_off_control_train_seed_0,50031,-92.068872317558402,108,true,0.049683608778693156,5.5797401402821336,40,true
safety,A6c_gate_off_control,0,motor_fault,A6c_gate_off_control_train_seed_0,50032,-160.38769655235683,250,false,0.26093938765507435,3.0505811983308568,40,true
safety,A6c_gate_off_control,0,motor_fault,A6c_gate_off_control_train_seed_0,50033,-4.4723926849445821,30,true,0.043875283261433209,4.1501911876455706,24.41242790222168,true
safety,A6c_gate_off_control,0,motor_fault,A6c_gate_off_control_train_seed_0,50034,-391.73086383952256,250,false,0.19791232540941855,7.5860211813628169,40,true
safety,A6c_gate_off_control,0,motor_fault,A6c_gate_off_control_train_seed_0,50035,-400.90296411226018,250,false,1.448420391208896,6.8858953033690424,40,true
safety,A6c_gate_off_control,0,motor_fault,A6c_gate_off_control_train_seed_0,50036,-449.5531702053749,250,false,0.44567128054261035,5.187947152249893,40,true
safety,A6c_gate_off_control,0,motor_fault,A6c_gate_off_control_train_seed_0,50037,-171.11624516724996,250,false,0.11343848650929052,2.3623509291294225,40,true
safety,A6c_gate_off_control,0,motor_fault,A6c_gate_off_control_train_seed_0,50038,-222.43567567760186,250,false,0.56978591980090432,5.9351865284800853,40,true
safety,A6c_gate_off_control,0,motor_fault,A6c_gate_off_control_train_seed_0,50039,-323.11864404032059,203,true,0.047650256257130305,4.9788838194554259,40,true
safety,A6c_gate_off_control,0,motor_fault,A6c_gate_off_control_train_seed_0,50040,-74.144786845539102,121,true,0.049476725899315038,3.552702919432547,40,true
safety,A6c_gate_off_control,0,motor_fault,A6c_gate_off_control_train_seed_0,50041,-51.572183136009251,49,true,0.013932069140292021,4.6629651564759733,40,true
safety,A6c_gate_off_control,0,motor_fault,A6c_gate_off_control_train_seed_0,50042,-48.869547397765643,71,true,0.04996687237328562,4.9006581748572975,40,true
safety,A6c_gate_off_control,0,motor_fault,A6c_gate_off_control_train_seed_0,50043,-13.334802624120751,39,true,0.049532417267443195,3.1342074354634377,40,true
safety,A6c_gate_off_control,0,motor_fault,A6c_gate_off_control_train_seed_0,50044,-307.47776783561972,250,false,0.90237819703879274,3.6344432434307223,40,true
safety,A6c_gate_off_control,0,motor_fault,A6c_gate_off_control_train_seed_0,50045,-259.76914341234442,250,false,0.56661000814014417,5.9017587357090076,40,true
safety,A6c_gate_off_control,0,motor_fault,A6c_gate_off_control_train_seed_0,50046,-62.625220760759781,62,true,0.022168687243172443,5.0162860962912994,40,true
safety,A6c_gate_off_control,0,motor_fault,A6c_gate_off_control_train_seed_0,50047,-93.065755276099651,250,false,0.1210757616594673,3.6914941572262232,40,true
safety,A6c_gate_off_control,0,motor_fault,A6c_gate_off_control_train_seed_0,50048,-114.78321650582637,250,false,0.16133726122974834,4.6641569369923754,40,true
safety,A6c_gate_off_control,0,motor_fault,A6c_gate_off_control_train_seed_0,50049,-121.76468386446308,105,true,0.045651606883361395,4.9249262130314619,40,true
safety,A6c_gate_off_control,0,motor_fault,A6c_gate_off_control_train_seed_0,50050,-194.10297166444087,250,false,0.34438512326941523,5.5405645782860864,40,true
safety,A6c_gate_off_control,0,motor_fault,A6c_gate_off_control_train_seed_0,50051,-181.54433542769712,250,false,0.39851770386927715,5.5924153601869007,40,true
safety,A6c_gate_off_control,0,motor_fault,A6c_gate_off_control_train_seed_0,50052,-237.04024860201324,250,false,0.17193901995312888,5.1968538478007158,40,true
safety,A6c_gate_off_control,0,motor_fault,A6c_gate_off_control_train_seed_0,50053,-75.331761682155616,134,true,0.047515444195041986,2.896753313787602,40,true
safety,A6c_gate_off_control,0,motor_fault,A6c_gate_off_control_train_seed_0,50054,-110.80962239570187,88,true,0.048160112486117825,5.411036571423935,40,true
safety,A6c_gate_off_control,0,motor_fault,A6c_gate_off_control_train_seed_0,50055,-480.09785246317267,250,false,1.5561410056924159,6.914052465574966,40,true
safety,A6c_gate_off_control,0,motor_fault,A6c_gate_off_control_train_seed_0,50056,-38.846065172965751,250,false,0.054674962742644932,4.5233469768851977,25.260768890380859,true
safety,A6c_gate_off_control,0,motor_fault,A6c_gate_off_control_train_seed_0,50057,-45.333447175710987,66,true,0.01369834605895961,3.3903134149154703,40,true
safety,A6c_gate_off_control,0,motor_fault,A6c_gate_off_control_train_seed_0,50058,-143.05911902122875,250,false,0.093884176297396926,4.850763570188529,40,true
safety,A6c_gate_off_control,0,motor_fault,A6c_gate_off_control_train_seed_0,50059,-410.15597999230141,250,false,1.5632840883364105,5.2380572373495458,40,true
safety,A6c_gate_off_control,0,motor_fault,A6c_gate_off_control_train_seed_0,50060,-147.63258175146805,92,true,0.049354155264183852,5.1701611768531324,40,true
safety,A6c_gate_off_control,0,motor_fault,A6c_gate_off_control_train_seed_0,50061,-189.13283772264157,250,false,0.55516966121717559,4.6681478267148,40,true
safety,A6c_gate_off_control,0,motor_fault,A6c_gate_off_control_train_seed_0,50062,-112.81485366485308,92,true,0.03338916805763379,5.7215512968084568,40,true
safety,A6c_gate_off_control,0,motor_fault,A6c_gate_off_control_train_seed_0,50063,-234.98240672493489,250,false,0.85827075290634536,4.8111447734002173,36.810928344726562,true
safety,A6c_gate_off_control,0,motor_fault,A6c_gate_off_control_train_seed_0,50064,-30.385063955832955,58,true,0.049369760483956145,4.2568836042923639,39.328460693359375,true
safety,A6c_gate_off_control,0,motor_fault,A6c_gate_off_control_train_seed_0,50065,-69.64016366910235,250,false,0.081841752891091218,4.2306131160736591,40,true
safety,A6c_gate_off_control,0,motor_fault,A6c_gate_off_control_train_seed_0,50066,-299.70141356661145,250,false,0.58255352243240344,6.7063556502371098,40,true
safety,A6c_gate_off_control,0,motor_fault,A6c_gate_off_control_train_seed_0,50067,-93.458651467125293,250,false,0.13100340393292148,4.0485325373972483,39.144012451171875,true
safety,A6c_gate_off_control,0,motor_fault,A6c_gate_off_control_train_seed_0,50068,-66.30895398656817,250,false,0.14316530246272327,4.6720977749154438,20.962034225463867,true
safety,A6c_gate_off_control,0,motor_fault,A6c_gate_off_control_train_seed_0,50069,-60.185252977992818,59,true,0.048248638129522368,5.0489355299433036,40,true
safety,A6c_gate_off_control,0,motor_fault,A6c_gate_off_control_train_seed_0,50070,-236.36641427697438,250,false,0.80738896644939806,4.454957157981104,29.342065811157227,true
safety,A6c_gate_off_control,0,motor_fault,A6c_gate_off_control_train_seed_0,50071,-22.710645174144922,38,true,0.024683390598076893,3.9127160053117369,39.581256866455078,true
safety,A6c_gate_off_control,0,motor_fault,A6c_gate_off_control_train_seed_0,50072,-168.57970549488536,250,false,0.18512980643898586,5.414262292591987,40,true
safety,A6c_gate_off_control,0,motor_fault,A6c_gate_off_control_train_seed_0,50073,-220.30298699003853,250,false,0.50263342426697011,5.8771094153257355,40,true
safety,A6c_gate_off_control,0,motor_fault,A6c_gate_off_control_train_seed_0,50074,-355.98810563707741,250,false,1.3593136815921776,4.9354156339794901,31.456277847290039,true
safety,A6c_gate_off_control,0,motor_fault,A6c_gate_off_control_train_seed_0,50075,-398.31405991648984,250,false,1.2271704138546526,8.7726522737693902,40,true
safety,A6c_gate_off_control,0,motor_fault,A6c_gate_off_control_train_seed_0,50076,-124.86891756331762,39,false,1.9678557963824508,10.904062831854343,40,true
safety,A6c_gate_off_control,0,motor_fault,A6c_gate_off_control_train_seed_0,50077,-70.934875765767671,250,false,0.12535872309010168,6.9032841020298079,40,true
safety,A6c_gate_off_control,0,motor_fault,A6c_gate_off_control_train_seed_0,50078,-423.37502222807007,250,false,1.3851929926029303,5.382129330898878,40,true
safety,A6c_gate_off_control,0,motor_fault,A6c_gate_off_control_train_seed_0,50079,-352.82264156914317,250,false,0.55589594724211056,5.8850055739125313,40,true
safety,A6c_gate_off_control,0,motor_fault,A6c_gate_off_control_train_seed_0,50080,-173.69240118400288,250,false,0.20508109172703526,6.1684433958916189,40,true
safety,A6c_gate_off_control,0,motor_fault,A6c_gate_off_control_train_seed_0,50081,-64.525845557091827,82,true,0.045268578158601754,4.432420633626406,40,true
safety,A6c_gate_off_control,0,motor_fault,A6c_gate_off_control_train_seed_0,50082,-57.098976900551094,250,false,0.055895162222263983,6.3241428279645584,39.079330444335938,true
safety,A6c_gate_off_control,0,motor_fault,A6c_gate_off_control_train_seed_0,50083,-129.03673057266013,250,false,0.10593237389986561,6.719317795375007,40,true
safety,A6c_gate_off_control,0,motor_fault,A6c_gate_off_control_train_seed_0,50084,-26.530974750508932,39,true,0.011073314336321633,3.6495235762858154,40,true
safety,A6c_gate_off_control,0,motor_fault,A6c_gate_off_control_train_seed_0,50085,-180.73575778775725,250,false,0.27868057026353815,5.2856742125182015,40,true
safety,A6c_gate_off_control,0,motor_fault,A6c_gate_off_control_train_seed_0,50086,-100.51721866584485,250,false,0.07005977761307057,6.6668442335253895,40,true
safety,A6c_gate_off_control,0,motor_fault,A6c_gate_off_control_train_seed_0,50087,-49.115538828717241,74,true,0.047171678738156517,2.8785358023360814,40,true
safety,A6c_gate_off_control,0,motor_fault,A6c_gate_off_control_train_seed_0,50088,-192.89031780660281,250,false,0.13859324750266538,5.8398050471267098,40,true
safety,A6c_gate_off_control,0,motor_fault,A6c_gate_off_control_train_seed_0,50089,-135.26664277277612,250,false,0.2295104922121172,4.3584835980962708,40,true
safety,A6c_gate_off_control,0,motor_fault,A6c_gate_off_control_train_seed_0,50090,-206.86440398781326,250,false,0.47453087766045382,3.9328657697600353,40,true
safety,A6c_gate_off_control,0,motor_fault,A6c_gate_off_control_train_seed_0,50091,-204.17363024044496,250,false,0.30000112751459401,6.3715562906164136,40,true
safety,A6c_gate_off_control,0,motor_fault,A6c_gate_off_control_train_seed_0,50092,-295.45413563776259,250,false,0.93324376739195347,8.1403482283937016,40,true
safety,A6c_gate_off_control,0,motor_fault,A6c_gate_off_control_train_seed_0,50093,-123.13732088925286,42,false,1.6810872941423827,10.81634716164805,40,true
safety,A6c_gate_off_control,0,motor_fault,A6c_gate_off_control_train_seed_0,50094,-17.377536507586896,35,true,0.04405584917832716,3.5214466191535321,40,true
safety,A6c_gate_off_control,0,motor_fault,A6c_gate_off_control_train_seed_0,50095,-75.116352987303898,203,true,0.047131023721192461,3.6434984095514804,35.456710815429688,true
safety,A6c_gate_off_control,0,motor_fault,A6c_gate_off_control_train_seed_0,50096,-296.93961853316392,250,false,0.67908996733006743,3.4382488827490012,40,true
safety,A6c_gate_off_control,0,motor_fault,A6c_gate_off_control_train_seed_0,50097,-324.08081571321179,250,false,1.2162177446982236,7.8854352981803189,40,true
safety,A6c_gate_off_control,0,motor_fault,A6c_gate_off_control_train_seed_0,50098,-99.189410074001444,109,true,0.049662082449435069,5.177015042485829,40,true
safety,A6c_gate_off_control,0,motor_fault,A6c_gate_off_control_train_seed_0,50099,-417.42981949687811,250,false,1.307809462146571,10.062070852391088,40,true
heldout,A4c,1,id_reference,A4c_train_seed_1,40000,-99.034847607137607,250,false,0.078822129505987396,8.4702729156704404,40,false
heldout,A4c,1,id_reference,A4c_train_seed_1,40001,-103.58203564256144,250,false,0.13579212378732108,11.814177525440641,40,false
heldout,A4c,1,id_reference,A4c_train_seed_1,40002,-200.91175341574407,250,false,0.26267269008043009,14.056277390576284,40,false
heldout,A4c,1,id_reference,A4c_train_seed_1,40003,-133.21404695520488,250,false,0.17576343111115558,13.132391074065872,40,false
heldout,A4c,1,id_reference,A4c_train_seed_1,40004,-69.850164779825263,56,true,0.027503118330952314,15.423426758371731,40,false
heldout,A4c,1,id_reference,A4c_train_seed_1,40005,-100.52869062850036,250,false,0.11465626635364595,10.76507936351681,40,false
heldout,A4c,1,id_reference,A4c_train_seed_1,40006,-99.807439294846404,250,false,0.088890167464198269,12.266888084328247,40,false
heldout,A4c,1,id_reference,A4c_train_seed_1,40007,-118.58375442899765,250,false,0.11911756545031518,11.090766160194109,40,false
heldout,A4c,1,id_reference,A4c_train_seed_1,40008,-31.487057060603831,41,true,0.038658386859689448,6.4487202854860799,40,false
heldout,A4c,1,id_reference,A4c_train_seed_1,40009,-25.127142782028841,37,true,0.049253071750889776,7.260625785505713,39.478305816650391,false
heldout,A4c,1,id_reference,A4c_train_seed_1,40010,-96.33503422808937,250,false,0.13738929568618286,6.8307270429748677,40,false
heldout,A4c,1,id_reference,A4c_train_seed_1,40011,-22.897591867365406,36,true,0.042098721162712974,10.048804573703585,40,false
heldout,A4c,1,id_reference,A4c_train_seed_1,40012,-113.88886788681666,250,false,0.13886378963156407,10.872938310531834,40,false
heldout,A4c,1,id_reference,A4c_train_seed_1,40013,-163.27948250408076,250,false,0.12662833521553143,14.606055916270126,40,false
heldout,A4c,1,id_reference,A4c_train_seed_1,40014,-42.385751408452684,65,true,0.047084550900378351,5.3128043289208025,40,false
heldout,A4c,1,id_reference,A4c_train_seed_1,40015,-217.90969648983815,250,false,0.66784215940748348,9.159653564125831,40,false
heldout,A4c,1,id_reference,A4c_train_seed_1,40016,-66.984285109982878,74,true,0.016020156664495525,2.2993579499568177,28.454051971435547,false
heldout,A4c,1,id_reference,A4c_train_seed_1,40017,-61.535573626417843,61,true,0.038436546291677871,16.061118104587322,40,false
heldout,A4c,1,id_reference,A4c_train_seed_1,40018,-118.29691738831997,250,false,0.11638708366247211,11.03182475149794,40,false
heldout,A4c,1,id_reference,A4c_train_seed_1,40019,-20.389000379299464,32,true,0.01825477538618616,7.6705229493413061,40,false
heldout,A4c,1,id_reference,A4c_train_seed_1,40020,-53.977009758502106,58,true,0.019468556116168999,7.1314710194591928,39.281978607177734,false
heldout,A4c,1,id_reference,A4c_train_seed_1,40021,-130.43504620930253,250,false,0.32945909059932471,4.6453478193154396,38.523120880126953,false
heldout,A4c,1,id_reference,A4c_train_seed_1,40022,-215.43114227036281,250,false,0.56344405424702915,10.998229436324829,40,false
heldout,A4c,1,id_reference,A4c_train_seed_1,40023,-186.90069514551814,250,false,0.19207600486945636,10.639479971898382,40,false
heldout,A4c,1,id_reference,A4c_train_seed_1,40024,-66.749610946036015,250,false,0.1236526482687797,5.3835048858051104,34.2364501953125,false
heldout,A4c,1,id_reference,A4c_train_seed_1,40025,-133.14433462920422,250,false,0.14240673211193081,11.336472965105518,40,false
heldout,A4c,1,id_reference,A4c_train_seed_1,40026,-80.023163472069442,250,false,0.10009647609972327,7.4416878325321063,40,false
heldout,A4c,1,id_reference,A4c_train_seed_1,40027,-122.9808526870526,250,false,0.099289103094011358,12.449293746539096,40,false
heldout,A4c,1,id_reference,A4c_train_seed_1,40028,-90.747064857676918,250,false,0.29079661944884455,6.5699713298487161,40,false
heldout,A4c,1,id_reference,A4c_train_seed_1,40029,-127.99307852750086,72,true,0.0446545457060765,12.320848562826745,40,false
heldout,A4c,1,id_reference,A4c_train_seed_1,40030,-71.578380784420048,60,true,0.046532354195317323,15.921184298449672,40,false
heldout,A4c,1,id_reference,A4c_train_seed_1,40031,-98.256395254394732,250,false,0.055114601743837255,10.655827256225436,39.507007598876953,false
heldout,A4c,1,id_reference,A4c_train_seed_1,40032,-79.079056335837933,250,false,0.15229562480788625,4.962322059382319,35.279769897460938,false
heldout,A4c,1,id_reference,A4c_train_seed_1,40033,-31.962042963463588,57,true,0.048338121367901471,8.9224489469929811,40,false
heldout,A4c,1,id_reference,A4c_train_seed_1,40034,-29.339111783648384,38,true,0.039942175788186735,7.7147658788877704,40,false
heldout,A4c,1,id_reference,A4c_train_seed_1,40035,-88.670337393279027,250,false,0.18072345479170204,4.9930450096551624,40,false
heldout,A4c,1,id_reference,A4c_train_seed_1,40036,-203.8668774748333,250,false,0.52837098073272326,10.185961818252064,40,false
heldout,A4c,1,id_reference,A4c_train_seed_1,40037,-66.896369080575042,77,true,0.048395006852357529,17.202842105894405,40,false
heldout,A4c,1,id_reference,A4c_train_seed_1,40038,-95.051747506569257,250,false,0.17741444450053978,3.9208220596834331,40,false
heldout,A4c,1,id_reference,A4c_train_seed_1,40039,-122.34174002788035,250,false,0.28348956268277203,4.2529990298873406,40,false
heldout,A4c,1,id_reference,A4c_train_seed_1,40040,-13.067746927956962,31,true,0.046417446337491786,4.5694937658110542,40,false
heldout,A4c,1,id_reference,A4c_train_seed_1,40041,-298.01240858264924,250,false,0.63046968954489158,11.040944476399092,40,false
heldout,A4c,1,id_reference,A4c_train_seed_1,40042,-91.304969670176916,250,false,0.1331979171100508,9.7212006419832964,40,false
heldout,A4c,1,id_reference,A4c_train_seed_1,40043,-93.710608582588151,250,false,0.09684277103301106,8.233661749194809,40,false
heldout,A4c,1,id_reference,A4c_train_seed_1,40044,-56.615645100221201,78,true,0.049115131117597251,11.292939105344969,40,false
heldout,A4c,1,id_reference,A4c_train_seed_1,40045,-117.76952719797058,250,false,0.080450262362035785,9.2488593969369468,40,false
heldout,A4c,1,id_reference,A4c_train_seed_1,40046,-133.35212546814122,250,false,0.079724488722742584,12.877663837814378,40,false
heldout,A4c,1,id_reference,A4c_train_seed_1,40047,-148.5688990337423,250,false,0.13050204195187437,13.28107229440014,40,false
heldout,A4c,1,id_reference,A4c_train_seed_1,40048,-21.425327549114463,33,true,0.049072645816727337,10.049351803396258,40,false
heldout,A4c,1,id_reference,A4c_train_seed_1,40049,-127.53129143613161,250,false,0.23669280038565058,9.5814242230189635,40,false
heldout,A4c,1,id_reference,A4c_train_seed_1,40050,-76.77330158948368,250,false,0.11534059989881625,5.9878010140833293,32.332847595214844,false
heldout,A4c,1,id_reference,A4c_train_seed_1,40051,-51.691486968445751,67,true,0.047913631125948611,8.0798700569030366,40,false
heldout,A4c,1,id_reference,A4c_train_seed_1,40052,-77.075941140534127,68,true,0.049740731754724432,11.423503932451801,40,false
heldout,A4c,1,id_reference,A4c_train_seed_1,40053,-33.205198790728133,46,true,0.034125869313344069,4.228139481101822,40,false
heldout,A4c,1,id_reference,A4c_train_seed_1,40054,-170.27876052671559,250,false,0.11867363099177691,9.6948176170543192,40,false
heldout,A4c,1,id_reference,A4c_train_seed_1,40055,-46.259406990651669,62,true,0.049467423042489161,11.475282832022446,40,false
heldout,A4c,1,id_reference,A4c_train_seed_1,40056,-53.691851882390893,250,false,0.13448753446724335,3.0787080536174543,33.711013793945312,false
heldout,A4c,1,id_reference,A4c_train_seed_1,40057,-117.04373224138158,250,false,0.11925450767574464,12.662778899086891,40,false
heldout,A4c,1,id_reference,A4c_train_seed_1,40058,-220.29288144416262,250,false,0.65266006213030969,6.838010711369221,38.777843475341797,false
heldout,A4c,1,id_reference,A4c_train_seed_1,40059,-90.438628208530545,250,false,0.16318263202376374,2.9593215918379934,37.925201416015625,false
heldout,A4c,1,id_reference,A4c_train_seed_1,40060,-44.702965167448376,250,false,0.087397700209409138,6.508693094495916,27.436614990234375,false
heldout,A4c,1,id_reference,A4c_train_seed_1,40061,-90.060555068154741,250,false,0.092097260996385849,13.388704043471863,40,false
heldout,A4c,1,id_reference,A4c_train_seed_1,40062,-58.107991313919051,90,true,0.049533572666963628,15.298560504935629,40,false
heldout,A4c,1,id_reference,A4c_train_seed_1,40063,-105.65631502734634,250,false,0.23997967715092283,4.4993628787874256,33.101081848144531,false
heldout,A4c,1,id_reference,A4c_train_seed_1,40064,-14.614230598918363,33,true,0.048503655229662677,6.2337825018417039,40,false
heldout,A4c,1,id_reference,A4c_train_seed_1,40065,-231.56932106212005,250,false,0.54520838100264835,10.430742118687697,40,false
heldout,A4c,1,id_reference,A4c_train_seed_1,40066,-113.84622989219463,250,false,0.063565713420431408,14.333389863499459,40,false
heldout,A4c,1,id_reference,A4c_train_seed_1,40067,-63.296244470489192,250,false,0.063368026268327687,4.6304769052564225,40,false
heldout,A4c,1,id_reference,A4c_train_seed_1,40068,-106.76172733258194,250,false,0.25150306606291434,5.8012309718152348,37.251255035400391,false
heldout,A4c,1,id_reference,A4c_train_seed_1,40069,-171.27810101595378,250,false,0.11027099352480771,13.805693258624995,40,false
heldout,A4c,1,id_reference,A4c_train_seed_1,40070,-75.609221469431091,250,false,0.12386725639257942,4.7056592142120648,40,false
heldout,A4c,1,id_reference,A4c_train_seed_1,40071,-109.82798899655974,250,false,0.19730785397458248,3.3756242327462287,40,false
heldout,A4c,1,id_reference,A4c_train_seed_1,40072,-70.028959457171084,250,false,0.10301945107531908,5.98772241817856,38.940658569335938,false
heldout,A4c,1,id_reference,A4c_train_seed_1,40073,-109.52405388480044,250,false,0.12761501622781479,11.092742399005209,40,false
heldout,A4c,1,id_reference,A4c_train_seed_1,40074,-73.588893456812855,250,false,0.10864175811341695,7.9942237148941908,40,false
heldout,A4c,1,id_reference,A4c_train_seed_1,40075,-145.01284897575437,250,false,0.25067670006807818,9.6576298600232917,40,false
heldout,A4c,1,id_reference,A4c_train_seed_1,40076,-29.232175282330434,60,true,0.048846335723550828,9.5340470687778573,40,false
heldout,A4c,1,id_reference,A4c_train_seed_1,40077,-102.93973436816077,250,false,0.21042829545045907,6.12497985568882,39.681964874267578,false
heldout,A4c,1,id_reference,A4c_train_seed_1,40078,-87.857603485948204,61,true,0.018357805082625803,13.340205082126957,40,false
heldout,A4c,1,id_reference,A4c_train_seed_1,40079,-93.129870806766775,250,false,0.15919541982006383,8.2704382300565591,40,false
heldout,A4c,1,id_reference,A4c_train_seed_1,40080,-35.994999421213102,50,true,0.020470965717374386,16.113957896820381,40,false
heldout,A4c,1,id_reference,A4c_train_seed_1,40081,-93.005625036756172,71,true,0.049541993157306986,10.176738056100957,40,false
heldout,A4c,1,id_reference,A4c_train_seed_1,40082,-129.69030962490208,250,false,0.077410670615768701,13.652693335466935,40,false
heldout,A4c,1,id_reference,A4c_train_seed_1,40083,-176.93523092874827,250,false,0.28056395733286832,10.960908907536162,40,false
heldout,A4c,1,id_reference,A4c_train_seed_1,40084,-149.5212395473194,250,false,0.27298132152085752,11.420793690034934,40,false
heldout,A4c,1,id_reference,A4c_train_seed_1,40085,-129.63965493793711,250,false,0.20699525486361139,7.8630737554963019,40,false
heldout,A4c,1,id_reference,A4c_train_seed_1,40086,-60.593552912075971,250,false,0.070358697680652199,3.5072576577506727,36.247097015380859,false
heldout,A4c,1,id_reference,A4c_train_seed_1,40087,-154.96107833609463,250,false,0.23296648794270527,10.694248982740119,40,false
heldout,A4c,1,id_reference,A4c_train_seed_1,40088,-21.270981837082278,40,true,0.034810750694265126,5.8311267636505892,37.880046844482422,false
heldout,A4c,1,id_reference,A4c_train_seed_1,40089,-89.083983936683666,250,false,0.11894075980768555,8.4262956159194538,40,false
heldout,A4c,1,id_reference,A4c_train_seed_1,40090,-69.25910499948192,59,true,0.0487362059555825,19.071436868414548,40,false
heldout,A4c,1,id_reference,A4c_train_seed_1,40091,-74.245756850255873,59,true,0.049074955992455468,15.284441414657755,40,false
heldout,A4c,1,id_reference,A4c_train_seed_1,40092,-72.430600650984402,250,false,0.19978041894890169,5.167016206067502,30.658332824707031,false
heldout,A4c,1,id_reference,A4c_train_seed_1,40093,-100.80830287744092,250,false,0.11475884236614672,7.4464892024944982,40,false
heldout,A4c,1,id_reference,A4c_train_seed_1,40094,-78.778795883114313,250,false,0.083404165647381956,5.1794131801957626,40,false
heldout,A4c,1,id_reference,A4c_train_seed_1,40095,-56.588299983887019,70,true,0.0063235419549935046,8.0201830650369761,40,false
heldout,A4c,1,id_reference,A4c_train_seed_1,40096,-154.26881422265276,250,false,0.37018454874817019,6.025625805051952,40,false
heldout,A4c,1,id_reference,A4c_train_seed_1,40097,-111.27641424286664,250,false,0.159270962200422,17.946164127259625,40,false
heldout,A4c,1,id_reference,A4c_train_seed_1,40098,-77.559775841041713,50,true,0.025559813994413389,11.557499049031168,40,false
heldout,A4c,1,id_reference,A4c_train_seed_1,40099,-101.02598545611666,76,true,0.03270260286411486,9.6359235965416659,40,false
heldout,A6c,1,id_reference,A6c_train_seed_1,40000,-68.565122085204152,78,true,0.012215325234304587,4.6468157980916081,40,false
heldout,A6c,1,id_reference,A6c_train_seed_1,40001,-167.28985316145125,250,false,0.24171682880263495,6.168568980558037,40,false
heldout,A6c,1,id_reference,A6c_train_seed_1,40002,-187.84630390823133,250,false,0.30345403346898825,5.0380762621357986,40,false
heldout,A6c,1,id_reference,A6c_train_seed_1,40003,-95.105628882399785,87,true,0.04960941073870314,5.99314868131012,40,false
heldout,A6c,1,id_reference,A6c_train_seed_1,40004,-93.060266020700254,75,true,0.048624550324239672,5.0818714593339385,40,false
heldout,A6c,1,id_reference,A6c_train_seed_1,40005,-143.99828044056022,250,false,0.11534117409537741,3.2303247731570663,40,false
heldout,A6c,1,id_reference,A6c_train_seed_1,40006,-142.9702894669926,250,false,0.068005823374800489,3.7788533604980854,40,false
heldout,A6c,1,id_reference,A6c_train_seed_1,40007,-109.02623573757633,250,false,0.08347458628777793,2.8086619956149699,40,false
heldout,A6c,1,id_reference,A6c_train_seed_1,40008,-42.970852940312241,50,true,0.041767713097499048,3.9911853564863455,39.702507019042969,false
heldout,A6c,1,id_reference,A6c_train_seed_1,40009,-64.396067565587899,250,false,0.051103439704581609,4.2275356816207896,40,false
heldout,A6c,1,id_reference,A6c_train_seed_1,40010,-181.50385821323221,250,false,0.44517056802956423,6.2242755340777061,40,false
heldout,A6c,1,id_reference,A6c_train_seed_1,40011,-35.552258191783139,39,true,0.023128102273501878,5.1809881842662904,40,false
heldout,A6c,1,id_reference,A6c_train_seed_1,40012,-150.07608083545199,250,false,0.17497162291474677,3.4736577878131683,40,false
heldout,A6c,1,id_reference,A6c_train_seed_1,40013,-108.20236148082685,90,true,0.049734591681983839,4.702080505388329,40,false
heldout,A6c,1,id_reference,A6c_train_seed_1,40014,-74.165744714036947,97,true,0.04995638555107431,3.1011509538953357,39.780418395996094,false
heldout,A6c,1,id_reference,A6c_train_seed_1,40015,-282.52226923521727,250,false,0.69806309577644754,3.8961757503377181,40,false
heldout,A6c,1,id_reference,A6c_train_seed_1,40016,-90.660262880245298,92,true,0.042657415570896341,2.0648796526185107,27.902042388916016,false
heldout,A6c,1,id_reference,A6c_train_seed_1,40017,-40.045858385123125,52,true,0.04454883474863356,7.1752625088928674,40,false
heldout,A6c,1,id_reference,A6c_train_seed_1,40018,-125.09518730487733,250,false,0.13850215723771167,3.152708272436751,40,false
heldout,A6c,1,id_reference,A6c_train_seed_1,40019,-23.538602595175313,35,true,0.039521272552744978,5.6637745853727086,40,false
heldout,A6c,1,id_reference,A6c_train_seed_1,40020,-56.840866735019077,74,true,0.046969091918033334,4.7783492234291822,40,false
heldout,A6c,1,id_reference,A6c_train_seed_1,40021,-149.08806507891663,250,false,0.41501021369950181,4.5378727980544067,40,false
heldout,A6c,1,id_reference,A6c_train_seed_1,40022,-332.19556331064865,250,false,0.61189389261751259,4.165340524048549,40,false
heldout,A6c,1,id_reference,A6c_train_seed_1,40023,-183.43453663941997,250,false,0.075284921326398413,3.2089924063812929,40,false
heldout,A6c,1,id_reference,A6c_train_seed_1,40024,-69.132165015418266,250,false,0.11689749223827023,4.3914433563124211,36.127799987792969,false
heldout,A6c,1,id_reference,A6c_train_seed_1,40025,-107.61919733747045,91,true,0.035980294497514886,5.4741748832265493,40,false
heldout,A6c,1,id_reference,A6c_train_seed_1,40026,-92.083244370828297,250,false,0.11195577594739549,3.6635997166803271,40,false
heldout,A6c,1,id_reference,A6c_train_seed_1,40027,-156.20912257900744,250,false,0.10211415152377799,4.2564805264335828,40,false
heldout,A6c,1,id_reference,A6c_train_seed_1,40028,-32.537939069462979,55,true,0.0096424215131560281,5.8742443657013172,40,false
heldout,A6c,1,id_reference,A6c_train_seed_1,40029,-166.51247620392164,53,false,1.0631438954582928,5.615867311696042,40,false
heldout,A6c,1,id_reference,A6c_train_seed_1,40030,-87.683859402134203,73,true,0.034311486693319626,7.0588016123381454,40,false
heldout,A6c,1,id_reference,A6c_train_seed_1,40031,-107.08462469291719,250,false,0.085591115018273017,6.3131278026724624,40,false
heldout,A6c,1,id_reference,A6c_train_seed_1,40032,-104.97050072501607,250,false,0.26848175044021499,4.8456092775392978,37.642242431640625,false
heldout,A6c,1,id_reference,A6c_train_seed_1,40033,-52.061172278997816,73,true,0.047946971142396246,3.0322851735708278,40,false
heldout,A6c,1,id_reference,A6c_train_seed_1,40034,-50.199274948404586,66,true,0.045845990131701729,3.8288707330520673,40,false
heldout,A6c,1,id_reference,A6c_train_seed_1,40035,-96.241168466677465,250,false,0.20270087100766876,4.5547942076657675,40,false
heldout,A6c,1,id_reference,A6c_train_seed_1,40036,-299.59341020064261,250,false,0.56141899603124512,2.4404140992332328,40,false
heldout,A6c,1,id_reference,A6c_train_seed_1,40037,-146.55557477454735,250,false,0.18541855749692021,6.9893728798664512,40,false
heldout,A6c,1,id_reference,A6c_train_seed_1,40038,-109.91782633912692,250,false,0.25336926788078351,3.9388277546779507,40,false
heldout,A6c,1,id_reference,A6c_train_seed_1,40039,-127.58381653628346,250,false,0.31360338073212435,5.1503205433319588,40,false
heldout,A6c,1,id_reference,A6c_train_seed_1,40040,-16.827844583996526,35,true,0.025839790491039568,3.6653598186269294,40,false
heldout,A6c,1,id_reference,A6c_train_seed_1,40041,-988.30102260351384,250,false,3.495798691680414,1.0554032527149411,40,false
heldout,A6c,1,id_reference,A6c_train_seed_1,40042,-134.86049736688656,250,false,0.21832021012878658,2.8868252170178503,40,false
heldout,A6c,1,id_reference,A6c_train_seed_1,40043,-70.714387588237742,76,true,0.037996252108862399,4.05259137266414,40,false
heldout,A6c,1,id_reference,A6c_train_seed_1,40044,-90.210420230583765,250,false,0.062169686391046579,5.0250177220832981,40,false
heldout,A6c,1,id_reference,A6c_train_seed_1,40045,-74.663241814689385,72,true,0.0086266558902974039,5.3928324999020187,40,false
heldout,A6c,1,id_reference,A6c_train_seed_1,40046,-381.55042573930018,250,false,1.1537894806901303,5.5871711990788526,40,false
heldout,A6c,1,id_reference,A6c_train_seed_1,40047,-105.5152542666854,85,true,0.048151204651168455,6.8680371587651949,40,false
heldout,A6c,1,id_reference,A6c_train_seed_1,40048,-25.268027014295324,39,true,0.024996116249361253,5.2159018740606182,40,false
heldout,A6c,1,id_reference,A6c_train_seed_1,40049,-216.89013488595256,250,false,0.43005879539557912,3.7491220901173832,40,false
heldout,A6c,1,id_reference,A6c_train_seed_1,40050,-77.319242700153424,107,true,0.047484686786211573,4.5951501056493047,33.470600128173828,false
heldout,A6c,1,id_reference,A6c_train_seed_1,40051,-138.41217930413359,250,false,0.19987887310049965,7.3866058627599562,40,false
heldout,A6c,1,id_reference,A6c_train_seed_1,40052,-120.17694806843686,250,false,0.11696529477647644,3.0526154732013628,40,false
heldout,A6c,1,id_reference,A6c_train_seed_1,40053,-45.733658058337241,56,true,0.026120182822992187,3.2312980516463226,40,false
heldout,A6c,1,id_reference,A6c_train_seed_1,40054,-195.68584042216662,250,false,0.35422102914889764,4.6700574214163524,40,false
heldout,A6c,1,id_reference,A6c_train_seed_1,40055,-53.093253500421461,57,true,0.012407256170370638,4.3849850092850575,40,false
heldout,A6c,1,id_reference,A6c_train_seed_1,40056,-6.0224528977391412,41,true,0.048985935936665573,2.304446448511944,34.725795745849609,false
heldout,A6c,1,id_reference,A6c_train_seed_1,40057,-204.11145774284168,77,false,1.6390404898130135,4.8814095247966343,40,false
heldout,A6c,1,id_reference,A6c_train_seed_1,40058,-340.0744514672466,250,false,1.2111365969494512,6.1867311153734157,40,false
heldout,A6c,1,id_reference,A6c_train_seed_1,40059,-88.96532140912646,250,false,0.13160714068415338,2.5493525791433669,37.51434326171875,false
heldout,A6c,1,id_reference,A6c_train_seed_1,40060,-11.124551581465802,54,true,0.049994638432562716,4.3847293637153344,30.687984466552734,false
heldout,A6c,1,id_reference,A6c_train_seed_1,40061,-53.972667770054557,51,true,0.035328177027164766,5.3833785109683445,40,false
heldout,A6c,1,id_reference,A6c_train_seed_1,40062,-75.292716355593072,67,true,0.048667816127560798,4.4173039658572337,40,false
heldout,A6c,1,id_reference,A6c_train_seed_1,40063,-116.52327737613537,250,false,0.22886578938268393,3.7974611277821158,34.00592041015625,false
heldout,A6c,1,id_reference,A6c_train_seed_1,40064,-15.576530831464151,37,true,0.047040827966022131,5.1370729711955168,40,false
heldout,A6c,1,id_reference,A6c_train_seed_1,40065,-370.62838698312606,250,false,0.57538608139135383,5.3778290731106804,40,false
heldout,A6c,1,id_reference,A6c_train_seed_1,40066,-79.572278477512242,83,true,0.049104509496250788,4.5517123407178435,40,false
heldout,A6c,1,id_reference,A6c_train_seed_1,40067,-67.745423497937878,250,false,0.064830750293280337,3.579809865277694,40,false
heldout,A6c,1,id_reference,A6c_train_seed_1,40068,-117.88415104301687,250,false,0.27419185381667621,5.245994334976567,40,false
heldout,A6c,1,id_reference,A6c_train_seed_1,40069,-128.79808608665059,100,true,0.045956393457747199,5.9633363105809929,40,false
heldout,A6c,1,id_reference,A6c_train_seed_1,40070,-73.528209104272733,250,false,0.11521875029441449,3.7774207791750465,39.719814300537109,false
heldout,A6c,1,id_reference,A6c_train_seed_1,40071,-102.6392125460896,250,false,0.19510466695898251,3.3670942821205814,40,false
heldout,A6c,1,id_reference,A6c_train_seed_1,40072,-72.359972004029771,250,false,0.10510338177962106,4.7022750657476209,40,false
heldout,A6c,1,id_reference,A6c_train_seed_1,40073,-142.35536466328227,250,false,0.11867488762282435,3.5926060062625145,40,false
heldout,A6c,1,id_reference,A6c_train_seed_1,40074,-87.830384532896602,250,false,0.064277019973389901,4.0517668215627181,40,false
heldout,A6c,1,id_reference,A6c_train_seed_1,40075,-223.82914154355348,250,false,0.10780073719002599,2.1308778829107449,40,false
heldout,A6c,1,id_reference,A6c_train_seed_1,40076,-39.175347866140953,65,true,0.049428016975658788,4.3500464207875691,40,false
heldout,A6c,1,id_reference,A6c_train_seed_1,40077,-125.39808661633035,250,false,0.22142754603827597,5.1404960154327251,40,false
heldout,A6c,1,id_reference,A6c_train_seed_1,40078,-73.985690164139555,69,true,0.019378445844421808,6.9965056812400057,40,false
heldout,A6c,1,id_reference,A6c_train_seed_1,40079,-143.47696024699312,250,false,0.22241568117808097,2.9836098607501413,40,false
heldout,A6c,1,id_reference,A6c_train_seed_1,40080,-42.024927256344441,48,true,0.0067619897507326908,4.792572049395079,40,false
heldout,A6c,1,id_reference,A6c_train_seed_1,40081,-227.3656311840561,250,false,0.15824612393089299,6.2228567920854196,40,false
heldout,A6c,1,id_reference,A6c_train_seed_1,40082,-209.77539899072985,78,false,0.50740506357002646,5.8952660232018657,40,false
heldout,A6c,1,id_reference,A6c_train_seed_1,40083,-174.90703818989317,250,false,0.28772928703018524,3.8353318862954966,40,false
heldout,A6c,1,id_reference,A6c_train_seed_1,40084,-226.05156906001289,250,false,0.23923008532496887,5.2873897875318034,40,false
heldout,A6c,1,id_reference,A6c_train_seed_1,40085,-168.73974544030267,250,false,0.28663322657447921,5.0413162973299759,40,false
heldout,A6c,1,id_reference,A6c_train_seed_1,40086,-31.81282853716538,56,true,0.048600437519620621,2.7021708067679024,34.613258361816406,false
heldout,A6c,1,id_reference,A6c_train_seed_1,40087,-171.41560056225219,250,false,0.22616406306874279,3.5512786033167538,40,false
heldout,A6c,1,id_reference,A6c_train_seed_1,40088,-24.938896503993739,40,true,0.040309415159652182,4.0606896557492078,36.865165710449219,false
heldout,A6c,1,id_reference,A6c_train_seed_1,40089,-100.8335348744757,250,false,0.10734409725260247,3.0724844602202026,40,false
heldout,A6c,1,id_reference,A6c_train_seed_1,40090,-75.480978509431964,58,true,0.033453476254169688,6.9440565503219362,40,false
heldout,A6c,1,id_reference,A6c_train_seed_1,40091,-68.582017817519258,67,true,0.042646282901058472,6.8669557840019566,40,false
heldout,A6c,1,id_reference,A6c_train_seed_1,40092,-0.58383565602124143,27,true,0.0090685187249655297,3.8675298047218707,30.105884552001953,false
heldout,A6c,1,id_reference,A6c_train_seed_1,40093,-74.170645791948303,80,true,0.018146845951816645,5.1999430125369184,40,false
heldout,A6c,1,id_reference,A6c_train_seed_1,40094,-128.25289733050823,138,true,0.048744947318027879,2.2485814474183714,40,false
heldout,A6c,1,id_reference,A6c_train_seed_1,40095,-53.891122196378952,72,true,0.044188762650109209,4.8047429558110766,40,false
heldout,A6c,1,id_reference,A6c_train_seed_1,40096,-168.9962562697053,250,false,0.39469546236156505,5.5327336474159372,40,false
heldout,A6c,1,id_reference,A6c_train_seed_1,40097,-130.63606474273615,250,false,0.23031965247283592,5.8839055305051096,40,false
heldout,A6c,1,id_reference,A6c_train_seed_1,40098,-116.62737744160722,250,false,0.064249844023670052,5.2485281897233866,40,false
heldout,A6c,1,id_reference,A6c_train_seed_1,40099,-178.13801441018398,250,false,0.19255107737660399,4.2999409303562137,40,false
safety,A4c,1,id_reference,A4c_train_seed_1,50000,-126.20893972073316,250,false,0.3205209491238612,5.3358929923572482,34.579925537109375,false
safety,A4c,1,id_reference,A4c_train_seed_1,50001,-132.30319029470655,250,false,0.11908322065364639,10.618338546455259,40,false
safety,A4c,1,id_reference,A4c_train_seed_1,50002,-33.873395066894375,45,true,0.024625547062321521,7.7275167659802158,40,false
safety,A4c,1,id_reference,A4c_train_seed_1,50003,-200.93638181982115,250,false,0.2763525569662188,12.519412075621217,40,false
safety,A4c,1,id_reference,A4c_train_seed_1,50004,-72.121537122195974,250,false,0.071433798757265396,8.5870508067635498,40,false
safety,A4c,1,id_reference,A4c_train_seed_1,50005,-80.930490073541463,71,true,0.047310932517153237,14.837095292343914,40,false
safety,A4c,1,id_reference,A4c_train_seed_1,50006,-82.509495783233163,250,false,0.11580352209781204,6.3396628924350171,40,false
safety,A4c,1,id_reference,A4c_train_seed_1,50007,-205.28487643219867,250,false,0.32794104237563076,10.827618682355109,40,false
safety,A4c,1,id_reference,A4c_train_seed_1,50008,-118.31202853260714,250,false,0.13963418573857295,8.1353650907905148,40,false
safety,A4c,1,id_reference,A4c_train_seed_1,50009,-104.1834550325234,250,false,0.16792540601364295,10.318646216425929,40,false
safety,A4c,1,id_reference,A4c_train_seed_1,50010,-53.110255043584836,54,true,0.036023054028119866,13.30441595942435,39.837444305419922,false
safety,A4c,1,id_reference,A4c_train_seed_1,50011,-84.953902326065446,250,false,0.15636166154729392,4.360159940031556,37.043926239013672,false
safety,A4c,1,id_reference,A4c_train_seed_1,50012,-67.874437708115124,250,false,0.073877696755192193,11.098059705811004,40,false
safety,A4c,1,id_reference,A4c_train_seed_1,50013,-156.64321869137439,250,false,0.26658456944559594,10.724023752186124,40,false
safety,A4c,1,id_reference,A4c_train_seed_1,50014,-224.88978365027094,250,false,0.33755230216538379,17.538762213475877,40,false
safety,A4c,1,id_reference,A4c_train_seed_1,50015,-162.47244737762296,250,false,0.17344829346543225,10.948046854376042,40,false
safety,A4c,1,id_reference,A4c_train_seed_1,50016,-145.25697885572163,250,false,0.32288590322783539,10.238473545398113,40,false
safety,A4c,1,id_reference,A4c_train_seed_1,50017,-95.059122465579463,250,false,0.074087712929134839,10.354486559111615,40,false
safety,A4c,1,id_reference,A4c_train_seed_1,50018,-119.43291512873006,250,false,0.07671337310562755,11.900785830986056,40,false
safety,A4c,1,id_reference,A4c_train_seed_1,50019,-171.4208732970759,250,false,0.28925889673723698,12.1219279438874,40,false
safety,A4c,1,id_reference,A4c_train_seed_1,50020,-31.410202166357742,58,true,0.049849804515181645,4.0420698727495239,40,false
safety,A4c,1,id_reference,A4c_train_seed_1,50021,-17.279060617615826,50,true,0.049887622465752825,4.0474406936695724,27.494041442871094,false
safety,A4c,1,id_reference,A4c_train_seed_1,50022,-93.63479617397175,71,true,0.04049414234672221,11.562144732925839,40,false
safety,A4c,1,id_reference,A4c_train_seed_1,50023,-79.202754913570942,69,true,0.049375265454294555,9.9189142668328394,40,false
safety,A4c,1,id_reference,A4c_train_seed_1,50024,-49.271581708731219,250,false,0.11063790161607223,4.1131632291879381,28.405387878417969,false
safety,A4c,1,id_reference,A4c_train_seed_1,50025,-123.83687076489998,99,true,0.049944283525794754,15.306751710059483,40,false
safety,A4c,1,id_reference,A4c_train_seed_1,50026,-192.0433598221143,250,false,0.52063298700773053,5.9838366434576766,40,false
safety,A4c,1,id_reference,A4c_train_seed_1,50027,-66.972339563514069,250,false,0.077051165813190728,8.1507455460217599,40,false
safety,A4c,1,id_reference,A4c_train_seed_1,50028,-110.34748751461234,100,true,0.049927578901440825,16.035372511188221,40,false
safety,A4c,1,id_reference,A4c_train_seed_1,50029,-105.17610022007787,69,true,0.033888622805679121,13.703835569673592,40,false
safety,A4c,1,id_reference,A4c_train_seed_1,50030,-74.66048808836797,74,true,0.049866183488444231,9.7564760732979252,40,false
safety,A4c,1,id_reference,A4c_train_seed_1,50031,-76.621850362037264,48,true,0.033932662387862821,13.91731497585214,40,false
safety,A4c,1,id_reference,A4c_train_seed_1,50032,-75.690092802909916,64,true,0.036650085612591615,12.050963098094691,40,false
safety,A4c,1,id_reference,A4c_train_seed_1,50033,-3.216535564499031,26,true,0.048331995762842375,4.6134568169853871,25.363433837890625,false
safety,A4c,1,id_reference,A4c_train_seed_1,50034,-29.465936302364348,43,true,0.036491147725181292,6.9429444158122964,40,false
safety,A4c,1,id_reference,A4c_train_seed_1,50035,-130.59593571803515,250,false,0.31008436780850701,5.7418458162620123,40,false
safety,A4c,1,id_reference,A4c_train_seed_1,50036,-77.305994588279702,250,false,0.08513536593551857,4.337689024232354,40,false
safety,A4c,1,id_reference,A4c_train_seed_1,50037,-71.43516886865801,250,false,0.068546545619179874,10.742534728032172,40,false
safety,A4c,1,id_reference,A4c_train_seed_1,50038,-195.56893730905347,250,false,0.17185676353565457,16.613267743505943,40,false
safety,A4c,1,id_reference,A4c_train_seed_1,50039,-70.108154918012531,250,false,0.062643770827807685,2.7561877918754014,37.293235778808594,false
safety,A4c,1,id_reference,A4c_train_seed_1,50040,-88.256161367595581,250,false,0.15439237579490428,10.776599611385985,40,false
safety,A4c,1,id_reference,A4c_train_seed_1,50041,-43.873626474882833,55,true,0.048308758322312011,13.051327806142655,40,false
safety,A4c,1,id_reference,A4c_train_seed_1,50042,-69.261610366640653,250,false,0.088170120121998083,6.8909760483758831,40,false
safety,A4c,1,id_reference,A4c_train_seed_1,50043,-14.1308410801078,40,true,0.048411117303151924,2.7827057632243624,40,false
safety,A4c,1,id_reference,A4c_train_seed_1,50044,-58.668802665678072,82,true,0.049696081769141379,11.471940688439826,40,false
safety,A4c,1,id_reference,A4c_train_seed_1,50045,-145.39076772009099,250,false,0.18105277944208831,11.36032626621915,40,false
safety,A4c,1,id_reference,A4c_train_seed_1,50046,-89.056942323774152,250,false,0.12122716190863894,15.081993086862832,40,false
safety,A4c,1,id_reference,A4c_train_seed_1,50047,-109.01718182566142,250,false,0.23068761972951837,4.3405544677773324,40,false
safety,A4c,1,id_reference,A4c_train_seed_1,50048,-78.26863121515953,250,false,0.092055471952277701,7.3849260427526007,40,false
safety,A4c,1,id_reference,A4c_train_seed_1,50049,-113.52464794571941,250,false,0.052087165778844216,14.358386344512624,40,false
safety,A4c,1,id_reference,A4c_train_seed_1,50050,-172.05648589446457,250,false,0.13622972183185403,12.471439001767957,40,false
safety,A4c,1,id_reference,A4c_train_seed_1,50051,-154.01314646359404,92,true,0.034075441777062628,16.985611831477399,40,false
safety,A4c,1,id_reference,A4c_train_seed_1,50052,-170.18483154817147,250,false,0.094285394073939724,14.817976135475488,40,false
safety,A4c,1,id_reference,A4c_train_seed_1,50053,-41.133310150307452,66,true,0.015354076520710327,8.65202644081951,40,false
safety,A4c,1,id_reference,A4c_train_seed_1,50054,-134.21949490158374,117,true,0.049276880603617096,18.13202855663782,40,false
safety,A4c,1,id_reference,A4c_train_seed_1,50055,-151.44436137756654,250,false,0.24666636521042384,9.9120258674585013,40,false
safety,A4c,1,id_reference,A4c_train_seed_1,50056,-3.401313709734195,33,true,0.041293763821811526,4.9300260137304717,21.748111724853516,false
safety,A4c,1,id_reference,A4c_train_seed_1,50057,-108.61768189446867,250,false,0.18713232500490312,8.2596289125858089,40,false
safety,A4c,1,id_reference,A4c_train_seed_1,50058,-109.63644440942095,70,true,0.048214461354991585,14.647816233700931,40,false
safety,A4c,1,id_reference,A4c_train_seed_1,50059,-46.906470264706137,67,true,0.049332792596298553,5.5189389608948298,40,false
safety,A4c,1,id_reference,A4c_train_seed_1,50060,-113.88041445556591,66,true,0.049381260986610921,15.552816896136099,40,false
safety,A4c,1,id_reference,A4c_train_seed_1,50061,-98.933351895580373,250,false,0.25077904881293128,4.0297572882753343,35.440830230712891,false
safety,A4c,1,id_reference,A4c_train_seed_1,50062,-120.89003440123136,250,false,0.081702031182920604,14.927433861846936,40,false
safety,A4c,1,id_reference,A4c_train_seed_1,50063,-86.07902182082583,250,false,0.1642914034409699,2.8799361476221752,31.998054504394531,false
safety,A4c,1,id_reference,A4c_train_seed_1,50064,-22.958765411030107,47,true,0.046433386231020203,6.9038315110827009,40,false
safety,A4c,1,id_reference,A4c_train_seed_1,50065,-20.829586570587807,44,true,0.043276207197594438,6.085139609183253,40,false
safety,A4c,1,id_reference,A4c_train_seed_1,50066,-121.20920537757164,250,false,0.16055933198067196,10.36999030780029,40,false
safety,A4c,1,id_reference,A4c_train_seed_1,50067,-30.473724385665548,62,true,0.049958079941297015,5.5762806420201292,34.990856170654297,false
safety,A4c,1,id_reference,A4c_train_seed_1,50068,-15.693117669650405,35,true,0.033755283004785488,6.7074160427533922,21.105070114135742,false
safety,A4c,1,id_reference,A4c_train_seed_1,50069,-67.534690811013661,64,true,0.048965454951735876,15.939219392681977,40,false
safety,A4c,1,id_reference,A4c_train_seed_1,50070,-96.536074049024393,250,false,0.24481195483423601,4.876074546574424,29.718902587890625,false
safety,A4c,1,id_reference,A4c_train_seed_1,50071,-18.383578890065223,50,true,0.025676800813891367,6.7702518616810163,39.484020233154297,false
safety,A4c,1,id_reference,A4c_train_seed_1,50072,-138.64404671308657,250,false,0.12039203667324411,11.352829291817715,40,false
safety,A4c,1,id_reference,A4c_train_seed_1,50073,-190.91627701214816,250,false,0.15704005907865107,15.905763051716232,40,false
safety,A4c,1,id_reference,A4c_train_seed_1,50074,-24.839052713663108,52,true,0.049383291349707481,5.7310201513463639,29.736135482788086,false
safety,A4c,1,id_reference,A4c_train_seed_1,50075,-179.23392504356582,250,false,0.48701168224343083,5.7816300031147945,40,false
safety,A4c,1,id_reference,A4c_train_seed_1,50076,-176.12905995703062,250,false,0.17819108271321388,11.24668226623969,40,false
safety,A4c,1,id_reference,A4c_train_seed_1,50077,-61.295813734089265,250,false,0.069891435122971496,11.373481658961506,40,false
safety,A4c,1,id_reference,A4c_train_seed_1,50078,-79.15082847327281,250,false,0.12132914220614797,3.8285225305738972,39.11639404296875,false
safety,A4c,1,id_reference,A4c_train_seed_1,50079,-145.21141477333231,250,false,0.11036390002724415,12.930792272885306,40,false
safety,A4c,1,id_reference,A4c_train_seed_1,50080,-180.89553501442134,250,false,0.10459999236422643,15.093358439083332,40,false
safety,A4c,1,id_reference,A4c_train_seed_1,50081,-84.13865108314009,250,false,0.13930321832140696,10.781756705272855,39.459041595458984,false
safety,A4c,1,id_reference,A4c_train_seed_1,50082,-28.322560416144984,44,true,0.043349481001602651,10.680337206049883,40,false
safety,A4c,1,id_reference,A4c_train_seed_1,50083,-78.355067148059945,64,true,0.04887374603272291,11.693327919299785,40,false
safety,A4c,1,id_reference,A4c_train_seed_1,50084,-21.147472348695871,51,true,0.02353056628309021,6.763065913934839,40,false
safety,A4c,1,id_reference,A4c_train_seed_1,50085,-135.83371419345343,250,false,0.12120393293613442,13.868547380285401,40,false
safety,A4c,1,id_reference,A4c_train_seed_1,50086,-90.630107264737262,250,false,0.060101556275731383,17.708764019103462,40,false
safety,A4c,1,id_reference,A4c_train_seed_1,50087,-25.986790524170921,41,true,0.015795418389371194,4.4529790690408282,40,false
safety,A4c,1,id_reference,A4c_train_seed_1,50088,-75.330722891435897,55,true,0.047962843191802204,16.734798982824465,40,false
safety,A4c,1,id_reference,A4c_train_seed_1,50089,-55.633731052061194,63,true,0.044339964963797267,6.6622085802704811,40,false
safety,A4c,1,id_reference,A4c_train_seed_1,50090,-164.56632132094191,250,false,0.26166005577535656,10.827593386881313,40,false
safety,A4c,1,id_reference,A4c_train_seed_1,50091,-179.81205713102401,250,false,0.10527353689166628,10.24168583989454,40,false
safety,A4c,1,id_reference,A4c_train_seed_1,50092,-154.12114721190309,250,false,0.34736288184651792,4.9934672099044626,40,false
safety,A4c,1,id_reference,A4c_train_seed_1,50093,-167.24527100013529,250,false,0.18892316616132637,11.068042954778992,40,false
safety,A4c,1,id_reference,A4c_train_seed_1,50094,-18.131008463795787,43,true,0.048027223675923957,3.5389152800167283,40,false
safety,A4c,1,id_reference,A4c_train_seed_1,50095,-62.473734446550104,250,false,0.061149817616455167,4.9084301882538766,37.288600921630859,false
safety,A4c,1,id_reference,A4c_train_seed_1,50096,-127.04921305923101,250,false,0.1567148580643091,11.65249035654678,40,false
safety,A4c,1,id_reference,A4c_train_seed_1,50097,-198.88841211501764,250,false,0.48169710328659837,5.6701658131634893,40,false
safety,A4c,1,id_reference,A4c_train_seed_1,50098,-72.723569339553421,73,true,0.045705613647589877,13.823587721939976,40,false
safety,A4c,1,id_reference,A4c_train_seed_1,50099,-187.95035389973901,250,false,0.42193003709729276,10.840211270382042,40,false
safety,A3,1,id_reference,A3_train_seed_1,50000,-16.868964582853408,47,true,0.039561580034711129,5.0860406945637955,40,false
safety,A3,1,id_reference,A3_train_seed_1,50001,-87.568011577441752,78,true,0.042981193200712857,11.053679254208374,40,false
safety,A3,1,id_reference,A3_train_seed_1,50002,-29.179447847578096,39,true,0.047180758451105899,9.6568730553158293,40,false
safety,A3,1,id_reference,A3_train_seed_1,50003,-184.6977538599553,250,false,0.16279485718827452,11.229546863006204,40,false
safety,A3,1,id_reference,A3_train_seed_1,50004,-32.944791527779124,55,true,0.026125342757177927,9.5708445682564474,40,false
safety,A3,1,id_reference,A3_train_seed_1,50005,-65.635675599856569,68,true,0.022810369579768855,14.129438215669149,40,false
safety,A3,1,id_reference,A3_train_seed_1,50006,-30.316586300527945,59,true,0.029899721337558718,6.546711570332719,40,false
safety,A3,1,id_reference,A3_train_seed_1,50007,-145.01009777418594,250,false,0.074800755891511667,10.633215404266059,40,false
safety,A3,1,id_reference,A3_train_seed_1,50008,-91.961747467313103,250,false,0.0584109894557596,8.3539744519151515,40,false
safety,A3,1,id_reference,A3_train_seed_1,50009,-48.567484495528014,65,true,0.027763593547060275,9.3341664368427875,40,false
safety,A3,1,id_reference,A3_train_seed_1,50010,-54.201471263737574,53,true,0.040299364363669016,11.815622145500175,40,false
safety,A3,1,id_reference,A3_train_seed_1,50011,-16.016373110201201,38,true,0.041622200642399181,5.3881173069385166,40,false
safety,A3,1,id_reference,A3_train_seed_1,50012,-62.35172689307457,250,false,0.063690355127388826,12.816985595857972,40,false
safety,A3,1,id_reference,A3_train_seed_1,50013,-142.81397041189905,250,false,0.18168238456296601,9.5027005965459104,40,false
safety,A3,1,id_reference,A3_train_seed_1,50014,-178.7209554518484,250,false,0.16803713176931315,15.212056245389851,40,false
safety,A3,1,id_reference,A3_train_seed_1,50015,-86.465587200922386,118,true,0.036300149334742328,10.996416042028411,40,false
safety,A3,1,id_reference,A3_train_seed_1,50016,-62.104471225752413,86,true,0.048000815327437704,9.0095991986120989,40,false
safety,A3,1,id_reference,A3_train_seed_1,50017,-59.434456151641321,67,true,0.049180043571260296,10.888969940373121,40,false
safety,A3,1,id_reference,A3_train_seed_1,50018,-83.350689313185853,67,true,0.04964585707211773,12.061228267071739,40,false
safety,A3,1,id_reference,A3_train_seed_1,50019,-81.381194376937515,69,true,0.044968199851834693,10.79411269483094,40,false
safety,A3,1,id_reference,A3_train_seed_1,50020,-24.619197334946374,56,true,0.018487947475459197,5.973468657460864,40,false
safety,A3,1,id_reference,A3_train_seed_1,50021,-14.635070176077212,49,true,0.046669128081335304,4.5045799194252352,29.570888519287109,false
safety,A3,1,id_reference,A3_train_seed_1,50022,-72.768609862279646,59,true,0.045392903619505993,11.338941969662194,40,false
safety,A3,1,id_reference,A3_train_seed_1,50023,-79.740942966138505,68,true,0.013432472215135955,10.203536944912241,40,false
safety,A3,1,id_reference,A3_train_seed_1,50024,-47.742236390406035,250,false,0.081840096537151893,5.6502079175682063,30.685880661010742,false
safety,A3,1,id_reference,A3_train_seed_1,50025,-108.9245978449752,87,true,0.047392641363402141,13.372003908673459,40,false
safety,A3,1,id_reference,A3_train_seed_1,50026,-110.53553040841695,250,false,0.19841127786222848,7.5528828665097967,40,false
safety,A3,1,id_reference,A3_train_seed_1,50027,-73.398086261892004,250,false,0.093211394947528003,9.3404434757564729,40,false
safety,A3,1,id_reference,A3_train_seed_1,50028,-80.024373707462317,82,true,0.048499388038815996,14.300747342588595,40,false
safety,A3,1,id_reference,A3_train_seed_1,50029,-108.13390871521854,250,false,0.061608600378925044,12.107626176718778,40,false
safety,A3,1,id_reference,A3_train_seed_1,50030,-69.313278941360011,62,true,0.011483575808228397,10.391598352533473,40,false
safety,A3,1,id_reference,A3_train_seed_1,50031,-118.2434481235795,250,false,0.10710702728988018,12.615090581504433,40,false
safety,A3,1,id_reference,A3_train_seed_1,50032,-61.084090492503357,54,true,0.046402525463922061,12.094790328579442,40,false
safety,A3,1,id_reference,A3_train_seed_1,50033,-3.2265822887703184,27,true,0.036760164189298797,4.6968254629344059,24.453701019287109,false
safety,A3,1,id_reference,A3_train_seed_1,50034,-26.850956425383846,43,true,0.0058290515713607417,8.7177245738725659,40,false
safety,A3,1,id_reference,A3_train_seed_1,50035,-30.450170970882347,56,true,0.049924328659814457,6.6230605295248823,40,false
safety,A3,1,id_reference,A3_train_seed_1,50036,-33.697320426535001,64,true,0.048132192943495127,6.2093457683653206,38.276973724365234,false
safety,A3,1,id_reference,A3_train_seed_1,50037,-38.0463417239636,59,true,0.040723984956853719,10.416736067234838,40,false
safety,A3,1,id_reference,A3_train_seed_1,50038,-162.18207697919101,130,true,0.046858579759296498,20.047932325552672,40,false
safety,A3,1,id_reference,A3_train_seed_1,50039,-23.593916703262718,51,true,0.011440512545539551,5.4587609684943699,39.259727478027344,false
safety,A3,1,id_reference,A3_train_seed_1,50040,-75.318593212306126,250,false,0.069231903059249492,12.163677007783717,40,false
safety,A3,1,id_reference,A3_train_seed_1,50041,-42.781957637776074,54,true,0.049021721947549945,11.479095427555448,40,false
safety,A3,1,id_reference,A3_train_seed_1,50042,-65.804653039873727,250,false,0.095669868678974604,8.4091943383052516,40,false
safety,A3,1,id_reference,A3_train_seed_1,50043,-7.5110499192125779,26,true,0.029501563459628042,4.8777926630916282,40,false
safety,A3,1,id_reference,A3_train_seed_1,50044,-45.837859982491565,64,true,0.046097954873741111,9.5055127431095556,40,false
safety,A3,1,id_reference,A3_train_seed_1,50045,-104.31213695542282,250,false,0.067836422914556854,9.9912748072111839,40,false
safety,A3,1,id_reference,A3_train_seed_1,50046,-91.900398364357514,250,false,0.15454823346501578,13.945816861134887,40,false
safety,A3,1,id_reference,A3_train_seed_1,50047,-90.325878930988168,250,false,0.14925098726129593,4.5520346551485371,40,false
safety,A3,1,id_reference,A3_train_seed_1,50048,-49.233937769517105,73,true,0.033366033803631984,10.627884414968154,40,false
safety,A3,1,id_reference,A3_train_seed_1,50049,-77.183962020469323,60,true,0.0086115048402256675,13.181074995106789,40,false
safety,A3,1,id_reference,A3_train_seed_1,50050,-110.87495287988268,91,true,0.009769653366390782,12.291603216246591,40,false
safety,A3,1,id_reference,A3_train_seed_1,50051,-129.57424749594298,90,true,0.049853746423747805,14.410232924349414,40,false
safety,A3,1,id_reference,A3_train_seed_1,50052,-112.67402776050621,70,true,0.049598744331059201,13.585360005105242,40,false
safety,A3,1,id_reference,A3_train_seed_1,50053,-36.101445094020917,60,true,0.046247747066714542,9.3593944076717026,40,false
safety,A3,1,id_reference,A3_train_seed_1,50054,-119.88029046202804,81,true,0.010194279348609569,16.796648344428284,40,false
safety,A3,1,id_reference,A3_train_seed_1,50055,-64.178658766142746,71,true,0.036559350838548478,9.9951027530841809,40,false
safety,A3,1,id_reference,A3_train_seed_1,50056,-41.280919186793511,250,false,0.066646328786440667,4.0746990063880144,21.981359481811523,false
safety,A3,1,id_reference,A3_train_seed_1,50057,-38.94475833261464,63,true,0.030965047342600343,9.9250452640694178,40,false
safety,A3,1,id_reference,A3_train_seed_1,50058,-91.162722417853303,65,true,0.049905416490710702,13.19606479749058,40,false
safety,A3,1,id_reference,A3_train_seed_1,50059,-33.900053596008576,54,true,0.048881411644154917,6.7121588598975634,40,false
safety,A3,1,id_reference,A3_train_seed_1,50060,-121.80928402487531,81,true,0.047067729452869148,14.284821690468386,40,false
safety,A3,1,id_reference,A3_train_seed_1,50061,-94.408834825431327,250,false,0.23062599872455797,4.6762296236814862,37.292186737060547,false
safety,A3,1,id_reference,A3_train_seed_1,50062,-84.523703486334554,64,true,0.04834971448544137,15.046158986007214,40,false
safety,A3,1,id_reference,A3_train_seed_1,50063,-11.603018627871643,46,true,0.037271022061638091,3.3155555390894893,32.644176483154297,false
safety,A3,1,id_reference,A3_train_seed_1,50064,-20.762735692463547,38,true,0.049043848529789179,7.0933555119018168,40,false
safety,A3,1,id_reference,A3_train_seed_1,50065,-19.598878870274067,45,true,0.017906650757958022,9.1821566108958788,40,false
safety,A3,1,id_reference,A3_train_seed_1,50066,-64.084733424783522,69,true,0.026788159563874474,9.4507041016166227,40,false
safety,A3,1,id_reference,A3_train_seed_1,50067,-22.866119709178811,44,true,0.049295800206647644,6.3967195677377164,35.672046661376953,false
safety,A3,1,id_reference,A3_train_seed_1,50068,-15.149067305125236,34,true,0.049507024719159791,6.5772746707606116,21.169286727905273,false
safety,A3,1,id_reference,A3_train_seed_1,50069,-84.829364525253794,250,false,0.064290625774925725,13.970318498725131,40,false
safety,A3,1,id_reference,A3_train_seed_1,50070,-11.640879276003943,55,true,0.048407403846963903,5.4807991232699216,29.662754058837891,false
safety,A3,1,id_reference,A3_train_seed_1,50071,-18.528204895485949,54,true,0.049167794718968767,6.3810025725364667,40,false
safety,A3,1,id_reference,A3_train_seed_1,50072,-83.181614613589701,47,true,0.01428472030746188,9.8623166551387857,40,false
safety,A3,1,id_reference,A3_train_seed_1,50073,-123.62768913768143,88,true,0.046895337660353927,12.627660039521118,40,false
safety,A3,1,id_reference,A3_train_seed_1,50074,-18.5612693345699,36,true,0.017486398429831952,6.4009979588744423,33.289810180664062,false
safety,A3,1,id_reference,A3_train_seed_1,50075,-95.156589538645591,250,false,0.11994966893067364,7.0365224695182249,40,false
safety,A3,1,id_reference,A3_train_seed_1,50076,-155.71998412081882,250,false,0.12547586701864066,11.692658383938523,40,false
safety,A3,1,id_reference,A3_train_seed_1,50077,-83.091770591345622,250,false,0.11791972438335081,11.410826601843297,40,false
safety,A3,1,id_reference,A3_train_seed_1,50078,-60.196020454988577,250,false,0.055274730254004423,5.3480715208573919,40,false
safety,A3,1,id_reference,A3_train_seed_1,50079,-101.1937855741329,72,true,0.031147624977895236,11.583900441392055,40,false
safety,A3,1,id_reference,A3_train_seed_1,50080,-136.78382155276898,88,true,0.047674711790023472,18.681619030677663,40,false
safety,A3,1,id_reference,A3_train_seed_1,50081,-71.219036452264362,250,false,0.055768062656869184,10.869566188416096,40,false
safety,A3,1,id_reference,A3_train_seed_1,50082,-26.610006639577378,37,true,0.037954712041432394,12.468259131041801,40,false
safety,A3,1,id_reference,A3_train_seed_1,50083,-81.873453628196557,61,true,0.028418631073150739,11.29006534036832,40,false
safety,A3,1,id_reference,A3_train_seed_1,50084,-51.588394360800521,250,false,0.062607187783777038,6.7389200731194698,40,false
safety,A3,1,id_reference,A3_train_seed_1,50085,-82.935320761622009,62,true,0.037531184751628123,12.279920217076461,40,false
safety,A3,1,id_reference,A3_train_seed_1,50086,-108.86363804632768,250,false,0.13290857033321429,16.125342351339526,40,false
safety,A3,1,id_reference,A3_train_seed_1,50087,-21.381079736897966,43,true,0.041918665998855693,7.3260233358480491,40,false
safety,A3,1,id_reference,A3_train_seed_1,50088,-74.986427736073821,60,true,0.018967418406932703,15.488240700708152,40,false
safety,A3,1,id_reference,A3_train_seed_1,50089,-48.391150120784182,47,true,0.033310047815143407,8.1797458845306572,40,false
safety,A3,1,id_reference,A3_train_seed_1,50090,-128.23857173672164,250,false,0.10657186609093121,10.387378394096126,40,false
safety,A3,1,id_reference,A3_train_seed_1,50091,-115.15536157913647,62,true,0.048085152684549611,10.038847264757109,40,false
safety,A3,1,id_reference,A3_train_seed_1,50092,-96.61697982169089,250,false,0.1271870405476202,5.9969061617223121,40,false
safety,A3,1,id_reference,A3_train_seed_1,50093,-137.89636056044284,250,false,0.080971588983212842,11.568925143760959,40,false
safety,A3,1,id_reference,A3_train_seed_1,50094,-12.578031832774863,29,true,0.047710488533972868,5.578420916772127,40,false
safety,A3,1,id_reference,A3_train_seed_1,50095,-26.121820327955369,49,true,0.049383025493152551,6.3711897221260418,40,false
safety,A3,1,id_reference,A3_train_seed_1,50096,-122.20078167574506,250,false,0.10378709841558263,10.268147427167406,40,false
safety,A3,1,id_reference,A3_train_seed_1,50097,-145.72510018213757,250,false,0.31857136804724701,8.0573106663730449,40,false
safety,A3,1,id_reference,A3_train_seed_1,50098,-122.49460547517334,250,false,0.17051818947724751,13.850201439541699,40,false
safety,A3,1,id_reference,A3_train_seed_1,50099,-88.06082426821942,82,true,0.011882003484222128,7.5960809660784934,40,false
safety,A6c,1,id_reference,A6c_train_seed_1,50000,-129.80920398684313,250,false,0.30844260462900375,4.1702388737224121,36.987342834472656,false
safety,A6c,1,id_reference,A6c_train_seed_1,50001,-116.47189811217507,106,true,0.049155231040883721,5.306437308973976,40,false
safety,A6c,1,id_reference,A6c_train_seed_1,50002,-48.424381321430211,64,true,0.036143221603187135,6.3009018478743277,40,false
safety,A6c,1,id_reference,A6c_train_seed_1,50003,-264.58092981595985,250,false,0.35119517374568715,4.3363482183555666,40,false
safety,A6c,1,id_reference,A6c_train_seed_1,50004,-88.849227994839481,112,true,0.048529423813815954,4.5931513550496472,40,false
safety,A6c,1,id_reference,A6c_train_seed_1,50005,-84.502357966686489,67,true,0.036037150222987882,6.2271654087054982,40,false
safety,A6c,1,id_reference,A6c_train_seed_1,50006,-97.159800732681276,250,false,0.12537416900402182,2.9241768497575635,40,false
safety,A6c,1,id_reference,A6c_train_seed_1,50007,-175.57485251010249,250,false,0.27642137740199579,4.1368269610661477,40,false
safety,A6c,1,id_reference,A6c_train_seed_1,50008,-102.27154656956763,94,true,0.012374742151796219,5.8520787226484989,40,false
safety,A6c,1,id_reference,A6c_train_seed_1,50009,-156.54097087181665,250,false,0.18240048907579867,2.9811914163751325,40,false
safety,A6c,1,id_reference,A6c_train_seed_1,50010,-73.311870457749976,56,true,0.02343169100552997,3.6679859034484941,40,false
safety,A6c,1,id_reference,A6c_train_seed_1,50011,-116.68634466617361,250,false,0.3231838251493242,4.7309300937868901,40,false
safety,A6c,1,id_reference,A6c_train_seed_1,50012,-41.359100423567249,62,true,0.049087935416937054,3.6478757204328423,40,false
safety,A6c,1,id_reference,A6c_train_seed_1,50013,-242.03509655497575,250,false,0.28861529324144741,4.2211222082110682,40,false
safety,A6c,1,id_reference,A6c_train_seed_1,50014,-193.74725082671623,250,false,0.35382173999513028,4.3278575738045175,40,false
safety,A6c,1,id_reference,A6c_train_seed_1,50015,-135.94527440059332,250,false,0.14660908584319179,3.4260343672269635,40,false
safety,A6c,1,id_reference,A6c_train_seed_1,50016,-202.69723152338841,250,false,0.41812125902028757,2.1227415215214487,40,false
safety,A6c,1,id_reference,A6c_train_seed_1,50017,-74.750996280291645,90,true,0.049177940077210526,4.9370146329942424,40,false
safety,A6c,1,id_reference,A6c_train_seed_1,50018,-157.08285572643118,49,false,2.0337913485243369,5.6747870860117544,40,false
safety,A6c,1,id_reference,A6c_train_seed_1,50019,-248.14829565519838,250,false,0.29595641822700425,2.9734183551085196,40,false
safety,A6c,1,id_reference,A6c_train_seed_1,50020,-44.295042537195769,69,true,0.049056550543914376,2.1634747171031878,40,false
safety,A6c,1,id_reference,A6c_train_seed_1,50021,-22.316496805871154,54,true,0.025988153822458237,3.0987137705813406,28.795421600341797,false
safety,A6c,1,id_reference,A6c_train_seed_1,50022,-88.637947929754318,99,true,0.048013663710028992,3.9141712757272011,40,false
safety,A6c,1,id_reference,A6c_train_seed_1,50023,-87.314830374846721,74,true,0.040978315042953815,6.4339329706182804,40,false
safety,A6c,1,id_reference,A6c_train_seed_1,50024,-2.4056671612635174,32,true,0.021541490568470337,4.1491956616927617,29.557914733886719,false
safety,A6c,1,id_reference,A6c_train_seed_1,50025,-84.872602136155876,78,true,0.043217330993281379,7.2903640218191281,40,false
safety,A6c,1,id_reference,A6c_train_seed_1,50026,-257.2978207684273,250,false,0.67790661824757525,5.4535513612034752,40,false
safety,A6c,1,id_reference,A6c_train_seed_1,50027,-36.317497015473826,40,true,0.045323797362574081,6.7414339498300766,40,false
safety,A6c,1,id_reference,A6c_train_seed_1,50028,-70.421867295404581,74,true,0.049233058154679488,6.0355502685789784,40,false
safety,A6c,1,id_reference,A6c_train_seed_1,50029,-162.70035762579676,250,false,0.14927891853547762,4.2367543954957458,40,false
safety,A6c,1,id_reference,A6c_train_seed_1,50030,-85.479735612457333,77,true,0.048040173197539802,3.988947873439145,40,false
safety,A6c,1,id_reference,A6c_train_seed_1,50031,-114.81652491717547,250,false,0.094306009647578723,6.5887036031740882,40,false
safety,A6c,1,id_reference,A6c_train_seed_1,50032,-73.851254223174791,89,true,0.048027220461368959,3.0505811983308568,40,false
safety,A6c,1,id_reference,A6c_train_seed_1,50033,-5.9780017726351815,36,true,0.021069815247414407,3.7016644336880922,25.634519577026367,false
safety,A6c,1,id_reference,A6c_train_seed_1,50034,-42.836162739824474,58,true,0.047802799512741419,5.0485824770461472,40,false
safety,A6c,1,id_reference,A6c_train_seed_1,50035,-121.7503232970094,250,false,0.21052977214347701,4.5192699270437213,40,false
safety,A6c,1,id_reference,A6c_train_seed_1,50036,-102.71041746587292,250,false,0.083718422812351159,2.4673322538752469,39.578105926513672,false
safety,A6c,1,id_reference,A6c_train_seed_1,50037,-70.638051642389726,92,true,0.049984316600439269,3.2881919139449085,40,false
safety,A6c,1,id_reference,A6c_train_seed_1,50038,-152.69605697256785,250,false,0.16907401207873601,6.032951920606493,40,false
safety,A6c,1,id_reference,A6c_train_seed_1,50039,-57.216748862448227,86,true,0.049582120322775362,2.2350898604157625,35.428874969482422,false
safety,A6c,1,id_reference,A6c_train_seed_1,50040,-68.975932301264294,250,false,0.066225043208302595,5.0834320383710372,40,false
safety,A6c,1,id_reference,A6c_train_seed_1,50041,-52.104323015149724,57,true,0.047988570210674167,4.6629651564759733,40,false
safety,A6c,1,id_reference,A6c_train_seed_1,50042,-68.032556604151594,250,false,0.078691447314482688,4.9059605607493841,40,false
safety,A6c,1,id_reference,A6c_train_seed_1,50043,-14.34438906518495,38,true,0.036127059686587158,2.3564506273973818,40,false
safety,A6c,1,id_reference,A6c_train_seed_1,50044,-71.508127744392766,87,true,0.048453261125229394,2.4168517643390857,40,false
safety,A6c,1,id_reference,A6c_train_seed_1,50045,-236.05421634043975,250,false,0.19366525825597627,5.298430583182089,40,false
safety,A6c,1,id_reference,A6c_train_seed_1,50046,-83.327304896129348,250,false,0.051129921852853311,5.0162860962912994,40,false
safety,A6c,1,id_reference,A6c_train_seed_1,50047,-107.34264522689604,250,false,0.22900851214080117,3.9630599654810843,40,false
safety,A6c,1,id_reference,A6c_train_seed_1,50048,-45.991897874169787,67,true,0.049571681481954968,6.7728878359294598,40,false
safety,A6c,1,id_reference,A6c_train_seed_1,50049,-93.902448094377036,74,true,0.047858941025145159,3.7915056595194283,40,false
safety,A6c,1,id_reference,A6c_train_seed_1,50050,-108.28634220165684,88,true,0.037488529576370798,5.7650087772358161,40,false
safety,A6c,1,id_reference,A6c_train_seed_1,50051,-138.0673292447334,250,false,0.097729456490828329,5.7262059957411582,40,false
safety,A6c,1,id_reference,A6c_train_seed_1,50052,-263.13327102882425,250,false,0.35397485757375291,6.1660490124745682,40,false
safety,A6c,1,id_reference,A6c_train_seed_1,50053,-55.749579591526242,80,true,0.046556571719840276,2.8964078270918154,40,false
safety,A6c,1,id_reference,A6c_train_seed_1,50054,-100.99854772792226,85,true,0.027373164776527629,5.2101672629893923,40,false
safety,A6c,1,id_reference,A6c_train_seed_1,50055,-179.17909232488563,250,false,0.40016884221756172,2.3175212989379657,40,false
safety,A6c,1,id_reference,A6c_train_seed_1,50056,-7.5480967635100065,55,true,0.049601185216862027,3.607482005644945,22.309328079223633,false
safety,A6c,1,id_reference,A6c_train_seed_1,50057,-99.799602752221361,250,false,0.12803624135730107,3.3903134149154703,40,false
safety,A6c,1,id_reference,A6c_train_seed_1,50058,-118.13800729405118,250,false,0.094258332995985794,4.850763570188529,40,false
safety,A6c,1,id_reference,A6c_train_seed_1,50059,-97.256741476319831,250,false,0.10118093043745241,3.9914013323192177,40,false
safety,A6c,1,id_reference,A6c_train_seed_1,50060,-118.87717716147597,93,true,0.048498424401299735,5.1970192589183197,40,false
safety,A6c,1,id_reference,A6c_train_seed_1,50061,-113.10435665319542,250,false,0.3018607369974573,4.1776835433682251,35.968406677246094,false
safety,A6c,1,id_reference,A6c_train_seed_1,50062,-86.223791330090592,72,true,0.016612735008450397,6.6597470325695687,40,false
safety,A6c,1,id_reference,A6c_train_seed_1,50063,-78.798761849563604,250,false,0.11971472615270361,2.5155637492429506,32.410945892333984,false
safety,A6c,1,id_reference,A6c_train_seed_1,50064,-28.04639008522318,51,true,0.049299135953898336,4.1491703031717266,40,false
safety,A6c,1,id_reference,A6c_train_seed_1,50065,-24.907760625947382,44,true,0.045012821448597085,4.6593112569718702,40,false
safety,A6c,1,id_reference,A6c_train_seed_1,50066,-163.6713078952327,250,false,0.16122905448337899,3.0417318911358979,40,false
safety,A6c,1,id_reference,A6c_train_seed_1,50067,-36.590021725563751,66,true,0.049554745299117513,4.1949113239838853,39.651023864746094,false
safety,A6c,1,id_reference,A6c_train_seed_1,50068,-20.075740155548495,39,true,0.047473896504922952,4.564704543806605,23.537015914916992,false
safety,A6c,1,id_reference,A6c_train_seed_1,50069,-63.265754723832714,83,true,0.04919789084379781,5.0489355299433036,40,false
safety,A6c,1,id_reference,A6c_train_seed_1,50070,-83.170071721618399,250,false,0.14540483661759623,3.5791108976076318,29.539793014526367,false
safety,A6c,1,id_reference,A6c_train_seed_1,50071,-21.896404345870039,36,true,0.049646199761480936,3.522284585214897,40,false
safety,A6c,1,id_reference,A6c_train_seed_1,50072,-170.37140781870136,250,false,0.24474149500905135,5.6987536409788238,40,false
safety,A6c,1,id_reference,A6c_train_seed_1,50073,-160.46724516628851,250,false,0.16236335259497814,5.6165803893562574,40,false
safety,A6c,1,id_reference,A6c_train_seed_1,50074,-37.484058175579051,65,true,0.029064284628684101,4.0020086014517151,32.447921752929688,false
safety,A6c,1,id_reference,A6c_train_seed_1,50075,-190.37699062811416,250,false,0.50172154192351204,4.884583689912815,40,false
safety,A6c,1,id_reference,A6c_train_seed_1,50076,-376.33611604514999,250,false,0.79538498275068259,9.1491207032461599,40,false
safety,A6c,1,id_reference,A6c_train_seed_1,50077,-35.494717489382317,69,true,0.049633705203209054,8.969927098194173,40,false
safety,A6c,1,id_reference,A6c_train_seed_1,50078,-83.175838327205184,250,false,0.10070037487233191,2.9153270000679345,40,false
safety,A6c,1,id_reference,A6c_train_seed_1,50079,-240.75922561477677,250,false,0.13954136529705038,5.3507570496592871,40,false
safety,A6c,1,id_reference,A6c_train_seed_1,50080,-108.18802165237602,97,true,0.048960530593813008,6.905331777585844,40,false
safety,A6c,1,id_reference,A6c_train_seed_1,50081,-65.892990225430935,250,false,0.06571095765436713,5.7952310253423942,40,false
safety,A6c,1,id_reference,A6c_train_seed_1,50082,-30.446091864560263,51,true,0.039697466339025378,6.3431716478475462,40,false
safety,A6c,1,id_reference,A6c_train_seed_1,50083,-81.377620910958342,69,true,0.044453819124184703,6.7727690340841979,40,false
safety,A6c,1,id_reference,A6c_train_seed_1,50084,-26.639400104833339,38,true,0.034026865454804968,3.2778424994749797,40,false
safety,A6c,1,id_reference,A6c_train_seed_1,50085,-158.50480243687764,250,false,0.19490814298702988,5.349991714552349,40,false
safety,A6c,1,id_reference,A6c_train_seed_1,50086,-109.06461212046192,250,false,0.11306710837390023,6.6679389510127329,40,false
safety,A6c,1,id_reference,A6c_train_seed_1,50087,-33.464530312822248,49,true,0.036837927832083887,3.0539487147301108,40,false
safety,A6c,1,id_reference,A6c_train_seed_1,50088,-176.94683035222289,250,false,0.2217469812478044,5.798476432686372,40,false
safety,A6c,1,id_reference,A6c_train_seed_1,50089,-56.4536361151481,79,true,0.049118655710189175,5.8453564089038244,40,false
safety,A6c,1,id_reference,A6c_train_seed_1,50090,-153.94797629003182,250,false,0.26998350771996804,3.9328657697600353,40,false
safety,A6c,1,id_reference,A6c_train_seed_1,50091,-216.16897262330104,250,false,0.42694909408987058,5.6658989451160773,40,false
safety,A6c,1,id_reference,A6c_train_seed_1,50092,-174.24381700273798,250,false,0.37353571976691174,4.7564457260150315,40,false
safety,A6c,1,id_reference,A6c_train_seed_1,50093,-407.33865492893744,250,false,1.0366483479262232,9.0766341844061085,40,false
safety,A6c,1,id_reference,A6c_train_seed_1,50094,-18.80199818387042,40,true,0.023964572204045052,3.2793726881550396,40,false
safety,A6c,1,id_reference,A6c_train_seed_1,50095,-70.129530530507594,250,false,0.060936721253421651,3.6672747451735468,36.916481018066406,false
safety,A6c,1,id_reference,A6c_train_seed_1,50096,-168.560256015184,250,false,0.13714160863958627,3.4194772604411168,40,false
safety,A6c,1,id_reference,A6c_train_seed_1,50097,-213.11826460594966,250,false,0.50677970048725463,6.1416319561349342,40,false
safety,A6c,1,id_reference,A6c_train_seed_1,50098,-128.90614725504346,250,false,0.11800154395489779,5.4996336021600669,40,false
safety,A6c,1,id_reference,A6c_train_seed_1,50099,-217.53659792873992,250,false,0.46466257941178746,4.7329109430804239,40,false
safety,A6c_gate_off_control,1,id_reference,A6c_gate_off_control_train_seed_1,50000,-22.775614722348138,53,true,0.044139345215579238,4.009842175296555,40,false
safety,A6c_gate_off_control,1,id_reference,A6c_gate_off_control_train_seed_1,50001,-117.26467330203369,108,true,0.021940790944707102,5.4979440932635191,40,false
safety,A6c_gate_off_control,1,id_reference,A6c_gate_off_control_train_seed_1,50002,-48.614453669790379,70,true,0.049579295426101636,6.2993356060418408,40,false
safety,A6c_gate_off_control,1,id_reference,A6c_gate_off_control_train_seed_1,50003,-230.6353309513662,250,false,0.16509469838381369,4.5417705195089582,40,false
safety,A6c_gate_off_control,1,id_reference,A6c_gate_off_control_train_seed_1,50004,-78.104137421687156,85,true,0.019048231504687374,4.4757003486686582,40,false
safety,A6c_gate_off_control,1,id_reference,A6c_gate_off_control_train_seed_1,50005,-82.82736832305514,66,true,0.044992089721683302,6.1913023965675871,40,false
safety,A6c_gate_off_control,1,id_reference,A6c_gate_off_control_train_seed_1,50006,-46.259908974191355,72,true,0.036560475418402683,2.9241768497575635,40,false
safety,A6c_gate_off_control,1,id_reference,A6c_gate_off_control_train_seed_1,50007,-141.83760761319914,250,false,0.074716660212813743,4.138613417192297,40,false
safety,A6c_gate_off_control,1,id_reference,A6c_gate_off_control_train_seed_1,50008,-96.494712137476043,95,true,0.014629006295122491,6.2937701472222551,40,false
safety,A6c_gate_off_control,1,id_reference,A6c_gate_off_control_train_seed_1,50009,-133.15953518342474,250,false,0.073531391050499967,3.1064352599886429,40,false
safety,A6c_gate_off_control,1,id_reference,A6c_gate_off_control_train_seed_1,50010,-75.770662988355525,62,true,0.045585841002853934,3.7489237579968093,40,false
safety,A6c_gate_off_control,1,id_reference,A6c_gate_off_control_train_seed_1,50011,-15.462944677686695,37,true,0.047040197990320103,4.9792701210112531,40,false
safety,A6c_gate_off_control,1,id_reference,A6c_gate_off_control_train_seed_1,50012,-71.125412702879089,250,false,0.063690355131794163,3.7652547320175547,40,false
safety,A6c_gate_off_control,1,id_reference,A6c_gate_off_control_train_seed_1,50013,-225.18571884675356,250,false,0.18156418320356937,3.9981057634959223,40,false
safety,A6c_gate_off_control,1,id_reference,A6c_gate_off_control_train_seed_1,50014,-188.41871883893901,250,false,0.31516371476541122,4.408729747569196,40,false
safety,A6c_gate_off_control,1,id_reference,A6c_gate_off_control_train_seed_1,50015,-95.102767892754045,104,true,0.039975150490608014,3.4260343672269635,40,false
safety,A6c_gate_off_control,1,id_reference,A6c_gate_off_control_train_seed_1,50016,-118.50704182824933,116,true,0.048086160108890212,2.1227415215214487,40,false
safety,A6c_gate_off_control,1,id_reference,A6c_gate_off_control_train_seed_1,50017,-100.30689005603595,250,false,0.086521199063685716,4.8886696556164058,40,false
safety,A6c_gate_off_control,1,id_reference,A6c_gate_off_control_train_seed_1,50018,-156.8396950941283,49,false,2.0329236212885853,5.6230608988579558,40,false
safety,A6c_gate_off_control,1,id_reference,A6c_gate_off_control_train_seed_1,50019,-215.01241249360592,250,false,0.10452899793171043,2.9586837443819518,40,false
safety,A6c_gate_off_control,1,id_reference,A6c_gate_off_control_train_seed_1,50020,-44.553214480250247,80,true,0.049569543353493721,2.651180435443885,40,false
safety,A6c_gate_off_control,1,id_reference,A6c_gate_off_control_train_seed_1,50021,-19.551709315605194,44,true,0.049505330819549005,2.9893145776066117,29.033378601074219,false
safety,A6c_gate_off_control,1,id_reference,A6c_gate_off_control_train_seed_1,50022,-88.257333209549302,100,true,0.038256941273530999,3.9187613563254731,40,false
safety,A6c_gate_off_control,1,id_reference,A6c_gate_off_control_train_seed_1,50023,-88.808260732334233,91,true,0.046696768594824585,6.4206476847846945,40,false
safety,A6c_gate_off_control,1,id_reference,A6c_gate_off_control_train_seed_1,50024,-47.156676794354532,250,false,0.08184009534876352,4.5436002131315831,30.696439743041992,false
safety,A6c_gate_off_control,1,id_reference,A6c_gate_off_control_train_seed_1,50025,-82.920077381377098,83,true,0.046333664194760614,6.9217079073225172,40,false
safety,A6c_gate_off_control,1,id_reference,A6c_gate_off_control_train_seed_1,50026,-250.04788430505116,250,false,0.6926780218821913,6.1037901910684189,40,false
safety,A6c_gate_off_control,1,id_reference,A6c_gate_off_control_train_seed_1,50027,-67.959846769846735,250,false,0.09291581804122459,6.3988335517063062,40,false
safety,A6c_gate_off_control,1,id_reference,A6c_gate_off_control_train_seed_1,50028,-72.572043828798925,85,true,0.038438683295600219,6.0355502685789784,40,false
safety,A6c_gate_off_control,1,id_reference,A6c_gate_off_control_train_seed_1,50029,-145.13868343743923,250,false,0.061608605276520158,4.1356969322538406,40,false
safety,A6c_gate_off_control,1,id_reference,A6c_gate_off_control_train_seed_1,50030,-86.765193514568239,89,true,0.049506797292299697,3.6856797833855719,40,false
safety,A6c_gate_off_control,1,id_reference,A6c_gate_off_control_train_seed_1,50031,-117.53544219528187,250,false,0.10720442248252468,6.595441184858819,40,false
safety,A6c_gate_off_control,1,id_reference,A6c_gate_off_control_train_seed_1,50032,-71.62589806900786,82,true,0.039398706628025991,3.0773283835635428,40,false
safety,A6c_gate_off_control,1,id_reference,A6c_gate_off_control_train_seed_1,50033,-4.7922052986368726,30,true,0.031226973044067071,3.9847748655820343,26.286376953125,false
safety,A6c_gate_off_control,1,id_reference,A6c_gate_off_control_train_seed_1,50034,-43.160007433912199,64,true,0.016648852931771381,5.0383782212292632,40,false
safety,A6c_gate_off_control,1,id_reference,A6c_gate_off_control_train_seed_1,50035,-63.686729491519174,105,true,0.048536982053314935,4.8012625691002864,40,false
safety,A6c_gate_off_control,1,id_reference,A6c_gate_off_control_train_seed_1,50036,-73.005516659867482,101,true,0.048936065588052434,2.2187163681318163,38.262058258056641,false
safety,A6c_gate_off_control,1,id_reference,A6c_gate_off_control_train_seed_1,50037,-66.042231788563186,72,true,0.047736837038794111,3.2635790264292792,40,false
safety,A6c_gate_off_control,1,id_reference,A6c_gate_off_control_train_seed_1,50038,-109.90208493720196,95,true,0.033289777940973694,5.904591300070825,40,false
safety,A6c_gate_off_control,1,id_reference,A6c_gate_off_control_train_seed_1,50039,-56.033636716380521,80,true,0.026385930953592901,2.1674664035630791,34.822521209716797,false
safety,A6c_gate_off_control,1,id_reference,A6c_gate_off_control_train_seed_1,50040,-70.593851991926101,250,false,0.067043622950690371,4.9437884038154136,40,false
safety,A6c_gate_off_control,1,id_reference,A6c_gate_off_control_train_seed_1,50041,-51.962543916032239,60,true,0.045682895975124281,4.6705714530928786,40,false
safety,A6c_gate_off_control,1,id_reference,A6c_gate_off_control_train_seed_1,50042,-69.136298576729558,250,false,0.095669865622197481,4.8992171561365803,40,false
safety,A6c_gate_off_control,1,id_reference,A6c_gate_off_control_train_seed_1,50043,-16.560028468886621,62,true,0.049809867196133707,3.0817097539882989,40,false
safety,A6c_gate_off_control,1,id_reference,A6c_gate_off_control_train_seed_1,50044,-69.477901389850516,79,true,0.045369533066363495,2.8688926472588228,40,false
safety,A6c_gate_off_control,1,id_reference,A6c_gate_off_control_train_seed_1,50045,-212.73439532590154,250,false,0.067864298046504748,5.2652090679459524,40,false
safety,A6c_gate_off_control,1,id_reference,A6c_gate_off_control_train_seed_1,50046,-104.27380002379218,250,false,0.15454823794755601,5.0194299921731771,40,false
safety,A6c_gate_off_control,1,id_reference,A6c_gate_off_control_train_seed_1,50047,-90.83709706191992,250,false,0.14925137089685073,4.4186039687633061,40,false
safety,A6c_gate_off_control,1,id_reference,A6c_gate_off_control_train_seed_1,50048,-43.861680733877307,68,true,0.02829656682104555,6.2529931457859256,40,false
safety,A6c_gate_off_control,1,id_reference,A6c_gate_off_control_train_seed_1,50049,-95.197721266848163,69,true,0.012362842940299925,3.6764603925650565,40,false
safety,A6c_gate_off_control,1,id_reference,A6c_gate_off_control_train_seed_1,50050,-107.45714546546145,86,true,0.023532889747399921,5.7017706512369148,40,false
safety,A6c_gate_off_control,1,id_reference,A6c_gate_off_control_train_seed_1,50051,-134.44777770109488,250,false,0.075047687554261985,5.7341744240595247,40,false
safety,A6c_gate_off_control,1,id_reference,A6c_gate_off_control_train_seed_1,50052,-259.30107756759622,250,false,0.33995538993731828,6.0935911872855106,40,false
safety,A6c_gate_off_control,1,id_reference,A6c_gate_off_control_train_seed_1,50053,-54.64840994266774,74,true,0.049765116127741385,2.9292469048155305,40,false
safety,A6c_gate_off_control,1,id_reference,A6c_gate_off_control_train_seed_1,50054,-101.31766670564949,84,true,0.019450397690316465,5.2487202892734368,40,false
safety,A6c_gate_off_control,1,id_reference,A6c_gate_off_control_train_seed_1,50055,-90.029592248999833,98,true,0.046160472459963464,2.332077530779944,40,false
safety,A6c_gate_off_control,1,id_reference,A6c_gate_off_control_train_seed_1,50056,-41.896282829208864,250,false,0.066646330409483229,3.7582876592465717,22.817361831665039,false
safety,A6c_gate_off_control,1,id_reference,A6c_gate_off_control_train_seed_1,50057,-45.18034703205155,68,true,0.030176895500278501,3.3903134149154703,40,false
safety,A6c_gate_off_control,1,id_reference,A6c_gate_off_control_train_seed_1,50058,-89.723053565009025,80,true,0.021774993411608764,4.850763570188529,40,false
safety,A6c_gate_off_control,1,id_reference,A6c_gate_off_control_train_seed_1,50059,-67.155968784673576,121,true,0.049143012628236442,4.4222017241239095,40,false
safety,A6c_gate_off_control,1,id_reference,A6c_gate_off_control_train_seed_1,50060,-119.40499794389459,84,true,0.049319941921390463,5.1905550269275507,40,false
safety,A6c_gate_off_control,1,id_reference,A6c_gate_off_control_train_seed_1,50061,-94.41382683583403,250,false,0.230625930952573,4.4473612241003986,37.833446502685547,false
safety,A6c_gate_off_control,1,id_reference,A6c_gate_off_control_train_seed_1,50062,-85.084091319730192,71,true,0.025252055770988782,6.542890467051814,40,false
safety,A6c_gate_off_control,1,id_reference,A6c_gate_off_control_train_seed_1,50063,-14.318444382364319,46,true,0.03229481461960089,2.4922120554483715,33.506938934326172,false
safety,A6c_gate_off_control,1,id_reference,A6c_gate_off_control_train_seed_1,50064,-25.412693145848881,33,true,0.037042417435763926,4.1990884071639645,40,false
safety,A6c_gate_off_control,1,id_reference,A6c_gate_off_control_train_seed_1,50065,-25.640198371359674,49,true,0.041894862764311029,4.6478076159058253,40,false
safety,A6c_gate_off_control,1,id_reference,A6c_gate_off_control_train_seed_1,50066,-120.63494977815944,90,true,0.03877448039198661,2.8807020841430302,40,false
safety,A6c_gate_off_control,1,id_reference,A6c_gate_off_control_train_seed_1,50067,-34.426873608434505,56,true,0.048302598627794034,4.1691459028439226,40,false
safety,A6c_gate_off_control,1,id_reference,A6c_gate_off_control_train_seed_1,50068,-19.790099193047723,38,true,0.048888996817906795,4.5769949057346961,24.060258865356445,false
safety,A6c_gate_off_control,1,id_reference,A6c_gate_off_control_train_seed_1,50069,-89.070337608077878,250,false,0.064290559455001534,5.0489355299433036,40,false
safety,A6c_gate_off_control,1,id_reference,A6c_gate_off_control_train_seed_1,50070,-15.761778283661865,66,true,0.048071838663189724,3.4280677912667992,31.065353393554688,false
safety,A6c_gate_off_control,1,id_reference,A6c_gate_off_control_train_seed_1,50071,-22.465285170121248,52,true,0.049547092961354892,3.9981171808951115,40,false
safety,A6c_gate_off_control,1,id_reference,A6c_gate_off_control_train_seed_1,50072,-168.42227602983695,250,false,0.23675106476150287,5.6797571424460171,40,false
safety,A6c_gate_off_control,1,id_reference,A6c_gate_off_control_train_seed_1,50073,-120.72852552783415,102,true,0.03314666749775165,5.6226942143757874,40,false
safety,A6c_gate_off_control,1,id_reference,A6c_gate_off_control_train_seed_1,50074,-35.344270664362554,57,true,0.020262638514286703,4.0314643816583793,32.871269226074219,false
safety,A6c_gate_off_control,1,id_reference,A6c_gate_off_control_train_seed_1,50075,-122.46387204053833,250,false,0.12211387418846491,4.8578252861627185,40,false
safety,A6c_gate_off_control,1,id_reference,A6c_gate_off_control_train_seed_1,50076,-370.35360658733896,250,false,0.78050644786561629,8.4795357287720279,40,false
safety,A6c_gate_off_control,1,id_reference,A6c_gate_off_control_train_seed_1,50077,-72.679512208870833,250,false,0.093079462590391043,7.6245466337997607,40,false
safety,A6c_gate_off_control,1,id_reference,A6c_gate_off_control_train_seed_1,50078,-74.624166341441438,250,false,0.055274703301748135,2.8952481712433702,40,false
safety,A6c_gate_off_control,1,id_reference,A6c_gate_off_control_train_seed_1,50079,-226.71789461891871,250,false,0.1363849211066003,5.1602322520293384,40,false
safety,A6c_gate_off_control,1,id_reference,A6c_gate_off_control_train_seed_1,50080,-107.32971752843262,92,true,0.047854171089156086,6.9078923159871337,40,false
safety,A6c_gate_off_control,1,id_reference,A6c_gate_off_control_train_seed_1,50081,-65.808670885545538,250,false,0.060343688136284428,5.8099041329917833,40,false
safety,A6c_gate_off_control,1,id_reference,A6c_gate_off_control_train_seed_1,50082,-30.812166407916937,50,true,0.049193258051534426,6.3296261578289563,38.090137481689453,false
safety,A6c_gate_off_control,1,id_reference,A6c_gate_off_control_train_seed_1,50083,-81.394935066450998,68,true,0.04729708771589234,6.800216777024092,40,false
safety,A6c_gate_off_control,1,id_reference,A6c_gate_off_control_train_seed_1,50084,-25.769074051945026,38,true,0.042945395494481842,3.7690807660254935,40,false
safety,A6c_gate_off_control,1,id_reference,A6c_gate_off_control_train_seed_1,50085,-159.17917845795253,250,false,0.19685741378038607,5.3121547929321773,40,false
safety,A6c_gate_off_control,1,id_reference,A6c_gate_off_control_train_seed_1,50086,-117.1775093702028,250,false,0.1329090647082117,6.6199649789557196,40,false
safety,A6c_gate_off_control,1,id_reference,A6c_gate_off_control_train_seed_1,50087,-34.330096628248342,58,true,0.037904231157173104,3.0464555347628175,40,false
safety,A6c_gate_off_control,1,id_reference,A6c_gate_off_control_train_seed_1,50088,-176.74205472849522,250,false,0.23382988348826309,5.8128012702200289,40,false
safety,A6c_gate_off_control,1,id_reference,A6c_gate_off_control_train_seed_1,50089,-76.979741776379313,250,false,0.058058403607858335,6.4676838973559052,40,false
safety,A6c_gate_off_control,1,id_reference,A6c_gate_off_control_train_seed_1,50090,-123.58643290579226,250,false,0.10658707581127595,3.9328657697600353,40,false
safety,A6c_gate_off_control,1,id_reference,A6c_gate_off_control_train_seed_1,50091,-216.04517559210802,250,false,0.42612020328922956,5.6871209353919472,40,false
safety,A6c_gate_off_control,1,id_reference,A6c_gate_off_control_train_seed_1,50092,-109.96360119828343,250,false,0.12687377345704043,5.2115510125130795,40,false
safety,A6c_gate_off_control,1,id_reference,A6c_gate_off_control_train_seed_1,50093,-406.87196688508408,250,false,1.048481465424842,5.7393093799216928,40,false
safety,A6c_gate_off_control,1,id_reference,A6c_gate_off_control_train_seed_1,50094,-17.101025588818839,35,true,0.024096399806097263,3.5125901336065866,40,false
safety,A6c_gate_off_control,1,id_reference,A6c_gate_off_control_train_seed_1,50095,-41.955421991434761,74,true,0.048940054321329231,3.6590752343548565,35.816055297851562,false
safety,A6c_gate_off_control,1,id_reference,A6c_gate_off_control_train_seed_1,50096,-170.26746575710081,250,false,0.10378527343112086,3.4695419903083429,40,false
safety,A6c_gate_off_control,1,id_reference,A6c_gate_off_control_train_seed_1,50097,-212.74245283679201,250,false,0.51092694841453268,6.7922912734724612,40,false
safety,A6c_gate_off_control,1,id_reference,A6c_gate_off_control_train_seed_1,50098,-142.21634169172958,250,false,0.17053081337738121,5.2238843728604065,40,false
safety,A6c_gate_off_control,1,id_reference,A6c_gate_off_control_train_seed_1,50099,-220.81546071654384,250,false,0.48325744949347721,4.8325024573207713,40,false
safety,A4c,1,ood_compound,A4c_train_seed_1,50000,-346.71095495621915,250,false,1.1453738809479805,6.4548059094494414,40,false
safety,A4c,1,ood_compound,A4c_train_seed_1,50001,-233.51529089159931,250,false,0.33573076081663977,14.046574139675597,40,false
safety,A4c,1,ood_compound,A4c_train_seed_1,50002,-271.77268233093389,250,false,0.7903111477472079,7.5985895990728451,40,false
safety,A4c,1,ood_compound,A4c_train_seed_1,50003,-604.78259367115197,250,false,1.3427587897069151,29.085294777823531,40,false
safety,A4c,1,ood_compound,A4c_train_seed_1,50004,-330.82069549712446,250,false,1.144365677127273,5.5181740800442887,40,false
safety,A4c,1,ood_compound,A4c_train_seed_1,50005,-229.90718000398499,250,false,0.38215861496560999,9.7403898549667751,40,false
safety,A4c,1,ood_compound,A4c_train_seed_1,50006,-166.36290538429486,250,false,0.30584348103422471,6.6212261417467593,40,false
safety,A4c,1,ood_compound,A4c_train_seed_1,50007,-339.21478777777406,250,false,0.76285738242723922,8.9969179032518269,40,false
safety,A4c,1,ood_compound,A4c_train_seed_1,50008,-319.49129388050721,250,false,0.72476208459671865,17.585603148621697,40,false
safety,A4c,1,ood_compound,A4c_train_seed_1,50009,-166.04037375329327,250,false,0.3707718682002738,8.5979270299285417,40,false
safety,A4c,1,ood_compound,A4c_train_seed_1,50010,-205.84820439857535,250,false,0.51688642462693379,8.5684952407063601,40,false
safety,A4c,1,ood_compound,A4c_train_seed_1,50011,-272.53788993286662,250,false,0.83528967477966687,6.5145642576269074,40,false
safety,A4c,1,ood_compound,A4c_train_seed_1,50012,-99.152541515668375,122,true,0.030006318446582039,8.9133417133246553,40,false
safety,A4c,1,ood_compound,A4c_train_seed_1,50013,-337.78741513023687,250,false,0.96230885403064637,7.8654237977198562,39.781673431396484,false
safety,A4c,1,ood_compound,A4c_train_seed_1,50014,-337.9714483781176,250,false,0.79210936204989002,14.538125531951708,40,false
safety,A4c,1,ood_compound,A4c_train_seed_1,50015,-342.23596851334355,250,false,1.0314472944358442,9.8784007976777968,40,false
safety,A4c,1,ood_compound,A4c_train_seed_1,50016,-274.99903862080993,250,false,0.92507763322612846,8.9644218911095592,40,false
safety,A4c,1,ood_compound,A4c_train_seed_1,50017,-329.66954130443997,250,false,0.70709836105001445,18.819453185125067,40,false
safety,A4c,1,ood_compound,A4c_train_seed_1,50018,-211.38195341619348,250,false,0.20746128892663931,7.8679445297302593,40,false
safety,A4c,1,ood_compound,A4c_train_seed_1,50019,-253.12814148550035,250,false,0.55246594037795793,10.000144931686899,40,false
safety,A4c,1,ood_compound,A4c_train_seed_1,50020,-380.57680034712598,250,false,0.90948772624393837,5.7978461844706066,40,false
safety,A4c,1,ood_compound,A4c_train_seed_1,50021,-388.53053092960124,250,false,1.2186666171849845,4.8587970969995178,40,false
safety,A4c,1,ood_compound,A4c_train_seed_1,50022,-308.54449477739166,250,false,0.72234032189955399,9.2077774718830128,40,false
safety,A4c,1,ood_compound,A4c_train_seed_1,50023,-216.93005264237394,250,false,0.2931373681691154,14.445885294366585,40,false
safety,A4c,1,ood_compound,A4c_train_seed_1,50024,-310.36884711756761,250,false,0.88953062894629931,6.2751705219976106,40,false
safety,A4c,1,ood_compound,A4c_train_seed_1,50025,-232.69795802884195,250,false,0.3100406433081348,20.543071949791933,40,false
safety,A4c,1,ood_compound,A4c_train_seed_1,50026,-371.99251877955868,250,false,1.259263815118147,6.1829709796213512,40,false
safety,A4c,1,ood_compound,A4c_train_seed_1,50027,-229.32481945196201,250,false,0.41656493605833345,9.7720734932316304,40,false
safety,A4c,1,ood_compound,A4c_train_seed_1,50028,-324.64255269734838,250,false,0.71106838729945998,13.240474449256698,40,false
safety,A4c,1,ood_compound,A4c_train_seed_1,50029,-261.89212670516162,250,false,0.38061506409179618,11.21525541401116,40,false
safety,A4c,1,ood_compound,A4c_train_seed_1,50030,-189.95632313089857,250,false,0.34096633666668391,10.889242661569387,40,false
safety,A4c,1,ood_compound,A4c_train_seed_1,50031,-187.45356818491527,250,false,0.15326324777594913,14.828775722373436,40,false
safety,A4c,1,ood_compound,A4c_train_seed_1,50032,-271.8157937656203,250,false,0.73111015995796247,9.1433233570760652,40,false
safety,A4c,1,ood_compound,A4c_train_seed_1,50033,-358.52679066594402,250,false,0.91701749930133591,2.7473968175404866,40,false
safety,A4c,1,ood_compound,A4c_train_seed_1,50034,-378.2433564781573,250,false,1.1358889478588261,6.0624146189766437,40,false
safety,A4c,1,ood_compound,A4c_train_seed_1,50035,-357.71576403450877,250,false,1.0793194642463637,5.2609381874759205,40,false
safety,A4c,1,ood_compound,A4c_train_seed_1,50036,-476.212257253568,250,false,1.3917198580773591,3.8934943946544478,40,false
safety,A4c,1,ood_compound,A4c_train_seed_1,50037,-318.2483796570379,250,false,1.1326030379275103,9.1526706646949432,40,false
safety,A4c,1,ood_compound,A4c_train_seed_1,50038,-279.93885777232242,250,false,0.5403906204449449,17.295623190763902,40,false
safety,A4c,1,ood_compound,A4c_train_seed_1,50039,-367.9795678049905,250,false,1.2390604295905823,2.9796266930227198,40,false
safety,A4c,1,ood_compound,A4c_train_seed_1,50040,-233.17176926695714,250,false,0.60756759876071742,9.3179458654852461,40,false
safety,A4c,1,ood_compound,A4c_train_seed_1,50041,-236.09076882242556,250,false,0.61290983054496417,9.2617746235730642,40,false
safety,A4c,1,ood_compound,A4c_train_seed_1,50042,-259.52608993302914,250,false,0.70578551283861879,5.5248021383300507,40,false
safety,A4c,1,ood_compound,A4c_train_seed_1,50043,-311.55317922837332,250,false,0.90057539148696641,0.31863164300310565,40,false
safety,A4c,1,ood_compound,A4c_train_seed_1,50044,-376.90087628282362,250,false,1.318418908539664,10.323840723259643,40,false
safety,A4c,1,ood_compound,A4c_train_seed_1,50045,-270.35812862319079,250,false,0.57344413136267458,8.5944171446578093,40,false
safety,A4c,1,ood_compound,A4c_train_seed_1,50046,-223.8848755282429,250,false,0.49953750560298865,9.415369348397439,40,false
safety,A4c,1,ood_compound,A4c_train_seed_1,50047,-475.71401589347164,250,false,1.5987433073934094,5.7806340958199911,40,false
safety,A4c,1,ood_compound,A4c_train_seed_1,50048,-176.76272587396934,250,false,0.27343752258680704,12.024862660562809,40,false
safety,A4c,1,ood_compound,A4c_train_seed_1,50049,-296.69851741332661,250,false,0.57672118189117882,10.305506533356732,40,false
safety,A4c,1,ood_compound,A4c_train_seed_1,50050,-271.08228373763774,250,false,0.43378628166219091,20.656418030390846,40,false
safety,A4c,1,ood_compound,A4c_train_seed_1,50051,-185.45442004291368,250,false,0.19276337150857603,15.265460485183642,40,false
safety,A4c,1,ood_compound,A4c_train_seed_1,50052,-422.0135087348321,250,false,0.61517641059301853,18.714081804124511,40,false
safety,A4c,1,ood_compound,A4c_train_seed_1,50053,-278.13356331317868,250,false,1.1518779933388357,7.6399487909037784,40,false
safety,A4c,1,ood_compound,A4c_train_seed_1,50054,-217.99774605067716,250,false,0.32973671926434772,16.404976214676459,40,false
safety,A4c,1,ood_compound,A4c_train_seed_1,50055,-290.69960344727713,250,false,0.78948727414767816,8.6072594615605826,40,false
safety,A4c,1,ood_compound,A4c_train_seed_1,50056,-142.50547409566511,250,false,0.37469613871248147,3.33875624421596,36.692535400390625,false
safety,A4c,1,ood_compound,A4c_train_seed_1,50057,-452.41561323040605,250,false,1.7630196145740709,7.0837442754095603,40,false
safety,A4c,1,ood_compound,A4c_train_seed_1,50058,-258.22203132465552,250,false,0.31911028089399224,11.633518798832093,40,false
safety,A4c,1,ood_compound,A4c_train_seed_1,50059,-276.73512866432213,250,false,0.77547067776211032,4.545874138930774,40,false
safety,A4c,1,ood_compound,A4c_train_seed_1,50060,-309.23709230992949,250,false,0.56594414453984498,9.7213433915251066,40,false
safety,A4c,1,ood_compound,A4c_train_seed_1,50061,-327.9894501945887,250,false,0.80320378425264605,4.8689134575018915,40,false
safety,A4c,1,ood_compound,A4c_train_seed_1,50062,-221.61247257414144,250,false,0.29114705363098231,17.995543624712873,40,false
safety,A4c,1,ood_compound,A4c_train_seed_1,50063,-430.16870870421087,250,false,1.1142979955730412,3.6662636791293677,40,false
safety,A4c,1,ood_compound,A4c_train_seed_1,50064,-257.80920040217495,250,false,0.32148785548434194,5.4779506700261731,40,false
safety,A4c,1,ood_compound,A4c_train_seed_1,50065,-179.01972575111023,250,false,0.5108818637383441,5.9191304267347462,40,false
safety,A4c,1,ood_compound,A4c_train_seed_1,50066,-260.94692657116576,250,false,0.49315149636258943,6.9990735837946954,40,false
safety,A4c,1,ood_compound,A4c_train_seed_1,50067,-338.01489474850865,250,false,0.90169448178794098,5.3899401856379354,40,false
safety,A4c,1,ood_compound,A4c_train_seed_1,50068,-157.05826597851774,250,false,0.43067895460296779,4.952209422045776,36.491592407226562,false
safety,A4c,1,ood_compound,A4c_train_seed_1,50069,-238.47244164488922,250,false,0.33891662557534952,12.521685047024116,40,false
safety,A4c,1,ood_compound,A4c_train_seed_1,50070,-324.46273065464959,250,false,1.0166981461195497,5.456467876595406,40,false
safety,A4c,1,ood_compound,A4c_train_seed_1,50071,-261.14752036034116,250,false,1.3378654397154413,5.398799194623491,40,false
safety,A4c,1,ood_compound,A4c_train_seed_1,50072,-189.40064140144656,250,false,0.21906146352710873,15.095120974001897,40,false
safety,A4c,1,ood_compound,A4c_train_seed_1,50073,-272.56959909863929,250,false,0.48486188810605646,15.912847883189478,40,false
safety,A4c,1,ood_compound,A4c_train_seed_1,50074,-336.80838998667383,250,false,1.0073102501192472,4.9405578800043441,38.94775390625,false
safety,A4c,1,ood_compound,A4c_train_seed_1,50075,-383.41663035243863,250,false,1.1445302329797347,5.130405459875381,40,false
safety,A4c,1,ood_compound,A4c_train_seed_1,50076,-260.71253221933722,250,false,0.3460848772418485,10.002144921375528,40,false
safety,A4c,1,ood_compound,A4c_train_seed_1,50077,-192.76335602921881,250,false,0.41767718517255054,8.7302166750658667,40,false
safety,A4c,1,ood_compound,A4c_train_seed_1,50078,-490.57209959977331,250,false,1.1996170516362141,3.2131518188903891,40,false
safety,A4c,1,ood_compound,A4c_train_seed_1,50079,-355.82183354841766,250,false,1.05761289652116,11.412929467333269,40,false
safety,A4c,1,ood_compound,A4c_train_seed_1,50080,-224.41130529374337,250,false,0.26311887231135445,18.374850595586924,40,false
safety,A4c,1,ood_compound,A4c_train_seed_1,50081,-189.31562809960468,250,false,0.39989224089071662,9.5772943080623936,40,false
safety,A4c,1,ood_compound,A4c_train_seed_1,50082,-252.44356828181944,250,false,0.86275756037190843,7.7815478732834231,40,false
safety,A4c,1,ood_compound,A4c_train_seed_1,50083,-174.66005161092221,250,false,0.10603926230556404,16.395215336114557,40,false
safety,A4c,1,ood_compound,A4c_train_seed_1,50084,-129.44458841049155,250,false,0.1961127198495751,4.962859778949138,40,false
safety,A4c,1,ood_compound,A4c_train_seed_1,50085,-242.38008498857943,250,false,0.28425281694254817,19.002246949750781,40,false
safety,A4c,1,ood_compound,A4c_train_seed_1,50086,-141.0816233493571,250,false,0.19312971581747371,10.719256131803665,40,false
safety,A4c,1,ood_compound,A4c_train_seed_1,50087,-175.0353430713003,250,false,0.48110227408194184,4.1504494820711431,40,false
safety,A4c,1,ood_compound,A4c_train_seed_1,50088,-296.38543013522059,250,false,0.43255014529871827,14.869415565799688,40,false
safety,A4c,1,ood_compound,A4c_train_seed_1,50089,-190.33778007913259,250,false,0.46378631409092125,11.533169080444448,40,false
safety,A4c,1,ood_compound,A4c_train_seed_1,50090,-276.85746002323862,250,false,0.47462555882284402,9.7084002503496993,40,false
safety,A4c,1,ood_compound,A4c_train_seed_1,50091,-243.02958933751293,250,false,0.20224918978134812,12.864501379419773,40,false
safety,A4c,1,ood_compound,A4c_train_seed_1,50092,-328.91331355709116,250,false,1.0165555048237356,4.7790245094659021,40,false
safety,A4c,1,ood_compound,A4c_train_seed_1,50093,-391.42891589719125,250,false,1.2481319210589379,10.178468268411155,40,false
safety,A4c,1,ood_compound,A4c_train_seed_1,50094,-247.32516316235885,250,false,0.68144224604560522,5.3743511418137517,40,false
safety,A4c,1,ood_compound,A4c_train_seed_1,50095,-95.177992976453012,250,false,0.12843028465038417,5.3832551616494113,40,false
safety,A4c,1,ood_compound,A4c_train_seed_1,50096,-319.8823888322658,250,false,0.84530378793781791,9.988379999159859,40,false
safety,A4c,1,ood_compound,A4c_train_seed_1,50097,-320.43016074604543,250,false,1.0430400502632171,6.8546107795751148,40,false
safety,A4c,1,ood_compound,A4c_train_seed_1,50098,-164.46639439273272,250,false,0.19485079386635556,9.2484645238638787,40,false
safety,A4c,1,ood_compound,A4c_train_seed_1,50099,-350.30574548890502,250,false,1.1478590901874064,7.3693314388158049,40,false
safety,A3,1,ood_compound,A3_train_seed_1,50000,-241.7681958569591,250,false,0.69761684298986659,5.0583080056549861,40,false
safety,A3,1,ood_compound,A3_train_seed_1,50001,-180.17027827168252,250,false,0.19894557531781334,12.46960172204928,40,false
safety,A3,1,ood_compound,A3_train_seed_1,50002,-105.60016676934573,151,true,0.049529247968572658,9.1989525396539857,40,false
safety,A3,1,ood_compound,A3_train_seed_1,50003,-817.85094726924979,250,false,1.1261095308845126,32.399854476821417,40,false
safety,A3,1,ood_compound,A3_train_seed_1,50004,-302.85986160886205,250,false,0.94168634637580029,6.2088430621303878,40,false
safety,A3,1,ood_compound,A3_train_seed_1,50005,-222.48059878254531,250,false,0.27230697053231662,12.834537321371142,40,false
safety,A3,1,ood_compound,A3_train_seed_1,50006,-125.77604639892949,250,false,0.19515615072151779,6.6062679323582847,40,false
safety,A3,1,ood_compound,A3_train_seed_1,50007,-257.01350440075618,250,false,0.53644746483707151,8.8684421939793072,40,false
safety,A3,1,ood_compound,A3_train_seed_1,50008,-303.44888752448145,250,false,0.52466874378803319,13.466536652981336,40,false
safety,A3,1,ood_compound,A3_train_seed_1,50009,-121.36904964942191,250,false,0.19133427527784133,7.5353728516382716,40,false
safety,A3,1,ood_compound,A3_train_seed_1,50010,-156.10042438749184,250,false,0.27382445727991916,7.6102398718439082,40,false
safety,A3,1,ood_compound,A3_train_seed_1,50011,-241.1880740794154,250,false,0.64080089075253222,6.6296220103092676,40,false
safety,A3,1,ood_compound,A3_train_seed_1,50012,-69.190865962994039,102,true,0.047448806660179962,10.424311744362713,40,false
safety,A3,1,ood_compound,A3_train_seed_1,50013,-309.9948379698107,250,false,0.77856053323714269,7.0678278406472721,40,false
safety,A3,1,ood_compound,A3_train_seed_1,50014,-300.72227452909664,250,false,0.56025223826106696,16.248846193228502,40,false
safety,A3,1,ood_compound,A3_train_seed_1,50015,-186.77328653016556,250,false,0.19115132656550765,10.26676957163413,40,false
safety,A3,1,ood_compound,A3_train_seed_1,50016,-214.5232220228788,250,false,0.63333555323280444,7.908998301142609,40,false
safety,A3,1,ood_compound,A3_train_seed_1,50017,-229.01486390571034,250,false,0.55641571762360309,6.7277757917850609,40,false
safety,A3,1,ood_compound,A3_train_seed_1,50018,-173.74695940239559,161,true,0.049742323742246644,8.0257959390045386,40,false
safety,A3,1,ood_compound,A3_train_seed_1,50019,-220.2044229577333,250,false,0.43682444406962506,8.806428273573637,40,false
safety,A3,1,ood_compound,A3_train_seed_1,50020,-127.56642868664663,250,false,0.17699226598532042,5.2724414679964742,40,false
safety,A3,1,ood_compound,A3_train_seed_1,50021,-273.13301317254366,250,false,0.73135909899231821,3.1960514001360605,40,false
safety,A3,1,ood_compound,A3_train_seed_1,50022,-212.11932780792606,250,false,0.40026359698810654,9.5678343044433216,40,false
safety,A3,1,ood_compound,A3_train_seed_1,50023,-174.9550859630358,250,false,0.1560060070074801,12.4260542912748,40,false
safety,A3,1,ood_compound,A3_train_seed_1,50024,-271.2360533734373,250,false,0.71224986719647065,4.7837143618636251,40,false
safety,A3,1,ood_compound,A3_train_seed_1,50025,-192.38164287581728,250,false,0.21536767309649291,18.048572919553823,40,false
safety,A3,1,ood_compound,A3_train_seed_1,50026,-305.35832217751488,250,false,0.99979078075456085,7.0994034828047141,40,false
safety,A3,1,ood_compound,A3_train_seed_1,50027,-169.7490980895422,250,false,0.21098687773312794,7.4932473651527687,40,false
safety,A3,1,ood_compound,A3_train_seed_1,50028,-171.22345526648627,250,false,0.16300676792452565,12.101476290122985,40,false
safety,A3,1,ood_compound,A3_train_seed_1,50029,-203.15552135743724,250,false,0.2333238428626124,9.7618531429971132,40,false
safety,A3,1,ood_compound,A3_train_seed_1,50030,-163.84212703563762,250,false,0.19314825066468561,10.234254369574137,40,false
safety,A3,1,ood_compound,A3_train_seed_1,50031,-189.06402884035009,250,false,0.13074295998689894,12.362593941020261,40,false
safety,A3,1,ood_compound,A3_train_seed_1,50032,-195.47095013670187,250,false,0.46935893982193511,9.3515131322318563,40,false
safety,A3,1,ood_compound,A3_train_seed_1,50033,-276.68728102902992,250,false,0.75486304999124965,3.1525338552639273,40,false
safety,A3,1,ood_compound,A3_train_seed_1,50034,-143.92922003717837,250,false,0.083507061225880072,7.5254654869258459,40,false
safety,A3,1,ood_compound,A3_train_seed_1,50035,-281.56778249844285,250,false,0.80515948299315288,5.9986423677287277,40,false
safety,A3,1,ood_compound,A3_train_seed_1,50036,-347.90315600241757,250,false,0.96990350643350332,5.2455023002473533,40,false
safety,A3,1,ood_compound,A3_train_seed_1,50037,-125.51653616081074,250,false,0.20763601268313045,9.7427024444038235,40,false
safety,A3,1,ood_compound,A3_train_seed_1,50038,-232.27518373637767,250,false,0.30407435673474359,14.630819260003589,40,false
safety,A3,1,ood_compound,A3_train_seed_1,50039,-89.589150138584515,250,false,0.092763173014566797,4.5563330600683996,40,false
safety,A3,1,ood_compound,A3_train_seed_1,50040,-201.93085474543798,250,false,0.41690958920270221,10.790761243593849,40,false
safety,A3,1,ood_compound,A3_train_seed_1,50041,-147.30799602499982,250,false,0.13566942509796717,8.5615814078578758,40,false
safety,A3,1,ood_compound,A3_train_seed_1,50042,-203.74518479545847,250,false,0.55295968267276052,6.2173192807877351,40,false
safety,A3,1,ood_compound,A3_train_seed_1,50043,-97.52235422444997,250,false,0.15145112387872339,4.3563827942500373,40,false
safety,A3,1,ood_compound,A3_train_seed_1,50044,-124.10369350944144,250,false,0.086198828236171393,8.7921537903525344,40,false
safety,A3,1,ood_compound,A3_train_seed_1,50045,-215.25874585218389,250,false,0.4450064839089245,9.2117203557616758,40,false
safety,A3,1,ood_compound,A3_train_seed_1,50046,-158.19352953829664,250,false,0.27817274913828316,8.7027219640410411,40,false
safety,A3,1,ood_compound,A3_train_seed_1,50047,-455.54432496527187,250,false,1.4446364095440605,5.6048852119210686,40,false
safety,A3,1,ood_compound,A3_train_seed_1,50048,-152.46646949996673,250,false,0.20651576641168057,11.391076433320563,40,false
safety,A3,1,ood_compound,A3_train_seed_1,50049,-227.18746738152316,250,false,0.29296980325369931,9.9743872213985085,40,false
safety,A3,1,ood_compound,A3_train_seed_1,50050,-237.96417417751113,250,false,0.29535703642279704,20.166799360240365,40,false
safety,A3,1,ood_compound,A3_train_seed_1,50051,-126.89070151823218,135,true,0.048395379863385053,10.821677576345403,40,false
safety,A3,1,ood_compound,A3_train_seed_1,50052,-399.64675428644557,250,false,0.67719709525377869,16.219372712617577,40,false
safety,A3,1,ood_compound,A3_train_seed_1,50053,-109.94110219538031,250,false,0.079685020517840877,8.4366003928370663,40,false
safety,A3,1,ood_compound,A3_train_seed_1,50054,-193.89712883047551,250,false,0.22613134396075335,16.616510541050392,40,false
safety,A3,1,ood_compound,A3_train_seed_1,50055,-204.49946906270904,250,false,0.48739604458035396,9.2740256275267985,40,false
safety,A3,1,ood_compound,A3_train_seed_1,50056,-78.990997718782864,250,false,0.13300967531198019,3.5526073941305873,37.254020690917969,false
safety,A3,1,ood_compound,A3_train_seed_1,50057,-334.19846082947578,250,false,0.48026357153275057,8.3653634963257346,40,false
safety,A3,1,ood_compound,A3_train_seed_1,50058,-207.24319114954517,250,false,0.17033973895519186,10.448415183669923,40,false
safety,A3,1,ood_compound,A3_train_seed_1,50059,-212.83685854457605,250,false,0.61015658462690414,5.6029306177722678,40,false
safety,A3,1,ood_compound,A3_train_seed_1,50060,-330.48776624509316,250,false,0.42320476823886544,8.5529434001101095,40,false
safety,A3,1,ood_compound,A3_train_seed_1,50061,-286.31742928435602,250,false,0.69212905255561308,4.5033509436544055,40,false
safety,A3,1,ood_compound,A3_train_seed_1,50062,-191.08613704388202,250,false,0.14740392766037466,20.555550416571705,40,false
safety,A3,1,ood_compound,A3_train_seed_1,50063,-344.5445513264475,250,false,1.2711007146070059,2.7076253477223582,40,false
safety,A3,1,ood_compound,A3_train_seed_1,50064,-215.26946233408566,250,false,0.18946631788914323,5.9986645927831903,40,false
safety,A3,1,ood_compound,A3_train_seed_1,50065,-103.26125284638648,250,false,0.11743623969357044,8.8765643489803807,40,false
safety,A3,1,ood_compound,A3_train_seed_1,50066,-215.83384475522044,250,false,0.38348734899402681,7.6066128243827293,40,false
safety,A3,1,ood_compound,A3_train_seed_1,50067,-174.44928560868965,250,false,0.13237380955739506,6.6274271022079123,40,false
safety,A3,1,ood_compound,A3_train_seed_1,50068,-26.780022041013851,53,true,0.046512061761300134,5.5497376110693502,38.825637817382812,false
safety,A3,1,ood_compound,A3_train_seed_1,50069,-153.89649756034925,250,false,0.075838642045951171,10.935350485953062,40,false
safety,A3,1,ood_compound,A3_train_seed_1,50070,-278.73943102269288,250,false,0.83446915307177938,5.5929505601733078,40,false
safety,A3,1,ood_compound,A3_train_seed_1,50071,-118.04544140641751,250,false,0.12706158512128701,5.945685653199603,40,false
safety,A3,1,ood_compound,A3_train_seed_1,50072,-177.24139956924358,250,false,0.20618646879079977,12.573135515376968,40,false
safety,A3,1,ood_compound,A3_train_seed_1,50073,-234.55990669500605,250,false,0.27499024002109984,14.953995643099418,40,false
safety,A3,1,ood_compound,A3_train_seed_1,50074,-190.25882631892253,250,false,0.55222235010513443,5.8459184124481904,40,false
safety,A3,1,ood_compound,A3_train_seed_1,50075,-329.52782539511742,250,false,0.85659907022638593,6.2401543820932837,40,false
safety,A3,1,ood_compound,A3_train_seed_1,50076,-216.25274942454888,250,false,0.30730046653011778,10.573055636964504,40,false
safety,A3,1,ood_compound,A3_train_seed_1,50077,-155.44028359337062,250,false,0.28040583047805845,7.6560469614910991,40,false
safety,A3,1,ood_compound,A3_train_seed_1,50078,-265.72768194826205,250,false,0.18461570299121063,4.2774380236304674,40,false
safety,A3,1,ood_compound,A3_train_seed_1,50079,-259.06254688153609,250,false,0.26112659011898182,11.572604002325663,40,false
safety,A3,1,ood_compound,A3_train_seed_1,50080,-175.88889335943918,250,false,0.077429571367680097,15.504922229017348,40,false
safety,A3,1,ood_compound,A3_train_seed_1,50081,-161.66578952353834,250,false,0.27682476983812149,10.722430618849755,40,false
safety,A3,1,ood_compound,A3_train_seed_1,50082,-66.047212188865188,96,true,0.04795993200551784,8.6861550844819337,40,false
safety,A3,1,ood_compound,A3_train_seed_1,50083,-168.69303690100318,250,false,0.12184914671732867,14.040721985982927,40,false
safety,A3,1,ood_compound,A3_train_seed_1,50084,-101.06762423632431,250,false,0.099758889020074487,6.025493992610496,40,false
safety,A3,1,ood_compound,A3_train_seed_1,50085,-202.60504733904594,250,false,0.14320563870411429,18.83062169101721,40,false
safety,A3,1,ood_compound,A3_train_seed_1,50086,-129.72266171559977,250,false,0.20604135510285743,9.641809119396191,40,false
safety,A3,1,ood_compound,A3_train_seed_1,50087,-94.718397421426076,250,false,0.099522328665015272,6.4837613340786415,40,false
safety,A3,1,ood_compound,A3_train_seed_1,50088,-282.42231803113862,250,false,0.36967654801084388,16.773209036416336,40,false
safety,A3,1,ood_compound,A3_train_seed_1,50089,-164.56713648329921,250,false,0.32107221961147597,13.251108577367862,40,false
safety,A3,1,ood_compound,A3_train_seed_1,50090,-235.92142252439979,250,false,0.30265918710326722,9.7089027948503954,40,false
safety,A3,1,ood_compound,A3_train_seed_1,50091,-214.89934888452987,250,false,0.16917125611752526,9.5962263631875704,40,false
safety,A3,1,ood_compound,A3_train_seed_1,50092,-282.77575957386091,250,false,0.82141380486170079,5.5184331102177921,40,false
safety,A3,1,ood_compound,A3_train_seed_1,50093,-269.82098071284355,250,false,0.32305650074816533,9.5493282012238261,40,false
safety,A3,1,ood_compound,A3_train_seed_1,50094,-123.10395440123156,250,false,0.21598625834375335,6.0380109843238809,40,false
safety,A3,1,ood_compound,A3_train_seed_1,50095,-98.124486833853837,250,false,0.13925743917555092,6.0483830968527936,40,false
safety,A3,1,ood_compound,A3_train_seed_1,50096,-294.75340348938306,250,false,0.75748574775141819,9.0122124323457804,40,false
safety,A3,1,ood_compound,A3_train_seed_1,50097,-266.73455914351274,250,false,0.85186407511773077,8.0889176025971974,40,false
safety,A3,1,ood_compound,A3_train_seed_1,50098,-149.57894803465243,250,false,0.081157402833931011,9.2778715807626284,40,false
safety,A3,1,ood_compound,A3_train_seed_1,50099,-291.7888438969901,250,false,0.8467191160794183,7.5305638640412838,40,false
safety,A6c,1,ood_compound,A6c_train_seed_1,50000,-365.83323869559308,250,false,1.1663027987414147,4.7837451410001099,40,false
safety,A6c,1,ood_compound,A6c_train_seed_1,50001,-232.25200656378078,250,false,0.34445277925491097,5.236420704113443,40,false
safety,A6c,1,ood_compound,A6c_train_seed_1,50002,-453.22005719644119,250,false,1.5656453147067784,6.6743639590727408,40,false
safety,A6c,1,ood_compound,A6c_train_seed_1,50003,-206.41890778988687,59,false,3.1579723234131203,10.705377710328232,40,false
safety,A6c,1,ood_compound,A6c_train_seed_1,50004,-510.06005340637807,250,false,0.95924555401067779,5.0976209447226841,40,false
safety,A6c,1,ood_compound,A6c_train_seed_1,50005,-242.9095376660438,250,false,0.47769260718082207,4.4648204603048134,40,false
safety,A6c,1,ood_compound,A6c_train_seed_1,50006,-264.07549529253271,250,false,0.27457617240473542,2.6801519356102941,40,false
safety,A6c,1,ood_compound,A6c_train_seed_1,50007,-180.26963682980818,61,false,2.9655311415505521,12.151944814505454,40,false
safety,A6c,1,ood_compound,A6c_train_seed_1,50008,-324.89912891938502,250,false,0.96465020180779615,8.1502878212647882,40,false
safety,A6c,1,ood_compound,A6c_train_seed_1,50009,-424.20565124665006,250,false,0.3215091886044546,2.7358956342523797,40,false
safety,A6c,1,ood_compound,A6c_train_seed_1,50010,-310.28969846715739,250,false,0.56137859170259663,3.2290811108210691,40,false
safety,A6c,1,ood_compound,A6c_train_seed_1,50011,-261.45697458379539,250,false,0.74624097474361328,6.0733724213166607,40,false
safety,A6c,1,ood_compound,A6c_train_seed_1,50012,-193.50821926581111,207,true,0.049329635686329629,2.2962053686204293,40,false
safety,A6c,1,ood_compound,A6c_train_seed_1,50013,-962.17344823869314,250,false,3.3846326051794886,2.337328496348984,40,false
safety,A6c,1,ood_compound,A6c_train_seed_1,50014,-318.85685828037344,250,false,0.99920755756681712,5.3517694697682314,40,false
safety,A6c,1,ood_compound,A6c_train_seed_1,50015,-421.27521812720181,250,false,1.037673820417204,3.553394937403537,40,false
safety,A6c,1,ood_compound,A6c_train_seed_1,50016,-515.0729175243456,250,false,0.99537487475243203,1.6546488176367395,40,false
safety,A6c,1,ood_compound,A6c_train_seed_1,50017,-319.6667919906219,250,false,1.0284385407861067,7.4840224200779,40,false
safety,A6c,1,ood_compound,A6c_train_seed_1,50018,-533.5264786376639,250,false,0.86741094136943542,5.6078358256725034,40,false
safety,A6c,1,ood_compound,A6c_train_seed_1,50019,-798.00283160893844,250,false,2.8003289035994881,0.97388799335648724,40,false
safety,A6c,1,ood_compound,A6c_train_seed_1,50020,-396.45087085771212,250,false,1.1247924045980948,1.9582705095528321,40,false
safety,A6c,1,ood_compound,A6c_train_seed_1,50021,-424.36343173738726,250,false,1.3170268019370694,1.8001460316666049,40,false
safety,A6c,1,ood_compound,A6c_train_seed_1,50022,-371.63342309666365,250,false,0.76804894864545825,3.3077073736121174,40,false
safety,A6c,1,ood_compound,A6c_train_seed_1,50023,-218.39666549726616,250,false,0.30407699734578514,7.0242641133462502,40,false
safety,A6c,1,ood_compound,A6c_train_seed_1,50024,-312.09896211577603,250,false,0.83224826772219418,3.6489612295022775,40,false
safety,A6c,1,ood_compound,A6c_train_seed_1,50025,-203.32808760386425,250,false,0.31879191579925775,9.9690708444536682,40,false
safety,A6c,1,ood_compound,A6c_train_seed_1,50026,-402.80725852203761,250,false,1.4817868204928493,7.7444849857533047,40,false
safety,A6c,1,ood_compound,A6c_train_seed_1,50027,-220.33749416535025,250,false,0.43770248206070272,5.8854633932152023,40,false
safety,A6c,1,ood_compound,A6c_train_seed_1,50028,-390.81809422232925,250,false,0.73733145020988133,5.8110367938522858,40,false
safety,A6c,1,ood_compound,A6c_train_seed_1,50029,-718.6022893694502,250,false,1.8160805243809739,2.6713072500415236,40,false
safety,A6c,1,ood_compound,A6c_train_seed_1,50030,-198.00205097062772,250,false,0.35924131856632052,6.4887813139940267,40,false
safety,A6c,1,ood_compound,A6c_train_seed_1,50031,-221.71212692759653,250,false,0.16771111088484017,6.3308860941608112,40,false
safety,A6c,1,ood_compound,A6c_train_seed_1,50032,-351.98914962985839,250,false,0.77471313432461908,2.677127216658258,40,false
safety,A6c,1,ood_compound,A6c_train_seed_1,50033,-407.51520267257484,250,false,1.4319830882462066,2.2631169305497116,40,false
safety,A6c,1,ood_compound,A6c_train_seed_1,50034,-482.88024471857102,250,false,1.6163897014365076,4.583192813345998,40,false
safety,A6c,1,ood_compound,A6c_train_seed_1,50035,-425.17409631919531,250,false,1.424053175978709,5.4019517626820432,40,false
safety,A6c,1,ood_compound,A6c_train_seed_1,50036,-586.83689809699877,250,false,2.2927944099603645,1.4514255240919893,40,false
safety,A6c,1,ood_compound,A6c_train_seed_1,50037,-609.49991703972432,250,false,2.2683327048743487,0.99632922436223315,40,false
safety,A6c,1,ood_compound,A6c_train_seed_1,50038,-286.18364338157664,250,false,0.57685821720334274,6.9274564055018004,40,false
safety,A6c,1,ood_compound,A6c_train_seed_1,50039,-504.6209771229353,250,false,1.8875295175343985,1.8157216295981995,40,false
safety,A6c,1,ood_compound,A6c_train_seed_1,50040,-237.52852289001007,250,false,0.69499015133055131,6.5408722749843022,40,false
safety,A6c,1,ood_compound,A6c_train_seed_1,50041,-352.86730615136099,250,false,0.64897488385901325,2.9860210610134024,40,false
safety,A6c,1,ood_compound,A6c_train_seed_1,50042,-329.5996401290729,250,false,1.0443191472573006,4.129315163177588,40,false
safety,A6c,1,ood_compound,A6c_train_seed_1,50043,-326.40249036338491,250,false,0.96297516934638983,0.56234704366052224,40,false
safety,A6c,1,ood_compound,A6c_train_seed_1,50044,-678.12345027710739,250,false,2.3422383102063788,0.82823470822848944,40,false
safety,A6c,1,ood_compound,A6c_train_seed_1,50045,-330.18732012304918,250,false,0.80017150790592229,3.1723731712950753,40,false
safety,A6c,1,ood_compound,A6c_train_seed_1,50046,-290.41612621251727,250,false,0.50809191204412885,3.1023120209202224,40,false
safety,A6c,1,ood_compound,A6c_train_seed_1,50047,-494.66721513169881,250,false,1.8197491519631013,4.2438459780408406,40,false
safety,A6c,1,ood_compound,A6c_train_seed_1,50048,-172.50748545493531,250,false,0.28787119343400452,7.4697670541461436,40,false
safety,A6c,1,ood_compound,A6c_train_seed_1,50049,-650.62386999265743,250,false,0.73553613771523019,4.6930999272568563,40,false
safety,A6c,1,ood_compound,A6c_train_seed_1,50050,-279.6730629054365,250,false,0.48622767665556393,5.4046753151269638,40,false
safety,A6c,1,ood_compound,A6c_train_seed_1,50051,-269.67055845172433,250,false,0.64847163748634185,5.1335359273352656,40,false
safety,A6c,1,ood_compound,A6c_train_seed_1,50052,-377.70310991182777,250,false,0.7851076506512229,6.0473032842581569,40,false
safety,A6c,1,ood_compound,A6c_train_seed_1,50053,-330.55230113724895,250,false,0.61946536604307179,2.0002946860816833,40,false
safety,A6c,1,ood_compound,A6c_train_seed_1,50054,-216.40746842731235,250,false,0.35352647108222579,4.271196856038217,40,false
safety,A6c,1,ood_compound,A6c_train_seed_1,50055,-350.64231979097252,250,false,0.80576039820652212,2.2074520808596927,40,false
safety,A6c,1,ood_compound,A6c_train_seed_1,50056,-153.31226244825004,250,false,0.38329443244626943,2.6875713226689601,38.531005859375,false
safety,A6c,1,ood_compound,A6c_train_seed_1,50057,-580.29956014242975,250,false,1.4832550438972607,2.3211199176471449,40,false
safety,A6c,1,ood_compound,A6c_train_seed_1,50058,-336.24961644597113,250,false,0.33480208901540864,4.0416687958618027,40,false
safety,A6c,1,ood_compound,A6c_train_seed_1,50059,-371.88022089309061,250,false,1.131398758077977,3.6251566791899346,40,false
safety,A6c,1,ood_compound,A6c_train_seed_1,50060,-904.56021016399291,250,false,3.2082105451270189,0.75642190435658163,40,false
safety,A6c,1,ood_compound,A6c_train_seed_1,50061,-344.09534590702179,250,false,0.78442381430890917,3.8911295146227536,40,false
safety,A6c,1,ood_compound,A6c_train_seed_1,50062,-203.88554556899854,250,false,0.29896254553371626,8.9119207454552303,40,false
safety,A6c,1,ood_compound,A6c_train_seed_1,50063,-496.68916376603318,250,false,2.2893291254012458,1.6646030321557679,40,false
safety,A6c,1,ood_compound,A6c_train_seed_1,50064,-594.37279614849888,250,false,2.0204181669399217,2.863508476892779,40,false
safety,A6c,1,ood_compound,A6c_train_seed_1,50065,-205.251767681795,250,false,0.51516916637818277,4.460952682253132,40,false
safety,A6c,1,ood_compound,A6c_train_seed_1,50066,-752.00628385015295,250,false,2.6081656210564201,1.3439471624635615,40,false
safety,A6c,1,ood_compound,A6c_train_seed_1,50067,-408.912990717649,250,false,1.1006791208732456,4.1075970834861035,40,false
safety,A6c,1,ood_compound,A6c_train_seed_1,50068,-191.11452160109388,250,false,0.41361991208029075,3.2611413869301158,38.014320373535156,false
safety,A6c,1,ood_compound,A6c_train_seed_1,50069,-349.24433331908801,250,false,0.23526061012557131,3.8379561454906597,40,false
safety,A6c,1,ood_compound,A6c_train_seed_1,50070,-320.16163868007442,250,false,1.0044180304120554,4.5420236734936079,40,false
safety,A6c,1,ood_compound,A6c_train_seed_1,50071,-642.95198657842775,250,false,2.2459802455716682,1.367385085558088,40,false
safety,A6c,1,ood_compound,A6c_train_seed_1,50072,-235.23009068308559,250,false,0.38164265946329223,4.7056103093375681,40,false
safety,A6c,1,ood_compound,A6c_train_seed_1,50073,-293.11296782142847,250,false,0.56560744970930787,4.9469724368898911,40,false
safety,A6c,1,ood_compound,A6c_train_seed_1,50074,-405.59104587561455,250,false,1.3590261193516577,3.6649502658069668,40,false
safety,A6c,1,ood_compound,A6c_train_seed_1,50075,-417.29407493466772,250,false,1.1339136213789838,4.4608210063024138,40,false
safety,A6c,1,ood_compound,A6c_train_seed_1,50076,-114.53533271461747,34,false,2.3117779167852555,12.248794419113199,40,false
safety,A6c,1,ood_compound,A6c_train_seed_1,50077,-201.30336539747333,250,false,0.41969366497012467,6.5245816365710372,40,false
safety,A6c,1,ood_compound,A6c_train_seed_1,50078,-571.87277855069078,250,false,2.3741973822229987,5.1304385820655005,40,false
safety,A6c,1,ood_compound,A6c_train_seed_1,50079,-435.36622309060715,250,false,0.8210815061259924,5.4685399129563432,40,false
safety,A6c,1,ood_compound,A6c_train_seed_1,50080,-236.00365832023454,250,false,0.31177302908987986,7.7266544297682813,40,false
safety,A6c,1,ood_compound,A6c_train_seed_1,50081,-193.18931123046337,250,false,0.42487283143773746,4.6740246079253165,40,false
safety,A6c,1,ood_compound,A6c_train_seed_1,50082,-152.58416358005042,250,false,0.29183153896267011,2.8770469388910391,40,false
safety,A6c,1,ood_compound,A6c_train_seed_1,50083,-193.47825381370174,250,false,0.16517149997474667,6.6524221304904856,40,false
safety,A6c,1,ood_compound,A6c_train_seed_1,50084,-601.25924781848278,250,false,1.7981299801974744,2.4924278681718968,40,false
safety,A6c,1,ood_compound,A6c_train_seed_1,50085,-280.46838095031131,250,false,0.51134144191096709,5.3983568215395978,40,false
safety,A6c,1,ood_compound,A6c_train_seed_1,50086,-375.01046910115917,250,false,0.57291578397860632,9.978066107102741,40,false
safety,A6c,1,ood_compound,A6c_train_seed_1,50087,-340.94929603029345,250,false,0.35479650033650068,1.7617910252629951,40,false
safety,A6c,1,ood_compound,A6c_train_seed_1,50088,-386.04523962623892,250,false,1.2134111899221824,4.7514847871744275,40,false
safety,A6c,1,ood_compound,A6c_train_seed_1,50089,-189.57658574250743,250,false,0.45996643002992327,5.5666805950500216,40,false
safety,A6c,1,ood_compound,A6c_train_seed_1,50090,-424.35573214495736,250,false,0.41508679327349907,4.0852411741324159,40,false
safety,A6c,1,ood_compound,A6c_train_seed_1,50091,-303.64324122849695,250,false,0.49051458480533811,6.0940407738241875,40,false
safety,A6c,1,ood_compound,A6c_train_seed_1,50092,-338.36991525496757,250,false,1.051097069960248,6.449464225467711,40,false
safety,A6c,1,ood_compound,A6c_train_seed_1,50093,-460.9524151567868,250,false,1.2266872296989948,10.026722283451944,40,false
safety,A6c,1,ood_compound,A6c_train_seed_1,50094,-264.67230531978976,250,false,0.65413916888473067,1.6335989349917843,40,false
safety,A6c,1,ood_compound,A6c_train_seed_1,50095,-221.99694877876084,250,false,0.77572571297684456,2.1409910046889857,40,false
safety,A6c,1,ood_compound,A6c_train_seed_1,50096,-510.09826742488281,250,false,0.90590284950695454,3.0833096428440339,40,false
safety,A6c,1,ood_compound,A6c_train_seed_1,50097,-327.61102103720208,250,false,1.1576897363656606,8.0518594824940291,40,false
safety,A6c,1,ood_compound,A6c_train_seed_1,50098,-135.01708041913761,51,false,1.7040019124099841,10.51146731650071,40,false
safety,A6c,1,ood_compound,A6c_train_seed_1,50099,-363.88749301598978,250,false,1.3665380523519588,9.3871257612613199,40,false
safety,A6c_gate_off_control,1,ood_compound,A6c_gate_off_control_train_seed_1,50000,-361.70026713969099,250,false,1.1739105093469961,4.7540590806043088,40,false
safety,A6c_gate_off_control,1,ood_compound,A6c_gate_off_control_train_seed_1,50001,-227.50974502052728,250,false,0.27096861528564092,5.4289662381324932,40,false
safety,A6c_gate_off_control,1,ood_compound,A6c_gate_off_control_train_seed_1,50002,-451.051253344217,250,false,1.5632469810515679,6.6959681370328914,40,false
safety,A6c_gate_off_control,1,ood_compound,A6c_gate_off_control_train_seed_1,50003,-202.06819938127461,58,false,3.1213760805171527,10.54034266072868,40,false
safety,A6c_gate_off_control,1,ood_compound,A6c_gate_off_control_train_seed_1,50004,-505.21577443923388,250,false,0.79409032429908699,5.0983284974409573,40,false
safety,A6c_gate_off_control,1,ood_compound,A6c_gate_off_control_train_seed_1,50005,-250.59238432087614,250,false,0.46578687164054833,5.2637336841436797,40,false
safety,A6c_gate_off_control,1,ood_compound,A6c_gate_off_control_train_seed_1,50006,-281.20557243604509,250,false,0.18853683411719691,2.6801519356102941,40,false
safety,A6c_gate_off_control,1,ood_compound,A6c_gate_off_control_train_seed_1,50007,-176.00049484909243,60,false,2.9215339234131887,11.815628626125363,40,false
safety,A6c_gate_off_control,1,ood_compound,A6c_gate_off_control_train_seed_1,50008,-338.911260096467,250,false,0.89793232596068495,8.5357809617801781,40,false
safety,A6c_gate_off_control,1,ood_compound,A6c_gate_off_control_train_seed_1,50009,-410.43849837804129,250,false,0.17992630881371263,2.5639115034639333,40,false
safety,A6c_gate_off_control,1,ood_compound,A6c_gate_off_control_train_seed_1,50010,-272.5369140543292,250,false,0.275673437244705,3.2964200504903372,40,false
safety,A6c_gate_off_control,1,ood_compound,A6c_gate_off_control_train_seed_1,50011,-250.66155086564626,250,false,0.70949036594899018,5.9969526583133579,40,false
safety,A6c_gate_off_control,1,ood_compound,A6c_gate_off_control_train_seed_1,50012,-186.97140008752822,171,true,0.046806999530073376,2.9262817042057785,40,false
safety,A6c_gate_off_control,1,ood_compound,A6c_gate_off_control_train_seed_1,50013,-963.07656217779038,250,false,3.3524818538630088,2.2463675714123719,40,false
safety,A6c_gate_off_control,1,ood_compound,A6c_gate_off_control_train_seed_1,50014,-320.21771426669824,250,false,0.97669523169506012,7.7927843973480311,40,false
safety,A6c_gate_off_control,1,ood_compound,A6c_gate_off_control_train_seed_1,50015,-385.30687712731628,250,false,0.21307127269832579,3.553394937403537,40,false
safety,A6c_gate_off_control,1,ood_compound,A6c_gate_off_control_train_seed_1,50016,-507.49635224974696,250,false,0.64469324209153911,1.8926761265770264,40,false
safety,A6c_gate_off_control,1,ood_compound,A6c_gate_off_control_train_seed_1,50017,-331.86492188870471,250,false,0.98485745939948088,7.9357950283160106,40,false
safety,A6c_gate_off_control,1,ood_compound,A6c_gate_off_control_train_seed_1,50018,-471.85433516511091,250,false,0.7195632949721098,5.8548445344736439,40,false
safety,A6c_gate_off_control,1,ood_compound,A6c_gate_off_control_train_seed_1,50019,-797.59874609156554,250,false,2.795407064904309,0.98517658636350436,40,false
safety,A6c_gate_off_control,1,ood_compound,A6c_gate_off_control_train_seed_1,50020,-393.13713727864967,250,false,1.0331786499881119,1.9582705095528321,40,false
safety,A6c_gate_off_control,1,ood_compound,A6c_gate_off_control_train_seed_1,50021,-425.12169543189771,250,false,1.3361140199993922,1.5782731782106125,40,false
safety,A6c_gate_off_control,1,ood_compound,A6c_gate_off_control_train_seed_1,50022,-333.59040334664178,250,false,0.40454147014020592,3.3077073736121174,40,false
safety,A6c_gate_off_control,1,ood_compound,A6c_gate_off_control_train_seed_1,50023,-198.20908049788679,250,false,0.15840776872619319,7.0664551423112956,40,false
safety,A6c_gate_off_control,1,ood_compound,A6c_gate_off_control_train_seed_1,50024,-305.28632978939459,250,false,0.8297180886687342,3.5251870625357542,40,false
safety,A6c_gate_off_control,1,ood_compound,A6c_gate_off_control_train_seed_1,50025,-184.31686301524249,250,false,0.21295577602722759,9.3806164066296738,40,false
safety,A6c_gate_off_control,1,ood_compound,A6c_gate_off_control_train_seed_1,50026,-407.78284784997282,250,false,1.4986532882203201,8.66447757113996,40,false
safety,A6c_gate_off_control,1,ood_compound,A6c_gate_off_control_train_seed_1,50027,-186.55320460736183,250,false,0.21004090250065141,5.0005670670875686,40,false
safety,A6c_gate_off_control,1,ood_compound,A6c_gate_off_control_train_seed_1,50028,-346.34379003723114,250,false,0.17751532756373578,5.8110367938522858,40,false
safety,A6c_gate_off_control,1,ood_compound,A6c_gate_off_control_train_seed_1,50029,-717.83493215944861,250,false,1.9325169893566763,2.6757827129079406,40,false
safety,A6c_gate_off_control,1,ood_compound,A6c_gate_off_control_train_seed_1,50030,-188.08601158993474,250,false,0.26705158781661203,5.8470666664973052,40,false
safety,A6c_gate_off_control,1,ood_compound,A6c_gate_off_control_train_seed_1,50031,-219.69396959355672,250,false,0.13013612977766587,5.3837582657850254,40,false
safety,A6c_gate_off_control,1,ood_compound,A6c_gate_off_control_train_seed_1,50032,-317.33713812583329,250,false,0.45602610336245725,2.7666968457587493,40,false
safety,A6c_gate_off_control,1,ood_compound,A6c_gate_off_control_train_seed_1,50033,-405.21596092170415,250,false,1.4208339965121,2.252869571752194,40,false
safety,A6c_gate_off_control,1,ood_compound,A6c_gate_off_control_train_seed_1,50034,-479.33977770140257,250,false,1.5607761181501816,4.5999627783077859,40,false
safety,A6c_gate_off_control,1,ood_compound,A6c_gate_off_control_train_seed_1,50035,-423.77943389906699,250,false,1.435874836663465,5.4175865935505207,40,false
safety,A6c_gate_off_control,1,ood_compound,A6c_gate_off_control_train_seed_1,50036,-587.93640890331699,250,false,2.2336690648300217,1.538461148136014,40,false
safety,A6c_gate_off_control,1,ood_compound,A6c_gate_off_control_train_seed_1,50037,-609.49991703972432,250,false,2.2683327048743487,0.99632922436223315,40,false
safety,A6c_gate_off_control,1,ood_compound,A6c_gate_off_control_train_seed_1,50038,-276.94358156651805,250,false,0.56693000095650059,6.8212556744882864,40,false
safety,A6c_gate_off_control,1,ood_compound,A6c_gate_off_control_train_seed_1,50039,-510.38251919292372,250,false,1.9221123890468437,1.6411402932615413,40,false
safety,A6c_gate_off_control,1,ood_compound,A6c_gate_off_control_train_seed_1,50040,-231.76166766141387,250,false,0.69471475339411426,6.5565115951671427,40,false
safety,A6c_gate_off_control,1,ood_compound,A6c_gate_off_control_train_seed_1,50041,-320.28741481065219,250,false,0.12553139348484438,2.9860210610134024,40,false
safety,A6c_gate_off_control,1,ood_compound,A6c_gate_off_control_train_seed_1,50042,-327.28931727843673,250,false,1.0448760197545617,4.5490827514862682,40,false
safety,A6c_gate_off_control,1,ood_compound,A6c_gate_off_control_train_seed_1,50043,-316.51459157751896,250,false,0.91490106219831158,0.74508640807849347,40,false
safety,A6c_gate_off_control,1,ood_compound,A6c_gate_off_control_train_seed_1,50044,-678.12345027710739,250,false,2.3422383102063788,0.82823470822848944,40,false
safety,A6c_gate_off_control,1,ood_compound,A6c_gate_off_control_train_seed_1,50045,-714.42197228587349,250,false,2.5183002409563713,1.8813805610148036,40,false
safety,A6c_gate_off_control,1,ood_compound,A6c_gate_off_control_train_seed_1,50046,-264.87954237343638,250,false,0.27356593380798361,3.1267885896809111,40,false
safety,A6c_gate_off_control,1,ood_compound,A6c_gate_off_control_train_seed_1,50047,-463.52602945951469,250,false,2.0631208621934625,4.2504934682671456,40,false
safety,A6c_gate_off_control,1,ood_compound,A6c_gate_off_control_train_seed_1,50048,-155.25401248519191,250,false,0.20113927975704626,5.988111532571752,40,false
safety,A6c_gate_off_control,1,ood_compound,A6c_gate_off_control_train_seed_1,50049,-629.23534292563374,250,false,0.30780207894672612,2.2191174391255597,40,false
safety,A6c_gate_off_control,1,ood_compound,A6c_gate_off_control_train_seed_1,50050,-270.25227930895147,250,false,0.48422233767851469,5.3063541451160834,40,false
safety,A6c_gate_off_control,1,ood_compound,A6c_gate_off_control_train_seed_1,50051,-272.10672320462049,250,false,0.66120595067297161,5.0016221750291265,40,false
safety,A6c_gate_off_control,1,ood_compound,A6c_gate_off_control_train_seed_1,50052,-382.37100687659881,250,false,0.97684860973451626,5.9731723093687785,40,false
safety,A6c_gate_off_control,1,ood_compound,A6c_gate_off_control_train_seed_1,50053,-287.03887480451459,250,false,0.080917645482394635,2.0002946860816833,40,false
safety,A6c_gate_off_control,1,ood_compound,A6c_gate_off_control_train_seed_1,50054,-207.71645409483355,250,false,0.27617542994115279,4.8657620616269055,40,false
safety,A6c_gate_off_control,1,ood_compound,A6c_gate_off_control_train_seed_1,50055,-318.28574826786479,250,false,0.48944536008333844,2.2703085337719338,40,false
safety,A6c_gate_off_control,1,ood_compound,A6c_gate_off_control_train_seed_1,50056,-81.497249459646412,250,false,0.13300895352817013,2.6025769672534893,40,false
safety,A6c_gate_off_control,1,ood_compound,A6c_gate_off_control_train_seed_1,50057,-578.88683893906523,250,false,1.3695524020430638,2.3211199176471449,40,false
safety,A6c_gate_off_control,1,ood_compound,A6c_gate_off_control_train_seed_1,50058,-323.30840955977681,250,false,0.16370618598306913,4.0416687958618027,40,false
safety,A6c_gate_off_control,1,ood_compound,A6c_gate_off_control_train_seed_1,50059,-369.17659212924053,250,false,1.1480210933252242,4.0867547679798832,40,false
safety,A6c_gate_off_control,1,ood_compound,A6c_gate_off_control_train_seed_1,50060,-904.39545159317333,250,false,3.2067319821746119,0.75642190435658163,40,false
safety,A6c_gate_off_control,1,ood_compound,A6c_gate_off_control_train_seed_1,50061,-324.64781814548576,250,false,0.79211782083423188,4.0004869758197179,40,false
safety,A6c_gate_off_control,1,ood_compound,A6c_gate_off_control_train_seed_1,50062,-187.1586135242448,250,false,0.19071163019463316,8.4868019485443895,40,false
safety,A6c_gate_off_control,1,ood_compound,A6c_gate_off_control_train_seed_1,50063,-491.13930656800278,250,false,2.3258138073176955,1.6309515108904944,40,false
safety,A6c_gate_off_control,1,ood_compound,A6c_gate_off_control_train_seed_1,50064,-597.42200194426539,250,false,2.1379680027047296,2.9378951353790019,40,false
safety,A6c_gate_off_control,1,ood_compound,A6c_gate_off_control_train_seed_1,50065,-137.83077702692702,250,false,0.069564093941998015,4.4494134630651105,40,false
safety,A6c_gate_off_control,1,ood_compound,A6c_gate_off_control_train_seed_1,50066,-751.66640865732745,250,false,2.6031121266120332,1.3439471624635615,40,false
safety,A6c_gate_off_control,1,ood_compound,A6c_gate_off_control_train_seed_1,50067,-422.18201104663393,250,false,1.2009535420001827,4.0926674742110603,40,false
safety,A6c_gate_off_control,1,ood_compound,A6c_gate_off_control_train_seed_1,50068,-132.19249361665703,152,true,0.041168117901698373,3.3015478885830243,36.421527862548828,false
safety,A6c_gate_off_control,1,ood_compound,A6c_gate_off_control_train_seed_1,50069,-349.93356916568683,250,false,0.077431461920093383,3.8379561454906597,40,false
safety,A6c_gate_off_control,1,ood_compound,A6c_gate_off_control_train_seed_1,50070,-314.39212558390494,250,false,0.94421428781074068,4.5423005219794934,40,false
safety,A6c_gate_off_control,1,ood_compound,A6c_gate_off_control_train_seed_1,50071,-642.95198657842775,250,false,2.2459802455716682,1.367385085558088,40,false
safety,A6c_gate_off_control,1,ood_compound,A6c_gate_off_control_train_seed_1,50072,-236.18303803464659,250,false,0.38792969964702956,4.6970633063861431,40,false
safety,A6c_gate_off_control,1,ood_compound,A6c_gate_off_control_train_seed_1,50073,-284.34643032440385,250,false,0.60827568862661818,4.9382348696004534,40,false
safety,A6c_gate_off_control,1,ood_compound,A6c_gate_off_control_train_seed_1,50074,-405.28353230682563,250,false,1.3493200801656804,3.7049097326866218,40,false
safety,A6c_gate_off_control,1,ood_compound,A6c_gate_off_control_train_seed_1,50075,-414.59932686236669,250,false,1.1182890931772058,4.4462300812229767,40,false
safety,A6c_gate_off_control,1,ood_compound,A6c_gate_off_control_train_seed_1,50076,-119.42706877908367,36,false,2.144841062453561,10.762251635381165,40,false
safety,A6c_gate_off_control,1,ood_compound,A6c_gate_off_control_train_seed_1,50077,-175.9718088403533,250,false,0.2773865937112025,6.1548834495696383,40,false
safety,A6c_gate_off_control,1,ood_compound,A6c_gate_off_control_train_seed_1,50078,-571.6554182690287,250,false,2.3151055266891212,5.0988235627047604,40,false
safety,A6c_gate_off_control,1,ood_compound,A6c_gate_off_control_train_seed_1,50079,-435.49577759535009,250,false,0.81930091792580695,6.0685850821447858,40,false
safety,A6c_gate_off_control,1,ood_compound,A6c_gate_off_control_train_seed_1,50080,-229.47766630127563,250,false,0.36250466890489813,7.8183483252731252,40,false
safety,A6c_gate_off_control,1,ood_compound,A6c_gate_off_control_train_seed_1,50081,-180.37176223455168,250,false,0.32853187528141642,4.7018130352954532,40,false
safety,A6c_gate_off_control,1,ood_compound,A6c_gate_off_control_train_seed_1,50082,-82.466697996192167,107,true,0.048557029775664555,2.9904067420977212,40,false
safety,A6c_gate_off_control,1,ood_compound,A6c_gate_off_control_train_seed_1,50083,-198.27542140101551,250,false,0.17309902637276389,7.0050265791420507,40,false
safety,A6c_gate_off_control,1,ood_compound,A6c_gate_off_control_train_seed_1,50084,-601.25924781848278,250,false,1.7981299801974744,2.4924278681718968,40,false
safety,A6c_gate_off_control,1,ood_compound,A6c_gate_off_control_train_seed_1,50085,-282.82468003532631,250,false,0.52774173835265226,4.3471092448005884,40,false
safety,A6c_gate_off_control,1,ood_compound,A6c_gate_off_control_train_seed_1,50086,-383.38371009847793,250,false,0.60154885098921995,9.7421224831948834,40,false
safety,A6c_gate_off_control,1,ood_compound,A6c_gate_off_control_train_seed_1,50087,-331.03585894121215,250,false,0.066672035750942008,1.7596443739457437,40,false
safety,A6c_gate_off_control,1,ood_compound,A6c_gate_off_control_train_seed_1,50088,-400.54895265912558,250,false,1.2002198599972154,5.4886535147526123,40,false
safety,A6c_gate_off_control,1,ood_compound,A6c_gate_off_control_train_seed_1,50089,-181.00330568461658,250,false,0.40341092285612895,6.1099350049850312,40,false
safety,A6c_gate_off_control,1,ood_compound,A6c_gate_off_control_train_seed_1,50090,-412.20653754338008,250,false,0.25509276821970844,4.0852411741324159,40,false
safety,A6c_gate_off_control,1,ood_compound,A6c_gate_off_control_train_seed_1,50091,-307.13055803716526,250,false,0.49681834498400707,6.3252194655987424,40,false
safety,A6c_gate_off_control,1,ood_compound,A6c_gate_off_control_train_seed_1,50092,-333.38318278116475,250,false,1.016962907610951,6.5432857426566642,40,false
safety,A6c_gate_off_control,1,ood_compound,A6c_gate_off_control_train_seed_1,50093,-460.33667557416004,250,false,1.2387050513918543,8.555314586781348,40,false
safety,A6c_gate_off_control,1,ood_compound,A6c_gate_off_control_train_seed_1,50094,-165.61245016799757,250,false,0.21610332018683759,1.6335989349917843,40,false
safety,A6c_gate_off_control,1,ood_compound,A6c_gate_off_control_train_seed_1,50095,-249.82983938664944,250,false,0.16183959874499751,2.23539875203114,38.101047515869141,false
safety,A6c_gate_off_control,1,ood_compound,A6c_gate_off_control_train_seed_1,50096,-512.20379626416832,250,false,0.60442851324131242,3.1052868087217949,40,false
safety,A6c_gate_off_control,1,ood_compound,A6c_gate_off_control_train_seed_1,50097,-328.07307466535605,250,false,1.1637739435152215,8.5260120254059277,40,false
safety,A6c_gate_off_control,1,ood_compound,A6c_gate_off_control_train_seed_1,50098,-445.69605156740931,250,false,1.2270166823676483,10.199152122089638,40,false
safety,A6c_gate_off_control,1,ood_compound,A6c_gate_off_control_train_seed_1,50099,-363.27136692243153,250,false,1.3718328986903943,9.4020273380362411,40,false
safety,A4c,1,motor_fault,A4c_train_seed_1,50000,-313.36049942117603,250,false,1.0905449981099706,5.7957976628893091,34.579925537109375,true
safety,A4c,1,motor_fault,A4c_train_seed_1,50001,-178.88236049144103,250,false,0.33260607986522051,10.618338546455259,40,true
safety,A4c,1,motor_fault,A4c_train_seed_1,50002,-185.77872757189488,250,false,0.93010176593857352,7.7275167659802158,40,true
safety,A4c,1,motor_fault,A4c_train_seed_1,50003,-298.36220958438872,250,false,0.78752562670521187,12.519412075621217,40,true
safety,A4c,1,motor_fault,A4c_train_seed_1,50004,-264.76998145995395,250,false,0.92389712526966383,8.5870508067635498,40,true
safety,A4c,1,motor_fault,A4c_train_seed_1,50005,-181.57048922656733,250,false,0.17571478667169529,14.837095292343914,40,true
safety,A4c,1,motor_fault,A4c_train_seed_1,50006,-283.31974092895507,250,false,1.4770755235138757,6.3396628924350171,40,true
safety,A4c,1,motor_fault,A4c_train_seed_1,50007,-315.22905698934824,250,false,0.72189974955949188,10.827618682355109,40,true
safety,A4c,1,motor_fault,A4c_train_seed_1,50008,-240.2811613096784,250,false,0.5875215484102122,8.1353650907905148,40,true
safety,A4c,1,motor_fault,A4c_train_seed_1,50009,-174.63925598345625,250,false,0.44778890379996128,10.318646216425929,40,true
safety,A4c,1,motor_fault,A4c_train_seed_1,50010,-125.48213059895207,250,false,0.2731547239071408,13.30441595942435,39.837444305419922,true
safety,A4c,1,motor_fault,A4c_train_seed_1,50011,-208.49396938027471,250,false,0.71050427181514364,5.3550090782060575,37.043926239013672,true
safety,A4c,1,motor_fault,A4c_train_seed_1,50012,-74.363027294270253,250,false,0.070560809155059717,11.098059705811004,40,true
safety,A4c,1,motor_fault,A4c_train_seed_1,50013,-286.98243075655517,250,false,0.85197394160148454,10.724023752186124,40,true
safety,A4c,1,motor_fault,A4c_train_seed_1,50014,-319.73694715165527,250,false,0.81410137323132736,21.11242466685361,40,true
safety,A4c,1,motor_fault,A4c_train_seed_1,50015,-382.18484784209591,250,false,1.2132025950980183,10.948046854376042,40,true
safety,A4c,1,motor_fault,A4c_train_seed_1,50016,-316.47010877561627,250,false,1.0840838636830346,10.238473545398113,40,true
safety,A4c,1,motor_fault,A4c_train_seed_1,50017,-184.52992819654526,250,false,0.44115189566506591,10.354486559111615,40,true
safety,A4c,1,motor_fault,A4c_train_seed_1,50018,-124.40642204399414,87,true,0.04918123064159427,11.900785830986056,40,true
safety,A4c,1,motor_fault,A4c_train_seed_1,50019,-246.71664018032692,250,false,0.55225904007018156,12.1219279438874,40,true
safety,A4c,1,motor_fault,A4c_train_seed_1,50020,-283.41654208456504,250,false,0.95245938051909196,4.0420698727495239,40,true
safety,A4c,1,motor_fault,A4c_train_seed_1,50021,-249.44157042167174,250,false,0.99423018651094108,4.0474406936695724,27.813018798828125,true
safety,A4c,1,motor_fault,A4c_train_seed_1,50022,-272.05845990517832,250,false,0.73859302045934017,11.562144732925839,40,true
safety,A4c,1,motor_fault,A4c_train_seed_1,50023,-140.96113075610776,250,false,0.16858671649923113,9.9189142668328394,40,true
safety,A4c,1,motor_fault,A4c_train_seed_1,50024,-144.90382568218129,250,false,0.48729915070394958,4.1131632291879381,28.405387878417969,true
safety,A4c,1,motor_fault,A4c_train_seed_1,50025,-210.36245981272728,250,false,0.46538297491368774,14.869698022669025,40,true
safety,A4c,1,motor_fault,A4c_train_seed_1,50026,-370.48880334412007,250,false,1.3485896982788339,6.2718854336928223,40,true
safety,A4c,1,motor_fault,A4c_train_seed_1,50027,-74.742997518770849,250,false,0.104728759768806,8.1507455460217599,40,true
safety,A4c,1,motor_fault,A4c_train_seed_1,50028,-242.02068732941925,250,false,0.46658480849531531,16.035372511188221,40,true
safety,A4c,1,motor_fault,A4c_train_seed_1,50029,-208.78940968359666,250,false,0.34596000816755157,13.703835569673592,40,true
safety,A4c,1,motor_fault,A4c_train_seed_1,50030,-158.78329283136677,250,false,0.34243847947236739,9.7564760732979252,40,true
safety,A4c,1,motor_fault,A4c_train_seed_1,50031,-83.44012064544728,63,true,0.039875079402727713,13.91731497585214,40,true
safety,A4c,1,motor_fault,A4c_train_seed_1,50032,-236.55535170409209,250,false,0.66460364292398022,12.050963098094691,40,true
safety,A4c,1,motor_fault,A4c_train_seed_1,50033,-118.04620898364034,250,false,0.3728127186898712,4.6134568169853871,25.363433837890625,true
safety,A4c,1,motor_fault,A4c_train_seed_1,50034,-31.38597637342248,49,true,0.037004256597001732,6.9429444158122964,40,true
safety,A4c,1,motor_fault,A4c_train_seed_1,50035,-379.60099255326179,250,false,1.3826995210571351,5.7418458162620123,40,true
safety,A4c,1,motor_fault,A4c_train_seed_1,50036,-346.86636075722009,250,false,1.6781174214256489,4.337689024232354,40,true
safety,A4c,1,motor_fault,A4c_train_seed_1,50037,-283.91002045820659,250,false,1.0863124509701467,10.742534728032172,40,true
safety,A4c,1,motor_fault,A4c_train_seed_1,50038,-269.45581031840072,250,false,0.55558176965896844,19.226133479659449,40,true
safety,A4c,1,motor_fault,A4c_train_seed_1,50039,-155.41485713204509,250,false,0.49995398309301586,2.7561877918754014,37.293235778808594,true
safety,A4c,1,motor_fault,A4c_train_seed_1,50040,-106.54368341388899,250,false,0.15278879437325016,10.776599611385985,40,true
safety,A4c,1,motor_fault,A4c_train_seed_1,50041,-99.191611060590958,250,false,0.17844635050727364,13.051327806142655,40,true
safety,A4c,1,motor_fault,A4c_train_seed_1,50042,-70.579081519696473,250,false,0.077701543630008751,6.8909760483758831,40,true
safety,A4c,1,motor_fault,A4c_train_seed_1,50043,-205.86995122748255,250,false,0.85501733785092227,2.7827057632243624,40,true
safety,A4c,1,motor_fault,A4c_train_seed_1,50044,-337.09269937010833,250,false,1.3162112623595603,11.471940688439826,40,true
safety,A4c,1,motor_fault,A4c_train_seed_1,50045,-234.27970616824288,250,false,0.50484219579570155,11.36032626621915,40,true
safety,A4c,1,motor_fault,A4c_train_seed_1,50046,-101.29473118785108,250,false,0.16029863844173639,15.081993086862832,40,true
safety,A4c,1,motor_fault,A4c_train_seed_1,50047,-238.1785337240301,250,false,0.96975005352453947,4.3405544677773324,40,true
safety,A4c,1,motor_fault,A4c_train_seed_1,50048,-131.39371581746826,250,false,0.2904980687332735,7.3849260427526007,40,true
safety,A4c,1,motor_fault,A4c_train_seed_1,50049,-191.37033787327567,250,false,0.38105440322027634,14.358386344512624,40,true
safety,A4c,1,motor_fault,A4c_train_seed_1,50050,-209.25501690632777,250,false,0.35352099828368772,15.141527861240411,40,true
safety,A4c,1,motor_fault,A4c_train_seed_1,50051,-168.85019934411002,250,false,0.15052293516524218,16.752255118990533,40,true
safety,A4c,1,motor_fault,A4c_train_seed_1,50052,-205.7346033604648,250,false,0.2144748121927918,14.817976135475488,40,true
safety,A4c,1,motor_fault,A4c_train_seed_1,50053,-298.54532735764508,250,false,1.1916186411154992,8.65202644081951,40,true
safety,A4c,1,motor_fault,A4c_train_seed_1,50054,-193.60906200794992,250,false,0.29727388225516155,19.001645489067784,40,true
safety,A4c,1,motor_fault,A4c_train_seed_1,50055,-323.5615661466976,250,false,1.0073647867920665,9.9120258674585013,40,true
safety,A4c,1,motor_fault,A4c_train_seed_1,50056,-50.440401181406116,250,false,0.10503868710836643,4.9300260137304717,21.748111724853516,true
safety,A4c,1,motor_fault,A4c_train_seed_1,50057,-117.85980293819061,250,false,0.14517888018891184,8.2596289125858089,40,true
safety,A4c,1,motor_fault,A4c_train_seed_1,50058,-208.11531335049628,250,false,0.29403786481656358,14.647816233700931,40,true
safety,A4c,1,motor_fault,A4c_train_seed_1,50059,-274.63077935886002,250,false,0.88176126505702968,5.5189389608948298,40,true
safety,A4c,1,motor_fault,A4c_train_seed_1,50060,-197.17419492015077,250,false,0.25245271533335134,15.552816896136099,40,true
safety,A4c,1,motor_fault,A4c_train_seed_1,50061,-218.67195552724849,250,false,0.71551272516881514,4.4753559806627701,35.440830230712891,true
safety,A4c,1,motor_fault,A4c_train_seed_1,50062,-207.23835820144424,250,false,0.37104789302703817,14.927433861846936,40,true
safety,A4c,1,motor_fault,A4c_train_seed_1,50063,-281.23126493631707,250,false,0.96497430625015834,3.6388346080073464,33.758087158203125,true
safety,A4c,1,motor_fault,A4c_train_seed_1,50064,-96.192858633455344,250,false,0.16757285084703624,6.9038315110827009,40,true
safety,A4c,1,motor_fault,A4c_train_seed_1,50065,-20.378088178378505,38,true,0.012114823330049953,6.085139609183253,40,true
safety,A4c,1,motor_fault,A4c_train_seed_1,50066,-194.64695225188063,250,false,0.43173500615495763,10.36999030780029,40,true
safety,A4c,1,motor_fault,A4c_train_seed_1,50067,-130.62402444141563,250,false,0.64736020732097066,5.5762806420201292,34.990856170654297,true
safety,A4c,1,motor_fault,A4c_train_seed_1,50068,-15.698009215375393,35,true,0.033758233005716891,6.7074160427533922,21.105070114135742,true
safety,A4c,1,motor_fault,A4c_train_seed_1,50069,-118.62659626292714,250,false,0.13803893043455862,15.939219392681977,40,true
safety,A4c,1,motor_fault,A4c_train_seed_1,50070,-253.8849151973327,250,false,0.90451560119727503,4.876074546574424,29.718902587890625,true
safety,A4c,1,motor_fault,A4c_train_seed_1,50071,-24.500112552218759,73,true,0.048769583370919641,6.7702518616810163,39.484020233154297,true
safety,A4c,1,motor_fault,A4c_train_seed_1,50072,-156.10379406507462,250,false,0.11915086704165194,12.863573758018775,40,true
safety,A4c,1,motor_fault,A4c_train_seed_1,50073,-284.97163018971037,250,false,0.50684416384757547,21.307047930629352,40,true
safety,A4c,1,motor_fault,A4c_train_seed_1,50074,-308.60016440785307,250,false,1.302261981339905,5.7310201513463639,29.736135482788086,true
safety,A4c,1,motor_fault,A4c_train_seed_1,50075,-366.59679656716645,250,false,1.2234062463213817,7.8789917629930857,40,true
safety,A4c,1,motor_fault,A4c_train_seed_1,50076,-191.58756261068024,250,false,0.17707315648353475,11.24668226623969,40,true
safety,A4c,1,motor_fault,A4c_train_seed_1,50077,-63.409215392301967,250,false,0.074566326634599264,11.373481658961506,40,true
safety,A4c,1,motor_fault,A4c_train_seed_1,50078,-83.869749459401334,250,false,0.12459693340474216,3.8285225305738972,39.11639404296875,true
safety,A4c,1,motor_fault,A4c_train_seed_1,50079,-182.67535677076106,250,false,0.090157393830610735,12.930792272885306,40,true
safety,A4c,1,motor_fault,A4c_train_seed_1,50080,-192.29008846878492,250,false,0.25554088872815334,17.357012325958294,40,true
safety,A4c,1,motor_fault,A4c_train_seed_1,50081,-79.69241072000878,250,false,0.061935786557769629,10.781756705272855,39.459041595458984,true
safety,A4c,1,motor_fault,A4c_train_seed_1,50082,-27.765486489466781,41,true,0.0093176863966541179,10.680337206049883,40,true
safety,A4c,1,motor_fault,A4c_train_seed_1,50083,-84.785557536149682,87,true,0.048747599313185348,11.693327919299785,40,true
safety,A4c,1,motor_fault,A4c_train_seed_1,50084,-24.937006526624273,65,true,0.049355244864763399,6.763065913934839,40,true
safety,A4c,1,motor_fault,A4c_train_seed_1,50085,-160.9458840386722,250,false,0.15656339266113781,15.004366885807213,40,true
safety,A4c,1,motor_fault,A4c_train_seed_1,50086,-61.228477766382987,60,true,0.049328310217926219,17.708764019103462,40,true
safety,A4c,1,motor_fault,A4c_train_seed_1,50087,-27.295090925649834,45,true,0.023023637182433814,4.4529790690408282,40,true
safety,A4c,1,motor_fault,A4c_train_seed_1,50088,-132.29886344219722,250,false,0.15132349663574385,16.734798982824465,40,true
safety,A4c,1,motor_fault,A4c_train_seed_1,50089,-152.75334920290334,250,false,0.34654766737345077,6.6622085802704811,40,true
safety,A4c,1,motor_fault,A4c_train_seed_1,50090,-262.17152364622194,250,false,0.57930321805696772,10.827593386881313,40,true
safety,A4c,1,motor_fault,A4c_train_seed_1,50091,-199.12146719441762,250,false,0.094578026422513575,10.24168583989454,40,true
safety,A4c,1,motor_fault,A4c_train_seed_1,50092,-306.99666708846144,250,false,1.0111613667344344,8.9333404434717991,40,true
safety,A4c,1,motor_fault,A4c_train_seed_1,50093,-211.56357368280021,250,false,0.26225984760529325,11.068042954778992,40,true
safety,A4c,1,motor_fault,A4c_train_seed_1,50094,-220.32834967212855,250,false,0.88555154129186453,3.5389152800167283,40,true
safety,A4c,1,motor_fault,A4c_train_seed_1,50095,-267.77608504180898,250,false,1.1256825197358378,4.9084301882538766,37.288600921630859,true
safety,A4c,1,motor_fault,A4c_train_seed_1,50096,-287.3224282611904,250,false,0.89539044594224981,11.65249035654678,40,true
safety,A4c,1,motor_fault,A4c_train_seed_1,50097,-314.1175013250072,250,false,1.1046333328298705,7.0748715989177757,40,true
safety,A4c,1,motor_fault,A4c_train_seed_1,50098,-106.94295938750497,250,false,0.085562220081138271,13.823587721939976,40,true
safety,A4c,1,motor_fault,A4c_train_seed_1,50099,-373.08347410762366,250,false,1.1264845068804665,10.840211270382042,40,true
safety,A3,1,motor_fault,A3_train_seed_1,50000,-291.12454219160162,250,false,1.0741839567275966,5.0860406945637955,40,true
safety,A3,1,motor_fault,A3_train_seed_1,50001,-172.16946585647801,250,false,0.23302413775191941,11.053679254208374,40,true
safety,A3,1,motor_fault,A3_train_seed_1,50002,-79.071363222296299,250,false,0.091625144155609364,9.6568730553158293,40,true
safety,A3,1,motor_fault,A3_train_seed_1,50003,-261.85326663539109,250,false,0.54603971932117135,11.229546863006204,40,true
safety,A3,1,motor_fault,A3_train_seed_1,50004,-165.80749691655726,250,false,0.50649221646245401,9.5708445682564474,40,true
safety,A3,1,motor_fault,A3_train_seed_1,50005,-105.7943629417762,250,false,0.062635376926962666,14.129438215669149,40,true
safety,A3,1,motor_fault,A3_train_seed_1,50006,-80.496967956117018,250,false,0.063675201615650434,6.546711570332719,40,true
safety,A3,1,motor_fault,A3_train_seed_1,50007,-279.82887177595273,250,false,0.60540249729697204,10.633215404266059,40,true
safety,A3,1,motor_fault,A3_train_seed_1,50008,-171.18421191812217,250,false,0.32225860854941568,8.3539744519151515,40,true
safety,A3,1,motor_fault,A3_train_seed_1,50009,-138.01908045510129,250,false,0.30184238649407052,9.3341664368427875,40,true
safety,A3,1,motor_fault,A3_train_seed_1,50010,-94.445007541930508,250,false,0.12197820291552396,11.815622145500175,40,true
safety,A3,1,motor_fault,A3_train_seed_1,50011,-176.09452581279203,250,false,0.5369743422306632,5.3881173069385166,40,true
safety,A3,1,motor_fault,A3_train_seed_1,50012,-63.431002681892082,250,false,0.066353827117329831,12.816985595857972,40,true
safety,A3,1,motor_fault,A3_train_seed_1,50013,-249.76689944508917,250,false,0.65222006035297053,9.5027005965459104,40,true
safety,A3,1,motor_fault,A3_train_seed_1,50014,-271.33016719229028,250,false,0.5757174258469222,19.699553577459429,40,true
safety,A3,1,motor_fault,A3_train_seed_1,50015,-295.23357243050918,250,false,0.91265484196491131,10.996416042028411,40,true
safety,A3,1,motor_fault,A3_train_seed_1,50016,-267.76786222483412,250,false,0.90448457043790254,9.0095991986120989,40,true
safety,A3,1,motor_fault,A3_train_seed_1,50017,-124.22261723460203,250,false,0.17231219856897148,10.888969940373121,40,true
safety,A3,1,motor_fault,A3_train_seed_1,50018,-100.19073906564863,82,true,0.034147909132457632,12.061228267071739,40,true
safety,A3,1,motor_fault,A3_train_seed_1,50019,-200.59021052923148,250,false,0.44569072542447968,10.79411269483094,40,true
safety,A3,1,motor_fault,A3_train_seed_1,50020,-161.23745985805135,250,false,0.89096003363134924,5.973468657460864,40,true
safety,A3,1,motor_fault,A3_train_seed_1,50021,-65.362994216254179,250,false,0.097785011552750975,4.5045799194252352,29.570888519287109,true
safety,A3,1,motor_fault,A3_train_seed_1,50022,-190.92600053189713,250,false,0.4532790070130312,11.338941969662194,40,true
safety,A3,1,motor_fault,A3_train_seed_1,50023,-90.604695065569899,84,true,0.048337059564773091,10.203536944912241,40,true
safety,A3,1,motor_fault,A3_train_seed_1,50024,-122.44260623893659,250,false,0.44181172597514518,5.6502079175682063,30.685880661010742,true
safety,A3,1,motor_fault,A3_train_seed_1,50025,-171.99892798318177,250,false,0.26783828134798038,13.372003908673459,40,true
safety,A3,1,motor_fault,A3_train_seed_1,50026,-292.10530065208729,250,false,0.97237198411080616,7.5528828665097967,40,true
safety,A3,1,motor_fault,A3_train_seed_1,50027,-69.423467197888257,250,false,0.061207321864097775,9.3404434757564729,40,true
safety,A3,1,motor_fault,A3_train_seed_1,50028,-139.41289555641504,250,false,0.10157145939033768,14.300747342588595,40,true
safety,A3,1,motor_fault,A3_train_seed_1,50029,-109.34230755338336,73,true,0.012858285230292378,12.107626176718778,40,true
safety,A3,1,motor_fault,A3_train_seed_1,50030,-83.893911907927176,82,true,0.044081327436960992,10.391598352533473,40,true
safety,A3,1,motor_fault,A3_train_seed_1,50031,-115.0305927056726,250,false,0.088712978229217671,12.615090581504433,40,true
safety,A3,1,motor_fault,A3_train_seed_1,50032,-161.94647027443742,250,false,0.37270256404838548,12.094790328579442,40,true
safety,A3,1,motor_fault,A3_train_seed_1,50033,-3.1195400950878369,26,true,0.043370193979121993,4.6968254629344059,24.453701019287109,true
safety,A3,1,motor_fault,A3_train_seed_1,50034,-39.47496420645944,101,true,0.049636710525858219,8.7177245738725659,40,true
safety,A3,1,motor_fault,A3_train_seed_1,50035,-270.57160368988457,250,false,0.972242888342711,6.6230605295248823,40,true
safety,A3,1,motor_fault,A3_train_seed_1,50036,-324.49914211142482,250,false,1.3490008911422291,6.2093457683653206,38.276973724365234,true
safety,A3,1,motor_fault,A3_train_seed_1,50037,-100.81777056143846,250,false,0.13833318892071245,10.416736067234838,40,true
safety,A3,1,motor_fault,A3_train_seed_1,50038,-216.83672683939764,250,false,0.36556158966181163,14.404542007613719,40,true
safety,A3,1,motor_fault,A3_train_seed_1,50039,-38.771542002283638,98,true,0.049275911747158584,5.4587609684943699,39.259727478027344,true
safety,A3,1,motor_fault,A3_train_seed_1,50040,-95.018077317233747,250,false,0.13530008064694451,12.163677007783717,40,true
safety,A3,1,motor_fault,A3_train_seed_1,50041,-45.980862518040063,66,true,0.048930592304250974,11.479095427555448,40,true
safety,A3,1,motor_fault,A3_train_seed_1,50042,-61.256563482170982,250,false,0.060677443693336212,8.4091943383052516,40,true
safety,A3,1,motor_fault,A3_train_seed_1,50043,-60.371102527640403,250,false,0.10268412265508485,4.8777926630916282,40,true
safety,A3,1,motor_fault,A3_train_seed_1,50044,-94.83948753878704,250,false,0.10392950244261412,9.5055127431095556,40,true
safety,A3,1,motor_fault,A3_train_seed_1,50045,-193.49471040572055,250,false,0.35417216942944618,9.9912748072111839,40,true
safety,A3,1,motor_fault,A3_train_seed_1,50046,-49.276509669347519,45,true,0.032547809773061563,13.945816861134887,40,true
safety,A3,1,motor_fault,A3_train_seed_1,50047,-89.13936461458546,250,false,0.12784205035489057,4.5520346551485371,40,true
safety,A3,1,motor_fault,A3_train_seed_1,50048,-109.95030159375071,250,false,0.1997099498089307,10.627884414968154,40,true
safety,A3,1,motor_fault,A3_train_seed_1,50049,-127.9398668040607,250,false,0.16118376541602739,13.181074995106789,40,true
safety,A3,1,motor_fault,A3_train_seed_1,50050,-194.81180040452674,250,false,0.25409961221264848,13.130398178500885,40,true
safety,A3,1,motor_fault,A3_train_seed_1,50051,-124.71953279953757,70,true,0.037879317386393899,15.374733776134555,40,true
safety,A3,1,motor_fault,A3_train_seed_1,50052,-212.92909513054988,250,false,0.23896721085854999,13.585360005105242,40,true
safety,A3,1,motor_fault,A3_train_seed_1,50053,-89.577236962652961,250,false,0.12754267961004356,9.3593944076717026,40,true
safety,A3,1,motor_fault,A3_train_seed_1,50054,-170.25075018253145,250,false,0.19840559294653473,15.491761142866025,40,true
safety,A3,1,motor_fault,A3_train_seed_1,50055,-262.57264536558398,250,false,0.78720198082971238,9.9951027530841809,40,true
safety,A3,1,motor_fault,A3_train_seed_1,50056,-49.392452992904246,250,false,0.096148715255580233,4.0746990063880144,21.981359481811523,true
safety,A3,1,motor_fault,A3_train_seed_1,50057,-60.111217006243471,140,true,0.048885089474887997,9.9250452640694178,40,true
safety,A3,1,motor_fault,A3_train_seed_1,50058,-131.19843937844348,79,true,0.023519794620430516,13.19606479749058,40,true
safety,A3,1,motor_fault,A3_train_seed_1,50059,-177.32379414003773,250,false,0.67119370825928659,6.7121588598975634,40,true
safety,A3,1,motor_fault,A3_train_seed_1,50060,-200.7722305120989,250,false,0.20925015922420973,14.284821690468386,40,true
safety,A3,1,motor_fault,A3_train_seed_1,50061,-184.524728308665,250,false,0.56082333371047277,4.6762296236814862,37.292186737060547,true
safety,A3,1,motor_fault,A3_train_seed_1,50062,-158.52178305180766,250,false,0.1511698785863996,15.046158986007214,40,true
safety,A3,1,motor_fault,A3_train_seed_1,50063,-208.6318522125641,250,false,0.86298143386271531,3.3155555390894893,32.962589263916016,true
safety,A3,1,motor_fault,A3_train_seed_1,50064,-27.831233438840634,68,true,0.048983486087205458,7.0933555119018168,40,true
safety,A3,1,motor_fault,A3_train_seed_1,50065,-32.112384724308548,97,true,0.048916678045996087,9.1821566108958788,40,true
safety,A3,1,motor_fault,A3_train_seed_1,50066,-151.87918330210735,250,false,0.28645481340008494,9.4507041016166227,40,true
safety,A3,1,motor_fault,A3_train_seed_1,50067,-24.127472109413432,52,true,0.040715570992430207,6.3967195677377164,35.672046661376953,true
safety,A3,1,motor_fault,A3_train_seed_1,50068,-15.214035860224328,34,true,0.048275927145092566,6.5772746707606116,21.169286727905273,true
safety,A3,1,motor_fault,A3_train_seed_1,50069,-93.026694586455861,250,false,0.095417527100119859,13.970318498725131,40,true
safety,A3,1,motor_fault,A3_train_seed_1,50070,-232.71253002095054,250,false,0.85998239007293253,5.4807991232699216,29.662754058837891,true
safety,A3,1,motor_fault,A3_train_seed_1,50071,-20.657943058193474,63,true,0.049831587139482082,6.3810025725364667,40,true
safety,A3,1,motor_fault,A3_train_seed_1,50072,-143.32446826456118,250,false,0.097664837951383088,9.8623166551387857,40,true
safety,A3,1,motor_fault,A3_train_seed_1,50073,-220.5695332788523,250,false,0.33877317264454948,19.229838604062124,40,true
safety,A3,1,motor_fault,A3_train_seed_1,50074,-18.748192068139094,36,true,0.0091514472387721063,6.4009979588744423,33.289810180664062,true
safety,A3,1,motor_fault,A3_train_seed_1,50075,-345.04360332127527,250,false,1.1646423214828219,7.0365224695182249,40,true
safety,A3,1,motor_fault,A3_train_seed_1,50076,-168.54907364258338,250,false,0.11866866037829646,11.692658383938523,40,true
safety,A3,1,motor_fault,A3_train_seed_1,50077,-71.74528366423587,250,false,0.064891221595289345,11.410826601843297,40,true
safety,A3,1,motor_fault,A3_train_seed_1,50078,-70.811364475648546,250,false,0.058237435871933002,5.3480715208573919,40,true
safety,A3,1,motor_fault,A3_train_seed_1,50079,-247.79414335517328,250,false,0.25839401346421892,11.583900441392055,40,true
safety,A3,1,motor_fault,A3_train_seed_1,50080,-172.21989164233767,250,false,0.13285770470261593,13.008981902970035,40,true
safety,A3,1,motor_fault,A3_train_seed_1,50081,-46.873148652915241,52,true,0.016661827292757853,10.869566188416096,40,true
safety,A3,1,motor_fault,A3_train_seed_1,50082,-25.681203862971941,31,true,0.044933625074315614,12.468259131041801,40,true
safety,A3,1,motor_fault,A3_train_seed_1,50083,-84.168307827667036,66,true,0.034646619597581307,11.29006534036832,40,true
safety,A3,1,motor_fault,A3_train_seed_1,50084,-55.380148864005399,250,false,0.077530203832433517,6.7389200731194698,40,true
safety,A3,1,motor_fault,A3_train_seed_1,50085,-116.63728167552381,139,true,0.044011575689455573,13.107553575615768,40,true
safety,A3,1,motor_fault,A3_train_seed_1,50086,-105.90060592066978,250,false,0.11775474186760392,16.125342351339526,40,true
safety,A3,1,motor_fault,A3_train_seed_1,50087,-61.001338183191834,250,false,0.055883453465863472,7.3260233358480491,40,true
safety,A3,1,motor_fault,A3_train_seed_1,50088,-108.84349015349279,250,false,0.060328490337264666,15.488240700708152,40,true
safety,A3,1,motor_fault,A3_train_seed_1,50089,-120.95110581843653,250,false,0.21003547701963524,8.1797458845306572,40,true
safety,A3,1,motor_fault,A3_train_seed_1,50090,-248.7881543076216,250,false,0.46202952873026226,10.387378394096126,40,true
safety,A3,1,motor_fault,A3_train_seed_1,50091,-153.39186341794755,121,true,0.049624938543563347,10.038847264757109,40,true
safety,A3,1,motor_fault,A3_train_seed_1,50092,-283.93520447977545,250,false,0.90631994188522502,7.2644309275772816,40,true
safety,A3,1,motor_fault,A3_train_seed_1,50093,-172.52076887589956,250,false,0.11152183458664261,11.568925143760959,40,true
safety,A3,1,motor_fault,A3_train_seed_1,50094,-14.995510828658947,48,true,0.043331465022066043,5.578420916772127,40,true
safety,A3,1,motor_fault,A3_train_seed_1,50095,-96.732575495663866,250,false,0.091433044992591223,6.3711897221260418,40,true
safety,A3,1,motor_fault,A3_train_seed_1,50096,-236.44240029629989,250,false,0.67385287117982351,10.268147427167406,40,true
safety,A3,1,motor_fault,A3_train_seed_1,50097,-280.71985269532354,250,false,0.99004612232985256,8.0573106663730449,40,true
safety,A3,1,motor_fault,A3_train_seed_1,50098,-115.06724995647537,250,false,0.13352621879224066,13.850201439541699,40,true
safety,A3,1,motor_fault,A3_train_seed_1,50099,-341.27571734814171,250,false,0.8043601394508284,8.9061033909570604,40,true
safety,A6c,1,motor_fault,A6c_train_seed_1,50000,-318.0648273327206,250,false,1.0917867242819606,6.2118255013755785,36.987342834472656,true
safety,A6c,1,motor_fault,A6c_train_seed_1,50001,-195.46504322575817,250,false,0.36675494127436131,5.306437308973976,40,true
safety,A6c,1,motor_fault,A6c_train_seed_1,50002,-403.05929658852659,250,false,1.522289862897813,6.3009018478743277,40,true
safety,A6c,1,motor_fault,A6c_train_seed_1,50003,-338.60083765296139,250,false,0.69850313367716621,3.9774978259233462,40,true
safety,A6c,1,motor_fault,A6c_train_seed_1,50004,-358.02112908704618,250,false,1.216501341374788,4.9104160644936634,40,true
safety,A6c,1,motor_fault,A6c_train_seed_1,50005,-117.75590295335789,90,true,0.022214301812581168,6.2271654087054982,40,true
safety,A6c,1,motor_fault,A6c_train_seed_1,50006,-113.52485645864297,250,false,0.12935924121412984,2.9241768497575635,40,true
safety,A6c,1,motor_fault,A6c_train_seed_1,50007,-267.13986023890965,250,false,0.74621796873177271,4.3223034206570254,40,true
safety,A6c,1,motor_fault,A6c_train_seed_1,50008,-183.5976012260291,116,true,0.0043051475552497867,6.6704894675031685,40,true
safety,A6c,1,motor_fault,A6c_train_seed_1,50009,-372.97637424991268,250,false,0.69829313336669407,7.0641908663017849,40,true
safety,A6c,1,motor_fault,A6c_train_seed_1,50010,-151.63809944919331,250,false,0.29597340456307092,3.6679859034484941,40,true
safety,A6c,1,motor_fault,A6c_train_seed_1,50011,-194.04896592471812,250,false,0.62633480910397321,5.7955672961019138,40,true
safety,A6c,1,motor_fault,A6c_train_seed_1,50012,-49.160424313877101,84,true,0.033155605087503974,2.9811456679637054,40,true
safety,A6c,1,motor_fault,A6c_train_seed_1,50013,-355.73143257671677,250,false,0.8733880047050675,5.0831205121349843,40,true
safety,A6c,1,motor_fault,A6c_train_seed_1,50014,-288.699931244813,250,false,1.0065242713107385,6.5873458665671745,40,true
safety,A6c,1,motor_fault,A6c_train_seed_1,50015,-327.50265320132689,250,false,1.2083594913101774,3.4260343672269635,40,true
safety,A6c,1,motor_fault,A6c_train_seed_1,50016,-538.03990542447809,250,false,1.7851446985123274,6.2638407921887822,40,true
safety,A6c,1,motor_fault,A6c_train_seed_1,50017,-219.39299410000709,250,false,0.50653813332719277,4.9370146329942424,40,true
safety,A6c,1,motor_fault,A6c_train_seed_1,50018,-186.03781700222316,56,false,1.9994549057969655,7.9172787562643023,40,true
safety,A6c,1,motor_fault,A6c_train_seed_1,50019,-335.84641467595696,250,false,0.75861708833659924,6.0198108138360755,40,true
safety,A6c,1,motor_fault,A6c_train_seed_1,50020,-288.92547913539232,250,false,0.93821018907840203,1.9396829656324683,40,true
safety,A6c,1,motor_fault,A6c_train_seed_1,50021,-276.01710718451034,250,false,1.0229600991931018,3.9113290138612298,28.795421600341797,true
safety,A6c,1,motor_fault,A6c_train_seed_1,50022,-255.19040846269255,250,false,0.78044233643709882,3.9141712757272011,40,true
safety,A6c,1,motor_fault,A6c_train_seed_1,50023,-159.00567890090841,250,false,0.21976035042190392,6.4339329706182804,40,true
safety,A6c,1,motor_fault,A6c_train_seed_1,50024,-151.20540992204619,250,false,0.52209194990724628,4.1491956616927617,29.557914733886719,true
safety,A6c,1,motor_fault,A6c_train_seed_1,50025,-107.29232577497304,93,true,0.049135900589843927,7.2903640218191281,40,true
safety,A6c,1,motor_fault,A6c_train_seed_1,50026,-427.62499071398054,250,false,1.4792172824752032,7.9516389380799231,40,true
safety,A6c,1,motor_fault,A6c_train_seed_1,50027,-39.62211596212439,56,true,0.048775574688324871,6.7414339498300766,40,true
safety,A6c,1,motor_fault,A6c_train_seed_1,50028,-193.77761042743134,250,false,0.52268592298927852,6.0355502685789784,40,true
safety,A6c,1,motor_fault,A6c_train_seed_1,50029,-250.78156717891389,250,false,0.36090322367091782,4.1309549765130011,40,true
safety,A6c,1,motor_fault,A6c_train_seed_1,50030,-170.81278830653133,250,false,0.33511450745302418,6.5075570653804693,40,true
safety,A6c,1,motor_fault,A6c_train_seed_1,50031,-99.963819998217517,125,true,0.049970239854942006,6.5887036031740882,40,true
safety,A6c,1,motor_fault,A6c_train_seed_1,50032,-240.72543094811746,250,false,0.71608463659740407,3.0505811983308568,40,true
safety,A6c,1,motor_fault,A6c_train_seed_1,50033,-137.48154773203734,250,false,0.57954167093460951,3.7016644336880922,25.634519577026367,true
safety,A6c,1,motor_fault,A6c_train_seed_1,50034,-501.97309099315186,250,false,1.52469901568694,6.0782446590289885,40,true
safety,A6c,1,motor_fault,A6c_train_seed_1,50035,-393.42121255754046,250,false,1.3999488891381302,6.8748910602597233,40,true
safety,A6c,1,motor_fault,A6c_train_seed_1,50036,-458.36316492244623,250,false,0.81322314230975368,5.9550340974198015,40,true
safety,A6c,1,motor_fault,A6c_train_seed_1,50037,-278.14430129475898,250,false,0.94755802627419827,2.3623509291294225,40,true
safety,A6c,1,motor_fault,A6c_train_seed_1,50038,-231.17228846035883,250,false,0.59250895038826701,6.032951920606493,40,true
safety,A6c,1,motor_fault,A6c_train_seed_1,50039,-329.24374695767148,237,true,0.049136504948599467,5.182319985230408,40,true
safety,A6c,1,motor_fault,A6c_train_seed_1,50040,-122.8050289921826,250,false,0.18952327723294485,5.0834320383710372,40,true
safety,A6c,1,motor_fault,A6c_train_seed_1,50041,-100.58169383405027,250,false,0.13116659116523427,4.6629651564759733,40,true
safety,A6c,1,motor_fault,A6c_train_seed_1,50042,-52.23377794946208,76,true,0.049980584081202512,4.9059605607493841,40,true
safety,A6c,1,motor_fault,A6c_train_seed_1,50043,-202.67861399528221,250,false,0.8668594481805747,3.2782731168745127,40,true
safety,A6c,1,motor_fault,A6c_train_seed_1,50044,-349.26191002561427,250,false,1.1057360828653613,4.6079130591681121,40,true
safety,A6c,1,motor_fault,A6c_train_seed_1,50045,-296.33939580457974,250,false,0.74125082825185595,5.9017587357090076,40,true
safety,A6c,1,motor_fault,A6c_train_seed_1,50046,-116.34159561784422,250,false,0.19701471287210034,5.0162860962912994,40,true
safety,A6c,1,motor_fault,A6c_train_seed_1,50047,-231.26324470805451,250,false,0.97697178728092715,3.9630599654810843,40,true
safety,A6c,1,motor_fault,A6c_train_seed_1,50048,-142.13263640319406,250,false,0.3048172624890762,6.7728878359294598,40,true
safety,A6c,1,motor_fault,A6c_train_seed_1,50049,-199.53085454333936,250,false,0.35596041007577717,4.1763904477385738,40,true
safety,A6c,1,motor_fault,A6c_train_seed_1,50050,-202.40750200741471,250,false,0.38568798375062519,5.7650087772358161,40,true
safety,A6c,1,motor_fault,A6c_train_seed_1,50051,-167.24866004142592,250,false,0.28718053664681303,5.7262059957411582,40,true
safety,A6c,1,motor_fault,A6c_train_seed_1,50052,-248.12094595569016,250,false,0.21527634975206997,5.2503606586521769,40,true
safety,A6c,1,motor_fault,A6c_train_seed_1,50053,-265.65785939468481,250,false,1.0315589169264303,2.8964078270918154,40,true
safety,A6c,1,motor_fault,A6c_train_seed_1,50054,-114.91121869549052,90,true,0.047272182656625417,5.8052256971439302,40,true
safety,A6c,1,motor_fault,A6c_train_seed_1,50055,-528.84033259754835,250,false,1.1775618821133254,6.2075796914649759,40,true
safety,A6c,1,motor_fault,A6c_train_seed_1,50056,-50.927919148727447,250,false,0.097070692906503067,3.607482005644945,22.309328079223633,true
safety,A6c,1,motor_fault,A6c_train_seed_1,50057,-218.14546425328868,250,false,0.98863756669230274,4.0088353439986957,40,true
safety,A6c,1,motor_fault,A6c_train_seed_1,50058,-177.05744196679004,250,false,0.30284462062472378,4.850763570188529,40,true
safety,A6c,1,motor_fault,A6c_train_seed_1,50059,-413.47774628537746,250,false,1.5408150142119774,4.8881310150719131,40,true
safety,A6c,1,motor_fault,A6c_train_seed_1,50060,-220.8345824423082,250,false,0.30837617387177918,5.2752034178861757,40,true
safety,A6c,1,motor_fault,A6c_train_seed_1,50061,-207.76217411265392,250,false,0.66810994870689744,4.9049034445088484,35.968406677246094,true
safety,A6c,1,motor_fault,A6c_train_seed_1,50062,-181.1123415348452,250,false,0.31367109027024703,6.6597470325695687,40,true
safety,A6c,1,motor_fault,A6c_train_seed_1,50063,-285.59622756144893,250,false,0.96306636659869194,4.4760600636332937,34.720813751220703,true
safety,A6c,1,motor_fault,A6c_train_seed_1,50064,-108.08792227818412,250,false,0.17687908225278373,4.1491703031717266,40,true
safety,A6c,1,motor_fault,A6c_train_seed_1,50065,-155.59189565045332,250,false,0.4924611268904252,4.6593112569718702,40,true
safety,A6c,1,motor_fault,A6c_train_seed_1,50066,-325.0803998548426,250,false,0.69199687490701245,6.7063556502371098,40,true
safety,A6c,1,motor_fault,A6c_train_seed_1,50067,-226.57808857238055,250,false,1.4714423392283815,4.1949113239838853,39.651023864746094,true
safety,A6c,1,motor_fault,A6c_train_seed_1,50068,-20.333821329685524,40,true,0.048168624746675923,4.564704543806605,23.537015914916992,true
safety,A6c,1,motor_fault,A6c_train_seed_1,50069,-102.96350431172976,250,false,0.11565033025760862,5.0489355299433036,40,true
safety,A6c,1,motor_fault,A6c_train_seed_1,50070,-256.96109671843078,250,false,0.89899154759913735,5.1364819409169078,29.539793014526367,true
safety,A6c,1,motor_fault,A6c_train_seed_1,50071,-56.590867639472364,250,false,0.053520948169093738,3.522284585214897,40,true
safety,A6c,1,motor_fault,A6c_train_seed_1,50072,-176.11952363829485,250,false,0.19304748029244259,5.7464711202951122,40,true
safety,A6c,1,motor_fault,A6c_train_seed_1,50073,-226.08822462801959,250,false,0.48823021709231551,5.6165803893562574,40,true
safety,A6c,1,motor_fault,A6c_train_seed_1,50074,-348.75702552099938,250,false,1.3010292590213013,4.6658004475155881,32.447921752929688,true
safety,A6c,1,motor_fault,A6c_train_seed_1,50075,-369.96116031985815,250,false,1.1992840728867091,8.5134997271802533,40,true
safety,A6c,1,motor_fault,A6c_train_seed_1,50076,-127.07814097721177,39,false,2.0031298767521184,11.283449642633036,40,true
safety,A6c,1,motor_fault,A6c_train_seed_1,50077,-59.539488844326868,250,false,0.056022130532573718,8.969927098194173,40,true
safety,A6c,1,motor_fault,A6c_train_seed_1,50078,-424.2955682618458,250,false,1.3865430657203133,5.6214374145234149,40,true
safety,A6c,1,motor_fault,A6c_train_seed_1,50079,-343.5373160827549,250,false,0.56474125204176306,5.9377194608692152,40,true
safety,A6c,1,motor_fault,A6c_train_seed_1,50080,-184.41824649403182,250,false,0.26428281220557787,6.905331777585844,40,true
safety,A6c,1,motor_fault,A6c_train_seed_1,50081,-53.314377295138627,73,true,0.020499687140320272,5.7952310253423942,40,true
safety,A6c,1,motor_fault,A6c_train_seed_1,50082,-30.240537424137692,49,true,0.049932285984874328,6.3431716478475462,40,true
safety,A6c,1,motor_fault,A6c_train_seed_1,50083,-91.795016381217764,74,true,0.014242226588500238,6.7728063582117954,40,true
safety,A6c,1,motor_fault,A6c_train_seed_1,50084,-60.777944260551479,250,false,0.067939712073097167,3.2778424994749797,40,true
safety,A6c,1,motor_fault,A6c_train_seed_1,50085,-185.75020825188264,250,false,0.26956727748487541,5.795619937018297,40,true
safety,A6c,1,motor_fault,A6c_train_seed_1,50086,-102.60429064291378,250,false,0.073963834244067772,6.6679389510127329,40,true
safety,A6c,1,motor_fault,A6c_train_seed_1,50087,-103.26903448023246,250,false,0.084825844315651572,2.8552611843997635,40,true
safety,A6c,1,motor_fault,A6c_train_seed_1,50088,-192.78462597560269,250,false,0.14518018570613112,5.798476432686372,40,true
safety,A6c,1,motor_fault,A6c_train_seed_1,50089,-158.56305068370631,250,false,0.34684393737260449,5.8453564089038244,40,true
safety,A6c,1,motor_fault,A6c_train_seed_1,50090,-218.47985089665613,250,false,0.56722007237502603,3.9328657697600353,40,true
safety,A6c,1,motor_fault,A6c_train_seed_1,50091,-209.06477957575493,250,false,0.2950163031100228,7.0895225678502838,40,true
safety,A6c,1,motor_fault,A6c_train_seed_1,50092,-306.49403355184558,250,false,0.98028370563669287,9.4768903967275886,40,true
safety,A6c,1,motor_fault,A6c_train_seed_1,50093,-123.94116867099009,42,false,1.6864983995498906,10.606266274211018,40,true
safety,A6c,1,motor_fault,A6c_train_seed_1,50094,-215.7210723484578,250,false,0.90483917440824846,3.2793726881550396,40,true
safety,A6c,1,motor_fault,A6c_train_seed_1,50095,-228.55381138376654,250,false,0.85342400649933436,3.6672747451735468,36.916481018066406,true
safety,A6c,1,motor_fault,A6c_train_seed_1,50096,-322.72886428802661,250,false,0.92240087799865245,3.4194772604411168,40,true
safety,A6c,1,motor_fault,A6c_train_seed_1,50097,-327.66434744312289,250,false,1.170107620168144,8.6315918704676964,40,true
safety,A6c,1,motor_fault,A6c_train_seed_1,50098,-103.8236351218773,110,true,0.049979082474870984,5.4894519205523578,40,true
safety,A6c,1,motor_fault,A6c_train_seed_1,50099,-95.118400322020619,45,false,1.7694746479712857,10.882216021590274,40,true
safety,A6c_gate_off_control,1,motor_fault,A6c_gate_off_control_train_seed_1,50000,-304.41316986890814,250,false,1.0576157046451302,5.8760906970957336,40,true
safety,A6c_gate_off_control,1,motor_fault,A6c_gate_off_control_train_seed_1,50001,-193.24113304603824,250,false,0.41535527521465199,5.4979440932635191,40,true
safety,A6c_gate_off_control,1,motor_fault,A6c_gate_off_control_train_seed_1,50002,-402.52381597486806,250,false,1.5256433394636251,6.2993356060418408,40,true
safety,A6c_gate_off_control,1,motor_fault,A6c_gate_off_control_train_seed_1,50003,-306.65827044145016,250,false,0.52353446154435368,4.0170780400564148,40,true
safety,A6c_gate_off_control,1,motor_fault,A6c_gate_off_control_train_seed_1,50004,-347.29600383299203,250,false,1.1665933097110952,4.5633548091523775,40,true
safety,A6c_gate_off_control,1,motor_fault,A6c_gate_off_control_train_seed_1,50005,-119.028877796484,92,true,0.01008928916949879,6.1913023965675871,40,true
safety,A6c_gate_off_control,1,motor_fault,A6c_gate_off_control_train_seed_1,50006,-97.359805772733978,250,false,0.063690421435001976,2.9241768497575635,40,true
safety,A6c_gate_off_control,1,motor_fault,A6c_gate_off_control_train_seed_1,50007,-237.67300790134578,250,false,0.56461408383870904,4.4054135231258913,40,true
safety,A6c_gate_off_control,1,motor_fault,A6c_gate_off_control_train_seed_1,50008,-214.15751930898671,133,true,0.049922040632099936,7.1963347880493167,40,true
safety,A6c_gate_off_control,1,motor_fault,A6c_gate_off_control_train_seed_1,50009,-371.2545208501445,250,false,0.69697616494115411,6.7175070179848282,40,true
safety,A6c_gate_off_control,1,motor_fault,A6c_gate_off_control_train_seed_1,50010,-115.27163035640841,250,false,0.12197582075131297,3.7489237579968093,40,true
safety,A6c_gate_off_control,1,motor_fault,A6c_gate_off_control_train_seed_1,50011,-177.77164187578433,250,false,0.56253295900088307,5.0895971573508607,40,true
safety,A6c_gate_off_control,1,motor_fault,A6c_gate_off_control_train_seed_1,50012,-74.764894068528079,250,false,0.066356738305933693,3.0101933551565341,40,true
safety,A6c_gate_off_control,1,motor_fault,A6c_gate_off_control_train_seed_1,50013,-330.09838617222982,250,false,0.67896122281168192,4.9898608382447307,40,true
safety,A6c_gate_off_control,1,motor_fault,A6c_gate_off_control_train_seed_1,50014,-286.17370296036393,250,false,0.97793551355909569,6.9340421213910606,40,true
safety,A6c_gate_off_control,1,motor_fault,A6c_gate_off_control_train_seed_1,50015,-291.43682282015789,250,false,0.93220328042959555,3.4260343672269635,40,true
safety,A6c_gate_off_control,1,motor_fault,A6c_gate_off_control_train_seed_1,50016,-504.08661564943759,250,false,1.4284383430516476,5.6277934932592055,40,true
safety,A6c_gate_off_control,1,motor_fault,A6c_gate_off_control_train_seed_1,50017,-219.50319884517697,250,false,0.50483243027674607,4.8886696556164058,40,true
safety,A6c_gate_off_control,1,motor_fault,A6c_gate_off_control_train_seed_1,50018,-185.47399253896367,56,false,2.0365361973401375,7.5769504677049637,40,true
safety,A6c_gate_off_control,1,motor_fault,A6c_gate_off_control_train_seed_1,50019,-342.18814155849725,250,false,0.71650513176238284,5.7329936363011855,40,true
safety,A6c_gate_off_control,1,motor_fault,A6c_gate_off_control_train_seed_1,50020,-273.41719190080255,250,false,0.86521492038465153,1.8723010195263841,40,true
safety,A6c_gate_off_control,1,motor_fault,A6c_gate_off_control_train_seed_1,50021,-82.028925890157922,250,false,0.097785975114242071,2.9893145776066117,29.033378601074219,true
safety,A6c_gate_off_control,1,motor_fault,A6c_gate_off_control_train_seed_1,50022,-197.19109047175766,250,false,0.45540225230590181,3.9187613563254731,40,true
safety,A6c_gate_off_control,1,motor_fault,A6c_gate_off_control_train_seed_1,50023,-147.7529064258529,250,false,0.12918800931756477,6.4206476847846945,40,true
safety,A6c_gate_off_control,1,motor_fault,A6c_gate_off_control_train_seed_1,50024,-141.00310797022829,250,false,0.49741988882712085,4.5436002131315831,30.696439743041992,true
safety,A6c_gate_off_control,1,motor_fault,A6c_gate_off_control_train_seed_1,50025,-186.6518356233305,250,false,0.40510810973696298,7.5061529787419881,40,true
safety,A6c_gate_off_control,1,motor_fault,A6c_gate_off_control_train_seed_1,50026,-437.68329788800139,250,false,1.4876009648831381,9.0644432168817524,40,true
safety,A6c_gate_off_control,1,motor_fault,A6c_gate_off_control_train_seed_1,50027,-36.470418002409083,46,true,0.046971825626084429,6.3988335517063062,40,true
safety,A6c_gate_off_control,1,motor_fault,A6c_gate_off_control_train_seed_1,50028,-114.78385829925141,250,false,0.10124832027624499,6.0355502685789784,40,true
safety,A6c_gate_off_control,1,motor_fault,A6c_gate_off_control_train_seed_1,50029,-225.383964710844,250,false,0.19961646323905771,4.0032399541263493,40,true
safety,A6c_gate_off_control,1,motor_fault,A6c_gate_off_control_train_seed_1,50030,-167.17619590175542,250,false,0.35914989736915315,5.7579507108161412,40,true
safety,A6c_gate_off_control,1,motor_fault,A6c_gate_off_control_train_seed_1,50031,-128.71312190637582,250,false,0.088712980720115131,6.595441184858819,40,true
safety,A6c_gate_off_control,1,motor_fault,A6c_gate_off_control_train_seed_1,50032,-175.20947630337048,250,false,0.37485776373454072,3.0676360854842812,40,true
safety,A6c_gate_off_control,1,motor_fault,A6c_gate_off_control_train_seed_1,50033,-4.6142816483226561,28,true,0.047706042060627118,3.9847748655820343,26.286376953125,true
safety,A6c_gate_off_control,1,motor_fault,A6c_gate_off_control_train_seed_1,50034,-394.66840608238476,250,false,1.4454523397951078,5.0744057161338016,40,true
safety,A6c_gate_off_control,1,motor_fault,A6c_gate_off_control_train_seed_1,50035,-384.15166255235329,250,false,1.4020977518636699,6.6762647969578417,40,true
safety,A6c_gate_off_control,1,motor_fault,A6c_gate_off_control_train_seed_1,50036,-461.60170535860749,250,false,0.72095762263361907,5.4931659245971609,40,true
safety,A6c_gate_off_control,1,motor_fault,A6c_gate_off_control_train_seed_1,50037,-185.6700038282732,250,false,0.14724389776493677,2.3623509291294225,40,true
safety,A6c_gate_off_control,1,motor_fault,A6c_gate_off_control_train_seed_1,50038,-227.29921653915054,250,false,0.56072044982819813,5.904591300070825,40,true
safety,A6c_gate_off_control,1,motor_fault,A6c_gate_off_control_train_seed_1,50039,-335.16850646301481,225,true,0.028658407526609225,5.2008067369061113,40,true
safety,A6c_gate_off_control,1,motor_fault,A6c_gate_off_control_train_seed_1,50040,-113.89373453925913,250,false,0.13504606767908467,4.9437884038154136,40,true
safety,A6c_gate_off_control,1,motor_fault,A6c_gate_off_control_train_seed_1,50041,-55.62723202156505,71,true,0.04475404392705877,4.6705714530928786,40,true
safety,A6c_gate_off_control,1,motor_fault,A6c_gate_off_control_train_seed_1,50042,-47.35986324647002,72,true,0.043786750007817628,4.8992171561365803,40,true
safety,A6c_gate_off_control,1,motor_fault,A6c_gate_off_control_train_seed_1,50043,-65.157469401063366,250,false,0.10268411768594291,3.0817097539882989,40,true
safety,A6c_gate_off_control,1,motor_fault,A6c_gate_off_control_train_seed_1,50044,-353.63152663111958,250,false,1.1261381321798594,4.5678856683023641,40,true
safety,A6c_gate_off_control,1,motor_fault,A6c_gate_off_control_train_seed_1,50045,-295.60105306119851,250,false,0.68574943858944581,5.5258619868271053,40,true
safety,A6c_gate_off_control,1,motor_fault,A6c_gate_off_control_train_seed_1,50046,-62.237894262028291,58,true,0.022130878399106189,5.0194299921731771,40,true
safety,A6c_gate_off_control,1,motor_fault,A6c_gate_off_control_train_seed_1,50047,-89.587274154873583,250,false,0.12784162107794114,4.4186039687633061,40,true
safety,A6c_gate_off_control,1,motor_fault,A6c_gate_off_control_train_seed_1,50048,-121.53955046609346,250,false,0.19915562731991213,6.2529931457859256,40,true
safety,A6c_gate_off_control,1,motor_fault,A6c_gate_off_control_train_seed_1,50049,-157.61882099083175,250,false,0.16118380528956266,3.5843292164473644,40,true
safety,A6c_gate_off_control,1,motor_fault,A6c_gate_off_control_train_seed_1,50050,-127.42352297650993,96,true,0.042455678808535423,5.7017706512369148,40,true
safety,A6c_gate_off_control,1,motor_fault,A6c_gate_off_control_train_seed_1,50051,-156.80022630614332,250,false,0.20072012090363495,5.7341744240595247,40,true
safety,A6c_gate_off_control,1,motor_fault,A6c_gate_off_control_train_seed_1,50052,-250.37350182009018,250,false,0.23884441423443106,5.2134605178258973,40,true
safety,A6c_gate_off_control,1,motor_fault,A6c_gate_off_control_train_seed_1,50053,-113.60598049318119,250,false,0.12871945856696834,2.9292469048155305,40,true
safety,A6c_gate_off_control,1,motor_fault,A6c_gate_off_control_train_seed_1,50054,-116.74780808097277,90,true,0.048865744136203877,5.9676392082597243,40,true
safety,A6c_gate_off_control,1,motor_fault,A6c_gate_off_control_train_seed_1,50055,-520.92564576088159,250,false,1.0092659938673021,5.5317979030576527,40,true
safety,A6c_gate_off_control,1,motor_fault,A6c_gate_off_control_train_seed_1,50056,-49.915404373696212,250,false,0.096148714888969339,3.7582876592465717,22.817361831665039,true
safety,A6c_gate_off_control,1,motor_fault,A6c_gate_off_control_train_seed_1,50057,-194.11558442953776,250,false,1.0779794675361838,3.8251301624309586,40,true
safety,A6c_gate_off_control,1,motor_fault,A6c_gate_off_control_train_seed_1,50058,-149.14601603703264,250,false,0.14757950258968333,4.850763570188529,40,true
safety,A6c_gate_off_control,1,motor_fault,A6c_gate_off_control_train_seed_1,50059,-408.09678869552408,250,false,1.5444442735553372,4.8986942548587828,40,true
safety,A6c_gate_off_control,1,motor_fault,A6c_gate_off_control_train_seed_1,50060,-198.13889362496968,250,false,0.20925038361518528,5.1267173060039246,40,true
safety,A6c_gate_off_control,1,motor_fault,A6c_gate_off_control_train_seed_1,50061,-192.02823234269056,250,false,0.61115307688623988,4.4473612241003986,37.833446502685547,true
safety,A6c_gate_off_control,1,motor_fault,A6c_gate_off_control_train_seed_1,50062,-118.01360510940572,94,true,0.038304993544469083,6.542890467051814,40,true
safety,A6c_gate_off_control,1,motor_fault,A6c_gate_off_control_train_seed_1,50063,-230.06124856380416,250,false,0.89402735756554297,4.2834328055946376,34.322273254394531,true
safety,A6c_gate_off_control,1,motor_fault,A6c_gate_off_control_train_seed_1,50064,-40.569007474620385,80,true,0.04940316980899067,4.1990884071639645,40,true
safety,A6c_gate_off_control,1,motor_fault,A6c_gate_off_control_train_seed_1,50065,-30.240006792363467,56,true,0.039484208622623439,4.6478076159058253,40,true
safety,A6c_gate_off_control,1,motor_fault,A6c_gate_off_control_train_seed_1,50066,-326.70251994445357,250,false,0.67391784820999634,6.7063556502371098,40,true
safety,A6c_gate_off_control,1,motor_fault,A6c_gate_off_control_train_seed_1,50067,-48.015531430744474,87,true,0.047129191752989116,4.1691459028439226,40,true
safety,A6c_gate_off_control,1,motor_fault,A6c_gate_off_control_train_seed_1,50068,-19.874148676075535,38,true,0.043970977540981102,4.5769949057346961,24.060258865356445,true
safety,A6c_gate_off_control,1,motor_fault,A6c_gate_off_control_train_seed_1,50069,-97.188375116273775,250,false,0.095418975146275314,5.0489355299433036,40,true
safety,A6c_gate_off_control,1,motor_fault,A6c_gate_off_control_train_seed_1,50070,-242.05617676400999,250,false,0.84438334224731681,5.0564884539376367,31.065353393554688,true
safety,A6c_gate_off_control,1,motor_fault,A6c_gate_off_control_train_seed_1,50071,-25.78035125985058,67,true,0.049185070170337589,3.9981171808951115,40,true
safety,A6c_gate_off_control,1,motor_fault,A6c_gate_off_control_train_seed_1,50072,-174.38008218024672,250,false,0.19746535891385902,6.0219423826741485,40,true
safety,A6c_gate_off_control,1,motor_fault,A6c_gate_off_control_train_seed_1,50073,-226.98885147190316,250,false,0.48334462672617495,5.7957561988433497,40,true
safety,A6c_gate_off_control,1,motor_fault,A6c_gate_off_control_train_seed_1,50074,-348.05575640247599,250,false,1.2948427937445786,4.9238719270357354,32.871269226074219,true
safety,A6c_gate_off_control,1,motor_fault,A6c_gate_off_control_train_seed_1,50075,-365.87530639242163,250,false,1.1705102083296173,8.4815235095130816,40,true
safety,A6c_gate_off_control,1,motor_fault,A6c_gate_off_control_train_seed_1,50076,-122.09494302454641,38,false,2.0113713296139508,10.231552649147721,40,true
safety,A6c_gate_off_control,1,motor_fault,A6c_gate_off_control_train_seed_1,50077,-59.134576638191973,250,false,0.064603775081283385,7.6245466337997607,40,true
safety,A6c_gate_off_control,1,motor_fault,A6c_gate_off_control_train_seed_1,50078,-137.51957900558034,250,false,0.057647005585115096,2.8952481712433702,40,true
safety,A6c_gate_off_control,1,motor_fault,A6c_gate_off_control_train_seed_1,50079,-346.86854625932597,250,false,0.61818989320811102,5.9507520884538962,40,true
safety,A6c_gate_off_control,1,motor_fault,A6c_gate_off_control_train_seed_1,50080,-171.24863267617366,250,false,0.13627863902460349,6.9078923159871337,40,true
safety,A6c_gate_off_control,1,motor_fault,A6c_gate_off_control_train_seed_1,50081,-51.122862541921833,68,true,0.039057206360229899,5.8099041329917833,40,true
safety,A6c_gate_off_control,1,motor_fault,A6c_gate_off_control_train_seed_1,50082,-28.498283101243267,33,true,0.016545571252241553,6.3296261578289563,38.090137481689453,true
safety,A6c_gate_off_control,1,motor_fault,A6c_gate_off_control_train_seed_1,50083,-92.386461924093538,75,true,0.022978969381981799,6.8087125670731377,40,true
safety,A6c_gate_off_control,1,motor_fault,A6c_gate_off_control_train_seed_1,50084,-61.652271700347043,250,false,0.077530209023222371,3.7690807660254935,40,true
safety,A6c_gate_off_control,1,motor_fault,A6c_gate_off_control_train_seed_1,50085,-186.05459686912437,250,false,0.26833474008911434,5.9619621978961614,40,true
safety,A6c_gate_off_control,1,motor_fault,A6c_gate_off_control_train_seed_1,50086,-114.5009858291299,250,false,0.11775492855062039,6.6199649789557196,40,true
safety,A6c_gate_off_control,1,motor_fault,A6c_gate_off_control_train_seed_1,50087,-49.07781763220413,75,true,0.037257191103153765,2.9140053546549356,40,true
safety,A6c_gate_off_control,1,motor_fault,A6c_gate_off_control_train_seed_1,50088,-177.03670630722993,250,false,0.13859292822068595,5.8128012702200289,40,true
safety,A6c_gate_off_control,1,motor_fault,A6c_gate_off_control_train_seed_1,50089,-140.50445897765042,250,false,0.21054062233918103,6.4676838973559052,40,true
safety,A6c_gate_off_control,1,motor_fault,A6c_gate_off_control_train_seed_1,50090,-201.54094742698081,250,false,0.45527484286788028,3.9328657697600353,40,true
safety,A6c_gate_off_control,1,motor_fault,A6c_gate_off_control_train_seed_1,50091,-209.10650545487474,250,false,0.30208516472128116,7.3520916733634687,40,true
safety,A6c_gate_off_control,1,motor_fault,A6c_gate_off_control_train_seed_1,50092,-296.36653122143008,250,false,0.96481835800504656,8.9627636525459913,40,true
safety,A6c_gate_off_control,1,motor_fault,A6c_gate_off_control_train_seed_1,50093,-123.7834474311038,42,false,1.6743464809794977,11.048283818741286,40,true
safety,A6c_gate_off_control,1,motor_fault,A6c_gate_off_control_train_seed_1,50094,-17.336572501136402,36,true,0.028074575198480802,3.5125901336065866,40,true
safety,A6c_gate_off_control,1,motor_fault,A6c_gate_off_control_train_seed_1,50095,-96.644849352809871,250,false,0.098192235331864178,3.6590752343548565,35.816055297851562,true
safety,A6c_gate_off_control,1,motor_fault,A6c_gate_off_control_train_seed_1,50096,-278.42265348763101,250,false,0.67346994166508201,3.4695419903083429,40,true
safety,A6c_gate_off_control,1,motor_fault,A6c_gate_off_control_train_seed_1,50097,-333.80020701119759,250,false,1.1853106058517362,9.2874576495184247,40,true
safety,A6c_gate_off_control,1,motor_fault,A6c_gate_off_control_train_seed_1,50098,-138.10083842858006,250,false,0.13353010273666641,5.2470816296499407,40,true
safety,A6c_gate_off_control,1,motor_fault,A6c_gate_off_control_train_seed_1,50099,-417.73551666094238,250,false,1.1871444666554924,10.22899499118987,40,true
heldout,A4c,2,id_reference,A4c_train_seed_2,40000,-113.39821457232166,250,false,0.11872704312096938,9.1845390647814078,40,false
heldout,A4c,2,id_reference,A4c_train_seed_2,40001,-117.33474218356733,250,false,0.20305734757049723,11.460143084806933,40,false
heldout,A4c,2,id_reference,A4c_train_seed_2,40002,-208.83518374307292,250,false,0.2076955086120407,18.214102775896897,40,false
heldout,A4c,2,id_reference,A4c_train_seed_2,40003,-138.30167635528051,250,false,0.22721942937016415,13.762771916102903,40,false
heldout,A4c,2,id_reference,A4c_train_seed_2,40004,-71.204650317710175,66,true,0.048146361947671301,15.134252524256903,40,false
heldout,A4c,2,id_reference,A4c_train_seed_2,40005,-64.801692892246308,68,true,0.04796393257629783,10.254171449676575,40,false
heldout,A4c,2,id_reference,A4c_train_seed_2,40006,-74.391821866700937,110,true,0.049906729084796576,11.728988266844002,40,false
heldout,A4c,2,id_reference,A4c_train_seed_2,40007,-116.72210528152929,250,false,0.10445188974437043,11.186862252482049,40,false
heldout,A4c,2,id_reference,A4c_train_seed_2,40008,-36.274412812094759,50,true,0.048167922869699321,6.6348050846341877,40,false
heldout,A4c,2,id_reference,A4c_train_seed_2,40009,-24.959101810592358,37,true,0.044924317055729482,8.3851439699705725,40,false
heldout,A4c,2,id_reference,A4c_train_seed_2,40010,-110.41046249766354,250,false,0.18744887334203503,6.9953132053878724,40,false
heldout,A4c,2,id_reference,A4c_train_seed_2,40011,-22.191603840651105,36,true,0.03672792580308383,11.109926357814345,40,false
heldout,A4c,2,id_reference,A4c_train_seed_2,40012,-128.8142765078257,250,false,0.21801054511737616,10.530271295563187,40,false
heldout,A4c,2,id_reference,A4c_train_seed_2,40013,-138.17402830853572,250,false,0.15930292607779695,10.24495085670557,40,false
heldout,A4c,2,id_reference,A4c_train_seed_2,40014,-39.209547552742251,50,true,0.012376843104272377,5.4137994087339756,40,false
heldout,A4c,2,id_reference,A4c_train_seed_2,40015,-221.71775163283206,250,false,0.70420744475494323,9.2223719226037382,40,false
heldout,A4c,2,id_reference,A4c_train_seed_2,40016,-41.316283638157643,56,true,0.035378384024940306,4.5353128740250712,32.195259094238281,false
heldout,A4c,2,id_reference,A4c_train_seed_2,40017,-72.240294019022883,67,true,0.049138038456047556,16.857429845869547,40,false
heldout,A4c,2,id_reference,A4c_train_seed_2,40018,-129.46401314087825,250,false,0.17691842570927246,10.819072087717004,40,false
heldout,A4c,2,id_reference,A4c_train_seed_2,40019,-21.980202860293733,34,true,0.049898500176561465,8.1652555662804005,40,false
heldout,A4c,2,id_reference,A4c_train_seed_2,40020,-54.527347699025711,58,true,0.049769939823988231,6.8743992305758468,40,false
heldout,A4c,2,id_reference,A4c_train_seed_2,40021,-119.60495494766391,250,false,0.29652940992595211,4.4137257165357706,39.029457092285156,false
heldout,A4c,2,id_reference,A4c_train_seed_2,40022,-222.00909894439741,250,false,0.62978554155131472,11.003225360410701,40,false
heldout,A4c,2,id_reference,A4c_train_seed_2,40023,-202.34793831198107,250,false,0.28781745831701044,10.790265215393575,40,false
heldout,A4c,2,id_reference,A4c_train_seed_2,40024,-64.842619206045711,250,false,0.11683159995475018,5.4613636619243309,34.590587615966797,false
heldout,A4c,2,id_reference,A4c_train_seed_2,40025,-137.58505420919309,250,false,0.14195682538811136,11.864074765396973,40,false
heldout,A4c,2,id_reference,A4c_train_seed_2,40026,-93.371332202021947,250,false,0.16398284627187062,8.0538553870190661,40,false
heldout,A4c,2,id_reference,A4c_train_seed_2,40027,-127.25489082377926,250,false,0.1262817335164152,12.184958509462238,40,false
heldout,A4c,2,id_reference,A4c_train_seed_2,40028,-30.700748952400978,62,true,0.016709969110785716,6.6956896824804524,38.953815460205078,false
heldout,A4c,2,id_reference,A4c_train_seed_2,40029,-137.59064527110999,72,true,0.035017139710662996,12.897181894395336,40,false
heldout,A4c,2,id_reference,A4c_train_seed_2,40030,-68.469662027593131,66,true,0.049571243928585265,15.586310065863834,40,false
heldout,A4c,2,id_reference,A4c_train_seed_2,40031,-72.010009824755528,98,true,0.049751715599724591,11.534063948235419,40,false
heldout,A4c,2,id_reference,A4c_train_seed_2,40032,-82.19176868065,250,false,0.1764284584021909,3.8670677828385687,38.481391906738281,false
heldout,A4c,2,id_reference,A4c_train_seed_2,40033,-63.714893314522598,250,false,0.057379082990908964,9.0943727198704369,40,false
heldout,A4c,2,id_reference,A4c_train_seed_2,40034,-30.294020459139688,43,true,0.041446406286323685,8.9513416815642408,40,false
heldout,A4c,2,id_reference,A4c_train_seed_2,40035,-94.599297112936171,250,false,0.19360809486295405,4.4431026748194471,40,false
heldout,A4c,2,id_reference,A4c_train_seed_2,40036,-214.37640570645766,250,false,0.59452737646134035,9.8482023304806514,40,false
heldout,A4c,2,id_reference,A4c_train_seed_2,40037,-98.305541534163538,250,false,0.093005500125465088,17.161892654283019,40,false
heldout,A4c,2,id_reference,A4c_train_seed_2,40038,-107.9032854429078,250,false,0.15480543460734067,5.6875986808223624,40,false
heldout,A4c,2,id_reference,A4c_train_seed_2,40039,-125.43954959605621,250,false,0.28085566284057356,4.2898933259103256,40,false
heldout,A4c,2,id_reference,A4c_train_seed_2,40040,-14.578106359602673,35,true,0.041178849367961963,5.0452597171194009,40,false
heldout,A4c,2,id_reference,A4c_train_seed_2,40041,-298.55306879448267,250,false,0.62380191965906617,10.404852662839687,40,false
heldout,A4c,2,id_reference,A4c_train_seed_2,40042,-106.90002487408387,250,false,0.21608267638189785,9.5581317752272614,40,false
heldout,A4c,2,id_reference,A4c_train_seed_2,40043,-64.940285969138145,79,true,0.046786294038388562,8.380710895010683,40,false
heldout,A4c,2,id_reference,A4c_train_seed_2,40044,-83.589833985812149,250,false,0.090472401904203401,11.106913032516001,40,false
heldout,A4c,2,id_reference,A4c_train_seed_2,40045,-106.98831704228276,250,false,0.12108605562674779,10.634037066210606,40,false
heldout,A4c,2,id_reference,A4c_train_seed_2,40046,-102.0266925436773,76,true,0.048344339308511897,13.224297673669062,40,false
heldout,A4c,2,id_reference,A4c_train_seed_2,40047,-158.67218425541128,250,false,0.17460787215429971,12.574550917977305,40,false
heldout,A4c,2,id_reference,A4c_train_seed_2,40048,-22.232814229789625,40,true,0.01199640678960494,11.859086123776773,40,false
heldout,A4c,2,id_reference,A4c_train_seed_2,40049,-158.50549904109545,250,false,0.43112316005599255,9.7560843324380855,40,false
heldout,A4c,2,id_reference,A4c_train_seed_2,40050,-89.367767622579109,250,false,0.1758993200111337,6.6080460890588668,33.919357299804688,false
heldout,A4c,2,id_reference,A4c_train_seed_2,40051,-70.72338498914695,124,true,0.049238610066506969,8.1933920711934825,40,false
heldout,A4c,2,id_reference,A4c_train_seed_2,40052,-74.011832756166299,61,true,0.041971134491670996,11.388085424169972,40,false
heldout,A4c,2,id_reference,A4c_train_seed_2,40053,-33.294081505121397,53,true,0.041926498478967671,4.3464267890539885,40,false
heldout,A4c,2,id_reference,A4c_train_seed_2,40054,-117.06772477863815,82,true,0.038690813551419394,9.8029412661713984,40,false
heldout,A4c,2,id_reference,A4c_train_seed_2,40055,-46.682832148670826,58,true,0.049349719935623912,11.216625022360722,40,false
heldout,A4c,2,id_reference,A4c_train_seed_2,40056,-19.478847028248765,114,true,0.049871432126251676,4.8410118889251459,39.088859558105469,false
heldout,A4c,2,id_reference,A4c_train_seed_2,40057,-112.42451498830974,250,false,0.090603248848801499,12.391070275911686,40,false
heldout,A4c,2,id_reference,A4c_train_seed_2,40058,-241.53742605172587,250,false,0.73320081505245804,6.9464847072294944,37.933921813964844,false
heldout,A4c,2,id_reference,A4c_train_seed_2,40059,-96.846380452787969,250,false,0.21200638434018604,6.5770805199453584,40,false
heldout,A4c,2,id_reference,A4c_train_seed_2,40060,-11.039642823486643,57,true,0.049759795897054371,5.0550088336469612,31.727075576782227,false
heldout,A4c,2,id_reference,A4c_train_seed_2,40061,-59.698805028471618,49,true,0.027082796162295947,13.571298140611521,40,false
heldout,A4c,2,id_reference,A4c_train_seed_2,40062,-55.602670167525531,64,true,0.049717849273102091,15.02048076906879,40,false
heldout,A4c,2,id_reference,A4c_train_seed_2,40063,-92.114176968257524,250,false,0.19900970881237379,5.4702379929372977,36.835292816162109,false
heldout,A4c,2,id_reference,A4c_train_seed_2,40064,-15.968042170410902,39,true,0.044841366690980732,6.5116206176024711,40,false
heldout,A4c,2,id_reference,A4c_train_seed_2,40065,-235.88182752239499,250,false,0.59298562091367846,10.00497498912477,40,false
heldout,A4c,2,id_reference,A4c_train_seed_2,40066,-120.00255463922235,250,false,0.084836667005977862,14.196039599876718,40,false
heldout,A4c,2,id_reference,A4c_train_seed_2,40067,-60.437877892290203,250,false,0.073925827802010693,6.0495939963726828,38.648284912109375,false
heldout,A4c,2,id_reference,A4c_train_seed_2,40068,-109.19205340388049,250,false,0.24142252499326258,4.5435315306139037,40,false
heldout,A4c,2,id_reference,A4c_train_seed_2,40069,-183.97710201452566,250,false,0.11691969093666928,15.964752258856477,40,false
heldout,A4c,2,id_reference,A4c_train_seed_2,40070,-70.890162619585382,250,false,0.093340462251647147,6.0165467655338132,40,false
heldout,A4c,2,id_reference,A4c_train_seed_2,40071,-120.32794207486224,250,false,0.20936442470172498,5.1786217630804234,40,false
heldout,A4c,2,id_reference,A4c_train_seed_2,40072,-84.862963922691918,250,false,0.16478811371794549,6.1887373605915688,38.794845581054688,false
heldout,A4c,2,id_reference,A4c_train_seed_2,40073,-112.51762497457487,250,false,0.15367004372042573,10.923353582271785,40,false
heldout,A4c,2,id_reference,A4c_train_seed_2,40074,-73.127219982172562,250,false,0.10674861540269624,9.304341291090676,40,false
heldout,A4c,2,id_reference,A4c_train_seed_2,40075,-143.74126330657938,250,false,0.25309222705066092,9.4481934040813442,40,false
heldout,A4c,2,id_reference,A4c_train_seed_2,40076,-26.656877144030471,42,true,0.048115617033351488,9.5199842587719132,40,false
heldout,A4c,2,id_reference,A4c_train_seed_2,40077,-94.460138358135239,250,false,0.16332671458305154,6.1169621520318476,38.841915130615234,false
heldout,A4c,2,id_reference,A4c_train_seed_2,40078,-82.352647127038225,61,true,0.049141867237286058,14.049828676998327,40,false
heldout,A4c,2,id_reference,A4c_train_seed_2,40079,-103.83114585109499,250,false,0.21183571234994056,8.2615904249751466,40,false
heldout,A4c,2,id_reference,A4c_train_seed_2,40080,-36.673673948082879,50,true,0.048119050795598299,15.921483187007132,40,false
heldout,A4c,2,id_reference,A4c_train_seed_2,40081,-84.57299122572671,72,true,0.049032517204682061,10.299876195683652,40,false
heldout,A4c,2,id_reference,A4c_train_seed_2,40082,-93.597545724369709,76,true,0.016902696954563902,13.782009113037082,40,false
heldout,A4c,2,id_reference,A4c_train_seed_2,40083,-171.31949513434432,250,false,0.30330786169743779,10.821794174195187,40,false
heldout,A4c,2,id_reference,A4c_train_seed_2,40084,-150.95091568788519,250,false,0.28256769555261407,11.128493205242856,40,false
heldout,A4c,2,id_reference,A4c_train_seed_2,40085,-195.54099585122955,250,false,0.30866832528833182,7.0208133353875954,40,false
heldout,A4c,2,id_reference,A4c_train_seed_2,40086,-21.156232825208498,46,true,0.027126963765903421,2.8431373067675514,37.317642211914062,false
heldout,A4c,2,id_reference,A4c_train_seed_2,40087,-194.38223625960848,250,false,0.43130196670156612,10.41500032315732,40,false
heldout,A4c,2,id_reference,A4c_train_seed_2,40088,-20.49233481144158,41,true,0.049393900228535258,6.300157820522303,37.750267028808594,false
heldout,A4c,2,id_reference,A4c_train_seed_2,40089,-94.549134228320028,250,false,0.13959962444076662,9.3860477097898798,40,false
heldout,A4c,2,id_reference,A4c_train_seed_2,40090,-69.523274538296349,77,true,0.049812175316716549,17.998985869619482,40,false
heldout,A4c,2,id_reference,A4c_train_seed_2,40091,-106.85025236561727,250,false,0.08651896796625598,15.059921320484982,40,false
heldout,A4c,2,id_reference,A4c_train_seed_2,40092,-51.684430304057202,250,false,0.088291987436889333,4.7319665760416934,32.678508758544922,false
heldout,A4c,2,id_reference,A4c_train_seed_2,40093,-102.84439034382201,250,false,0.11607365696030772,7.8899656201248529,40,false
heldout,A4c,2,id_reference,A4c_train_seed_2,40094,-41.77855363131458,60,true,0.034619228584354053,6.167552944063142,40,false
heldout,A4c,2,id_reference,A4c_train_seed_2,40095,-64.007217066728373,72,true,0.046233815565201723,8.6798871723379918,40,false
heldout,A4c,2,id_reference,A4c_train_seed_2,40096,-146.87989811397136,250,false,0.34977561312783095,5.5573939181487129,40,false
heldout,A4c,2,id_reference,A4c_train_seed_2,40097,-65.432029595353171,94,true,0.049877259816213979,18.078727988592735,40,false
heldout,A4c,2,id_reference,A4c_train_seed_2,40098,-79.756840371463554,68,true,0.040657384298762353,12.473407996931703,40,false
heldout,A4c,2,id_reference,A4c_train_seed_2,40099,-142.94679530285759,250,false,0.21525584979668386,9.3730170148163108,40,false
heldout,A6c,2,id_reference,A6c_train_seed_2,40000,-72.735716026904612,79,true,0.045381965747589285,3.8386964193804483,40,false
heldout,A6c,2,id_reference,A6c_train_seed_2,40001,-170.31263851064475,250,false,0.21187893904849836,5.8765663068574412,40,false
heldout,A6c,2,id_reference,A6c_train_seed_2,40002,-185.85367217598161,250,false,0.24491222334565063,5.0545496573158282,40,false
heldout,A6c,2,id_reference,A6c_train_seed_2,40003,-97.189215450181649,86,true,0.036787576263708939,5.5477175691243472,40,false
heldout,A6c,2,id_reference,A6c_train_seed_2,40004,-93.103674698335325,63,true,0.038467478900404931,5.0818714593339385,40,false
heldout,A6c,2,id_reference,A6c_train_seed_2,40005,-120.70223533135575,113,true,0.049570023774313403,3.525706364651497,40,false
heldout,A6c,2,id_reference,A6c_train_seed_2,40006,-115.94209538614655,77,true,0.048794069722062239,3.9445618104383695,40,false
heldout,A6c,2,id_reference,A6c_train_seed_2,40007,-107.57720162151476,250,false,0.077727668483851528,2.8086619956149699,40,false
heldout,A6c,2,id_reference,A6c_train_seed_2,40008,-43.800150626092154,51,true,0.045157756396633698,3.9400158063730406,40,false
heldout,A6c,2,id_reference,A6c_train_seed_2,40009,-35.317709588857298,42,true,0.04778426036118525,4.2121280186359282,40,false
heldout,A6c,2,id_reference,A6c_train_seed_2,40010,-169.46830013736414,250,false,0.35015322636258478,6.3488112413607292,40,false
heldout,A6c,2,id_reference,A6c_train_seed_2,40011,-36.823602129723255,45,true,0.048881464472264748,5.0671983863081334,40,false
heldout,A6c,2,id_reference,A6c_train_seed_2,40012,-153.80177882824054,250,false,0.18828245182097653,3.6260430086587894,40,false
heldout,A6c,2,id_reference,A6c_train_seed_2,40013,-108.63225582281866,90,true,0.047375506419261623,4.6566001541582303,40,false
heldout,A6c,2,id_reference,A6c_train_seed_2,40014,-113.3052769479971,250,false,0.17632681624583851,2.7669998008936929,40,false
heldout,A6c,2,id_reference,A6c_train_seed_2,40015,-281.28105977337191,250,false,0.68859630817153394,3.7299752109248852,40,false
heldout,A6c,2,id_reference,A6c_train_seed_2,40016,-94.910954706189415,111,true,0.049521117115220191,2.1514191428854512,28.567415237426758,false
heldout,A6c,2,id_reference,A6c_train_seed_2,40017,-39.910102724050134,50,true,0.047649134192589593,7.1752625088928674,40,false
heldout,A6c,2,id_reference,A6c_train_seed_2,40018,-121.86896968680186,250,false,0.10984828448173201,3.2379919702638613,40,false
heldout,A6c,2,id_reference,A6c_train_seed_2,40019,-55.145367906205642,250,false,0.07359431153946068,5.6464200432075859,40,false
heldout,A6c,2,id_reference,A6c_train_seed_2,40020,-61.069011129053891,71,true,0.049491098006828931,4.3725839760387535,40,false
heldout,A6c,2,id_reference,A6c_train_seed_2,40021,-148.08547903722547,250,false,0.42777041123857079,4.3940396676594089,40,false
heldout,A6c,2,id_reference,A6c_train_seed_2,40022,-336.52437504820051,250,false,0.62881983514210105,4.3063715455815084,40,false
heldout,A6c,2,id_reference,A6c_train_seed_2,40023,-206.48046486217126,250,false,0.21126165019146775,3.1716033329514266,40,false
heldout,A6c,2,id_reference,A6c_train_seed_2,40024,-54.683740456860868,250,false,0.063006153837236206,4.4969047929351129,40,false
heldout,A6c,2,id_reference,A6c_train_seed_2,40025,-108.69206848841512,92,true,0.040568895327533758,4.7353810814621351,40,false
heldout,A6c,2,id_reference,A6c_train_seed_2,40026,-90.928257189458989,250,false,0.10514947773817282,3.6635997166803271,40,false
heldout,A6c,2,id_reference,A6c_train_seed_2,40027,-124.7398860623973,96,true,0.048211627733522409,4.4200691851282956,40,false
heldout,A6c,2,id_reference,A6c_train_seed_2,40028,-33.355796444671398,72,true,0.049320496405554241,6.0607035609644768,40,false
heldout,A6c,2,id_reference,A6c_train_seed_2,40029,-163.44967593252039,51,false,1.2977501154858999,5.7726887714694328,40,false
heldout,A6c,2,id_reference,A6c_train_seed_2,40030,-87.723079961656211,71,true,0.046821130934759446,7.0204231427633141,40,false
heldout,A6c,2,id_reference,A6c_train_seed_2,40031,-74.088352897164526,69,true,0.048761153232063245,5.8025589437990597,40,false
heldout,A6c,2,id_reference,A6c_train_seed_2,40032,-103.51849941760908,250,false,0.28306657764877746,4.5559934102896174,40,false
heldout,A6c,2,id_reference,A6c_train_seed_2,40033,-49.602293813351572,54,true,0.040257582538708994,2.9601608626660343,40,false
heldout,A6c,2,id_reference,A6c_train_seed_2,40034,-48.875954839161686,52,true,0.046154218073499974,3.8364424130708596,40,false
heldout,A6c,2,id_reference,A6c_train_seed_2,40035,-93.059884273871901,250,false,0.20192310064964972,4.5625395762329966,40,false
heldout,A6c,2,id_reference,A6c_train_seed_2,40036,-323.72124865673118,250,false,0.73995537884579876,2.5433190667738459,40,false
heldout,A6c,2,id_reference,A6c_train_seed_2,40037,-130.81351009906649,250,false,0.080340002198187682,7.0241139644000947,40,false
heldout,A6c,2,id_reference,A6c_train_seed_2,40038,-101.80299932012751,250,false,0.19572030438338417,3.9983673554792083,40,false
heldout,A6c,2,id_reference,A6c_train_seed_2,40039,-127.5471697792283,250,false,0.27874271279412849,4.4230401850445658,40,false
heldout,A6c,2,id_reference,A6c_train_seed_2,40040,-18.460226406364995,39,true,0.044843856875294429,3.4600328933911197,40,false
heldout,A6c,2,id_reference,A6c_train_seed_2,40041,-988.30102260351384,250,false,3.495798691680414,1.0554032527149411,40,false
heldout,A6c,2,id_reference,A6c_train_seed_2,40042,-131.42569696859979,250,false,0.18692707764940117,2.8868252170178503,40,false
heldout,A6c,2,id_reference,A6c_train_seed_2,40043,-70.538189430165545,75,true,0.0083948423806411952,3.6527179833123418,40,false
heldout,A6c,2,id_reference,A6c_train_seed_2,40044,-94.032030977100902,250,false,0.08186534458348016,5.0564279413807451,40,false
heldout,A6c,2,id_reference,A6c_train_seed_2,40045,-75.676757217509788,72,true,0.003140730190316271,5.4042046814286477,40,false
heldout,A6c,2,id_reference,A6c_train_seed_2,40046,-386.41227124321381,250,false,1.174067290668833,5.6591672937577613,40,false
heldout,A6c,2,id_reference,A6c_train_seed_2,40047,-104.89507620360776,84,true,0.049828602805927255,6.0986209007037369,40,false
heldout,A6c,2,id_reference,A6c_train_seed_2,40048,-28.522552224779538,51,true,0.032663808244538621,5.2173687173587115,40,false
heldout,A6c,2,id_reference,A6c_train_seed_2,40049,-213.84289040313143,250,false,0.39198970148070211,3.8598949205219562,40,false
heldout,A6c,2,id_reference,A6c_train_seed_2,40050,-108.69652819362973,250,false,0.1257226469802116,4.6130416426911447,35.580188751220703,false
heldout,A6c,2,id_reference,A6c_train_seed_2,40051,-143.69742296385866,250,false,0.24430960138762278,7.3822779220890649,40,false
heldout,A6c,2,id_reference,A6c_train_seed_2,40052,-92.830750755128008,102,true,0.048677540624185563,3.3641155077599572,40,false
heldout,A6c,2,id_reference,A6c_train_seed_2,40053,-47.551207373806527,62,true,0.037412763227110332,3.2370246185117577,40,false
heldout,A6c,2,id_reference,A6c_train_seed_2,40054,-194.57716643839464,250,false,0.34411802713451084,4.6753529303807957,40,false
heldout,A6c,2,id_reference,A6c_train_seed_2,40055,-54.842777916685463,78,true,0.049770768038515427,4.3849850092850575,40,false
heldout,A6c,2,id_reference,A6c_train_seed_2,40056,-60.399487958126926,250,false,0.13857542008782961,2.8399056812679238,32.935565948486328,false
heldout,A6c,2,id_reference,A6c_train_seed_2,40057,-202.12086303214821,76,false,1.6961945086141392,4.9859078629068296,40,false
heldout,A6c,2,id_reference,A6c_train_seed_2,40058,-339.13788188318,250,false,1.2035716103050131,6.3416032460037055,40,false
heldout,A6c,2,id_reference,A6c_train_seed_2,40059,-30.081704805216773,64,true,0.047022383577052587,3.0000968445490535,37.184452056884766,false
heldout,A6c,2,id_reference,A6c_train_seed_2,40060,-50.402577982766857,250,false,0.11432816522357754,4.3732716500843596,29.329761505126953,false
heldout,A6c,2,id_reference,A6c_train_seed_2,40061,-56.897701940254841,54,true,0.040998731941134382,4.3550947689548796,40,false
heldout,A6c,2,id_reference,A6c_train_seed_2,40062,-78.083767825057549,77,true,0.049403398756815611,4.4173039658572337,40,false
heldout,A6c,2,id_reference,A6c_train_seed_2,40063,-86.752496147228911,250,false,0.15204289706591029,3.7425333027364935,33.951080322265625,false
heldout,A6c,2,id_reference,A6c_train_seed_2,40064,-19.541760515984706,50,true,0.048539070323802808,4.9552853130896395,40,false
heldout,A6c,2,id_reference,A6c_train_seed_2,40065,-384.34627181130975,250,false,0.7033671905892005,5.2280298882533289,40,false
heldout,A6c,2,id_reference,A6c_train_seed_2,40066,-80.160938368370253,79,true,0.048878482820837899,4.5517123407178435,40,false
heldout,A6c,2,id_reference,A6c_train_seed_2,40067,-31.078650173576804,57,true,0.048591933157910265,3.5514371202127557,40,false
heldout,A6c,2,id_reference,A6c_train_seed_2,40068,-112.3629905977082,250,false,0.26316797427057842,5.4291824844086927,40,false
heldout,A6c,2,id_reference,A6c_train_seed_2,40069,-161.04448928619632,250,false,0.094110835861597977,5.8532399902511951,40,false
heldout,A6c,2,id_reference,A6c_train_seed_2,40070,-71.511479902405682,250,false,0.10341257095549916,3.9911754263252694,40,false
heldout,A6c,2,id_reference,A6c_train_seed_2,40071,-117.71382619642718,250,false,0.219020592807561,4.4122013210640549,40,false
heldout,A6c,2,id_reference,A6c_train_seed_2,40072,-71.444838469912213,250,false,0.10045665157716029,4.7786530574562525,40,false
heldout,A6c,2,id_reference,A6c_train_seed_2,40073,-138.04075361442847,250,false,0.10199322756746766,3.5998347191085887,40,false
heldout,A6c,2,id_reference,A6c_train_seed_2,40074,-60.898890558627187,84,true,0.049749116102019257,4.099382370808768,40,false
heldout,A6c,2,id_reference,A6c_train_seed_2,40075,-240.33304285092908,250,false,0.21099847296157268,1.9197833638651614,40,false
heldout,A6c,2,id_reference,A6c_train_seed_2,40076,-37.546833141954778,48,true,0.049041270088457357,4.3500464207875691,40,false
heldout,A6c,2,id_reference,A6c_train_seed_2,40077,-116.97620528799892,250,false,0.19890495360764712,5.2632808582922062,40,false
heldout,A6c,2,id_reference,A6c_train_seed_2,40078,-105.90775359565869,250,false,0.094101261312476217,6.7207411958784959,40,false
heldout,A6c,2,id_reference,A6c_train_seed_2,40079,-137.1551973578722,250,false,0.18374448425078632,2.9684836125266636,40,false
heldout,A6c,2,id_reference,A6c_train_seed_2,40080,-42.321495984340977,46,true,0.045585961473912591,4.792572049395079,40,false
heldout,A6c,2,id_reference,A6c_train_seed_2,40081,-235.78973252022999,250,false,0.1496316197921792,6.3017079546792694,40,false
heldout,A6c,2,id_reference,A6c_train_seed_2,40082,-208.77794722074705,75,false,0.72180582406900895,6.0583447111932411,40,false
heldout,A6c,2,id_reference,A6c_train_seed_2,40083,-175.31997768609341,250,false,0.29498444176162208,4.0248070801691735,40,false
heldout,A6c,2,id_reference,A6c_train_seed_2,40084,-239.57200280073363,250,false,0.31117064639129477,5.0158077447673719,40,false
heldout,A6c,2,id_reference,A6c_train_seed_2,40085,-169.22348657515701,250,false,0.28459256148089318,5.1315518981622787,40,false
heldout,A6c,2,id_reference,A6c_train_seed_2,40086,-37.464062024811248,96,true,0.049810689469419744,2.7422850184270238,32.405662536621094,false
heldout,A6c,2,id_reference,A6c_train_seed_2,40087,-187.24129189127379,250,false,0.31481679722393591,3.5512786033167538,40,false
heldout,A6c,2,id_reference,A6c_train_seed_2,40088,-25.446604917447573,43,true,0.032212551009141263,3.9325687609110012,36.679328918457031,false
heldout,A6c,2,id_reference,A6c_train_seed_2,40089,-96.47257220593761,250,false,0.082688734240419628,2.9540482354921824,40,false
heldout,A6c,2,id_reference,A6c_train_seed_2,40090,-76.788087451928575,68,true,0.032123300325423779,6.8691450368388995,40,false
heldout,A6c,2,id_reference,A6c_train_seed_2,40091,-68.968608361245913,68,true,0.046883658931990757,5.5136740258584602,40,false
heldout,A6c,2,id_reference,A6c_train_seed_2,40092,-48.088294723987929,250,false,0.060813789923716763,3.0289909732555245,30.150981903076172,false
heldout,A6c,2,id_reference,A6c_train_seed_2,40093,-76.177458638242769,92,true,0.049662833791188229,4.0245986202746282,40,false
heldout,A6c,2,id_reference,A6c_train_seed_2,40094,-124.69068015829001,140,true,0.049114991251137295,2.4184644276612137,40,false
heldout,A6c,2,id_reference,A6c_train_seed_2,40095,-62.638810227113396,72,true,0.027518257934054522,3.923698223070152,40,false
heldout,A6c,2,id_reference,A6c_train_seed_2,40096,-171.48995372442505,250,false,0.38015725584890125,4.8801739498961236,40,false
heldout,A6c,2,id_reference,A6c_train_seed_2,40097,-73.613775742447231,71,true,0.049245536297261257,5.8839055305051096,40,false
heldout,A6c,2,id_reference,A6c_train_seed_2,40098,-122.77555920225326,250,false,0.09174211333785702,5.271613124759881,40,false
heldout,A6c,2,id_reference,A6c_train_seed_2,40099,-183.50623863611378,250,false,0.1837577777925315,4.4635232844150918,40,false
safety,A4c,2,id_reference,A4c_train_seed_2,50000,-126.86239799694417,250,false,0.32255347706006626,4.3585416678882991,36.543025970458984,false
safety,A4c,2,id_reference,A4c_train_seed_2,50001,-132.06010599249944,250,false,0.12781773416820724,10.535024244168547,40,false
safety,A4c,2,id_reference,A4c_train_seed_2,50002,-38.759513806010254,56,true,0.027351064190754695,7.6499976342036824,40,false
safety,A4c,2,id_reference,A4c_train_seed_2,50003,-216.07562669469439,250,false,0.35930177831538052,12.13726879875799,40,false
safety,A4c,2,id_reference,A4c_train_seed_2,50004,-74.61201098447799,250,false,0.080311572474563095,8.96227286267988,40,false
safety,A4c,2,id_reference,A4c_train_seed_2,50005,-67.983461597022242,70,true,0.04874105921546832,14.201094427498521,40,false
safety,A4c,2,id_reference,A4c_train_seed_2,50006,-110.24591447302303,250,false,0.23886749823339876,6.7669665169942608,40,false
safety,A4c,2,id_reference,A4c_train_seed_2,50007,-210.11954337568642,250,false,0.33487988853974093,10.950394000577324,40,false
safety,A4c,2,id_reference,A4c_train_seed_2,50008,-140.56230568891431,250,false,0.18541100877502842,7.508470906837033,40,false
safety,A4c,2,id_reference,A4c_train_seed_2,50009,-107.42974439055968,250,false,0.20097962771662203,9.8172140977764499,40,false
safety,A4c,2,id_reference,A4c_train_seed_2,50010,-53.148825248234516,54,true,0.049141310122899455,12.852568878169638,40,false
safety,A4c,2,id_reference,A4c_train_seed_2,50011,-78.898266984408309,250,false,0.1569677476738171,2.6480427367743737,40,false
safety,A4c,2,id_reference,A4c_train_seed_2,50012,-39.575392622784996,53,true,0.049770210500230165,11.796333062794453,40,false
safety,A4c,2,id_reference,A4c_train_seed_2,50013,-167.09869886918494,250,false,0.31499475174105152,10.33470111436748,40,false
safety,A4c,2,id_reference,A4c_train_seed_2,50014,-229.24170149805286,250,false,0.30691765664212023,17.721712201510911,40,false
safety,A4c,2,id_reference,A4c_train_seed_2,50015,-153.14268298430588,250,false,0.15196917453912751,11.050551229871646,40,false
safety,A4c,2,id_reference,A4c_train_seed_2,50016,-149.58921279124198,250,false,0.35214551945102623,9.9040296130549841,40,false
safety,A4c,2,id_reference,A4c_train_seed_2,50017,-98.281364481014364,250,false,0.11824364199452059,10.240242830381748,40,false
safety,A4c,2,id_reference,A4c_train_seed_2,50018,-82.131973125371545,68,true,0.015422538512149409,12.352002270961993,40,false
safety,A4c,2,id_reference,A4c_train_seed_2,50019,-174.53481322819476,250,false,0.34050828332510924,11.957864587002765,40,false
safety,A4c,2,id_reference,A4c_train_seed_2,50020,-24.569500214902082,39,true,0.048398996032789292,4.5516553779340336,40,false
safety,A4c,2,id_reference,A4c_train_seed_2,50021,-73.774024963793735,250,false,0.15309254127801744,4.846327991156306,30.633659362792969,false
safety,A4c,2,id_reference,A4c_train_seed_2,50022,-91.345353281940064,66,true,0.044357472377392494,11.816526537004357,40,false
safety,A4c,2,id_reference,A4c_train_seed_2,50023,-118.61887831132506,250,false,0.15143850128320899,9.9168310609953778,40,false
safety,A4c,2,id_reference,A4c_train_seed_2,50024,-54.725802449309768,250,false,0.13501781813506378,4.7479373675841057,30.825716018676758,false
safety,A4c,2,id_reference,A4c_train_seed_2,50025,-134.46902848677584,112,true,0.044984708649578549,16.435900630410167,40,false
safety,A4c,2,id_reference,A4c_train_seed_2,50026,-181.62662403471199,250,false,0.42518971444957471,6.1444065341897511,39.631507873535156,false
safety,A4c,2,id_reference,A4c_train_seed_2,50027,-81.716813111223786,250,false,0.14373626886045904,8.1330822639157176,40,false
safety,A4c,2,id_reference,A4c_train_seed_2,50028,-106.08996377359885,86,true,0.048739053969954552,15.825929451338848,40,false
safety,A4c,2,id_reference,A4c_train_seed_2,50029,-100.53448650607262,69,true,0.0415734416947754,13.482564449334509,40,false
safety,A4c,2,id_reference,A4c_train_seed_2,50030,-73.893557292796544,75,true,0.047353955279440432,9.9396757464014964,40,false
safety,A4c,2,id_reference,A4c_train_seed_2,50031,-76.522742576576391,70,true,0.048265675348018879,14.294804987356324,40,false
safety,A4c,2,id_reference,A4c_train_seed_2,50032,-76.2479560984562,62,true,0.048696031908281597,12.048157870978587,40,false
safety,A4c,2,id_reference,A4c_train_seed_2,50033,-80.395969928780133,250,false,0.22812710033635153,4.7932873423026008,25.931728363037109,false
safety,A4c,2,id_reference,A4c_train_seed_2,50034,-31.666609507014751,47,true,0.049576518914659543,7.0284833023652791,40,false
safety,A4c,2,id_reference,A4c_train_seed_2,50035,-118.55312245417778,250,false,0.22914184162571627,5.1681598354105596,40,false
safety,A4c,2,id_reference,A4c_train_seed_2,50036,-35.701408638572545,52,true,0.037181289830324635,5.4223094656737247,40,false
safety,A4c,2,id_reference,A4c_train_seed_2,50037,-72.241050061417397,250,false,0.062904351820744997,10.869401305501569,40,false
safety,A4c,2,id_reference,A4c_train_seed_2,50038,-204.39894355281066,250,false,0.1172482982317591,17.319426835912527,40,false
safety,A4c,2,id_reference,A4c_train_seed_2,50039,-36.575319336954763,58,true,0.046805309747031919,2.9373236115154921,39.762477874755859,false
safety,A4c,2,id_reference,A4c_train_seed_2,50040,-79.150801646017968,250,false,0.10319792656070882,10.7199196379415,40,false
safety,A4c,2,id_reference,A4c_train_seed_2,50041,-44.960183785126787,58,true,0.049073160076368999,12.734636999785925,40,false
safety,A4c,2,id_reference,A4c_train_seed_2,50042,-73.419024170516522,250,false,0.10697397317700089,7.1461725119229742,40,false
safety,A4c,2,id_reference,A4c_train_seed_2,50043,-9.6215728271541128,32,true,0.048252249899935235,4.0289271094033792,40,false
safety,A4c,2,id_reference,A4c_train_seed_2,50044,-89.2959902848513,250,false,0.052118063949279148,11.448435627749344,40,false
safety,A4c,2,id_reference,A4c_train_seed_2,50045,-93.635053310270692,72,true,0.047958006887193393,11.300916901425625,40,false
safety,A4c,2,id_reference,A4c_train_seed_2,50046,-53.797634449880043,61,true,0.047564814785641778,14.718922271958359,40,false
safety,A4c,2,id_reference,A4c_train_seed_2,50047,-110.97684550638964,250,false,0.22576287062181516,4.8512337297748083,39.864479064941406,false
safety,A4c,2,id_reference,A4c_train_seed_2,50048,-82.97571957505663,250,false,0.079283133755534529,9.6970815315615226,40,false
safety,A4c,2,id_reference,A4c_train_seed_2,50049,-86.846218631063749,61,true,0.03326723688753782,13.965349018568444,40,false
safety,A4c,2,id_reference,A4c_train_seed_2,50050,-153.23999369133756,250,false,0.16763744414911649,12.428081182963872,40,false
safety,A4c,2,id_reference,A4c_train_seed_2,50051,-143.8980382875348,250,false,0.077578418302282987,13.222617796336925,40,false
safety,A4c,2,id_reference,A4c_train_seed_2,50052,-108.02687453304162,65,true,0.047909030110121452,15.101184962678605,40,false
safety,A4c,2,id_reference,A4c_train_seed_2,50053,-76.543133296009884,250,false,0.067170189102688488,8.6957942270011745,40,false
safety,A4c,2,id_reference,A4c_train_seed_2,50054,-144.2268496691114,112,true,0.047189447963824398,20.075602982914717,40,false
safety,A4c,2,id_reference,A4c_train_seed_2,50055,-157.60152367295191,250,false,0.32113131070676748,10.083029663023144,40,false
safety,A4c,2,id_reference,A4c_train_seed_2,50056,-3.198693736288039,33,true,0.027585989174087621,4.7714519565790807,22.031822204589844,false
safety,A4c,2,id_reference,A4c_train_seed_2,50057,-109.1721298520044,250,false,0.14525409605633047,9.2239487255296311,40,false
safety,A4c,2,id_reference,A4c_train_seed_2,50058,-103.23192056195514,78,true,0.024478285204116299,14.656735584397262,40,false
safety,A4c,2,id_reference,A4c_train_seed_2,50059,-51.675413513955064,103,true,0.048962441010462258,5.2502049508853945,40,false
safety,A4c,2,id_reference,A4c_train_seed_2,50060,-137.79893578400424,250,false,0.074249499272507152,14.836339643431543,40,false
safety,A4c,2,id_reference,A4c_train_seed_2,50061,-88.833427172722523,250,false,0.2089755591537881,2.7422176429079763,38.565185546875,false
safety,A4c,2,id_reference,A4c_train_seed_2,50062,-128.51754494639908,250,false,0.13198234413881946,15.05523528264702,40,false
safety,A4c,2,id_reference,A4c_train_seed_2,50063,-89.22963005128328,250,false,0.16313685015800455,4.0483744299586464,31.384408950805664,false
safety,A4c,2,id_reference,A4c_train_seed_2,50064,-59.067361023523901,250,false,0.060601879263145961,8.3968885668209996,40,false
safety,A4c,2,id_reference,A4c_train_seed_2,50065,-20.154522067612348,43,true,0.044877649785790903,8.6241733580240982,40,false
safety,A4c,2,id_reference,A4c_train_seed_2,50066,-119.52976511942728,250,false,0.18138328410963575,9.9771855243189957,40,false
safety,A4c,2,id_reference,A4c_train_seed_2,50067,-27.412763007896331,54,true,0.049425787266319167,5.7527144718058656,35.908363342285156,false
safety,A4c,2,id_reference,A4c_train_seed_2,50068,-49.070381033616378,250,false,0.082144643125726474,6.413218415069843,22.500045776367188,false
safety,A4c,2,id_reference,A4c_train_seed_2,50069,-72.796720461530711,70,true,0.049912871963174309,15.912172914328607,40,false
safety,A4c,2,id_reference,A4c_train_seed_2,50070,-100.65162415855701,250,false,0.27656249118134624,5.2666109217340242,30.190967559814453,false
safety,A4c,2,id_reference,A4c_train_seed_2,50071,-17.516964939134333,37,true,0.049649411650322252,6.9284383321743075,40,false
safety,A4c,2,id_reference,A4c_train_seed_2,50072,-130.33257853186586,250,false,0.07373095491545445,11.494727960506069,40,false
safety,A4c,2,id_reference,A4c_train_seed_2,50073,-200.76731862329015,250,false,0.1219063568623185,15.77559462778034,40,false
safety,A4c,2,id_reference,A4c_train_seed_2,50074,-38.282007679986194,151,true,0.049385906843573364,5.8517323321812889,30.757966995239258,false
safety,A4c,2,id_reference,A4c_train_seed_2,50075,-180.46697704344481,250,false,0.44922016109084506,5.6459462523242525,40,false
safety,A4c,2,id_reference,A4c_train_seed_2,50076,-166.24361031645236,250,false,0.16460530825102965,11.751655734006334,40,false
safety,A4c,2,id_reference,A4c_train_seed_2,50077,-69.711112791734138,250,false,0.057801066360696818,13.254078499665496,40,false
safety,A4c,2,id_reference,A4c_train_seed_2,50078,-71.962879513575174,250,false,0.098751215867083741,4.1454698256631106,40,false
safety,A4c,2,id_reference,A4c_train_seed_2,50079,-135.90573875896732,250,false,0.078829352611596445,13.199204814519792,40,false
safety,A4c,2,id_reference,A4c_train_seed_2,50080,-197.12721877968394,250,false,0.10668170049152771,15.984044319601868,40,false
safety,A4c,2,id_reference,A4c_train_seed_2,50081,-75.174516625359558,250,false,0.095874064021761338,10.286192545890945,40,false
safety,A4c,2,id_reference,A4c_train_seed_2,50082,-28.853325789058555,49,true,0.013959580416530015,12.620070563547674,40,false
safety,A4c,2,id_reference,A4c_train_seed_2,50083,-79.903741780205877,65,true,0.049035322360766062,12.088161807165449,40,false
safety,A4c,2,id_reference,A4c_train_seed_2,50084,-20.96654047689875,38,true,0.048192807029031816,6.5090071040638948,40,false
safety,A4c,2,id_reference,A4c_train_seed_2,50085,-130.19228262795806,250,false,0.088099605753484883,13.513331407217755,40,false
safety,A4c,2,id_reference,A4c_train_seed_2,50086,-62.708299824003376,80,true,0.049504261062595922,17.490914958377733,40,false
safety,A4c,2,id_reference,A4c_train_seed_2,50087,-59.44210389435878,250,false,0.063314990175440386,6.1007339353972823,40,false
safety,A4c,2,id_reference,A4c_train_seed_2,50088,-84.682865820906144,99,true,0.049852776189949058,16.346872926004021,40,false
safety,A4c,2,id_reference,A4c_train_seed_2,50089,-56.965197555819508,67,true,0.049088720836020984,7.141725321311819,40,false
safety,A4c,2,id_reference,A4c_train_seed_2,50090,-161.57527082572562,250,false,0.2933173458525295,10.706872268671326,40,false
safety,A4c,2,id_reference,A4c_train_seed_2,50091,-138.25896188605265,116,true,0.049965629464018613,10.671091624468609,40,false
safety,A4c,2,id_reference,A4c_train_seed_2,50092,-180.20530539340578,250,false,0.41181977577299511,4.864344801782142,40,false
safety,A4c,2,id_reference,A4c_train_seed_2,50093,-154.75863546333758,250,false,0.15182380319348857,11.550979590523667,40,false
safety,A4c,2,id_reference,A4c_train_seed_2,50094,-14.487752008045588,33,true,0.046218416643023397,5.2445391750502646,40,false
safety,A4c,2,id_reference,A4c_train_seed_2,50095,-33.503633959396318,52,true,0.024008672581571619,5.6373156914430886,40,false
safety,A4c,2,id_reference,A4c_train_seed_2,50096,-175.73322458087074,250,false,0.47967315483426337,11.325819881921731,40,false
safety,A4c,2,id_reference,A4c_train_seed_2,50097,-209.80800224406377,250,false,0.51985943600600959,6.0889921601908075,40,false
safety,A4c,2,id_reference,A4c_train_seed_2,50098,-70.116732002404717,67,true,0.011401504887214382,14.088652041601835,40,false
safety,A4c,2,id_reference,A4c_train_seed_2,50099,-176.33045818393211,250,false,0.33358438177540645,8.7735211983878241,40,false
safety,A3,2,id_reference,A3_train_seed_2,50000,-13.767467579245102,35,true,0.02047925159289226,5.3818777990806064,36.453968048095703,false
safety,A3,2,id_reference,A3_train_seed_2,50001,-92.919862485081609,84,true,0.032971685777183138,9.1371571152402939,40,false
safety,A3,2,id_reference,A3_train_seed_2,50002,-31.591653225071632,40,true,0.036150769348524993,9.1016016612353461,40,false
safety,A3,2,id_reference,A3_train_seed_2,50003,-169.25300333673968,250,false,0.13401647600622674,11.413001275274436,40,false
safety,A3,2,id_reference,A3_train_seed_2,50004,-32.333007245997763,45,true,0.049026102473963343,8.5747534496338016,40,false
safety,A3,2,id_reference,A3_train_seed_2,50005,-61.537808837524082,70,true,0.037601112137599452,15.456093475845504,40,false
safety,A3,2,id_reference,A3_train_seed_2,50006,-29.145747356263161,45,true,0.043375042501707373,5.1848840368781595,40,false
safety,A3,2,id_reference,A3_train_seed_2,50007,-125.25843809949467,104,true,0.047639135865197829,11.152384470860977,40,false
safety,A3,2,id_reference,A3_train_seed_2,50008,-58.423674344665301,63,true,0.039061276912811492,9.0861842903604249,40,false
safety,A3,2,id_reference,A3_train_seed_2,50009,-50.574104734016679,86,true,0.049955130214539963,9.3571619879793584,40,false
safety,A3,2,id_reference,A3_train_seed_2,50010,-80.670904890453727,250,false,0.07235017440544636,12.050393588820862,40,false
safety,A3,2,id_reference,A3_train_seed_2,50011,-68.058284930182381,250,false,0.099138967046815935,5.3803444413474617,40,false
safety,A3,2,id_reference,A3_train_seed_2,50012,-35.413884451366428,42,true,0.017425499087399418,13.728056557850936,40,false
safety,A3,2,id_reference,A3_train_seed_2,50013,-86.172366044799617,68,true,0.033139175530974639,9.9831853708732154,40,false
safety,A3,2,id_reference,A3_train_seed_2,50014,-188.40207230733182,250,false,0.16342099393624879,16.410254858369619,40,false
safety,A3,2,id_reference,A3_train_seed_2,50015,-70.158854791571329,64,true,0.039451452239000616,9.846547315236462,40,false
safety,A3,2,id_reference,A3_train_seed_2,50016,-56.589525232483155,58,true,0.027118625032957429,9.0634159084806711,40,false
safety,A3,2,id_reference,A3_train_seed_2,50017,-50.394539839064407,60,true,0.037010250215742453,12.638976160677357,40,false
safety,A3,2,id_reference,A3_train_seed_2,50018,-77.72479057855162,66,true,0.049476236649246455,12.305518488762829,40,false
safety,A3,2,id_reference,A3_train_seed_2,50019,-89.304367992398113,108,true,0.049680827382561028,11.763264830813418,40,false
safety,A3,2,id_reference,A3_train_seed_2,50020,-75.020605587758666,250,false,0.1096645977198816,6.141326433362571,40,false
safety,A3,2,id_reference,A3_train_seed_2,50021,-13.198773851215705,36,true,0.031467202779869807,4.8563032550534029,32.331756591796875,false
safety,A3,2,id_reference,A3_train_seed_2,50022,-73.907146740712491,74,true,0.034670404052421999,10.811187701450883,40,false
safety,A3,2,id_reference,A3_train_seed_2,50023,-107.53331073591727,250,false,0.085688759056383026,9.1131427830408942,40,false
safety,A3,2,id_reference,A3_train_seed_2,50024,-58.554456873652136,250,false,0.07952755431185686,6.7429335505009416,29.372913360595703,false
safety,A3,2,id_reference,A3_train_seed_2,50025,-85.153869936609141,105,true,0.049573908567913098,13.559339795425188,40,false
safety,A3,2,id_reference,A3_train_seed_2,50026,-116.81844042424562,250,false,0.17787813967070654,8.1017135989019771,40,false
safety,A3,2,id_reference,A3_train_seed_2,50027,-95.050323126626665,250,false,0.21335282699808875,8.595550235989224,40,false
safety,A3,2,id_reference,A3_train_seed_2,50028,-86.617371314238198,73,true,0.031657819010581248,14.761869563357742,40,false
safety,A3,2,id_reference,A3_train_seed_2,50029,-112.31880706816466,250,false,0.074005346558573423,13.249543498150626,40,false
safety,A3,2,id_reference,A3_train_seed_2,50030,-71.321125494621299,62,true,0.049119028044375908,8.6266735179028515,40,false
safety,A3,2,id_reference,A3_train_seed_2,50031,-114.87193573209939,250,false,0.10991547293338315,14.050137807397139,40,false
safety,A3,2,id_reference,A3_train_seed_2,50032,-59.941613594232116,68,true,0.025825839690296962,11.140186224125427,40,false
safety,A3,2,id_reference,A3_train_seed_2,50033,-2.3009635885695818,24,true,0.027561238178438138,5.9081794326476871,27.06092643737793,false
safety,A3,2,id_reference,A3_train_seed_2,50034,-27.441567268378414,37,true,0.025219659942636481,8.1666495858873631,40,false
safety,A3,2,id_reference,A3_train_seed_2,50035,-62.301292696761742,250,false,0.064498920754711989,7.0831483740131604,40,false
safety,A3,2,id_reference,A3_train_seed_2,50036,-75.462250916144683,250,false,0.17500319631842534,6.1829158323274935,40,false
safety,A3,2,id_reference,A3_train_seed_2,50037,-35.84015119344798,46,true,0.046747026846431623,10.665504799935606,40,false
safety,A3,2,id_reference,A3_train_seed_2,50038,-163.49212703281032,250,false,0.074784785518911476,10.887373103546539,40,false
safety,A3,2,id_reference,A3_train_seed_2,50039,-23.354567295629359,39,true,0.032062436423901497,4.9339199545936783,40,false
safety,A3,2,id_reference,A3_train_seed_2,50040,-44.48585032572165,41,true,0.049379488332851225,11.214144060620956,38.348777770996094,false
safety,A3,2,id_reference,A3_train_seed_2,50041,-71.642738111760607,250,false,0.059849212096909979,11.618965802738151,40,false
safety,A3,2,id_reference,A3_train_seed_2,50042,-72.215499619845517,250,false,0.10014549488362476,6.5835027684079819,40,false
safety,A3,2,id_reference,A3_train_seed_2,50043,-9.3362139165934419,38,true,0.049980433472076799,5.4713415168464845,39.936862945556641,false
safety,A3,2,id_reference,A3_train_seed_2,50044,-43.734997055220276,48,true,0.043842592367436137,9.4518831558234577,40,false
safety,A3,2,id_reference,A3_train_seed_2,50045,-82.538878919242237,113,true,0.049002910500499069,11.265357667000423,40,false
safety,A3,2,id_reference,A3_train_seed_2,50046,-83.270864836885025,250,false,0.098413915340041361,13.983301108449746,40,false
safety,A3,2,id_reference,A3_train_seed_2,50047,-102.61955981022257,250,false,0.18184626073068719,3.7271766942040196,40,false
safety,A3,2,id_reference,A3_train_seed_2,50048,-50.322524172484712,72,true,0.049561074982300668,8.6748613815993529,40,false
safety,A3,2,id_reference,A3_train_seed_2,50049,-82.26505541399959,70,true,0.049817074349813258,13.202524020151852,40,false
safety,A3,2,id_reference,A3_train_seed_2,50050,-98.222605538577696,87,true,0.047094251246109581,13.053735896404417,40,false
safety,A3,2,id_reference,A3_train_seed_2,50051,-87.097903243661506,60,true,0.029583494463489037,13.404153901412666,40,false
safety,A3,2,id_reference,A3_train_seed_2,50052,-104.40127208156952,68,true,0.048515877307606321,14.287888478848155,40,false
safety,A3,2,id_reference,A3_train_seed_2,50053,-35.209452796592849,46,true,0.049733167066059535,8.1533931091135727,40,false
safety,A3,2,id_reference,A3_train_seed_2,50054,-127.03518613733024,100,true,0.048278640524811837,11.361917898445371,40,false
safety,A3,2,id_reference,A3_train_seed_2,50055,-61.21453044617359,83,true,0.041622783694304791,9.7097943263931334,40,false
safety,A3,2,id_reference,A3_train_seed_2,50056,-7.6780541484973259,47,true,0.048714941820561061,3.5819014488362555,22.237213134765625,false
safety,A3,2,id_reference,A3_train_seed_2,50057,-41.754064842791756,68,true,0.041642768650851286,9.2848200629649291,40,false
safety,A3,2,id_reference,A3_train_seed_2,50058,-94.671090880713393,108,true,0.048578287607995749,14.65555758929853,40,false
safety,A3,2,id_reference,A3_train_seed_2,50059,-69.868806671833667,250,false,0.11313348278847705,7.148813345098989,40,false
safety,A3,2,id_reference,A3_train_seed_2,50060,-139.33100087909639,250,false,0.098030225104788357,14.283070674369815,40,false
safety,A3,2,id_reference,A3_train_seed_2,50061,-77.080790970558652,250,false,0.13194759813977883,5.7685281005588234,38.384658813476562,false
safety,A3,2,id_reference,A3_train_seed_2,50062,-119.65527449115604,250,false,0.076111979292853182,15.728383481344071,40,false
safety,A3,2,id_reference,A3_train_seed_2,50063,-59.800877337825689,250,false,0.060672506940241983,3.2674772105517866,32.923332214355469,false
safety,A3,2,id_reference,A3_train_seed_2,50064,-22.306780058317628,40,true,0.041978913342807275,8.0823507419588037,40,false
safety,A3,2,id_reference,A3_train_seed_2,50065,-17.902974760829139,33,true,0.013200514991810079,9.1362434206414793,35.612655639648438,false
safety,A3,2,id_reference,A3_train_seed_2,50066,-66.856532362039772,89,true,0.048129251422127754,9.714186417978059,40,false
safety,A3,2,id_reference,A3_train_seed_2,50067,-21.817965219501879,35,true,0.024372478511047034,7.1923015205048939,39.347660064697266,false
safety,A3,2,id_reference,A3_train_seed_2,50068,-15.098605854815583,36,true,0.049161092846193029,6.9848540467429769,25.388349533081055,false
safety,A3,2,id_reference,A3_train_seed_2,50069,-60.751422778323715,62,true,0.047820274689900667,14.4400784669768,40,false
safety,A3,2,id_reference,A3_train_seed_2,50070,-52.522525248127238,250,false,0.082191730698864235,5.1875965076751269,32.078258514404297,false
safety,A3,2,id_reference,A3_train_seed_2,50071,-20.622117739212285,41,true,0.049985814908611162,4.6637115542957046,40,false
safety,A3,2,id_reference,A3_train_seed_2,50072,-85.318094744559559,77,true,0.048432914080784088,8.6895095203869026,40,false
safety,A3,2,id_reference,A3_train_seed_2,50073,-129.70327236352165,108,true,0.04988031625694303,15.172164235860059,40,false
safety,A3,2,id_reference,A3_train_seed_2,50074,-19.906408589884883,51,true,0.045604212592033233,6.9881689078509197,35.684993743896484,false
safety,A3,2,id_reference,A3_train_seed_2,50075,-95.203490657496403,250,false,0.11044552790714876,7.0653929393338482,40,false
safety,A3,2,id_reference,A3_train_seed_2,50076,-156.54791121781673,250,false,0.10297490752152964,11.495579292019148,40,false
safety,A3,2,id_reference,A3_train_seed_2,50077,-77.996827870481454,250,false,0.10271182889957145,16.603659787024711,40,false
safety,A3,2,id_reference,A3_train_seed_2,50078,-66.352064312044959,250,false,0.096491460938918736,5.226984391476786,40,false
safety,A3,2,id_reference,A3_train_seed_2,50079,-119.77449488632902,250,false,0.070379340366574686,13.567974856034395,40,false
safety,A3,2,id_reference,A3_train_seed_2,50080,-139.97037433700538,100,true,0.04990058093664982,12.239988479357185,40,false
safety,A3,2,id_reference,A3_train_seed_2,50081,-42.803254890936678,44,true,0.010506636127129994,10.638536682741718,40,false
safety,A3,2,id_reference,A3_train_seed_2,50082,-29.508245577496432,49,true,0.017817212018042473,12.742114800442488,40,false
safety,A3,2,id_reference,A3_train_seed_2,50083,-130.34861674462462,250,false,0.18310821814955258,11.593078596351916,40,false
safety,A3,2,id_reference,A3_train_seed_2,50084,-22.073730616069664,38,true,0.041904129773962559,6.2655922645980091,40,false
safety,A3,2,id_reference,A3_train_seed_2,50085,-85.942897682811292,79,true,0.048705975958195376,11.066765289317317,40,false
safety,A3,2,id_reference,A3_train_seed_2,50086,-91.848672257313666,250,false,0.069294754489137883,18.059624047143096,40,false
safety,A3,2,id_reference,A3_train_seed_2,50087,-20.902970088983942,36,true,0.014369930552630342,7.6266726308616546,39.117923736572266,false
safety,A3,2,id_reference,A3_train_seed_2,50088,-81.267372025592266,62,true,0.035842522014282376,16.181073735342455,40,false
safety,A3,2,id_reference,A3_train_seed_2,50089,-51.040675452628335,53,true,0.041086724031408228,7.6567920255268742,40,false
safety,A3,2,id_reference,A3_train_seed_2,50090,-111.43024194207108,250,false,0.056833739904739458,10.620977757458762,40,false
safety,A3,2,id_reference,A3_train_seed_2,50091,-120.65356064931835,83,true,0.049847524343051314,9.8238229906401351,40,false
safety,A3,2,id_reference,A3_train_seed_2,50092,-98.846199341057599,250,false,0.15865672479244186,5.913801203376349,40,false
safety,A3,2,id_reference,A3_train_seed_2,50093,-136.47112167463629,250,false,0.087659854373149937,11.313583332802414,40,false
safety,A3,2,id_reference,A3_train_seed_2,50094,-17.061805309017416,49,true,0.049125186134620247,5.934773205754925,40,false
safety,A3,2,id_reference,A3_train_seed_2,50095,-58.209354480733225,250,false,0.064172685466241955,6.3866728958777239,40,false
safety,A3,2,id_reference,A3_train_seed_2,50096,-85.755812829664578,71,true,0.01830384641815147,10.730635640053908,40,false
safety,A3,2,id_reference,A3_train_seed_2,50097,-164.23441863786607,250,false,0.34964129093320045,4.7612645807694074,40,false
safety,A3,2,id_reference,A3_train_seed_2,50098,-72.584411388629093,122,true,0.049977692894940591,14.09099628365208,40,false
safety,A3,2,id_reference,A3_train_seed_2,50099,-178.41996179516372,250,false,0.15380363957199836,14.048335926163078,40,false
safety,A6c,2,id_reference,A6c_train_seed_2,50000,-85.740641787376248,250,false,0.12313938241046933,4.0535889880433063,36.661788940429688,false
safety,A6c,2,id_reference,A6c_train_seed_2,50001,-145.09466176995258,250,false,0.10440970983032548,4.4444277526165283,40,false
safety,A6c,2,id_reference,A6c_train_seed_2,50002,-48.598072902061048,61,true,0.031527749392586679,6.1453077387902217,40,false
safety,A6c,2,id_reference,A6c_train_seed_2,50003,-273.28094451770704,250,false,0.42145321916200251,4.4097404318488227,40,false
safety,A6c,2,id_reference,A6c_train_seed_2,50004,-83.775198943343895,108,true,0.047923927611439779,4.5682087714630413,40,false
safety,A6c,2,id_reference,A6c_train_seed_2,50005,-86.054105842359832,73,true,0.034648700138332225,6.2157144888209857,40,false
safety,A6c,2,id_reference,A6c_train_seed_2,50006,-94.397899347719559,250,false,0.11750064030726891,2.9241768497575635,40,false
safety,A6c,2,id_reference,A6c_train_seed_2,50007,-200.09050595835294,250,false,0.43262949907877724,4.3668218360895983,40,false
safety,A6c,2,id_reference,A6c_train_seed_2,50008,-104.04244823128762,96,true,0.012160176858682162,5.9965469046323658,40,false
safety,A6c,2,id_reference,A6c_train_seed_2,50009,-157.79005568269207,250,false,0.16663104848089591,3.1644813854169,40,false
safety,A6c,2,id_reference,A6c_train_seed_2,50010,-72.926096215454947,61,true,0.035534100532208554,3.6679859034484941,40,false
safety,A6c,2,id_reference,A6c_train_seed_2,50011,-104.60362978112934,250,false,0.26773382913643329,5.0279566793161994,40,false
safety,A6c,2,id_reference,A6c_train_seed_2,50012,-40.821282536809591,48,true,0.027042448484143135,3.5505864295055307,40,false
safety,A6c,2,id_reference,A6c_train_seed_2,50013,-249.23555150823051,250,false,0.32272200854898109,4.2034777530970668,40,false
safety,A6c,2,id_reference,A6c_train_seed_2,50014,-191.61971542003212,250,false,0.32469709582270967,4.3510143859110073,40,false
safety,A6c,2,id_reference,A6c_train_seed_2,50015,-133.81406652767492,250,false,0.13424465171775099,3.4260343672269635,40,false
safety,A6c,2,id_reference,A6c_train_seed_2,50016,-193.51674224516171,250,false,0.34612115218854966,2.1227415215214487,40,false
safety,A6c,2,id_reference,A6c_train_seed_2,50017,-73.558956326175846,76,true,0.049253022910024473,4.9584285200307097,40,false
safety,A6c,2,id_reference,A6c_train_seed_2,50018,-154.423254549658,48,false,2.1298883621281983,5.6747870860117544,40,false
safety,A6c,2,id_reference,A6c_train_seed_2,50019,-251.41997370030225,250,false,0.3005429263872878,3.2544621078404741,40,false
safety,A6c,2,id_reference,A6c_train_seed_2,50020,-91.666648621190262,250,false,0.10116623981434653,2.4511323064333239,40,false
safety,A6c,2,id_reference,A6c_train_seed_2,50021,-20.965361773818117,48,true,0.047127895226884826,3.3496546199233652,30.662542343139648,false
safety,A6c,2,id_reference,A6c_train_seed_2,50022,-87.048769349287696,100,true,0.049053719994751263,3.9141712757272011,40,false
safety,A6c,2,id_reference,A6c_train_seed_2,50023,-114.95813178520808,250,false,0.07462565485991525,5.4015447017842346,40,false
safety,A6c,2,id_reference,A6c_train_seed_2,50024,-9.6996134552450233,52,true,0.034432223116424694,4.6455482717436025,30.191268920898438,false
safety,A6c,2,id_reference,A6c_train_seed_2,50025,-84.737795084557035,81,true,0.048460221522116591,4.9757678794899887,40,false
safety,A6c,2,id_reference,A6c_train_seed_2,50026,-251.49597314747172,250,false,0.6388790774240235,5.6736499960366178,40,false
safety,A6c,2,id_reference,A6c_train_seed_2,50027,-80.00600200967699,250,false,0.14734821752530464,6.2843442316623248,40,false
safety,A6c,2,id_reference,A6c_train_seed_2,50028,-69.049428027025058,61,true,0.048705343334743863,6.0355502685789784,40,false
safety,A6c,2,id_reference,A6c_train_seed_2,50029,-165.3470285914143,250,false,0.1492370606681899,4.3975699347815729,40,false
safety,A6c,2,id_reference,A6c_train_seed_2,50030,-88.627108431455014,80,true,0.045943904921548082,4.5778965211052363,40,false
safety,A6c,2,id_reference,A6c_train_seed_2,50031,-81.846317793482413,76,true,0.048688531747341376,5.974025663720572,40,false
safety,A6c,2,id_reference,A6c_train_seed_2,50032,-74.296243055664249,83,true,0.049340836842960457,3.0505811983308568,40,false
safety,A6c,2,id_reference,A6c_train_seed_2,50033,-4.8789945121069636,32,true,0.013498928800267892,4.0819959119777112,26.064872741699219,false
safety,A6c,2,id_reference,A6c_train_seed_2,50034,-42.13689751907097,55,true,0.035123605885239287,4.823181182704257,40,false
safety,A6c,2,id_reference,A6c_train_seed_2,50035,-115.29341116124203,250,false,0.18147915117884575,4.6970452547626813,40,false
safety,A6c,2,id_reference,A6c_train_seed_2,50036,-107.7878614061747,250,false,0.13323890564162741,2.5694518264581045,40,false
safety,A6c,2,id_reference,A6c_train_seed_2,50037,-65.388402421636869,61,true,0.040631340545173859,3.1446835322598559,40,false
safety,A6c,2,id_reference,A6c_train_seed_2,50038,-147.50438373511247,250,false,0.11802048224584032,6.0167756768486651,40,false
safety,A6c,2,id_reference,A6c_train_seed_2,50039,-55.655145725317176,69,true,0.04493685030816881,2.3140508113960618,37.018451690673828,false
safety,A6c,2,id_reference,A6c_train_seed_2,50040,-76.791105931874469,250,false,0.095787625302261079,3.8026514509132823,40,false
safety,A6c,2,id_reference,A6c_train_seed_2,50041,-53.060665914199689,56,true,0.046980707384391959,4.6629651564759733,40,false
safety,A6c,2,id_reference,A6c_train_seed_2,50042,-71.659142482782684,250,false,0.092942597320745751,4.9023090877378621,40,false
safety,A6c,2,id_reference,A6c_train_seed_2,50043,-13.062940861404615,34,true,0.041589289091636492,2.9394671293311498,36.075721740722656,false
safety,A6c,2,id_reference,A6c_train_seed_2,50044,-68.234056053584538,80,true,0.045104442515053439,2.2918666427911218,40,false
safety,A6c,2,id_reference,A6c_train_seed_2,50045,-241.66401908879317,250,false,0.1984575840448865,5.2315365837036936,40,false
safety,A6c,2,id_reference,A6c_train_seed_2,50046,-85.931905532872833,250,false,0.071859317647261903,5.0162860962912994,40,false
safety,A6c,2,id_reference,A6c_train_seed_2,50047,-107.04968568219451,250,false,0.20605030345265882,3.5338088204475673,40,false
safety,A6c,2,id_reference,A6c_train_seed_2,50048,-47.085541168270012,68,true,0.019094797249884696,4.3803122338124796,40,false
safety,A6c,2,id_reference,A6c_train_seed_2,50049,-93.3966191236957,70,true,0.0026037950517890027,3.9814601339217353,40,false
safety,A6c,2,id_reference,A6c_train_seed_2,50050,-109.19201984888862,89,true,0.026085504636856476,5.8045340127427831,40,false
safety,A6c,2,id_reference,A6c_train_seed_2,50051,-144.94251962297693,250,false,0.13560011404868114,5.7453058390655718,40,false
safety,A6c,2,id_reference,A6c_train_seed_2,50052,-261.12357885401019,250,false,0.34431875438063336,6.1655721597561177,40,false
safety,A6c,2,id_reference,A6c_train_seed_2,50053,-52.466518630415187,57,true,0.047885851046415719,2.8964078270918154,40,false
safety,A6c,2,id_reference,A6c_train_seed_2,50054,-100.63016975346248,84,true,0.026973822299642174,5.1254395099273156,40,false
safety,A6c,2,id_reference,A6c_train_seed_2,50055,-170.09989194891475,250,false,0.31900473383722433,2.3175212989379657,40,false
safety,A6c,2,id_reference,A6c_train_seed_2,50056,-7.7148115953729004,45,true,0.047485766450282241,3.3207781716837164,22.80082893371582,false
safety,A6c,2,id_reference,A6c_train_seed_2,50057,-99.54892584567061,250,false,0.11114843104231317,3.3909282708717403,40,false
safety,A6c,2,id_reference,A6c_train_seed_2,50058,-93.589990218245674,86,true,0.047825672875472146,4.850763570188529,40,false
safety,A6c,2,id_reference,A6c_train_seed_2,50059,-108.2052357373144,250,false,0.17894453068501387,4.1336787727265065,40,false
safety,A6c,2,id_reference,A6c_train_seed_2,50060,-116.60200922013453,69,true,0.049849727415713765,5.3511030749367823,40,false
safety,A6c,2,id_reference,A6c_train_seed_2,50061,-90.915412940845968,250,false,0.18963354770892063,4.7299195446102313,38.307781219482422,false
safety,A6c,2,id_reference,A6c_train_seed_2,50062,-86.767284770211234,71,true,0.034124765159840073,6.0254265584255196,40,false
safety,A6c,2,id_reference,A6c_train_seed_2,50063,-68.614988363535673,250,false,0.090575364135296349,2.6895518973305039,33.505977630615234,false
safety,A6c,2,id_reference,A6c_train_seed_2,50064,-62.657787966385051,250,false,0.055042652943831163,4.1576663130759863,40,false
safety,A6c,2,id_reference,A6c_train_seed_2,50065,-24.858960434022361,43,true,0.0049589814091713924,4.8170834983240924,36.972080230712891,false
safety,A6c,2,id_reference,A6c_train_seed_2,50066,-164.51847265811833,250,false,0.14536485428931722,3.3378785086790148,40,false
safety,A6c,2,id_reference,A6c_train_seed_2,50067,-79.729323963751384,250,false,0.13871881844907344,4.2144796976344807,40,false
safety,A6c,2,id_reference,A6c_train_seed_2,50068,-20.035412525844635,39,true,0.048708078192564057,4.5909113046517183,25.778305053710938,false
safety,A6c,2,id_reference,A6c_train_seed_2,50069,-61.838095325536095,60,true,0.047175867149785944,5.0489355299433036,40,false
safety,A6c,2,id_reference,A6c_train_seed_2,50070,-65.85946554540736,250,false,0.087631828147861981,3.4624439747646503,29.978412628173828,false
safety,A6c,2,id_reference,A6c_train_seed_2,50071,-23.872044374443384,45,true,0.049214959935415602,3.4718960560465177,40,false
safety,A6c,2,id_reference,A6c_train_seed_2,50072,-171.8834005611269,250,false,0.25026513825203661,5.6202990864457218,40,false
safety,A6c,2,id_reference,A6c_train_seed_2,50073,-156.06557285510934,250,false,0.11112359542907628,5.5793441177176346,40,false
safety,A6c,2,id_reference,A6c_train_seed_2,50074,-36.002633455794353,59,true,0.031650770337212253,4.1142294963705215,34.055362701416016,false
safety,A6c,2,id_reference,A6c_train_seed_2,50075,-180.81060196699008,250,false,0.43379677727608723,4.8858829247963822,40,false
safety,A6c,2,id_reference,A6c_train_seed_2,50076,-380.66911518357699,250,false,0.83085687731204028,8.4569845581135965,40,false
safety,A6c,2,id_reference,A6c_train_seed_2,50077,-64.412817509818041,250,false,0.096804515542632946,9.3333386297521823,40,false
safety,A6c,2,id_reference,A6c_train_seed_2,50078,-91.041414449316221,250,false,0.17452361853275664,2.785725871171346,40,false
safety,A6c,2,id_reference,A6c_train_seed_2,50079,-247.93067571252345,250,false,0.13930456541628217,5.4639545064671573,40,false
safety,A6c,2,id_reference,A6c_train_seed_2,50080,-136.50519694837419,250,false,0.06337567343987556,6.6792369783755836,40,false
safety,A6c,2,id_reference,A6c_train_seed_2,50081,-41.637515740543044,48,true,0.032842903580458972,4.6220973142779185,40,false
safety,A6c,2,id_reference,A6c_train_seed_2,50082,-30.792591642287817,49,true,0.024181833017578602,6.3456667528414128,40,false
safety,A6c,2,id_reference,A6c_train_seed_2,50083,-126.74962541029269,250,false,0.14913119789977658,6.7340958421802553,40,false
safety,A6c,2,id_reference,A6c_train_seed_2,50084,-27.863098435242314,42,true,0.045524771769116359,3.2275842160830757,40,false
safety,A6c,2,id_reference,A6c_train_seed_2,50085,-161.36390917224537,250,false,0.20601488737508822,5.3430415162319482,40,false
safety,A6c,2,id_reference,A6c_train_seed_2,50086,-71.500211575123728,60,true,0.047264069328067815,6.6679389510127329,40,false
safety,A6c,2,id_reference,A6c_train_seed_2,50087,-33.345995246341715,48,true,0.020371551430941093,2.9946367126922513,38.467266082763672,false
safety,A6c,2,id_reference,A6c_train_seed_2,50088,-183.49659872439562,250,false,0.24428126002897946,5.7957323839576409,40,false
safety,A6c,2,id_reference,A6c_train_seed_2,50089,-64.463774559958367,74,true,0.032373166623263658,4.2988803734735637,40,false
safety,A6c,2,id_reference,A6c_train_seed_2,50090,-157.63671991176909,250,false,0.28269402359358925,3.9328657697600353,40,false
safety,A6c,2,id_reference,A6c_train_seed_2,50091,-216.33385260238597,250,false,0.42614437354772094,5.6136761517104414,40,false
safety,A6c,2,id_reference,A6c_train_seed_2,50092,-181.67818183027831,250,false,0.43959171459129792,4.8096100526793579,40,false
safety,A6c,2,id_reference,A6c_train_seed_2,50093,-409.04649427527403,250,false,1.0382169104934071,9.0946035022050875,40,false
safety,A6c,2,id_reference,A6c_train_seed_2,50094,-20.913283183717425,53,true,0.04892557994374698,3.568630206617923,40,false
safety,A6c,2,id_reference,A6c_train_seed_2,50095,-39.948004436631315,50,true,0.046231790207228098,3.6531882642829645,40,false
safety,A6c,2,id_reference,A6c_train_seed_2,50096,-183.56613680633913,250,false,0.20804042465073652,3.4194772604411168,40,false
safety,A6c,2,id_reference,A6c_train_seed_2,50097,-218.35145389345573,250,false,0.53231956567412086,5.9158570611985013,40,false
safety,A6c,2,id_reference,A6c_train_seed_2,50098,-90.845245995659795,69,true,0.049510155172644732,5.6525149922543241,40,false
safety,A6c,2,id_reference,A6c_train_seed_2,50099,-214.97062910249483,250,false,0.42614844039672806,4.898151818625311,40,false
safety,A6c_gate_off_control,2,id_reference,A6c_gate_off_control_train_seed_2,50000,-22.528599632940868,51,true,0.041688183607221554,3.9603414803584047,37.282424926757812,false
safety,A6c_gate_off_control,2,id_reference,A6c_gate_off_control_train_seed_2,50001,-140.88169416331661,250,false,0.07503052574511454,4.9408714465334667,40,false
safety,A6c_gate_off_control,2,id_reference,A6c_gate_off_control_train_seed_2,50002,-48.393029085530699,61,true,0.0089545643982903017,6.0424597297517533,40,false
safety,A6c_gate_off_control,2,id_reference,A6c_gate_off_control_train_seed_2,50003,-223.62532221501553,250,false,0.13403575465969167,4.6065604317861686,40,false
safety,A6c_gate_off_control,2,id_reference,A6c_gate_off_control_train_seed_2,50004,-74.970382838853268,73,true,0.034577371581861957,4.5985872893863169,40,false
safety,A6c_gate_off_control,2,id_reference,A6c_gate_off_control_train_seed_2,50005,-117.70342516760147,250,false,0.099608794986724328,6.1532681786705439,40,false
safety,A6c_gate_off_control,2,id_reference,A6c_gate_off_control_train_seed_2,50006,-42.792414547455543,53,true,0.049869266964565284,2.9241768497575635,40,false
safety,A6c_gate_off_control,2,id_reference,A6c_gate_off_control_train_seed_2,50007,-103.53306896416873,76,true,0.024074426145376342,4.4255323566535925,40,false
safety,A6c_gate_off_control,2,id_reference,A6c_gate_off_control_train_seed_2,50008,-102.45327355071075,96,true,0.018152226538339634,6.1752486269807472,40,false
safety,A6c_gate_off_control,2,id_reference,A6c_gate_off_control_train_seed_2,50009,-118.67542438183074,120,true,0.048720218670020701,3.2774415646932025,40,false
safety,A6c_gate_off_control,2,id_reference,A6c_gate_off_control_train_seed_2,50010,-98.931596243227347,250,false,0.072350175113706977,3.6679859034484941,40,false
safety,A6c_gate_off_control,2,id_reference,A6c_gate_off_control_train_seed_2,50011,-67.412577020404981,250,false,0.099143280104796686,5.1438361072333505,40,false
safety,A6c_gate_off_control,2,id_reference,A6c_gate_off_control_train_seed_2,50012,-40.720893762564927,45,true,0.048185553350031711,3.6895234442221003,40,false
safety,A6c_gate_off_control,2,id_reference,A6c_gate_off_control_train_seed_2,50013,-178.07219538673746,146,true,0.048301184992991089,4.2054701616748291,40,false
safety,A6c_gate_off_control,2,id_reference,A6c_gate_off_control_train_seed_2,50014,-192.38640936033198,250,false,0.32633180900591402,4.416580790556079,40,false
safety,A6c_gate_off_control,2,id_reference,A6c_gate_off_control_train_seed_2,50015,-91.76966292728136,85,true,0.049721824548374843,3.4260343672269635,40,false
safety,A6c_gate_off_control,2,id_reference,A6c_gate_off_control_train_seed_2,50016,-111.39420335517255,90,true,0.04671288820862856,2.1227415215214487,40,false
safety,A6c_gate_off_control,2,id_reference,A6c_gate_off_control_train_seed_2,50017,-103.00226711996699,250,false,0.10362559589468988,4.9968722991382446,40,false
safety,A6c_gate_off_control,2,id_reference,A6c_gate_off_control_train_seed_2,50018,-154.35848761579803,48,false,2.1298952434710126,5.6747870860117544,40,false
safety,A6c_gate_off_control,2,id_reference,A6c_gate_off_control_train_seed_2,50019,-195.37959575015438,133,true,0.048420530710511653,3.3701903583703476,40,false
safety,A6c_gate_off_control,2,id_reference,A6c_gate_off_control_train_seed_2,50020,-90.980191513171519,250,false,0.088269105278040744,2.566852702506651,40,false
safety,A6c_gate_off_control,2,id_reference,A6c_gate_off_control_train_seed_2,50021,-19.976182132892216,45,true,0.027450737206039594,3.4152241492139517,31.887973785400391,false
safety,A6c_gate_off_control,2,id_reference,A6c_gate_off_control_train_seed_2,50022,-82.177809268094222,64,true,0.034620487893338665,3.9141712757272011,40,false
safety,A6c_gate_off_control,2,id_reference,A6c_gate_off_control_train_seed_2,50023,-84.048357718009726,69,true,0.04624702767685035,5.088659593657952,40,false
safety,A6c_gate_off_control,2,id_reference,A6c_gate_off_control_train_seed_2,50024,-56.774320375357895,250,false,0.079527556716792458,4.6628493173415162,29.721229553222656,false
safety,A6c_gate_off_control,2,id_reference,A6c_gate_off_control_train_seed_2,50025,-86.185143205098413,116,true,0.049117233281159384,4.8154747800448021,40,false
safety,A6c_gate_off_control,2,id_reference,A6c_gate_off_control_train_seed_2,50026,-242.50335588834704,250,false,0.61921173226335224,6.1605016425924823,40,false
safety,A6c_gate_off_control,2,id_reference,A6c_gate_off_control_train_seed_2,50027,-93.615853287418531,250,false,0.21335282601250224,5.9645111897188547,40,false
safety,A6c_gate_off_control,2,id_reference,A6c_gate_off_control_train_seed_2,50028,-70.340514948057233,63,true,0.03187291587314553,6.0358859246483947,40,false
safety,A6c_gate_off_control,2,id_reference,A6c_gate_off_control_train_seed_2,50029,-152.69622904416246,250,false,0.074005363485062772,4.5170884617351295,40,false
safety,A6c_gate_off_control,2,id_reference,A6c_gate_off_control_train_seed_2,50030,-90.737727516007723,88,true,0.042091058380760882,5.2646377552205017,40,false
safety,A6c_gate_off_control,2,id_reference,A6c_gate_off_control_train_seed_2,50031,-119.66490435320186,250,false,0.10991546308578082,5.4152014746560777,40,false
safety,A6c_gate_off_control,2,id_reference,A6c_gate_off_control_train_seed_2,50032,-68.400147465721801,57,true,0.04014776154288912,3.0505811983308568,40,false
safety,A6c_gate_off_control,2,id_reference,A6c_gate_off_control_train_seed_2,50033,-4.8068872536810918,31,true,0.031217182574452686,4.083165061083613,26.508092880249023,false
safety,A6c_gate_off_control,2,id_reference,A6c_gate_off_control_train_seed_2,50034,-41.992840076255419,54,true,0.028164394149350389,4.7393419422200251,40,false
safety,A6c_gate_off_control,2,id_reference,A6c_gate_off_control_train_seed_2,50035,-61.613612777353033,93,true,0.037442830492982977,5.0191374356302951,40,false
safety,A6c_gate_off_control,2,id_reference,A6c_gate_off_control_train_seed_2,50036,-110.84142970537309,250,false,0.17295130701649553,2.6312844218523788,40,false
safety,A6c_gate_off_control,2,id_reference,A6c_gate_off_control_train_seed_2,50037,-66.592211862748485,65,true,0.047996910757646991,3.1593313234109512,40,false
safety,A6c_gate_off_control,2,id_reference,A6c_gate_off_control_train_seed_2,50038,-112.13924952581107,98,true,0.0092393686541490695,5.9469202142308397,40,false
safety,A6c_gate_off_control,2,id_reference,A6c_gate_off_control_train_seed_2,50039,-56.846601462522337,72,true,0.048309542014601803,2.402407357304174,39.476825714111328,false
safety,A6c_gate_off_control,2,id_reference,A6c_gate_off_control_train_seed_2,50040,-45.83034948385712,51,true,0.036816654511174302,4.2957755299307125,40,false
safety,A6c_gate_off_control,2,id_reference,A6c_gate_off_control_train_seed_2,50041,-53.462439875238445,59,true,0.049657253066381683,4.6630194314328479,40,false
safety,A6c_gate_off_control,2,id_reference,A6c_gate_off_control_train_seed_2,50042,-72.417151635419344,250,false,0.1001446778495844,4.9083218524696379,40,false
safety,A6c_gate_off_control,2,id_reference,A6c_gate_off_control_train_seed_2,50043,-12.949390786238556,33,true,0.04623008632253691,3.0456123669607429,35.795745849609375,false
safety,A6c_gate_off_control,2,id_reference,A6c_gate_off_control_train_seed_2,50044,-66.07037676521486,58,true,0.040752475541321553,2.4581072745611419,40,false
safety,A6c_gate_off_control,2,id_reference,A6c_gate_off_control_train_seed_2,50045,-209.83679836644671,175,true,0.048768242324716604,4.9769191817906941,40,false
safety,A6c_gate_off_control,2,id_reference,A6c_gate_off_control_train_seed_2,50046,-91.674995701383651,250,false,0.09841391714363773,5.0162860962912994,40,false
safety,A6c_gate_off_control,2,id_reference,A6c_gate_off_control_train_seed_2,50047,-102.98450275087272,250,false,0.18192415007016044,3.5782058474187965,40,false
safety,A6c_gate_off_control,2,id_reference,A6c_gate_off_control_train_seed_2,50048,-46.918528225483058,62,true,0.041678959042069558,5.0693878697006181,40,false
safety,A6c_gate_off_control,2,id_reference,A6c_gate_off_control_train_seed_2,50049,-94.749182900255676,74,true,0.041272989942630359,4.0338700493010489,40,false
safety,A6c_gate_off_control,2,id_reference,A6c_gate_off_control_train_seed_2,50050,-110.01008040658492,96,true,0.041303334254521464,5.7518663414395101,40,false
safety,A6c_gate_off_control,2,id_reference,A6c_gate_off_control_train_seed_2,50051,-137.60463664875869,250,false,0.087481236474068913,5.5428545252095986,40,false
safety,A6c_gate_off_control,2,id_reference,A6c_gate_off_control_train_seed_2,50052,-257.75870616612127,250,false,0.33473860523009014,6.0791324836646279,40,false
safety,A6c_gate_off_control,2,id_reference,A6c_gate_off_control_train_seed_2,50053,-52.782639509406231,58,true,0.047341214927755601,2.8964078270918154,40,false
safety,A6c_gate_off_control,2,id_reference,A6c_gate_off_control_train_seed_2,50054,-101.23191492673121,85,true,0.030135325158351319,5.0802974981163533,40,false
safety,A6c_gate_off_control,2,id_reference,A6c_gate_off_control_train_seed_2,50055,-92.731252051969861,112,true,0.047269496697942545,2.3175212989379657,40,false
safety,A6c_gate_off_control,2,id_reference,A6c_gate_off_control_train_seed_2,50056,-8.3373927406022048,48,true,0.048827713139543247,3.4048211696692658,22.95635986328125,false
safety,A6c_gate_off_control,2,id_reference,A6c_gate_off_control_train_seed_2,50057,-48.854128439996494,79,true,0.048704050739392046,3.3692883266987343,40,false
safety,A6c_gate_off_control,2,id_reference,A6c_gate_off_control_train_seed_2,50058,-96.014257413293947,106,true,0.048714829937882627,4.850763570188529,40,false
safety,A6c_gate_off_control,2,id_reference,A6c_gate_off_control_train_seed_2,50059,-60.388777003728826,84,true,0.031083355718387884,4.46866576383926,40,false
safety,A6c_gate_off_control,2,id_reference,A6c_gate_off_control_train_seed_2,50060,-153.69028932080428,250,false,0.10998109208352623,5.4525154716893249,40,false
safety,A6c_gate_off_control,2,id_reference,A6c_gate_off_control_train_seed_2,50061,-75.711598622153275,250,false,0.13194763769218842,4.7485331093536693,39.551540374755859,false
safety,A6c_gate_off_control,2,id_reference,A6c_gate_off_control_train_seed_2,50062,-87.30341938533978,76,true,0.044193643648276666,5.4350760059945076,40,false
safety,A6c_gate_off_control,2,id_reference,A6c_gate_off_control_train_seed_2,50063,-61.139757719882404,250,false,0.060672515062229114,2.6691618143563614,35.155937194824219,false
safety,A6c_gate_off_control,2,id_reference,A6c_gate_off_control_train_seed_2,50064,-30.121579282666936,56,true,0.019380626846911071,4.1682318182099776,40,false
safety,A6c_gate_off_control,2,id_reference,A6c_gate_off_control_train_seed_2,50065,-24.850133245121484,42,true,0.022113167557882493,4.8868708318146732,34.768814086914062,false
safety,A6c_gate_off_control,2,id_reference,A6c_gate_off_control_train_seed_2,50066,-127.3291925556112,107,true,0.043283102338823112,3.4781585784691216,40,false
safety,A6c_gate_off_control,2,id_reference,A6c_gate_off_control_train_seed_2,50067,-74.173909437211918,250,false,0.12392507823034628,4.2113102190090306,40,false
safety,A6c_gate_off_control,2,id_reference,A6c_gate_off_control_train_seed_2,50068,-19.955795619973163,39,true,0.049720699634843359,4.6001485298973321,27.109119415283203,false
safety,A6c_gate_off_control,2,id_reference,A6c_gate_off_control_train_seed_2,50069,-62.390495362896267,61,true,0.041703633148225824,5.0512791589382182,40,false
safety,A6c_gate_off_control,2,id_reference,A6c_gate_off_control_train_seed_2,50070,-56.61776245966,250,false,0.082191730726504861,3.349983965236186,30.046783447265625,false
safety,A6c_gate_off_control,2,id_reference,A6c_gate_off_control_train_seed_2,50071,-23.853112617307499,45,true,0.046828466953867533,3.6156993937767554,40,false
safety,A6c_gate_off_control,2,id_reference,A6c_gate_off_control_train_seed_2,50072,-170.54023590318124,250,false,0.24786782845358724,4.8635800295066627,40,false
safety,A6c_gate_off_control,2,id_reference,A6c_gate_off_control_train_seed_2,50073,-152.51695204502627,250,false,0.078347128647946795,5.5640142288486309,40,false
safety,A6c_gate_off_control,2,id_reference,A6c_gate_off_control_train_seed_2,50074,-35.154559312706297,57,true,0.037072039206419244,4.1576073577777404,35.307910919189453,false
safety,A6c_gate_off_control,2,id_reference,A6c_gate_off_control_train_seed_2,50075,-120.28871234375964,250,false,0.11017181236029502,4.811255346385682,40,false
safety,A6c_gate_off_control,2,id_reference,A6c_gate_off_control_train_seed_2,50076,-377.51294980245132,250,false,0.84429952445471224,7.410386839148801,40,false
safety,A6c_gate_off_control,2,id_reference,A6c_gate_off_control_train_seed_2,50077,-67.422518970135656,250,false,0.10271181949154072,9.3077758402478334,40,false
safety,A6c_gate_off_control,2,id_reference,A6c_gate_off_control_train_seed_2,50078,-79.045675781985423,250,false,0.096492327975971043,2.6873945675618498,40,false
safety,A6c_gate_off_control,2,id_reference,A6c_gate_off_control_train_seed_2,50079,-189.58985282572988,73,false,0.19558162197360082,5.4698756669962467,40,false
safety,A6c_gate_off_control,2,id_reference,A6c_gate_off_control_train_seed_2,50080,-137.6394898424432,250,false,0.070277687655122614,6.0948968671316059,40,false
safety,A6c_gate_off_control,2,id_reference,A6c_gate_off_control_train_seed_2,50081,-41.333923278933341,47,true,0.015814573685547301,5.1599478718449747,40,false
safety,A6c_gate_off_control,2,id_reference,A6c_gate_off_control_train_seed_2,50082,-35.039153026176038,73,true,0.048420415340400244,6.3436381482468027,40,false
safety,A6c_gate_off_control,2,id_reference,A6c_gate_off_control_train_seed_2,50083,-139.06795232368876,250,false,0.22060601782864925,6.2107254012956474,40,false
safety,A6c_gate_off_control,2,id_reference,A6c_gate_off_control_train_seed_2,50084,-27.742532737653484,41,true,0.048822983897756626,3.352801481635109,40,false
safety,A6c_gate_off_control,2,id_reference,A6c_gate_off_control_train_seed_2,50085,-166.64183116334917,250,false,0.22539242366586071,4.8801440658857098,40,false
safety,A6c_gate_off_control,2,id_reference,A6c_gate_off_control_train_seed_2,50086,-101.56094353802378,250,false,0.069294706583347368,6.6679389510127329,40,false
safety,A6c_gate_off_control,2,id_reference,A6c_gate_off_control_train_seed_2,50087,-33.162899484010694,45,true,0.047446152775599403,2.970735702863514,37.072547912597656,false
safety,A6c_gate_off_control,2,id_reference,A6c_gate_off_control_train_seed_2,50088,-193.12805478254859,250,false,0.27353434835674006,5.7860933664461438,40,false
safety,A6c_gate_off_control,2,id_reference,A6c_gate_off_control_train_seed_2,50089,-64.192940697198807,73,true,0.035861720252824331,3.6009111901909807,40,false
safety,A6c_gate_off_control,2,id_reference,A6c_gate_off_control_train_seed_2,50090,-115.24317066447541,250,false,0.056878553750628141,3.9328657697600353,40,false
safety,A6c_gate_off_control,2,id_reference,A6c_gate_off_control_train_seed_2,50091,-215.97479376084033,250,false,0.42485684021400455,5.474997338314961,40,false
safety,A6c_gate_off_control,2,id_reference,A6c_gate_off_control_train_seed_2,50092,-68.210522484014874,102,true,0.04782274853316304,5.1379034983609237,40,false
safety,A6c_gate_off_control,2,id_reference,A6c_gate_off_control_train_seed_2,50093,-408.93523011723482,250,false,1.0524001549847732,5.9525838209318565,40,false
safety,A6c_gate_off_control,2,id_reference,A6c_gate_off_control_train_seed_2,50094,-21.173303874057858,51,true,0.048378604448943381,3.558904036469686,40,false
safety,A6c_gate_off_control,2,id_reference,A6c_gate_off_control_train_seed_2,50095,-40.001925542846514,47,true,0.046499152979984394,3.6603629482870876,40,false
safety,A6c_gate_off_control,2,id_reference,A6c_gate_off_control_train_seed_2,50096,-128.11275903380076,85,true,0.044990180386733351,3.4195145560771141,40,false
safety,A6c_gate_off_control,2,id_reference,A6c_gate_off_control_train_seed_2,50097,-201.30793019654254,250,false,0.42364901333443405,5.9846226655573744,40,false
safety,A6c_gate_off_control,2,id_reference,A6c_gate_off_control_train_seed_2,50098,-94.578287488707559,104,true,0.049977479053203364,5.7212922547750944,40,false
safety,A6c_gate_off_control,2,id_reference,A6c_gate_off_control_train_seed_2,50099,-216.43920241139321,250,false,0.42074065349799572,5.0779057889042143,40,false
safety,A4c,2,ood_compound,A4c_train_seed_2,50000,-339.29949236005291,250,false,1.0600314144888974,4.2952553275736749,40,false
safety,A4c,2,ood_compound,A4c_train_seed_2,50001,-232.35028461392719,250,false,0.34265459510128021,14.570187865844513,40,false
safety,A4c,2,ood_compound,A4c_train_seed_2,50002,-293.14423412967415,250,false,0.84762359519018671,7.5324424670404033,40,false
safety,A4c,2,ood_compound,A4c_train_seed_2,50003,-618.92332434463515,250,false,1.6140614875077461,31.554774865029202,40,false
safety,A4c,2,ood_compound,A4c_train_seed_2,50004,-322.20048259603612,250,false,1.1291850425944259,5.6609360163009717,40,false
safety,A4c,2,ood_compound,A4c_train_seed_2,50005,-219.46065293356708,250,false,0.30480415725866311,12.280363970113511,40,false
safety,A4c,2,ood_compound,A4c_train_seed_2,50006,-218.54254324909769,250,false,0.52758892494589449,7.0687841680751813,40,false
safety,A4c,2,ood_compound,A4c_train_seed_2,50007,-345.22607116234451,250,false,0.8288330635486526,9.1145510404704346,40,false
safety,A4c,2,ood_compound,A4c_train_seed_2,50008,-297.92871340714515,250,false,0.7760925934611036,12.970136454841967,40,false
safety,A4c,2,ood_compound,A4c_train_seed_2,50009,-156.73753930169079,250,false,0.35796660852933487,8.1740693985573145,40,false
safety,A4c,2,ood_compound,A4c_train_seed_2,50010,-215.22161289834563,250,false,0.58283868882024847,8.2281310904126457,40,false
safety,A4c,2,ood_compound,A4c_train_seed_2,50011,-264.51234477463811,250,false,0.8046042289096591,6.3349079205964616,40,false
safety,A4c,2,ood_compound,A4c_train_seed_2,50012,-95.603947254386298,98,true,0.034944597661203523,9.7163456757963651,40,false
safety,A4c,2,ood_compound,A4c_train_seed_2,50013,-349.08518398683373,250,false,1.0290350114317515,7.4294584547240197,40,false
safety,A4c,2,ood_compound,A4c_train_seed_2,50014,-366.69847585653952,250,false,0.856328885177145,20.084332774241286,40,false
safety,A4c,2,ood_compound,A4c_train_seed_2,50015,-307.57158989155488,250,false,0.99315444017205823,10.237130558962654,40,false
safety,A4c,2,ood_compound,A4c_train_seed_2,50016,-269.07341596312557,250,false,0.93606202579360054,8.6785259293351942,40,false
safety,A4c,2,ood_compound,A4c_train_seed_2,50017,-332.27814770124206,250,false,0.76791621874696814,18.867136161944124,40,false
safety,A4c,2,ood_compound,A4c_train_seed_2,50018,-189.03374771210036,250,false,0.1636105090739805,8.2935636710769831,40,false
safety,A4c,2,ood_compound,A4c_train_seed_2,50019,-238.79998788565942,250,false,0.54925221963381221,9.8408030741878463,40,false
safety,A4c,2,ood_compound,A4c_train_seed_2,50020,-317.08389455323123,250,false,0.93202092474354348,4.5490750008346463,40,false
safety,A4c,2,ood_compound,A4c_train_seed_2,50021,-361.15903922652308,250,false,1.1403991016607737,3.5301061497605084,40,false
safety,A4c,2,ood_compound,A4c_train_seed_2,50022,-302.4406314661648,250,false,0.79308177903855148,9.7425891302021714,40,false
safety,A4c,2,ood_compound,A4c_train_seed_2,50023,-222.24437817738053,250,false,0.37342411635069944,13.580811690688536,40,false
safety,A4c,2,ood_compound,A4c_train_seed_2,50024,-295.90637262027815,250,false,0.785712825651112,4.9695604480406255,40,false
safety,A4c,2,ood_compound,A4c_train_seed_2,50025,-253.50336730896217,250,false,0.37609865846762996,20.10238673954564,40,false
safety,A4c,2,ood_compound,A4c_train_seed_2,50026,-390.03915864394202,250,false,1.4066721747765076,7.3622100623586677,40,false
safety,A4c,2,ood_compound,A4c_train_seed_2,50027,-228.35587773932608,250,false,0.42602915480687625,10.9069644217304,40,false
safety,A4c,2,ood_compound,A4c_train_seed_2,50028,-315.61201773878923,250,false,0.78955176453205211,13.318160263032389,40,false
safety,A4c,2,ood_compound,A4c_train_seed_2,50029,-260.51614947136022,250,false,0.44061770636502889,10.93950252529341,40,false
safety,A4c,2,ood_compound,A4c_train_seed_2,50030,-191.25291192228977,250,false,0.34727327692108589,10.558750530282213,40,false
safety,A4c,2,ood_compound,A4c_train_seed_2,50031,-192.53247741316937,250,false,0.23769252583591,13.937417976794057,40,false
safety,A4c,2,ood_compound,A4c_train_seed_2,50032,-276.4600696118336,250,false,0.80639921799762349,9.1848163301025867,40,false
safety,A4c,2,ood_compound,A4c_train_seed_2,50033,-346.39051861073136,250,false,0.93996409894230371,3.3514337061631516,40,false
safety,A4c,2,ood_compound,A4c_train_seed_2,50034,-339.32426490488911,250,false,0.93425751537824264,6.0887705801003209,40,false
safety,A4c,2,ood_compound,A4c_train_seed_2,50035,-373.2234673875289,250,false,1.1402520546260617,4.8321072190821752,40,false
safety,A4c,2,ood_compound,A4c_train_seed_2,50036,-449.20619992661091,250,false,1.2670672772204896,4.5779004792480942,40,false
safety,A4c,2,ood_compound,A4c_train_seed_2,50037,-296.39823576499577,250,false,1.038988371416568,9.4536075894635019,40,false
safety,A4c,2,ood_compound,A4c_train_seed_2,50038,-275.46344167473677,250,false,0.54527405953395547,17.105148831502763,40,false
safety,A4c,2,ood_compound,A4c_train_seed_2,50039,-297.52213447012059,250,false,0.87420619592707471,2.7806569418340858,40,false
safety,A4c,2,ood_compound,A4c_train_seed_2,50040,-241.48120115815959,250,false,0.62472683194097234,9.0062796859018679,40,false
safety,A4c,2,ood_compound,A4c_train_seed_2,50041,-238.23632359956341,250,false,0.70149785770296125,9.0988553805076613,40,false
safety,A4c,2,ood_compound,A4c_train_seed_2,50042,-265.19111292020466,250,false,0.76568827911806503,5.5077988777494253,40,false
safety,A4c,2,ood_compound,A4c_train_seed_2,50043,-155.07705920054605,250,false,0.36697552836408803,3.5520951802476541,40,false
safety,A4c,2,ood_compound,A4c_train_seed_2,50044,-328.56620377270053,250,false,1.0889344763116644,10.2715339055899,40,false
safety,A4c,2,ood_compound,A4c_train_seed_2,50045,-238.06464206374125,250,false,0.5046450468376783,8.7730979130285842,40,false
safety,A4c,2,ood_compound,A4c_train_seed_2,50046,-221.38617344222325,250,false,0.53641232206527356,9.1817532848357697,40,false
safety,A4c,2,ood_compound,A4c_train_seed_2,50047,-467.42723539347355,250,false,1.6932285167128676,5.7725958589529567,40,false
safety,A4c,2,ood_compound,A4c_train_seed_2,50048,-198.42550164375945,250,false,0.37945303621984749,15.190196744757948,40,false
safety,A4c,2,ood_compound,A4c_train_seed_2,50049,-293.0601510401965,250,false,0.63154653257569671,9.9815419956599136,40,false
safety,A4c,2,ood_compound,A4c_train_seed_2,50050,-290.02007058676162,250,false,0.4818913801674104,22.879134858098258,40,false
safety,A4c,2,ood_compound,A4c_train_seed_2,50051,-178.35529701578466,250,false,0.16286722880902668,12.384830621579264,40,false
safety,A4c,2,ood_compound,A4c_train_seed_2,50052,-428.36229260101663,250,false,0.73138355462356874,18.231122496170499,40,false
safety,A4c,2,ood_compound,A4c_train_seed_2,50053,-161.69744263948172,250,false,0.23255643259462214,7.8369318479110754,40,false
safety,A4c,2,ood_compound,A4c_train_seed_2,50054,-233.53786542186293,250,false,0.33910291144364596,18.297314257076739,40,false
safety,A4c,2,ood_compound,A4c_train_seed_2,50055,-283.28397754293047,250,false,0.81427582817632882,9.1212160637047095,40,false
safety,A4c,2,ood_compound,A4c_train_seed_2,50056,-132.71220068022691,250,false,0.31152812025099552,3.7733740001602496,36.402748107910156,false
safety,A4c,2,ood_compound,A4c_train_seed_2,50057,-444.12926604379487,250,false,1.6491214536872523,7.7884442494202535,40,false
safety,A4c,2,ood_compound,A4c_train_seed_2,50058,-236.8657895922473,250,false,0.28850676188605223,11.787631994621862,40,false
safety,A4c,2,ood_compound,A4c_train_seed_2,50059,-281.23349909710777,250,false,0.76938799067764196,4.411188587774368,40,false
safety,A4c,2,ood_compound,A4c_train_seed_2,50060,-314.02950341671408,250,false,0.65470407787529672,9.1946847290806488,40,false
safety,A4c,2,ood_compound,A4c_train_seed_2,50061,-315.37906470648159,250,false,0.67664167689719168,3.5995209292726269,40,false
safety,A4c,2,ood_compound,A4c_train_seed_2,50062,-230.64527766966148,250,false,0.23224353331046882,18.545429198310021,40,false
safety,A4c,2,ood_compound,A4c_train_seed_2,50063,-396.9503688160467,250,false,1.2624811713454713,4.0257528627497781,40,false
safety,A4c,2,ood_compound,A4c_train_seed_2,50064,-322.18970638462957,250,false,0.58875537174001769,6.3114362398632524,40,false
safety,A4c,2,ood_compound,A4c_train_seed_2,50065,-166.53969778065297,250,false,0.42631666063305657,8.4902090676934545,40,false
safety,A4c,2,ood_compound,A4c_train_seed_2,50066,-233.97469679056113,250,false,0.43366489154240828,6.9630401662652135,40,false
safety,A4c,2,ood_compound,A4c_train_seed_2,50067,-327.72549480960038,250,false,0.86917661511993372,5.4918525966446659,40,false
safety,A4c,2,ood_compound,A4c_train_seed_2,50068,-167.68053484758036,250,false,0.4919224321845892,5.1764453832143005,36.397590637207031,false
safety,A4c,2,ood_compound,A4c_train_seed_2,50069,-230.48699176637675,250,false,0.36994238128282314,12.321725278035437,40,false
safety,A4c,2,ood_compound,A4c_train_seed_2,50070,-317.52975134171248,250,false,1.0333302148363384,5.6337539905435099,40,false
safety,A4c,2,ood_compound,A4c_train_seed_2,50071,-201.58619905633122,250,false,1.0648165687805349,5.4512305971400457,40,false
safety,A4c,2,ood_compound,A4c_train_seed_2,50072,-182.62475220690374,250,false,0.19001345078786383,14.510083747584842,40,false
safety,A4c,2,ood_compound,A4c_train_seed_2,50073,-291.43911999745245,250,false,0.50490376474792353,20.398080108507965,40,false
safety,A4c,2,ood_compound,A4c_train_seed_2,50074,-335.22964792795187,250,false,1.0606978418855693,5.1739930596395709,39.425735473632812,false
safety,A4c,2,ood_compound,A4c_train_seed_2,50075,-388.19705645190288,250,false,1.0867680964471516,5.150017455387502,40,false
safety,A4c,2,ood_compound,A4c_train_seed_2,50076,-252.8661650225433,250,false,0.36509395767432856,10.81306295987782,40,false
safety,A4c,2,ood_compound,A4c_train_seed_2,50077,-210.96614885462347,250,false,0.48607770136477596,11.615038173893058,40,false
safety,A4c,2,ood_compound,A4c_train_seed_2,50078,-467.37006503417007,250,false,1.3122767726532953,3.2984406156432793,40,false
safety,A4c,2,ood_compound,A4c_train_seed_2,50079,-338.09456803204597,250,false,0.53862130022324717,11.160012510675047,40,false
safety,A4c,2,ood_compound,A4c_train_seed_2,50080,-242.626728705076,250,false,0.36136821404834252,17.730783222671992,40,false
safety,A4c,2,ood_compound,A4c_train_seed_2,50081,-199.41954190421535,250,false,0.46751101445462473,10.44875326145112,40,false
safety,A4c,2,ood_compound,A4c_train_seed_2,50082,-143.94896359901207,250,false,0.25912972389450845,8.5922421332777699,40,false
safety,A4c,2,ood_compound,A4c_train_seed_2,50083,-163.19957295162999,250,false,0.089180507139604168,15.497930834370997,40,false
safety,A4c,2,ood_compound,A4c_train_seed_2,50084,-128.29540369393919,250,false,0.18124389712228717,4.8771853981145012,40,false
safety,A4c,2,ood_compound,A4c_train_seed_2,50085,-237.4933650160643,250,false,0.33082024588175274,20.853213017280382,40,false
safety,A4c,2,ood_compound,A4c_train_seed_2,50086,-136.22601437408355,250,false,0.17090226446717591,10.661634429556409,40,false
safety,A4c,2,ood_compound,A4c_train_seed_2,50087,-192.54533338666496,250,false,0.48965963136988522,5.5345334241994593,40,false
safety,A4c,2,ood_compound,A4c_train_seed_2,50088,-274.68461967840943,250,false,0.40041720799517355,14.896644437363413,40,false
safety,A4c,2,ood_compound,A4c_train_seed_2,50089,-197.05706936525124,250,false,0.51026752910341233,11.55145080132568,40,false
safety,A4c,2,ood_compound,A4c_train_seed_2,50090,-258.54050343560539,250,false,0.461670052633674,9.8146869660354881,40,false
safety,A4c,2,ood_compound,A4c_train_seed_2,50091,-226.41975553043724,250,false,0.18968730110837445,10.449166021556799,40,false
safety,A4c,2,ood_compound,A4c_train_seed_2,50092,-336.35991451558192,250,false,0.97772716331755871,4.4433291052360744,40,false
safety,A4c,2,ood_compound,A4c_train_seed_2,50093,-377.94314026694173,250,false,0.99281082981215163,9.3751388552837049,40,false
safety,A4c,2,ood_compound,A4c_train_seed_2,50094,-201.2455947909732,250,false,0.48654538938356612,6.1383444588802369,40,false
safety,A4c,2,ood_compound,A4c_train_seed_2,50095,-153.68050788168796,250,false,0.88720495588607218,5.9512048945352776,40,false
safety,A4c,2,ood_compound,A4c_train_seed_2,50096,-328.38248615762205,250,false,0.98209665145079972,9.7891382540436815,40,false
safety,A4c,2,ood_compound,A4c_train_seed_2,50097,-335.67544187765355,250,false,1.1644422572677897,8.3193893672168695,40,false
safety,A4c,2,ood_compound,A4c_train_seed_2,50098,-156.20450300419392,250,false,0.16023043991086156,9.4344902059347415,40,false
safety,A4c,2,ood_compound,A4c_train_seed_2,50099,-363.10562151944902,250,false,1.229183235996737,8.1978260782500847,40,false
safety,A3,2,ood_compound,A3_train_seed_2,50000,-220.86314488796916,250,false,0.61317009147902446,5.2677076752897865,40,false
safety,A3,2,ood_compound,A3_train_seed_2,50001,-195.7209255261134,250,false,0.18227984163837072,10.961095310290993,40,false
safety,A3,2,ood_compound,A3_train_seed_2,50002,-156.94812918611638,250,false,0.28767558781388747,8.2383839223657827,40,false
safety,A3,2,ood_compound,A3_train_seed_2,50003,-513.27137327651019,250,false,0.25245770672536672,23.56100706284731,40,false
safety,A3,2,ood_compound,A3_train_seed_2,50004,-270.12412699209818,250,false,0.95561407799374676,5.5690382908526672,40,false
safety,A3,2,ood_compound,A3_train_seed_2,50005,-139.35416230866957,91,true,0.040531034137572114,10.221166828606201,40,false
safety,A3,2,ood_compound,A3_train_seed_2,50006,-130.05664913706133,250,false,0.18675521025695774,5.5990642673595055,40,false
safety,A3,2,ood_compound,A3_train_seed_2,50007,-290.89448823747017,250,false,0.79685434902237762,9.3501553044325938,40,false
safety,A3,2,ood_compound,A3_train_seed_2,50008,-291.50780830419797,250,false,0.61006306983834691,19.396337237980081,40,false
safety,A3,2,ood_compound,A3_train_seed_2,50009,-116.92472087055613,250,false,0.16926113489005484,7.9267277729042371,40,false
safety,A3,2,ood_compound,A3_train_seed_2,50010,-187.11188564736506,250,false,0.52741905400100231,7.7788843495504691,40,false
safety,A3,2,ood_compound,A3_train_seed_2,50011,-239.35968252072141,250,false,0.74162818538787167,6.7108457641838326,40,false
safety,A3,2,ood_compound,A3_train_seed_2,50012,-78.774328782687348,82,true,0.045541242879355168,10.879080901936547,40,false
safety,A3,2,ood_compound,A3_train_seed_2,50013,-386.15715283333822,250,false,1.2706485589039678,7.3118324829068095,40,false
safety,A3,2,ood_compound,A3_train_seed_2,50014,-356.94964310520925,250,false,0.55003534046700764,25.423697233988168,40,false
safety,A3,2,ood_compound,A3_train_seed_2,50015,-185.63575274287894,250,false,0.098815145298616083,9.1910795186646794,40,false
safety,A3,2,ood_compound,A3_train_seed_2,50016,-183.36585005642877,250,false,0.41061284011523225,7.91189510640754,40,false
safety,A3,2,ood_compound,A3_train_seed_2,50017,-300.43957682039718,250,false,0.59126979478167763,23.603944715499264,40,false
safety,A3,2,ood_compound,A3_train_seed_2,50018,-166.5841915209983,250,false,0.081665436211750195,8.09388608351742,40,false
safety,A3,2,ood_compound,A3_train_seed_2,50019,-204.1401691267211,250,false,0.44033901286762445,9.8143050862990417,40,false
safety,A3,2,ood_compound,A3_train_seed_2,50020,-155.57664184237049,250,false,0.22348472290125979,5.4406170434212653,40,false
safety,A3,2,ood_compound,A3_train_seed_2,50021,-254.81904787167315,250,false,0.70248062011430867,4.086635983456814,40,false
safety,A3,2,ood_compound,A3_train_seed_2,50022,-167.63565781773721,104,true,0.047358578103990377,8.9543879671897688,40,false
safety,A3,2,ood_compound,A3_train_seed_2,50023,-168.51196233992547,250,false,0.1163657943669467,10.894402751464648,40,false
safety,A3,2,ood_compound,A3_train_seed_2,50024,-270.62326230508438,250,false,0.65945458188884187,4.3859845075631831,40,false
safety,A3,2,ood_compound,A3_train_seed_2,50025,-214.9695720732503,250,false,0.21111415931871133,21.502912661876415,40,false
safety,A3,2,ood_compound,A3_train_seed_2,50026,-322.5792872414529,250,false,0.90372270749824413,7.2932962755812722,40,false
safety,A3,2,ood_compound,A3_train_seed_2,50027,-190.46083126148045,250,false,0.26984456991314754,8.8489582601061834,40,false
safety,A3,2,ood_compound,A3_train_seed_2,50028,-251.66583174678331,250,false,0.065977070678735872,12.518610984859821,40,false
safety,A3,2,ood_compound,A3_train_seed_2,50029,-208.56838806173488,250,false,0.39436924054847783,11.077745778437276,40,false
safety,A3,2,ood_compound,A3_train_seed_2,50030,-122.57411015511882,96,true,0.03571749968088677,7.5668665894138858,40,false
safety,A3,2,ood_compound,A3_train_seed_2,50031,-164.1456981005515,250,false,0.073858418930225073,11.981655610967362,40,false
safety,A3,2,ood_compound,A3_train_seed_2,50032,-162.78990925739421,250,false,0.30111802061122311,8.4817929298692345,40,false
safety,A3,2,ood_compound,A3_train_seed_2,50033,-278.65715079600778,250,false,0.71130844732584075,3.8694012722567694,40,false
safety,A3,2,ood_compound,A3_train_seed_2,50034,-156.11783210305498,250,false,0.19653911683689992,6.9426255000367378,40,false
safety,A3,2,ood_compound,A3_train_seed_2,50035,-289.299512404479,250,false,0.80977840572154369,6.5497915382905987,40,false
safety,A3,2,ood_compound,A3_train_seed_2,50036,-216.75442092051455,250,false,0.48229451076786656,4.92283414675898,40,false
safety,A3,2,ood_compound,A3_train_seed_2,50037,-64.680809097350163,74,true,0.014492447099087969,10.244754030706115,40,false
safety,A3,2,ood_compound,A3_train_seed_2,50038,-218.00932261366023,250,false,0.25835222974705363,13.597528753312147,40,false
safety,A3,2,ood_compound,A3_train_seed_2,50039,-102.85142010494195,250,false,0.20430083638578367,3.9706472375899917,40,false
safety,A3,2,ood_compound,A3_train_seed_2,50040,-203.4919920749592,250,false,0.41215516275836772,8.8639350504507348,40,false
safety,A3,2,ood_compound,A3_train_seed_2,50041,-130.77187071318968,250,false,0.084283891387821802,8.5196683588214199,40,false
safety,A3,2,ood_compound,A3_train_seed_2,50042,-263.83842880548951,250,false,0.46614063767479008,19.11984523071342,40,false
safety,A3,2,ood_compound,A3_train_seed_2,50043,-92.976787711577757,250,false,0.1228023773668127,4.8193290849528889,40,false
safety,A3,2,ood_compound,A3_train_seed_2,50044,-125.58374085502301,250,false,0.076508880910530069,8.8263817966016731,40,false
safety,A3,2,ood_compound,A3_train_seed_2,50045,-213.70394959303215,250,false,0.46489446806383916,8.4959060611438311,40,false
safety,A3,2,ood_compound,A3_train_seed_2,50046,-164.48672904719152,250,false,0.37794022418811996,9.1322257164125062,40,false
safety,A3,2,ood_compound,A3_train_seed_2,50047,-489.81565564077067,250,false,1.618168079416241,5.1277873761949539,40,false
safety,A3,2,ood_compound,A3_train_seed_2,50048,-159.83646260883842,250,false,0.2177285657111315,12.162730492200621,40,false
safety,A3,2,ood_compound,A3_train_seed_2,50049,-139.67482950434595,80,true,0.033694552691467365,10.612793054712281,40,false
safety,A3,2,ood_compound,A3_train_seed_2,50050,-245.14142033199272,250,false,0.23666984043153161,20.635963005181175,40,false
safety,A3,2,ood_compound,A3_train_seed_2,50051,-164.36276627545081,250,false,0.089977907968087273,10.915974388450579,40,false
safety,A3,2,ood_compound,A3_train_seed_2,50052,-449.4401328508693,250,false,0.5936896989540148,20.460606189024691,40,false
safety,A3,2,ood_compound,A3_train_seed_2,50053,-115.23550416576948,250,false,0.072971228446238878,7.9285748964895806,40,false
safety,A3,2,ood_compound,A3_train_seed_2,50054,-139.15482243681524,96,true,0.037541417011215703,16.176340086785096,40,false
safety,A3,2,ood_compound,A3_train_seed_2,50055,-182.89931298585307,250,false,0.29366110925419481,8.771366416273727,40,false
safety,A3,2,ood_compound,A3_train_seed_2,50056,-77.966285020969167,250,false,0.11000518103773231,3.0881338361030273,38.460464477539062,false
safety,A3,2,ood_compound,A3_train_seed_2,50057,-564.78587903502432,250,false,1.8105401877212783,8.1053562949517257,40,false
safety,A3,2,ood_compound,A3_train_seed_2,50058,-203.87607285123806,250,false,0.13888787259360569,11.687733691202574,40,false
safety,A3,2,ood_compound,A3_train_seed_2,50059,-200.51829615179494,250,false,0.44170458786467098,5.916826148282067,40,false
safety,A3,2,ood_compound,A3_train_seed_2,50060,-259.42314466092637,250,false,0.4842293991355105,8.8658862100164395,40,false
safety,A3,2,ood_compound,A3_train_seed_2,50061,-287.77353236212883,250,false,0.60647846951235773,5.4150048781094329,40,false
safety,A3,2,ood_compound,A3_train_seed_2,50062,-209.70027821829828,250,false,0.17232885893439651,13.89964613377963,40,false
safety,A3,2,ood_compound,A3_train_seed_2,50063,-349.28964299306648,250,false,0.99559062520338371,2.7920488699566905,40,false
safety,A3,2,ood_compound,A3_train_seed_2,50064,-227.81625206001951,250,false,0.24728147103806308,6.0626084833773568,40,false
safety,A3,2,ood_compound,A3_train_seed_2,50065,-86.860170986572257,250,false,0.091961597632830822,9.5374065037130418,40,false
safety,A3,2,ood_compound,A3_train_seed_2,50066,-200.17035150940964,250,false,0.39406219418429195,7.0291316416143195,40,false
safety,A3,2,ood_compound,A3_train_seed_2,50067,-177.06448267636779,250,false,0.25229326558590992,6.7004754857943398,40,false
safety,A3,2,ood_compound,A3_train_seed_2,50068,-24.600908818707005,40,true,0.046948013901622038,6.067543745171406,40,false
safety,A3,2,ood_compound,A3_train_seed_2,50069,-164.77597791545946,250,false,0.17769626728926929,11.460616495120171,40,false
safety,A3,2,ood_compound,A3_train_seed_2,50070,-263.3815796049048,250,false,0.76430571013461457,5.4072190543157133,40,false
safety,A3,2,ood_compound,A3_train_seed_2,50071,-153.1405223962044,250,false,0.12970936658037857,4.4937933169597697,40,false
safety,A3,2,ood_compound,A3_train_seed_2,50072,-169.68778606204145,250,false,0.14539180186700112,12.13397263665253,40,false
safety,A3,2,ood_compound,A3_train_seed_2,50073,-245.26772643946649,250,false,0.22860511530350039,21.19289449313537,40,false
safety,A3,2,ood_compound,A3_train_seed_2,50074,-179.60927471333167,250,false,0.51195355869246528,6.4020444461125319,40,false
safety,A3,2,ood_compound,A3_train_seed_2,50075,-330.01511537682808,250,false,0.81940753044846204,5.9862377300663123,40,false
safety,A3,2,ood_compound,A3_train_seed_2,50076,-219.02719135484625,250,false,0.27299564687045191,11.356806814466053,40,false
safety,A3,2,ood_compound,A3_train_seed_2,50077,-186.32216624448267,250,false,0.31039439546795927,13.866992988737131,40,false
safety,A3,2,ood_compound,A3_train_seed_2,50078,-295.68832455683264,250,false,0.40127548686778375,3.8774679100644995,40,false
safety,A3,2,ood_compound,A3_train_seed_2,50079,-324.00959525337328,250,false,0.64080589347635297,10.407224397801794,40,false
safety,A3,2,ood_compound,A3_train_seed_2,50080,-174.7200851104237,250,false,0.085105983140776303,15.258281157297578,40,false
safety,A3,2,ood_compound,A3_train_seed_2,50081,-164.79729324388299,250,false,0.2830254854366635,8.3051160640904058,40,false
safety,A3,2,ood_compound,A3_train_seed_2,50082,-67.449578085723175,92,true,0.011526643854050923,8.6146163660172235,40,false
safety,A3,2,ood_compound,A3_train_seed_2,50083,-127.11933469398235,102,true,0.047069594642192687,12.793930875214876,40,false
safety,A3,2,ood_compound,A3_train_seed_2,50084,-105.3213169407658,250,false,0.072035723104355812,5.3874953135206347,40,false
safety,A3,2,ood_compound,A3_train_seed_2,50085,-202.27015555700766,250,false,0.1297773489635097,17.840031621555489,40,false
safety,A3,2,ood_compound,A3_train_seed_2,50086,-119.23772582207626,250,false,0.097004897234877346,10.921598705451576,40,false
safety,A3,2,ood_compound,A3_train_seed_2,50087,-89.698463431798942,250,false,0.10330097810203638,6.7280632419985169,40,false
safety,A3,2,ood_compound,A3_train_seed_2,50088,-396.61527918005777,250,false,0.2168576036712391,18.907117289146818,40,false
safety,A3,2,ood_compound,A3_train_seed_2,50089,-162.87259013388515,250,false,0.31537213343222115,8.5076223938122197,40,false
safety,A3,2,ood_compound,A3_train_seed_2,50090,-217.61364401503067,250,false,0.32124180823326581,9.8405291120419456,40,false
safety,A3,2,ood_compound,A3_train_seed_2,50091,-221.40443343833178,250,false,0.17118373875673315,7.8081956513360913,40,false
safety,A3,2,ood_compound,A3_train_seed_2,50092,-278.21770314651673,250,false,0.75053274279660709,5.4309678311870657,40,false
safety,A3,2,ood_compound,A3_train_seed_2,50093,-282.27874919617756,250,false,0.28526687335938883,9.0880685047549239,40,false
safety,A3,2,ood_compound,A3_train_seed_2,50094,-122.46153751393096,250,false,0.18490020379583835,5.9765241628573493,40,false
safety,A3,2,ood_compound,A3_train_seed_2,50095,-96.968391335307871,250,false,0.20617586023076614,6.2959458586124288,40,false
safety,A3,2,ood_compound,A3_train_seed_2,50096,-377.03066483970053,250,false,1.4019520899683047,9.9406387513931822,40,false
safety,A3,2,ood_compound,A3_train_seed_2,50097,-279.77592886724335,250,false,0.79642870726381432,4.9168192872394263,40,false
safety,A3,2,ood_compound,A3_train_seed_2,50098,-151.5910196727942,250,false,0.1061967734760224,9.3945303152685327,40,false
safety,A3,2,ood_compound,A3_train_seed_2,50099,-319.7676993901585,250,false,0.81868115386387208,10.50001841361547,40,false
safety,A6c,2,ood_compound,A6c_train_seed_2,50000,-368.68484559484534,250,false,1.1788458516096763,4.8457270602144229,40,false
safety,A6c,2,ood_compound,A6c_train_seed_2,50001,-233.74323580121404,250,false,0.33111962036533638,4.2701684113060328,40,false
safety,A6c,2,ood_compound,A6c_train_seed_2,50002,-453.83695747800567,250,false,1.5752421791387738,6.4253496530472205,40,false
safety,A6c,2,ood_compound,A6c_train_seed_2,50003,-197.69647349046647,56,false,3.2328039771017019,10.204566849136999,40,false
safety,A6c,2,ood_compound,A6c_train_seed_2,50004,-510.12325031923729,250,false,0.99683203386937091,5.072793831373497,40,false
safety,A6c,2,ood_compound,A6c_train_seed_2,50005,-242.43546226325518,250,false,0.46488525692933269,4.473115718894749,40,false
safety,A6c,2,ood_compound,A6c_train_seed_2,50006,-287.04487719593271,250,false,0.2671864964535598,2.6801519356102941,40,false
safety,A6c,2,ood_compound,A6c_train_seed_2,50007,-179.21314106908426,60,false,3.0150571220486175,12.079536229829328,40,false
safety,A6c,2,ood_compound,A6c_train_seed_2,50008,-322.7965483913074,250,false,0.95859757381998689,7.9804080571002229,40,false
safety,A6c,2,ood_compound,A6c_train_seed_2,50009,-428.24643350267121,250,false,0.32331365796054368,2.9997244662314246,40,false
safety,A6c,2,ood_compound,A6c_train_seed_2,50010,-324.55166565364658,250,false,0.67620483868126069,3.4246776664415357,40,false
safety,A6c,2,ood_compound,A6c_train_seed_2,50011,-258.4006053956669,250,false,0.77453462755149083,6.0985917697020007,40,false
safety,A6c,2,ood_compound,A6c_train_seed_2,50012,-186.75213918306915,164,true,0.024989155730179576,2.6907802882762621,40,false
safety,A6c,2,ood_compound,A6c_train_seed_2,50013,-962.66450773011093,250,false,3.3343870104415787,2.337328496348984,40,false
safety,A6c,2,ood_compound,A6c_train_seed_2,50014,-322.48393590611164,250,false,0.99906641931010542,5.1499722456211403,40,false
safety,A6c,2,ood_compound,A6c_train_seed_2,50015,-421.73862756539205,250,false,1.0956255606952372,3.553394937403537,40,false
safety,A6c,2,ood_compound,A6c_train_seed_2,50016,-514.31889186462763,250,false,1.0118886537846643,1.6686833757157791,40,false
safety,A6c,2,ood_compound,A6c_train_seed_2,50017,-321.73768263631416,250,false,1.0149285620291963,7.3865351748098274,40,false
safety,A6c,2,ood_compound,A6c_train_seed_2,50018,-532.88700537929924,250,false,0.861422749822087,5.8045479137572968,40,false
safety,A6c,2,ood_compound,A6c_train_seed_2,50019,-798.00283160893844,250,false,2.8003289035994881,0.97388799335648724,40,false
safety,A6c,2,ood_compound,A6c_train_seed_2,50020,-396.46037568349931,250,false,1.2078813715978989,2.0558449456778427,40,false
safety,A6c,2,ood_compound,A6c_train_seed_2,50021,-425.79067252257664,250,false,1.3193034761184783,1.9294948266160123,40,false
safety,A6c,2,ood_compound,A6c_train_seed_2,50022,-383.86561192472601,250,false,0.8432552369735058,3.3077073736121174,40,false
safety,A6c,2,ood_compound,A6c_train_seed_2,50023,-215.10645950831383,250,false,0.26178982164561099,5.7479552164993839,40,false
safety,A6c,2,ood_compound,A6c_train_seed_2,50024,-309.66889584728023,250,false,0.76547157107640973,3.4550226400596022,40,false
safety,A6c,2,ood_compound,A6c_train_seed_2,50025,-210.6766301633179,250,false,0.38258633072626724,6.3042649262396777,40,false
safety,A6c,2,ood_compound,A6c_train_seed_2,50026,-402.37879674179277,250,false,1.4888634139579324,7.2510541555575498,40,false
safety,A6c,2,ood_compound,A6c_train_seed_2,50027,-222.52458491167155,250,false,0.42698392971258492,5.9818054573308697,40,false
safety,A6c,2,ood_compound,A6c_train_seed_2,50028,-399.53405539013045,250,false,0.85391872816567627,5.8110367938522858,40,false
safety,A6c,2,ood_compound,A6c_train_seed_2,50029,-718.6022893694502,250,false,1.8160805243809739,2.6713072500415236,40,false
safety,A6c,2,ood_compound,A6c_train_seed_2,50030,-202.20929335528197,250,false,0.34818883619249924,8.0927737265849036,40,false
safety,A6c,2,ood_compound,A6c_train_seed_2,50031,-227.41812227273246,250,false,0.16279920435833614,5.8482699676310297,40,false
safety,A6c,2,ood_compound,A6c_train_seed_2,50032,-364.1254434980429,250,false,0.89106144421943811,2.7072626172048415,40,false
safety,A6c,2,ood_compound,A6c_train_seed_2,50033,-414.01016299135574,250,false,1.364624283340274,2.4813588470999948,40,false
safety,A6c,2,ood_compound,A6c_train_seed_2,50034,-484.96827188403097,250,false,1.6042947584129719,4.293580568732966,40,false
safety,A6c,2,ood_compound,A6c_train_seed_2,50035,-425.55992742177659,250,false,1.4327156941974066,5.4705940932973656,40,false
safety,A6c,2,ood_compound,A6c_train_seed_2,50036,-586.34626888095136,250,false,2.3061654253304678,1.4363890365421459,40,false
safety,A6c,2,ood_compound,A6c_train_seed_2,50037,-609.49991703972432,250,false,2.2683327048743487,0.99632922436223315,40,false
safety,A6c,2,ood_compound,A6c_train_seed_2,50038,-289.33352734898659,250,false,0.57509671569690324,6.7924760850600387,40,false
safety,A6c,2,ood_compound,A6c_train_seed_2,50039,-500.96326024144344,250,false,1.8214894782005557,1.9816088522828568,40,false
safety,A6c,2,ood_compound,A6c_train_seed_2,50040,-241.89304048658101,250,false,0.70502292388992538,5.823896737601773,40,false
safety,A6c,2,ood_compound,A6c_train_seed_2,50041,-365.99712839480628,250,false,0.78771211686802778,2.9860210610134024,40,false
safety,A6c,2,ood_compound,A6c_train_seed_2,50042,-329.52952435596956,250,false,1.0500151078337621,4.3512525228216825,40,false
safety,A6c,2,ood_compound,A6c_train_seed_2,50043,-349.47011670680843,250,false,1.0699671227497731,0.50606340314841647,39.015628814697266,false
safety,A6c,2,ood_compound,A6c_train_seed_2,50044,-678.12345027710739,250,false,2.3422383102063788,0.82823470822848944,40,false
safety,A6c,2,ood_compound,A6c_train_seed_2,50045,-352.59236477938401,250,false,0.98636948557911619,3.2965043200931716,40,false
safety,A6c,2,ood_compound,A6c_train_seed_2,50046,-296.50671819234589,250,false,0.54581766991458036,3.1707649311772887,40,false
safety,A6c,2,ood_compound,A6c_train_seed_2,50047,-505.38978167840139,250,false,1.7623881438141733,4.2434324073550336,40,false
safety,A6c,2,ood_compound,A6c_train_seed_2,50048,-185.20864376558717,250,false,0.37895571997342875,5.03153396263831,40,false
safety,A6c,2,ood_compound,A6c_train_seed_2,50049,-654.95503783984202,250,false,0.9736037462458107,4.5001627632900059,40,false
safety,A6c,2,ood_compound,A6c_train_seed_2,50050,-284.08552413584084,250,false,0.48618704579825811,5.4609116902435337,40,false
safety,A6c,2,ood_compound,A6c_train_seed_2,50051,-269.94030505459159,250,false,0.65484296248364215,5.1573025799843988,40,false
safety,A6c,2,ood_compound,A6c_train_seed_2,50052,-380.63450334138946,250,false,0.83589459424196377,6.036076420137066,40,false
safety,A6c,2,ood_compound,A6c_train_seed_2,50053,-329.7590439572063,250,false,0.70777402636317421,2.0002946860816833,40,false
safety,A6c,2,ood_compound,A6c_train_seed_2,50054,-211.75747617514335,250,false,0.31077703036582854,4.1375953523005649,40,false
safety,A6c,2,ood_compound,A6c_train_seed_2,50055,-354.00087189852741,250,false,0.82417200849288885,2.4126901776549303,40,false
safety,A6c,2,ood_compound,A6c_train_seed_2,50056,-102.34452801065099,250,false,0.18229904606864952,2.6684083867749795,39.112644195556641,false
safety,A6c,2,ood_compound,A6c_train_seed_2,50057,-608.90784778154091,250,false,2.2038405720753689,2.3233994626976622,40,false
safety,A6c,2,ood_compound,A6c_train_seed_2,50058,-342.51560531271463,250,false,0.35907544496932836,4.0416687958618027,40,false
safety,A6c,2,ood_compound,A6c_train_seed_2,50059,-370.17617877019705,250,false,1.1317060230828644,3.7106687115423456,40,false
safety,A6c,2,ood_compound,A6c_train_seed_2,50060,-904.56021016399291,250,false,3.2082105451270189,0.75642190435658163,40,false
safety,A6c,2,ood_compound,A6c_train_seed_2,50061,-340.39584673786771,250,false,0.76393018606931218,4.1155584284626148,40,false
safety,A6c,2,ood_compound,A6c_train_seed_2,50062,-195.09252798821808,250,false,0.22620594214858022,7.4723049775782826,40,false
safety,A6c,2,ood_compound,A6c_train_seed_2,50063,-505.47379739041702,250,false,2.2100162612030507,1.7243535874756015,40,false
safety,A6c,2,ood_compound,A6c_train_seed_2,50064,-597.01096821201622,250,false,2.1449932672049923,2.8640709665277195,40,false
safety,A6c,2,ood_compound,A6c_train_seed_2,50065,-179.11174386626331,250,false,0.37415687291217642,4.6743056958651339,38.460201263427734,false
safety,A6c,2,ood_compound,A6c_train_seed_2,50066,-752.00628385015295,250,false,2.6081656210564201,1.3439471624635615,40,false
safety,A6c,2,ood_compound,A6c_train_seed_2,50067,-408.70184934777069,250,false,1.0329483605976884,4.0388331948012084,40,false
safety,A6c,2,ood_compound,A6c_train_seed_2,50068,-159.72148852286111,250,false,0.16110910240561294,3.3156881967092073,37.788650512695312,false
safety,A6c,2,ood_compound,A6c_train_seed_2,50069,-374.57770767314281,250,false,0.3834779086189099,3.8379561454906597,40,false
safety,A6c,2,ood_compound,A6c_train_seed_2,50070,-316.34076637280208,250,false,1.0289464072432388,5.3628279589921082,40,false
safety,A6c,2,ood_compound,A6c_train_seed_2,50071,-645.93174328884731,250,false,2.3338212395155908,1.367385085558088,40,false
safety,A6c,2,ood_compound,A6c_train_seed_2,50072,-238.21068927790645,250,false,0.37897801231466538,4.6205000740446822,40,false
safety,A6c,2,ood_compound,A6c_train_seed_2,50073,-298.23638000140949,250,false,0.56928395628176875,6.1149599423281771,40,false
safety,A6c,2,ood_compound,A6c_train_seed_2,50074,-407.8697172273707,250,false,1.3862426807038675,3.8028578053074917,39.899978637695312,false
safety,A6c,2,ood_compound,A6c_train_seed_2,50075,-418.39683580318524,250,false,1.1923680471701865,4.448771304449938,40,false
safety,A6c,2,ood_compound,A6c_train_seed_2,50076,-113.30006807623018,34,false,2.2917011274997514,11.232305811464084,40,false
safety,A6c,2,ood_compound,A6c_train_seed_2,50077,-213.72463624087555,250,false,0.49854384927482126,6.2452933097151906,40,false
safety,A6c,2,ood_compound,A6c_train_seed_2,50078,-573.49872274249981,250,false,2.3967307116728613,4.9585251544024667,40,false
safety,A6c,2,ood_compound,A6c_train_seed_2,50079,-436.29758658086894,250,false,0.80924394984158221,5.542466874724381,40,false
safety,A6c,2,ood_compound,A6c_train_seed_2,50080,-241.09917608415114,250,false,0.30525462811549625,7.1137370785024769,40,false
safety,A6c,2,ood_compound,A6c_train_seed_2,50081,-203.09131813050783,250,false,0.48401887195346588,3.6402084656850064,40,false
safety,A6c,2,ood_compound,A6c_train_seed_2,50082,-181.5612052459368,250,false,0.51383490743285887,2.8753698066407862,40,false
safety,A6c,2,ood_compound,A6c_train_seed_2,50083,-192.76086713928498,250,false,0.155008141278386,6.8051655919253555,40,false
safety,A6c,2,ood_compound,A6c_train_seed_2,50084,-599.56623177111783,250,false,1.7647879598374807,2.4924278681718968,40,false
safety,A6c,2,ood_compound,A6c_train_seed_2,50085,-283.3816320180531,250,false,0.51091936890422385,5.271873166856194,40,false
safety,A6c,2,ood_compound,A6c_train_seed_2,50086,-363.79144846394837,250,false,0.52889337762839628,9.9032124845080762,40,false
safety,A6c,2,ood_compound,A6c_train_seed_2,50087,-329.01926053855919,250,false,0.13800582328062633,1.8563033460100082,39.236583709716797,false
safety,A6c,2,ood_compound,A6c_train_seed_2,50088,-391.23155819294527,250,false,1.2162734813848675,4.2147565230086057,40,false
safety,A6c,2,ood_compound,A6c_train_seed_2,50089,-196.14778030694629,250,false,0.52626437901335954,5.0464491482476284,40,false
safety,A6c,2,ood_compound,A6c_train_seed_2,50090,-425.95749589762318,250,false,0.45660163327352965,4.0852411741324159,40,false
safety,A6c,2,ood_compound,A6c_train_seed_2,50091,-302.94884375136144,250,false,0.49707187982037299,6.1655578363390795,40,false
safety,A6c,2,ood_compound,A6c_train_seed_2,50092,-340.06122377323891,250,false,1.1231308743408823,6.3933352074505363,40,false
safety,A6c,2,ood_compound,A6c_train_seed_2,50093,-461.94912945884528,250,false,1.2470261470805422,9.9821321603020579,40,false
safety,A6c,2,ood_compound,A6c_train_seed_2,50094,-240.02248745300233,250,false,0.51108595681987112,1.8286037478812975,40,false
safety,A6c,2,ood_compound,A6c_train_seed_2,50095,-185.35746953790357,250,false,0.34637393936515698,2.1443743578935286,40,false
safety,A6c,2,ood_compound,A6c_train_seed_2,50096,-535.88860869932046,250,false,1.2901589642926341,3.0833096428440339,40,false
safety,A6c,2,ood_compound,A6c_train_seed_2,50097,-328.32079181185213,250,false,1.1652857051399903,7.9404923853417895,40,false
safety,A6c,2,ood_compound,A6c_train_seed_2,50098,-134.3263103947385,51,false,1.6962081249599081,10.461630007087729,40,false
safety,A6c,2,ood_compound,A6c_train_seed_2,50099,-365.46040304646215,250,false,1.3672206044527122,9.2499594145950716,40,false
safety,A6c_gate_off_control,2,ood_compound,A6c_gate_off_control_train_seed_2,50000,-365.76357158749659,250,false,1.1210542100418674,4.520410800576701,40,false
safety,A6c_gate_off_control,2,ood_compound,A6c_gate_off_control_train_seed_2,50001,-236.24690529765351,250,false,0.29925781256978301,4.7726148405118529,40,false
safety,A6c_gate_off_control,2,ood_compound,A6c_gate_off_control_train_seed_2,50002,-453.17210097237324,250,false,1.5807452656112275,6.1667966128810665,40,false
safety,A6c_gate_off_control,2,ood_compound,A6c_gate_off_control_train_seed_2,50003,-199.61437082623627,56,false,3.269853990793544,10.763141288383396,40,false
safety,A6c_gate_off_control,2,ood_compound,A6c_gate_off_control_train_seed_2,50004,-499.95578744908585,250,false,0.93298446820684067,5.0449948374573008,40,false
safety,A6c_gate_off_control,2,ood_compound,A6c_gate_off_control_train_seed_2,50005,-243.50737616090601,250,false,0.45978897629332899,4.5826542754860915,40,false
safety,A6c_gate_off_control,2,ood_compound,A6c_gate_off_control_train_seed_2,50006,-324.61237974342254,250,false,0.18462785239811438,2.6801519356102941,40,false
safety,A6c_gate_off_control,2,ood_compound,A6c_gate_off_control_train_seed_2,50007,-179.36412368606378,60,false,3.0230323998175921,12.239475967178182,40,false
safety,A6c_gate_off_control,2,ood_compound,A6c_gate_off_control_train_seed_2,50008,-323.41443958073046,250,false,0.9163543761212769,7.90169912419264,40,false
safety,A6c_gate_off_control,2,ood_compound,A6c_gate_off_control_train_seed_2,50009,-418.7709113630645,250,false,0.11018719133749245,3.114757333045004,40,false
safety,A6c_gate_off_control,2,ood_compound,A6c_gate_off_control_train_seed_2,50010,-300.70757448601677,250,false,0.51313080963677715,3.580358896967708,40,false
safety,A6c_gate_off_control,2,ood_compound,A6c_gate_off_control_train_seed_2,50011,-254.52654991098251,250,false,0.80505037392412004,6.0677927497545951,40,false
safety,A6c_gate_off_control,2,ood_compound,A6c_gate_off_control_train_seed_2,50012,-189.84577248830138,146,true,0.022953082093590316,2.8621802603804918,40,false
safety,A6c_gate_off_control,2,ood_compound,A6c_gate_off_control_train_seed_2,50013,-947.40850430625426,250,false,3.0199579913046719,2.274242977310255,40,false
safety,A6c_gate_off_control,2,ood_compound,A6c_gate_off_control_train_seed_2,50014,-320.61386995500123,250,false,0.98123727864772992,5.5354367026364422,40,false
safety,A6c_gate_off_control,2,ood_compound,A6c_gate_off_control_train_seed_2,50015,-396.03084982258844,250,false,0.076879055332208748,3.553394937403537,40,false
safety,A6c_gate_off_control,2,ood_compound,A6c_gate_off_control_train_seed_2,50016,-504.98582677897923,250,false,0.43686051817922772,1.7676152043795132,40,false
safety,A6c_gate_off_control,2,ood_compound,A6c_gate_off_control_train_seed_2,50017,-321.35793354777553,250,false,0.97866874777451984,7.5109769232701522,40,false
safety,A6c_gate_off_control,2,ood_compound,A6c_gate_off_control_train_seed_2,50018,-533.33989679698334,250,false,0.86514762489559061,6.0420183093178101,40,false
safety,A6c_gate_off_control,2,ood_compound,A6c_gate_off_control_train_seed_2,50019,-798.00283160893844,250,false,2.8003289035994881,0.97388799335648724,40,false
safety,A6c_gate_off_control,2,ood_compound,A6c_gate_off_control_train_seed_2,50020,-381.91341132106174,250,false,1.2035060839935385,2.4826140735173103,40,false
safety,A6c_gate_off_control,2,ood_compound,A6c_gate_off_control_train_seed_2,50021,-430.96156019475461,250,false,1.4364563386688374,1.8954391800205286,40,false
safety,A6c_gate_off_control,2,ood_compound,A6c_gate_off_control_train_seed_2,50022,-333.88740837620963,250,false,0.22039713101071381,3.3077073736121174,40,false
safety,A6c_gate_off_control,2,ood_compound,A6c_gate_off_control_train_seed_2,50023,-203.6704067165806,250,false,0.11932568048667649,5.3817734954981624,40,false
safety,A6c_gate_off_control,2,ood_compound,A6c_gate_off_control_train_seed_2,50024,-305.91491688847003,250,false,0.66293224123174022,3.3482200085996152,40,false
safety,A6c_gate_off_control,2,ood_compound,A6c_gate_off_control_train_seed_2,50025,-189.35370103016012,250,false,0.21312283226037126,5.4832143007211487,40,false
safety,A6c_gate_off_control,2,ood_compound,A6c_gate_off_control_train_seed_2,50026,-401.45865576984988,250,false,1.4943765099304611,7.4551255550387667,40,false
safety,A6c_gate_off_control,2,ood_compound,A6c_gate_off_control_train_seed_2,50027,-199.62650377894755,250,false,0.26906100290307949,5.6322589955733804,40,false
safety,A6c_gate_off_control,2,ood_compound,A6c_gate_off_control_train_seed_2,50028,-354.21836933914506,250,false,0.071508804310053853,5.8106681393161796,40,false
safety,A6c_gate_off_control,2,ood_compound,A6c_gate_off_control_train_seed_2,50029,-718.40230658698874,250,false,1.8104624795576088,2.6713072500415236,40,false
safety,A6c_gate_off_control,2,ood_compound,A6c_gate_off_control_train_seed_2,50030,-198.02658850353023,250,false,0.28352927411890561,8.2142816992927141,40,false
safety,A6c_gate_off_control,2,ood_compound,A6c_gate_off_control_train_seed_2,50031,-232.0908403109762,250,false,0.098939321209786615,4.8418400587655235,40,false
safety,A6c_gate_off_control,2,ood_compound,A6c_gate_off_control_train_seed_2,50032,-296.6746537248531,250,false,0.30223352454713753,2.7941628979375088,40,false
safety,A6c_gate_off_control,2,ood_compound,A6c_gate_off_control_train_seed_2,50033,-418.51863492671725,250,false,1.4223526098329746,2.4420384647095603,40,false
safety,A6c_gate_off_control,2,ood_compound,A6c_gate_off_control_train_seed_2,50034,-486.23266812330849,250,false,1.641240160998767,4.1853452278371623,40,false
safety,A6c_gate_off_control,2,ood_compound,A6c_gate_off_control_train_seed_2,50035,-424.04991713298512,250,false,1.4370034812515649,5.3756395047602377,40,false
safety,A6c_gate_off_control,2,ood_compound,A6c_gate_off_control_train_seed_2,50036,-586.27703158542795,250,false,2.2997211332028322,1.4363890365421459,40,false
safety,A6c_gate_off_control,2,ood_compound,A6c_gate_off_control_train_seed_2,50037,-609.49991703972432,250,false,2.2683327048743487,0.99632922436223315,40,false
safety,A6c_gate_off_control,2,ood_compound,A6c_gate_off_control_train_seed_2,50038,-279.59223930160778,250,false,0.56687550939046571,6.9156050748972415,40,false
safety,A6c_gate_off_control,2,ood_compound,A6c_gate_off_control_train_seed_2,50039,-499.7743182453687,250,false,1.7471574133626397,2.0021869463322908,40,false
safety,A6c_gate_off_control,2,ood_compound,A6c_gate_off_control_train_seed_2,50040,-240.48199634023516,250,false,0.70749826277506001,5.6755552202253297,40,false
safety,A6c_gate_off_control,2,ood_compound,A6c_gate_off_control_train_seed_2,50041,-349.53396540487284,250,false,0.0810317064545934,2.986563422341947,40,false
safety,A6c_gate_off_control,2,ood_compound,A6c_gate_off_control_train_seed_2,50042,-329.19664555384469,250,false,1.0617676722223721,4.6386595577500138,40,false
safety,A6c_gate_off_control,2,ood_compound,A6c_gate_off_control_train_seed_2,50043,-368.4626164511883,250,false,1.3289889173524774,0.69229771681477414,37.704246520996094,false
safety,A6c_gate_off_control,2,ood_compound,A6c_gate_off_control_train_seed_2,50044,-685.41888119610837,250,false,2.5791589070303145,0.85340239076736979,40,false
safety,A6c_gate_off_control,2,ood_compound,A6c_gate_off_control_train_seed_2,50045,-366.17622184093182,250,false,1.0580984339809296,3.2965043200931716,40,false
safety,A6c_gate_off_control,2,ood_compound,A6c_gate_off_control_train_seed_2,50046,-271.30982002653576,250,false,0.37647540531043727,3.285659565005385,40,false
safety,A6c_gate_off_control,2,ood_compound,A6c_gate_off_control_train_seed_2,50047,-518.32683600579412,250,false,1.7955982406289031,4.2491783755744423,40,false
safety,A6c_gate_off_control,2,ood_compound,A6c_gate_off_control_train_seed_2,50048,-164.83732973705676,250,false,0.2179459558209601,4.9449666431867092,40,false
safety,A6c_gate_off_control,2,ood_compound,A6c_gate_off_control_train_seed_2,50049,-660.417316793851,250,false,1.0086677747022013,4.4814517696740248,40,false
safety,A6c_gate_off_control,2,ood_compound,A6c_gate_off_control_train_seed_2,50050,-272.40158016960896,250,false,0.48357540010106098,5.4550880493475713,40,false
safety,A6c_gate_off_control,2,ood_compound,A6c_gate_off_control_train_seed_2,50051,-273.31792642657172,250,false,0.67590313029179583,5.0056914312546059,40,false
safety,A6c_gate_off_control,2,ood_compound,A6c_gate_off_control_train_seed_2,50052,-386.66030333231521,250,false,0.98537591711792183,5.9588596520346258,40,false
safety,A6c_gate_off_control,2,ood_compound,A6c_gate_off_control_train_seed_2,50053,-333.752910689582,250,false,0.073462719602813226,2.0002946860816833,40,false
safety,A6c_gate_off_control,2,ood_compound,A6c_gate_off_control_train_seed_2,50054,-209.50207208102196,250,false,0.27273192446415445,4.4696996301259446,40,false
safety,A6c_gate_off_control,2,ood_compound,A6c_gate_off_control_train_seed_2,50055,-304.80887574246674,250,false,0.21709519107293435,2.5219269942601201,40,false
safety,A6c_gate_off_control,2,ood_compound,A6c_gate_off_control_train_seed_2,50056,-79.095995803837482,250,false,0.11000511313232207,2.7047563854089627,40,false
safety,A6c_gate_off_control,2,ood_compound,A6c_gate_off_control_train_seed_2,50057,-629.99687688405152,250,false,2.6451763514093773,2.2306701452699524,40,false
safety,A6c_gate_off_control,2,ood_compound,A6c_gate_off_control_train_seed_2,50058,-334.09609079883074,250,false,0.17529213734371432,4.0416687958618027,40,false
safety,A6c_gate_off_control,2,ood_compound,A6c_gate_off_control_train_seed_2,50059,-367.63604594982235,250,false,1.1471086249823903,4.0672101588660539,40,false
safety,A6c_gate_off_control,2,ood_compound,A6c_gate_off_control_train_seed_2,50060,-904.56021016399291,250,false,3.2082105451270189,0.75642190435658163,40,false
safety,A6c_gate_off_control,2,ood_compound,A6c_gate_off_control_train_seed_2,50061,-337.01777151310364,250,false,0.83963524614197915,4.1016481020219908,40,false
safety,A6c_gate_off_control,2,ood_compound,A6c_gate_off_control_train_seed_2,50062,-190.15076695808435,250,false,0.20756709936583631,6.3489969061374643,40,false
safety,A6c_gate_off_control,2,ood_compound,A6c_gate_off_control_train_seed_2,50063,-510.84966180367462,250,false,2.1907515419124879,1.717019517385195,40,false
safety,A6c_gate_off_control,2,ood_compound,A6c_gate_off_control_train_seed_2,50064,-578.22893020218555,250,false,2.1635572838172275,2.9601607165628554,40,false
safety,A6c_gate_off_control,2,ood_compound,A6c_gate_off_control_train_seed_2,50065,-140.31308435117199,250,false,0.092224992583431253,4.7585973450351586,36.348018646240234,false
safety,A6c_gate_off_control,2,ood_compound,A6c_gate_off_control_train_seed_2,50066,-752.00628385015295,250,false,2.6081656210564201,1.3439471624635615,40,false
safety,A6c_gate_off_control,2,ood_compound,A6c_gate_off_control_train_seed_2,50067,-421.91740977640984,250,false,1.1445946807489942,3.9933438877797105,40,false
safety,A6c_gate_off_control,2,ood_compound,A6c_gate_off_control_train_seed_2,50068,-124.92426026819824,140,true,0.047725488986991117,3.341108280332163,37.576267242431641,false
safety,A6c_gate_off_control,2,ood_compound,A6c_gate_off_control_train_seed_2,50069,-421.96592640151403,250,false,0.16243615261678884,3.8499541671888595,40,false
safety,A6c_gate_off_control,2,ood_compound,A6c_gate_off_control_train_seed_2,50070,-315.79974232324378,250,false,1.0086534453004423,5.5484292346151625,40,false
safety,A6c_gate_off_control,2,ood_compound,A6c_gate_off_control_train_seed_2,50071,-660.41652116067894,250,false,2.6745302891679512,1.3674373380859535,40,false
safety,A6c_gate_off_control,2,ood_compound,A6c_gate_off_control_train_seed_2,50072,-241.66437206999862,250,false,0.37781938770007895,4.3995264731002166,40,false
safety,A6c_gate_off_control,2,ood_compound,A6c_gate_off_control_train_seed_2,50073,-295.85621673279473,250,false,0.61443326501292672,4.9826417697058716,40,false
safety,A6c_gate_off_control,2,ood_compound,A6c_gate_off_control_train_seed_2,50074,-409.20831177849874,250,false,1.398395982641558,3.8710667190167483,39.986812591552734,false
safety,A6c_gate_off_control,2,ood_compound,A6c_gate_off_control_train_seed_2,50075,-419.96543641617228,250,false,1.2081953391798779,4.3782402177126389,40,false
safety,A6c_gate_off_control,2,ood_compound,A6c_gate_off_control_train_seed_2,50076,-118.23737790037393,36,false,2.1332907894416362,10.855804801745817,40,false
safety,A6c_gate_off_control,2,ood_compound,A6c_gate_off_control_train_seed_2,50077,-198.80732909292664,250,false,0.32798859048720097,6.4536724293952714,40,false
safety,A6c_gate_off_control,2,ood_compound,A6c_gate_off_control_train_seed_2,50078,-575.43167557849972,250,false,2.4082413942940994,4.8597160809379574,40,false
safety,A6c_gate_off_control,2,ood_compound,A6c_gate_off_control_train_seed_2,50079,-437.20725443921248,250,false,0.80261875793559601,5.7044869284550259,40,false
safety,A6c_gate_off_control,2,ood_compound,A6c_gate_off_control_train_seed_2,50080,-236.36729816267857,250,false,0.35126102806455817,6.4903256007505838,40,false
safety,A6c_gate_off_control,2,ood_compound,A6c_gate_off_control_train_seed_2,50081,-192.57263046809035,250,false,0.34152395567282567,3.4257358903936193,40,false
safety,A6c_gate_off_control,2,ood_compound,A6c_gate_off_control_train_seed_2,50082,-76.258309066950346,73,true,0.034488857668857696,2.8753698066407862,40,false
safety,A6c_gate_off_control,2,ood_compound,A6c_gate_off_control_train_seed_2,50083,-195.63108611509816,250,false,0.15388232396154558,6.8828489300098408,40,false
safety,A6c_gate_off_control,2,ood_compound,A6c_gate_off_control_train_seed_2,50084,-611.67610382962562,250,false,2.1197791224188953,2.4924278681718968,40,false
safety,A6c_gate_off_control,2,ood_compound,A6c_gate_off_control_train_seed_2,50085,-288.76319455812296,250,false,0.52343616821138916,4.880829273451015,40,false
safety,A6c_gate_off_control,2,ood_compound,A6c_gate_off_control_train_seed_2,50086,-357.96507755051641,250,false,0.51638749529102135,9.7066610313437298,40,false
safety,A6c_gate_off_control,2,ood_compound,A6c_gate_off_control_train_seed_2,50087,-327.33554710769562,250,false,0.10689734299551497,1.9199538021057141,38.042182922363281,false
safety,A6c_gate_off_control,2,ood_compound,A6c_gate_off_control_train_seed_2,50088,-394.19742641415706,250,false,1.224890282023898,4.1414398489307764,40,false
safety,A6c_gate_off_control,2,ood_compound,A6c_gate_off_control_train_seed_2,50089,-188.44745708440323,250,false,0.41736364205704696,4.8351292794837217,40,false
safety,A6c_gate_off_control,2,ood_compound,A6c_gate_off_control_train_seed_2,50090,-417.30158125709568,250,false,0.27524341975462752,4.0852411741324159,40,false
safety,A6c_gate_off_control,2,ood_compound,A6c_gate_off_control_train_seed_2,50091,-305.72441048299754,250,false,0.5059074668456276,6.2954479159616739,40,false
safety,A6c_gate_off_control,2,ood_compound,A6c_gate_off_control_train_seed_2,50092,-339.30800482360604,250,false,1.1464532779531231,6.2554173725531834,40,false
safety,A6c_gate_off_control,2,ood_compound,A6c_gate_off_control_train_seed_2,50093,-462.51469512113044,250,false,1.251597534012769,8.586027156301494,40,false
safety,A6c_gate_off_control,2,ood_compound,A6c_gate_off_control_train_seed_2,50094,-192.43438167762952,250,false,0.18457145605858616,2.0060796385555193,40,false
safety,A6c_gate_off_control,2,ood_compound,A6c_gate_off_control_train_seed_2,50095,-177.6474079368933,250,false,0.18381559594929459,2.1455888174471909,40,false
safety,A6c_gate_off_control,2,ood_compound,A6c_gate_off_control_train_seed_2,50096,-512.69562136289517,250,false,1.2012064105336242,3.0835470782404402,40,false
safety,A6c_gate_off_control,2,ood_compound,A6c_gate_off_control_train_seed_2,50097,-329.14548061720478,250,false,1.176464930270338,8.0463116803303194,40,false
safety,A6c_gate_off_control,2,ood_compound,A6c_gate_off_control_train_seed_2,50098,-434.3459031053896,250,false,0.74581154955985707,10.272616072031459,40,false
safety,A6c_gate_off_control,2,ood_compound,A6c_gate_off_control_train_seed_2,50099,-366.22117580096756,250,false,1.3712293379859144,9.3648819464646138,40,false
safety,A4c,2,motor_fault,A4c_train_seed_2,50000,-306.94923790555902,250,false,1.1076521714149508,4.3585416678882991,36.543025970458984,true
safety,A4c,2,motor_fault,A4c_train_seed_2,50001,-177.6960926300539,250,false,0.34915030144386283,10.535024244168547,40,true
safety,A4c,2,motor_fault,A4c_train_seed_2,50002,-327.07537786282995,250,false,1.4668738424770584,7.6499976342036824,40,true
safety,A4c,2,motor_fault,A4c_train_seed_2,50003,-303.78673550008642,250,false,0.8027921236140072,12.13726879875799,40,true
safety,A4c,2,motor_fault,A4c_train_seed_2,50004,-261.99294187724058,250,false,0.90591250448250216,8.96227286267988,40,true
safety,A4c,2,motor_fault,A4c_train_seed_2,50005,-146.05794136731109,250,false,0.25657430289823069,14.201094427498521,40,true
safety,A4c,2,motor_fault,A4c_train_seed_2,50006,-111.29291897494336,250,false,0.28231231618437541,6.7669665169942608,40,true
safety,A4c,2,motor_fault,A4c_train_seed_2,50007,-326.98573211489037,250,false,0.78766991821055909,10.950394000577324,40,true
safety,A4c,2,motor_fault,A4c_train_seed_2,50008,-277.13246094011885,250,false,0.61246499022534029,7.508470906837033,40,true
safety,A4c,2,motor_fault,A4c_train_seed_2,50009,-164.70276966960617,250,false,0.41340469084009523,9.8172140977764499,40,true
safety,A4c,2,motor_fault,A4c_train_seed_2,50010,-133.96780396470044,250,false,0.31741928858916807,12.852568878169638,40,true
safety,A4c,2,motor_fault,A4c_train_seed_2,50011,-196.16313689843966,250,false,0.60573926348817331,4.2948523581794085,40,true
safety,A4c,2,motor_fault,A4c_train_seed_2,50012,-80.695280975553231,250,false,0.078452759865373464,11.796333062794453,40,true
safety,A4c,2,motor_fault,A4c_train_seed_2,50013,-300.4752843646254,250,false,0.9229081428681688,10.33470111436748,40,true
safety,A4c,2,motor_fault,A4c_train_seed_2,50014,-308.27356190498398,250,false,0.83935204745881675,20.478526012300694,40,true
safety,A4c,2,motor_fault,A4c_train_seed_2,50015,-379.72717264711201,250,false,1.2136025288573966,11.050551229871646,40,true
safety,A4c,2,motor_fault,A4c_train_seed_2,50016,-312.95366443176391,250,false,1.0873194995798234,9.9040296130549841,40,true
safety,A4c,2,motor_fault,A4c_train_seed_2,50017,-182.89171247007829,250,false,0.48189793422883981,10.240242830381748,40,true
safety,A4c,2,motor_fault,A4c_train_seed_2,50018,-108.37667588744091,85,true,0.030188751345558994,12.352002270961993,40,true
safety,A4c,2,motor_fault,A4c_train_seed_2,50019,-232.63986878739067,250,false,0.51776691930357366,11.957864587002765,40,true
safety,A4c,2,motor_fault,A4c_train_seed_2,50020,-251.52028813143752,250,false,1.0095575187501244,4.5516553779340336,40,true
safety,A4c,2,motor_fault,A4c_train_seed_2,50021,-250.40819611277357,250,false,0.93845185674433129,4.846327991156306,30.633659362792969,true
safety,A4c,2,motor_fault,A4c_train_seed_2,50022,-275.77738338760122,250,false,0.80015502011115702,11.816526537004357,40,true
safety,A4c,2,motor_fault,A4c_train_seed_2,50023,-154.89990158402421,250,false,0.27523209566031359,9.9168310609953778,40,true
safety,A4c,2,motor_fault,A4c_train_seed_2,50024,-113.71462914830437,250,false,0.35444549602177461,4.7479373675841057,30.825716018676758,true
safety,A4c,2,motor_fault,A4c_train_seed_2,50025,-214.35669684149161,250,false,0.46368713425929203,15.25164064691505,40,true
safety,A4c,2,motor_fault,A4c_train_seed_2,50026,-418.9052391430547,250,false,1.4879649722676951,10.061938502258648,40,true
safety,A4c,2,motor_fault,A4c_train_seed_2,50027,-40.810386351759263,50,true,0.043344259749938378,8.1330822639157176,40,true
safety,A4c,2,motor_fault,A4c_train_seed_2,50028,-238.94780600942008,250,false,0.51445685159092436,15.825929451338848,40,true
safety,A4c,2,motor_fault,A4c_train_seed_2,50029,-130.30629138122131,81,true,0.013070168825407853,13.482564449334509,40,true
safety,A4c,2,motor_fault,A4c_train_seed_2,50030,-158.49597941670629,250,false,0.3289823948593979,9.9396757464014964,40,true
safety,A4c,2,motor_fault,A4c_train_seed_2,50031,-112.22388389652477,250,false,0.080475309594789296,14.294804987356324,40,true
safety,A4c,2,motor_fault,A4c_train_seed_2,50032,-249.44360702548911,250,false,0.73523828871958696,12.048157870978587,40,true
safety,A4c,2,motor_fault,A4c_train_seed_2,50033,-139.17509627024225,250,false,0.43797803690939607,4.7932873423026008,25.931728363037109,true
safety,A4c,2,motor_fault,A4c_train_seed_2,50034,-241.66695548804717,250,false,1.4308141206611571,7.0284833023652791,40,true
safety,A4c,2,motor_fault,A4c_train_seed_2,50035,-375.84302224377785,250,false,1.3703052138042338,5.1681598354105596,40,true
safety,A4c,2,motor_fault,A4c_train_seed_2,50036,-280.6009014583197,250,false,1.2728017609303672,5.4223094656737247,40,true
safety,A4c,2,motor_fault,A4c_train_seed_2,50037,-262.91587846196637,250,false,0.94081143206120788,10.869401305501569,40,true
safety,A4c,2,motor_fault,A4c_train_seed_2,50038,-250.07108363289655,250,false,0.56256321681296662,15.148334597277001,40,true
safety,A4c,2,motor_fault,A4c_train_seed_2,50039,-78.290134285776716,250,false,0.076147564756627081,2.9373236115154921,39.762477874755859,true
safety,A4c,2,motor_fault,A4c_train_seed_2,50040,-113.34616203392275,250,false,0.1596455128542591,10.7199196379415,40,true
safety,A4c,2,motor_fault,A4c_train_seed_2,50041,-101.01928863337253,250,false,0.19830628000011488,12.734636999785925,40,true
safety,A4c,2,motor_fault,A4c_train_seed_2,50042,-43.278617315763533,56,true,0.020374339516890553,7.1461725119229742,40,true
safety,A4c,2,motor_fault,A4c_train_seed_2,50043,-9.5903091521680519,32,true,0.049064473882104866,4.0289271094033792,40,true
safety,A4c,2,motor_fault,A4c_train_seed_2,50044,-313.58803094621771,250,false,1.0723544616229639,11.448435627749344,40,true
safety,A4c,2,motor_fault,A4c_train_seed_2,50045,-221.93655732807659,250,false,0.45458019426641794,11.300916901425625,40,true
safety,A4c,2,motor_fault,A4c_train_seed_2,50046,-111.35070751635811,250,false,0.21398082418552172,14.718922271958359,40,true
safety,A4c,2,motor_fault,A4c_train_seed_2,50047,-146.23271703712524,250,false,0.35711562182069001,4.8512337297748083,39.864479064941406,true
safety,A4c,2,motor_fault,A4c_train_seed_2,50048,-145.93273025738512,250,false,0.35758261631256932,9.6970815315615226,40,true
safety,A4c,2,motor_fault,A4c_train_seed_2,50049,-188.39542293940846,250,false,0.39137693827781816,13.965349018568444,40,true
safety,A4c,2,motor_fault,A4c_train_seed_2,50050,-270.12046058641624,250,false,0.36200527771198865,12.428081182963872,40,true
safety,A4c,2,motor_fault,A4c_train_seed_2,50051,-156.71387613100276,250,false,0.084687999852268922,15.874062981012772,40,true
safety,A4c,2,motor_fault,A4c_train_seed_2,50052,-181.60325770664627,250,false,0.1225188989323272,15.101184962678605,40,true
safety,A4c,2,motor_fault,A4c_train_seed_2,50053,-282.45005868190788,250,false,1.0507193866340725,8.6957942270011745,40,true
safety,A4c,2,motor_fault,A4c_train_seed_2,50054,-195.86093094098391,250,false,0.28692963234129271,18.370672326161905,40,true
safety,A4c,2,motor_fault,A4c_train_seed_2,50055,-319.09003385680967,250,false,1.0041310951291256,10.083029663023144,40,true
safety,A4c,2,motor_fault,A4c_train_seed_2,50056,-3.1603042323364221,32,true,0.049532380250827485,4.7714519565790807,22.031822204589844,true
safety,A4c,2,motor_fault,A4c_train_seed_2,50057,-139.80479588920895,250,false,0.22418595742565206,9.2239487255296311,40,true
safety,A4c,2,motor_fault,A4c_train_seed_2,50058,-201.97762521850581,250,false,0.31104571248412061,14.656735584397262,40,true
safety,A4c,2,motor_fault,A4c_train_seed_2,50059,-348.24973143055973,250,false,1.3046501610545844,5.2502049508853945,40,true
safety,A4c,2,motor_fault,A4c_train_seed_2,50060,-201.9060270039146,250,false,0.30494033712669372,14.836339643431543,40,true
safety,A4c,2,motor_fault,A4c_train_seed_2,50061,-202.26318659867957,250,false,0.64814331975978068,3.3544510058760153,37.765571594238281,true
safety,A4c,2,motor_fault,A4c_train_seed_2,50062,-210.4789304130984,250,false,0.42875429016538918,15.05523528264702,40,true
safety,A4c,2,motor_fault,A4c_train_seed_2,50063,-285.76086882946117,250,false,1.021666623316517,4.0483744299586464,33.005130767822266,true
safety,A4c,2,motor_fault,A4c_train_seed_2,50064,-94.248354930835035,250,false,0.16265732584033929,8.3968885668209996,40,true
safety,A4c,2,motor_fault,A4c_train_seed_2,50065,-215.09922011924044,250,false,0.99452450449997321,8.6241733580240982,40,true
safety,A4c,2,motor_fault,A4c_train_seed_2,50066,-180.99539642059932,250,false,0.39965472297474053,9.9771855243189957,40,true
safety,A4c,2,motor_fault,A4c_train_seed_2,50067,-175.67407069060124,250,false,1.1096548810413065,5.7527144718058656,35.908363342285156,true
safety,A4c,2,motor_fault,A4c_train_seed_2,50068,-49.909589288441538,250,false,0.082939127512080824,6.413218415069843,22.500045776367188,true
safety,A4c,2,motor_fault,A4c_train_seed_2,50069,-124.58924729579748,250,false,0.15198004895007941,15.912172914328607,40,true
safety,A4c,2,motor_fault,A4c_train_seed_2,50070,-253.09183617572583,250,false,0.9261258348921616,5.2666109217340242,30.190967559814453,true
safety,A4c,2,motor_fault,A4c_train_seed_2,50071,-52.649147966231311,250,false,0.062269490381901889,6.9284383321743075,40,true
safety,A4c,2,motor_fault,A4c_train_seed_2,50072,-140.52482386569775,250,false,0.071566775032883806,13.752146651899896,40,true
safety,A4c,2,motor_fault,A4c_train_seed_2,50073,-250.29584464168971,250,false,0.50199348650504594,20.880154536528934,40,true
safety,A4c,2,motor_fault,A4c_train_seed_2,50074,-303.53028745994465,250,false,1.2166523246760501,5.8517323321812889,30.757966995239258,true
safety,A4c,2,motor_fault,A4c_train_seed_2,50075,-361.72246268835897,250,false,1.2093957910171289,8.2514784795679077,40,true
safety,A4c,2,motor_fault,A4c_train_seed_2,50076,-180.28664745123217,250,false,0.16102250579945351,11.751655734006334,40,true
safety,A4c,2,motor_fault,A4c_train_seed_2,50077,-37.337979321813222,49,true,0.047459016124764372,13.254078499665496,40,true
safety,A4c,2,motor_fault,A4c_train_seed_2,50078,-75.209281792001789,250,false,0.10496905203680953,4.1454698256631106,40,true
safety,A4c,2,motor_fault,A4c_train_seed_2,50079,-167.64759351694948,250,false,0.07792925073780986,13.199204814519792,40,true
safety,A4c,2,motor_fault,A4c_train_seed_2,50080,-200.84599652297922,250,false,0.31755466185682452,12.686393140299106,40,true
safety,A4c,2,motor_fault,A4c_train_seed_2,50081,-56.736474192276454,78,true,0.04990245360304179,10.286192545890945,40,true
safety,A4c,2,motor_fault,A4c_train_seed_2,50082,-28.133047206018624,42,true,0.047873364999512981,12.620070563547674,40,true
safety,A4c,2,motor_fault,A4c_train_seed_2,50083,-82.500299952710378,75,true,0.030333775698600036,12.088161807165449,40,true
safety,A4c,2,motor_fault,A4c_train_seed_2,50084,-24.990815925358483,67,true,0.048076504111284377,6.5090071040638948,40,true
safety,A4c,2,motor_fault,A4c_train_seed_2,50085,-158.85413050421917,250,false,0.1476569971656452,15.928064056141942,40,true
safety,A4c,2,motor_fault,A4c_train_seed_2,50086,-59.508525476516112,60,true,0.038852919207002116,17.490914958377733,40,true
safety,A4c,2,motor_fault,A4c_train_seed_2,50087,-94.486819216062514,250,false,0.25473157115255468,6.1007339353972823,40,true
safety,A4c,2,motor_fault,A4c_train_seed_2,50088,-130.85178716891704,250,false,0.12836183123101674,16.346872926004021,40,true
safety,A4c,2,motor_fault,A4c_train_seed_2,50089,-155.31008732155306,250,false,0.35246795959717953,7.141725321311819,40,true
safety,A4c,2,motor_fault,A4c_train_seed_2,50090,-245.98316397118055,250,false,0.48705698259823238,10.706872268671326,40,true
safety,A4c,2,motor_fault,A4c_train_seed_2,50091,-153.05562531726267,128,true,0.049256763155715623,10.671091624468609,40,true
safety,A4c,2,motor_fault,A4c_train_seed_2,50092,-309.23711896050872,250,false,1.028397162611915,4.2486011698836927,40,true
safety,A4c,2,motor_fault,A4c_train_seed_2,50093,-197.64648970808963,250,false,0.26616678391249016,11.550979590523667,40,true
safety,A4c,2,motor_fault,A4c_train_seed_2,50094,-14.474823418061105,33,true,0.047892675049299213,5.2445391750502646,40,true
safety,A4c,2,motor_fault,A4c_train_seed_2,50095,-205.23316823774712,250,false,0.80713419129193564,5.6373156914430886,40,true
safety,A4c,2,motor_fault,A4c_train_seed_2,50096,-311.78956045423473,250,false,1.0342673503738915,11.325819881921731,40,true
safety,A4c,2,motor_fault,A4c_train_seed_2,50097,-331.56266825265749,250,false,1.168699863002993,8.25801302271997,40,true
safety,A4c,2,motor_fault,A4c_train_seed_2,50098,-112.82364681211713,250,false,0.11531650557719671,14.088652041601835,40,true
safety,A4c,2,motor_fault,A4c_train_seed_2,50099,-379.03303573518969,250,false,1.1234379117321345,8.8284407527090067,40,true
safety,A3,2,motor_fault,A3_train_seed_2,50000,-267.36448298357368,250,false,1.0580042405799495,5.3818777990806064,36.453968048095703,true
safety,A3,2,motor_fault,A3_train_seed_2,50001,-160.18000199980753,250,false,0.20382667106191113,9.1371571152402939,40,true
safety,A3,2,motor_fault,A3_train_seed_2,50002,-31.971416696199377,42,true,0.02535430507064345,9.1016016612353461,40,true
safety,A3,2,motor_fault,A3_train_seed_2,50003,-284.76126391907371,250,false,0.77708392605198917,11.413001275274436,40,true
safety,A3,2,motor_fault,A3_train_seed_2,50004,-120.06123254355454,250,false,0.27753542681712079,8.5747534496338016,40,true
safety,A3,2,motor_fault,A3_train_seed_2,50005,-100.85517212643933,250,false,0.072802780734860351,15.456093475845504,40,true
safety,A3,2,motor_fault,A3_train_seed_2,50006,-32.361357571303515,61,true,0.027445422245492384,5.1848840368781595,40,true
safety,A3,2,motor_fault,A3_train_seed_2,50007,-297.77621932294579,250,false,0.79264663586529305,11.152384470860977,40,true
safety,A3,2,motor_fault,A3_train_seed_2,50008,-160.492953780476,250,false,0.33796593189846713,9.0861842903604249,40,true
safety,A3,2,motor_fault,A3_train_seed_2,50009,-140.33861369115422,250,false,0.31340804701083724,9.3571619879793584,40,true
safety,A3,2,motor_fault,A3_train_seed_2,50010,-82.618632529330867,250,false,0.058770667258334588,12.050393588820862,40,true
safety,A3,2,motor_fault,A3_train_seed_2,50011,-186.37334236331344,250,false,0.64575934850296368,5.3803444413474617,40,true
safety,A3,2,motor_fault,A3_train_seed_2,50012,-36.519521957465635,45,true,0.030003230450303217,13.728056557850936,40,true
safety,A3,2,motor_fault,A3_train_seed_2,50013,-321.40868704586649,250,false,1.1959257171024613,9.9831853708732154,40,true
safety,A3,2,motor_fault,A3_train_seed_2,50014,-263.98069440755216,250,false,0.58556112589101528,16.8713154229577,40,true
safety,A3,2,motor_fault,A3_train_seed_2,50015,-324.08553138514816,250,false,1.0216515132943542,9.846547315236462,40,true
safety,A3,2,motor_fault,A3_train_seed_2,50016,-262.72136552667905,250,false,0.92648012354689258,9.0634159084806711,40,true
safety,A3,2,motor_fault,A3_train_seed_2,50017,-114.43157484872087,250,false,0.18759782204577571,12.638976160677357,40,true
safety,A3,2,motor_fault,A3_train_seed_2,50018,-123.36092001652086,250,false,0.068961152191747074,12.305518488762829,40,true
safety,A3,2,motor_fault,A3_train_seed_2,50019,-207.70134533301962,250,false,0.46257870468360751,11.763264830813418,40,true
safety,A3,2,motor_fault,A3_train_seed_2,50020,-95.870547256963405,250,false,0.15477870856374099,6.141326433362571,40,true
safety,A3,2,motor_fault,A3_train_seed_2,50021,-70.93033781207194,250,false,0.131688896910442,4.8563032550534029,32.331756591796875,true
safety,A3,2,motor_fault,A3_train_seed_2,50022,-167.89513678149189,250,false,0.3045002319611595,10.811187701450883,40,true
safety,A3,2,motor_fault,A3_train_seed_2,50023,-84.615403582314244,77,true,0.036599549234096383,9.1131427830408942,40,true
safety,A3,2,motor_fault,A3_train_seed_2,50024,-102.89018113022216,250,false,0.29286428909889395,6.7429335505009416,30.17500114440918,true
safety,A3,2,motor_fault,A3_train_seed_2,50025,-154.98736085006476,250,false,0.26703190901201918,13.238145660714542,40,true
safety,A3,2,motor_fault,A3_train_seed_2,50026,-320.61332850254684,250,false,0.92655508150899302,8.1017135989019771,40,true
safety,A3,2,motor_fault,A3_train_seed_2,50027,-37.155859009783839,41,true,0.014038694442502761,8.595550235989224,40,true
safety,A3,2,motor_fault,A3_train_seed_2,50028,-123.96417460755748,128,true,0.039658786367404934,14.761869563357742,40,true
safety,A3,2,motor_fault,A3_train_seed_2,50029,-166.32914273927034,250,false,0.23465762920195962,13.249543498150626,40,true
safety,A3,2,motor_fault,A3_train_seed_2,50030,-82.955938253552915,79,true,0.048532394494574298,8.6266735179028515,40,true
safety,A3,2,motor_fault,A3_train_seed_2,50031,-118.29807063757977,250,false,0.11885404861857223,14.050137807397139,40,true
safety,A3,2,motor_fault,A3_train_seed_2,50032,-135.16024077909259,250,false,0.24957283219030832,11.140186224125427,40,true
safety,A3,2,motor_fault,A3_train_seed_2,50033,-2.1810646042074389,23,true,0.020266047875375368,5.9081794326476871,27.06092643737793,true
safety,A3,2,motor_fault,A3_train_seed_2,50034,-67.658882187363346,250,false,0.096581911667236051,8.1666495858873631,40,true
safety,A3,2,motor_fault,A3_train_seed_2,50035,-266.11221510575751,250,false,0.94679311382274067,7.0831483740131604,40,true
safety,A3,2,motor_fault,A3_train_seed_2,50036,-77.526507610629977,250,false,0.060213940536588247,6.1829158323274935,40,true
safety,A3,2,motor_fault,A3_train_seed_2,50037,-37.362043566665633,55,true,0.047663921718637058,10.665504799935606,40,true
safety,A3,2,motor_fault,A3_train_seed_2,50038,-219.80331531917454,250,false,0.32585554616638246,14.708914036574335,40,true
safety,A3,2,motor_fault,A3_train_seed_2,50039,-28.061825526763769,73,true,0.047440594098722914,4.9339199545936783,40,true
safety,A3,2,motor_fault,A3_train_seed_2,50040,-105.34383530713824,250,false,0.1943565192971248,11.214144060620956,38.348777770996094,true
safety,A3,2,motor_fault,A3_train_seed_2,50041,-44.325873535432493,51,true,0.047184929094429784,11.618965802738151,40,true
safety,A3,2,motor_fault,A3_train_seed_2,50042,-43.280184322319627,62,true,0.048513500476131614,6.5835027684079819,40,true
safety,A3,2,motor_fault,A3_train_seed_2,50043,-74.136730421194017,250,false,0.1954803023664729,5.4713415168464845,39.936862945556641,true
safety,A3,2,motor_fault,A3_train_seed_2,50044,-45.193216489197155,59,true,0.048094991074583759,9.4518831558234577,40,true
safety,A3,2,motor_fault,A3_train_seed_2,50045,-193.28285730077624,250,false,0.38371459183343232,11.265357667000423,40,true
safety,A3,2,motor_fault,A3_train_seed_2,50046,-54.846359191246023,72,true,0.048849048818203608,13.983301108449746,40,true
safety,A3,2,motor_fault,A3_train_seed_2,50047,-111.97646881834827,250,false,0.1661186691926439,3.7271766942040196,40,true
safety,A3,2,motor_fault,A3_train_seed_2,50048,-106.97525441120727,250,false,0.19192875551268743,8.6748613815993529,40,true
safety,A3,2,motor_fault,A3_train_seed_2,50049,-88.893952330670771,98,true,0.04832168075046174,13.202524020151852,40,true
safety,A3,2,motor_fault,A3_train_seed_2,50050,-136.60081242657333,75,true,0.01085336481651987,13.30041679339643,40,true
safety,A3,2,motor_fault,A3_train_seed_2,50051,-169.29394694345447,250,false,0.091183713933099195,13.458759073066123,40,true
safety,A3,2,motor_fault,A3_train_seed_2,50052,-172.45910384321058,250,false,0.095164889482858409,14.287888478848155,40,true
safety,A3,2,motor_fault,A3_train_seed_2,50053,-34.660906785214294,44,true,0.039413865846651033,8.1533931091135727,40,true
safety,A3,2,motor_fault,A3_train_seed_2,50054,-114.28106514202113,71,true,0.0088542007925434835,14.800818902481323,40,true
safety,A3,2,motor_fault,A3_train_seed_2,50055,-256.5517614164815,250,false,0.73902657404359617,9.7097943263931334,40,true
safety,A3,2,motor_fault,A3_train_seed_2,50056,-49.56594778371236,250,false,0.082250862155854865,3.5819014488362555,22.237213134765625,true
safety,A3,2,motor_fault,A3_train_seed_2,50057,-42.538822385507075,72,true,0.04784143302306465,9.2848200629649291,40,true
safety,A3,2,motor_fault,A3_train_seed_2,50058,-165.71183538936293,250,false,0.12817525579030425,14.65555758929853,40,true
safety,A3,2,motor_fault,A3_train_seed_2,50059,-174.76722120629358,250,false,0.57204851385522204,7.148813345098989,40,true
safety,A3,2,motor_fault,A3_train_seed_2,50060,-157.02556697209286,250,false,0.13241197105725883,14.283070674369815,40,true
safety,A3,2,motor_fault,A3_train_seed_2,50061,-195.48043605919062,250,false,0.58385378040438896,5.7685281005588234,38.987926483154297,true
safety,A3,2,motor_fault,A3_train_seed_2,50062,-169.90583133706426,250,false,0.18761579484913196,15.728383481344071,40,true
safety,A3,2,motor_fault,A3_train_seed_2,50063,-139.10048230098246,250,false,0.39269314714524695,3.2674772105517866,32.923332214355469,true
safety,A3,2,motor_fault,A3_train_seed_2,50064,-21.990128940636581,38,true,0.048750373607086277,8.0823507419588037,40,true
safety,A3,2,motor_fault,A3_train_seed_2,50065,-17.940808076785537,33,true,0.033631993225210551,9.1362434206414793,35.612655639648438,true
safety,A3,2,motor_fault,A3_train_seed_2,50066,-150.51934322561561,250,false,0.28654894269536385,9.714186417978059,40,true
safety,A3,2,motor_fault,A3_train_seed_2,50067,-67.350737392668492,250,false,0.11762989517607542,7.1923015205048939,39.347660064697266,true
safety,A3,2,motor_fault,A3_train_seed_2,50068,-44.767769139157416,250,false,0.066256751723437646,6.9848540467429769,25.388349533081055,true
safety,A3,2,motor_fault,A3_train_seed_2,50069,-60.295502771015741,59,true,0.047068978641899073,14.4400784669768,40,true
safety,A3,2,motor_fault,A3_train_seed_2,50070,-211.5098392812998,250,false,0.78865233632635567,5.1875965076751269,32.078258514404297,true
safety,A3,2,motor_fault,A3_train_seed_2,50071,-20.417508868743781,39,true,0.049697785278972631,4.6637115542957046,40,true
safety,A3,2,motor_fault,A3_train_seed_2,50072,-99.175784944714181,94,true,0.035175239816864795,10.594210961058128,40,true
safety,A3,2,motor_fault,A3_train_seed_2,50073,-207.95037484762742,250,false,0.27617917985231716,18.265768589332566,40,true
safety,A3,2,motor_fault,A3_train_seed_2,50074,-129.86418679405912,250,false,0.56806024619224582,6.9881689078509197,35.684993743896484,true
safety,A3,2,motor_fault,A3_train_seed_2,50075,-331.37182696799573,250,false,1.0540180224725477,7.0653929393338482,40,true
safety,A3,2,motor_fault,A3_train_seed_2,50076,-169.35993081749561,250,false,0.10284491451882877,11.495579292019148,40,true
safety,A3,2,motor_fault,A3_train_seed_2,50077,-40.346392428303915,44,true,0.037506773466704245,16.603659787024711,40,true
safety,A3,2,motor_fault,A3_train_seed_2,50078,-69.261862792567925,250,false,0.10214711291930877,5.226984391476786,40,true
safety,A3,2,motor_fault,A3_train_seed_2,50079,-135.04374204345618,250,false,0.064289468910412165,13.567974856034395,40,true
safety,A3,2,motor_fault,A3_train_seed_2,50080,-174.87592435255095,250,false,0.13451022365054971,14.38605910298253,40,true
safety,A3,2,motor_fault,A3_train_seed_2,50081,-83.871459760763329,250,false,0.11047098904120822,10.638536682741718,40,true
safety,A3,2,motor_fault,A3_train_seed_2,50082,-28.373122120858056,48,true,0.041866175706553224,12.742114800442488,40,true
safety,A3,2,motor_fault,A3_train_seed_2,50083,-132.39026696706597,250,false,0.20288290072624221,11.593078596351916,40,true
safety,A3,2,motor_fault,A3_train_seed_2,50084,-21.94751917328681,37,true,0.041202985976149124,6.2655922645980091,40,true
safety,A3,2,motor_fault,A3_train_seed_2,50085,-114.98713433988407,136,true,0.046978066564546242,13.403476470490018,40,true
safety,A3,2,motor_fault,A3_train_seed_2,50086,-92.146032896333168,250,false,0.068930301306269148,18.059624047143096,40,true
safety,A3,2,motor_fault,A3_train_seed_2,50087,-23.336416766373247,54,true,0.018305012442101122,7.6266726308616546,39.117923736572266,true
safety,A3,2,motor_fault,A3_train_seed_2,50088,-88.475835739959095,60,true,0.039590484724924616,16.181073735342455,40,true
safety,A3,2,motor_fault,A3_train_seed_2,50089,-129.35525075824359,250,false,0.23719986129312678,7.6567920255268742,40,true
safety,A3,2,motor_fault,A3_train_seed_2,50090,-227.8472257670384,250,false,0.4856063321480748,10.620977757458762,40,true
safety,A3,2,motor_fault,A3_train_seed_2,50091,-143.0202129718329,109,true,0.024548943464205449,9.8238229906401351,40,true
safety,A3,2,motor_fault,A3_train_seed_2,50092,-285.59676622949183,250,false,0.97994987019684965,5.913801203376349,40,true
safety,A3,2,motor_fault,A3_train_seed_2,50093,-162.18452616589121,250,false,0.13276655426180162,11.313583332802414,40,true
safety,A3,2,motor_fault,A3_train_seed_2,50094,-79.571528031352983,250,false,0.15072650931567436,5.934773205754925,40,true
safety,A3,2,motor_fault,A3_train_seed_2,50095,-35.965431762043067,80,true,0.047939206303529054,6.3866728958777239,40,true
safety,A3,2,motor_fault,A3_train_seed_2,50096,-330.59653772316631,250,false,1.3662570113110462,10.730635640053908,40,true
safety,A3,2,motor_fault,A3_train_seed_2,50097,-285.9799513068516,250,false,1.0037815628591118,5.2826072433966678,40,true
safety,A3,2,motor_fault,A3_train_seed_2,50098,-71.257643234388183,103,true,0.049818628181845431,14.09099628365208,40,true
safety,A3,2,motor_fault,A3_train_seed_2,50099,-319.13369273035187,250,false,0.81125183878896967,16.323996540575941,40,true
safety,A6c,2,motor_fault,A6c_train_seed_2,50000,-324.31069067540255,250,false,1.0945825542052139,6.852865545918398,40,true
safety,A6c,2,motor_fault,A6c_train_seed_2,50001,-193.7407631300492,250,false,0.36390446325554948,5.3866655627956952,40,true
safety,A6c,2,motor_fault,A6c_train_seed_2,50002,-454.50406800456011,250,false,0.3000906367967805,7.9971000687331006,40,true
safety,A6c,2,motor_fault,A6c_train_seed_2,50003,-355.24746172224934,250,false,0.81290585452340136,4.1053884173183839,40,true
safety,A6c,2,motor_fault,A6c_train_seed_2,50004,-376.78846610636873,250,false,1.2961335633400846,5.6074009265785376,40,true
safety,A6c,2,motor_fault,A6c_train_seed_2,50005,-170.8107245558414,250,false,0.18790339770040829,6.2157144888209857,40,true
safety,A6c,2,motor_fault,A6c_train_seed_2,50006,-105.42196691483235,250,false,0.11865986357989991,2.9241768497575635,40,true
safety,A6c,2,motor_fault,A6c_train_seed_2,50007,-278.11494176332451,250,false,0.82102004501356662,4.463138390403171,40,true
safety,A6c,2,motor_fault,A6c_train_seed_2,50008,-282.22798914182283,250,false,0.69553729032878575,6.350937295250759,40,true
safety,A6c,2,motor_fault,A6c_train_seed_2,50009,-373.72507705443542,250,false,0.82009646542459558,7.2107113598816461,40,true
safety,A6c,2,motor_fault,A6c_train_seed_2,50010,-170.40903111083355,250,false,0.40149950183575478,3.6679859034484941,40,true
safety,A6c,2,motor_fault,A6c_train_seed_2,50011,-196.93748319699415,250,false,0.67765568782943342,5.6335531075556888,40,true
safety,A6c,2,motor_fault,A6c_train_seed_2,50012,-44.729400485666055,72,true,0.049261604986707036,2.8627630433093683,40,true
safety,A6c,2,motor_fault,A6c_train_seed_2,50013,-385.18406635710255,250,false,1.1052424847142763,5.0831205121349843,40,true
safety,A6c,2,motor_fault,A6c_train_seed_2,50014,-288.54414713233115,250,false,1.0044016894136896,6.2992936298078614,40,true
safety,A6c,2,motor_fault,A6c_train_seed_2,50015,-325.37019176850731,250,false,1.204451355820455,3.4260343672269635,40,true
safety,A6c,2,motor_fault,A6c_train_seed_2,50016,-528.10437354190435,250,false,1.7458162365821543,6.2963859036974235,40,true
safety,A6c,2,motor_fault,A6c_train_seed_2,50017,-226.0616012176159,250,false,0.53659312352293242,4.9584285200307097,40,true
safety,A6c,2,motor_fault,A6c_train_seed_2,50018,-185.80463626217932,56,false,1.9983312297429712,7.661313365111873,40,true
safety,A6c,2,motor_fault,A6c_train_seed_2,50019,-341.59305742600304,250,false,0.89879091960486535,6.0198108138360755,40,true
safety,A6c,2,motor_fault,A6c_train_seed_2,50020,-302.08602216385168,250,false,1.0243941960665166,2.7733542366640074,40,true
safety,A6c,2,motor_fault,A6c_train_seed_2,50021,-264.13431749184576,250,false,1.0438412846335536,4.3087250835610513,30.662542343139648,true
safety,A6c,2,motor_fault,A6c_train_seed_2,50022,-264.16557147680879,250,false,0.83109378810364565,3.9141712757272011,40,true
safety,A6c,2,motor_fault,A6c_train_seed_2,50023,-148.78799992379538,250,false,0.1737009556989037,5.4015447017842346,40,true
safety,A6c,2,motor_fault,A6c_train_seed_2,50024,-160.01270521067954,250,false,0.5969973811948186,4.6455482717436025,30.191268920898438,true
safety,A6c,2,motor_fault,A6c_train_seed_2,50025,-191.04363882408805,250,false,0.46180289625052978,4.9757678794899887,40,true
safety,A6c,2,motor_fault,A6c_train_seed_2,50026,-415.37460443230282,250,false,1.4522426595209625,7.817164883658049,40,true
safety,A6c,2,motor_fault,A6c_train_seed_2,50027,-86.185981327147829,250,false,0.16138886920069578,6.2843442316623248,40,true
safety,A6c,2,motor_fault,A6c_train_seed_2,50028,-190.97570370705387,250,false,0.510889371523508,6.0355502685789784,40,true
safety,A6c,2,motor_fault,A6c_train_seed_2,50029,-258.7551689394366,250,false,0.39651952899711213,4.0096376555047915,40,true
safety,A6c,2,motor_fault,A6c_train_seed_2,50030,-170.37648985855176,250,false,0.33427543479643268,5.342640194479225,40,true
safety,A6c,2,motor_fault,A6c_train_seed_2,50031,-91.624009493607517,76,true,0.033250528549189362,5.974025663720572,40,true
safety,A6c,2,motor_fault,A6c_train_seed_2,50032,-254.90312770534157,250,false,0.78813580137274819,3.0505811983308568,40,true
safety,A6c,2,motor_fault,A6c_train_seed_2,50033,-4.4514942012550769,27,true,0.041672882474113125,4.0819959119777112,26.064872741699219,true
safety,A6c,2,motor_fault,A6c_train_seed_2,50034,-447.48920965613297,250,false,1.0240803474982934,5.5804272821510335,40,true
safety,A6c,2,motor_fault,A6c_train_seed_2,50035,-399.03485680582668,250,false,1.4175969961451054,6.8970579882575098,40,true
safety,A6c,2,motor_fault,A6c_train_seed_2,50036,-452.47120026651663,250,false,0.4116827157918666,6.1839511570002808,40,true
safety,A6c,2,motor_fault,A6c_train_seed_2,50037,-400.64721439482469,250,false,1.3591697928967321,2.4297573454312689,40,true
safety,A6c,2,motor_fault,A6c_train_seed_2,50038,-229.87084770558479,250,false,0.59402379912630665,6.0167756768486651,40,true
safety,A6c,2,motor_fault,A6c_train_seed_2,50039,-336.72249074750806,250,false,0.073098054505024865,5.2813368068550073,40,true
safety,A6c,2,motor_fault,A6c_train_seed_2,50040,-122.4702109246613,250,false,0.23469678524875073,3.8026514509132823,40,true
safety,A6c,2,motor_fault,A6c_train_seed_2,50041,-111.30921226197727,250,false,0.19159406219026864,4.6629651564759733,40,true
safety,A6c,2,motor_fault,A6c_train_seed_2,50042,-52.13080430013224,72,true,0.039558365512516194,4.9023090877378621,40,true
safety,A6c,2,motor_fault,A6c_train_seed_2,50043,-13.488221529358595,36,true,0.049520941137608646,2.9394671293311498,36.075721740722656,true
safety,A6c,2,motor_fault,A6c_train_seed_2,50044,-361.13013616151903,250,false,1.1880963593460641,4.6710928853748355,40,true
safety,A6c,2,motor_fault,A6c_train_seed_2,50045,-313.89951829609862,250,false,0.88383256959670697,5.9017587357090076,40,true
safety,A6c,2,motor_fault,A6c_train_seed_2,50046,-120.28753054555577,250,false,0.2057223947711907,5.0162860962912994,40,true
safety,A6c,2,motor_fault,A6c_train_seed_2,50047,-212.24427177302533,250,false,1.2408677726980095,3.5338088204475673,40,true
safety,A6c,2,motor_fault,A6c_train_seed_2,50048,-144.90026553745443,250,false,0.35517112374688736,4.4564449317749002,40,true
safety,A6c,2,motor_fault,A6c_train_seed_2,50049,-223.2297479879424,250,false,0.49321899795626639,4.379023833579347,40,true
safety,A6c,2,motor_fault,A6c_train_seed_2,50050,-196.1621859363467,250,false,0.34648275093071984,5.8045340127427831,40,true
safety,A6c,2,motor_fault,A6c_train_seed_2,50051,-186.0198407263826,250,false,0.3974655392627498,5.7453058390655718,40,true
safety,A6c,2,motor_fault,A6c_train_seed_2,50052,-243.28822611788146,250,false,0.20534504048448751,5.1541689363455925,40,true
safety,A6c,2,motor_fault,A6c_train_seed_2,50053,-265.84517253453976,250,false,1.1171021527797056,2.8964078270918154,40,true
safety,A6c,2,motor_fault,A6c_train_seed_2,50054,-173.87068779143328,250,false,0.24997112544142325,5.5231554046493798,40,true
safety,A6c,2,motor_fault,A6c_train_seed_2,50055,-526.06887689602979,250,false,1.0946094216142177,6.4872797514926264,40,true
safety,A6c,2,motor_fault,A6c_train_seed_2,50056,-60.83645685541007,250,false,0.12927839799903498,3.3207781716837164,22.80082893371582,true
safety,A6c,2,motor_fault,A6c_train_seed_2,50057,-202.10841006905585,250,false,1.0712872105169244,4.2620248725740684,40,true
safety,A6c,2,motor_fault,A6c_train_seed_2,50058,-184.41404021284316,250,false,0.31418451618399901,4.850763570188529,40,true
safety,A6c,2,motor_fault,A6c_train_seed_2,50059,-413.07541630571205,250,false,1.549886181638342,4.3405486703618719,40,true
safety,A6c,2,motor_fault,A6c_train_seed_2,50060,-220.83309834152536,250,false,0.28034036012141889,5.7031317790433054,40,true
safety,A6c,2,motor_fault,A6c_train_seed_2,50061,-211.41767215007644,250,false,0.73311715167765334,4.7299195446102313,38.448371887207031,true
safety,A6c,2,motor_fault,A6c_train_seed_2,50062,-170.02997093357271,250,false,0.23938260087972391,6.0254265584255196,40,true
safety,A6c,2,motor_fault,A6c_train_seed_2,50063,-283.67989471898971,250,false,1.0295841977282034,4.9890600763957718,33.64715576171875,true
safety,A6c,2,motor_fault,A6c_train_seed_2,50064,-95.830330927507177,250,false,0.094968247110640946,4.1576663130759863,40,true
safety,A6c,2,motor_fault,A6c_train_seed_2,50065,-148.38604997846434,250,false,0.52134850627783169,4.8170834983240924,36.972080230712891,true
safety,A6c,2,motor_fault,A6c_train_seed_2,50066,-339.23264592276945,250,false,0.82054505625654106,6.7063556502371098,40,true
safety,A6c,2,motor_fault,A6c_train_seed_2,50067,-95.479951669674335,250,false,0.17516189981246041,4.2144796976344807,40,true
safety,A6c,2,motor_fault,A6c_train_seed_2,50068,-20.226407184378182,40,true,0.047626835419561718,4.5909113046517183,25.778305053710938,true
safety,A6c,2,motor_fault,A6c_train_seed_2,50069,-99.949242429741702,250,false,0.082107736632761608,5.0489355299433036,40,true
safety,A6c,2,motor_fault,A6c_train_seed_2,50070,-255.2184992492495,250,false,0.92006685500673346,5.9234485640390586,29.978412628173828,true
safety,A6c,2,motor_fault,A6c_train_seed_2,50071,-26.547729106176931,65,true,0.048706986362706324,3.4718960560465177,40,true
safety,A6c,2,motor_fault,A6c_train_seed_2,50072,-174.65893956963006,250,false,0.18895349746409998,5.6662993584078087,40,true
safety,A6c,2,motor_fault,A6c_train_seed_2,50073,-225.54303181742171,250,false,0.49880381134658425,5.9426783945616375,40,true
safety,A6c,2,motor_fault,A6c_train_seed_2,50074,-349.08054993473212,250,false,1.3079825662695346,4.9041197887641212,34.055362701416016,true
safety,A6c,2,motor_fault,A6c_train_seed_2,50075,-370.49341478034586,250,false,1.2174863759695165,8.3723981222293062,40,true
safety,A6c,2,motor_fault,A6c_train_seed_2,50076,-126.23264261385194,39,false,1.9914087572724866,11.206855470167826,40,true
safety,A6c,2,motor_fault,A6c_train_seed_2,50077,-80.386950423660522,250,false,0.15313132228480927,9.3333386297521823,40,true
safety,A6c,2,motor_fault,A6c_train_seed_2,50078,-108.36887285776145,250,false,0.19314398831494026,2.785725871171346,40,true
safety,A6c,2,motor_fault,A6c_train_seed_2,50079,-341.04424195409348,250,false,0.5075462778658264,5.9377194608692152,40,true
safety,A6c,2,motor_fault,A6c_train_seed_2,50080,-183.73297752874831,250,false,0.23811998486668981,6.7139882566093698,40,true
safety,A6c,2,motor_fault,A6c_train_seed_2,50081,-102.52199737411324,250,false,0.13954567831375936,4.4393980498528922,40,true
safety,A6c,2,motor_fault,A6c_train_seed_2,50082,-28.680157207519372,36,true,0.042518842427972978,6.3456667528414128,40,true
safety,A6c,2,motor_fault,A6c_train_seed_2,50083,-91.35701366961888,71,true,0.038144276832446138,7.6072250945536348,40,true
safety,A6c,2,motor_fault,A6c_train_seed_2,50084,-29.129589461161416,55,true,0.047625407254741139,3.2275842160830757,40,true
safety,A6c,2,motor_fault,A6c_train_seed_2,50085,-187.03333411488808,250,false,0.27381143028344856,6.6050043931469054,40,true
safety,A6c,2,motor_fault,A6c_train_seed_2,50086,-73.528417119500929,62,true,0.048575640602371684,6.6679389510127329,40,true
safety,A6c,2,motor_fault,A6c_train_seed_2,50087,-88.821542623782562,250,false,0.084773946811496498,2.8925241944394418,38.467266082763672,true
safety,A6c,2,motor_fault,A6c_train_seed_2,50088,-219.69123951966566,250,false,0.2077225921699587,5.7957323839576409,40,true
safety,A6c,2,motor_fault,A6c_train_seed_2,50089,-156.98315935887581,250,false,0.3674828048628937,4.5190373442400311,40,true
safety,A6c,2,motor_fault,A6c_train_seed_2,50090,-224.32156677483408,250,false,0.58835058280533947,3.9328657697600353,40,true
safety,A6c,2,motor_fault,A6c_train_seed_2,50091,-207.33173910874737,250,false,0.2809549276370672,6.69102610029414,40,true
safety,A6c,2,motor_fault,A6c_train_seed_2,50092,-308.32263843429791,250,false,0.94581101040421534,9.3058451192318046,40,true
safety,A6c,2,motor_fault,A6c_train_seed_2,50093,-123.58372477511521,42,false,1.6861720245351342,10.694655257383253,40,true
safety,A6c,2,motor_fault,A6c_train_seed_2,50094,-19.578710551863317,40,true,0.049654746581106905,3.568630206617923,40,true
safety,A6c,2,motor_fault,A6c_train_seed_2,50095,-236.01332239986419,250,false,0.89177801842091453,3.651551288198589,40,true
safety,A6c,2,motor_fault,A6c_train_seed_2,50096,-373.99726182683798,250,false,1.2351479192093724,3.4194772604411168,40,true
safety,A6c,2,motor_fault,A6c_train_seed_2,50097,-327.78287885920622,250,false,1.1878177201927929,8.538103018143838,40,true
safety,A6c,2,motor_fault,A6c_train_seed_2,50098,-102.65270555266402,83,true,0.044118607139926921,5.6912586187695178,40,true
safety,A6c,2,motor_fault,A6c_train_seed_2,50099,-97.877379282973493,45,false,1.8458306946012013,11.435697748328352,40,true
safety,A6c_gate_off_control,2,motor_fault,A6c_gate_off_control_train_seed_2,50000,-399.59015149779356,250,false,1.2452623903688629,7.9259883703150464,40,true
safety,A6c_gate_off_control,2,motor_fault,A6c_gate_off_control_train_seed_2,50001,-192.07680593644949,250,false,0.41263142356594179,5.6016823891463714,40,true
safety,A6c_gate_off_control,2,motor_fault,A6c_gate_off_control_train_seed_2,50002,-476.72495301655118,250,false,1.1774225151172306,7.1666510968774073,40,true
safety,A6c_gate_off_control,2,motor_fault,A6c_gate_off_control_train_seed_2,50003,-346.47041546301887,250,false,0.77704311717446395,4.1994001013497693,40,true
safety,A6c_gate_off_control,2,motor_fault,A6c_gate_off_control_train_seed_2,50004,-383.12019757884008,250,false,1.317671777352696,6.0477069886073345,40,true
safety,A6c_gate_off_control,2,motor_fault,A6c_gate_off_control_train_seed_2,50005,-178.49858514222868,250,false,0.19233762336880758,6.1532681786705439,40,true
safety,A6c_gate_off_control,2,motor_fault,A6c_gate_off_control_train_seed_2,50006,-54.226927189311887,68,true,0.04658452594540035,2.9241768497575635,40,true
safety,A6c_gate_off_control,2,motor_fault,A6c_gate_off_control_train_seed_2,50007,-260.72305231995102,250,false,0.733422078441335,4.5255892174997179,40,true
safety,A6c_gate_off_control,2,motor_fault,A6c_gate_off_control_train_seed_2,50008,-280.58782432634445,250,false,0.67106768914683201,6.185324774808092,40,true
safety,A6c_gate_off_control,2,motor_fault,A6c_gate_off_control_train_seed_2,50009,-362.52912615097546,250,false,0.90965843896276899,8.0623062271658092,40,true
safety,A6c_gate_off_control,2,motor_fault,A6c_gate_off_control_train_seed_2,50010,-78.109951054135706,74,true,0.036113889632455855,3.6679859034484941,40,true
safety,A6c_gate_off_control,2,motor_fault,A6c_gate_off_control_train_seed_2,50011,-188.38042292323209,250,false,0.63439696405702251,5.1438361072333505,40,true
safety,A6c_gate_off_control,2,motor_fault,A6c_gate_off_control_train_seed_2,50012,-41.910208171240704,50,true,0.015997519797050181,2.8636768851247538,40,true
safety,A6c_gate_off_control,2,motor_fault,A6c_gate_off_control_train_seed_2,50013,-392.60209675577534,250,false,1.1916268708444802,5.08744418244817,40,true
safety,A6c_gate_off_control,2,motor_fault,A6c_gate_off_control_train_seed_2,50014,-286.20950987485082,250,false,0.98237631527367808,6.2585771554522172,40,true
safety,A6c_gate_off_control,2,motor_fault,A6c_gate_off_control_train_seed_2,50015,-290.17476121075902,250,false,1.0339107745825096,3.4260343672269635,40,true
safety,A6c_gate_off_control,2,motor_fault,A6c_gate_off_control_train_seed_2,50016,-478.96520197730757,250,false,1.3470803089443109,6.2963859036974235,40,true
safety,A6c_gate_off_control,2,motor_fault,A6c_gate_off_control_train_seed_2,50017,-229.98556766316113,250,false,0.55462170343230721,4.9968722991382446,40,true
safety,A6c_gate_off_control,2,motor_fault,A6c_gate_off_control_train_seed_2,50018,-185.60850925589239,56,false,1.9962531162011043,7.4508888409187017,40,true
safety,A6c_gate_off_control,2,motor_fault,A6c_gate_off_control_train_seed_2,50019,-354.78705445496172,250,false,0.99063208274212955,6.0198108138360755,40,true
safety,A6c_gate_off_control,2,motor_fault,A6c_gate_off_control_train_seed_2,50020,-299.64927632999206,250,false,1.0189812039045036,3.1943339429683122,40,true
safety,A6c_gate_off_control,2,motor_fault,A6c_gate_off_control_train_seed_2,50021,-90.031878790197865,250,false,0.13171168251338516,3.4152241492139517,31.887973785400391,true
safety,A6c_gate_off_control,2,motor_fault,A6c_gate_off_control_train_seed_2,50022,-170.88070544115197,250,false,0.30011517604798138,3.9141712757272011,40,true
safety,A6c_gate_off_control,2,motor_fault,A6c_gate_off_control_train_seed_2,50023,-141.37503862117964,250,false,0.12847035597742418,4.990894512388512,40,true
safety,A6c_gate_off_control,2,motor_fault,A6c_gate_off_control_train_seed_2,50024,-134.55277913994243,250,false,0.66736369146709396,4.6628493173415162,31.218568801879883,true
safety,A6c_gate_off_control,2,motor_fault,A6c_gate_off_control_train_seed_2,50025,-183.08526679565736,250,false,0.40992773873485383,5.1458708834647933,40,true
safety,A6c_gate_off_control,2,motor_fault,A6c_gate_off_control_train_seed_2,50026,-414.72448435830336,250,false,1.4971704578381879,7.4663751133061167,40,true
safety,A6c_gate_off_control,2,motor_fault,A6c_gate_off_control_train_seed_2,50027,-37.269484602802308,45,true,0.028515355523728452,5.9645111897188547,40,true
safety,A6c_gate_off_control,2,motor_fault,A6c_gate_off_control_train_seed_2,50028,-69.660437318098005,60,true,0.034622973728927468,6.0358859246483947,40,true
safety,A6c_gate_off_control,2,motor_fault,A6c_gate_off_control_train_seed_2,50029,-245.69275322241919,250,false,0.23435258132533116,3.827015525403529,40,true
safety,A6c_gate_off_control,2,motor_fault,A6c_gate_off_control_train_seed_2,50030,-166.97366386125196,250,false,0.3610039074051874,5.2813329276735299,40,true
safety,A6c_gate_off_control,2,motor_fault,A6c_gate_off_control_train_seed_2,50031,-90.508317027131852,75,true,0.021192340016698195,5.4152014746560777,40,true
safety,A6c_gate_off_control,2,motor_fault,A6c_gate_off_control_train_seed_2,50032,-162.90449917231211,250,false,0.24750558689267235,3.0771748347505992,40,true
safety,A6c_gate_off_control,2,motor_fault,A6c_gate_off_control_train_seed_2,50033,-4.4354923416406855,27,true,0.01867384545238027,4.083165061083613,26.508092880249023,true
safety,A6c_gate_off_control,2,motor_fault,A6c_gate_off_control_train_seed_2,50034,-363.92548827045891,228,true,0.049555711966623825,7.3943238949975036,40,true
safety,A6c_gate_off_control,2,motor_fault,A6c_gate_off_control_train_seed_2,50035,-395.3838081049887,250,false,1.4262064999820372,6.5245014613216021,40,true
safety,A6c_gate_off_control,2,motor_fault,A6c_gate_off_control_train_seed_2,50036,-448.20831404025836,250,false,0.14343137278940646,5.4342913817935754,40,true
safety,A6c_gate_off_control,2,motor_fault,A6c_gate_off_control_train_seed_2,50037,-401.58483746396814,250,false,1.3621951551916416,2.3623509291294225,40,true
safety,A6c_gate_off_control,2,motor_fault,A6c_gate_off_control_train_seed_2,50038,-226.27700823122234,250,false,0.57312229324418151,5.9469202142308397,40,true
safety,A6c_gate_off_control,2,motor_fault,A6c_gate_off_control_train_seed_2,50039,-325.80096602313324,194,true,0.048501919495488252,5.6774122162077809,40,true
safety,A6c_gate_off_control,2,motor_fault,A6c_gate_off_control_train_seed_2,50040,-115.193632487114,250,false,0.19493850887496678,3.7758387318157283,40,true
safety,A6c_gate_off_control,2,motor_fault,A6c_gate_off_control_train_seed_2,50041,-52.646801376413279,52,true,0.04358235008460009,4.6630194314328479,40,true
safety,A6c_gate_off_control,2,motor_fault,A6c_gate_off_control_train_seed_2,50042,-49.04269990207866,70,true,0.033784682725826638,4.9083218524696379,40,true
safety,A6c_gate_off_control,2,motor_fault,A6c_gate_off_control_train_seed_2,50043,-13.083655097237543,34,true,0.031697164048767268,3.0456123669607429,35.795745849609375,true
safety,A6c_gate_off_control,2,motor_fault,A6c_gate_off_control_train_seed_2,50044,-376.18433768013892,250,false,1.2700977745077795,5.4063363457159221,40,true
safety,A6c_gate_off_control,2,motor_fault,A6c_gate_off_control_train_seed_2,50045,-326.91624924633214,250,false,0.97273844273879817,5.9017587357090076,40,true
safety,A6c_gate_off_control,2,motor_fault,A6c_gate_off_control_train_seed_2,50046,-63.851727297889063,71,true,0.049202764413579778,5.0162860962912994,40,true
safety,A6c_gate_off_control,2,motor_fault,A6c_gate_off_control_train_seed_2,50047,-112.40949023001771,250,false,0.16529977558721226,3.5782058474187965,40,true
safety,A6c_gate_off_control,2,motor_fault,A6c_gate_off_control_train_seed_2,50048,-117.62797293238147,250,false,0.19235739182877493,4.0723617970676944,40,true
safety,A6c_gate_off_control,2,motor_fault,A6c_gate_off_control_train_seed_2,50049,-127.44915654290422,110,true,0.040370691598180235,4.4526919247401429,40,true
safety,A6c_gate_off_control,2,motor_fault,A6c_gate_off_control_train_seed_2,50050,-195.39194009434871,250,false,0.34291642585974791,5.7518663414395101,40,true
safety,A6c_gate_off_control,2,motor_fault,A6c_gate_off_control_train_seed_2,50051,-183.58947209857209,250,false,0.3956899934259086,5.5428545252095986,40,true
safety,A6c_gate_off_control,2,motor_fault,A6c_gate_off_control_train_seed_2,50052,-241.85807259904826,250,false,0.21246187542080841,5.0266952693219995,40,true
safety,A6c_gate_off_control,2,motor_fault,A6c_gate_off_control_train_seed_2,50053,-61.290892117315231,96,true,0.048196270372649203,2.8964078270918154,40,true
safety,A6c_gate_off_control,2,motor_fault,A6c_gate_off_control_train_seed_2,50054,-169.97732476910866,250,false,0.22943936536523493,5.2823883487483503,40,true
safety,A6c_gate_off_control,2,motor_fault,A6c_gate_off_control_train_seed_2,50055,-496.13059662917527,250,false,1.5866236667708784,6.7369997248361138,40,true
safety,A6c_gate_off_control,2,motor_fault,A6c_gate_off_control_train_seed_2,50056,-50.209013083594535,250,false,0.082250845333477499,3.4048211696692658,22.95635986328125,true
safety,A6c_gate_off_control,2,motor_fault,A6c_gate_off_control_train_seed_2,50057,-98.538763998395879,250,false,0.090531942884650968,3.3692883266987343,40,true
safety,A6c_gate_off_control,2,motor_fault,A6c_gate_off_control_train_seed_2,50058,-163.35648896024367,250,false,0.12810376657574077,4.850763570188529,40,true
safety,A6c_gate_off_control,2,motor_fault,A6c_gate_off_control_train_seed_2,50059,-408.50114097379452,250,false,1.5553934639182765,4.46866576383926,40,true
safety,A6c_gate_off_control,2,motor_fault,A6c_gate_off_control_train_seed_2,50060,-198.17741097449354,250,false,0.13241068681246582,6.6009950714836405,40,true
safety,A6c_gate_off_control,2,motor_fault,A6c_gate_off_control_train_seed_2,50061,-208.52613798152916,250,false,0.65658955972186361,4.7485331093536693,40,true
safety,A6c_gate_off_control,2,motor_fault,A6c_gate_off_control_train_seed_2,50062,-167.14215854368561,250,false,0.23080363132033355,5.4350760059945076,40,true
safety,A6c_gate_off_control,2,motor_fault,A6c_gate_off_control_train_seed_2,50063,-227.82124605338657,250,false,1.0375484077522579,5.9064239846833724,35.155937194824219,true
safety,A6c_gate_off_control,2,motor_fault,A6c_gate_off_control_train_seed_2,50064,-28.888203877561761,54,true,0.0071182633578316485,4.1682318182099776,40,true
safety,A6c_gate_off_control,2,motor_fault,A6c_gate_off_control_train_seed_2,50065,-69.250721073649842,250,false,0.072960092820261266,4.8868708318146732,34.768814086914062,true
safety,A6c_gate_off_control,2,motor_fault,A6c_gate_off_control_train_seed_2,50066,-355.63727238896212,250,false,0.91632990707707962,6.7063556502371098,40,true
safety,A6c_gate_off_control,2,motor_fault,A6c_gate_off_control_train_seed_2,50067,-81.708188792833994,250,false,0.11762711280078737,4.2113102190090306,40,true
safety,A6c_gate_off_control,2,motor_fault,A6c_gate_off_control_train_seed_2,50068,-49.055848247331539,250,false,0.06625675491469607,4.6001485298973321,27.109119415283203,true
safety,A6c_gate_off_control,2,motor_fault,A6c_gate_off_control_train_seed_2,50069,-62.661910436545682,62,true,0.046191222997316018,5.0512791589382182,40,true
safety,A6c_gate_off_control,2,motor_fault,A6c_gate_off_control_train_seed_2,50070,-280.71998101371025,250,false,0.91369834894465563,7.0916789920236569,40,true
safety,A6c_gate_off_control,2,motor_fault,A6c_gate_off_control_train_seed_2,50071,-23.390249032851472,41,true,0.048050663243091325,3.6156993937767554,40,true
safety,A6c_gate_off_control,2,motor_fault,A6c_gate_off_control_train_seed_2,50072,-171.51591366839332,250,false,0.19251976466001811,5.7052705227644012,40,true
safety,A6c_gate_off_control,2,motor_fault,A6c_gate_off_control_train_seed_2,50073,-224.59545005668534,250,false,0.50772124721710954,6.2025295099817415,40,true
safety,A6c_gate_off_control,2,motor_fault,A6c_gate_off_control_train_seed_2,50074,-368.73191218782546,250,false,1.302281922141564,5.4594150351460273,40,true
safety,A6c_gate_off_control,2,motor_fault,A6c_gate_off_control_train_seed_2,50075,-365.74110173262903,250,false,1.2111345764924479,8.1881160345900259,40,true
safety,A6c_gate_off_control,2,motor_fault,A6c_gate_off_control_train_seed_2,50076,-124.77513426365687,39,false,1.9599320607343451,10.810034999687753,40,true
safety,A6c_gate_off_control,2,motor_fault,A6c_gate_off_control_train_seed_2,50077,-38.590008638273687,55,true,0.033578643825593758,9.3077758402478334,40,true
safety,A6c_gate_off_control,2,motor_fault,A6c_gate_off_control_train_seed_2,50078,-92.396245433132606,250,false,0.1021464012218081,2.6873945675618498,40,true
safety,A6c_gate_off_control,2,motor_fault,A6c_gate_off_control_train_seed_2,50079,-342.42381142746888,250,false,0.49782742399189528,5.8379376071005984,40,true
safety,A6c_gate_off_control,2,motor_fault,A6c_gate_off_control_train_seed_2,50080,-180.8440937700415,250,false,0.21880511341094913,6.2014687170002691,40,true
safety,A6c_gate_off_control,2,motor_fault,A6c_gate_off_control_train_seed_2,50081,-97.340762387687334,250,false,0.11043002575661667,4.996138912596348,40,true
safety,A6c_gate_off_control,2,motor_fault,A6c_gate_off_control_train_seed_2,50082,-28.549317581437144,32,true,0.039509753812973392,6.3436381482468027,40,true
safety,A6c_gate_off_control,2,motor_fault,A6c_gate_off_control_train_seed_2,50083,-88.101184418986108,70,true,0.032595352909871436,7.5979566541993391,40,true
safety,A6c_gate_off_control,2,motor_fault,A6c_gate_off_control_train_seed_2,50084,-27.500848833682426,39,true,0.049729437013094097,3.352801481635109,40,true
safety,A6c_gate_off_control,2,motor_fault,A6c_gate_off_control_train_seed_2,50085,-190.10879984178828,250,false,0.27698121346682558,6.9915307174646868,40,true
safety,A6c_gate_off_control,2,motor_fault,A6c_gate_off_control_train_seed_2,50086,-104.43081075881815,250,false,0.068929973723290711,6.6679389510127329,40,true
safety,A6c_gate_off_control,2,motor_fault,A6c_gate_off_control_train_seed_2,50087,-81.216137169432415,250,false,0.051398371697182914,2.970735702863514,37.072547912597656,true
safety,A6c_gate_off_control,2,motor_fault,A6c_gate_off_control_train_seed_2,50088,-181.57217421454558,250,false,0.13859544285067757,5.7860933664461438,40,true
safety,A6c_gate_off_control,2,motor_fault,A6c_gate_off_control_train_seed_2,50089,-138.13765682922639,250,false,0.23606178801201064,4.4089834751987524,40,true
safety,A6c_gate_off_control,2,motor_fault,A6c_gate_off_control_train_seed_2,50090,-210.23887331678361,250,false,0.48719444168021886,3.9328657697600353,40,true
safety,A6c_gate_off_control,2,motor_fault,A6c_gate_off_control_train_seed_2,50091,-205.50578597649221,250,false,0.27784833549175719,6.6747929193367677,40,true
safety,A6c_gate_off_control,2,motor_fault,A6c_gate_off_control_train_seed_2,50092,-302.7352837436826,250,false,0.90522133539348537,8.7675264766984302,40,true
safety,A6c_gate_off_control,2,motor_fault,A6c_gate_off_control_train_seed_2,50093,-123.14559370881848,42,false,1.6781969599251312,11.021805425372815,40,true
safety,A6c_gate_off_control,2,motor_fault,A6c_gate_off_control_train_seed_2,50094,-19.70592018578396,38,true,0.041529798135468803,3.558904036469686,40,true
safety,A6c_gate_off_control,2,motor_fault,A6c_gate_off_control_train_seed_2,50095,-53.612401855003156,99,true,0.047592562764671012,3.6445971945629068,40,true
safety,A6c_gate_off_control,2,motor_fault,A6c_gate_off_control_train_seed_2,50096,-381.28740812392113,250,false,1.34253879405216,3.4195145560771141,40,true
safety,A6c_gate_off_control,2,motor_fault,A6c_gate_off_control_train_seed_2,50097,-325.94754782655468,250,false,1.2110713554604065,8.6625199880321446,40,true
safety,A6c_gate_off_control,2,motor_fault,A6c_gate_off_control_train_seed_2,50098,-105.89607591955499,93,true,0.04107974893596332,5.8102630887091591,40,true
safety,A6c_gate_off_control,2,motor_fault,A6c_gate_off_control_train_seed_2,50099,-101.68771024447813,47,false,1.8833125518194926,11.198166789609918,40,true
heldout,A4c,3,id_reference,A4c_train_seed_3,40000,-108.82308396917848,250,false,0.14026757117182839,6.2262244116753358,40,false
heldout,A4c,3,id_reference,A4c_train_seed_3,40001,-117.76311407072671,250,false,0.21667222936827357,11.571800780289665,40,false
heldout,A4c,3,id_reference,A4c_train_seed_3,40002,-208.89668220885827,250,false,0.25032776812701918,17.894470080500277,40,false
heldout,A4c,3,id_reference,A4c_train_seed_3,40003,-149.24311298848605,250,false,0.2578002525740089,13.412568949961891,40,false
heldout,A4c,3,id_reference,A4c_train_seed_3,40004,-68.841515599477574,56,true,0.016105495784032885,14.863170178581198,40,false
heldout,A4c,3,id_reference,A4c_train_seed_3,40005,-107.70105638946097,250,false,0.17698195782661166,10.065754802395293,40,false
heldout,A4c,3,id_reference,A4c_train_seed_3,40006,-66.884225139987052,52,true,0.03802374311504457,11.462774061127604,40,false
heldout,A4c,3,id_reference,A4c_train_seed_3,40007,-85.298551911823779,78,true,0.043053251333107327,11.273347248747516,40,false
heldout,A4c,3,id_reference,A4c_train_seed_3,40008,-31.623332501152955,38,true,0.049350710016714351,5.3352130367057011,40,false
heldout,A4c,3,id_reference,A4c_train_seed_3,40009,-24.331545757423022,35,true,0.047302208933766257,7.8141647341578029,40,false
heldout,A4c,3,id_reference,A4c_train_seed_3,40010,-115.55416389953923,250,false,0.20076391303596655,7.0429737383410771,40,false
heldout,A4c,3,id_reference,A4c_train_seed_3,40011,-22.688587015299994,35,true,0.031700758741501085,10.805957490583186,40,false
heldout,A4c,3,id_reference,A4c_train_seed_3,40012,-127.14039824020884,250,false,0.21704802878642648,10.467976953397654,40,false
heldout,A4c,3,id_reference,A4c_train_seed_3,40013,-98.754561480149917,81,true,0.048839068507020113,9.7283972763463957,40,false
heldout,A4c,3,id_reference,A4c_train_seed_3,40014,-46.785015431046411,79,true,0.036454289229888796,5.4549235502434037,39.27154541015625,false
heldout,A4c,3,id_reference,A4c_train_seed_3,40015,-231.56773042223875,250,false,0.74192224325364686,9.5605838750353058,40,false
heldout,A4c,3,id_reference,A4c_train_seed_3,40016,-42.658906796686964,62,true,0.046715508037268726,4.4147274172868913,28.603466033935547,false
heldout,A4c,3,id_reference,A4c_train_seed_3,40017,-97.132731435006946,250,false,0.090601665697385966,16.038172680512826,40,false
heldout,A4c,3,id_reference,A4c_train_seed_3,40018,-84.369616322040116,64,true,0.046707716660853424,11.165247585867764,40,false
heldout,A4c,3,id_reference,A4c_train_seed_3,40019,-19.954126040412369,28,true,0.017148280271163337,8.0221768300135938,40,false
heldout,A4c,3,id_reference,A4c_train_seed_3,40020,-54.034129725733564,58,true,0.034932406178450039,6.3857665333266063,40,false
heldout,A4c,3,id_reference,A4c_train_seed_3,40021,-129.02083135020069,250,false,0.3086603778964549,4.9703517837003544,40,false
heldout,A4c,3,id_reference,A4c_train_seed_3,40022,-223.51483144965803,250,false,0.63273913245515989,11.265097486522324,40,false
heldout,A4c,3,id_reference,A4c_train_seed_3,40023,-201.59535055531859,250,false,0.30097354333943493,10.877524731102101,40,false
heldout,A4c,3,id_reference,A4c_train_seed_3,40024,-72.333395463389564,250,false,0.12908634338747624,5.1280787667156966,34.643993377685547,false
heldout,A4c,3,id_reference,A4c_train_seed_3,40025,-130.22128471319016,250,false,0.15185511520297107,11.692476532007325,40,false
heldout,A4c,3,id_reference,A4c_train_seed_3,40026,-91.581220658852217,250,false,0.1549719827976844,7.5919979229646701,40,false
heldout,A4c,3,id_reference,A4c_train_seed_3,40027,-119.72503735952557,250,false,0.10302904612435251,11.70977678718886,40,false
heldout,A4c,3,id_reference,A4c_train_seed_3,40028,-32.652073227388961,65,true,0.049613578477294078,6.9066047779745325,40,false
heldout,A4c,3,id_reference,A4c_train_seed_3,40029,-112.23880329662397,70,true,0.048361162672186535,12.1764342011029,40,false
heldout,A4c,3,id_reference,A4c_train_seed_3,40030,-98.608699662167353,250,false,0.07046195489399619,15.25778519891437,40,false
heldout,A4c,3,id_reference,A4c_train_seed_3,40031,-67.95062470585799,58,true,0.029450978279239409,11.24247182819092,40,false
heldout,A4c,3,id_reference,A4c_train_seed_3,40032,-118.95010316144355,250,false,0.32298779381561959,4.4820781257480906,37.097881317138672,false
heldout,A4c,3,id_reference,A4c_train_seed_3,40033,-69.022833328529856,250,false,0.079670424821646893,8.8960879789812282,40,false
heldout,A4c,3,id_reference,A4c_train_seed_3,40034,-30.034574120335275,51,true,0.012279885814369259,7.6536426466270191,40,false
heldout,A4c,3,id_reference,A4c_train_seed_3,40035,-113.91908453216659,250,false,0.19532226697804028,5.1458120572831589,40,false
heldout,A4c,3,id_reference,A4c_train_seed_3,40036,-222.44884696537332,250,false,0.63206501885467914,10.058177742462213,40,false
heldout,A4c,3,id_reference,A4c_train_seed_3,40037,-66.398140510665755,70,true,0.047685217293273269,17.463353324544947,40,false
heldout,A4c,3,id_reference,A4c_train_seed_3,40038,-118.64076376087338,250,false,0.22852458984119722,3.4845955002734064,40,false
heldout,A4c,3,id_reference,A4c_train_seed_3,40039,-113.98247672997435,250,false,0.23649748428488798,3.4062022968852248,40,false
heldout,A4c,3,id_reference,A4c_train_seed_3,40040,-69.936577756216266,250,false,0.16566348624015323,5.6014994708801389,39.675796508789062,false
heldout,A4c,3,id_reference,A4c_train_seed_3,40041,-295.7690741842988,250,false,0.64641436841788324,10.559291687685377,40,false
heldout,A4c,3,id_reference,A4c_train_seed_3,40042,-107.00644181672834,250,false,0.19713728737470848,9.6888372197384367,40,false
heldout,A4c,3,id_reference,A4c_train_seed_3,40043,-91.500179338591565,250,false,0.075801973727360278,7.5205094063291718,40,false
heldout,A4c,3,id_reference,A4c_train_seed_3,40044,-96.509250118298553,250,false,0.1225808652443211,10.353896957171511,40,false
heldout,A4c,3,id_reference,A4c_train_seed_3,40045,-120.46837015801003,250,false,0.17340500723692762,10.034652560605647,40,false
heldout,A4c,3,id_reference,A4c_train_seed_3,40046,-96.273603658663518,74,true,0.048144551819495458,13.2539054829828,40,false
heldout,A4c,3,id_reference,A4c_train_seed_3,40047,-172.99840661829893,250,false,0.24898634614052462,12.600433775634789,40,false
heldout,A4c,3,id_reference,A4c_train_seed_3,40048,-21.180279427983464,36,true,0.045101776892221009,10.808135010444694,40,false
heldout,A4c,3,id_reference,A4c_train_seed_3,40049,-171.14233132934606,250,false,0.49177027171864524,9.9759282047452267,40,false
heldout,A4c,3,id_reference,A4c_train_seed_3,40050,-40.749834518971049,70,true,0.046062296996553086,6.6679329908262215,34.530502319335938,false
heldout,A4c,3,id_reference,A4c_train_seed_3,40051,-51.439660908025715,73,true,0.024836158105131248,8.7455823711509488,40,false
heldout,A4c,3,id_reference,A4c_train_seed_3,40052,-71.855085532980056,63,true,0.031324657036715352,10.944187076587641,40,false
heldout,A4c,3,id_reference,A4c_train_seed_3,40053,-28.894846599496486,40,true,0.0054973715053174728,4.9052921884923988,40,false
heldout,A4c,3,id_reference,A4c_train_seed_3,40054,-132.34010322224867,127,true,0.048929589142201864,9.3356284822832709,40,false
heldout,A4c,3,id_reference,A4c_train_seed_3,40055,-68.881985470570285,250,false,0.058800346606178791,11.304312110217586,40,false
heldout,A4c,3,id_reference,A4c_train_seed_3,40056,-2.4529234361052072,29,true,0.029895062885072855,5.0479055905354953,33.537647247314453,false
heldout,A4c,3,id_reference,A4c_train_seed_3,40057,-114.12090847399438,250,false,0.11000872464809881,12.508777776029438,40,false
heldout,A4c,3,id_reference,A4c_train_seed_3,40058,-211.23570823141924,250,false,0.58267828678551192,7.0053248509277983,40,false
heldout,A4c,3,id_reference,A4c_train_seed_3,40059,-91.831280081939425,250,false,0.19563444769540345,4.5866240032785086,40,false
heldout,A4c,3,id_reference,A4c_train_seed_3,40060,-82.993153864066556,250,false,0.28585824658170939,5.5269428155594937,29.216606140136719,false
heldout,A4c,3,id_reference,A4c_train_seed_3,40061,-60.142819857274858,55,true,0.039456815576024179,12.739689759882923,40,false
heldout,A4c,3,id_reference,A4c_train_seed_3,40062,-80.93336186987986,250,false,0.05683977156540803,15.191003590872938,40,false
heldout,A4c,3,id_reference,A4c_train_seed_3,40063,-105.23592440038662,250,false,0.23934437133722253,4.5331759575818591,34.924129486083984,false
heldout,A4c,3,id_reference,A4c_train_seed_3,40064,-13.396151115314439,33,true,0.047945357870290702,7.5202020446636944,36.051631927490234,false
heldout,A4c,3,id_reference,A4c_train_seed_3,40065,-243.44014451221065,250,false,0.63271014983373486,10.35897030330996,40,false
heldout,A4c,3,id_reference,A4c_train_seed_3,40066,-120.72510721852944,250,false,0.099060769543832153,14.308048164150106,40,false
heldout,A4c,3,id_reference,A4c_train_seed_3,40067,-61.83133864423786,250,false,0.075150206514616583,6.1659808907815075,40,false
heldout,A4c,3,id_reference,A4c_train_seed_3,40068,-131.50764613177614,250,false,0.32385532329755645,5.9929496110427793,39.865505218505859,false
heldout,A4c,3,id_reference,A4c_train_seed_3,40069,-163.39016535289198,250,false,0.066972472002264083,14.528544847321575,40,false
heldout,A4c,3,id_reference,A4c_train_seed_3,40070,-65.911656594837524,250,false,0.091539637132683038,6.0386529229014565,40,false
heldout,A4c,3,id_reference,A4c_train_seed_3,40071,-111.96349895276907,250,false,0.2320385671579126,2.9777573767816081,40,false
heldout,A4c,3,id_reference,A4c_train_seed_3,40072,-70.583142200705055,250,false,0.10895142906996941,6.754927926968266,40,false
heldout,A4c,3,id_reference,A4c_train_seed_3,40073,-74.919537497446555,89,true,0.029692192441720413,11.234286669646096,40,false
heldout,A4c,3,id_reference,A4c_train_seed_3,40074,-39.185147845065828,72,true,0.013804111415047289,8.3803163239643812,40,false
heldout,A4c,3,id_reference,A4c_train_seed_3,40075,-146.81760999339119,250,false,0.27693660046186697,9.5530297003575928,40,false
heldout,A4c,3,id_reference,A4c_train_seed_3,40076,-27.09697159407412,44,true,0.047216140758490351,9.5717031771260874,40,false
heldout,A4c,3,id_reference,A4c_train_seed_3,40077,-127.47119756322931,250,false,0.33354689728711706,6.4524355690400998,40,false
heldout,A4c,3,id_reference,A4c_train_seed_3,40078,-88.74463459954967,69,true,0.049019863062839113,13.765875374139238,40,false
heldout,A4c,3,id_reference,A4c_train_seed_3,40079,-100.83987479541888,250,false,0.18193086312178749,8.4114889898129057,40,false
heldout,A4c,3,id_reference,A4c_train_seed_3,40080,-35.316562171963,41,true,0.020623405823979316,16.293930136396799,40,false
heldout,A4c,3,id_reference,A4c_train_seed_3,40081,-141.9145719818097,250,false,0.2675927992215566,9.6144470251653047,40,false
heldout,A4c,3,id_reference,A4c_train_seed_3,40082,-128.79949674140133,250,false,0.068173266935657992,13.701919579253328,40,false
heldout,A4c,3,id_reference,A4c_train_seed_3,40083,-172.70035699260308,250,false,0.30143561609450942,10.566318390263733,40,false
heldout,A4c,3,id_reference,A4c_train_seed_3,40084,-161.99798769148384,250,false,0.3379749966594327,11.302086735715505,40,false
heldout,A4c,3,id_reference,A4c_train_seed_3,40085,-195.25535827284173,250,false,0.29769645535510397,7.3005133026198887,40,false
heldout,A4c,3,id_reference,A4c_train_seed_3,40086,-16.500020408341122,34,true,0.048975738567375665,4.3908972339284125,32.344955444335938,false
heldout,A4c,3,id_reference,A4c_train_seed_3,40087,-181.27340564964643,250,false,0.37675173628058495,10.833758853195565,40,false
heldout,A4c,3,id_reference,A4c_train_seed_3,40088,-18.194398269454354,31,true,0.014902769080917255,6.6628788082592525,37.393646240234375,false
heldout,A4c,3,id_reference,A4c_train_seed_3,40089,-57.648649276674355,91,true,0.029662467041448849,8.8509172893811865,40,false
heldout,A4c,3,id_reference,A4c_train_seed_3,40090,-66.991971307682874,62,true,0.049564912087443881,18.049246969594659,40,false
heldout,A4c,3,id_reference,A4c_train_seed_3,40091,-127.76418428065683,250,false,0.16923492168544632,14.890461954864678,40,false
heldout,A4c,3,id_reference,A4c_train_seed_3,40092,-0.59236501779044382,25,true,0.045545124065181831,4.5082725275643609,30.597410202026367,false
heldout,A4c,3,id_reference,A4c_train_seed_3,40093,-97.063835761172754,250,false,0.079838195294139519,7.0709199032432091,40,false
heldout,A4c,3,id_reference,A4c_train_seed_3,40094,-52.798542085937029,92,true,0.013131994660450837,4.6767840063764163,40,false
heldout,A4c,3,id_reference,A4c_train_seed_3,40095,-100.46874532235243,250,false,0.17384987332151436,7.3081909268511724,40,false
heldout,A4c,3,id_reference,A4c_train_seed_3,40096,-138.48614671439603,250,false,0.29720050912164131,6.2259031169642034,39.245185852050781,false
heldout,A4c,3,id_reference,A4c_train_seed_3,40097,-58.937585254608443,59,true,0.041870455725828905,17.815946646233638,40,false
heldout,A4c,3,id_reference,A4c_train_seed_3,40098,-78.097614645726196,56,true,0.035335765823107268,12.482985174092475,40,false
heldout,A4c,3,id_reference,A4c_train_seed_3,40099,-151.33260751441892,250,false,0.26929058655152799,9.2302809523928531,40,false
heldout,A6c,3,id_reference,A6c_train_seed_3,40000,-71.73503871696073,77,true,0.040761643551537823,4.8427417560118178,40,false
heldout,A6c,3,id_reference,A6c_train_seed_3,40001,-162.1633782258628,250,false,0.21732117853924671,5.2814584294773663,40,false
heldout,A6c,3,id_reference,A6c_train_seed_3,40002,-183.44288218627293,250,false,0.25928515234211463,5.2355550456039008,40,false
heldout,A6c,3,id_reference,A6c_train_seed_3,40003,-95.461338485597366,84,true,0.047747111294098962,5.7663830839168506,40,false
heldout,A6c,3,id_reference,A6c_train_seed_3,40004,-93.332760126369905,72,true,0.048668933804424767,5.0818714593339385,40,false
heldout,A6c,3,id_reference,A6c_train_seed_3,40005,-140.65277309080639,250,false,0.084191652632814432,3.4173374254540452,40,false
heldout,A6c,3,id_reference,A6c_train_seed_3,40006,-118.33123646253655,87,true,0.04700874184262141,3.9148671996072095,40,false
heldout,A6c,3,id_reference,A6c_train_seed_3,40007,-124.21456548692075,250,false,0.16227810461723755,2.824109935277813,40,false
heldout,A6c,3,id_reference,A6c_train_seed_3,40008,-42.450829956373966,47,true,0.023416799981135564,3.9914561752482562,40,false
heldout,A6c,3,id_reference,A6c_train_seed_3,40009,-36.03523673616165,53,true,0.020079815312588432,4.2131812356904508,40,false
heldout,A6c,3,id_reference,A6c_train_seed_3,40010,-171.85921061000249,250,false,0.39227241595267826,6.4000807286571115,40,false
heldout,A6c,3,id_reference,A6c_train_seed_3,40011,-67.183690276788312,250,false,0.082707159843418102,5.1812013516192676,40,false
heldout,A6c,3,id_reference,A6c_train_seed_3,40012,-155.56423538656455,250,false,0.19903537520695574,3.5756112252335734,40,false
heldout,A6c,3,id_reference,A6c_train_seed_3,40013,-145.76107307371026,250,false,0.1398284047917869,4.7161297742086976,40,false
heldout,A6c,3,id_reference,A6c_train_seed_3,40014,-72.425627377331722,90,true,0.021451270695842642,3.1330277648572848,39.407791137695312,false
heldout,A6c,3,id_reference,A6c_train_seed_3,40015,-290.51019294702712,250,false,0.77034764934188205,3.7264275999712293,40,false
heldout,A6c,3,id_reference,A6c_train_seed_3,40016,-91.016532189615077,87,true,0.048021082374097405,2.015555359170238,27.618040084838867,false
heldout,A6c,3,id_reference,A6c_train_seed_3,40017,-39.051396546084902,47,true,0.023676298111954153,7.1752625088928674,40,false
heldout,A6c,3,id_reference,A6c_train_seed_3,40018,-139.97765093428183,250,false,0.2088767065201903,3.199491679671977,40,false
heldout,A6c,3,id_reference,A6c_train_seed_3,40019,-23.523781160464534,34,true,0.024489107094234235,5.6572545435887314,40,false
heldout,A6c,3,id_reference,A6c_train_seed_3,40020,-55.575444467459143,64,true,0.034169980187906908,4.8477601395746763,40,false
heldout,A6c,3,id_reference,A6c_train_seed_3,40021,-121.80255007717437,250,false,0.30961723765059634,4.7267138193376832,40,false
heldout,A6c,3,id_reference,A6c_train_seed_3,40022,-340.17036753135989,250,false,0.66379768133585626,4.2828447812193815,40,false
heldout,A6c,3,id_reference,A6c_train_seed_3,40023,-215.92738197182811,250,false,0.27312383995968126,3.4204781544334031,40,false
heldout,A6c,3,id_reference,A6c_train_seed_3,40024,-62.83981515502132,250,false,0.091646289589271859,4.4489826485368917,36.579181671142578,false
heldout,A6c,3,id_reference,A6c_train_seed_3,40025,-146.76532353406165,250,false,0.15034773830814832,5.5083034873961605,40,false
heldout,A6c,3,id_reference,A6c_train_seed_3,40026,-85.089659422047617,250,false,0.079553069952581199,3.6698133200493954,40,false
heldout,A6c,3,id_reference,A6c_train_seed_3,40027,-166.12929481955462,250,false,0.14616506702851392,4.302045103694244,40,false
heldout,A6c,3,id_reference,A6c_train_seed_3,40028,-32.692375384440552,53,true,0.021499079750851992,6.1021852183694474,40,false
heldout,A6c,3,id_reference,A6c_train_seed_3,40029,-163.61193777966429,51,false,1.3132458426987812,5.8425580647440896,40,false
heldout,A6c,3,id_reference,A6c_train_seed_3,40030,-87.429220239170149,71,true,0.042233968528496722,7.0047251860544364,40,false
heldout,A6c,3,id_reference,A6c_train_seed_3,40031,-72.412433487781882,59,true,0.047508575061804698,6.2992204106453604,40,false
heldout,A6c,3,id_reference,A6c_train_seed_3,40032,-81.546037373309019,250,false,0.17582471329598465,5.1250257212841932,37.542758941650391,false
heldout,A6c,3,id_reference,A6c_train_seed_3,40033,-49.049840254310659,53,true,0.029589071249052679,2.9954130935132177,40,false
heldout,A6c,3,id_reference,A6c_train_seed_3,40034,-50.690815029341721,70,true,0.0029064263608286345,3.8077530245596405,40,false
heldout,A6c,3,id_reference,A6c_train_seed_3,40035,-86.306183792176142,250,false,0.15633034146504235,4.6945480785943881,40,false
heldout,A6c,3,id_reference,A6c_train_seed_3,40036,-312.20182797515946,250,false,0.64208597800304057,2.3459335734500537,40,false
heldout,A6c,3,id_reference,A6c_train_seed_3,40037,-104.31337713087528,105,true,0.049612559369066049,7.0081399131535669,40,false
heldout,A6c,3,id_reference,A6c_train_seed_3,40038,-98.487508071466536,250,false,0.15312092343600445,3.9952036395608759,40,false
heldout,A6c,3,id_reference,A6c_train_seed_3,40039,-116.9421749656828,250,false,0.23494540983596954,4.5750202555866206,40,false
heldout,A6c,3,id_reference,A6c_train_seed_3,40040,-17.555373849998183,39,true,0.046046083382396762,4.0868180032050274,40,false
heldout,A6c,3,id_reference,A6c_train_seed_3,40041,-988.30102260351384,250,false,3.495798691680414,1.0554032527149411,40,false
heldout,A6c,3,id_reference,A6c_train_seed_3,40042,-134.59739836317041,250,false,0.085408902468758804,2.8868252170178503,40,false
heldout,A6c,3,id_reference,A6c_train_seed_3,40043,-71.950355249684392,77,true,0.044987744951455994,4.3013944989570261,40,false
heldout,A6c,3,id_reference,A6c_train_seed_3,40044,-64.468674058266416,63,true,0.037579425249105729,5.1238186880219443,40,false
heldout,A6c,3,id_reference,A6c_train_seed_3,40045,-74.010643062468716,69,true,0.044291962138511852,5.3843316830555166,40,false
heldout,A6c,3,id_reference,A6c_train_seed_3,40046,-385.24398351811686,250,false,1.171340840303903,5.6255660980619586,40,false
heldout,A6c,3,id_reference,A6c_train_seed_3,40047,-134.54165523360101,250,false,0.073498873747635182,6.8475693985189299,40,false
heldout,A6c,3,id_reference,A6c_train_seed_3,40048,-56.793294129785643,250,false,0.066379307351591144,5.1897801583784267,40,false
heldout,A6c,3,id_reference,A6c_train_seed_3,40049,-237.47249327963092,250,false,0.59063216120155315,3.7890907507703449,40,false
heldout,A6c,3,id_reference,A6c_train_seed_3,40050,-73.267882003907999,96,true,0.048871306442793777,4.4581458201650861,34.343269348144531,false
heldout,A6c,3,id_reference,A6c_train_seed_3,40051,-120.22905344882895,250,false,0.1266411246935123,7.67321537479528,40,false
heldout,A6c,3,id_reference,A6c_train_seed_3,40052,-92.552961648488079,93,true,0.048067049074833855,3.2928737146108316,40,false
heldout,A6c,3,id_reference,A6c_train_seed_3,40053,-45.610352778294128,55,true,0.0030605876883867803,3.1635049826817712,39.546497344970703,false
heldout,A6c,3,id_reference,A6c_train_seed_3,40054,-196.75801753679994,250,false,0.36281698680911167,4.8728221587006821,40,false
heldout,A6c,3,id_reference,A6c_train_seed_3,40055,-52.507115474037931,58,true,0.042255501317747898,4.3849850092850575,40,false
heldout,A6c,3,id_reference,A6c_train_seed_3,40056,-2.7572956609853723,25,true,0.025355984771966406,3.5785301220244579,28.602743148803711,false
heldout,A6c,3,id_reference,A6c_train_seed_3,40057,-203.93942487931446,77,false,1.6403935867888348,4.8272899393994413,40,false
heldout,A6c,3,id_reference,A6c_train_seed_3,40058,-349.89353847623948,250,false,1.2769245825913453,6.2155311138718234,40,false
heldout,A6c,3,id_reference,A6c_train_seed_3,40059,-91.21661730901144,250,false,0.15846513595161882,2.9466458726580536,36.16217041015625,false
heldout,A6c,3,id_reference,A6c_train_seed_3,40060,-13.189301757100516,82,true,0.049965629236094586,4.5314627153275175,25.64857292175293,false
heldout,A6c,3,id_reference,A6c_train_seed_3,40061,-54.2586811313816,52,true,0.034569906740483942,5.5036370088797337,40,false
heldout,A6c,3,id_reference,A6c_train_seed_3,40062,-78.657154167921306,79,true,0.041537237769426284,4.4173039658572337,40,false
heldout,A6c,3,id_reference,A6c_train_seed_3,40063,-99.279202085281852,250,false,0.21418040449176112,3.7561272915104511,34.296413421630859,false
heldout,A6c,3,id_reference,A6c_train_seed_3,40064,-14.249615557282086,27,true,0.038967021008601242,5.1595372376523976,37.171131134033203,false
heldout,A6c,3,id_reference,A6c_train_seed_3,40065,-371.94850309615913,250,false,0.63107747204870845,5.2257576672884092,40,false
heldout,A6c,3,id_reference,A6c_train_seed_3,40066,-78.38926284895409,74,true,0.038082086789718396,4.5517123407178435,40,false
heldout,A6c,3,id_reference,A6c_train_seed_3,40067,-33.745453661243289,70,true,0.049155899058564295,3.5687475742444512,37.237480163574219,false
heldout,A6c,3,id_reference,A6c_train_seed_3,40068,-104.71824814101554,250,false,0.21261761411630795,5.4661604628425149,39.355239868164062,false
heldout,A6c,3,id_reference,A6c_train_seed_3,40069,-161.26421579085613,250,false,0.096958155957114586,5.9914030362563793,40,false
heldout,A6c,3,id_reference,A6c_train_seed_3,40070,-68.077306306554235,250,false,0.079734883128727882,3.9985986193553047,38.431755065917969,false
heldout,A6c,3,id_reference,A6c_train_seed_3,40071,-110.20649103786056,250,false,0.21295123917191638,3.2759812661203989,40,false
heldout,A6c,3,id_reference,A6c_train_seed_3,40072,-69.577711436625734,250,false,0.088177548282934282,4.692160101933899,40,false
heldout,A6c,3,id_reference,A6c_train_seed_3,40073,-122.7096668130006,154,true,0.048658752651096072,3.6281444431482179,40,false
heldout,A6c,3,id_reference,A6c_train_seed_3,40074,-135.72879380726658,250,false,0.34397276754856582,4.0988345649236653,40,false
heldout,A6c,3,id_reference,A6c_train_seed_3,40075,-233.70568178362606,250,false,0.23440312774811387,2.1836231289044576,40,false
heldout,A6c,3,id_reference,A6c_train_seed_3,40076,-36.886245005965954,45,true,0.0063163580216512895,4.3580619868242598,40,false
heldout,A6c,3,id_reference,A6c_train_seed_3,40077,-131.49543655350536,250,false,0.29139133659195271,5.2455785168332216,40,false
heldout,A6c,3,id_reference,A6c_train_seed_3,40078,-73.685149597212458,69,true,0.0094633532794769701,7.0210994978965751,40,false
heldout,A6c,3,id_reference,A6c_train_seed_3,40079,-151.5958500656624,250,false,0.11717445676756118,3.0279060175534065,40,false
heldout,A6c,3,id_reference,A6c_train_seed_3,40080,-70.443516392999797,250,false,0.074414778983866725,4.792572049395079,40,false
heldout,A6c,3,id_reference,A6c_train_seed_3,40081,-231.70192683802506,250,false,0.1559429837748946,6.8209377386542842,40,false
heldout,A6c,3,id_reference,A6c_train_seed_3,40082,-207.4921973542165,75,false,0.64196756414361911,6.0705764230777852,40,false
heldout,A6c,3,id_reference,A6c_train_seed_3,40083,-177.23203321108525,250,false,0.30124135320477929,3.9737155611053825,40,false
heldout,A6c,3,id_reference,A6c_train_seed_3,40084,-242.01192483259874,250,false,0.34220908483588647,3.9694812430218223,40,false
heldout,A6c,3,id_reference,A6c_train_seed_3,40085,-170.17245576101814,250,false,0.29751745503323301,5.0984369911146743,40,false
heldout,A6c,3,id_reference,A6c_train_seed_3,40086,-30.694566250827368,51,true,0.0058075385240325579,2.7620845766416697,31.130374908447266,false
heldout,A6c,3,id_reference,A6c_train_seed_3,40087,-199.82619038792754,250,false,0.40568811357567591,3.5512786033167538,40,false
heldout,A6c,3,id_reference,A6c_train_seed_3,40088,-25.928570616256856,47,true,0.031706869710914243,4.1390680149700616,37.351116180419922,false
heldout,A6c,3,id_reference,A6c_train_seed_3,40089,-75.654208783038513,119,true,0.04669003060790302,2.9731162957661419,40,false
heldout,A6c,3,id_reference,A6c_train_seed_3,40090,-75.550051272395194,63,true,0.015212209707230551,6.9269899415059921,40,false
heldout,A6c,3,id_reference,A6c_train_seed_3,40091,-69.849726252070795,68,true,0.035462981891193936,6.7033759894285776,40,false
heldout,A6c,3,id_reference,A6c_train_seed_3,40092,-5.9509856159915255,55,true,0.049561769192734723,4.1646642625751094,33.849636077880859,false
heldout,A6c,3,id_reference,A6c_train_seed_3,40093,-75.308614819942036,92,true,0.033326565760654701,4.6735696422325264,40,false
heldout,A6c,3,id_reference,A6c_train_seed_3,40094,-125.88200052199571,132,true,0.046439063383905049,2.1239012752777433,40,false
heldout,A6c,3,id_reference,A6c_train_seed_3,40095,-58.896755778780758,68,true,0.0081058190427987422,4.9457672905850707,40,false
heldout,A6c,3,id_reference,A6c_train_seed_3,40096,-156.08463210289341,250,false,0.29594879934082113,5.6352486325368289,40,false
heldout,A6c,3,id_reference,A6c_train_seed_3,40097,-75.071610166083616,89,true,0.049595332703322365,5.8839055305051096,40,false
heldout,A6c,3,id_reference,A6c_train_seed_3,40098,-86.41196022447761,79,true,0.046436199774145259,5.2931134180458184,40,false
heldout,A6c,3,id_reference,A6c_train_seed_3,40099,-180.14386337590528,250,false,0.19442661351718871,4.5045812713773588,40,false
safety,A4c,3,id_reference,A4c_train_seed_3,50000,-115.63610550242429,250,false,0.27220149270152671,5.2085540693486791,35.437431335449219,false
safety,A4c,3,id_reference,A4c_train_seed_3,50001,-128.33669871497909,250,false,0.097383034623454226,10.330824941715225,40,false
safety,A4c,3,id_reference,A4c_train_seed_3,50002,-31.300927677631762,37,true,0.0023461366357991828,8.5526062404069148,40,false
safety,A4c,3,id_reference,A4c_train_seed_3,50003,-224.73292669301412,250,false,0.41860938422244443,12.08920623984659,40,false
safety,A4c,3,id_reference,A4c_train_seed_3,50004,-43.306768367510941,68,true,0.037047224135683794,9.1065280643157784,40,false
safety,A4c,3,id_reference,A4c_train_seed_3,50005,-98.213134213714881,250,false,0.056451300440114774,13.95165602147658,40,false
safety,A4c,3,id_reference,A4c_train_seed_3,50006,-92.545001422916471,250,false,0.15905295851768941,7.0818800005741869,40,false
safety,A4c,3,id_reference,A4c_train_seed_3,50007,-208.66491475010241,250,false,0.39967891263970384,10.455333659609536,40,false
safety,A4c,3,id_reference,A4c_train_seed_3,50008,-135.51077205077692,250,false,0.1923830509587548,7.4799839237167243,40,false
safety,A4c,3,id_reference,A4c_train_seed_3,50009,-105.27450631479287,250,false,0.18779995010759715,9.7642028908287433,40,false
safety,A4c,3,id_reference,A4c_train_seed_3,50010,-53.747104512817295,64,true,0.049925813504566589,12.922418091395542,40,false
safety,A4c,3,id_reference,A4c_train_seed_3,50011,-193.49187722017606,250,false,0.68172647898214478,2.6060812302166707,40,false
safety,A4c,3,id_reference,A4c_train_seed_3,50012,-33.539562992687515,44,true,0.034027589417591049,11.517392853070731,40,false
safety,A4c,3,id_reference,A4c_train_seed_3,50013,-181.59771444997281,250,false,0.38231901391503176,10.624924234593546,40,false
safety,A4c,3,id_reference,A4c_train_seed_3,50014,-220.19220858678193,250,false,0.30775979229147482,17.428111389766382,40,false
safety,A4c,3,id_reference,A4c_train_seed_3,50015,-158.74689515097299,250,false,0.15338296235996748,11.29234836312242,40,false
safety,A4c,3,id_reference,A4c_train_seed_3,50016,-169.95574125970086,250,false,0.45551426794442584,10.20882766636484,40,false
safety,A4c,3,id_reference,A4c_train_seed_3,50017,-107.09812461243249,250,false,0.1393899734902479,9.0121782236699257,40,false
safety,A4c,3,id_reference,A4c_train_seed_3,50018,-112.76330228341573,250,false,0.055328691945269591,11.984642914414872,40,false
safety,A4c,3,id_reference,A4c_train_seed_3,50019,-175.84386938930257,250,false,0.33799583209658524,12.095935157126293,40,false
safety,A4c,3,id_reference,A4c_train_seed_3,50020,-22.938264780194086,39,true,0.046331989708707111,5.6517871501318417,40,false
safety,A4c,3,id_reference,A4c_train_seed_3,50021,-74.156122829182166,250,false,0.16279140559326399,5.1834792100302733,33.653228759765625,false
safety,A4c,3,id_reference,A4c_train_seed_3,50022,-93.937649247378175,69,true,0.042728075042042235,11.924371025821527,40,false
safety,A4c,3,id_reference,A4c_train_seed_3,50023,-75.397316123038308,68,true,0.049517659840742273,9.6230841133593685,40,false
safety,A4c,3,id_reference,A4c_train_seed_3,50024,-49.020627636173721,250,false,0.100895217898368,2.905605347605249,31.514230728149414,false
safety,A4c,3,id_reference,A4c_train_seed_3,50025,-115.54742283824703,250,false,0.13994322531436856,11.027128750009886,40,false
safety,A4c,3,id_reference,A4c_train_seed_3,50026,-182.77878078920403,250,false,0.44955320245724439,6.0298963226005071,40,false
safety,A4c,3,id_reference,A4c_train_seed_3,50027,-38.501405311360188,44,true,0.048829499408596502,7.8355916045742795,40,false
safety,A4c,3,id_reference,A4c_train_seed_3,50028,-107.6092120811857,81,true,0.049121703510057742,16.249247828834861,40,false
safety,A4c,3,id_reference,A4c_train_seed_3,50029,-100.17575228283494,68,true,0.022870473604825081,13.305241354405714,40,false
safety,A4c,3,id_reference,A4c_train_seed_3,50030,-75.019887825751454,72,true,0.044892436981664272,9.3416300416149038,40,false
safety,A4c,3,id_reference,A4c_train_seed_3,50031,-76.143422405468314,60,true,0.020481113893446388,13.953340516804726,40,false
safety,A4c,3,id_reference,A4c_train_seed_3,50032,-77.393289509855649,63,true,0.03692403742468741,12.297138552661394,40,false
safety,A4c,3,id_reference,A4c_train_seed_3,50033,-3.7751145642429513,30,true,0.010925342935724031,4.5461149016390738,24.806766510009766,false
safety,A4c,3,id_reference,A4c_train_seed_3,50034,-26.935039689304368,35,true,0.030956355578516274,7.4275141163860141,40,false
safety,A4c,3,id_reference,A4c_train_seed_3,50035,-98.329490585686727,250,false,0.12971115843766104,5.5261340487037236,40,false
safety,A4c,3,id_reference,A4c_train_seed_3,50036,-40.02661738663037,75,true,0.040368499009506606,5.4717560783904311,40,false
safety,A4c,3,id_reference,A4c_train_seed_3,50037,-39.138518842635364,57,true,0.048586992385707142,10.860381306602203,40,false
safety,A4c,3,id_reference,A4c_train_seed_3,50038,-208.79947957240682,250,false,0.16631742513547756,16.947080266879851,40,false
safety,A4c,3,id_reference,A4c_train_seed_3,50039,-60.386109005004279,250,false,0.059731486615145719,4.5829584320234611,39.975185394287109,false
safety,A4c,3,id_reference,A4c_train_seed_3,50040,-47.265982783821812,64,true,0.04903145419648372,8.7279854232332692,40,false
safety,A4c,3,id_reference,A4c_train_seed_3,50041,-42.43209070986768,48,true,0.049439594381462733,12.977029040236062,40,false
safety,A4c,3,id_reference,A4c_train_seed_3,50042,-39.265783437951256,44,true,0.049428227096024999,6.8208473008544726,39.082908630371094,false
safety,A4c,3,id_reference,A4c_train_seed_3,50043,-8.853204188856056,29,true,0.029715036949848929,4.5803181836221079,40,false
safety,A4c,3,id_reference,A4c_train_seed_3,50044,-88.432065339961369,250,false,0.069553944471780621,11.493512554874842,40,false
safety,A4c,3,id_reference,A4c_train_seed_3,50045,-93.560699408105009,72,true,0.046501021408796868,11.189010528839153,40,false
safety,A4c,3,id_reference,A4c_train_seed_3,50046,-85.051997914895765,250,false,0.10066131088513589,14.791575515746072,40,false
safety,A4c,3,id_reference,A4c_train_seed_3,50047,-149.37413872923779,250,false,0.37873806100757068,5.816067912449598,40,false
safety,A4c,3,id_reference,A4c_train_seed_3,50048,-48.597532686292006,70,true,0.039826878365652789,6.3514172415644445,40,false
safety,A4c,3,id_reference,A4c_train_seed_3,50049,-89.287544927946257,61,true,0.047196119405064754,14.329006552078489,40,false
safety,A4c,3,id_reference,A4c_train_seed_3,50050,-168.32281635662906,250,false,0.21559656286231021,12.124822640523066,40,false
safety,A4c,3,id_reference,A4c_train_seed_3,50051,-154.15898030341356,99,true,0.04928484729648281,17.906648326126536,40,false
safety,A4c,3,id_reference,A4c_train_seed_3,50052,-177.97129048012988,250,false,0.10917962160879661,14.240919656322136,40,false
safety,A4c,3,id_reference,A4c_train_seed_3,50053,-75.109848078542498,250,false,0.071906858530597584,8.7490549178026669,40,false
safety,A4c,3,id_reference,A4c_train_seed_3,50054,-130.14872088011415,100,true,0.047829034938648936,18.834420802661558,40,false
safety,A4c,3,id_reference,A4c_train_seed_3,50055,-167.46585872725225,250,false,0.38265371646918173,10.134922880077326,40,false
safety,A4c,3,id_reference,A4c_train_seed_3,50056,-41.241770871527542,250,false,0.066999341734845425,5.1623181095886954,24.207645416259766,false
safety,A4c,3,id_reference,A4c_train_seed_3,50057,-139.00553335942811,250,false,0.31813577445024821,9.0407805073673657,40,false
safety,A4c,3,id_reference,A4c_train_seed_3,50058,-101.42460708820828,69,true,0.028437202012053919,14.474101347817809,40,false
safety,A4c,3,id_reference,A4c_train_seed_3,50059,-46.016327019980096,66,true,0.048776189284856497,5.3215394926070907,40,false
safety,A4c,3,id_reference,A4c_train_seed_3,50060,-105.2876477989641,60,true,0.032122589666738456,14.850360117550602,40,false
safety,A4c,3,id_reference,A4c_train_seed_3,50061,-91.814900250640264,250,false,0.19820045257212812,1.9499919658521787,39.929412841796875,false
safety,A4c,3,id_reference,A4c_train_seed_3,50062,-142.70252026409392,250,false,0.20275357318945905,14.680008391580254,40,false
safety,A4c,3,id_reference,A4c_train_seed_3,50063,-87.433530528065688,250,false,0.18232454064800124,4.264616513611128,36.370140075683594,false
safety,A4c,3,id_reference,A4c_train_seed_3,50064,-60.223544468168093,250,false,0.074065432092851075,7.8127354150170403,40,false
safety,A4c,3,id_reference,A4c_train_seed_3,50065,-19.502012654646723,37,true,0.044546588414166539,7.0578015681548578,40,false
safety,A4c,3,id_reference,A4c_train_seed_3,50066,-119.30242464336146,250,false,0.17677741107118727,9.9696748511517939,40,false
safety,A4c,3,id_reference,A4c_train_seed_3,50067,-24.673103902259506,42,true,0.048047881779463703,6.2681553505937275,37.805721282958984,false
safety,A4c,3,id_reference,A4c_train_seed_3,50068,-42.859691806031798,250,false,0.059207942253201695,7.0803244536326906,22.646881103515625,false
safety,A4c,3,id_reference,A4c_train_seed_3,50069,-101.09731954700133,250,false,0.092969706033905544,15.917072160035829,40,false
safety,A4c,3,id_reference,A4c_train_seed_3,50070,-86.233175405107602,250,false,0.19716557333590276,4.3135462058825418,30.4188232421875,false
safety,A4c,3,id_reference,A4c_train_seed_3,50071,-19.109278119359118,47,true,0.049518783337238061,6.7376564619148924,40,false
safety,A4c,3,id_reference,A4c_train_seed_3,50072,-138.06524204822418,250,false,0.12297056719735364,11.339328219681491,40,false
safety,A4c,3,id_reference,A4c_train_seed_3,50073,-189.33290549397097,250,false,0.15027156717168427,15.271686347298253,40,false
safety,A4c,3,id_reference,A4c_train_seed_3,50074,-22.93715359915398,47,true,0.022222271856172642,5.9636202480726679,32.792461395263672,false
safety,A4c,3,id_reference,A4c_train_seed_3,50075,-206.34982586418752,250,false,0.5911358150576741,5.8793164378667306,40,false
safety,A4c,3,id_reference,A4c_train_seed_3,50076,-168.1078506581344,250,false,0.17696762844744113,11.515649766139378,40,false
safety,A4c,3,id_reference,A4c_train_seed_3,50077,-59.557781089295325,250,false,0.072048745666122058,9.815111098800589,40,false
safety,A4c,3,id_reference,A4c_train_seed_3,50078,-69.118259020821839,250,false,0.094962568455966664,4.900501507691974,40,false
safety,A4c,3,id_reference,A4c_train_seed_3,50079,-141.31140587584568,250,false,0.096716274305310143,13.011555030961619,40,false
safety,A4c,3,id_reference,A4c_train_seed_3,50080,-172.54212031061363,250,false,0.070679377970379528,16.049715755523433,40,false
safety,A4c,3,id_reference,A4c_train_seed_3,50081,-45.37952713426381,65,true,0.049209754147915181,8.7575080999643919,40,false
safety,A4c,3,id_reference,A4c_train_seed_3,50082,-27.436124705828139,48,true,0.031033680564137741,11.17344577340166,40,false
safety,A4c,3,id_reference,A4c_train_seed_3,50083,-77.152006408853424,65,true,0.042123020975045826,12.000228109161517,40,false
safety,A4c,3,id_reference,A4c_train_seed_3,50084,-27.108408606637738,93,true,0.04995810597285566,6.8799394284553417,40,false
safety,A4c,3,id_reference,A4c_train_seed_3,50085,-132.17994356264722,250,false,0.1050498419030932,14.405196539605427,40,false
safety,A4c,3,id_reference,A4c_train_seed_3,50086,-59.36540490372353,57,true,0.012286928007984942,17.696343674112057,40,false
safety,A4c,3,id_reference,A4c_train_seed_3,50087,-62.324204354342434,250,false,0.085552163143562829,6.3257139188755502,40,false
safety,A4c,3,id_reference,A4c_train_seed_3,50088,-129.34269691839867,250,false,0.16272263162492281,15.302851061184388,40,false
safety,A4c,3,id_reference,A4c_train_seed_3,50089,-53.090746265455763,58,true,0.048557500571480533,6.0833974049819348,40,false
safety,A4c,3,id_reference,A4c_train_seed_3,50090,-161.13841668864296,250,false,0.2815671537756162,10.60232741792205,40,false
safety,A4c,3,id_reference,A4c_train_seed_3,50091,-166.17689482448074,250,false,0.090605875582179765,10.233779464299863,40,false
safety,A4c,3,id_reference,A4c_train_seed_3,50092,-182.21537587999671,250,false,0.46899842953877235,5.3405512006744082,40,false
safety,A4c,3,id_reference,A4c_train_seed_3,50093,-161.26450698177567,250,false,0.16019385570535527,11.239540842075318,40,false
safety,A4c,3,id_reference,A4c_train_seed_3,50094,-15.03916085452274,33,true,0.033387702191512429,4.7950155585863241,40,false
safety,A4c,3,id_reference,A4c_train_seed_3,50095,-30.212536104620511,58,true,0.02768078383240093,5.8191031156967092,39.291152954101562,false
safety,A4c,3,id_reference,A4c_train_seed_3,50096,-153.40191248277958,250,false,0.29438493198289123,11.691417965062735,40,false
safety,A4c,3,id_reference,A4c_train_seed_3,50097,-186.79616110652915,250,false,0.4267918395645568,6.3956459062223683,40,false
safety,A4c,3,id_reference,A4c_train_seed_3,50098,-65.597666006627335,59,true,0.01499031201286706,13.804300870369429,40,false
safety,A4c,3,id_reference,A4c_train_seed_3,50099,-178.40492880087493,250,false,0.3495302083445353,9.0556558462951777,40,false
safety,A3,3,id_reference,A3_train_seed_3,50000,-20.956060107099255,68,true,0.048578190204671662,6.5118506937710041,38.394130706787109,false
safety,A3,3,id_reference,A3_train_seed_3,50001,-108.11238556705439,102,true,0.048044340264029248,10.767137794435964,40,false
safety,A3,3,id_reference,A3_train_seed_3,50002,-30.81818749741533,45,true,0.0246108154668188,9.8020519924500267,40,false
safety,A3,3,id_reference,A3_train_seed_3,50003,-201.68042894820653,250,false,0.26625829967844006,10.696675447983706,40,false
safety,A3,3,id_reference,A3_train_seed_3,50004,-35.277228665677207,58,true,0.048772414358825185,9.9578271404873036,40,false
safety,A3,3,id_reference,A3_train_seed_3,50005,-118.43425374681554,250,false,0.063455035300207671,13.332527863304179,40,false
safety,A3,3,id_reference,A3_train_seed_3,50006,-29.686846510954297,51,true,0.047565673476532289,6.8061854689692991,40,false
safety,A3,3,id_reference,A3_train_seed_3,50007,-110.43534061175285,67,true,0.048456960970482341,10.829421937595216,40,false
safety,A3,3,id_reference,A3_train_seed_3,50008,-127.05079890580382,90,true,0.033482183026749553,17.669635845350626,40,false
safety,A3,3,id_reference,A3_train_seed_3,50009,-46.680752679153244,59,true,0.049336379442338756,9.244409458866107,40,false
safety,A3,3,id_reference,A3_train_seed_3,50010,-81.670558695083713,250,false,0.080889648242227219,12.079326182693968,40,false
safety,A3,3,id_reference,A3_train_seed_3,50011,-18.294114458763694,54,true,0.04724960775565374,5.3997438507724409,38.189914703369141,false
safety,A3,3,id_reference,A3_train_seed_3,50012,-68.4605651948781,250,false,0.075257314819817858,12.153336891976812,40,false
safety,A3,3,id_reference,A3_train_seed_3,50013,-145.95256355290311,250,false,0.21171196306783591,9.494337896361742,40,false
safety,A3,3,id_reference,A3_train_seed_3,50014,-99.798100012807211,75,true,0.049731314568907732,11.432112026027182,40,false
safety,A3,3,id_reference,A3_train_seed_3,50015,-102.21652952354691,108,true,0.031530529356961559,11.528363572516973,40,false
safety,A3,3,id_reference,A3_train_seed_3,50016,-54.273964021094088,54,true,0.025726388699835675,10.261694705385857,40,false
safety,A3,3,id_reference,A3_train_seed_3,50017,-86.755542143623188,250,false,0.074506920359288978,9.350603914458878,40,false
safety,A3,3,id_reference,A3_train_seed_3,50018,-82.310801701246405,59,true,0.033946407766008775,11.867814881499239,40,false
safety,A3,3,id_reference,A3_train_seed_3,50019,-80.071857624014342,66,true,0.047077656421499851,12.000580656572776,40,false
safety,A3,3,id_reference,A3_train_seed_3,50020,-25.042811859478704,51,true,0.045177910523871691,7.3787606999014859,40,false
safety,A3,3,id_reference,A3_train_seed_3,50021,-11.617455168478275,28,true,0.041669254004222445,5.5832029516841342,34.089778900146484,false
safety,A3,3,id_reference,A3_train_seed_3,50022,-87.120162127498645,66,true,0.044993793944008695,12.440184524198596,40,false
safety,A3,3,id_reference,A3_train_seed_3,50023,-84.753405763517492,79,true,0.032140607943705789,10.022081718552501,40,false
safety,A3,3,id_reference,A3_train_seed_3,50024,-3.8377219938907672,41,true,0.019179753116043544,4.19754024727097,36.139022827148438,false
safety,A3,3,id_reference,A3_train_seed_3,50025,-91.967533251581287,89,true,0.042570245977088444,11.840056650500294,40,false
safety,A3,3,id_reference,A3_train_seed_3,50026,-98.661650166016244,250,false,0.15298712680120363,7.8726414978534027,40,false
safety,A3,3,id_reference,A3_train_seed_3,50027,-41.992755645437519,60,true,0.04712101751329309,9.3217629873199446,40,false
safety,A3,3,id_reference,A3_train_seed_3,50028,-112.59036174849052,62,true,0.020683444967363129,16.887398194655095,40,false
safety,A3,3,id_reference,A3_train_seed_3,50029,-79.477544810522673,77,true,0.049170035539233554,13.289308683719417,40,false
safety,A3,3,id_reference,A3_train_seed_3,50030,-82.725605754988891,87,true,0.045885489193904845,10.086415523808254,40,false
safety,A3,3,id_reference,A3_train_seed_3,50031,-77.074402376274463,49,true,0.028385894762657446,14.342663843596847,40,false
safety,A3,3,id_reference,A3_train_seed_3,50032,-70.502051567735506,57,true,0.048674420650727926,12.869207807014654,40,false
safety,A3,3,id_reference,A3_train_seed_3,50033,-2.7005524301337847,25,true,0.047083044594009263,5.9494366220273136,28.0333251953125,false
safety,A3,3,id_reference,A3_train_seed_3,50034,-27.223211005204313,40,true,0.046467282712194045,8.5760179275318862,40,false
safety,A3,3,id_reference,A3_train_seed_3,50035,-31.409170350240924,57,true,0.018753456015951363,7.1538829651677487,40,false
safety,A3,3,id_reference,A3_train_seed_3,50036,-32.203186752897288,40,true,0.041776475084798412,5.2486290766884105,40,false
safety,A3,3,id_reference,A3_train_seed_3,50037,-33.548082633486956,39,true,0.028817713471561299,10.980091039266133,40,false
safety,A3,3,id_reference,A3_train_seed_3,50038,-139.90868877587147,89,true,0.044909494636125181,15.284391040615095,40,false
safety,A3,3,id_reference,A3_train_seed_3,50039,-24.647908817563213,51,true,0.048057459616766357,5.0448277374885189,40,false
safety,A3,3,id_reference,A3_train_seed_3,50040,-72.238143967781483,250,false,0.060863576777952275,10.978244393194569,40,false
safety,A3,3,id_reference,A3_train_seed_3,50041,-43.301935921430207,49,true,0.027269822111938073,12.786291122784142,40,false
safety,A3,3,id_reference,A3_train_seed_3,50042,-73.599932527231232,250,false,0.13493873744908999,8.8375928671075794,40,false
safety,A3,3,id_reference,A3_train_seed_3,50043,-10.69986992467491,41,true,0.040204157127745339,5.8898887219123894,40,false
safety,A3,3,id_reference,A3_train_seed_3,50044,-55.936580554564202,80,true,0.049841712585810237,12.009289012058266,40,false
safety,A3,3,id_reference,A3_train_seed_3,50045,-78.199881427849448,97,true,0.048388019932250684,11.773496560500575,40,false
safety,A3,3,id_reference,A3_train_seed_3,50046,-78.924652966228408,250,false,0.084515522147622119,14.792772988578312,40,false
safety,A3,3,id_reference,A3_train_seed_3,50047,-86.331987247469669,250,false,0.10888797277726404,5.8121609445721001,40,false
safety,A3,3,id_reference,A3_train_seed_3,50048,-60.21627673181397,85,true,0.04862764691610761,11.280908787463336,40,false
safety,A3,3,id_reference,A3_train_seed_3,50049,-82.706968629875178,71,true,0.032509601501617434,14.681397088713121,40,false
safety,A3,3,id_reference,A3_train_seed_3,50050,-151.23582007061427,250,false,0.061074312693103448,11.302543736274409,40,false
safety,A3,3,id_reference,A3_train_seed_3,50051,-161.71921549335752,250,false,0.061197907303372039,14.787814286773319,40,false
safety,A3,3,id_reference,A3_train_seed_3,50052,-185.81786969811648,250,false,0.14184262902619066,13.305655118702296,40,false
safety,A3,3,id_reference,A3_train_seed_3,50053,-37.892799883075796,69,true,0.04928522741431772,9.4068997351904908,40,false
safety,A3,3,id_reference,A3_train_seed_3,50054,-130.03148482924811,88,true,0.047991580992502371,19.517680387612714,40,false
safety,A3,3,id_reference,A3_train_seed_3,50055,-76.543264011515078,94,true,0.048360886589179745,10.54459190945337,40,false
safety,A3,3,id_reference,A3_train_seed_3,50056,-4.7171576201929604,44,true,0.049548104154231609,5.7372114064393864,23.025297164916992,false
safety,A3,3,id_reference,A3_train_seed_3,50057,-40.371689088965311,57,true,0.049481865511496068,9.3320031560518224,40,false
safety,A3,3,id_reference,A3_train_seed_3,50058,-97.39158990456221,65,true,0.032858406139414202,15.269522020641404,40,false
safety,A3,3,id_reference,A3_train_seed_3,50059,-60.014635457062042,250,false,0.051682695535337671,7.0100560822972673,40,false
safety,A3,3,id_reference,A3_train_seed_3,50060,-91.522733416889608,63,true,0.045079223041401321,14.272565362734838,40,false
safety,A3,3,id_reference,A3_train_seed_3,50061,-61.633209158577294,250,false,0.053969473475333249,4.1668448639452658,40,false
safety,A3,3,id_reference,A3_train_seed_3,50062,-87.550342442468946,73,true,0.049490884252975965,14.387858609400483,40,false
safety,A3,3,id_reference,A3_train_seed_3,50063,-9.0831577724506918,39,true,0.049865544054339718,4.6562966665774956,36.015773773193359,false
safety,A3,3,id_reference,A3_train_seed_3,50064,-20.256038797672417,35,true,0.010809441542399902,8.8348454532151415,40,false
safety,A3,3,id_reference,A3_train_seed_3,50065,-19.890085185398782,39,true,0.015610618525540965,7.4618040980334133,40,false
safety,A3,3,id_reference,A3_train_seed_3,50066,-61.911655810673473,80,true,0.049472034219755837,9.9598637876840144,40,false
safety,A3,3,id_reference,A3_train_seed_3,50067,-20.688051944769221,30,true,0.035919743646369628,7.1373495335803741,40,false
safety,A3,3,id_reference,A3_train_seed_3,50068,-14.677149707713431,34,true,0.0498938997405464,8.3343769070227705,24.183464050292969,false
safety,A3,3,id_reference,A3_train_seed_3,50069,-65.45759685582621,63,true,0.029216345008743323,16.722324431447937,40,false
safety,A3,3,id_reference,A3_train_seed_3,50070,-55.502839056549142,250,false,0.082248034959619964,5.4298807843395123,33.40142822265625,false
safety,A3,3,id_reference,A3_train_seed_3,50071,-18.006568394269976,38,true,0.047989728456627738,7.3115197025683667,40,false
safety,A3,3,id_reference,A3_train_seed_3,50072,-86.926356273967983,63,true,0.049424065884087445,10.176797755531531,40,false
safety,A3,3,id_reference,A3_train_seed_3,50073,-161.56928995583235,250,false,0.08069184424735211,12.546586847232977,40,false
safety,A3,3,id_reference,A3_train_seed_3,50074,-17.40973744607598,32,true,0.030357189145253493,7.2278876400610415,35.567882537841797,false
safety,A3,3,id_reference,A3_train_seed_3,50075,-105.10617826505548,250,false,0.13730936522529927,7.5614544936605865,40,false
safety,A3,3,id_reference,A3_train_seed_3,50076,-96.127251427602062,63,true,0.01334177889834101,11.494857321833026,40,false
safety,A3,3,id_reference,A3_train_seed_3,50077,-69.11279202774989,250,false,0.09953521878296015,14.489894445499727,40,false
safety,A3,3,id_reference,A3_train_seed_3,50078,-24.222722301713123,50,true,0.049115130611439697,5.9124748087269312,40,false
safety,A3,3,id_reference,A3_train_seed_3,50079,-83.273964218367141,61,true,0.024111385052849925,13.42166034828675,40,false
safety,A3,3,id_reference,A3_train_seed_3,50080,-143.7312506102777,89,true,0.048095329214614332,13.387388405446943,40,false
safety,A3,3,id_reference,A3_train_seed_3,50081,-71.346712123597698,250,false,0.073369566707363706,10.071986751907019,40,false
safety,A3,3,id_reference,A3_train_seed_3,50082,-74.704648792099221,250,false,0.10970919948555075,13.429970296055631,40,false
safety,A3,3,id_reference,A3_train_seed_3,50083,-82.456520133954044,59,true,0.030837960119933054,10.245192709983023,40,false
safety,A3,3,id_reference,A3_train_seed_3,50084,-18.92289851371396,37,true,0.039644097016251552,9.0098663143574633,40,false
safety,A3,3,id_reference,A3_train_seed_3,50085,-125.22207557145964,250,false,0.061686891587784516,15.76059100456944,40,false
safety,A3,3,id_reference,A3_train_seed_3,50086,-101.30018415367135,250,false,0.11143132080676721,17.615684344614724,40,false
safety,A3,3,id_reference,A3_train_seed_3,50087,-23.791053113168751,42,true,0.04846473245892266,6.4300559827954622,40,false
safety,A3,3,id_reference,A3_train_seed_3,50088,-124.36259649122196,250,false,0.14162066501820889,14.309920368755465,40,false
safety,A3,3,id_reference,A3_train_seed_3,50089,-49.03405397109281,51,true,0.037647459894114006,9.3382002163087545,40,false
safety,A3,3,id_reference,A3_train_seed_3,50090,-116.35964041663406,250,false,0.086467222590105808,10.488483887681722,40,false
safety,A3,3,id_reference,A3_train_seed_3,50091,-121.60540859293218,69,true,0.027419938322334924,11.061845234169169,40,false
safety,A3,3,id_reference,A3_train_seed_3,50092,-66.502827609372986,90,true,0.04882243803416355,6.9717999752325701,40,false
safety,A3,3,id_reference,A3_train_seed_3,50093,-138.55867274599089,250,false,0.10125498321904781,11.208773589945844,40,false
safety,A3,3,id_reference,A3_train_seed_3,50094,-14.540740922358195,42,true,0.042279328630310378,6.5821133075301876,40,false
safety,A3,3,id_reference,A3_train_seed_3,50095,-25.132711776186831,36,true,0.047832879123357416,6.0636698144844585,37.215492248535156,false
safety,A3,3,id_reference,A3_train_seed_3,50096,-127.97160539006693,250,false,0.14550572504143916,10.898836846826718,40,false
safety,A3,3,id_reference,A3_train_seed_3,50097,-156.23647351132107,250,false,0.3460762308064777,7.2381641807597497,40,false
safety,A3,3,id_reference,A3_train_seed_3,50098,-94.912100963862017,250,false,0.070870063121555943,13.627759994229903,40,false
safety,A3,3,id_reference,A3_train_seed_3,50099,-92.779973002066384,78,true,0.043504866186891783,9.223916542573793,40,false
safety,A6c,3,id_reference,A6c_train_seed_3,50000,-103.39352362079563,250,false,0.20309152459552152,4.4308824803030964,36.838245391845703,false
safety,A6c,3,id_reference,A6c_train_seed_3,50001,-142.0352547697712,250,false,0.088086697726097452,5.0840700433932762,40,false
safety,A6c,3,id_reference,A6c_train_seed_3,50002,-48.767528406088559,60,true,0.042307464858947368,6.3856624191441398,40,false
safety,A6c,3,id_reference,A6c_train_seed_3,50003,-277.115394975703,250,false,0.42983401501769281,4.3293987798264491,40,false
safety,A6c,3,id_reference,A6c_train_seed_3,50004,-91.548854080632651,121,true,0.046756182871126865,4.5568475022998154,40,false
safety,A6c,3,id_reference,A6c_train_seed_3,50005,-86.036514490534273,68,true,0.011593815774280486,6.3140330618939977,40,false
safety,A6c,3,id_reference,A6c_train_seed_3,50006,-90.890782375376617,250,false,0.089347988645382681,3.0206739430786462,40,false
safety,A6c,3,id_reference,A6c_train_seed_3,50007,-192.29408843905253,250,false,0.38670516939731447,4.4209515704632985,40,false
safety,A6c,3,id_reference,A6c_train_seed_3,50008,-100.72632116011481,92,true,0.015688156057830256,6.0645835099223095,40,false
safety,A6c,3,id_reference,A6c_train_seed_3,50009,-158.41637913944317,250,false,0.18512018420000925,3.0552106193161102,40,false
safety,A6c,3,id_reference,A6c_train_seed_3,50010,-73.528832916790236,63,true,0.025999025806950592,3.6679859034484941,40,false
safety,A6c,3,id_reference,A6c_train_seed_3,50011,-83.362427958759383,250,false,0.16190612350898254,4.8321188563896316,35.326885223388672,false
safety,A6c,3,id_reference,A6c_train_seed_3,50012,-39.646352349570734,47,true,0.036865763890496221,3.5202561316993832,40,false
safety,A6c,3,id_reference,A6c_train_seed_3,50013,-258.7707263080456,250,false,0.38311869999386428,4.3983532477762131,40,false
safety,A6c,3,id_reference,A6c_train_seed_3,50014,-190.95988928103779,250,false,0.32791948171743596,4.3738317836648157,40,false
safety,A6c,3,id_reference,A6c_train_seed_3,50015,-149.88945996545056,250,false,0.28457986201611096,3.4260343672269635,40,false
safety,A6c,3,id_reference,A6c_train_seed_3,50016,-232.10228355714133,250,false,0.61036295495470849,2.1227415215214487,40,false
safety,A6c,3,id_reference,A6c_train_seed_3,50017,-73.255734951000122,73,true,0.016698478730475516,5.0381458412826285,40,false
safety,A6c,3,id_reference,A6c_train_seed_3,50018,-154.47183121529909,48,false,2.1298779208905874,5.6747870860117544,40,false
safety,A6c,3,id_reference,A6c_train_seed_3,50019,-249.66432938606332,250,false,0.29918187053976947,3.1681651724269653,40,false
safety,A6c,3,id_reference,A6c_train_seed_3,50020,-45.273774297270364,73,true,0.049315508996715239,2.500932426036711,38.857994079589844,false
safety,A6c,3,id_reference,A6c_train_seed_3,50021,-21.50835601527767,49,true,0.046048306776807005,3.3177362198449467,29.417018890380859,false
safety,A6c,3,id_reference,A6c_train_seed_3,50022,-119.98537502796808,250,false,0.122455993850793,3.9141712757272011,40,false
safety,A6c,3,id_reference,A6c_train_seed_3,50023,-112.74311048551225,250,false,0.051250995567083055,6.3845181155424227,40,false
safety,A6c,3,id_reference,A6c_train_seed_3,50024,-4.7552037325665957,43,true,0.047416655944284868,3.3524417133680786,33.345474243164062,false
safety,A6c,3,id_reference,A6c_train_seed_3,50025,-86.945851536181834,82,true,0.0054542239112037837,7.2384609339028216,40,false
safety,A6c,3,id_reference,A6c_train_seed_3,50026,-257.35225302213485,250,false,0.67149756448154541,5.6648546652652882,40,false
safety,A6c,3,id_reference,A6c_train_seed_3,50027,-35.997659256453815,35,true,0.029521304911850607,6.5972859640535191,40,false
safety,A6c,3,id_reference,A6c_train_seed_3,50028,-67.502326186009299,58,true,0.023901345619033461,6.0355502685789784,40,false
safety,A6c,3,id_reference,A6c_train_seed_3,50029,-164.09733726169793,250,false,0.15071523662332659,4.4133641172955818,40,false
safety,A6c,3,id_reference,A6c_train_seed_3,50030,-86.824939535180548,78,true,0.016850288268979618,4.4750520033968542,40,false
safety,A6c,3,id_reference,A6c_train_seed_3,50031,-79.874924984891578,57,true,0.046724135252221369,6.66075765709419,40,false
safety,A6c,3,id_reference,A6c_train_seed_3,50032,-104.94930885272402,250,false,0.091858721889659017,3.0505811983308568,40,false
safety,A6c,3,id_reference,A6c_train_seed_3,50033,-5.7885306680235473,36,true,0.017163892810212442,4.0200174754667763,27.162466049194336,false
safety,A6c,3,id_reference,A6c_train_seed_3,50034,-42.521199950106784,55,true,0.028999242636324023,5.1547547461020322,40,false
safety,A6c,3,id_reference,A6c_train_seed_3,50035,-101.63795396769197,250,false,0.071334206422515686,4.6676751276281578,40,false
safety,A6c,3,id_reference,A6c_train_seed_3,50036,-71.499502931392215,91,true,0.048138037420318164,2.3642341108735905,38.717292785644531,false
safety,A6c,3,id_reference,A6c_train_seed_3,50037,-68.621601439823138,85,true,0.048526545524531006,3.1554464068292432,40,false
safety,A6c,3,id_reference,A6c_train_seed_3,50038,-155.55727420483791,250,false,0.17992227417525286,5.9785601821757846,40,false
safety,A6c,3,id_reference,A6c_train_seed_3,50039,-54.798224674890783,67,true,0.047160187534998156,2.1071037664444163,34.822658538818359,false
safety,A6c,3,id_reference,A6c_train_seed_3,50040,-46.504328445138107,72,true,0.049904803533743936,5.0407614039361572,40,false
safety,A6c,3,id_reference,A6c_train_seed_3,50041,-51.957400832117216,53,true,0.024248403745724397,4.6629651564759733,40,false
safety,A6c,3,id_reference,A6c_train_seed_3,50042,-71.019313951122371,250,false,0.092609207498834625,4.8679872870273728,40,false
safety,A6c,3,id_reference,A6c_train_seed_3,50043,-13.560762072238314,36,true,0.048732857138223271,3.0492479685513603,35.817398071289062,false
safety,A6c,3,id_reference,A6c_train_seed_3,50044,-65.813334255817921,60,true,0.048528823021224229,2.4051114419201025,40,false
safety,A6c,3,id_reference,A6c_train_seed_3,50045,-240.24956577140884,250,false,0.21595611344574681,5.3453081618009355,40,false
safety,A6c,3,id_reference,A6c_train_seed_3,50046,-61.400877964286337,60,true,0.049795534748093222,5.0162860962912994,40,false
safety,A6c,3,id_reference,A6c_train_seed_3,50047,-103.3479614884684,250,false,0.18298944851459109,4.4701843710811895,40,false
safety,A6c,3,id_reference,A6c_train_seed_3,50048,-49.250177683488388,70,true,0.047985333443439845,6.9678592493707932,40,false
safety,A6c,3,id_reference,A6c_train_seed_3,50049,-93.263874765558924,74,true,0.015628018006796605,3.7727677148192358,40,false
safety,A6c,3,id_reference,A6c_train_seed_3,50050,-140.9341592062211,250,false,0.094882693610800289,5.7993844220495081,40,false
safety,A6c,3,id_reference,A6c_train_seed_3,50051,-138.32389223767927,250,false,0.096927470508116897,5.7573059387105285,40,false
safety,A6c,3,id_reference,A6c_train_seed_3,50052,-263.17196934390017,250,false,0.35327935960659446,6.1740333978725257,40,false
safety,A6c,3,id_reference,A6c_train_seed_3,50053,-53.142923408555887,71,true,0.049414470295050361,2.9195234371569398,40,false
safety,A6c,3,id_reference,A6c_train_seed_3,50054,-100.39385862625078,83,true,0.04749938018859156,5.2618201995299891,40,false
safety,A6c,3,id_reference,A6c_train_seed_3,50055,-202.68024809053142,250,false,0.52912692221399715,2.3175212989379657,40,false
safety,A6c,3,id_reference,A6c_train_seed_3,50056,-5.1653236829308629,41,true,0.049997734892079641,4.2509019071922367,22.899873733520508,false
safety,A6c,3,id_reference,A6c_train_seed_3,50057,-98.106709454209494,250,false,0.10869436185346373,3.3970727223772412,40,false
safety,A6c,3,id_reference,A6c_train_seed_3,50058,-93.895111831800889,86,true,0.049840072410100814,4.850763570188529,40,false
safety,A6c,3,id_reference,A6c_train_seed_3,50059,-70.394052888185954,93,true,0.048254857893387675,4.0834803593895579,40,false
safety,A6c,3,id_reference,A6c_train_seed_3,50060,-118.40792953289991,75,true,0.0420194642602797,5.3263885701517522,40,false
safety,A6c,3,id_reference,A6c_train_seed_3,50061,-85.650170200557739,250,false,0.16547760519157398,3.7047238408195406,39.849979400634766,false
safety,A6c,3,id_reference,A6c_train_seed_3,50062,-87.949058239085929,70,true,0.032435922085503513,6.6049897294041218,40,false
safety,A6c,3,id_reference,A6c_train_seed_3,50063,-80.677061744378008,250,false,0.1374709335864083,2.8350052947331688,34.265300750732422,false
safety,A6c,3,id_reference,A6c_train_seed_3,50064,-26.140198998840852,37,true,0.049591232713562312,4.2162583872803587,40,false
safety,A6c,3,id_reference,A6c_train_seed_3,50065,-25.519866255082,49,true,0.04232442133517849,4.7867133480031567,38.882328033447266,false
safety,A6c,3,id_reference,A6c_train_seed_3,50066,-165.40276475389598,250,false,0.1592209810460439,3.2708495289341495,40,false
safety,A6c,3,id_reference,A6c_train_seed_3,50067,-35.351753950054658,54,true,0.049767043048661731,4.2553812806557039,40,false
safety,A6c,3,id_reference,A6c_train_seed_3,50068,-20.447889357993834,42,true,0.049531561937322513,4.5697944407386046,24.254865646362305,false
safety,A6c,3,id_reference,A6c_train_seed_3,50069,-61.045241983108596,63,true,0.020265871893381197,5.0489355299433036,40,false
safety,A6c,3,id_reference,A6c_train_seed_3,50070,-74.194414090447381,250,false,0.14365770311307402,3.6728729599347325,30.332454681396484,false
safety,A6c,3,id_reference,A6c_train_seed_3,50071,-23.268722434843408,43,true,0.049400111685110562,3.920014593135047,40,false
safety,A6c,3,id_reference,A6c_train_seed_3,50072,-175.04024911125811,250,false,0.26577159375191206,5.768724702895482,40,false
safety,A6c,3,id_reference,A6c_train_seed_3,50073,-163.3986492230562,250,false,0.16841188297265022,5.6564159058004542,40,false
safety,A6c,3,id_reference,A6c_train_seed_3,50074,-36.510299757367285,62,true,0.033310904177024314,4.0013767740575359,31.766077041625977,false
safety,A6c,3,id_reference,A6c_train_seed_3,50075,-191.08986846888254,250,false,0.479101713301471,4.9833403660908493,40,false
safety,A6c,3,id_reference,A6c_train_seed_3,50076,-121.97287530087384,36,false,2.4383655681890346,10.523806427909895,40,false
safety,A6c,3,id_reference,A6c_train_seed_3,50077,-61.081201261249056,250,false,0.08777622608089318,8.8661046970060315,40,false
safety,A6c,3,id_reference,A6c_train_seed_3,50078,-78.59580746727859,250,false,0.074832903875631837,3.0101772021806279,40,false
safety,A6c,3,id_reference,A6c_train_seed_3,50079,-240.37319278228534,250,false,0.086287564221548887,5.5450933056093268,40,false
safety,A6c,3,id_reference,A6c_train_seed_3,50080,-136.68958887279001,250,false,0.066648475299070392,6.9430977224394512,40,false
safety,A6c,3,id_reference,A6c_train_seed_3,50081,-65.72070065170071,250,false,0.063100102822660598,5.8217178928519413,40,false
safety,A6c,3,id_reference,A6c_train_seed_3,50082,-66.404053875347799,250,false,0.082742734849806418,6.3463680965170219,40,false
safety,A6c,3,id_reference,A6c_train_seed_3,50083,-82.572252388855844,77,true,0.044089994772532434,6.8636417554040685,40,false
safety,A6c,3,id_reference,A6c_train_seed_3,50084,-27.829914082425475,44,true,0.048931270186536931,3.5593831631434503,40,false
safety,A6c,3,id_reference,A6c_train_seed_3,50085,-159.22495931438732,250,false,0.20142153551417522,5.484238666550679,40,false
safety,A6c,3,id_reference,A6c_train_seed_3,50086,-100.41890102048816,250,false,0.070958337057812682,6.6679389510127329,40,false
safety,A6c,3,id_reference,A6c_train_seed_3,50087,-33.396396668512793,48,true,0.048605595515830068,2.9802862056941239,37.5748291015625,false
safety,A6c,3,id_reference,A6c_train_seed_3,50088,-176.61692333856621,250,false,0.18956007096798264,5.8307615032116251,40,false
safety,A6c,3,id_reference,A6c_train_seed_3,50089,-56.089006815889277,69,true,0.020416157330856409,5.8311469399003073,40,false
safety,A6c,3,id_reference,A6c_train_seed_3,50090,-157.6629166059322,250,false,0.28833672827687301,3.9609401690599992,40,false
safety,A6c,3,id_reference,A6c_train_seed_3,50091,-219.93541808007743,250,false,0.44475225687613995,5.6750311243242555,40,false
safety,A6c,3,id_reference,A6c_train_seed_3,50092,-173.77701526393403,250,false,0.35584429374752785,5.0400883367104514,40,false
safety,A6c,3,id_reference,A6c_train_seed_3,50093,-408.30839886577144,250,false,1.0391184848957811,9.8090712361229997,40,false
safety,A6c,3,id_reference,A6c_train_seed_3,50094,-18.774409879090914,40,true,0.047862097781694563,3.5856121609530875,37.870979309082031,false
safety,A6c,3,id_reference,A6c_train_seed_3,50095,-41.961847783708606,70,true,0.024316133984709155,3.659550875946942,36.616249084472656,false
safety,A6c,3,id_reference,A6c_train_seed_3,50096,-195.11178418500091,250,false,0.27449996869153093,3.4194772604411168,40,false
safety,A6c,3,id_reference,A6c_train_seed_3,50097,-206.5651611326972,250,false,0.4839063931997904,6.0264971675329511,40,false
safety,A6c,3,id_reference,A6c_train_seed_3,50098,-91.345634467642867,79,true,0.048684974718711277,5.5054604447531075,40,false
safety,A6c,3,id_reference,A6c_train_seed_3,50099,-213.54950851071703,250,false,0.44555960176119758,4.8473399418965588,40,false
safety,A6c_gate_off_control,3,id_reference,A6c_gate_off_control_train_seed_3,50000,-27.882397677525088,75,true,0.046822412876635057,4.4931023559737602,38.948249816894531,false
safety,A6c_gate_off_control,3,id_reference,A6c_gate_off_control_train_seed_3,50001,-119.3186104932757,114,true,0.048631016385034746,5.0508559970832811,40,false
safety,A6c_gate_off_control,3,id_reference,A6c_gate_off_control_train_seed_3,50002,-48.989735201838386,61,true,0.037679470689555572,6.4340086629416469,40,false
safety,A6c_gate_off_control,3,id_reference,A6c_gate_off_control_train_seed_3,50003,-252.28797243157274,250,false,0.2662416044727981,4.4169090960945683,40,false
safety,A6c_gate_off_control,3,id_reference,A6c_gate_off_control_train_seed_3,50004,-75.306363210216148,77,true,0.02574273556869916,4.6521530508091242,40,false
safety,A6c_gate_off_control,3,id_reference,A6c_gate_off_control_train_seed_3,50005,-85.368413128569316,69,true,0.010903340882190136,6.34035796359899,40,false
safety,A6c_gate_off_control,3,id_reference,A6c_gate_off_control_train_seed_3,50006,-47.546476519687936,64,true,0.038997026040569566,3.1085030901897794,40,false
safety,A6c_gate_off_control,3,id_reference,A6c_gate_off_control_train_seed_3,50007,-138.02733333288481,250,false,0.096067858538708542,4.6467564557877497,40,false
safety,A6c_gate_off_control,3,id_reference,A6c_gate_off_control_train_seed_3,50008,-94.576226062852598,92,true,0.0025110206477359292,6.498455460972675,40,false
safety,A6c_gate_off_control,3,id_reference,A6c_gate_off_control_train_seed_3,50009,-112.55683824639328,99,true,0.046170425347253463,3.2505628635121835,40,false
safety,A6c_gate_off_control,3,id_reference,A6c_gate_off_control_train_seed_3,50010,-100.24244853512675,250,false,0.080888727382113182,3.6681414370867751,40,false
safety,A6c_gate_off_control,3,id_reference,A6c_gate_off_control_train_seed_3,50011,-18.391908799481062,54,true,0.048445749649733617,5.3107532972045179,37.18621826171875,false
safety,A6c_gate_off_control,3,id_reference,A6c_gate_off_control_train_seed_3,50012,-73.986303695635698,250,false,0.075626766553872377,3.4620155580212164,38.913230895996094,false
safety,A6c_gate_off_control,3,id_reference,A6c_gate_off_control_train_seed_3,50013,-223.95311084308341,250,false,0.21171857623918738,4.7368711516794635,40,false
safety,A6c_gate_off_control,3,id_reference,A6c_gate_off_control_train_seed_3,50014,-187.74932206516374,250,false,0.31972413121974219,4.4983819067732895,40,false
safety,A6c_gate_off_control,3,id_reference,A6c_gate_off_control_train_seed_3,50015,-87.955745401764858,78,true,0.0065046739886292703,3.4504051416596244,40,false
safety,A6c_gate_off_control,3,id_reference,A6c_gate_off_control_train_seed_3,50016,-113.46789035971801,100,true,0.045299602410615224,2.123230424764424,40,false
safety,A6c_gate_off_control,3,id_reference,A6c_gate_off_control_train_seed_3,50017,-68.647713959906454,72,true,0.030093861109589452,5.1609468694877716,40,false
safety,A6c_gate_off_control,3,id_reference,A6c_gate_off_control_train_seed_3,50018,-154.42575291900513,48,false,2.1298864600223624,5.6747870860117544,40,false
safety,A6c_gate_off_control,3,id_reference,A6c_gate_off_control_train_seed_3,50019,-193.2560843725802,125,true,0.03536045392770347,3.2370494206398148,40,false
safety,A6c_gate_off_control,3,id_reference,A6c_gate_off_control_train_seed_3,50020,-49.293810906769252,81,true,0.048844094601224609,2.5378530483356072,36.632923126220703,false
safety,A6c_gate_off_control,3,id_reference,A6c_gate_off_control_train_seed_3,50021,-19.625519770673787,41,true,0.03076645805588318,3.5079109827520925,29.687009811401367,false
safety,A6c_gate_off_control,3,id_reference,A6c_gate_off_control_train_seed_3,50022,-82.273042012755695,66,true,0.03144797689379019,3.9141712757272011,40,false
safety,A6c_gate_off_control,3,id_reference,A6c_gate_off_control_train_seed_3,50023,-90.730619436460344,93,true,0.049592803494631778,6.3576782118665989,40,false
safety,A6c_gate_off_control,3,id_reference,A6c_gate_off_control_train_seed_3,50024,-3.9837074208663932,42,true,0.01969182218510843,3.9131037499241144,36.262664794921875,false
safety,A6c_gate_off_control,3,id_reference,A6c_gate_off_control_train_seed_3,50025,-89.403652456965631,82,true,0.041025558159126924,7.041282292889588,40,false
safety,A6c_gate_off_control,3,id_reference,A6c_gate_off_control_train_seed_3,50026,-249.48947658547934,250,false,0.67500897244405478,6.158593611077773,40,false
safety,A6c_gate_off_control,3,id_reference,A6c_gate_off_control_train_seed_3,50027,-35.323715193652198,39,true,0.037718927843490874,6.1992903620137252,40,false
safety,A6c_gate_off_control,3,id_reference,A6c_gate_off_control_train_seed_3,50028,-68.294644025323876,57,true,0.035416222253054859,6.0359531596174429,40,false
safety,A6c_gate_off_control,3,id_reference,A6c_gate_off_control_train_seed_3,50029,-124.90950024024609,92,true,0.049396112219120575,4.5239651289050204,40,false
safety,A6c_gate_off_control,3,id_reference,A6c_gate_off_control_train_seed_3,50030,-90.851491873690193,88,true,0.025632563374687781,4.3545251613521652,40,false
safety,A6c_gate_off_control,3,id_reference,A6c_gate_off_control_train_seed_3,50031,-80.215005924190351,57,true,0.049081664077064296,6.6450370650308832,40,false
safety,A6c_gate_off_control,3,id_reference,A6c_gate_off_control_train_seed_3,50032,-70.867121807206189,82,true,0.049370209388479379,3.0505811983308568,40,false
safety,A6c_gate_off_control,3,id_reference,A6c_gate_off_control_train_seed_3,50033,-4.7741802732373841,29,true,0.039326406332839903,4.0799711670372778,29.113121032714844,false
safety,A6c_gate_off_control,3,id_reference,A6c_gate_off_control_train_seed_3,50034,-42.44558016027581,53,true,0.014534075201726237,5.2567176689660835,40,false
safety,A6c_gate_off_control,3,id_reference,A6c_gate_off_control_train_seed_3,50035,-68.900256372504984,107,true,0.049500139149718222,4.9664255767885033,40,false
safety,A6c_gate_off_control,3,id_reference,A6c_gate_off_control_train_seed_3,50036,-67.863620261911692,67,true,0.03217374641862436,2.199796487517828,37.260654449462891,false
safety,A6c_gate_off_control,3,id_reference,A6c_gate_off_control_train_seed_3,50037,-64.133748668251798,56,true,0.04871923212350808,3.034673088626775,40,false
safety,A6c_gate_off_control,3,id_reference,A6c_gate_off_control_train_seed_3,50038,-139.06497003193579,250,false,0.077629017677064177,5.869889866394546,40,false
safety,A6c_gate_off_control,3,id_reference,A6c_gate_off_control_train_seed_3,50039,-53.709601129412825,63,true,0.021805243838746793,2.0501772811021355,34.724418640136719,false
safety,A6c_gate_off_control,3,id_reference,A6c_gate_off_control_train_seed_3,50040,-69.017069313546358,250,false,0.060863744821635278,5.1950613283694702,40,false
safety,A6c_gate_off_control,3,id_reference,A6c_gate_off_control_train_seed_3,50041,-51.443884227871294,52,true,0.027988096237075936,4.6644778276736947,40,false
safety,A6c_gate_off_control,3,id_reference,A6c_gate_off_control_train_seed_3,50042,-77.656269280170235,250,false,0.13493873793170505,4.8760803801141437,40,false
safety,A6c_gate_off_control,3,id_reference,A6c_gate_off_control_train_seed_3,50043,-14.918442097869619,46,true,0.048186353859590775,3.1405180627166254,35.575401306152344,false
safety,A6c_gate_off_control,3,id_reference,A6c_gate_off_control_train_seed_3,50044,-69.28270805933083,77,true,0.049356677325980279,2.5973448461625557,40,false
safety,A6c_gate_off_control,3,id_reference,A6c_gate_off_control_train_seed_3,50045,-194.17151195023303,125,true,0.049384513881642,5.5431979121163319,40,false
safety,A6c_gate_off_control,3,id_reference,A6c_gate_off_control_train_seed_3,50046,-62.890042971934463,68,true,0.049878676177244854,5.0162860962912994,40,false
safety,A6c_gate_off_control,3,id_reference,A6c_gate_off_control_train_seed_3,50047,-87.991590509393205,250,false,0.10888804376869327,4.4848723612020605,40,false
safety,A6c_gate_off_control,3,id_reference,A6c_gate_off_control_train_seed_3,50048,-52.464886646714781,78,true,0.047437636573383547,6.9580597619715654,40,false
safety,A6c_gate_off_control,3,id_reference,A6c_gate_off_control_train_seed_3,50049,-93.977625007792156,71,true,0.040402215755989519,3.6359152422798222,40,false
safety,A6c_gate_off_control,3,id_reference,A6c_gate_off_control_train_seed_3,50050,-108.34774045074921,84,true,0.048493293453616519,5.770781078634637,40,false
safety,A6c_gate_off_control,3,id_reference,A6c_gate_off_control_train_seed_3,50051,-135.92511434026514,250,false,0.08116708767814737,5.8069336013853796,40,false
safety,A6c_gate_off_control,3,id_reference,A6c_gate_off_control_train_seed_3,50052,-260.60446538304564,250,false,0.34246022671273979,6.1216005738334838,40,false
safety,A6c_gate_off_control,3,id_reference,A6c_gate_off_control_train_seed_3,50053,-52.023807361814541,55,true,0.024418520003767968,2.9922805579942264,40,false
safety,A6c_gate_off_control,3,id_reference,A6c_gate_off_control_train_seed_3,50054,-100.5298105802935,82,true,0.045225843667092772,5.3326207795958487,40,false
safety,A6c_gate_off_control,3,id_reference,A6c_gate_off_control_train_seed_3,50055,-91.884390770499493,97,true,0.039894872923942393,2.3271564202980937,40,false
safety,A6c_gate_off_control,3,id_reference,A6c_gate_off_control_train_seed_3,50056,-5.6099965014850053,45,true,0.049993352734088607,4.4120622031627477,22.490774154663086,false
safety,A6c_gate_off_control,3,id_reference,A6c_gate_off_control_train_seed_3,50057,-48.797851005363427,69,true,0.047887736467056685,3.5646562265322297,40,false
safety,A6c_gate_off_control,3,id_reference,A6c_gate_off_control_train_seed_3,50058,-93.082581900212006,88,true,0.049714302891100674,4.850763570188529,40,false
safety,A6c_gate_off_control,3,id_reference,A6c_gate_off_control_train_seed_3,50059,-64.507322374556708,89,true,0.048588602008390255,4.4791381493850757,40,false
safety,A6c_gate_off_control,3,id_reference,A6c_gate_off_control_train_seed_3,50060,-118.67092566857042,72,true,0.049073320947629805,5.4732195098393639,40,false
safety,A6c_gate_off_control,3,id_reference,A6c_gate_off_control_train_seed_3,50061,-61.771350591094119,250,false,0.053969474532811527,4.0494218694056201,40,false
safety,A6c_gate_off_control,3,id_reference,A6c_gate_off_control_train_seed_3,50062,-87.676728538640617,68,true,0.023424663617045816,6.4886829404762674,40,false
safety,A6c_gate_off_control,3,id_reference,A6c_gate_off_control_train_seed_3,50063,-15.98096982291881,49,true,0.04681500277202949,2.9232909547766641,35.323787689208984,false
safety,A6c_gate_off_control,3,id_reference,A6c_gate_off_control_train_seed_3,50064,-26.8292464253948,40,true,0.030001699257610717,4.2482676093834231,40,false
safety,A6c_gate_off_control,3,id_reference,A6c_gate_off_control_train_seed_3,50065,-26.514481208228162,49,true,0.037013853666566052,4.9312692128861348,37.786445617675781,false
safety,A6c_gate_off_control,3,id_reference,A6c_gate_off_control_train_seed_3,50066,-125.36015144899277,101,true,0.049737064936203286,3.3594429359938185,40,false
safety,A6c_gate_off_control,3,id_reference,A6c_gate_off_control_train_seed_3,50067,-34.122503619753033,46,true,0.030067089828867084,4.2881084641615654,40,false
safety,A6c_gate_off_control,3,id_reference,A6c_gate_off_control_train_seed_3,50068,-20.463714392856762,44,true,0.048198765565949549,4.5810791812304643,25.833805084228516,false
safety,A6c_gate_off_control,3,id_reference,A6c_gate_off_control_train_seed_3,50069,-61.498607640802661,63,true,0.0499456804368026,5.0489355299433036,40,false
safety,A6c_gate_off_control,3,id_reference,A6c_gate_off_control_train_seed_3,50070,-58.332200788992921,250,false,0.082247651967564755,3.4845613253421397,30.566389083862305,false
safety,A6c_gate_off_control,3,id_reference,A6c_gate_off_control_train_seed_3,50071,-23.438268957819197,44,true,0.049199781517423484,4.0621214556315985,40,false
safety,A6c_gate_off_control,3,id_reference,A6c_gate_off_control_train_seed_3,50072,-176.64311804912475,250,false,0.27519470140887464,5.8189582811717155,40,false
safety,A6c_gate_off_control,3,id_reference,A6c_gate_off_control_train_seed_3,50073,-149.55490306767834,250,false,0.080662739382776238,5.6680800782336176,40,false
safety,A6c_gate_off_control,3,id_reference,A6c_gate_off_control_train_seed_3,50074,-35.515610117128674,58,true,0.029274378273829275,4.0495268227399173,31.667421340942383,false
safety,A6c_gate_off_control,3,id_reference,A6c_gate_off_control_train_seed_3,50075,-128.60068742614607,250,false,0.13558486234304681,4.9961915507298498,40,false
safety,A6c_gate_off_control,3,id_reference,A6c_gate_off_control_train_seed_3,50076,-370.6903188567868,250,false,0.83917442965894462,8.1098171823282534,40,false
safety,A6c_gate_off_control,3,id_reference,A6c_gate_off_control_train_seed_3,50077,-66.530780285709312,250,false,0.071636114440755599,8.9169975810110316,40,false
safety,A6c_gate_off_control,3,id_reference,A6c_gate_off_control_train_seed_3,50078,-41.200255303633639,59,true,0.049730961628482985,3.070535803367703,40,false
safety,A6c_gate_off_control,3,id_reference,A6c_gate_off_control_train_seed_3,50079,-208.71980157286276,140,true,0.031383447830505402,5.6082804163770748,40,false
safety,A6c_gate_off_control,3,id_reference,A6c_gate_off_control_train_seed_3,50080,-107.95446650306494,95,true,0.047815075233545862,6.8114098150340769,40,false
safety,A6c_gate_off_control,3,id_reference,A6c_gate_off_control_train_seed_3,50081,-67.222138891993552,250,false,0.073369567905806371,5.7970266130295949,40,false
safety,A6c_gate_off_control,3,id_reference,A6c_gate_off_control_train_seed_3,50082,-83.001608974121226,250,false,0.16504069486583708,6.3404175912858545,40,false
safety,A6c_gate_off_control,3,id_reference,A6c_gate_off_control_train_seed_3,50083,-117.43944183581281,250,false,0.074127284409037125,6.993640706227664,40,false
safety,A6c_gate_off_control,3,id_reference,A6c_gate_off_control_train_seed_3,50084,-28.575734448144843,54,true,0.049657103749771871,3.7608623122291136,39.382926940917969,false
safety,A6c_gate_off_control,3,id_reference,A6c_gate_off_control_train_seed_3,50085,-160.02569371438409,250,false,0.20921707082534749,5.5582666185260887,40,false
safety,A6c_gate_off_control,3,id_reference,A6c_gate_off_control_train_seed_3,50086,-110.80369880244557,250,false,0.11143131163667448,6.6678777781118361,40,false
safety,A6c_gate_off_control,3,id_reference,A6c_gate_off_control_train_seed_3,50087,-34.85154308280751,55,true,0.021301363341623386,3.1988308341568548,34.752788543701172,false
safety,A6c_gate_off_control,3,id_reference,A6c_gate_off_control_train_seed_3,50088,-176.53779354327185,250,false,0.18894016639733446,5.8627328301810353,40,false
safety,A6c_gate_off_control,3,id_reference,A6c_gate_off_control_train_seed_3,50089,-53.624126703424174,66,true,0.033469890050621821,6.2556335270196186,40,false
safety,A6c_gate_off_control,3,id_reference,A6c_gate_off_control_train_seed_3,50090,-120.09811508309332,250,false,0.087952105671774,3.9366145828765466,40,false
safety,A6c_gate_off_control,3,id_reference,A6c_gate_off_control_train_seed_3,50091,-221.65114194354183,250,false,0.45694656438730125,5.7320395447867414,40,false
safety,A6c_gate_off_control,3,id_reference,A6c_gate_off_control_train_seed_3,50092,-93.361523296709834,110,true,0.04735311331325319,5.6100414097487237,40,false
safety,A6c_gate_off_control,3,id_reference,A6c_gate_off_control_train_seed_3,50093,-407.37648516162807,250,false,1.0498639751474808,5.9298223618146801,40,false
safety,A6c_gate_off_control,3,id_reference,A6c_gate_off_control_train_seed_3,50094,-19.555592158359349,46,true,0.042087622780581584,3.5679211497400627,36.471000671386719,false
safety,A6c_gate_off_control,3,id_reference,A6c_gate_off_control_train_seed_3,50095,-39.065265363593269,45,true,0.023089747597952633,3.6518899371787765,36.626136779785156,false
safety,A6c_gate_off_control,3,id_reference,A6c_gate_off_control_train_seed_3,50096,-167.59559140295994,250,false,0.14550665381496855,3.4194772604411168,40,false
safety,A6c_gate_off_control,3,id_reference,A6c_gate_off_control_train_seed_3,50097,-205.91675056663041,250,false,0.48623164227366528,6.1216325655191897,40,false
safety,A6c_gate_off_control,3,id_reference,A6c_gate_off_control_train_seed_3,50098,-119.96920326138883,250,false,0.070870067854719387,5.4322955417959538,40,false
safety,A6c_gate_off_control,3,id_reference,A6c_gate_off_control_train_seed_3,50099,-212.9587704333384,250,false,0.4455658495840471,5.0138890741820159,40,false
safety,A4c,3,ood_compound,A4c_train_seed_3,50000,-344.1220426569385,250,false,1.1279237095787624,5.0020383752161868,40,false
safety,A4c,3,ood_compound,A4c_train_seed_3,50001,-229.16189457714967,250,false,0.31958249989044801,13.637605876822397,40,false
safety,A4c,3,ood_compound,A4c_train_seed_3,50002,-287.96278459891073,250,false,0.84288511448385584,8.2563297478981958,40,false
safety,A4c,3,ood_compound,A4c_train_seed_3,50003,-536.12485190948621,250,false,1.0597623495528101,32.385596128612079,40,false
safety,A4c,3,ood_compound,A4c_train_seed_3,50004,-323.920588747664,250,false,1.1125124390537506,5.7931839025948548,40,false
safety,A4c,3,ood_compound,A4c_train_seed_3,50005,-236.7608936479522,250,false,0.3761268881475221,12.440273470472203,40,false
safety,A4c,3,ood_compound,A4c_train_seed_3,50006,-142.44074095328304,250,false,0.26541663987042391,7.2393675601921483,40,false
safety,A4c,3,ood_compound,A4c_train_seed_3,50007,-339.73560726479144,250,false,0.90409118308797898,8.6485714907960904,40,false
safety,A4c,3,ood_compound,A4c_train_seed_3,50008,-276.77859907186399,250,false,0.69602255608491226,9.0999031235341956,40,false
safety,A4c,3,ood_compound,A4c_train_seed_3,50009,-160.9616059304123,250,false,0.37125223370034183,8.1431140451358051,40,false
safety,A4c,3,ood_compound,A4c_train_seed_3,50010,-222.23070822743458,250,false,0.61876659145322654,8.3398834406977649,40,false
safety,A4c,3,ood_compound,A4c_train_seed_3,50011,-280.12787984878082,250,false,0.84983768319677122,7.2451772497152733,40,false
safety,A4c,3,ood_compound,A4c_train_seed_3,50012,-125.14747175992984,250,false,0.081628738709262127,9.2854177435501857,40,false
safety,A4c,3,ood_compound,A4c_train_seed_3,50013,-360.00407413524795,250,false,1.0920402222686199,7.7897781228340417,40,false
safety,A4c,3,ood_compound,A4c_train_seed_3,50014,-336.96018388347045,250,false,0.84298001140903278,14.816541605084543,40,false
safety,A4c,3,ood_compound,A4c_train_seed_3,50015,-338.92642268897578,250,false,0.99912978011284859,10.175345551527908,40,false
safety,A4c,3,ood_compound,A4c_train_seed_3,50016,-279.90058052881307,250,false,0.95909522794104674,9.0257969095719037,40,false
safety,A4c,3,ood_compound,A4c_train_seed_3,50017,-279.98778232794228,250,false,0.73585942332913457,7.5014795162905434,40,false
safety,A4c,3,ood_compound,A4c_train_seed_3,50018,-200.62578671384901,250,false,0.15928939068578721,7.9114618227265359,40,false
safety,A4c,3,ood_compound,A4c_train_seed_3,50019,-246.33587113369407,250,false,0.55205341054937085,9.9600500467900428,40,false
safety,A4c,3,ood_compound,A4c_train_seed_3,50020,-334.2436727228901,250,false,0.69081809806332484,6.5407529722626219,40,false
safety,A4c,3,ood_compound,A4c_train_seed_3,50021,-373.24342702097704,250,false,0.97568127520641357,3.2247135337365047,40,false
safety,A4c,3,ood_compound,A4c_train_seed_3,50022,-312.88470364543139,250,false,0.84535637661854857,9.6243020147069469,40,false
safety,A4c,3,ood_compound,A4c_train_seed_3,50023,-205.9574610975159,250,false,0.31413469814349448,13.007863082889372,40,false
safety,A4c,3,ood_compound,A4c_train_seed_3,50024,-319.32378177241605,250,false,0.92413995331990906,5.5442300343322577,40,false
safety,A4c,3,ood_compound,A4c_train_seed_3,50025,-204.43704641755977,250,false,0.31476534518205662,15.679299869048144,40,false
safety,A4c,3,ood_compound,A4c_train_seed_3,50026,-373.74134579165417,250,false,1.3218829260134539,6.0712114690768191,40,false
safety,A4c,3,ood_compound,A4c_train_seed_3,50027,-220.00429712862262,250,false,0.3858713849168528,8.5221493951958216,40,false
safety,A4c,3,ood_compound,A4c_train_seed_3,50028,-335.93732884822998,250,false,0.87656729395837185,13.610110888645913,40,false
safety,A4c,3,ood_compound,A4c_train_seed_3,50029,-252.52780114489067,250,false,0.38648241659304311,10.782751633924445,40,false
safety,A4c,3,ood_compound,A4c_train_seed_3,50030,-186.62038488502787,250,false,0.31804072774222086,9.574737576017645,40,false
safety,A4c,3,ood_compound,A4c_train_seed_3,50031,-176.92187898202405,250,false,0.12832711470586963,13.519512600686504,40,false
safety,A4c,3,ood_compound,A4c_train_seed_3,50032,-282.96995116870949,250,false,0.86438368614636463,9.3699144758699422,40,false
safety,A4c,3,ood_compound,A4c_train_seed_3,50033,-346.38867087351906,250,false,0.95977468694442314,2.7770110333378457,40,false
safety,A4c,3,ood_compound,A4c_train_seed_3,50034,-331.20824274950405,250,false,0.96106270077314604,6.4538708126006474,40,false
safety,A4c,3,ood_compound,A4c_train_seed_3,50035,-367.53471772864481,250,false,1.1060490545842168,5.0713894265204695,40,false
safety,A4c,3,ood_compound,A4c_train_seed_3,50036,-430.43107434048858,250,false,1.4161661686121629,4.3045443080666148,40,false
safety,A4c,3,ood_compound,A4c_train_seed_3,50037,-308.18917163245129,250,false,1.0735069033665505,9.2978670142185091,40,false
safety,A4c,3,ood_compound,A4c_train_seed_3,50038,-281.47217639473911,250,false,0.55627925754175556,15.958397009223397,40,false
safety,A4c,3,ood_compound,A4c_train_seed_3,50039,-152.9292969409353,250,false,0.29567382656206187,3.7668833222876139,40,false
safety,A4c,3,ood_compound,A4c_train_seed_3,50040,-228.89229888939664,250,false,0.55036197468171089,7.9117128207825536,40,false
safety,A4c,3,ood_compound,A4c_train_seed_3,50041,-273.29752258911549,250,false,0.83331226718127627,9.3461939755422563,40,false
safety,A4c,3,ood_compound,A4c_train_seed_3,50042,-250.0908248965022,250,false,0.62740796893722461,5.399215333858006,40,false
safety,A4c,3,ood_compound,A4c_train_seed_3,50043,-176.71361360991699,250,false,0.47382328877150348,3.8136498610442127,40,false
safety,A4c,3,ood_compound,A4c_train_seed_3,50044,-351.37222288485361,250,false,1.1704550223830419,10.280696048182602,40,false
safety,A4c,3,ood_compound,A4c_train_seed_3,50045,-256.22930460685279,250,false,0.57768202934693036,8.6370746933128206,40,false
safety,A4c,3,ood_compound,A4c_train_seed_3,50046,-223.81368334913998,250,false,0.52869640038053523,9.2692273835153607,40,false
safety,A4c,3,ood_compound,A4c_train_seed_3,50047,-464.4862273370822,250,false,1.4940653943614564,6.5965601958325939,40,false
safety,A4c,3,ood_compound,A4c_train_seed_3,50048,-180.66214610994965,250,false,0.31786994354409398,9.0591266742132159,40,false
safety,A4c,3,ood_compound,A4c_train_seed_3,50049,-312.98508557639866,250,false,0.76245102444626922,10.357378757936823,40,false
safety,A4c,3,ood_compound,A4c_train_seed_3,50050,-289.10795659902459,250,false,0.47282646833135361,21.706909025953514,40,false
safety,A4c,3,ood_compound,A4c_train_seed_3,50051,-176.4610894853237,250,false,0.15185915357493371,13.898478792703678,40,false
safety,A4c,3,ood_compound,A4c_train_seed_3,50052,-427.05753186480979,250,false,0.70124919888035764,20.081646821826965,40,false
safety,A4c,3,ood_compound,A4c_train_seed_3,50053,-280.86029870132279,250,false,1.0360679032693314,7.8407774602961169,40,false
safety,A4c,3,ood_compound,A4c_train_seed_3,50054,-239.67378801329312,250,false,0.37110615264048596,19.44313079063911,40,false
safety,A4c,3,ood_compound,A4c_train_seed_3,50055,-286.43308042592071,250,false,0.8429892683088126,8.8733845166917877,40,false
safety,A4c,3,ood_compound,A4c_train_seed_3,50056,-133.68682938660396,250,false,0.33418214065337981,3.8267579773354075,36.785373687744141,false
safety,A4c,3,ood_compound,A4c_train_seed_3,50057,-432.21987592419032,250,false,1.3353912150259382,7.5759606066080858,40,false
safety,A4c,3,ood_compound,A4c_train_seed_3,50058,-243.63833743267404,250,false,0.32893306486487228,11.434997909745457,40,false
safety,A4c,3,ood_compound,A4c_train_seed_3,50059,-278.88538404914289,250,false,0.72971004744255263,4.5918753965757304,40,false
safety,A4c,3,ood_compound,A4c_train_seed_3,50060,-293.54746739691063,250,false,0.63652893194313753,9.1939873327906376,40,false
safety,A4c,3,ood_compound,A4c_train_seed_3,50061,-335.33971806891924,250,false,0.92603396986115039,3.9218073824260768,40,false
safety,A4c,3,ood_compound,A4c_train_seed_3,50062,-224.17320226058638,250,false,0.30409677762888182,18.503850724790667,40,false
safety,A4c,3,ood_compound,A4c_train_seed_3,50063,-398.28090272693572,250,false,1.2302759712458144,2.9342122661637959,40,false
safety,A4c,3,ood_compound,A4c_train_seed_3,50064,-244.69091647034421,250,false,0.29304116782647371,5.9741803094823895,40,false
safety,A4c,3,ood_compound,A4c_train_seed_3,50065,-169.23962040373223,250,false,0.4901123405437518,6.9195321795988676,40,false
safety,A4c,3,ood_compound,A4c_train_seed_3,50066,-246.59690253273004,250,false,0.49538471772185011,6.8957856007367146,40,false
safety,A4c,3,ood_compound,A4c_train_seed_3,50067,-323.94874676585971,250,false,0.90077529686730595,5.9707355826506072,40,false
safety,A4c,3,ood_compound,A4c_train_seed_3,50068,-115.83933440553275,250,false,0.18904208220854415,5.2366406562015158,39.138889312744141,false
safety,A4c,3,ood_compound,A4c_train_seed_3,50069,-224.11352656287337,250,false,0.41423995237571654,12.411971200415373,40,false
safety,A4c,3,ood_compound,A4c_train_seed_3,50070,-318.11681418211998,250,false,1.0360023457178149,4.6308135041813756,40,false
safety,A4c,3,ood_compound,A4c_train_seed_3,50071,-199.91294758448291,250,false,1.2491645417832309,5.6571461915915373,40,false
safety,A4c,3,ood_compound,A4c_train_seed_3,50072,-187.42538389056492,250,false,0.20377982377164919,13.225827309494111,40,false
safety,A4c,3,ood_compound,A4c_train_seed_3,50073,-270.75536173315913,250,false,0.4982522752832822,16.706567666755792,40,false
safety,A4c,3,ood_compound,A4c_train_seed_3,50074,-319.35575691907189,250,false,0.9847394334522287,5.271048749762735,38.974208831787109,false
safety,A4c,3,ood_compound,A4c_train_seed_3,50075,-384.40993332286212,250,false,1.0557414795873299,5.3482723416529172,40,false
safety,A4c,3,ood_compound,A4c_train_seed_3,50076,-264.74086141958088,250,false,0.35302452583588539,10.368455101653161,40,false
safety,A4c,3,ood_compound,A4c_train_seed_3,50077,-214.39562604019494,250,false,0.56939529793036636,7.9339431544138463,40,false
safety,A4c,3,ood_compound,A4c_train_seed_3,50078,-464.88361326561215,250,false,1.2553283029420124,3.9058085542950987,40,false
safety,A4c,3,ood_compound,A4c_train_seed_3,50079,-364.03298931530605,250,false,1.0958249254965029,10.256695478937374,40,false
safety,A4c,3,ood_compound,A4c_train_seed_3,50080,-218.59154994083949,250,false,0.2556167917001283,17.714403535164383,40,false
safety,A4c,3,ood_compound,A4c_train_seed_3,50081,-189.80573537054346,250,false,0.41080070132354179,8.1123804009725102,40,false
safety,A4c,3,ood_compound,A4c_train_seed_3,50082,-163.38601909171382,250,false,0.44267980161471621,7.7786328759896204,40,false
safety,A4c,3,ood_compound,A4c_train_seed_3,50083,-171.10684904327255,250,false,0.11733469920518724,16.330970751361122,40,false
safety,A4c,3,ood_compound,A4c_train_seed_3,50084,-122.66773833798736,250,false,0.17722930373080525,5.2931903837513845,40,false
safety,A4c,3,ood_compound,A4c_train_seed_3,50085,-232.57148281411691,250,false,0.26481765669800483,20.567483994282728,40,false
safety,A4c,3,ood_compound,A4c_train_seed_3,50086,-143.15326599561277,250,false,0.20969928882486957,10.772877220381609,40,false
safety,A4c,3,ood_compound,A4c_train_seed_3,50087,-146.58783078463952,250,false,0.30233470085733954,5.5535361730674273,40,false
safety,A4c,3,ood_compound,A4c_train_seed_3,50088,-299.87141086630896,250,false,0.42160949844954093,14.304508907384946,40,false
safety,A4c,3,ood_compound,A4c_train_seed_3,50089,-191.19744550900708,250,false,0.45763898192313673,10.132719123061625,40,false
safety,A4c,3,ood_compound,A4c_train_seed_3,50090,-265.3820150272258,250,false,0.49257629379614182,9.6355672893857296,40,false
safety,A4c,3,ood_compound,A4c_train_seed_3,50091,-229.52496730090311,250,false,0.20738293258944271,12.525350137328536,40,false
safety,A4c,3,ood_compound,A4c_train_seed_3,50092,-327.39615021337391,250,false,0.96947035114637481,5.0486029255078106,40,false
safety,A4c,3,ood_compound,A4c_train_seed_3,50093,-383.96721189961801,250,false,0.085795375165314713,10.118336240855319,40,false
safety,A4c,3,ood_compound,A4c_train_seed_3,50094,-226.57260184560624,250,false,0.61699925306465009,5.8881781036140985,40,false
safety,A4c,3,ood_compound,A4c_train_seed_3,50095,-248.86717985243234,250,false,0.9654863487331572,5.8984997699051078,40,false
safety,A4c,3,ood_compound,A4c_train_seed_3,50096,-343.17924872426988,250,false,1.1228428998623925,10.063118707496367,40,false
safety,A4c,3,ood_compound,A4c_train_seed_3,50097,-313.30811904082327,250,false,1.0371335054326876,6.6471050627225345,40,false
safety,A4c,3,ood_compound,A4c_train_seed_3,50098,-154.32946835645657,250,false,0.14801641416447694,9.1886317275611269,40,false
safety,A4c,3,ood_compound,A4c_train_seed_3,50099,-345.71405219488042,250,false,1.1438916525441445,6.4855225485452941,40,false
safety,A3,3,ood_compound,A3_train_seed_3,50000,-266.84020970324798,250,false,1.1820250690688856,7.3375703998703017,40,false
safety,A3,3,ood_compound,A3_train_seed_3,50001,-221.1263354215624,250,false,0.18545311285385724,14.860745875363252,40,false
safety,A3,3,ood_compound,A3_train_seed_3,50002,-104.20056195998261,121,true,0.047608672862204833,9.2612097381871301,40,false
safety,A3,3,ood_compound,A3_train_seed_3,50003,-604.59742055382321,250,false,1.6317271013829291,29.650451541388851,40,false
safety,A3,3,ood_compound,A3_train_seed_3,50004,-294.7873670454569,250,false,0.92206283077900597,6.4970602790246987,40,false
safety,A3,3,ood_compound,A3_train_seed_3,50005,-132.97572796230949,87,true,0.038180295218292415,11.40901730207398,40,false
safety,A3,3,ood_compound,A3_train_seed_3,50006,-120.9166082012938,250,false,0.14981894207429053,6.8149321890383669,40,false
safety,A3,3,ood_compound,A3_train_seed_3,50007,-265.2587202681317,250,false,0.52459560495046431,9.0153593698528027,40,false
safety,A3,3,ood_compound,A3_train_seed_3,50008,-231.87599179131368,250,false,0.54925249586643032,9.4763455965348715,40,false
safety,A3,3,ood_compound,A3_train_seed_3,50009,-122.20609415933745,250,false,0.22720978477508164,8.2291809213144482,40,false
safety,A3,3,ood_compound,A3_train_seed_3,50010,-152.20269073791212,250,false,0.27790508571013151,7.8875862164491828,40,false
safety,A3,3,ood_compound,A3_train_seed_3,50011,-241.97849943404279,250,false,0.64178665978973115,11.476881347453524,40,false
safety,A3,3,ood_compound,A3_train_seed_3,50012,-70.744633054571082,97,true,0.026893434061231802,9.2713627576777213,40,false
safety,A3,3,ood_compound,A3_train_seed_3,50013,-308.46997751552789,250,false,0.77616833102489169,6.9536631100084714,40,false
safety,A3,3,ood_compound,A3_train_seed_3,50014,-254.42691025943037,250,false,0.5529012755183127,13.648625371568844,40,false
safety,A3,3,ood_compound,A3_train_seed_3,50015,-197.9236584874844,250,false,0.14030133877071985,10.636156000269219,40,false
safety,A3,3,ood_compound,A3_train_seed_3,50016,-217.20423664483741,250,false,0.78542465702209119,9.1218757125577685,40,false
safety,A3,3,ood_compound,A3_train_seed_3,50017,-227.82513080388438,250,false,0.54009645050026678,7.4534984659241257,40,false
safety,A3,3,ood_compound,A3_train_seed_3,50018,-177.58010752333416,250,false,0.083388979879927022,7.7961115008322652,40,false
safety,A3,3,ood_compound,A3_train_seed_3,50019,-202.71507886185131,250,false,0.41124808696728876,10.380163531000864,40,false
safety,A3,3,ood_compound,A3_train_seed_3,50020,-182.26905872655047,250,false,0.22629511845822681,6.2504080485897884,40,false
safety,A3,3,ood_compound,A3_train_seed_3,50021,-286.37486110119164,250,false,1.1522748339223372,6.594349445972612,40,false
safety,A3,3,ood_compound,A3_train_seed_3,50022,-225.484386055367,250,false,0.58005370732132844,10.061547227345754,40,false
safety,A3,3,ood_compound,A3_train_seed_3,50023,-187.29696878046067,250,false,0.13057335732013128,13.171233339968531,40,false
safety,A3,3,ood_compound,A3_train_seed_3,50024,-269.21447898030902,250,false,0.69407643665492369,3.5862174024480424,40,false
safety,A3,3,ood_compound,A3_train_seed_3,50025,-193.99016060922332,250,false,0.21211161168602405,15.170425754906129,40,false
safety,A3,3,ood_compound,A3_train_seed_3,50026,-319.61178209904784,250,false,0.98945040182908706,7.2138929156380645,40,false
safety,A3,3,ood_compound,A3_train_seed_3,50027,-182.28654967731788,250,false,0.2721259973102319,8.3330050376337486,40,false
safety,A3,3,ood_compound,A3_train_seed_3,50028,-174.01624160742927,96,true,0.042153749240913599,14.179960756820169,40,false
safety,A3,3,ood_compound,A3_train_seed_3,50029,-182.04743307890476,250,false,0.24732725642929057,10.80647776115161,40,false
safety,A3,3,ood_compound,A3_train_seed_3,50030,-186.72630788677222,250,false,0.19478751745630096,11.104631624231146,40,false
safety,A3,3,ood_compound,A3_train_seed_3,50031,-182.36629813978215,250,false,0.14852785871974739,13.900085316222043,40,false
safety,A3,3,ood_compound,A3_train_seed_3,50032,-212.65126586957427,250,false,0.55578704439383908,9.9380508884899061,40,false
safety,A3,3,ood_compound,A3_train_seed_3,50033,-279.97781398397859,250,false,0.62387373267147206,6.4645141550041538,40,false
safety,A3,3,ood_compound,A3_train_seed_3,50034,-149.86866750029532,250,false,0.14350244771959067,7.4847125499449394,40,false
safety,A3,3,ood_compound,A3_train_seed_3,50035,-304.70756706568108,250,false,0.82059981909173685,6.436240340009717,40,false
safety,A3,3,ood_compound,A3_train_seed_3,50036,-223.7949740597218,250,false,0.25412684572750432,4.4477854295400849,40,false
safety,A3,3,ood_compound,A3_train_seed_3,50037,-105.82630977188578,250,false,0.078802218549036462,8.9477548999329777,40,false
safety,A3,3,ood_compound,A3_train_seed_3,50038,-240.12506863236396,250,false,0.29718192951184003,13.812868010808398,40,false
safety,A3,3,ood_compound,A3_train_seed_3,50039,-82.027168415877199,250,false,0.063463677971165228,4.1229617068168336,40,false
safety,A3,3,ood_compound,A3_train_seed_3,50040,-216.30137076666762,250,false,0.41591061831214204,9.8379603207580288,40,false
safety,A3,3,ood_compound,A3_train_seed_3,50041,-114.09789200776753,175,true,0.049760817939452362,9.7297845498948359,40,false
safety,A3,3,ood_compound,A3_train_seed_3,50042,-195.44899619519714,250,false,0.47022198431300355,6.4788245477277808,40,false
safety,A3,3,ood_compound,A3_train_seed_3,50043,-101.35139086877955,250,false,0.13279601160697166,5.146417109290689,40,false
safety,A3,3,ood_compound,A3_train_seed_3,50044,-101.94690211500914,126,true,0.048658430060420615,10.355192549682105,40,false
safety,A3,3,ood_compound,A3_train_seed_3,50045,-219.20924670984473,250,false,0.47958135766927157,8.4572971143924374,40,false
safety,A3,3,ood_compound,A3_train_seed_3,50046,-153.16580876702034,250,false,0.25016554873935598,9.3459818017313392,40,false
safety,A3,3,ood_compound,A3_train_seed_3,50047,-484.69549423141063,250,false,1.964628236066613,6.3216367380210325,40,false
safety,A3,3,ood_compound,A3_train_seed_3,50048,-121.28359920734698,95,true,0.035929660619636886,14.270622278931302,40,false
safety,A3,3,ood_compound,A3_train_seed_3,50049,-145.61661782137926,81,true,0.048642226490388456,10.977475663341988,40,false
safety,A3,3,ood_compound,A3_train_seed_3,50050,-263.02748420999882,250,false,0.25886714959950624,20.641519826784659,40,false
safety,A3,3,ood_compound,A3_train_seed_3,50051,-163.32153815200633,250,false,0.085736515727242835,18.058382833821184,40,false
safety,A3,3,ood_compound,A3_train_seed_3,50052,-421.31456173797375,250,false,0.76236129745340264,19.353996742700318,40,false
safety,A3,3,ood_compound,A3_train_seed_3,50053,-106.25438556818354,250,false,0.055792227992515667,8.362567329310604,40,false
safety,A3,3,ood_compound,A3_train_seed_3,50054,-201.3157521402766,250,false,0.20627848563242904,14.932071375087766,40,false
safety,A3,3,ood_compound,A3_train_seed_3,50055,-221.36199990340916,250,false,0.56371348237838603,9.4159770719167373,40,false
safety,A3,3,ood_compound,A3_train_seed_3,50056,-84.222886173270226,250,false,0.13298594077111275,4.3746365513780168,39.750267028808594,false
safety,A3,3,ood_compound,A3_train_seed_3,50057,-350.87545523269466,250,false,1.0913030496737042,7.6944183824310972,40,false
safety,A3,3,ood_compound,A3_train_seed_3,50058,-206.50767202719038,250,false,0.1792009901627046,12.084717397982361,40,false
safety,A3,3,ood_compound,A3_train_seed_3,50059,-209.99590592642082,250,false,0.46048186782992923,5.87446196683082,40,false
safety,A3,3,ood_compound,A3_train_seed_3,50060,-247.19672494396218,250,false,0.3998299742859141,8.7266379473164779,40,false
safety,A3,3,ood_compound,A3_train_seed_3,50061,-289.034760671882,250,false,0.69559519203433018,4.0306340157892713,40,false
safety,A3,3,ood_compound,A3_train_seed_3,50062,-185.06541150215477,250,false,0.14886772426878311,17.661168835699339,40,false
safety,A3,3,ood_compound,A3_train_seed_3,50063,-390.95519559387037,250,false,1.0757107367249172,6.9451381554884977,40,false
safety,A3,3,ood_compound,A3_train_seed_3,50064,-242.95928695630974,250,false,0.21583482901428777,6.6300754288059522,40,false
safety,A3,3,ood_compound,A3_train_seed_3,50065,-101.67586270365675,250,false,0.14286353511893693,7.8543658753131957,40,false
safety,A3,3,ood_compound,A3_train_seed_3,50066,-212.82032362077794,250,false,0.40090614174008521,7.2057434572572978,40,false
safety,A3,3,ood_compound,A3_train_seed_3,50067,-161.09904435863621,250,false,0.14416786747457391,7.119416447231993,40,false
safety,A3,3,ood_compound,A3_train_seed_3,50068,-27.717091732456868,59,true,0.048686322479327207,5.6862131952497261,40,false
safety,A3,3,ood_compound,A3_train_seed_3,50069,-110.93720737795114,89,true,0.045266170441361803,13.298432834918492,40,false
safety,A3,3,ood_compound,A3_train_seed_3,50070,-291.29279665816307,250,false,0.65789836190776807,6.5605504656716622,40,false
safety,A3,3,ood_compound,A3_train_seed_3,50071,-111.10815268424274,250,false,0.081089865606515196,6.2015755754253767,40,false
safety,A3,3,ood_compound,A3_train_seed_3,50072,-168.95877944220027,250,false,0.13241934151225548,13.545453574822664,40,false
safety,A3,3,ood_compound,A3_train_seed_3,50073,-216.68185399020064,250,false,0.26291059152410984,15.750688060145636,40,false
safety,A3,3,ood_compound,A3_train_seed_3,50074,-191.45685339985172,250,false,0.56362762363629537,6.0213506344751675,40,false
safety,A3,3,ood_compound,A3_train_seed_3,50075,-343.35666180845465,250,false,0.85306683533724059,6.6219789014766874,40,false
safety,A3,3,ood_compound,A3_train_seed_3,50076,-213.37995668481739,250,false,0.27803479409639825,10.333633528089884,40,false
safety,A3,3,ood_compound,A3_train_seed_3,50077,-172.30042278084429,250,false,0.30627860135934043,10.226178397474948,40,false
safety,A3,3,ood_compound,A3_train_seed_3,50078,-252.60163400659957,250,false,0.19667346486060389,4.7643106051733817,40,false
safety,A3,3,ood_compound,A3_train_seed_3,50079,-229.98709639463272,250,false,0.24782300559233955,9.6782555689126912,40,false
safety,A3,3,ood_compound,A3_train_seed_3,50080,-211.68668340843638,250,false,0.11993855358323435,16.804154795286731,40,false
safety,A3,3,ood_compound,A3_train_seed_3,50081,-172.58803673387649,250,false,0.30243998748968709,11.280837121957292,40,false
safety,A3,3,ood_compound,A3_train_seed_3,50082,-99.818421063188737,250,false,0.087212405283872391,9.4833578276781054,40,false
safety,A3,3,ood_compound,A3_train_seed_3,50083,-126.21953265971726,101,true,0.048391871041065536,15.654897106570028,40,false
safety,A3,3,ood_compound,A3_train_seed_3,50084,-53.504645690835929,61,true,0.042277664590885472,6.7338647483253284,40,false
safety,A3,3,ood_compound,A3_train_seed_3,50085,-212.97297768043376,250,false,0.15262757653392497,20.033979268638909,40,false
safety,A3,3,ood_compound,A3_train_seed_3,50086,-121.14104403034796,250,false,0.15142067928237304,10.702707791671232,40,false
safety,A3,3,ood_compound,A3_train_seed_3,50087,-88.666270369057955,250,false,0.076257066502687348,5.6698340716793352,40,false
safety,A3,3,ood_compound,A3_train_seed_3,50088,-218.72566449518911,250,false,0.24369371274009138,9.642380540286732,40,false
safety,A3,3,ood_compound,A3_train_seed_3,50089,-95.96454146723282,83,true,0.049633758606856447,13.39617827415737,40,false
safety,A3,3,ood_compound,A3_train_seed_3,50090,-220.33631788028862,250,false,0.34710790307828199,9.8173130654203931,40,false
safety,A3,3,ood_compound,A3_train_seed_3,50091,-201.60176378058981,250,false,0.12122746901171626,14.432149602261894,40,false
safety,A3,3,ood_compound,A3_train_seed_3,50092,-291.18144287897292,250,false,0.80290207130978952,6.1714174558839945,40,false
safety,A3,3,ood_compound,A3_train_seed_3,50093,-257.56316339030508,250,false,0.27792253051878718,9.0864968221238911,40,false
safety,A3,3,ood_compound,A3_train_seed_3,50094,-136.82252767486847,250,false,0.22638124715735083,6.866825295289031,40,false
safety,A3,3,ood_compound,A3_train_seed_3,50095,-101.92603640375296,250,false,0.20343849220049096,5.7586988561310175,40,false
safety,A3,3,ood_compound,A3_train_seed_3,50096,-440.34804350746884,250,false,1.7364883882168587,12.121677117665799,40,false
safety,A3,3,ood_compound,A3_train_seed_3,50097,-273.0178567600924,250,false,0.8248007635939596,7.4264583473325274,40,false
safety,A3,3,ood_compound,A3_train_seed_3,50098,-137.09000913965929,250,false,0.090247894176416113,9.1051816738218339,40,false
safety,A3,3,ood_compound,A3_train_seed_3,50099,-292.58618737742017,250,false,0.85050039840699754,8.126765987237647,40,false
safety,A6c,3,ood_compound,A6c_train_seed_3,50000,-364.84762250521976,250,false,1.1644535064372228,5.8681365169039816,40,false
safety,A6c,3,ood_compound,A6c_train_seed_3,50001,-230.55801184665788,250,false,0.31941700970583026,5.0255729418046107,40,false
safety,A6c,3,ood_compound,A6c_train_seed_3,50002,-454.05706913323723,250,false,1.5439737032455338,6.7468722661762826,40,false
safety,A6c,3,ood_compound,A6c_train_seed_3,50003,-203.50611208729029,58,false,3.1767832465476227,10.647654341158962,40,false
safety,A6c,3,ood_compound,A6c_train_seed_3,50004,-510.0329587506464,250,false,0.9865837667608246,5.1441193459144783,40,false
safety,A6c,3,ood_compound,A6c_train_seed_3,50005,-240.52458615316985,250,false,0.46703104390055394,4.5141114047579647,40,false
safety,A6c,3,ood_compound,A6c_train_seed_3,50006,-257.80642293081951,250,false,0.24311470571457999,2.7014881176887582,40,false
safety,A6c,3,ood_compound,A6c_train_seed_3,50007,-177.6978511654053,60,false,2.9698017596210122,11.971605432052245,40,false
safety,A6c,3,ood_compound,A6c_train_seed_3,50008,-322.36813899319969,250,false,0.97038458308018838,8.4962412517762207,40,false
safety,A6c,3,ood_compound,A6c_train_seed_3,50009,-426.52200266495731,250,false,0.31749903735214136,2.9742253195441251,40,false
safety,A6c,3,ood_compound,A6c_train_seed_3,50010,-311.63074345233412,250,false,0.56344716944712292,3.3519064045596947,40,false
safety,A6c,3,ood_compound,A6c_train_seed_3,50011,-271.71485825153695,250,false,0.7893436039988212,6.3863804061762863,40,false
safety,A6c,3,ood_compound,A6c_train_seed_3,50012,-194.37379339111945,173,true,0.01630146423560325,2.5562936929022522,40,false
safety,A6c,3,ood_compound,A6c_train_seed_3,50013,-962.17344823869314,250,false,3.3846326051794886,2.337328496348984,40,false
safety,A6c,3,ood_compound,A6c_train_seed_3,50014,-319.71941787800625,250,false,1.0002974726900529,5.2596031129371408,40,false
safety,A6c,3,ood_compound,A6c_train_seed_3,50015,-425.36116343778031,250,false,1.1019681005581288,3.553394937403537,40,false
safety,A6c,3,ood_compound,A6c_train_seed_3,50016,-515.8246154982985,250,false,1.0562439573821085,1.641601508722601,40,false
safety,A6c,3,ood_compound,A6c_train_seed_3,50017,-321.53151918009809,250,false,1.0273589514836587,7.7202137773264514,40,false
safety,A6c,3,ood_compound,A6c_train_seed_3,50018,-531.95171246433813,250,false,0.86545463362366548,5.7065453787402101,40,false
safety,A6c,3,ood_compound,A6c_train_seed_3,50019,-798.00283160893844,250,false,2.8003289035994881,0.97388799335648724,40,false
safety,A6c,3,ood_compound,A6c_train_seed_3,50020,-425.74830866898219,250,false,1.3670883228181263,1.7465464094795191,40,false
safety,A6c,3,ood_compound,A6c_train_seed_3,50021,-428.56791726844909,250,false,1.2718719784699453,1.8911143350439585,40,false
safety,A6c,3,ood_compound,A6c_train_seed_3,50022,-380.2635124863383,250,false,0.88195800089692455,3.3077073736121174,40,false
safety,A6c,3,ood_compound,A6c_train_seed_3,50023,-212.69392953115602,250,false,0.30072783561949501,6.9540981457688007,40,false
safety,A6c,3,ood_compound,A6c_train_seed_3,50024,-315.86188630614259,250,false,0.84838492052705239,3.090083329772789,40,false
safety,A6c,3,ood_compound,A6c_train_seed_3,50025,-203.75788310854827,250,false,0.30742699153382841,9.4240757426824917,40,false
safety,A6c,3,ood_compound,A6c_train_seed_3,50026,-403.57489190238886,250,false,1.4695555316615319,7.827917663905529,40,false
safety,A6c,3,ood_compound,A6c_train_seed_3,50027,-212.02731032580991,250,false,0.36871731376565697,5.6607148317566107,40,false
safety,A6c,3,ood_compound,A6c_train_seed_3,50028,-400.35179605235243,250,false,0.91253599432444188,5.8110367938522858,40,false
safety,A6c,3,ood_compound,A6c_train_seed_3,50029,-718.6022893694502,250,false,1.8160805243809739,2.6713072500415236,40,false
safety,A6c,3,ood_compound,A6c_train_seed_3,50030,-196.30991989160918,250,false,0.33264421802720401,6.7695380697018877,40,false
safety,A6c,3,ood_compound,A6c_train_seed_3,50031,-222.81503713658191,250,false,0.18082533491270955,5.9362388890392017,40,false
safety,A6c,3,ood_compound,A6c_train_seed_3,50032,-363.32154392694412,250,false,0.89134284853366574,2.6418206706980287,40,false
safety,A6c,3,ood_compound,A6c_train_seed_3,50033,-406.04098471386152,250,false,1.4208856793240607,2.5240621026161483,40,false
safety,A6c,3,ood_compound,A6c_train_seed_3,50034,-482.93703187346506,250,false,1.642568766798304,4.7083334406102946,40,false
safety,A6c,3,ood_compound,A6c_train_seed_3,50035,-425.81571095646092,250,false,1.3832831800522607,5.599162295394458,40,false
safety,A6c,3,ood_compound,A6c_train_seed_3,50036,-586.6049158057906,250,false,2.2984316926783293,1.4526036311294734,40,false
safety,A6c,3,ood_compound,A6c_train_seed_3,50037,-609.49991703972432,250,false,2.2683327048743487,0.99632922436223315,40,false
safety,A6c,3,ood_compound,A6c_train_seed_3,50038,-283.3358460512062,250,false,0.5752646998727633,6.9016877917730595,40,false
safety,A6c,3,ood_compound,A6c_train_seed_3,50039,-506.3828602616129,250,false,1.9050452691473516,1.777535652381977,40,false
safety,A6c,3,ood_compound,A6c_train_seed_3,50040,-244.29514101880119,250,false,0.70452263420864325,6.1295086418929214,40,false
safety,A6c,3,ood_compound,A6c_train_seed_3,50041,-362.27972033865564,250,false,0.93890671533231218,2.9860210610134024,40,false
safety,A6c,3,ood_compound,A6c_train_seed_3,50042,-330.319976305941,250,false,1.0413746364904271,4.3559446964305364,40,false
safety,A6c,3,ood_compound,A6c_train_seed_3,50043,-350.50806191087804,250,false,1.1023387146521995,0.53541355886149078,39.111904144287109,false
safety,A6c,3,ood_compound,A6c_train_seed_3,50044,-678.12345027710739,250,false,2.3422383102063788,0.82823470822848944,40,false
safety,A6c,3,ood_compound,A6c_train_seed_3,50045,-321.52402359031424,250,false,0.78191784286810206,3.119746738631922,40,false
safety,A6c,3,ood_compound,A6c_train_seed_3,50046,-293.42112146233484,250,false,0.51234900629808333,3.1649541858029826,40,false
safety,A6c,3,ood_compound,A6c_train_seed_3,50047,-510.5599563328019,250,false,2.018315077188586,4.2483391385627298,40,false
safety,A6c,3,ood_compound,A6c_train_seed_3,50048,-179.38704021854409,250,false,0.32970102960999176,7.917383863889242,40,false
safety,A6c,3,ood_compound,A6c_train_seed_3,50049,-650.5819208866526,250,false,0.81625478240272564,4.769522822448609,40,false
safety,A6c,3,ood_compound,A6c_train_seed_3,50050,-279.41183335345193,250,false,0.49599944355594833,5.4221714447298091,40,false
safety,A6c,3,ood_compound,A6c_train_seed_3,50051,-270.00549008062131,250,false,0.65606542956637226,5.1615821007331508,40,false
safety,A6c,3,ood_compound,A6c_train_seed_3,50052,-378.72501642153873,250,false,0.82348271406474005,6.0523773943842345,40,false
safety,A6c,3,ood_compound,A6c_train_seed_3,50053,-353.48821139101335,250,false,1.1297004852911487,2.0002946860816833,40,false
safety,A6c,3,ood_compound,A6c_train_seed_3,50054,-219.08072330542564,250,false,0.37755865333359895,4.2580097367115197,40,false
safety,A6c,3,ood_compound,A6c_train_seed_3,50055,-357.59230453627117,250,false,0.86245689562525563,2.4493765489079919,40,false
safety,A6c,3,ood_compound,A6c_train_seed_3,50056,-137.26152348422806,250,false,0.32826200573444847,2.8072627146885609,37.867275238037109,false
safety,A6c,3,ood_compound,A6c_train_seed_3,50057,-588.85659100495195,250,false,1.7280131919987411,2.3283299730786511,40,false
safety,A6c,3,ood_compound,A6c_train_seed_3,50058,-339.28081874246567,250,false,0.34081580035776732,4.0416687958618027,40,false
safety,A6c,3,ood_compound,A6c_train_seed_3,50059,-369.39745196563592,250,false,1.0961289801755865,3.6819956463236574,40,false
safety,A6c,3,ood_compound,A6c_train_seed_3,50060,-904.56021016399291,250,false,3.2082105451270189,0.75642190435658163,40,false
safety,A6c,3,ood_compound,A6c_train_seed_3,50061,-344.17503692571717,250,false,0.84021805185728671,3.5677896343669016,40,false
safety,A6c,3,ood_compound,A6c_train_seed_3,50062,-206.35391716030762,250,false,0.32218854962823684,8.4763361166035924,40,false
safety,A6c,3,ood_compound,A6c_train_seed_3,50063,-505.0006410776075,250,false,2.2272193724346496,1.9062365461345234,40,false
safety,A6c,3,ood_compound,A6c_train_seed_3,50064,-593.80790133592063,250,false,2.0097891787403133,2.8676461339480221,40,false
safety,A6c,3,ood_compound,A6c_train_seed_3,50065,-191.84060478711871,250,false,0.4452819682073223,4.6240191924425771,40,false
safety,A6c,3,ood_compound,A6c_train_seed_3,50066,-752.00628385015295,250,false,2.6081656210564201,1.3439471624635615,40,false
safety,A6c,3,ood_compound,A6c_train_seed_3,50067,-397.26990994615272,250,false,1.0098033668844713,4.1834544564370368,40,false
safety,A6c,3,ood_compound,A6c_train_seed_3,50068,-156.30416943591047,250,false,0.15479217783390944,3.2728545036486896,40,false
safety,A6c,3,ood_compound,A6c_train_seed_3,50069,-343.50709408694098,250,false,0.60421467134724494,3.8379561454906597,40,false
safety,A6c,3,ood_compound,A6c_train_seed_3,50070,-321.77044386193779,250,false,1.0225104697490854,4.9187361914980094,40,false
safety,A6c,3,ood_compound,A6c_train_seed_3,50071,-643.46470538494157,250,false,2.2635104407374342,1.367385085558088,40,false
safety,A6c,3,ood_compound,A6c_train_seed_3,50072,-234.86525789525979,250,false,0.3774320131725441,4.7382693942776219,40,false
safety,A6c,3,ood_compound,A6c_train_seed_3,50073,-292.55810095925199,250,false,0.56830184980821308,4.9113041325339166,40,false
safety,A6c,3,ood_compound,A6c_train_seed_3,50074,-404.58222703385235,250,false,1.3456498233254104,3.6608838431155029,40,false
safety,A6c,3,ood_compound,A6c_train_seed_3,50075,-416.7266266626998,250,false,1.1218910897283925,4.5341445991171936,40,false
safety,A6c,3,ood_compound,A6c_train_seed_3,50076,-110.9661278425063,33,false,2.3676977794677168,10.800301159729544,40,false
safety,A6c,3,ood_compound,A6c_train_seed_3,50077,-203.15280221347243,250,false,0.42671752227578147,6.9046873897487275,40,false
safety,A6c,3,ood_compound,A6c_train_seed_3,50078,-571.90421253783222,250,false,2.3438190246408146,5.3146334985420127,40,false
safety,A6c,3,ood_compound,A6c_train_seed_3,50079,-434.42915677181293,250,false,0.81517078120627195,5.1654937987178142,40,false
safety,A6c,3,ood_compound,A6c_train_seed_3,50080,-226.68186778429572,250,false,0.29524598608133279,7.7405612999281734,40,false
safety,A6c,3,ood_compound,A6c_train_seed_3,50081,-193.4949004523834,250,false,0.40810949990779871,4.7139496857256287,40,false
safety,A6c,3,ood_compound,A6c_train_seed_3,50082,-110.38434104798773,169,true,0.049260587047019952,2.8763476397848673,40,false
safety,A6c,3,ood_compound,A6c_train_seed_3,50083,-189.92584489013288,250,false,0.15200173554219837,6.8736260051054714,40,false
safety,A6c,3,ood_compound,A6c_train_seed_3,50084,-601.25924781848278,250,false,1.7981299801974744,2.4924278681718968,40,false
safety,A6c,3,ood_compound,A6c_train_seed_3,50085,-279.68029133096854,250,false,0.51013580735129982,5.3878695485102774,40,false
safety,A6c,3,ood_compound,A6c_train_seed_3,50086,-371.10184679713666,250,false,0.52508761584662955,9.9632698227983454,40,false
safety,A6c,3,ood_compound,A6c_train_seed_3,50087,-327.26863806926707,250,false,0.22264497149985754,1.929787975309633,40,false
safety,A6c,3,ood_compound,A6c_train_seed_3,50088,-384.3643151026377,250,false,1.2113956289474761,4.1095398061995096,40,false
safety,A6c,3,ood_compound,A6c_train_seed_3,50089,-187.63850868088511,250,false,0.44506742868026239,5.591614019010211,40,false
safety,A6c,3,ood_compound,A6c_train_seed_3,50090,-427.61492134534069,250,false,0.44527624994237508,4.0852411741324159,40,false
safety,A6c,3,ood_compound,A6c_train_seed_3,50091,-301.2680245090549,250,false,0.49578764009302195,6.003597752961463,40,false
safety,A6c,3,ood_compound,A6c_train_seed_3,50092,-341.60569684274316,250,false,1.0787147383075637,6.8990915649021529,40,false
safety,A6c,3,ood_compound,A6c_train_seed_3,50093,-458.79742525483357,250,false,1.2052955877660974,10.268485628517707,40,false
safety,A6c,3,ood_compound,A6c_train_seed_3,50094,-257.69746910369111,250,false,0.60878681939078838,1.7805694034295767,40,false
safety,A6c,3,ood_compound,A6c_train_seed_3,50095,-189.70638532126105,250,false,0.21921574433112803,2.1594250050091359,40,false
safety,A6c,3,ood_compound,A6c_train_seed_3,50096,-526.68810726030063,250,false,1.0281921688472966,3.0833096428440339,40,false
safety,A6c,3,ood_compound,A6c_train_seed_3,50097,-328.37843591449632,250,false,1.1483805472187476,8.4063949609593109,40,false
safety,A6c,3,ood_compound,A6c_train_seed_3,50098,-135.06311661057256,51,false,1.7047862411424808,10.521843186930626,40,false
safety,A6c,3,ood_compound,A6c_train_seed_3,50099,-365.20090569627024,250,false,1.3590845894559505,9.546667764472307,40,false
safety,A6c_gate_off_control,3,ood_compound,A6c_gate_off_control_train_seed_3,50000,-363.58422191579285,250,false,1.1656612618813864,6.1527269019181006,40,false
safety,A6c_gate_off_control,3,ood_compound,A6c_gate_off_control_train_seed_3,50001,-228.85262446561475,250,false,0.24223802052541632,4.9949328044469103,40,false
safety,A6c_gate_off_control,3,ood_compound,A6c_gate_off_control_train_seed_3,50002,-452.60306878740585,250,false,1.5285612521284528,6.8059173472297232,40,false
safety,A6c_gate_off_control,3,ood_compound,A6c_gate_off_control_train_seed_3,50003,-195.98324145867838,56,false,3.1578730878226029,10.226801366870541,40,false
safety,A6c_gate_off_control,3,ood_compound,A6c_gate_off_control_train_seed_3,50004,-483.38105709749618,250,false,0.830164923149738,5.2766730370350814,40,false
safety,A6c_gate_off_control,3,ood_compound,A6c_gate_off_control_train_seed_3,50005,-239.21127104928462,250,false,0.45982639750168181,4.75485868137641,40,false
safety,A6c_gate_off_control,3,ood_compound,A6c_gate_off_control_train_seed_3,50006,-270.33799387898227,250,false,0.15058296258417606,2.8389434918888012,40,false
safety,A6c_gate_off_control,3,ood_compound,A6c_gate_off_control_train_seed_3,50007,-176.86692285648783,60,false,2.946134068102126,11.709038703220074,40,false
safety,A6c_gate_off_control,3,ood_compound,A6c_gate_off_control_train_seed_3,50008,-319.0789696326878,250,false,0.92826643579407109,8.9059979963123048,40,false
safety,A6c_gate_off_control,3,ood_compound,A6c_gate_off_control_train_seed_3,50009,-416.86977631815796,250,false,0.17175749852362873,3.065597716978461,40,false
safety,A6c_gate_off_control,3,ood_compound,A6c_gate_off_control_train_seed_3,50010,-270.51882080819547,250,false,0.27871773054568194,3.4493609456625403,40,false
safety,A6c_gate_off_control,3,ood_compound,A6c_gate_off_control_train_seed_3,50011,-275.37025726038229,250,false,0.83128856126425599,6.7469886304772109,40,false
safety,A6c_gate_off_control,3,ood_compound,A6c_gate_off_control_train_seed_3,50012,-290.75273806506999,221,true,0.044870312603281608,2.5294516950307249,38.913230895996094,false
safety,A6c_gate_off_control,3,ood_compound,A6c_gate_off_control_train_seed_3,50013,-962.39502032663052,250,false,3.3706817159460645,2.337328496348984,40,false
safety,A6c_gate_off_control,3,ood_compound,A6c_gate_off_control_train_seed_3,50014,-317.12565733867842,250,false,0.98194218543066392,6.2203321045409599,40,false
safety,A6c_gate_off_control,3,ood_compound,A6c_gate_off_control_train_seed_3,50015,-371.15930900466464,250,false,0.20785531157194173,3.5607870477038759,40,false
safety,A6c_gate_off_control,3,ood_compound,A6c_gate_off_control_train_seed_3,50016,-504.76392082574586,250,false,0.66199072058845954,1.7266055770341384,40,false
safety,A6c_gate_off_control,3,ood_compound,A6c_gate_off_control_train_seed_3,50017,-322.83818231262893,250,false,0.98654204968577519,8.357583250267183,40,false
safety,A6c_gate_off_control,3,ood_compound,A6c_gate_off_control_train_seed_3,50018,-531.57945848473162,250,false,0.87027664070946575,6.2389166689185194,40,false
safety,A6c_gate_off_control,3,ood_compound,A6c_gate_off_control_train_seed_3,50019,-798.00283160893844,250,false,2.8003289035994881,0.97388799335648724,40,false
safety,A6c_gate_off_control,3,ood_compound,A6c_gate_off_control_train_seed_3,50020,-467.24603424608199,250,false,1.6667551022411753,1.2798107404182679,40,false
safety,A6c_gate_off_control,3,ood_compound,A6c_gate_off_control_train_seed_3,50021,-435.9255205315331,250,false,1.1992207764338891,2.214473194371581,40,false
safety,A6c_gate_off_control,3,ood_compound,A6c_gate_off_control_train_seed_3,50022,-350.4042016377108,250,false,0.54387941158959774,3.3077073736121174,40,false
safety,A6c_gate_off_control,3,ood_compound,A6c_gate_off_control_train_seed_3,50023,-193.03222206300217,250,false,0.13198598514409726,6.9041967362334562,40,false
safety,A6c_gate_off_control,3,ood_compound,A6c_gate_off_control_train_seed_3,50024,-321.64999165860138,250,false,0.8343563714093184,3.3984614760060383,40,false
safety,A6c_gate_off_control,3,ood_compound,A6c_gate_off_control_train_seed_3,50025,-190.41211819535835,250,false,0.21201143571879758,9.5590237090651105,40,false
safety,A6c_gate_off_control,3,ood_compound,A6c_gate_off_control_train_seed_3,50026,-407.80244657594341,250,false,1.4683107637867603,8.3728141987327369,40,false
safety,A6c_gate_off_control,3,ood_compound,A6c_gate_off_control_train_seed_3,50027,-196.14286016851744,250,false,0.26899076270693734,4.9503069322824267,40,false
safety,A6c_gate_off_control,3,ood_compound,A6c_gate_off_control_train_seed_3,50028,-334.52755580335594,250,false,0.20619702346921703,5.8105144215471585,40,false
safety,A6c_gate_off_control,3,ood_compound,A6c_gate_off_control_train_seed_3,50029,-709.55605109941189,250,false,1.5322241514268689,2.6713072500415236,40,false
safety,A6c_gate_off_control,3,ood_compound,A6c_gate_off_control_train_seed_3,50030,-191.13686416435849,250,false,0.24240390034433495,6.5581407658760789,40,false
safety,A6c_gate_off_control,3,ood_compound,A6c_gate_off_control_train_seed_3,50031,-215.4044954871859,250,false,0.14916103487234411,5.7070424735230825,40,false
safety,A6c_gate_off_control,3,ood_compound,A6c_gate_off_control_train_seed_3,50032,-328.10808925351546,250,false,0.53683001400484121,2.6800872880481648,40,false
safety,A6c_gate_off_control,3,ood_compound,A6c_gate_off_control_train_seed_3,50033,-403.2377600904627,250,false,1.3819359351076037,2.5943597633086961,40,false
safety,A6c_gate_off_control,3,ood_compound,A6c_gate_off_control_train_seed_3,50034,-479.51608171904678,250,false,1.6392490751641873,4.8303830320347645,40,false
safety,A6c_gate_off_control,3,ood_compound,A6c_gate_off_control_train_seed_3,50035,-425.682273793658,250,false,1.3683471444339128,5.6889813281656005,40,false
safety,A6c_gate_off_control,3,ood_compound,A6c_gate_off_control_train_seed_3,50036,-587.24560750567116,250,false,2.2708927192436854,1.5049600204352622,40,false
safety,A6c_gate_off_control,3,ood_compound,A6c_gate_off_control_train_seed_3,50037,-611.78161277586457,250,false,2.28743362826205,1.1382553920178597,40,false
safety,A6c_gate_off_control,3,ood_compound,A6c_gate_off_control_train_seed_3,50038,-273.08271124363995,250,false,0.56322310030559297,6.8229808388894462,40,false
safety,A6c_gate_off_control,3,ood_compound,A6c_gate_off_control_train_seed_3,50039,-514.4481040029691,250,false,1.946130440988789,1.458229211248776,40,false
safety,A6c_gate_off_control,3,ood_compound,A6c_gate_off_control_train_seed_3,50040,-243.39171691140388,250,false,0.70366906624803238,6.0191196429261042,40,false
safety,A6c_gate_off_control,3,ood_compound,A6c_gate_off_control_train_seed_3,50041,-246.76003595578064,226,true,0.048844220277915767,2.9860210610134024,40,false
safety,A6c_gate_off_control,3,ood_compound,A6c_gate_off_control_train_seed_3,50042,-327.36494486907043,250,false,1.0377763821250965,4.8983637734894137,40,false
safety,A6c_gate_off_control,3,ood_compound,A6c_gate_off_control_train_seed_3,50043,-368.0734683975507,250,false,1.1439532589043662,1.1156860216387774,40,false
safety,A6c_gate_off_control,3,ood_compound,A6c_gate_off_control_train_seed_3,50044,-676.18535516098825,250,false,2.637827815436125,0.93686953848031318,40,false
safety,A6c_gate_off_control,3,ood_compound,A6c_gate_off_control_train_seed_3,50045,-324.0430169304276,250,false,0.57316648304689943,2.3609102377729858,40,false
safety,A6c_gate_off_control,3,ood_compound,A6c_gate_off_control_train_seed_3,50046,-258.09858842278618,250,false,0.23883103274342629,3.2965091511663602,40,false
safety,A6c_gate_off_control,3,ood_compound,A6c_gate_off_control_train_seed_3,50047,-497.39930574582371,250,false,2.4793302254147616,4.2497477390428422,40,false
safety,A6c_gate_off_control,3,ood_compound,A6c_gate_off_control_train_seed_3,50048,-165.48723300500862,250,false,0.21688038184671637,7.710302170224173,40,false
safety,A6c_gate_off_control,3,ood_compound,A6c_gate_off_control_train_seed_3,50049,-647.76772717803362,250,false,0.39729985921772981,4.9657376383771199,40,false
safety,A6c_gate_off_control,3,ood_compound,A6c_gate_off_control_train_seed_3,50050,-272.16630225044707,250,false,0.50271814516243762,5.2947758163567658,40,false
safety,A6c_gate_off_control,3,ood_compound,A6c_gate_off_control_train_seed_3,50051,-272.27450234654509,250,false,0.67497067128201049,4.9906908741526035,40,false
safety,A6c_gate_off_control,3,ood_compound,A6c_gate_off_control_train_seed_3,50052,-383.84549023589773,250,false,0.98546937461334883,5.9439414762204326,40,false
safety,A6c_gate_off_control,3,ood_compound,A6c_gate_off_control_train_seed_3,50053,-287.95364414130256,250,false,0.053545184317247432,2.0346581953784804,40,false
safety,A6c_gate_off_control,3,ood_compound,A6c_gate_off_control_train_seed_3,50054,-206.22450917951255,250,false,0.27303231308733666,5.1766031126234191,40,false
safety,A6c_gate_off_control,3,ood_compound,A6c_gate_off_control_train_seed_3,50055,-332.80639336389896,250,false,0.5679646033986564,2.7084983981691719,40,false
safety,A6c_gate_off_control,3,ood_compound,A6c_gate_off_control_train_seed_3,50056,-87.704266887087172,250,false,0.13600291483018481,2.7916668873342392,39.908721923828125,false
safety,A6c_gate_off_control,3,ood_compound,A6c_gate_off_control_train_seed_3,50057,-585.46272454522637,250,false,1.9142203119438446,2.5685440934108525,40,false
safety,A6c_gate_off_control,3,ood_compound,A6c_gate_off_control_train_seed_3,50058,-329.8178373431993,250,false,0.23075305908849075,4.0416687958618027,40,false
safety,A6c_gate_off_control,3,ood_compound,A6c_gate_off_control_train_seed_3,50059,-364.92145883366823,250,false,1.076483308761899,4.0929598350702703,40,false
safety,A6c_gate_off_control,3,ood_compound,A6c_gate_off_control_train_seed_3,50060,-899.76871812368756,250,false,3.2155343713790452,0.75642190435658163,40,false
safety,A6c_gate_off_control,3,ood_compound,A6c_gate_off_control_train_seed_3,50061,-341.96869991263867,250,false,0.90142717807185557,3.9386794316291844,40,false
safety,A6c_gate_off_control,3,ood_compound,A6c_gate_off_control_train_seed_3,50062,-188.55956868765469,250,false,0.19633260435442149,8.274646416436255,40,false
safety,A6c_gate_off_control,3,ood_compound,A6c_gate_off_control_train_seed_3,50063,-507.22932145371271,250,false,2.1773114542649381,2.4159661976385283,40,false
safety,A6c_gate_off_control,3,ood_compound,A6c_gate_off_control_train_seed_3,50064,-587.9171859597302,250,false,1.9136091661384429,2.9534286559205523,40,false
safety,A6c_gate_off_control,3,ood_compound,A6c_gate_off_control_train_seed_3,50065,-136.59534570445962,250,false,0.13846461113512684,4.8025029131675927,40,false
safety,A6c_gate_off_control,3,ood_compound,A6c_gate_off_control_train_seed_3,50066,-752.00628385015295,250,false,2.6081656210564201,1.3439471624635615,40,false
safety,A6c_gate_off_control,3,ood_compound,A6c_gate_off_control_train_seed_3,50067,-392.51676106517101,250,false,0.9836019327590928,4.2332055890912832,40,false
safety,A6c_gate_off_control,3,ood_compound,A6c_gate_off_control_train_seed_3,50068,-119.40417472702535,153,true,0.049661688214540985,3.348396398360717,40,false
safety,A6c_gate_off_control,3,ood_compound,A6c_gate_off_control_train_seed_3,50069,-275.48998459126705,166,true,0.04829710268910322,3.8379561454906597,40,false
safety,A6c_gate_off_control,3,ood_compound,A6c_gate_off_control_train_seed_3,50070,-317.94585383119357,250,false,1.0014787674334431,4.8641905154751495,40,false
safety,A6c_gate_off_control,3,ood_compound,A6c_gate_off_control_train_seed_3,50071,-653.64095964508886,250,false,2.782080360011443,1.3172108703882126,40,false
safety,A6c_gate_off_control,3,ood_compound,A6c_gate_off_control_train_seed_3,50072,-234.3809205964412,250,false,0.37651689033292562,4.8611731574075101,40,false
safety,A6c_gate_off_control,3,ood_compound,A6c_gate_off_control_train_seed_3,50073,-282.18202612841043,250,false,0.60818348866563998,4.8525654524634145,40,false
safety,A6c_gate_off_control,3,ood_compound,A6c_gate_off_control_train_seed_3,50074,-403.15856203803457,250,false,1.3186557041621481,3.7185599081726415,40,false
safety,A6c_gate_off_control,3,ood_compound,A6c_gate_off_control_train_seed_3,50075,-416.45973135192457,250,false,1.113403941862495,4.5428032391693387,40,false
safety,A6c_gate_off_control,3,ood_compound,A6c_gate_off_control_train_seed_3,50076,-118.57569487144616,36,false,2.143136352430524,10.904947049009449,40,false
safety,A6c_gate_off_control,3,ood_compound,A6c_gate_off_control_train_seed_3,50077,-189.04256710296531,250,false,0.30480123006665649,6.9278650522280634,40,false
safety,A6c_gate_off_control,3,ood_compound,A6c_gate_off_control_train_seed_3,50078,-571.15198100532768,250,false,2.3016521658948488,5.4449549204650491,40,false
safety,A6c_gate_off_control,3,ood_compound,A6c_gate_off_control_train_seed_3,50079,-431.41843836089333,250,false,0.84851921373663619,5.7133785312603544,40,false
safety,A6c_gate_off_control,3,ood_compound,A6c_gate_off_control_train_seed_3,50080,-222.52012686644562,250,false,0.33053876832195778,7.5299835785871476,40,false
safety,A6c_gate_off_control,3,ood_compound,A6c_gate_off_control_train_seed_3,50081,-181.03949888582682,250,false,0.30299356174788672,4.7777703369118329,40,false
safety,A6c_gate_off_control,3,ood_compound,A6c_gate_off_control_train_seed_3,50082,-109.82162383666559,250,false,0.087237175767174394,2.9557292705126286,40,false
safety,A6c_gate_off_control,3,ood_compound,A6c_gate_off_control_train_seed_3,50083,-188.37026042445771,250,false,0.15036351901673392,7.1137207430015392,40,false
safety,A6c_gate_off_control,3,ood_compound,A6c_gate_off_control_train_seed_3,50084,-614.54397466313185,250,false,2.3944141027288639,2.1119323070769438,40,false
safety,A6c_gate_off_control,3,ood_compound,A6c_gate_off_control_train_seed_3,50085,-278.13578241526079,250,false,0.51251004634786967,5.0583116938801203,40,false
safety,A6c_gate_off_control,3,ood_compound,A6c_gate_off_control_train_seed_3,50086,-369.91599053112134,250,false,0.5024240591527902,9.6496999437854249,40,false
safety,A6c_gate_off_control,3,ood_compound,A6c_gate_off_control_train_seed_3,50087,-301.39077858927959,250,false,0.078265114869768324,2.1529366130413878,40,false
safety,A6c_gate_off_control,3,ood_compound,A6c_gate_off_control_train_seed_3,50088,-385.63658423336483,250,false,1.2159900298621176,4.0382617478641674,40,false
safety,A6c_gate_off_control,3,ood_compound,A6c_gate_off_control_train_seed_3,50089,-179.99541023758445,250,false,0.40497336744461004,6.09229269149328,40,false
safety,A6c_gate_off_control,3,ood_compound,A6c_gate_off_control_train_seed_3,50090,-421.28138496017453,250,false,0.27391699018975812,4.0852411741324159,40,false
safety,A6c_gate_off_control,3,ood_compound,A6c_gate_off_control_train_seed_3,50091,-291.61041045061756,250,false,0.4904574856782008,5.4925158963974408,40,false
safety,A6c_gate_off_control,3,ood_compound,A6c_gate_off_control_train_seed_3,50092,-343.07816924048802,250,false,1.0856296519035546,7.406524936575094,40,false
safety,A6c_gate_off_control,3,ood_compound,A6c_gate_off_control_train_seed_3,50093,-455.06893812558815,250,false,1.2211845439612778,8.5353779493947997,40,false
safety,A6c_gate_off_control,3,ood_compound,A6c_gate_off_control_train_seed_3,50094,-181.38736541901775,250,false,0.22812544013924066,1.9848977842122066,40,false
safety,A6c_gate_off_control,3,ood_compound,A6c_gate_off_control_train_seed_3,50095,-206.12071039223787,250,false,0.21128224890127156,2.250140299248589,40,false
safety,A6c_gate_off_control,3,ood_compound,A6c_gate_off_control_train_seed_3,50096,-539.30246320709557,250,false,1.3451400452509366,4.494275511002364,40,false
safety,A6c_gate_off_control,3,ood_compound,A6c_gate_off_control_train_seed_3,50097,-329.79835965077672,250,false,1.1478351567708511,8.9642114751403845,40,false
safety,A6c_gate_off_control,3,ood_compound,A6c_gate_off_control_train_seed_3,50098,-445.77337802558316,250,false,1.263191160949291,10.241180202550334,40,false
safety,A6c_gate_off_control,3,ood_compound,A6c_gate_off_control_train_seed_3,50099,-365.17293339095335,250,false,1.3499512878664417,9.9377621526126259,40,false
safety,A4c,3,motor_fault,A4c_train_seed_3,50000,-312.11817857024459,250,false,1.0993336183220426,5.2085540693486791,35.437431335449219,true
safety,A4c,3,motor_fault,A4c_train_seed_3,50001,-177.31923671320345,250,false,0.33912709805077279,10.330824941715225,40,true
safety,A4c,3,motor_fault,A4c_train_seed_3,50002,-31.760641285865319,40,true,0.010293624121967422,8.5526062404069148,40,true
safety,A4c,3,motor_fault,A4c_train_seed_3,50003,-299.43600522589622,250,false,0.80220376370939017,12.08920623984659,40,true
safety,A4c,3,motor_fault,A4c_train_seed_3,50004,-268.79386272687537,250,false,0.95093797009941194,9.1065280643157784,40,true
safety,A4c,3,motor_fault,A4c_train_seed_3,50005,-160.82168158910386,250,false,0.24044797437700735,13.95165602147658,40,true
safety,A4c,3,motor_fault,A4c_train_seed_3,50006,-329.04756273141498,250,false,1.3216029231481516,7.0818800005741869,40,true
safety,A4c,3,motor_fault,A4c_train_seed_3,50007,-321.01593292582896,250,false,0.80033040107063147,10.455333659609536,40,true
safety,A4c,3,motor_fault,A4c_train_seed_3,50008,-262.68883573051244,250,false,0.64515574369398043,7.4799839237167243,40,true
safety,A4c,3,motor_fault,A4c_train_seed_3,50009,-171.19617547381586,250,false,0.45073507359603754,9.7642028908287433,40,true
safety,A4c,3,motor_fault,A4c_train_seed_3,50010,-146.45007353635489,250,false,0.38407292026904805,12.922418091395542,40,true
safety,A4c,3,motor_fault,A4c_train_seed_3,50011,-212.98285826688911,250,false,0.74820663763693596,4.271504723554381,40,true
safety,A4c,3,motor_fault,A4c_train_seed_3,50012,-41.070440209806691,63,true,0.019707699149100893,11.517392853070731,40,true
safety,A4c,3,motor_fault,A4c_train_seed_3,50013,-313.31558107761111,250,false,0.99152242412009461,10.624924234593546,40,true
safety,A4c,3,motor_fault,A4c_train_seed_3,50014,-322.56900844935228,250,false,0.86363534334646364,19.846592127671176,40,true
safety,A4c,3,motor_fault,A4c_train_seed_3,50015,-375.8148215118398,250,false,1.2182335301086733,11.29234836312242,40,true
safety,A4c,3,motor_fault,A4c_train_seed_3,50016,-310.15743073605296,250,false,1.0824974936004215,10.20882766636484,40,true
safety,A4c,3,motor_fault,A4c_train_seed_3,50017,-194.78802106595654,250,false,0.49961698912820557,9.0121782236699257,40,true
safety,A4c,3,motor_fault,A4c_train_seed_3,50018,-156.8291497112462,250,false,0.1215310959043301,11.984642914414872,40,true
safety,A4c,3,motor_fault,A4c_train_seed_3,50019,-242.320718851403,250,false,0.54059749199676488,12.095935157126293,40,true
safety,A4c,3,motor_fault,A4c_train_seed_3,50020,-248.45147682318827,250,false,1.0258124287907924,5.6517871501318417,40,true
safety,A4c,3,motor_fault,A4c_train_seed_3,50021,-212.64310389872981,250,false,0.79848844669892072,5.1834792100302733,33.653228759765625,true
safety,A4c,3,motor_fault,A4c_train_seed_3,50022,-281.86801619864502,250,false,0.86348407488891665,11.924371025821527,40,true
safety,A4c,3,motor_fault,A4c_train_seed_3,50023,-144.83147634225799,250,false,0.21388795517119491,9.6230841133593685,40,true
safety,A4c,3,motor_fault,A4c_train_seed_3,50024,-105.35473672119018,250,false,0.29477660452124638,2.905605347605249,31.514230728149414,true
safety,A4c,3,motor_fault,A4c_train_seed_3,50025,-183.5943500998317,250,false,0.44243664290625889,11.027128750009886,40,true
safety,A4c,3,motor_fault,A4c_train_seed_3,50026,-371.37019821710737,250,false,1.3898387389969309,6.0298963226005071,40,true
safety,A4c,3,motor_fault,A4c_train_seed_3,50027,-36.922815899380552,34,true,0.022553782044114078,7.8355916045742795,40,true
safety,A4c,3,motor_fault,A4c_train_seed_3,50028,-255.66015728979369,250,false,0.64806378928482045,16.249247828834861,40,true
safety,A4c,3,motor_fault,A4c_train_seed_3,50029,-203.82194381337561,250,false,0.35869363855162922,13.305241354405714,40,true
safety,A4c,3,motor_fault,A4c_train_seed_3,50030,-157.77949274153343,250,false,0.33834102543977318,9.3416300416149038,40,true
safety,A4c,3,motor_fault,A4c_train_seed_3,50031,-83.766139367978695,79,true,0.030135111312815006,13.953340516804726,40,true
safety,A4c,3,motor_fault,A4c_train_seed_3,50032,-256.22881014548705,250,false,0.79163557870033796,12.297138552661394,40,true
safety,A4c,3,motor_fault,A4c_train_seed_3,50033,-3.403438819591873,26,true,0.043192044374941778,4.5461149016390738,24.806766510009766,true
safety,A4c,3,motor_fault,A4c_train_seed_3,50034,-123.76310450646046,250,false,0.35212536540039602,7.4275141163860141,40,true
safety,A4c,3,motor_fault,A4c_train_seed_3,50035,-376.09327031713968,250,false,1.3681632264786232,5.5261340487037236,40,true
safety,A4c,3,motor_fault,A4c_train_seed_3,50036,-344.86081422494703,250,false,1.361226404008071,5.4717560783904311,40,true
safety,A4c,3,motor_fault,A4c_train_seed_3,50037,-277.95241161493885,250,false,1.0110667555129103,10.860381306602203,40,true
safety,A4c,3,motor_fault,A4c_train_seed_3,50038,-252.67568442811228,250,false,0.57767498464558331,16.592962623165857,40,true
safety,A4c,3,motor_fault,A4c_train_seed_3,50039,-76.472429134207985,250,false,0.12285933465434758,4.5829584320234611,39.975185394287109,true
safety,A4c,3,motor_fault,A4c_train_seed_3,50040,-122.34056800112954,250,false,0.24072286731848583,8.7279854232332692,40,true
safety,A4c,3,motor_fault,A4c_train_seed_3,50041,-113.30807961737278,250,false,0.26340314030140161,12.977029040236062,40,true
safety,A4c,3,motor_fault,A4c_train_seed_3,50042,-83.261694558594286,250,false,0.14131177823647106,6.8208473008544726,39.082908630371094,true
safety,A4c,3,motor_fault,A4c_train_seed_3,50043,-8.9449138770816017,30,true,0.036887573378752536,4.5803181836221079,40,true
safety,A4c,3,motor_fault,A4c_train_seed_3,50044,-326.17224059545021,250,false,1.1818645598193513,11.493512554874842,40,true
safety,A4c,3,motor_fault,A4c_train_seed_3,50045,-227.38269575716143,250,false,0.5049869970220987,11.189010528839153,40,true
safety,A4c,3,motor_fault,A4c_train_seed_3,50046,-112.77473379379911,250,false,0.22616743507051795,14.791575515746072,40,true
safety,A4c,3,motor_fault,A4c_train_seed_3,50047,-207.31701103103489,250,false,0.64524045860649937,5.816067912449598,40,true
safety,A4c,3,motor_fault,A4c_train_seed_3,50048,-133.37709233645566,250,false,0.3059498639443749,6.3514172415644445,40,true
safety,A4c,3,motor_fault,A4c_train_seed_3,50049,-201.92223587844848,250,false,0.46378376919098618,14.329006552078489,40,true
safety,A4c,3,motor_fault,A4c_train_seed_3,50050,-221.25123004443225,250,false,0.38190810079715143,12.124822640523066,40,true
safety,A4c,3,motor_fault,A4c_train_seed_3,50051,-117.20990164028875,69,true,0.032368281824521228,15.856103826830042,40,true
safety,A4c,3,motor_fault,A4c_train_seed_3,50052,-192.84324701736853,250,false,0.13390680556456713,14.240919656322136,40,true
safety,A4c,3,motor_fault,A4c_train_seed_3,50053,-293.28435858135828,250,false,1.115868108176554,8.7490549178026669,40,true
safety,A4c,3,motor_fault,A4c_train_seed_3,50054,-193.17402581359704,250,false,0.31815554417029862,18.153570611604529,40,true
safety,A4c,3,motor_fault,A4c_train_seed_3,50055,-314.11670806384723,250,false,0.97650537497804624,10.134922880077326,40,true
safety,A4c,3,motor_fault,A4c_train_seed_3,50056,-73.901909778586301,250,false,0.20777640682224791,5.1623181095886954,24.207645416259766,true
safety,A4c,3,motor_fault,A4c_train_seed_3,50057,-245.1666815859607,250,false,0.97984320985408213,9.0407805073673657,40,true
safety,A4c,3,motor_fault,A4c_train_seed_3,50058,-201.41170930617284,250,false,0.31383410426395919,14.474101347817809,40,true
safety,A4c,3,motor_fault,A4c_train_seed_3,50059,-288.54252307891278,250,false,0.96824106780430219,5.3215394926070907,40,true
safety,A4c,3,motor_fault,A4c_train_seed_3,50060,-126.44722699475979,65,true,0.021872092905611717,14.850360117550602,40,true
safety,A4c,3,motor_fault,A4c_train_seed_3,50061,-226.98752761003641,250,false,0.78798421820534481,3.5694039841586469,39.487499237060547,true
safety,A4c,3,motor_fault,A4c_train_seed_3,50062,-226.3519467378224,250,false,0.47885643140796763,14.680008391580254,40,true
safety,A4c,3,motor_fault,A4c_train_seed_3,50063,-271.90691473916218,250,false,1.0101736225790559,4.264616513611128,36.370140075683594,true
safety,A4c,3,motor_fault,A4c_train_seed_3,50064,-91.104342027816372,250,false,0.11305315950174676,7.8127354150170403,40,true
safety,A4c,3,motor_fault,A4c_train_seed_3,50065,-19.81357259187892,38,true,0.022570757852686533,7.0578015681548578,40,true
safety,A4c,3,motor_fault,A4c_train_seed_3,50066,-190.05722528134254,250,false,0.44811995283827755,9.9696748511517939,40,true
safety,A4c,3,motor_fault,A4c_train_seed_3,50067,-24.678909131868348,41,true,0.04943592103728979,6.2681553505937275,37.805721282958984,true
safety,A4c,3,motor_fault,A4c_train_seed_3,50068,-47.744356692021341,250,false,0.079019286179457957,7.0803244536326906,22.646881103515625,true
safety,A4c,3,motor_fault,A4c_train_seed_3,50069,-108.62731905832329,250,false,0.093165727853980279,15.917072160035829,40,true
safety,A4c,3,motor_fault,A4c_train_seed_3,50070,-254.97527839295097,250,false,0.94177529491217216,4.3135462058825418,30.4188232421875,true
safety,A4c,3,motor_fault,A4c_train_seed_3,50071,-17.917235513049835,37,true,0.047214064750561821,6.7376564619148924,40,true
safety,A4c,3,motor_fault,A4c_train_seed_3,50072,-151.32651984896023,250,false,0.1162337887918052,13.168115798853783,40,true
safety,A4c,3,motor_fault,A4c_train_seed_3,50073,-254.8851554555182,250,false,0.52628201176722067,20.619157439714471,40,true
safety,A4c,3,motor_fault,A4c_train_seed_3,50074,-296.7936594583756,250,false,1.2890475421996443,5.9636202480726679,32.792461395263672,true
safety,A4c,3,motor_fault,A4c_train_seed_3,50075,-361.99492076630446,250,false,1.2083095969091622,7.2561393809229653,40,true
safety,A4c,3,motor_fault,A4c_train_seed_3,50076,-187.11070051208702,250,false,0.17245164020703863,11.515649766139378,40,true
safety,A4c,3,motor_fault,A4c_train_seed_3,50077,-94.476902715502902,250,false,0.21779083843411498,9.815111098800589,40,true
safety,A4c,3,motor_fault,A4c_train_seed_3,50078,-252.38103520275078,250,false,1.4769183428073642,4.900501507691974,40,true
safety,A4c,3,motor_fault,A4c_train_seed_3,50079,-180.28413844321642,250,false,0.096559749829508656,13.011555030961619,40,true
safety,A4c,3,motor_fault,A4c_train_seed_3,50080,-191.37641302662931,250,false,0.26472822330599588,14.837394486262216,40,true
safety,A4c,3,motor_fault,A4c_train_seed_3,50081,-107.05075427367019,250,false,0.2192991591109667,8.7575080999643919,40,true
safety,A4c,3,motor_fault,A4c_train_seed_3,50082,-25.608954673556482,37,true,0.018269753169713781,11.17344577340166,40,true
safety,A4c,3,motor_fault,A4c_train_seed_3,50083,-79.671194130754856,72,true,0.015589839284371415,12.000228109161517,40,true
safety,A4c,3,motor_fault,A4c_train_seed_3,50084,-22.184179330159424,48,true,0.047465507849096117,6.8799394284553417,40,true
safety,A4c,3,motor_fault,A4c_train_seed_3,50085,-154.48575247553109,250,false,0.1211525051456863,15.769202911472075,40,true
safety,A4c,3,motor_fault,A4c_train_seed_3,50086,-61.073569195006783,60,true,0.028726386915737277,17.696343674112057,40,true
safety,A4c,3,motor_fault,A4c_train_seed_3,50087,-107.85792772351546,250,false,0.29733082719172832,6.3257139188755502,40,true
safety,A4c,3,motor_fault,A4c_train_seed_3,50088,-128.57068433044503,250,false,0.097258710158511605,15.302851061184388,40,true
safety,A4c,3,motor_fault,A4c_train_seed_3,50089,-158.00198393585131,250,false,0.35985342202834786,6.0833974049819348,40,true
safety,A4c,3,motor_fault,A4c_train_seed_3,50090,-254.59182535598453,250,false,0.57399629660635565,10.60232741792205,40,true
safety,A4c,3,motor_fault,A4c_train_seed_3,50091,-189.14440931471535,250,false,0.086396550577117662,10.233779464299863,40,true
safety,A4c,3,motor_fault,A4c_train_seed_3,50092,-307.77408144833981,250,false,1.0070983328810867,8.7924230503474128,40,true
safety,A4c,3,motor_fault,A4c_train_seed_3,50093,-206.33409059088058,250,false,0.23472031802851406,11.239540842075318,40,true
safety,A4c,3,motor_fault,A4c_train_seed_3,50094,-15.119791293577153,33,true,0.040618538441042303,4.7950155585863241,40,true
safety,A4c,3,motor_fault,A4c_train_seed_3,50095,-250.50083694648035,250,false,0.9089458675887464,5.8191031156967092,39.291152954101562,true
safety,A4c,3,motor_fault,A4c_train_seed_3,50096,-321.84396972145049,250,false,1.0925214378367827,11.691417965062735,40,true
safety,A4c,3,motor_fault,A4c_train_seed_3,50097,-349.84946636460882,250,false,1.1245542263909325,8.7550152274865045,40,true
safety,A4c,3,motor_fault,A4c_train_seed_3,50098,-110.62452899361884,250,false,0.11660533263757575,13.804300870369429,40,true
safety,A4c,3,motor_fault,A4c_train_seed_3,50099,-383.18752417440908,250,false,1.1286608458376419,9.0556558462951777,40,true
safety,A3,3,motor_fault,A3_train_seed_3,50000,-294.36547413418822,250,false,0.88133024863728637,6.5813442941724531,38.394130706787109,true
safety,A3,3,motor_fault,A3_train_seed_3,50001,-164.11545242630874,250,false,0.21761217496007285,11.278453927716939,40,true
safety,A3,3,motor_fault,A3_train_seed_3,50002,-31.383898765689707,51,true,0.040951491744448919,9.8020519924500267,40,true
safety,A3,3,motor_fault,A3_train_seed_3,50003,-251.0159999804998,250,false,0.52847225822787736,10.696675447983706,40,true
safety,A3,3,motor_fault,A3_train_seed_3,50004,-211.50281064124809,250,false,0.70733288300118846,9.9578271404873036,40,true
safety,A3,3,motor_fault,A3_train_seed_3,50005,-134.16786662227372,140,true,0.049860064932417722,16.097408249168293,40,true
safety,A3,3,motor_fault,A3_train_seed_3,50006,-69.092442257553529,124,true,0.049223188252960744,6.8061854689692991,40,true
safety,A3,3,motor_fault,A3_train_seed_3,50007,-265.54920475530815,250,false,0.50945862123062702,10.829421937595216,40,true
safety,A3,3,motor_fault,A3_train_seed_3,50008,-264.28524152520515,250,false,0.36080909364160008,15.284476750222751,40,true
safety,A3,3,motor_fault,A3_train_seed_3,50009,-142.33893424911167,250,false,0.33821203489428758,9.244409458866107,40,true
safety,A3,3,motor_fault,A3_train_seed_3,50010,-57.712160235725314,83,true,0.049660420099290163,12.079326182693968,40,true
safety,A3,3,motor_fault,A3_train_seed_3,50011,-185.33924892548964,250,false,0.81975770654616409,5.8507309890241146,38.189914703369141,true
safety,A3,3,motor_fault,A3_train_seed_3,50012,-68.974872151853958,250,false,0.072699987591409651,12.153336891976812,40,true
safety,A3,3,motor_fault,A3_train_seed_3,50013,-252.39021327669877,250,false,0.69748697348319189,9.494337896361742,40,true
safety,A3,3,motor_fault,A3_train_seed_3,50014,-344.98437354218146,250,false,0.84200147001623626,11.432112026027182,40,true
safety,A3,3,motor_fault,A3_train_seed_3,50015,-335.47191666873209,250,false,1.0412640078092319,11.528363572516973,40,true
safety,A3,3,motor_fault,A3_train_seed_3,50016,-267.48754852375174,250,false,0.91159240577218492,10.261694705385857,40,true
safety,A3,3,motor_fault,A3_train_seed_3,50017,-116.66210781945462,250,false,0.14900921936313424,9.350603914458878,40,true
safety,A3,3,motor_fault,A3_train_seed_3,50018,-140.69391999531541,250,false,0.055979022708420048,11.867814881499239,40,true
safety,A3,3,motor_fault,A3_train_seed_3,50019,-198.53022338385037,250,false,0.44273525925725143,12.000580656572776,40,true
safety,A3,3,motor_fault,A3_train_seed_3,50020,-133.86983782533144,250,false,0.45479479273218915,7.3787606999014859,40,true
safety,A3,3,motor_fault,A3_train_seed_3,50021,-11.69621569748328,29,true,0.026179234708340077,5.5832029516841342,34.089778900146484,true
safety,A3,3,motor_fault,A3_train_seed_3,50022,-118.64678477372443,79,true,0.016079174429775172,12.440184524198596,40,true
safety,A3,3,motor_fault,A3_train_seed_3,50023,-126.67094345772888,250,false,0.093258602628311607,10.022081718552501,40,true
safety,A3,3,motor_fault,A3_train_seed_3,50024,-72.423202967313983,250,false,0.15335192334460507,4.19754024727097,36.139022827148438,true
safety,A3,3,motor_fault,A3_train_seed_3,50025,-160.14330460265521,250,false,0.2933140758026801,11.840056650500294,40,true
safety,A3,3,motor_fault,A3_train_seed_3,50026,-310.65247501603443,250,false,1.0145351376725222,7.8726414978534027,40,true
safety,A3,3,motor_fault,A3_train_seed_3,50027,-39.632536142512855,50,true,0.020039084548698783,9.3217629873199446,40,true
safety,A3,3,motor_fault,A3_train_seed_3,50028,-158.43074511300742,104,true,0.049775581388692536,16.887398194655095,40,true
safety,A3,3,motor_fault,A3_train_seed_3,50029,-158.25329007670555,250,false,0.27946034544318632,13.289308683719417,40,true
safety,A3,3,motor_fault,A3_train_seed_3,50030,-142.12559903993272,250,false,0.20831470352341355,10.086415523808254,40,true
safety,A3,3,motor_fault,A3_train_seed_3,50031,-80.349251954383448,68,true,0.049479488601560283,14.342663843596847,40,true
safety,A3,3,motor_fault,A3_train_seed_3,50032,-177.56917568672878,250,false,0.42984530764895257,12.869207807014654,40,true
safety,A3,3,motor_fault,A3_train_seed_3,50033,-58.481433637914897,250,false,0.10363038510112256,5.9494366220273136,28.0333251953125,true
safety,A3,3,motor_fault,A3_train_seed_3,50034,-30.273636186363824,56,true,0.020506079878787033,8.5760179275318862,40,true
safety,A3,3,motor_fault,A3_train_seed_3,50035,-328.34305399024322,250,false,1.3121772684665529,7.1538829651677487,40,true
safety,A3,3,motor_fault,A3_train_seed_3,50036,-51.66774478411476,98,true,0.046433862761744354,5.2486290766884105,40,true
safety,A3,3,motor_fault,A3_train_seed_3,50037,-72.014338557683374,250,false,0.058726574723438028,10.980091039266133,40,true
safety,A3,3,motor_fault,A3_train_seed_3,50038,-244.20118679829221,250,false,0.36458544177689906,15.96302024314307,40,true
safety,A3,3,motor_fault,A3_train_seed_3,50039,-35.711578371570262,82,true,0.045715851293861964,5.0448277374885189,40,true
safety,A3,3,motor_fault,A3_train_seed_3,50040,-96.895778253353214,250,false,0.12453493513248896,10.978244393194569,40,true
safety,A3,3,motor_fault,A3_train_seed_3,50041,-47.184089380248565,91,true,0.048628331852098791,12.786291122784142,40,true
safety,A3,3,motor_fault,A3_train_seed_3,50042,-74.446836579835377,250,false,0.12880212027746579,8.8375928671075794,40,true
safety,A3,3,motor_fault,A3_train_seed_3,50043,-64.534929410729532,250,false,0.10711557094592937,5.8898887219123894,40,true
safety,A3,3,motor_fault,A3_train_seed_3,50044,-93.941056927227194,131,true,0.043949991246206271,12.009289012058266,40,true
safety,A3,3,motor_fault,A3_train_seed_3,50045,-187.30228330649737,250,false,0.38801102913002072,11.773496560500575,40,true
safety,A3,3,motor_fault,A3_train_seed_3,50046,-53.754054139678018,69,true,0.049550896591274519,14.792772988578312,40,true
safety,A3,3,motor_fault,A3_train_seed_3,50047,-103.0902520275236,250,false,0.16290883846954615,5.8121609445721001,40,true
safety,A3,3,motor_fault,A3_train_seed_3,50048,-117.02930108848049,250,false,0.22666700695835026,11.280908787463336,40,true
safety,A3,3,motor_fault,A3_train_seed_3,50049,-116.00239308257254,250,false,0.067898769709741277,14.681397088713121,40,true
safety,A3,3,motor_fault,A3_train_seed_3,50050,-185.09842668408069,250,false,0.2319277315706898,14.340671687261423,40,true
safety,A3,3,motor_fault,A3_train_seed_3,50051,-150.53218099814373,250,false,0.065259815289009759,13.672245626663152,40,true
safety,A3,3,motor_fault,A3_train_seed_3,50052,-190.43914136269058,250,false,0.15359146263353277,13.305655118702296,40,true
safety,A3,3,motor_fault,A3_train_seed_3,50053,-48.846507082826655,91,true,0.048216043167853349,9.4068997351904908,40,true
safety,A3,3,motor_fault,A3_train_seed_3,50054,-187.7590990824547,250,false,0.20140538192197191,20.22411901074835,40,true
safety,A3,3,motor_fault,A3_train_seed_3,50055,-269.83237927881271,250,false,0.77585982797492503,10.54459190945337,40,true
safety,A3,3,motor_fault,A3_train_seed_3,50056,-59.919515411142577,250,false,0.14217253172975342,5.7372114064393864,23.025297164916992,true
safety,A3,3,motor_fault,A3_train_seed_3,50057,-41.316347165263366,56,true,0.048232118411574008,9.3320031560518224,40,true
safety,A3,3,motor_fault,A3_train_seed_3,50058,-178.44512143978352,250,false,0.15989815955191805,15.269522020641404,40,true
safety,A3,3,motor_fault,A3_train_seed_3,50059,-190.4504803211174,250,false,0.6215574104731344,7.0100560822972673,40,true
safety,A3,3,motor_fault,A3_train_seed_3,50060,-136.87894536865838,250,false,0.11907414916568465,14.272565362734838,40,true
safety,A3,3,motor_fault,A3_train_seed_3,50061,-178.80034110587317,250,false,0.32690180976259836,5.0925884739358702,40,true
safety,A3,3,motor_fault,A3_train_seed_3,50062,-182.55979781760109,250,false,0.21525975056898058,14.387858609400483,40,true
safety,A3,3,motor_fault,A3_train_seed_3,50063,-171.44628124489802,250,false,0.50490930737273787,4.6562966665774956,36.015773773193359,true
safety,A3,3,motor_fault,A3_train_seed_3,50064,-21.244196706442427,45,true,0.047006548194656446,8.8348454532151415,40,true
safety,A3,3,motor_fault,A3_train_seed_3,50065,-22.887687119819191,54,true,0.02986689401125692,7.4618040980334133,40,true
safety,A3,3,motor_fault,A3_train_seed_3,50066,-149.77024617075287,250,false,0.31092823963431848,9.9598637876840144,40,true
safety,A3,3,motor_fault,A3_train_seed_3,50067,-20.849734314789679,32,true,0.032973723565155218,7.1373495335803741,40,true
safety,A3,3,motor_fault,A3_train_seed_3,50068,-14.641296134048915,34,true,0.049287667630963171,8.3343769070227705,24.183464050292969,true
safety,A3,3,motor_fault,A3_train_seed_3,50069,-67.551739853742433,67,true,0.049910517948997216,16.722324431447937,40,true
safety,A3,3,motor_fault,A3_train_seed_3,50070,-230.84744098292086,250,false,0.6756910235517366,5.4298807843395123,33.40142822265625,true
safety,A3,3,motor_fault,A3_train_seed_3,50071,-17.671735926411323,35,true,0.033391876387118984,7.3115197025683667,40,true
safety,A3,3,motor_fault,A3_train_seed_3,50072,-101.21841982095019,91,true,0.046896875407584013,10.176797755531531,40,true
safety,A3,3,motor_fault,A3_train_seed_3,50073,-237.16943242154554,250,false,0.28946500268019193,15.585318077805011,40,true
safety,A3,3,motor_fault,A3_train_seed_3,50074,-17.42371920980867,32,true,0.034046653613346203,7.2278876400610415,35.567882537841797,true
safety,A3,3,motor_fault,A3_train_seed_3,50075,-348.9714940110664,250,false,1.1491248399629479,7.5614544936605865,40,true
safety,A3,3,motor_fault,A3_train_seed_3,50076,-165.00857023295211,250,false,0.10383984735292802,11.494857321833026,40,true
safety,A3,3,motor_fault,A3_train_seed_3,50077,-60.563219951188991,250,false,0.050353992429420014,14.489894445499727,40,true
safety,A3,3,motor_fault,A3_train_seed_3,50078,-40.440761529592365,103,true,0.049240233028734127,5.9124748087269312,40,true
safety,A3,3,motor_fault,A3_train_seed_3,50079,-112.59061443755243,102,true,0.035641988708931267,13.42166034828675,40,true
safety,A3,3,motor_fault,A3_train_seed_3,50080,-214.778472900054,250,false,0.13740509546518345,20.544794181683105,40,true
safety,A3,3,motor_fault,A3_train_seed_3,50081,-49.371207857753333,61,true,0.049275665201383281,10.071986751907019,40,true
safety,A3,3,motor_fault,A3_train_seed_3,50082,-24.829761977069104,28,true,0.049839459681034565,13.429970296055631,40,true
safety,A3,3,motor_fault,A3_train_seed_3,50083,-80.614307906450506,59,true,0.019210269328044541,10.245192709983023,40,true
safety,A3,3,motor_fault,A3_train_seed_3,50084,-18.88392550577997,37,true,0.043132060529365857,9.0098663143574633,40,true
safety,A3,3,motor_fault,A3_train_seed_3,50085,-152.67698877201664,250,false,0.071771094974114116,15.76059100456944,40,true
safety,A3,3,motor_fault,A3_train_seed_3,50086,-96.207409422090009,250,false,0.090035815689897505,17.615684344614724,40,true
safety,A3,3,motor_fault,A3_train_seed_3,50087,-69.811562345024754,250,false,0.085976633448713813,6.4300559827954622,40,true
safety,A3,3,motor_fault,A3_train_seed_3,50088,-117.3457520118988,250,false,0.062036302496886214,14.309920368755465,40,true
safety,A3,3,motor_fault,A3_train_seed_3,50089,-122.76023784383104,250,false,0.20211875119541292,9.3382002163087545,40,true
safety,A3,3,motor_fault,A3_train_seed_3,50090,-228.36270366119473,250,false,0.51409593175917745,10.488483887681722,40,true
safety,A3,3,motor_fault,A3_train_seed_3,50091,-147.68465945987413,109,true,0.048077544906030743,11.061845234169169,40,true
safety,A3,3,motor_fault,A3_train_seed_3,50092,-293.30100876502121,250,false,0.94447135383441427,9.0709310905457929,40,true
safety,A3,3,motor_fault,A3_train_seed_3,50093,-172.86356327774138,250,false,0.13569384220098854,11.208773589945844,40,true
safety,A3,3,motor_fault,A3_train_seed_3,50094,-82.542314900311396,250,false,0.15434036348157179,6.5821133075301876,40,true
safety,A3,3,motor_fault,A3_train_seed_3,50095,-45.348650214933066,89,true,0.013609941121059854,6.0636698144844585,37.215492248535156,true
safety,A3,3,motor_fault,A3_train_seed_3,50096,-249.89383901378517,250,false,0.71280167530965532,10.898836846826718,40,true
safety,A3,3,motor_fault,A3_train_seed_3,50097,-291.66579553936833,250,false,1.0045790036114826,9.660505724733234,40,true
safety,A3,3,motor_fault,A3_train_seed_3,50098,-94.508103451283262,250,false,0.066757579652770502,13.627759994229903,40,true
safety,A3,3,motor_fault,A3_train_seed_3,50099,-353.02868154243447,250,false,1.0898724371859327,11.298492223292087,40,true
safety,A6c,3,motor_fault,A6c_train_seed_3,50000,-317.97749220331815,250,false,1.0972399425660908,6.9246321110272557,36.838245391845703,true
safety,A6c,3,motor_fault,A6c_train_seed_3,50001,-193.90505947355877,250,false,0.36444882525301919,5.0840700433932762,40,true
safety,A6c,3,motor_fault,A6c_train_seed_3,50002,-493.54500409349299,250,false,0.93108589363111438,7.0223035713681847,40,true
safety,A6c,3,motor_fault,A6c_train_seed_3,50003,-350.81615728544909,250,false,0.7727093077804168,3.9702684366836758,40,true
safety,A6c,3,motor_fault,A6c_train_seed_3,50004,-372.06446761645964,250,false,1.274327233170327,5.6262564268798849,40,true
safety,A6c,3,motor_fault,A6c_train_seed_3,50005,-147.52773880053556,92,true,0.029030681302021372,7.2467887943214873,40,true
safety,A6c,3,motor_fault,A6c_train_seed_3,50006,-110.2274399863927,250,false,0.093494290030255264,3.0206739430786462,40,true
safety,A6c,3,motor_fault,A6c_train_seed_3,50007,-270.49034346499343,250,false,0.76807839620822815,4.5491485471783726,40,true
safety,A6c,3,motor_fault,A6c_train_seed_3,50008,-177.52492671763704,114,true,0.048641058942468847,6.5819697208937802,40,true
safety,A6c,3,motor_fault,A6c_train_seed_3,50009,-348.21808720682236,250,false,0.67357559655867916,7.2621430646740848,40,true
safety,A6c,3,motor_fault,A6c_train_seed_3,50010,-162.0080702812314,250,false,0.34699257386897153,3.6679859034484941,40,true
safety,A6c,3,motor_fault,A6c_train_seed_3,50011,-211.57634604544307,250,false,0.73689134844905047,6.0064971206442763,35.326885223388672,true
safety,A6c,3,motor_fault,A6c_train_seed_3,50012,-52.191536147989197,115,true,0.049810012761234146,2.9519138505358034,40,true
safety,A6c,3,motor_fault,A6c_train_seed_3,50013,-369.63741461300447,250,false,0.92761863838994363,5.0831205121349843,40,true
safety,A6c,3,motor_fault,A6c_train_seed_3,50014,-289.35151670563346,250,false,1.0061763854447781,6.8241346864028234,40,true
safety,A6c,3,motor_fault,A6c_train_seed_3,50015,-327.12584285355871,250,false,1.2078954103426807,3.4260343672269635,40,true
safety,A6c,3,motor_fault,A6c_train_seed_3,50016,-521.06720741673928,250,false,1.7072555365150339,6.2963859036974235,40,true
safety,A6c,3,motor_fault,A6c_train_seed_3,50017,-219.19735398011227,250,false,0.50857979018906396,5.0381458412826285,40,true
safety,A6c,3,motor_fault,A6c_train_seed_3,50018,-185.87808955043272,56,false,1.9989678934911634,7.7481274428226588,40,true
safety,A6c,3,motor_fault,A6c_train_seed_3,50019,-326.55715834848172,250,false,0.79943418298756308,6.0198108138360755,40,true
safety,A6c,3,motor_fault,A6c_train_seed_3,50020,-307.25011226912341,250,false,1.0384557617184007,2.2535393445445542,38.857994079589844,true
safety,A6c,3,motor_fault,A6c_train_seed_3,50021,-271.25417667610617,250,false,1.0587215500654512,4.7286487058653615,29.417018890380859,true
safety,A6c,3,motor_fault,A6c_train_seed_3,50022,-268.3167143660736,250,false,0.85849758651738173,3.9141712757272011,40,true
safety,A6c,3,motor_fault,A6c_train_seed_3,50023,-156.95602999012101,250,false,0.19833060873180156,6.3845181155424227,40,true
safety,A6c,3,motor_fault,A6c_train_seed_3,50024,-167.01683493038027,250,false,0.49310209827185553,3.7417427579884843,33.345474243164062,true
safety,A6c,3,motor_fault,A6c_train_seed_3,50025,-194.60315021001341,250,false,0.46498971215214113,7.2384609339028216,40,true
safety,A6c,3,motor_fault,A6c_train_seed_3,50026,-418.63330436708031,250,false,1.4663867043474312,7.9246064568789381,40,true
safety,A6c,3,motor_fault,A6c_train_seed_3,50027,-68.098888473270691,250,false,0.074524526095698262,6.5972859640535191,40,true
safety,A6c,3,motor_fault,A6c_train_seed_3,50028,-236.30245685503291,250,false,0.78279490966402931,6.0355502685789784,40,true
safety,A6c,3,motor_fault,A6c_train_seed_3,50029,-253.92387703019048,250,false,0.37766152949251547,4.0585942519941156,40,true
safety,A6c,3,motor_fault,A6c_train_seed_3,50030,-99.577264671439792,82,true,0.041200950476293886,6.7486547634288456,40,true
safety,A6c,3,motor_fault,A6c_train_seed_3,50031,-123.01993871943262,250,false,0.061614356211386848,6.66075765709419,40,true
safety,A6c,3,motor_fault,A6c_train_seed_3,50032,-257.9413423078696,250,false,0.81541995987075389,3.0505811983308568,40,true
safety,A6c,3,motor_fault,A6c_train_seed_3,50033,-98.250686989310637,250,false,0.28092124605025326,4.0200174754667763,27.162466049194336,true
safety,A6c,3,motor_fault,A6c_train_seed_3,50034,-445.65013729766554,250,false,1.4459506925869938,5.697220470449909,40,true
safety,A6c,3,motor_fault,A6c_train_seed_3,50035,-390.29495975179321,250,false,1.380094166107092,7.1045074851078445,40,true
safety,A6c,3,motor_fault,A6c_train_seed_3,50036,-459.27568252726996,250,false,0.90959920656374915,5.7846510789947967,40,true
safety,A6c,3,motor_fault,A6c_train_seed_3,50037,-284.95538569789096,250,false,0.97671175115935815,2.3623509291294225,40,true
safety,A6c,3,motor_fault,A6c_train_seed_3,50038,-231.90883321600964,250,false,0.59725988274966135,5.9785601821757846,40,true
safety,A6c,3,motor_fault,A6c_train_seed_3,50039,-355.19976955524089,250,false,0.086898891123553965,5.7082431576994184,40,true
safety,A6c,3,motor_fault,A6c_train_seed_3,50040,-129.3864211491603,250,false,0.19332270430137435,5.0407614039361572,40,true
safety,A6c,3,motor_fault,A6c_train_seed_3,50041,-131.82906586956403,250,false,0.31150267625334943,4.6629651564759733,40,true
safety,A6c,3,motor_fault,A6c_train_seed_3,50042,-77.918431521549465,250,false,0.088962146903166603,4.8679872870273728,40,true
safety,A6c,3,motor_fault,A6c_train_seed_3,50043,-13.890383561967653,37,true,0.045971704359792476,3.0492479685513603,35.817398071289062,true
safety,A6c,3,motor_fault,A6c_train_seed_3,50044,-351.27689848421744,250,false,1.1394602624532355,4.8023602577807853,40,true
safety,A6c,3,motor_fault,A6c_train_seed_3,50045,-288.03385566068749,250,false,0.73045533687414388,5.9017587357090076,40,true
safety,A6c,3,motor_fault,A6c_train_seed_3,50046,-124.27986608751411,250,false,0.22237047014552494,5.0162860962912994,40,true
safety,A6c,3,motor_fault,A6c_train_seed_3,50047,-271.42568279715135,250,false,1.1317111307660606,4.4701843710811895,40,true
safety,A6c,3,motor_fault,A6c_train_seed_3,50048,-147.41499215413484,250,false,0.33243987642057826,6.9678592493707932,40,true
safety,A6c,3,motor_fault,A6c_train_seed_3,50049,-216.08181059173234,250,false,0.45916575930368819,4.0667710701190654,40,true
safety,A6c,3,motor_fault,A6c_train_seed_3,50050,-202.88072125075797,250,false,0.38719113674771238,5.7993844220495081,40,true
safety,A6c,3,motor_fault,A6c_train_seed_3,50051,-181.33216639296151,250,false,0.36907908629259956,5.7573059387105285,40,true
safety,A6c,3,motor_fault,A6c_train_seed_3,50052,-242.96386008633397,250,false,0.19293701644308367,5.2734814836486299,40,true
safety,A6c,3,motor_fault,A6c_train_seed_3,50053,-275.04644240316236,250,false,1.1300080583022563,2.9195234371569398,40,true
safety,A6c,3,motor_fault,A6c_train_seed_3,50054,-184.08138741812039,250,false,0.32717951911737236,6.1941340829815923,40,true
safety,A6c,3,motor_fault,A6c_train_seed_3,50055,-528.14188491282266,250,false,1.0379475941176448,6.5131709073686608,40,true
safety,A6c,3,motor_fault,A6c_train_seed_3,50056,-70.51555863143426,250,false,0.1863434652030386,4.2509019071922367,22.899873733520508,true
safety,A6c,3,motor_fault,A6c_train_seed_3,50057,-126.09952976002042,250,false,0.23121085114328263,3.3970727223772412,40,true
safety,A6c,3,motor_fault,A6c_train_seed_3,50058,-182.07532401834459,250,false,0.30847472885628974,4.850763570188529,40,true
safety,A6c,3,motor_fault,A6c_train_seed_3,50059,-413.81646514735513,250,false,1.5228015457088608,5.0952478537975061,40,true
safety,A6c,3,motor_fault,A6c_train_seed_3,50060,-222.12371894567752,250,false,0.32065188706693165,5.3392702230423641,40,true
safety,A6c,3,motor_fault,A6c_train_seed_3,50061,-222.33094407997754,250,false,0.7288195096073834,5.1274386653986239,39.849979400634766,true
safety,A6c,3,motor_fault,A6c_train_seed_3,50062,-184.19565319119241,250,false,0.32805928248003174,6.6049897294041218,40,true
safety,A6c,3,motor_fault,A6c_train_seed_3,50063,-286.52071749862461,250,false,1.0250340024605757,4.6424498676174037,34.265300750732422,true
safety,A6c,3,motor_fault,A6c_train_seed_3,50064,-195.73644261729777,250,false,0.65776804192532434,4.2162583872803587,40,true
safety,A6c,3,motor_fault,A6c_train_seed_3,50065,-104.24206087605688,250,false,0.27729858872929686,4.7867133480031567,38.882328033447266,true
safety,A6c,3,motor_fault,A6c_train_seed_3,50066,-318.93641874053247,250,false,0.70136465884182919,6.7063556502371098,40,true
safety,A6c,3,motor_fault,A6c_train_seed_3,50067,-178.3805834289509,250,false,1.1383368369814757,4.2553812806557039,40,true
safety,A6c,3,motor_fault,A6c_train_seed_3,50068,-20.704852971218578,43,true,0.04961489625267438,4.5697944407386046,24.254865646362305,true
safety,A6c,3,motor_fault,A6c_train_seed_3,50069,-73.52721863753581,120,true,0.048119810777656077,5.0489355299433036,40,true
safety,A6c,3,motor_fault,A6c_train_seed_3,50070,-259.97904456983088,250,false,0.93870716431890155,5.2351824745218831,30.332454681396484,true
safety,A6c,3,motor_fault,A6c_train_seed_3,50071,-25.527011682394118,65,true,0.048424773502018001,3.920014593135047,40,true
safety,A6c,3,motor_fault,A6c_train_seed_3,50072,-176.22073458230039,250,false,0.18285349127061115,5.768724702895482,40,true
safety,A6c,3,motor_fault,A6c_train_seed_3,50073,-227.76548782957562,250,false,0.51381723625264464,5.7465646406402691,40,true
safety,A6c,3,motor_fault,A6c_train_seed_3,50074,-347.27648433077587,250,false,1.2859212321570022,5.0144172609538922,31.766077041625977,true
safety,A6c,3,motor_fault,A6c_train_seed_3,50075,-370.55765664807615,250,false,1.201863843868112,8.6335712831367957,40,true
safety,A6c,3,motor_fault,A6c_train_seed_3,50076,-126.66941056706459,39,false,2.0180996556282218,10.870228141714499,40,true
safety,A6c,3,motor_fault,A6c_train_seed_3,50077,-41.740161836025308,97,true,0.049877172603838144,8.8661046970060315,40,true
safety,A6c,3,motor_fault,A6c_train_seed_3,50078,-436.25764600944211,250,false,0.86623621414092244,5.9909080460097703,40,true
safety,A6c,3,motor_fault,A6c_train_seed_3,50079,-342.48254181386477,250,false,0.49850971725407406,5.9377194608692152,40,true
safety,A6c,3,motor_fault,A6c_train_seed_3,50080,-187.73328129575017,250,false,0.27243393084955314,6.9430977224394512,40,true
safety,A6c,3,motor_fault,A6c_train_seed_3,50081,-55.66305102957508,93,true,0.0493563151536014,5.8217178928519413,40,true
safety,A6c,3,motor_fault,A6c_train_seed_3,50082,-32.16190209154864,58,true,0.023329848177141978,6.3463680965170219,40,true
safety,A6c,3,motor_fault,A6c_train_seed_3,50083,-92.225134310144242,72,true,0.037211078690833184,7.2575198030378383,40,true
safety,A6c,3,motor_fault,A6c_train_seed_3,50084,-26.971708193108654,40,true,0.0247303923177968,3.5593831631434503,40,true
safety,A6c,3,motor_fault,A6c_train_seed_3,50085,-185.28271526095466,250,false,0.27556590650730445,5.6864693917584939,40,true
safety,A6c,3,motor_fault,A6c_train_seed_3,50086,-74.054549095592762,81,true,0.049104556236662274,6.6679389510127329,40,true
safety,A6c,3,motor_fault,A6c_train_seed_3,50087,-91.41507799958228,250,false,0.09384292782557184,2.964266276694663,37.5748291015625,true
safety,A6c,3,motor_fault,A6c_train_seed_3,50088,-200.88305395322007,250,false,0.13764773799271257,5.8307615032116251,40,true
safety,A6c,3,motor_fault,A6c_train_seed_3,50089,-156.86550308399657,250,false,0.34020805701358914,5.8311469399003073,40,true
safety,A6c,3,motor_fault,A6c_train_seed_3,50090,-224.68993296126038,250,false,0.59737915297464106,3.9328657697600353,40,true
safety,A6c,3,motor_fault,A6c_train_seed_3,50091,-208.38876163920989,250,false,0.29141709107303021,6.684940805701129,40,true
safety,A6c,3,motor_fault,A6c_train_seed_3,50092,-313.9767215402926,250,false,0.99563191075198731,9.7473267291738317,40,true
safety,A6c,3,motor_fault,A6c_train_seed_3,50093,-372.00679472016907,250,false,0.91031948715658562,10.404624347316449,40,true
safety,A6c,3,motor_fault,A6c_train_seed_3,50094,-223.16218835925548,250,false,0.96792475404785683,3.685109148105147,37.870979309082031,true
safety,A6c,3,motor_fault,A6c_train_seed_3,50095,-232.93072831699209,250,false,0.85917428678380359,3.659550875946942,36.616249084472656,true
safety,A6c,3,motor_fault,A6c_train_seed_3,50096,-348.69505498146771,250,false,1.055628629814731,3.4194772604411168,40,true
safety,A6c,3,motor_fault,A6c_train_seed_3,50097,-332.62303828630655,250,false,1.1512109100985441,9.0470286541879812,40,true
safety,A6c,3,motor_fault,A6c_train_seed_3,50098,-128.38475332554711,250,false,0.067552984509965885,5.5923852621854495,40,true
safety,A6c,3,motor_fault,A6c_train_seed_3,50099,-97.866809083722259,45,false,1.8514919614522687,11.472140692224682,40,true
safety,A6c_gate_off_control,3,motor_fault,A6c_gate_off_control_train_seed_3,50000,-311.01640935584004,250,false,1.0819106762409179,7.3749189958801322,38.948249816894531,true
safety,A6c_gate_off_control,3,motor_fault,A6c_gate_off_control_train_seed_3,50001,-193.68001890519841,250,false,0.3816138089078609,5.0508559970832811,40,true
safety,A6c_gate_off_control,3,motor_fault,A6c_gate_off_control_train_seed_3,50002,-464.21111816562365,250,false,1.5176104128960675,7.4123946825581362,40,true
safety,A6c_gate_off_control,3,motor_fault,A6c_gate_off_control_train_seed_3,50003,-312.7852626914127,250,false,0.52025925140329554,3.920741214905703,40,true
safety,A6c_gate_off_control,3,motor_fault,A6c_gate_off_control_train_seed_3,50004,-379.52031252485443,250,false,1.3018196100489616,6.1349723471488495,40,true
safety,A6c_gate_off_control,3,motor_fault,A6c_gate_off_control_train_seed_3,50005,-219.14675682537086,250,false,0.18456875042532431,6.6092484026552807,40,true
safety,A6c_gate_off_control,3,motor_fault,A6c_gate_off_control_train_seed_3,50006,-62.992222425746114,78,true,0.047585495096579326,3.1085030901897794,40,true
safety,A6c_gate_off_control,3,motor_fault,A6c_gate_off_control_train_seed_3,50007,-225.71852969539427,250,false,0.51208404476818992,4.7896238955463382,40,true
safety,A6c_gate_off_control,3,motor_fault,A6c_gate_off_control_train_seed_3,50008,-264.76639226392126,250,false,0.67972225293468225,6.7635678584526708,40,true
safety,A6c_gate_off_control,3,motor_fault,A6c_gate_off_control_train_seed_3,50009,-297.63616820875114,250,false,0.53132849517334524,7.5390711948132312,40,true
safety,A6c_gate_off_control,3,motor_fault,A6c_gate_off_control_train_seed_3,50010,-78.839415959491177,77,true,0.039366254322890877,3.6681414370867751,40,true
safety,A6c_gate_off_control,3,motor_fault,A6c_gate_off_control_train_seed_3,50011,-217.20311127711915,250,false,0.76239688464811972,5.9081357938932717,37.18621826171875,true
safety,A6c_gate_off_control,3,motor_fault,A6c_gate_off_control_train_seed_3,50012,-75.361496906662708,250,false,0.072698292234476894,2.7240849203772552,38.913230895996094,true
safety,A6c_gate_off_control,3,motor_fault,A6c_gate_off_control_train_seed_3,50013,-326.52467038520746,250,false,0.69828263183073069,5.0831205121349843,40,true
safety,A6c_gate_off_control,3,motor_fault,A6c_gate_off_control_train_seed_3,50014,-296.18946475499541,250,false,0.96805566266349641,7.8032118484350388,40,true
safety,A6c_gate_off_control,3,motor_fault,A6c_gate_off_control_train_seed_3,50015,-293.29639054722236,250,false,1.0438482233547204,3.4504051416596244,40,true
safety,A6c_gate_off_control,3,motor_fault,A6c_gate_off_control_train_seed_3,50016,-477.34815305768319,250,false,1.4103733864052201,6.3014813885865983,40,true
safety,A6c_gate_off_control,3,motor_fault,A6c_gate_off_control_train_seed_3,50017,-218.88497937468793,250,false,0.50697237722965727,5.1609468694877716,40,true
safety,A6c_gate_off_control,3,motor_fault,A6c_gate_off_control_train_seed_3,50018,-185.76082371705112,56,false,1.9988613783565246,7.5393492864241765,40,true
safety,A6c_gate_off_control,3,motor_fault,A6c_gate_off_control_train_seed_3,50019,-316.22365907529525,250,false,0.72300391354178872,6.0198108138360755,40,true
safety,A6c_gate_off_control,3,motor_fault,A6c_gate_off_control_train_seed_3,50020,-302.66094195974301,250,false,1.0193743953513257,2.4396471567382267,36.632923126220703,true
safety,A6c_gate_off_control,3,motor_fault,A6c_gate_off_control_train_seed_3,50021,-112.78694097549752,250,false,0.24889958356184377,3.5079109827520925,29.687009811401367,true
safety,A6c_gate_off_control,3,motor_fault,A6c_gate_off_control_train_seed_3,50022,-212.36798619954803,250,false,0.5509030108376396,3.9141712757272011,40,true
safety,A6c_gate_off_control,3,motor_fault,A6c_gate_off_control_train_seed_3,50023,-141.50992254000957,250,false,0.093504500838186289,6.3576782118665989,40,true
safety,A6c_gate_off_control,3,motor_fault,A6c_gate_off_control_train_seed_3,50024,-156.28649994195277,250,false,0.60383580086435606,3.9131037499241144,36.262664794921875,true
safety,A6c_gate_off_control,3,motor_fault,A6c_gate_off_control_train_seed_3,50025,-189.42005604734933,250,false,0.43546697282767161,7.041282292889588,40,true
safety,A6c_gate_off_control,3,motor_fault,A6c_gate_off_control_train_seed_3,50026,-419.09614408564863,250,false,1.4585886215533628,8.3716051955665272,40,true
safety,A6c_gate_off_control,3,motor_fault,A6c_gate_off_control_train_seed_3,50027,-38.207985426822404,66,true,0.049725226537398276,6.1992903620137252,40,true
safety,A6c_gate_off_control,3,motor_fault,A6c_gate_off_control_train_seed_3,50028,-70.988839428544836,85,true,0.049541099602129345,6.0359531596174429,40,true
safety,A6c_gate_off_control,3,motor_fault,A6c_gate_off_control_train_seed_3,50029,-241.7822791204994,250,false,0.2870865958172743,3.8139334396215552,40,true
safety,A6c_gate_off_control,3,motor_fault,A6c_gate_off_control_train_seed_3,50030,-167.73219375571381,250,false,0.34178792023467214,6.5966503872786255,40,true
safety,A6c_gate_off_control,3,motor_fault,A6c_gate_off_control_train_seed_3,50031,-96.62128393536068,86,true,0.049038354327822595,6.6450370650308832,40,true
safety,A6c_gate_off_control,3,motor_fault,A6c_gate_off_control_train_seed_3,50032,-188.91014809234568,250,false,0.43346283772678645,3.0505811983308568,40,true
safety,A6c_gate_off_control,3,motor_fault,A6c_gate_off_control_train_seed_3,50033,-59.581524362161467,250,false,0.10360268389555348,4.0799711670372778,29.113121032714844,true
safety,A6c_gate_off_control,3,motor_fault,A6c_gate_off_control_train_seed_3,50034,-359.77872963685104,237,true,0.01336834638749094,7.223054179680104,40,true
safety,A6c_gate_off_control,3,motor_fault,A6c_gate_off_control_train_seed_3,50035,-382.02027155547631,250,false,1.3511031751078779,6.9509455658145214,40,true
safety,A6c_gate_off_control,3,motor_fault,A6c_gate_off_control_train_seed_3,50036,-441.6762122217055,250,false,0.39655415258535937,6.5559464437898507,40,true
safety,A6c_gate_off_control,3,motor_fault,A6c_gate_off_control_train_seed_3,50037,-429.62258345808414,250,false,0.64316271482237664,4.8612681383325356,40,true
safety,A6c_gate_off_control,3,motor_fault,A6c_gate_off_control_train_seed_3,50038,-225.54667117883977,250,false,0.5680263553948236,5.869889866394546,40,true
safety,A6c_gate_off_control,3,motor_fault,A6c_gate_off_control_train_seed_3,50039,-332.4463442230383,220,true,0.049798272439767463,6.9140580432728624,40,true
safety,A6c_gate_off_control,3,motor_fault,A6c_gate_off_control_train_seed_3,50040,-118.15390360786195,250,false,0.12488071797347587,6.3835411648885323,40,true
safety,A6c_gate_off_control,3,motor_fault,A6c_gate_off_control_train_seed_3,50041,-55.144881580061096,92,true,0.049349467495947721,4.6644778276736947,40,true
safety,A6c_gate_off_control,3,motor_fault,A6c_gate_off_control_train_seed_3,50042,-80.11753997285625,250,false,0.12880212203949173,4.8760803801141437,40,true
safety,A6c_gate_off_control,3,motor_fault,A6c_gate_off_control_train_seed_3,50043,-66.466284446797701,250,false,0.10672991586196098,3.137610117084662,35.575401306152344,true
safety,A6c_gate_off_control,3,motor_fault,A6c_gate_off_control_train_seed_3,50044,-354.46078282443159,250,false,1.1335420369425173,5.7712238981765474,40,true
safety,A6c_gate_off_control,3,motor_fault,A6c_gate_off_control_train_seed_3,50045,-259.50423427847659,250,false,0.57243523100859739,5.9017587357090076,40,true
safety,A6c_gate_off_control,3,motor_fault,A6c_gate_off_control_train_seed_3,50046,-66.42205849704105,76,true,0.048887787349638001,5.0162860962912994,40,true
safety,A6c_gate_off_control,3,motor_fault,A6c_gate_off_control_train_seed_3,50047,-104.22101476185355,250,false,0.1629490892391392,4.4848723612020605,40,true
safety,A6c_gate_off_control,3,motor_fault,A6c_gate_off_control_train_seed_3,50048,-134.49170975003855,250,false,0.22670767545079018,6.9580597619715654,40,true
safety,A6c_gate_off_control,3,motor_fault,A6c_gate_off_control_train_seed_3,50049,-118.26333133897754,97,true,0.011596330187942094,4.2419107842831982,40,true
safety,A6c_gate_off_control,3,motor_fault,A6c_gate_off_control_train_seed_3,50050,-196.66894577273675,250,false,0.34622894968845153,5.770781078634637,40,true
safety,A6c_gate_off_control,3,motor_fault,A6c_gate_off_control_train_seed_3,50051,-175.3837685372593,250,false,0.33843996490644535,5.8069336013853796,40,true
safety,A6c_gate_off_control,3,motor_fault,A6c_gate_off_control_train_seed_3,50052,-239.69457378618361,250,false,0.19151179114128408,5.3154978314705623,40,true
safety,A6c_gate_off_control,3,motor_fault,A6c_gate_off_control_train_seed_3,50053,-70.922697982783149,130,true,0.049400297633169402,2.9922805579942264,40,true
safety,A6c_gate_off_control,3,motor_fault,A6c_gate_off_control_train_seed_3,50054,-171.10897580102971,250,false,0.22572323675707837,7.0128856900160583,40,true
safety,A6c_gate_off_control,3,motor_fault,A6c_gate_off_control_train_seed_3,50055,-486.58856079563878,250,false,1.5373705995254903,6.7230085476976331,40,true
safety,A6c_gate_off_control,3,motor_fault,A6c_gate_off_control_train_seed_3,50056,-60.521497599617661,250,false,0.14217253279206399,4.4120622031627477,22.490774154663086,true
safety,A6c_gate_off_control,3,motor_fault,A6c_gate_off_control_train_seed_3,50057,-48.672728610195222,69,true,0.048051571252966704,3.5646562265322297,40,true
safety,A6c_gate_off_control,3,motor_fault,A6c_gate_off_control_train_seed_3,50058,-158.86389466164115,250,false,0.15665761497329006,4.850763570188529,40,true
safety,A6c_gate_off_control,3,motor_fault,A6c_gate_off_control_train_seed_3,50059,-408.92791079641802,250,false,1.5052027336546863,4.5365026209855968,40,true
safety,A6c_gate_off_control,3,motor_fault,A6c_gate_off_control_train_seed_3,50060,-150.85015347751022,97,true,0.043370768831881332,5.3550076913181428,40,true
safety,A6c_gate_off_control,3,motor_fault,A6c_gate_off_control_train_seed_3,50061,-222.88132803406734,250,false,0.6469487272546367,5.1135145017657413,40,true
safety,A6c_gate_off_control,3,motor_fault,A6c_gate_off_control_train_seed_3,50062,-170.20709390538397,250,false,0.23093046499582776,6.4886829404762674,40,true
safety,A6c_gate_off_control,3,motor_fault,A6c_gate_off_control_train_seed_3,50063,-234.45379550088794,250,false,1.039752862808446,4.9639044206733605,35.134517669677734,true
safety,A6c_gate_off_control,3,motor_fault,A6c_gate_off_control_train_seed_3,50064,-32.469149849521685,64,true,0.04925672221481267,4.2482676093834231,40,true
safety,A6c_gate_off_control,3,motor_fault,A6c_gate_off_control_train_seed_3,50065,-31.11057780086832,61,true,0.02856544198387765,4.9312692128861348,37.786445617675781,true
safety,A6c_gate_off_control,3,motor_fault,A6c_gate_off_control_train_seed_3,50066,-303.2073867430563,250,false,0.59831886106605348,6.7063556502371098,40,true
safety,A6c_gate_off_control,3,motor_fault,A6c_gate_off_control_train_seed_3,50067,-91.046434157509609,250,false,0.10001624281515673,4.2881084641615654,40,true
safety,A6c_gate_off_control,3,motor_fault,A6c_gate_off_control_train_seed_3,50068,-20.432694288155041,43,true,0.049018012985477824,4.5810791812304643,25.833805084228516,true
safety,A6c_gate_off_control,3,motor_fault,A6c_gate_off_control_train_seed_3,50069,-63.097968174472257,71,true,0.049736768559405758,5.0489355299433036,40,true
safety,A6c_gate_off_control,3,motor_fault,A6c_gate_off_control_train_seed_3,50070,-254.33767436061478,250,false,0.9458404475180554,5.3673538263529057,30.566389083862305,true
safety,A6c_gate_off_control,3,motor_fault,A6c_gate_off_control_train_seed_3,50071,-22.610117446809657,38,true,0.034387842346945009,4.0621214556315985,40,true
safety,A6c_gate_off_control,3,motor_fault,A6c_gate_off_control_train_seed_3,50072,-170.69856023970013,250,false,0.18440938321088532,5.8189582811717155,40,true
safety,A6c_gate_off_control,3,motor_fault,A6c_gate_off_control_train_seed_3,50073,-224.75894149880213,250,false,0.50792653753532369,6.0128337093968192,40,true
safety,A6c_gate_off_control,3,motor_fault,A6c_gate_off_control_train_seed_3,50074,-345.01005915419415,250,false,1.2597563212065441,5.6578230390710766,31.667421340942383,true
safety,A6c_gate_off_control,3,motor_fault,A6c_gate_off_control_train_seed_3,50075,-367.04731193982172,250,false,1.1510703566327112,8.6351196568260065,40,true
safety,A6c_gate_off_control,3,motor_fault,A6c_gate_off_control_train_seed_3,50076,-127.32627717098242,40,false,1.9219919446795646,11.098281063735836,40,true
safety,A6c_gate_off_control,3,motor_fault,A6c_gate_off_control_train_seed_3,50077,-62.184576314293246,250,false,0.050355700487767045,8.9169975810110316,40,true
safety,A6c_gate_off_control,3,motor_fault,A6c_gate_off_control_train_seed_3,50078,-432.90296825401998,250,false,1.122174258094951,7.1290106856626476,40,true
safety,A6c_gate_off_control,3,motor_fault,A6c_gate_off_control_train_seed_3,50079,-345.00397876077034,250,false,0.47408798254205908,5.9377194608692152,40,true
safety,A6c_gate_off_control,3,motor_fault,A6c_gate_off_control_train_seed_3,50080,-170.15498305472158,250,false,0.13946658950998497,6.8114098150340769,40,true
safety,A6c_gate_off_control,3,motor_fault,A6c_gate_off_control_train_seed_3,50081,-53.168614264398727,74,true,0.047366149187895133,5.7970266130295949,40,true
safety,A6c_gate_off_control,3,motor_fault,A6c_gate_off_control_train_seed_3,50082,-70.316989382089474,250,false,0.1200516553663817,6.3404175912858545,40,true
safety,A6c_gate_off_control,3,motor_fault,A6c_gate_off_control_train_seed_3,50083,-125.43434737807738,250,false,0.073416936947507505,6.993640706227664,40,true
safety,A6c_gate_off_control,3,motor_fault,A6c_gate_off_control_train_seed_3,50084,-27.019570552864657,40,true,0.034015769382363822,3.7608623122291136,39.382926940917969,true
safety,A6c_gate_off_control,3,motor_fault,A6c_gate_off_control_train_seed_3,50085,-183.49364359523554,250,false,0.27845417713333859,5.5582666185260887,40,true
safety,A6c_gate_off_control,3,motor_fault,A6c_gate_off_control_train_seed_3,50086,-106.66689744833279,250,false,0.090036161901528369,6.6678777781118361,40,true
safety,A6c_gate_off_control,3,motor_fault,A6c_gate_off_control_train_seed_3,50087,-50.841933522774532,76,true,0.045624635328418255,3.1988308341568548,34.752788543701172,true
safety,A6c_gate_off_control,3,motor_fault,A6c_gate_off_control_train_seed_3,50088,-178.57119265123777,250,false,0.13859294733508035,5.8627328301810353,40,true
safety,A6c_gate_off_control,3,motor_fault,A6c_gate_off_control_train_seed_3,50089,-137.92933145970613,250,false,0.20199898162748803,6.27121647819376,40,true
safety,A6c_gate_off_control,3,motor_fault,A6c_gate_off_control_train_seed_3,50090,-213.316132679932,250,false,0.50187837075716935,3.9328657697600353,40,true
safety,A6c_gate_off_control,3,motor_fault,A6c_gate_off_control_train_seed_3,50091,-204.2378264579138,250,false,0.29773895209563611,6.6530268054251183,40,true
safety,A6c_gate_off_control,3,motor_fault,A6c_gate_off_control_train_seed_3,50092,-331.75703678606226,250,false,0.96454330861254556,10.470079324567568,40,true
safety,A6c_gate_off_control,3,motor_fault,A6c_gate_off_control_train_seed_3,50093,-123.21181845683904,42,false,1.6854074102537453,10.79785041577045,40,true
safety,A6c_gate_off_control,3,motor_fault,A6c_gate_off_control_train_seed_3,50094,-84.856277182717008,250,false,0.15428896330642183,3.5679211497400627,36.471000671386719,true
safety,A6c_gate_off_control,3,motor_fault,A6c_gate_off_control_train_seed_3,50095,-49.620913234875594,90,true,0.020604469239482344,3.6518899371787765,36.626136779785156,true
safety,A6c_gate_off_control,3,motor_fault,A6c_gate_off_control_train_seed_3,50096,-293.43380861016789,250,false,0.71301734275724882,3.4194772604411168,40,true
safety,A6c_gate_off_control,3,motor_fault,A6c_gate_off_control_train_seed_3,50097,-335.27957855041382,250,false,1.1614630218731461,9.6660189861421326,40,true
safety,A6c_gate_off_control,3,motor_fault,A6c_gate_off_control_train_seed_3,50098,-99.830850057333578,81,true,0.049965860647835876,5.5702725485087301,40,true
safety,A6c_gate_off_control,3,motor_fault,A6c_gate_off_control_train_seed_3,50099,-103.35679524866829,48,false,1.9315955497461899,10.94444930743043,40,true
heldout,A4c,4,id_reference,A4c_train_seed_4,40000,-120.94270463272328,250,false,0.18898589166406543,7.5887476278403394,40,false
heldout,A4c,4,id_reference,A4c_train_seed_4,40001,-114.74489714520088,250,false,0.19044999743460789,11.608330551029852,40,false
heldout,A4c,4,id_reference,A4c_train_seed_4,40002,-214.32964048883457,250,false,0.28766480823090129,17.220555730778891,40,false
heldout,A4c,4,id_reference,A4c_train_seed_4,40003,-129.56451416337305,250,false,0.17580616443292121,13.590893547369353,40,false
heldout,A4c,4,id_reference,A4c_train_seed_4,40004,-73.010232586705669,62,true,0.043519749162780397,15.520128403799612,40,false
heldout,A4c,4,id_reference,A4c_train_seed_4,40005,-66.679734675741855,65,true,0.049006132734419353,10.36703103722453,40,false
heldout,A4c,4,id_reference,A4c_train_seed_4,40006,-96.731084830481493,250,false,0.053717090315545599,11.936737186695291,38.773101806640625,false
heldout,A4c,4,id_reference,A4c_train_seed_4,40007,-130.47027717407011,250,false,0.18012827572052784,10.831470835035192,40,false
heldout,A4c,4,id_reference,A4c_train_seed_4,40008,-73.440375867970303,250,false,0.099412862313740968,5.2002190245272102,40,false
heldout,A4c,4,id_reference,A4c_train_seed_4,40009,-25.245252890374324,42,true,0.030501008241695226,8.2225266723268522,40,false
heldout,A4c,4,id_reference,A4c_train_seed_4,40010,-130.03165365195258,250,false,0.35082918394076462,7.2500566586974626,40,false
heldout,A4c,4,id_reference,A4c_train_seed_4,40011,-22.968817059928121,37,true,0.018196634962660285,10.786336301922868,40,false
heldout,A4c,4,id_reference,A4c_train_seed_4,40012,-112.23241115264581,250,false,0.13601823146569764,10.627778358562539,40,false
heldout,A4c,4,id_reference,A4c_train_seed_4,40013,-96.251974243866144,78,true,0.009641690598790862,9.856910220175406,40,false
heldout,A4c,4,id_reference,A4c_train_seed_4,40014,-40.147781364998529,48,true,0.015710132712970178,5.1095601992230728,40,false
heldout,A4c,4,id_reference,A4c_train_seed_4,40015,-223.8339225260749,250,false,0.69029843797961354,9.1879980844090596,40,false
heldout,A4c,4,id_reference,A4c_train_seed_4,40016,-81.550049108040625,250,false,0.13188686006018366,3.9024288925071806,31.477556228637695,false
heldout,A4c,4,id_reference,A4c_train_seed_4,40017,-58.306732239549888,55,true,0.049980403101087291,15.363707554290009,40,false
heldout,A4c,4,id_reference,A4c_train_seed_4,40018,-122.36790784788609,250,false,0.13767693613280765,10.785514114540048,40,false
heldout,A4c,4,id_reference,A4c_train_seed_4,40019,-21.760752309569735,44,true,0.034876136706863063,8.005905398765405,40,false
heldout,A4c,4,id_reference,A4c_train_seed_4,40020,-55.908948060120423,61,true,0.044820818686127015,6.308432095688552,40,false
heldout,A4c,4,id_reference,A4c_train_seed_4,40021,-129.38174283428796,250,false,0.31366616118851048,5.1649335471994284,40,false
heldout,A4c,4,id_reference,A4c_train_seed_4,40022,-231.63636373195934,250,false,0.62564659696250169,11.018701422315946,40,false
heldout,A4c,4,id_reference,A4c_train_seed_4,40023,-187.64131562205296,250,false,0.19877073989828703,10.398595523537995,40,false
heldout,A4c,4,id_reference,A4c_train_seed_4,40024,-75.616731852169366,250,false,0.16281308763068486,5.4122144611919865,34.077857971191406,false
heldout,A4c,4,id_reference,A4c_train_seed_4,40025,-90.827059560096302,75,true,0.025585072479586857,12.412314164517269,40,false
heldout,A4c,4,id_reference,A4c_train_seed_4,40026,-110.95122478285947,250,false,0.22557372886029026,7.5429307274399786,40,false
heldout,A4c,4,id_reference,A4c_train_seed_4,40027,-85.730683837736905,63,true,0.038230066874063419,12.092148985501465,40,false
heldout,A4c,4,id_reference,A4c_train_seed_4,40028,-58.056025631780514,250,false,0.059430465846532221,7.1270021239985644,39.988876342773438,false
heldout,A4c,4,id_reference,A4c_train_seed_4,40029,-177.60283482789566,250,false,0.089234445144229582,12.621424118507722,40,false
heldout,A4c,4,id_reference,A4c_train_seed_4,40030,-72.638418125668878,79,true,0.049196812887395358,16.03751795588061,40,false
heldout,A4c,4,id_reference,A4c_train_seed_4,40031,-68.086075150132061,55,true,0.039341076962284428,10.771624286716676,40,false
heldout,A4c,4,id_reference,A4c_train_seed_4,40032,-93.788926278984263,250,false,0.2256044665209509,4.9974391900383761,37.220657348632812,false
heldout,A4c,4,id_reference,A4c_train_seed_4,40033,-32.529957525576492,52,true,0.048868062497382479,8.6726967498893153,40,false
heldout,A4c,4,id_reference,A4c_train_seed_4,40034,-30.779658417418386,46,true,0.046739475821992699,7.8209181306875735,40,false
heldout,A4c,4,id_reference,A4c_train_seed_4,40035,-102.06130930585438,250,false,0.24049487582949511,5.365994223018494,40,false
heldout,A4c,4,id_reference,A4c_train_seed_4,40036,-231.27917370720974,250,false,0.67394402488169669,10.064660516194161,40,false
heldout,A4c,4,id_reference,A4c_train_seed_4,40037,-97.067966873776086,250,false,0.094266234905286156,16.801158165792486,40,false
heldout,A4c,4,id_reference,A4c_train_seed_4,40038,-101.35352281044722,250,false,0.20112647055203814,4.3088701968981846,40,false
heldout,A4c,4,id_reference,A4c_train_seed_4,40039,-118.6202541469949,250,false,0.26699915198453866,4.8491104407358856,40,false
heldout,A4c,4,id_reference,A4c_train_seed_4,40040,-12.55109874452326,30,true,0.036539069732156863,5.0055650919807277,40,false
heldout,A4c,4,id_reference,A4c_train_seed_4,40041,-310.008561954963,250,false,0.56757920040431087,11.119065135563469,40,false
heldout,A4c,4,id_reference,A4c_train_seed_4,40042,-117.44782191922613,250,false,0.25335824241174953,9.327285975980752,40,false
heldout,A4c,4,id_reference,A4c_train_seed_4,40043,-64.284249038506246,71,true,0.049537390566407838,7.4806241040296344,40,false
heldout,A4c,4,id_reference,A4c_train_seed_4,40044,-53.917963343855781,73,true,0.04941270397655214,10.681961371655243,40,false
heldout,A4c,4,id_reference,A4c_train_seed_4,40045,-114.51297904723353,250,false,0.14956500252179941,10.367933232097259,40,false
heldout,A4c,4,id_reference,A4c_train_seed_4,40046,-99.726229001800277,78,true,0.039144298867967664,13.15740148751342,40,false
heldout,A4c,4,id_reference,A4c_train_seed_4,40047,-167.66227757863786,250,false,0.23305969303507304,12.277890607424425,40,false
heldout,A4c,4,id_reference,A4c_train_seed_4,40048,-22.715007494325299,40,true,0.045320838901649889,11.082070286680581,40,false
heldout,A4c,4,id_reference,A4c_train_seed_4,40049,-160.83817277736864,250,false,0.43633147630393521,9.5321691109951843,40,false
heldout,A4c,4,id_reference,A4c_train_seed_4,40050,-106.98395256290567,250,false,0.28111350026871174,5.9528413988813051,34.692054748535156,false
heldout,A4c,4,id_reference,A4c_train_seed_4,40051,-90.861357253117504,250,false,0.1709874550039257,8.3235986800077875,40,false
heldout,A4c,4,id_reference,A4c_train_seed_4,40052,-74.338102685016125,63,true,0.032762947214488365,11.173089966779928,40,false
heldout,A4c,4,id_reference,A4c_train_seed_4,40053,-32.669113221289528,54,true,0.019812997321123731,4.3454665739918319,40,false
heldout,A4c,4,id_reference,A4c_train_seed_4,40054,-126.32915809325915,88,true,0.02162623524794241,8.6892728079120243,40,false
heldout,A4c,4,id_reference,A4c_train_seed_4,40055,-46.698674101492422,56,true,0.026547588402335138,11.127494781742728,38.248523712158203,false
heldout,A4c,4,id_reference,A4c_train_seed_4,40056,-2.1210785596524371,25,true,0.025503635146650411,3.3024535029687598,34.667205810546875,false
heldout,A4c,4,id_reference,A4c_train_seed_4,40057,-70.331739607438521,81,true,0.034766072160098208,12.615607120388272,40,false
heldout,A4c,4,id_reference,A4c_train_seed_4,40058,-223.57556983954754,250,false,0.68755648806360858,6.8309532336826226,38.086471557617188,false
heldout,A4c,4,id_reference,A4c_train_seed_4,40059,-88.655743016588787,250,false,0.18568878148971577,3.6846583723453117,39.623233795166016,false
heldout,A4c,4,id_reference,A4c_train_seed_4,40060,-9.3325916816055958,45,true,0.04948347695010092,5.9415417807247515,27.414379119873047,false
heldout,A4c,4,id_reference,A4c_train_seed_4,40061,-87.671063074155981,250,false,0.073429304740885049,12.669976100524515,40,false
heldout,A4c,4,id_reference,A4c_train_seed_4,40062,-57.382164565715208,68,true,0.049878967944391409,15.185242339024473,40,false
heldout,A4c,4,id_reference,A4c_train_seed_4,40063,-102.49680026158204,250,false,0.24697363595446023,4.9302746174385721,34.383869171142578,false
heldout,A4c,4,id_reference,A4c_train_seed_4,40064,-16.078528794137796,42,true,0.049360725424585493,6.4808688870571123,40,false
heldout,A4c,4,id_reference,A4c_train_seed_4,40065,-264.20021178514259,250,false,0.77854259115033864,10.482819218468181,40,false
heldout,A4c,4,id_reference,A4c_train_seed_4,40066,-130.10897414412759,250,false,0.17600238082718583,14.032189454808721,40,false
heldout,A4c,4,id_reference,A4c_train_seed_4,40067,-68.492327143482797,250,false,0.10632829311780513,5.4597114393887969,40,false
heldout,A4c,4,id_reference,A4c_train_seed_4,40068,-117.19467524399622,250,false,0.28796582836245704,5.9804668718639826,38.818508148193359,false
heldout,A4c,4,id_reference,A4c_train_seed_4,40069,-168.28455216679609,250,false,0.06829853381844854,14.591568392572368,40,false
heldout,A4c,4,id_reference,A4c_train_seed_4,40070,-85.395083087310695,250,false,0.19892085671973997,5.1343339928037883,39.773448944091797,false
heldout,A4c,4,id_reference,A4c_train_seed_4,40071,-124.14530015053617,250,false,0.25773937698636845,5.1692209200459605,40,false
heldout,A4c,4,id_reference,A4c_train_seed_4,40072,-75.354720668336725,250,false,0.1256442931801581,6.2553465533192218,37.780998229980469,false
heldout,A4c,4,id_reference,A4c_train_seed_4,40073,-112.16726385043319,250,false,0.13084384078185018,10.654982708310246,40,false
heldout,A4c,4,id_reference,A4c_train_seed_4,40074,-86.468215304850119,250,false,0.1596578103463531,9.1393044943434703,40,false
heldout,A4c,4,id_reference,A4c_train_seed_4,40075,-160.22942375656345,250,false,0.30346190594589895,9.4704621635395334,40,false
heldout,A4c,4,id_reference,A4c_train_seed_4,40076,-29.326064384014558,54,true,0.049517647757989863,9.316241209274196,37.698474884033203,false
heldout,A4c,4,id_reference,A4c_train_seed_4,40077,-128.07426768103343,250,false,0.35688415772820709,6.2166414292879759,39.904518127441406,false
heldout,A4c,4,id_reference,A4c_train_seed_4,40078,-93.032636843190829,72,true,0.030881915981163674,13.501018110142313,40,false
heldout,A4c,4,id_reference,A4c_train_seed_4,40079,-100.83178694050069,250,false,0.18100608636657811,8.247503565599267,40,false
heldout,A4c,4,id_reference,A4c_train_seed_4,40080,-36.617557731300622,46,true,0.020206495816362142,15.894270996945163,38.254753112792969,false
heldout,A4c,4,id_reference,A4c_train_seed_4,40081,-88.647491474713519,72,true,0.049383213885820863,9.9442980958035374,40,false
heldout,A4c,4,id_reference,A4c_train_seed_4,40082,-91.630556557996641,68,true,0.018770609458770161,13.78408602826768,40,false
heldout,A4c,4,id_reference,A4c_train_seed_4,40083,-176.91654904045379,250,false,0.31907781560211268,10.655970495946686,40,false
heldout,A4c,4,id_reference,A4c_train_seed_4,40084,-145.25455206123743,250,false,0.26332429263581597,11.479050831757069,39.533706665039062,false
heldout,A4c,4,id_reference,A4c_train_seed_4,40085,-179.57593423779295,250,false,0.21342299113638269,7.3798038908430579,40,false
heldout,A4c,4,id_reference,A4c_train_seed_4,40086,-20.681787069458746,43,true,0.029819277222511421,3.38335849418984,35.921665191650391,false
heldout,A4c,4,id_reference,A4c_train_seed_4,40087,-166.30100821488884,250,false,0.29157395379992124,10.516378229001168,40,false
heldout,A4c,4,id_reference,A4c_train_seed_4,40088,-19.884848409209489,42,true,0.016955627493205606,6.3567109246868592,38.474346160888672,false
heldout,A4c,4,id_reference,A4c_train_seed_4,40089,-95.454865283025228,250,false,0.12319683311425274,9.2986198320984652,40,false
heldout,A4c,4,id_reference,A4c_train_seed_4,40090,-95.710500669463386,250,false,0.072546667159745615,17.889275165452176,40,false
heldout,A4c,4,id_reference,A4c_train_seed_4,40091,-81.038075688233278,64,true,0.049885588160368546,14.578993839637203,40,false
heldout,A4c,4,id_reference,A4c_train_seed_4,40092,-1.3292851798482204,32,true,0.048885497436475779,4.6924267864110281,29.198539733886719,false
heldout,A4c,4,id_reference,A4c_train_seed_4,40093,-67.37037025961466,82,true,0.045234961965012144,7.2976685824537633,40,false
heldout,A4c,4,id_reference,A4c_train_seed_4,40094,-46.915667519609059,59,true,0.023972805739324428,4.4647451099948903,40,false
heldout,A4c,4,id_reference,A4c_train_seed_4,40095,-93.908708361819322,250,false,0.13290559687676559,6.6751736386374612,40,false
heldout,A4c,4,id_reference,A4c_train_seed_4,40096,-157.00823971133258,250,false,0.40430685111850229,6.1787466961978499,40,false
heldout,A4c,4,id_reference,A4c_train_seed_4,40097,-108.00717212234281,250,false,0.16907506263947761,17.241596354151149,40,false
heldout,A4c,4,id_reference,A4c_train_seed_4,40098,-80.485703941574315,72,true,0.049068287963909253,11.883767788812117,40,false
heldout,A4c,4,id_reference,A4c_train_seed_4,40099,-142.05502858605675,250,false,0.17384353473889319,9.3675554814425066,40,false
heldout,A6c,4,id_reference,A6c_train_seed_4,40000,-68.094946543718137,77,true,0.011045629224572674,4.4198180489204626,40,false
heldout,A6c,4,id_reference,A6c_train_seed_4,40001,-170.54068404641851,250,false,0.24496728579859822,6.1861268051051352,40,false
heldout,A6c,4,id_reference,A6c_train_seed_4,40002,-128.68853661908491,99,true,0.047992977211385901,5.0065309622928051,40,false
heldout,A6c,4,id_reference,A6c_train_seed_4,40003,-95.921471368967076,85,true,0.049951164376110205,5.8242164364867968,40,false
heldout,A6c,4,id_reference,A6c_train_seed_4,40004,-93.879283328536388,63,true,0.029025574735682999,5.0818714593339385,40,false
heldout,A6c,4,id_reference,A6c_train_seed_4,40005,-118.48333613404313,103,true,0.046387947458797235,3.5652623420740821,40,false
heldout,A6c,4,id_reference,A6c_train_seed_4,40006,-148.36324523908723,250,false,0.072926179762201948,4.4635021063031823,40,false
heldout,A6c,4,id_reference,A6c_train_seed_4,40007,-119.57956357452511,250,false,0.1379034439923266,2.8086619956149699,40,false
heldout,A6c,4,id_reference,A6c_train_seed_4,40008,-44.774511240132313,53,true,0.015608638353811478,3.8640888345316364,40,false
heldout,A6c,4,id_reference,A6c_train_seed_4,40009,-35.798900151357948,44,true,0.033829610628196026,4.148974138557775,40,false
heldout,A6c,4,id_reference,A6c_train_seed_4,40010,-166.66820446872254,250,false,0.380418260234828,6.3072397889369753,40,false
heldout,A6c,4,id_reference,A6c_train_seed_4,40011,-37.110619457659723,41,true,0.046051210814740284,5.1900919595055592,40,false
heldout,A6c,4,id_reference,A6c_train_seed_4,40012,-146.93050551768127,250,false,0.13693082986666774,3.6111614156467691,40,false
heldout,A6c,4,id_reference,A6c_train_seed_4,40013,-106.74955085569457,92,true,0.048241586847049912,4.671737255345028,40,false
heldout,A6c,4,id_reference,A6c_train_seed_4,40014,-100.94317909356606,250,false,0.080847923667639987,2.9020070271201384,40,false
heldout,A6c,4,id_reference,A6c_train_seed_4,40015,-286.92214100232025,250,false,0.71288337908419408,4.1521770096129611,40,false
heldout,A6c,4,id_reference,A6c_train_seed_4,40016,-93.030380581042294,92,true,0.01358378251833121,2.1558254403176877,28.646461486816406,false
heldout,A6c,4,id_reference,A6c_train_seed_4,40017,-40.466541447546192,55,true,0.049920371856161057,7.1752625088928674,40,false
heldout,A6c,4,id_reference,A6c_train_seed_4,40018,-125.52552915572196,250,false,0.14095391830976006,3.3054143081614682,40,false
heldout,A6c,4,id_reference,A6c_train_seed_4,40019,-61.187225432895652,250,false,0.11372086410238487,5.6972950824060158,40,false
heldout,A6c,4,id_reference,A6c_train_seed_4,40020,-55.585532770041056,67,true,0.044194299935366263,4.762396111932178,40,false
heldout,A6c,4,id_reference,A6c_train_seed_4,40021,-122.76792660112889,250,false,0.28222458529974404,4.1591001464926292,40,false
heldout,A6c,4,id_reference,A6c_train_seed_4,40022,-491.02878597698515,250,false,1.63147773945795,1.3589881909412616,40,false
heldout,A6c,4,id_reference,A6c_train_seed_4,40023,-208.21490767356519,250,false,0.20077936715201714,3.1716033329514266,40,false
heldout,A6c,4,id_reference,A6c_train_seed_4,40024,-70.152007856663943,250,false,0.13386619445346648,4.2276864036703516,34.729160308837891,false
heldout,A6c,4,id_reference,A6c_train_seed_4,40025,-148.02286940430059,250,false,0.16930507791592392,5.4530706050307547,40,false
heldout,A6c,4,id_reference,A6c_train_seed_4,40026,-92.546208365160467,250,false,0.10934373409723404,3.6635865420902998,40,false
heldout,A6c,4,id_reference,A6c_train_seed_4,40027,-127.12238547342858,88,true,0.049799473720863796,4.4983285884450375,40,false
heldout,A6c,4,id_reference,A6c_train_seed_4,40028,-30.324891699595689,54,true,0.018568534234518513,5.8904752862692558,40,false
heldout,A6c,4,id_reference,A6c_train_seed_4,40029,-163.56395866904401,51,false,1.3088980791645404,5.8231186189909314,40,false
heldout,A6c,4,id_reference,A6c_train_seed_4,40030,-119.76316581303718,250,false,0.08650371528716079,7.0385723593015639,40,false
heldout,A6c,4,id_reference,A6c_train_seed_4,40031,-103.19725106092844,250,false,0.065666127068042243,6.1981543060325679,40,false
heldout,A6c,4,id_reference,A6c_train_seed_4,40032,-97.594250140948915,250,false,0.25158558261526193,4.8218174553726874,38.117053985595703,false
heldout,A6c,4,id_reference,A6c_train_seed_4,40033,-84.832151318450272,250,false,0.065732903693850889,2.9601608626660343,40,false
heldout,A6c,4,id_reference,A6c_train_seed_4,40034,-49.558232928940967,55,true,0.028698826068518604,3.87815207898181,40,false
heldout,A6c,4,id_reference,A6c_train_seed_4,40035,-103.81634235230412,250,false,0.24464277446731333,4.5856102856885919,40,false
heldout,A6c,4,id_reference,A6c_train_seed_4,40036,-303.77773533028403,250,false,0.58684671398966315,2.5479635154071203,40,false
heldout,A6c,4,id_reference,A6c_train_seed_4,40037,-135.61866842422279,250,false,0.11351936204494079,7.0271124699455356,40,false
heldout,A6c,4,id_reference,A6c_train_seed_4,40038,-87.131256444426853,250,false,0.13622268881574401,4.1469106190434868,40,false
heldout,A6c,4,id_reference,A6c_train_seed_4,40039,-115.03289947451546,250,false,0.25103266532321361,5.3135553325853007,40,false
heldout,A6c,4,id_reference,A6c_train_seed_4,40040,-18.103469585880504,38,true,0.037454705661104502,3.290876858492239,40,false
heldout,A6c,4,id_reference,A6c_train_seed_4,40041,-988.30102260351384,250,false,3.495798691680414,1.0554032527149411,40,false
heldout,A6c,4,id_reference,A6c_train_seed_4,40042,-132.06611072895842,250,false,0.19317385751280228,2.8868252170178503,40,false
heldout,A6c,4,id_reference,A6c_train_seed_4,40043,-71.640141812281726,79,true,0.0096765351347571187,4.499727631667362,40,false
heldout,A6c,4,id_reference,A6c_train_seed_4,40044,-90.049568781781375,250,false,0.066616289158457118,5.1590543602242072,40,false
heldout,A6c,4,id_reference,A6c_train_seed_4,40045,-75.288687316151197,84,true,0.046811602394269597,5.3881283812234626,40,false
heldout,A6c,4,id_reference,A6c_train_seed_4,40046,-386.87975502200959,250,false,1.1776980690936689,5.680185715865389,40,false
heldout,A6c,4,id_reference,A6c_train_seed_4,40047,-106.77563134141,96,true,0.048363111535597601,6.8442928402045178,40,false
heldout,A6c,4,id_reference,A6c_train_seed_4,40048,-28.818047102912804,51,true,0.049760781171476157,5.1424494154036369,40,false
heldout,A6c,4,id_reference,A6c_train_seed_4,40049,-217.17810421699494,250,false,0.40177969296171229,4.0464578163574494,40,false
heldout,A6c,4,id_reference,A6c_train_seed_4,40050,-121.58308386988344,250,false,0.21522971286669945,4.2507626790031043,33.531181335449219,false
heldout,A6c,4,id_reference,A6c_train_seed_4,40051,-125.11855063131917,250,false,0.1893433411487746,7.4710118758226027,40,false
heldout,A6c,4,id_reference,A6c_train_seed_4,40052,-120.7275440379461,250,false,0.099465996895874709,3.4780309186830602,40,false
heldout,A6c,4,id_reference,A6c_train_seed_4,40053,-46.740571392112479,59,true,0.023746630295352976,3.2927386187885692,39.845504760742188,false
heldout,A6c,4,id_reference,A6c_train_seed_4,40054,-198.73721740305007,250,false,0.36879750394568606,4.7060775042746439,40,false
heldout,A6c,4,id_reference,A6c_train_seed_4,40055,-52.882040794187233,60,true,0.048401885122548609,4.3849850092850575,40,false
heldout,A6c,4,id_reference,A6c_train_seed_4,40056,-54.776529893558155,250,false,0.12858208174490882,2.4744455228419269,36.700077056884766,false
heldout,A6c,4,id_reference,A6c_train_seed_4,40057,-204.36224984454481,77,false,1.6428180845845548,4.9673664193695117,40,false
heldout,A6c,4,id_reference,A6c_train_seed_4,40058,-339.45477358394629,250,false,1.2129839339955928,6.0604210842301001,40,false
heldout,A6c,4,id_reference,A6c_train_seed_4,40059,-93.552178004861474,250,false,0.084803718946796128,1.8782611365215227,34.39202880859375,false
heldout,A6c,4,id_reference,A6c_train_seed_4,40060,-47.606821892303337,250,false,0.10949022694164455,3.9135433921104963,31.099090576171875,false
heldout,A6c,4,id_reference,A6c_train_seed_4,40061,-82.098742555659214,250,false,0.077222090055924716,5.2176877521711411,40,false
heldout,A6c,4,id_reference,A6c_train_seed_4,40062,-101.20300469563499,250,false,0.05879384146935137,4.4173039658572337,40,false
heldout,A6c,4,id_reference,A6c_train_seed_4,40063,-107.46780522814406,250,false,0.14690196577792194,2.8459369275102255,34.589412689208984,false
heldout,A6c,4,id_reference,A6c_train_seed_4,40064,-16.216126654776133,39,true,0.016174244017735998,4.6833036358575892,40,false
heldout,A6c,4,id_reference,A6c_train_seed_4,40065,-373.47380414770544,250,false,0.60906284144265044,6.2892166623953969,40,false
heldout,A6c,4,id_reference,A6c_train_seed_4,40066,-81.777023445633233,96,true,0.04868880943635296,4.5517123407178435,40,false
heldout,A6c,4,id_reference,A6c_train_seed_4,40067,-71.481694765118291,250,false,0.086524030691103926,3.5418637115395057,40,false
heldout,A6c,4,id_reference,A6c_train_seed_4,40068,-120.26536178106339,250,false,0.29514160921005683,4.9281616796843961,40,false
heldout,A6c,4,id_reference,A6c_train_seed_4,40069,-128.30513969477818,102,true,0.049549569434946497,5.9532507356930191,40,false
heldout,A6c,4,id_reference,A6c_train_seed_4,40070,-80.676968879729429,250,false,0.15156365513595252,3.3484436829753599,39.736312866210938,false
heldout,A6c,4,id_reference,A6c_train_seed_4,40071,-101.89830977205551,250,false,0.18936993763965959,3.5189146840418228,40,false
heldout,A6c,4,id_reference,A6c_train_seed_4,40072,-79.575957214775102,250,false,0.13952847368756693,4.3906432027205913,40,false
heldout,A6c,4,id_reference,A6c_train_seed_4,40073,-144.23130159853784,250,false,0.14881106314647063,3.5963676860324423,40,false
heldout,A6c,4,id_reference,A6c_train_seed_4,40074,-93.355019313751413,250,false,0.10669096222785319,4.0834282427789859,40,false
heldout,A6c,4,id_reference,A6c_train_seed_4,40075,-244.38647673492267,250,false,0.23348689861849539,2.0402070471581522,40,false
heldout,A6c,4,id_reference,A6c_train_seed_4,40076,-68.506760473778797,250,false,0.054602355512548488,4.3500464207875691,40,false
heldout,A6c,4,id_reference,A6c_train_seed_4,40077,-136.94129428071633,250,false,0.31946443248881845,5.1606140267264378,40,false
heldout,A6c,4,id_reference,A6c_train_seed_4,40078,-75.114952710624252,72,true,0.047083945569097063,6.9995809862878531,40,false
heldout,A6c,4,id_reference,A6c_train_seed_4,40079,-136.32394386042324,250,false,0.1781462450537987,2.9095499232087678,40,false
heldout,A6c,4,id_reference,A6c_train_seed_4,40080,-42.278853005623318,44,true,0.024741420408340452,4.792572049395079,40,false
heldout,A6c,4,id_reference,A6c_train_seed_4,40081,-223.94492911578769,250,false,0.11835727403704248,6.7301188114472303,40,false
heldout,A6c,4,id_reference,A6c_train_seed_4,40082,-207.906608189937,75,false,0.64846085090793382,6.0026494113982798,40,false
heldout,A6c,4,id_reference,A6c_train_seed_4,40083,-176.36691470752532,250,false,0.30235371014832757,3.8909213138192928,40,false
heldout,A6c,4,id_reference,A6c_train_seed_4,40084,-236.32067813139656,250,false,0.27030711089670834,5.7698720118927174,40,false
heldout,A6c,4,id_reference,A6c_train_seed_4,40085,-168.68581722544295,250,false,0.29635406308578061,5.0866926699615096,40,false
heldout,A6c,4,id_reference,A6c_train_seed_4,40086,-32.154637175441628,58,true,0.044124925057417878,2.7130341921067469,37.296722412109375,false
heldout,A6c,4,id_reference,A6c_train_seed_4,40087,-182.74805423846848,250,false,0.29721721917287536,3.5512786033167538,40,false
heldout,A6c,4,id_reference,A6c_train_seed_4,40088,-25.374383390605232,44,true,0.01260477160249805,3.9763227482362935,36.8272705078125,false
heldout,A6c,4,id_reference,A6c_train_seed_4,40089,-104.0366550279776,250,false,0.13436763188369491,2.9540482354921824,40,false
heldout,A6c,4,id_reference,A6c_train_seed_4,40090,-77.571926530845033,76,true,0.022481698031147555,6.9555323615033267,40,false
heldout,A6c,4,id_reference,A6c_train_seed_4,40091,-68.728795867418938,65,true,0.046102430179018175,6.3731070166183894,40,false
heldout,A6c,4,id_reference,A6c_train_seed_4,40092,-68.400955831292251,250,false,0.18125055964303363,3.4213000529509183,30.299520492553711,false
heldout,A6c,4,id_reference,A6c_train_seed_4,40093,-72.838289441500621,79,true,0.039812687517152626,3.7160462090445607,40,false
heldout,A6c,4,id_reference,A6c_train_seed_4,40094,-155.1182356543363,250,false,0.095581428973664978,2.3760247697406252,40,false
heldout,A6c,4,id_reference,A6c_train_seed_4,40095,-51.049621347904939,66,true,0.012634165442913365,4.871128053933381,40,false
heldout,A6c,4,id_reference,A6c_train_seed_4,40096,-168.74326152615618,250,false,0.40005793152218311,5.4875098899969421,40,false
heldout,A6c,4,id_reference,A6c_train_seed_4,40097,-105.91580486622756,250,false,0.10224338377274107,5.8839055305051096,40,false
heldout,A6c,4,id_reference,A6c_train_seed_4,40098,-87.061998277739249,80,true,0.049585367160967904,5.2581147172876506,40,false
heldout,A6c,4,id_reference,A6c_train_seed_4,40099,-171.11848741091578,250,false,0.12369129059822977,4.4402323918656394,40,false
safety,A4c,4,id_reference,A4c_train_seed_4,50000,-117.62451265269225,250,false,0.31290018586611951,5.5097293412541575,34.834304809570312,false
safety,A4c,4,id_reference,A4c_train_seed_4,50001,-95.933082449210346,84,true,0.030606796995759959,10.156397132978153,40,false
safety,A4c,4,id_reference,A4c_train_seed_4,50002,-65.533060930501819,250,false,0.098573867359901327,7.8858254794656695,40,false
safety,A4c,4,id_reference,A4c_train_seed_4,50003,-238.59262290873747,250,false,0.43040554327379599,12.716133236854967,40,false
safety,A4c,4,id_reference,A4c_train_seed_4,50004,-83.764991365845106,250,false,0.12277237176578033,9.1391623702816993,39.678287506103516,false
safety,A4c,4,id_reference,A4c_train_seed_4,50005,-74.756287203374669,76,true,0.048052358447334284,13.985090440362042,40,false
safety,A4c,4,id_reference,A4c_train_seed_4,50006,-116.44732239559428,250,false,0.26475876884699817,6.3473857451369984,40,false
safety,A4c,4,id_reference,A4c_train_seed_4,50007,-202.78881633894875,250,false,0.34630501153025112,10.613426232796366,40,false
safety,A4c,4,id_reference,A4c_train_seed_4,50008,-105.23759685769711,250,false,0.11169025242204564,8.1703747692595527,40,false
safety,A4c,4,id_reference,A4c_train_seed_4,50009,-112.14115703964507,250,false,0.21429670944579743,9.9109700275295456,40,false
safety,A4c,4,id_reference,A4c_train_seed_4,50010,-54.673955794229627,62,true,0.048403683054557209,13.132771700830263,40,false
safety,A4c,4,id_reference,A4c_train_seed_4,50011,-103.45397909639945,250,false,0.25785298439643894,4.8284405434346622,39.868198394775391,false
safety,A4c,4,id_reference,A4c_train_seed_4,50012,-35.321667042747897,47,true,0.040861427778578603,11.254700753442874,39.609638214111328,false
safety,A4c,4,id_reference,A4c_train_seed_4,50013,-168.06004543132309,250,false,0.30967769179159499,10.666592506944207,40,false
safety,A4c,4,id_reference,A4c_train_seed_4,50014,-220.21324524215223,250,false,0.35168660933704277,17.050033924512359,40,false
safety,A4c,4,id_reference,A4c_train_seed_4,50015,-162.7471247949866,250,false,0.2060035910779125,10.533921597446081,40,false
safety,A4c,4,id_reference,A4c_train_seed_4,50016,-158.60717057708717,250,false,0.37936546365278684,10.066537932299479,40,false
safety,A4c,4,id_reference,A4c_train_seed_4,50017,-89.297219454071566,250,false,0.056874890411998044,9.701305342070059,40,false
safety,A4c,4,id_reference,A4c_train_seed_4,50018,-86.577843415959677,71,true,0.026828772836045321,11.587214643137671,40,false
safety,A4c,4,id_reference,A4c_train_seed_4,50019,-111.93860566698913,77,true,0.047358377588786076,12.359592568955717,40,false
safety,A4c,4,id_reference,A4c_train_seed_4,50020,-27.034926450311623,57,true,0.045213644707840638,4.5203056361454292,40,false
safety,A4c,4,id_reference,A4c_train_seed_4,50021,-14.672197049968476,39,true,0.048796148264286354,4.6015150973006858,29.184700012207031,false
safety,A4c,4,id_reference,A4c_train_seed_4,50022,-132.87201269616432,250,false,0.1433358700345948,11.228656066876191,40,false
safety,A4c,4,id_reference,A4c_train_seed_4,50023,-76.085291131750097,65,true,0.048571916782118731,9.4297825674600375,40,false
safety,A4c,4,id_reference,A4c_train_seed_4,50024,-51.337076410141165,250,false,0.10248077289073118,4.6367092343431624,28.464805603027344,false
safety,A4c,4,id_reference,A4c_train_seed_4,50025,-111.66117105536298,250,false,0.11663660663093738,11.754284817966694,40,false
safety,A4c,4,id_reference,A4c_train_seed_4,50026,-191.66017359374467,250,false,0.53827657954676533,6.5459622922126428,40,false
safety,A4c,4,id_reference,A4c_train_seed_4,50027,-79.576161081985347,250,false,0.12633855481076686,7.4639441764664571,40,false
safety,A4c,4,id_reference,A4c_train_seed_4,50028,-144.26092605154767,250,false,0.12998433848753904,15.817431537283479,40,false
safety,A4c,4,id_reference,A4c_train_seed_4,50029,-138.19945716491475,250,false,0.12335453394464789,13.768399272032733,40,false
safety,A4c,4,id_reference,A4c_train_seed_4,50030,-75.965094047632789,75,true,0.047669142562163369,9.1206145668837983,40,false
safety,A4c,4,id_reference,A4c_train_seed_4,50031,-78.926933208621392,76,true,0.049132515587856994,13.693251156549771,40,false
safety,A4c,4,id_reference,A4c_train_seed_4,50032,-112.14333309346908,250,false,0.13000162753412972,11.698676715163094,40,false
safety,A4c,4,id_reference,A4c_train_seed_4,50033,-4.4012905448799966,34,true,0.018803550769163627,4.2522689207063209,24.714195251464844,false
safety,A4c,4,id_reference,A4c_train_seed_4,50034,-67.12742080342106,250,false,0.10353379810160174,6.9446628602628344,40,false
safety,A4c,4,id_reference,A4c_train_seed_4,50035,-136.94035321108402,250,false,0.36942878089676584,5.8463879449609637,40,false
safety,A4c,4,id_reference,A4c_train_seed_4,50036,-34.792473137340622,45,true,0.043963656957043414,4.8861964657152033,40,false
safety,A4c,4,id_reference,A4c_train_seed_4,50037,-84.544197873411179,250,false,0.13665672208084145,10.456914830090321,40,false
safety,A4c,4,id_reference,A4c_train_seed_4,50038,-210.93379169665093,250,false,0.17830230732054866,18.125434177173634,40,false
safety,A4c,4,id_reference,A4c_train_seed_4,50039,-34.870175175516444,56,true,0.045996714908129413,2.9887849608949564,40,false
safety,A4c,4,id_reference,A4c_train_seed_4,50040,-69.576042094362251,250,false,0.057756005669721583,8.3528987433304973,40,false
safety,A4c,4,id_reference,A4c_train_seed_4,50041,-44.645268811994157,49,true,0.048745300965855137,12.810091390963263,36.803825378417969,false
safety,A4c,4,id_reference,A4c_train_seed_4,50042,-78.112730186760928,250,false,0.14029718732581287,7.9942827505599059,40,false
safety,A4c,4,id_reference,A4c_train_seed_4,50043,-10.762758120185568,33,true,0.029396387244253089,2.9827431982659554,40,false
safety,A4c,4,id_reference,A4c_train_seed_4,50044,-100.70214251048243,250,false,0.13417795965661547,11.180105546450998,40,false
safety,A4c,4,id_reference,A4c_train_seed_4,50045,-95.79982478447495,73,true,0.04267270444507705,11.259848724790682,40,false
safety,A4c,4,id_reference,A4c_train_seed_4,50046,-76.358504542647964,250,false,0.051564098577065856,14.87073322270817,40,false
safety,A4c,4,id_reference,A4c_train_seed_4,50047,-112.11324023816961,250,false,0.22207682769820317,4.6460233847410128,40,false
safety,A4c,4,id_reference,A4c_train_seed_4,50048,-51.183780968564164,66,true,0.0095828898698817229,9.1703791108897654,40,false
safety,A4c,4,id_reference,A4c_train_seed_4,50049,-93.836497559747528,63,true,0.047430343389875937,14.38204983362944,40,false
safety,A4c,4,id_reference,A4c_train_seed_4,50050,-159.86090880802652,250,false,0.17896735743948336,11.755177502546594,40,false
safety,A4c,4,id_reference,A4c_train_seed_4,50051,-171.67119176694206,91,true,0.048548070389088621,20.399659802343741,40,false
safety,A4c,4,id_reference,A4c_train_seed_4,50052,-171.07094996940816,250,false,0.11717891810300686,14.544382314300716,40,false
safety,A4c,4,id_reference,A4c_train_seed_4,50053,-75.886104960011764,250,false,0.060448375095137806,8.64157955170805,40,false
safety,A4c,4,id_reference,A4c_train_seed_4,50054,-163.8330682098063,250,false,0.06859079759672046,20.702896226880544,40,false
safety,A4c,4,id_reference,A4c_train_seed_4,50055,-163.4243328633506,250,false,0.34183375973713087,9.8756687702604253,40,false
safety,A4c,4,id_reference,A4c_train_seed_4,50056,-4.3401036381239138,40,true,0.048497499324750497,4.6509903091001732,21.74836540222168,false
safety,A4c,4,id_reference,A4c_train_seed_4,50057,-110.82323618911187,250,false,0.17110503329189586,9.0041874610758139,40,false
safety,A4c,4,id_reference,A4c_train_seed_4,50058,-106.19344123076363,75,true,0.042339942351735049,14.78881475747648,40,false
safety,A4c,4,id_reference,A4c_train_seed_4,50059,-86.356788083456166,250,false,0.15374604397871638,5.4866619806381118,40,false
safety,A4c,4,id_reference,A4c_train_seed_4,50060,-116.68761600297165,71,true,0.04983866156203523,15.169417647387158,40,false
safety,A4c,4,id_reference,A4c_train_seed_4,50061,-101.1192117993042,250,false,0.23852653646307778,4.5541451066044409,34.3531494140625,false
safety,A4c,4,id_reference,A4c_train_seed_4,50062,-135.78978621644302,250,false,0.16418626612067699,14.320419238869219,40,false
safety,A4c,4,id_reference,A4c_train_seed_4,50063,-82.337288489348538,250,false,0.17062394914076948,3.4546732757569938,32.163398742675781,false
safety,A4c,4,id_reference,A4c_train_seed_4,50064,-66.426640048275047,250,false,0.098511259589138131,7.8514522002736582,40,false
safety,A4c,4,id_reference,A4c_train_seed_4,50065,-79.842293485171439,250,false,0.16062084222654935,6.2508588373959046,36.979290008544922,false
safety,A4c,4,id_reference,A4c_train_seed_4,50066,-78.935086438684024,71,true,0.049721038767590195,10.03608927940625,40,false
safety,A4c,4,id_reference,A4c_train_seed_4,50067,-67.093564868973402,250,false,0.11541757464504351,5.9041121283555498,35.59375,false
safety,A4c,4,id_reference,A4c_train_seed_4,50068,-19.391809896035461,51,true,0.047383778385233014,6.264727992006792,22.079826354980469,false
safety,A4c,4,id_reference,A4c_train_seed_4,50069,-97.548773349084243,250,false,0.080591921797838029,15.736226376679827,40,false
safety,A4c,4,id_reference,A4c_train_seed_4,50070,-82.691735215422966,250,false,0.20359502810573432,4.8500157772300421,29.390710830688477,false
safety,A4c,4,id_reference,A4c_train_seed_4,50071,-49.337005448219166,250,false,0.055795367440940068,6.1849916760394521,38.606292724609375,false
safety,A4c,4,id_reference,A4c_train_seed_4,50072,-128.55780272396126,250,false,0.059865216536060667,10.541853903763034,40,false
safety,A4c,4,id_reference,A4c_train_seed_4,50073,-188.39075212964184,250,false,0.15305362492221505,15.716124591211802,40,false
safety,A4c,4,id_reference,A4c_train_seed_4,50074,-77.642895579835965,250,false,0.17361491919721356,5.3611750361141555,30.045198440551758,false
safety,A4c,4,id_reference,A4c_train_seed_4,50075,-183.82524904878318,250,false,0.51514303818724827,6.1095540722198676,40,false
safety,A4c,4,id_reference,A4c_train_seed_4,50076,-173.03830482866314,250,false,0.16711261307448499,11.413164729053044,40,false
safety,A4c,4,id_reference,A4c_train_seed_4,50077,-99.034157928738168,250,false,0.25502293471610293,10.691168967307346,40,false
safety,A4c,4,id_reference,A4c_train_seed_4,50078,-73.204855776504417,250,false,0.10820149633137739,4.3724346361658624,39.550350189208984,false
safety,A4c,4,id_reference,A4c_train_seed_4,50079,-92.812572620608307,75,true,0.03457144863666653,13.14102469890075,40,false
safety,A4c,4,id_reference,A4c_train_seed_4,50080,-155.25936854584603,107,true,0.03748754902944821,17.362136466977937,40,false
safety,A4c,4,id_reference,A4c_train_seed_4,50081,-79.201563023760414,250,false,0.11407988757156116,9.8074802905874545,40,false
safety,A4c,4,id_reference,A4c_train_seed_4,50082,-59.55540012301708,250,false,0.078829415419144358,12.007613980116149,40,false
safety,A4c,4,id_reference,A4c_train_seed_4,50083,-82.132911907575235,85,true,0.048095259768080441,11.661385147210172,39.955970764160156,false
safety,A4c,4,id_reference,A4c_train_seed_4,50084,-56.578158947367491,250,false,0.080608929940468907,6.3676165594527596,39.468208312988281,false
safety,A4c,4,id_reference,A4c_train_seed_4,50085,-124.37277879496344,250,false,0.069938783633393689,13.191154898098834,40,false
safety,A4c,4,id_reference,A4c_train_seed_4,50086,-95.74147402365675,250,false,0.10264305490036849,17.777415727659545,40,false
safety,A4c,4,id_reference,A4c_train_seed_4,50087,-69.251116843315131,250,false,0.10110685656084588,5.2525522124643818,40,false
safety,A4c,4,id_reference,A4c_train_seed_4,50088,-123.22784330843074,250,false,0.13476581766109644,15.882711153481276,40,false
safety,A4c,4,id_reference,A4c_train_seed_4,50089,-53.876046017956099,60,true,0.037959999549380098,5.6317147648692689,40,false
safety,A4c,4,id_reference,A4c_train_seed_4,50090,-168.13368056717499,250,false,0.31814515226651269,10.57234092759191,40,false
safety,A4c,4,id_reference,A4c_train_seed_4,50091,-128.1656029087948,85,true,0.049600567467134329,10.239234562483471,40,false
safety,A4c,4,id_reference,A4c_train_seed_4,50092,-159.7313471147506,250,false,0.4021737702869147,5.7488996298221284,40,false
safety,A4c,4,id_reference,A4c_train_seed_4,50093,-151.54430785598709,250,false,0.13848061382333982,10.930687676183656,40,false
safety,A4c,4,id_reference,A4c_train_seed_4,50094,-15.971784106662067,35,true,0.03750703728079454,3.9709694256516848,40,false
safety,A4c,4,id_reference,A4c_train_seed_4,50095,-29.678811810422104,43,true,0.0094856337136714278,5.1940383421802068,40,false
safety,A4c,4,id_reference,A4c_train_seed_4,50096,-135.15283444437952,250,false,0.19263014429649247,11.407026125167762,39.903636932373047,false
safety,A4c,4,id_reference,A4c_train_seed_4,50097,-201.52790683081452,250,false,0.52622018649858127,5.9634110869549781,40,false
safety,A4c,4,id_reference,A4c_train_seed_4,50098,-95.671794480651968,250,false,0.064666176788817822,13.194746479508572,40,false
safety,A4c,4,id_reference,A4c_train_seed_4,50099,-193.61724006041942,250,false,0.44727991192244332,9.0936954353878185,40,false
safety,A3,4,id_reference,A3_train_seed_4,50000,-73.567238290213581,250,false,0.16697760262699407,4.1962254763183875,37.374355316162109,false
safety,A3,4,id_reference,A3_train_seed_4,50001,-95.713526423204783,82,true,0.049626930588312135,8.5887053142605083,40,false
safety,A3,4,id_reference,A3_train_seed_4,50002,-29.081390612264048,34,true,0.049865861339105699,8.8249768408765092,40,false
safety,A3,4,id_reference,A3_train_seed_4,50003,-189.80458492519205,250,false,0.22755122632753991,10.770086769189716,40,false
safety,A3,4,id_reference,A3_train_seed_4,50004,-34.325838604712807,47,true,0.007078873232155526,6.620557441663812,40,false
safety,A3,4,id_reference,A3_train_seed_4,50005,-102.59904712186923,250,false,0.079727165847547715,12.240059829374372,40,false
safety,A3,4,id_reference,A3_train_seed_4,50006,-33.535085712386255,58,true,0.044839110488464451,5.0472696174067515,40,false
safety,A3,4,id_reference,A3_train_seed_4,50007,-101.47209125741946,77,true,0.047862801469121606,9.4876651965840004,40,false
safety,A3,4,id_reference,A3_train_seed_4,50008,-91.88036091289743,69,true,0.046205722776658895,7.3153970579887595,40,false
safety,A3,4,id_reference,A3_train_seed_4,50009,-72.88509431969058,250,false,0.050863052996096357,9.8567749121155011,40,false
safety,A3,4,id_reference,A3_train_seed_4,50010,-81.485180730987338,250,false,0.079124789525425773,11.597362279652822,40,false
safety,A3,4,id_reference,A3_train_seed_4,50011,-17.581018903794046,45,true,0.029506849791052898,5.0417269311828834,40,false
safety,A3,4,id_reference,A3_train_seed_4,50012,-65.960923356055929,250,false,0.092247333936605627,8.6561623997256234,40,false
safety,A3,4,id_reference,A3_train_seed_4,50013,-122.72409023346313,250,false,0.070420155195441911,9.0908389902418136,40,false
safety,A3,4,id_reference,A3_train_seed_4,50014,-98.506965961780182,79,true,0.021747250303614577,9.6682864969467488,40,false
safety,A3,4,id_reference,A3_train_seed_4,50015,-66.630317540200807,69,true,0.04999190781855109,9.2022935271553088,40,false
safety,A3,4,id_reference,A3_train_seed_4,50016,-62.994811488962156,100,true,0.049519935539806638,8.8749122410756272,40,false
safety,A3,4,id_reference,A3_train_seed_4,50017,-89.045027983225538,250,false,0.091976294999113903,7.3228004102197861,40,false
safety,A3,4,id_reference,A3_train_seed_4,50018,-114.2314940133699,250,false,0.078607823887477321,11.825020247066737,40,false
safety,A3,4,id_reference,A3_train_seed_4,50019,-89.046050535558408,76,true,0.036420931894945663,10.611420716648786,40,false
safety,A3,4,id_reference,A3_train_seed_4,50020,-77.593287899665597,250,false,0.12209551414726906,4.4945787703065294,40,false
safety,A3,4,id_reference,A3_train_seed_4,50021,-64.332252396155411,250,false,0.11679532632935763,3.1203084558295724,29.511430740356445,false
safety,A3,4,id_reference,A3_train_seed_4,50022,-73.472877130028365,88,true,0.047036457809392931,10.183325709602983,40,false
safety,A3,4,id_reference,A3_train_seed_4,50023,-76.699051254156444,66,true,0.015202131656076678,7.8575396169798335,40,false
safety,A3,4,id_reference,A3_train_seed_4,50024,-65.869084694393649,250,false,0.18268241779020228,3.8388189620057283,28.745292663574219,false
safety,A3,4,id_reference,A3_train_seed_4,50025,-82.341961211351617,94,true,0.049640625004481354,8.8093453249650349,40,false
safety,A3,4,id_reference,A3_train_seed_4,50026,-96.247178196452381,250,false,0.11492904871603241,6.7177360581930259,40,false
safety,A3,4,id_reference,A3_train_seed_4,50027,-152.99919827947704,250,false,0.50795429782018175,8.2848401700052978,40,false
safety,A3,4,id_reference,A3_train_seed_4,50028,-77.172068684893361,64,true,0.027100836171236466,13.945437029458351,40,false
safety,A3,4,id_reference,A3_train_seed_4,50029,-116.28085650028538,250,false,0.070196311016586993,12.235910914356174,40,false
safety,A3,4,id_reference,A3_train_seed_4,50030,-75.531059570444484,73,true,0.049099575050131884,7.0791082575685174,40,false
safety,A3,4,id_reference,A3_train_seed_4,50031,-107.7098632392489,250,false,0.070312667671118989,12.256382186899689,40,false
safety,A3,4,id_reference,A3_train_seed_4,50032,-57.772258209273602,72,true,0.048529433083604627,10.427727651411583,40,false
safety,A3,4,id_reference,A3_train_seed_4,50033,-61.966635298750738,250,false,0.15306704756514639,3.9029775882754265,24.840686798095703,false
safety,A3,4,id_reference,A3_train_seed_4,50034,-26.652578410082775,41,true,0.022364961283146412,7.6214850834401737,40,false
safety,A3,4,id_reference,A3_train_seed_4,50035,-65.205970953488702,250,false,0.086440242516495139,6.1425999308525991,40,false
safety,A3,4,id_reference,A3_train_seed_4,50036,-35.678630861780739,46,true,0.033355349977255998,4.3025041215065976,40,false
safety,A3,4,id_reference,A3_train_seed_4,50037,-36.875959261964518,46,true,0.028650543514576181,8.9336053869358043,40,false
safety,A3,4,id_reference,A3_train_seed_4,50038,-147.93806349488332,95,true,0.012791047044690919,18.422966577577256,40,false
safety,A3,4,id_reference,A3_train_seed_4,50039,-27.076550239339163,43,true,0.041668269279307182,3.5823207050906847,40,false
safety,A3,4,id_reference,A3_train_seed_4,50040,-98.561821660441211,250,false,0.19373933692468023,6.2160059262821807,40,false
safety,A3,4,id_reference,A3_train_seed_4,50041,-42.99022957250056,47,true,0.044021499924180543,11.259827014710407,40,false
safety,A3,4,id_reference,A3_train_seed_4,50042,-104.96296634563919,250,false,0.29452822215570978,7.9208752538502223,40,false
safety,A3,4,id_reference,A3_train_seed_4,50043,-59.89502564662255,250,false,0.10955296218374028,3.1543496770385193,40,false
safety,A3,4,id_reference,A3_train_seed_4,50044,-77.023952738734337,250,false,0.064028667844219317,9.0673718095717515,40,false
safety,A3,4,id_reference,A3_train_seed_4,50045,-108.37101548015626,250,false,0.059448371360579066,9.8119517250664749,40,false
safety,A3,4,id_reference,A3_train_seed_4,50046,-51.401803855369934,53,true,0.049709160450995958,13.734073928398022,40,false
safety,A3,4,id_reference,A3_train_seed_4,50047,-93.493494622287272,250,false,0.15987211984134175,4.1058067086831951,40,false
safety,A3,4,id_reference,A3_train_seed_4,50048,-83.212552109933981,250,false,0.11300428244831238,8.4397865191968524,40,false
safety,A3,4,id_reference,A3_train_seed_4,50049,-113.8610598226328,250,false,0.1200332075458703,12.483345406884593,40,false
safety,A3,4,id_reference,A3_train_seed_4,50050,-167.65566859827462,250,false,0.063482036352864049,17.045381533068877,40,false
safety,A3,4,id_reference,A3_train_seed_4,50051,-156.03824329337667,250,false,0.077655412205626453,11.366786620266277,40,false
safety,A3,4,id_reference,A3_train_seed_4,50052,-180.24986262947635,250,false,0.075676848727099233,13.813060250264979,40,false
safety,A3,4,id_reference,A3_train_seed_4,50053,-37.482598746638317,50,true,0.049804744074724364,6.7656246569587282,40,false
safety,A3,4,id_reference,A3_train_seed_4,50054,-111.35472739528954,250,false,0.063718153880037737,9.0704677063840471,40,false
safety,A3,4,id_reference,A3_train_seed_4,50055,-56.245143498324943,60,true,0.036409675437006565,8.539696732958916,40,false
safety,A3,4,id_reference,A3_train_seed_4,50056,-56.559010396052408,250,false,0.14927308808443576,4.1195541320910438,22.024175643920898,false
safety,A3,4,id_reference,A3_train_seed_4,50057,-91.827401854081202,250,false,0.10076255744299736,6.208732158533647,40,false
safety,A3,4,id_reference,A3_train_seed_4,50058,-130.36840752993683,250,false,0.10100442570807765,13.11556707150296,40,false
safety,A3,4,id_reference,A3_train_seed_4,50059,-63.315084767147646,250,false,0.087413671416948321,6.0773385331315888,40,false
safety,A3,4,id_reference,A3_train_seed_4,50060,-128.23334599809047,250,false,0.090930965974025793,13.400393169192709,40,false
safety,A3,4,id_reference,A3_train_seed_4,50061,-77.017295871326894,250,false,0.13588385560823543,2.379700238151377,37.847293853759766,false
safety,A3,4,id_reference,A3_train_seed_4,50062,-124.14762877360522,250,false,0.074207648283259334,12.349572575684894,40,false
safety,A3,4,id_reference,A3_train_seed_4,50063,-70.370386583007175,250,false,0.13435755770068231,2.8113793393688375,32.580150604248047,false
safety,A3,4,id_reference,A3_train_seed_4,50064,-20.667389319703798,32,true,0.047901919766588641,6.9514899575707325,40,false
safety,A3,4,id_reference,A3_train_seed_4,50065,-61.438926528712017,250,false,0.1218981896162227,7.0023565183124923,40,false
safety,A3,4,id_reference,A3_train_seed_4,50066,-96.537130621491528,250,false,0.097327301585647757,9.1605297782448254,40,false
safety,A3,4,id_reference,A3_train_seed_4,50067,-55.461323958954587,250,false,0.070747780830036272,6.1090268741003504,35.579540252685547,false
safety,A3,4,id_reference,A3_train_seed_4,50068,-48.218394786184319,250,false,0.08370518071772301,5.8017453242288797,21.682376861572266,false
safety,A3,4,id_reference,A3_train_seed_4,50069,-85.706817129910732,250,false,0.069133536254925312,14.062631815655951,40,false
safety,A3,4,id_reference,A3_train_seed_4,50070,-64.565569188366396,250,false,0.10849400161685002,4.4975762346152077,29.342844009399414,false
safety,A3,4,id_reference,A3_train_seed_4,50071,-18.725195691758941,37,true,0.018946222322986792,4.0317103382279909,40,false
safety,A3,4,id_reference,A3_train_seed_4,50072,-92.753907486173844,71,true,0.0094928092000682428,11.968108136572518,40,false
safety,A3,4,id_reference,A3_train_seed_4,50073,-129.3569892787016,92,true,0.049229603938598571,15.032002752980279,40,false
safety,A3,4,id_reference,A3_train_seed_4,50074,-57.787622132625984,250,false,0.097287267350120749,4.9000102408280846,29.40327262878418,false
safety,A3,4,id_reference,A3_train_seed_4,50075,-132.25471544381023,250,false,0.33382076962505886,6.5930764459201026,40,false
safety,A3,4,id_reference,A3_train_seed_4,50076,-163.55493380188923,250,false,0.09550204705884846,10.887370474688986,40,false
safety,A3,4,id_reference,A3_train_seed_4,50077,-124.91816269524637,250,false,0.2901422036412738,10.978930070122773,40,false
safety,A3,4,id_reference,A3_train_seed_4,50078,-27.993424794557811,67,true,0.047865114863286824,4.5767852391584167,40,false
safety,A3,4,id_reference,A3_train_seed_4,50079,-87.187752925678467,71,true,0.049958988339317716,13.408136953372061,40,false
safety,A3,4,id_reference,A3_train_seed_4,50080,-139.97027949607232,94,true,0.04913344870698011,18.244492714928732,40,false
safety,A3,4,id_reference,A3_train_seed_4,50081,-83.216446932608079,250,false,0.12442464579567257,7.2599561828289065,40,false
safety,A3,4,id_reference,A3_train_seed_4,50082,-35.405546021206774,82,true,0.04844185337337268,9.9598043440347208,40,false
safety,A3,4,id_reference,A3_train_seed_4,50083,-119.01737372724158,250,false,0.12897255981712874,12.017229719864023,40,false
safety,A3,4,id_reference,A3_train_seed_4,50084,-55.776904568556098,250,false,0.075239289253588693,4.345020463088983,40,false
safety,A3,4,id_reference,A3_train_seed_4,50085,-87.390868162721077,88,true,0.049293347072238487,12.23860771203422,40,false
safety,A3,4,id_reference,A3_train_seed_4,50086,-94.395659324441851,250,false,0.067530742167431212,17.733834112098332,40,false
safety,A3,4,id_reference,A3_train_seed_4,50087,-28.140997778943998,50,true,0.048261016424795987,4.5893407437323415,40,false
safety,A3,4,id_reference,A3_train_seed_4,50088,-130.80586934285085,250,false,0.077120861545982883,13.074188922603659,40,false
safety,A3,4,id_reference,A3_train_seed_4,50089,-80.78105749787801,250,false,0.079828527717552639,6.5794791478156895,40,false
safety,A3,4,id_reference,A3_train_seed_4,50090,-120.74794450404623,250,false,0.07351411621014535,10.240369868078037,40,false
safety,A3,4,id_reference,A3_train_seed_4,50091,-137.69417254236456,80,true,0.0041963495546802308,13.542337750460968,40,false
safety,A3,4,id_reference,A3_train_seed_4,50092,-95.743837405208865,250,false,0.12585436308038817,5.971667471463876,40,false
safety,A3,4,id_reference,A3_train_seed_4,50093,-133.1958847714393,250,false,0.077381498824778752,10.793691914905104,40,false
safety,A3,4,id_reference,A3_train_seed_4,50094,-68.265474789119068,250,false,0.12715076250128743,4.7630169335337413,40,false
safety,A3,4,id_reference,A3_train_seed_4,50095,-30.40167124529501,43,true,0.045528517880467557,4.7974200895858736,40,false
safety,A3,4,id_reference,A3_train_seed_4,50096,-88.575705368569743,76,true,0.045703489195048234,10.185276985362192,40,false
safety,A3,4,id_reference,A3_train_seed_4,50097,-147.9023695111878,250,false,0.3371113264284914,7.0858122254327931,40,false
safety,A3,4,id_reference,A3_train_seed_4,50098,-103.04907365474639,250,false,0.090311543638003727,13.722327468597404,40,false
safety,A3,4,id_reference,A3_train_seed_4,50099,-88.726821873202994,87,true,0.04799527897731809,8.3297125548578439,40,false
safety,A6c,4,id_reference,A6c_train_seed_4,50000,-119.50457137954299,250,false,0.28375312067014496,3.8581044608996637,35.650074005126953,false
safety,A6c,4,id_reference,A6c_train_seed_4,50001,-112.78483557075678,102,true,0.048070672209742413,5.0453665855016894,40,false
safety,A6c,4,id_reference,A6c_train_seed_4,50002,-47.92991616855813,64,true,0.021451224444240153,6.1537470120532438,40,false
safety,A6c,4,id_reference,A6c_train_seed_4,50003,-265.25170087705237,250,false,0.30066353157604386,4.2669099954638909,40,false
safety,A6c,4,id_reference,A6c_train_seed_4,50004,-118.61150164525314,250,false,0.098795685993438048,4.9312610327430138,40,false
safety,A6c,4,id_reference,A6c_train_seed_4,50005,-86.800523149111626,69,true,0.038137200283297992,6.3510331298379334,40,false
safety,A6c,4,id_reference,A6c_train_seed_4,50006,-95.788582074503282,250,false,0.11597904557865746,2.9227663069770062,40,false
safety,A6c,4,id_reference,A6c_train_seed_4,50007,-179.30743740170175,250,false,0.31316768953940255,4.1368269610661477,40,false
safety,A6c,4,id_reference,A6c_train_seed_4,50008,-100.54123676085605,92,true,0.021006761830363985,6.0247879599814356,40,false
safety,A6c,4,id_reference,A6c_train_seed_4,50009,-160.01083976716691,250,false,0.1862859969017242,3.1372141628096144,40,false
safety,A6c,4,id_reference,A6c_train_seed_4,50010,-75.9329311824184,52,true,0.043446505983097336,3.6679859034484941,40,false
safety,A6c,4,id_reference,A6c_train_seed_4,50011,-90.262803722164165,250,false,0.19609429450464166,4.6043935936433469,40,false
safety,A6c,4,id_reference,A6c_train_seed_4,50012,-40.381348290266416,45,true,0.049202930812300774,3.3856331192885376,40,false
safety,A6c,4,id_reference,A6c_train_seed_4,50013,-229.08129586478094,250,false,0.22836057959632017,3.99118074880717,40,false
safety,A6c,4,id_reference,A6c_train_seed_4,50014,-195.34827191358866,250,false,0.35648546582672136,4.4129223185330684,40,false
safety,A6c,4,id_reference,A6c_train_seed_4,50015,-144.73710879266943,250,false,0.20010104185560049,3.4260343672269635,40,false
safety,A6c,4,id_reference,A6c_train_seed_4,50016,-204.5146586835958,250,false,0.40590945893055413,2.1227415215214487,40,false
safety,A6c,4,id_reference,A6c_train_seed_4,50017,-71.902255211859753,75,true,0.039361020083693993,5.0744237173124915,40,false
safety,A6c,4,id_reference,A6c_train_seed_4,50018,-154.47678802400873,48,false,2.1298794530353518,5.6747870860117544,40,false
safety,A6c,4,id_reference,A6c_train_seed_4,50019,-250.35540753315593,250,false,0.28453539749504636,3.3302209814466743,40,false
safety,A6c,4,id_reference,A6c_train_seed_4,50020,-46.971038228555841,76,true,0.031303981012335919,1.7295637933463128,40,false
safety,A6c,4,id_reference,A6c_train_seed_4,50021,-64.1030573206816,250,false,0.083807563354801065,2.4646174041968369,29.87657356262207,false
safety,A6c,4,id_reference,A6c_train_seed_4,50022,-119.07333034461776,250,false,0.11015713221156181,3.9141712757272011,40,false
safety,A6c,4,id_reference,A6c_train_seed_4,50023,-86.081498204634912,74,true,0.024806617140445429,6.0269359507607545,40,false
safety,A6c,4,id_reference,A6c_train_seed_4,50024,-4.8877336455410045,47,true,0.024624535863096382,3.0187870915624964,29.02690315246582,false
safety,A6c,4,id_reference,A6c_train_seed_4,50025,-85.169860617015246,96,true,0.042708797716440428,5.792065217889987,40,false
safety,A6c,4,id_reference,A6c_train_seed_4,50026,-254.87812585726334,250,false,0.67570286967322801,5.6071994787123023,40,false
safety,A6c,4,id_reference,A6c_train_seed_4,50027,-98.25042221862337,250,false,0.23935659630793901,6.3685191063445821,40,false
safety,A6c,4,id_reference,A6c_train_seed_4,50028,-70.022034158561496,77,true,0.049023371977719166,6.0355502685789784,40,false
safety,A6c,4,id_reference,A6c_train_seed_4,50029,-131.00119848452752,118,true,0.049948616839815468,4.4019729784927639,40,false
safety,A6c,4,id_reference,A6c_train_seed_4,50030,-82.994299338662728,79,true,0.0057687713045233161,4.9190041465020586,40,false
safety,A6c,4,id_reference,A6c_train_seed_4,50031,-110.63784766065845,250,false,0.070715280317161525,6.3724089673374404,40,false
safety,A6c,4,id_reference,A6c_train_seed_4,50032,-101.2318643629243,250,false,0.085052398770907617,3.0505811983308568,40,false
safety,A6c,4,id_reference,A6c_train_seed_4,50033,-58.751840788319001,250,false,0.14487956026651216,3.3920563640372214,25.319997787475586,false
safety,A6c,4,id_reference,A6c_train_seed_4,50034,-42.599723516383904,60,true,0.045448247059141481,4.8662381932103163,40,false
safety,A6c,4,id_reference,A6c_train_seed_4,50035,-145.80578216556404,250,false,0.36613914850092005,4.5819071385711485,40,false
safety,A6c,4,id_reference,A6c_train_seed_4,50036,-105.35606347215689,250,false,0.094695336484268963,2.5588745958969081,40,false
safety,A6c,4,id_reference,A6c_train_seed_4,50037,-102.7389630783242,250,false,0.089713634367265579,3.2308990713675478,40,false
safety,A6c,4,id_reference,A6c_train_seed_4,50038,-154.055385534989,250,false,0.17534422922219534,5.9810644817608951,40,false
safety,A6c,4,id_reference,A6c_train_seed_4,50039,-59.15488466614741,96,true,0.048975951264823785,2.3229224707871947,37.589462280273438,false
safety,A6c,4,id_reference,A6c_train_seed_4,50040,-81.351166596749451,250,false,0.12612269904105472,5.1688201983847621,40,false
safety,A6c,4,id_reference,A6c_train_seed_4,50041,-51.803452133811604,52,true,0.024246932305827661,4.6629651564759733,40,false
safety,A6c,4,id_reference,A6c_train_seed_4,50042,-89.127855964098671,250,false,0.19481804873171168,4.8656137495430221,40,false
safety,A6c,4,id_reference,A6c_train_seed_4,50043,-16.409519000682941,47,true,0.047409785457991828,2.0731057526818075,40,false
safety,A6c,4,id_reference,A6c_train_seed_4,50044,-102.81463790507,250,false,0.072988586026548313,2.2036452901755132,40,false
safety,A6c,4,id_reference,A6c_train_seed_4,50045,-246.15079877103454,250,false,0.22060854976586555,5.7351601175993965,40,false
safety,A6c,4,id_reference,A6c_train_seed_4,50046,-61.568607505317715,54,true,0.04259035834142761,5.0162860962912994,40,false
safety,A6c,4,id_reference,A6c_train_seed_4,50047,-102.99995924312489,250,false,0.2011410565485712,3.1413534276927315,40,false
safety,A6c,4,id_reference,A6c_train_seed_4,50048,-45.976331326120579,59,true,0.049645797219866221,5.1082201961614206,40,false
safety,A6c,4,id_reference,A6c_train_seed_4,50049,-95.153745815881351,70,true,0.02390739141351465,4.2932971858424107,40,false
safety,A6c,4,id_reference,A6c_train_seed_4,50050,-110.08749524680476,97,true,0.046999260868485021,5.7969715613015804,40,false
safety,A6c,4,id_reference,A6c_train_seed_4,50051,-138.55139894965777,250,false,0.075261130279912547,5.7823947002803271,40,false
safety,A6c,4,id_reference,A6c_train_seed_4,50052,-269.65049470733743,250,false,0.38714704769539732,6.223694133644881,40,false
safety,A6c,4,id_reference,A6c_train_seed_4,50053,-89.784003848197088,250,false,0.077308967141788143,2.8964078270918154,40,false
safety,A6c,4,id_reference,A6c_train_seed_4,50054,-101.28674208211685,93,true,0.047596676227449314,5.2175850205439858,40,false
safety,A6c,4,id_reference,A6c_train_seed_4,50055,-173.14353581918658,250,false,0.3351161497957984,2.3175212989379657,40,false
safety,A6c,4,id_reference,A6c_train_seed_4,50056,-48.804025704696969,250,false,0.11210888311102898,3.5744202457741303,22.410675048828125,false
safety,A6c,4,id_reference,A6c_train_seed_4,50057,-92.320146257411182,250,false,0.088624535128341078,3.3908989874137982,40,false
safety,A6c,4,id_reference,A6c_train_seed_4,50058,-92.797603414040282,89,true,0.049863827036527031,4.850763570188529,40,false
safety,A6c,4,id_reference,A6c_train_seed_4,50059,-94.321607097139392,250,false,0.11764559902185487,4.1688182138451815,40,false
safety,A6c,4,id_reference,A6c_train_seed_4,50060,-119.97002475595689,70,true,0.049785209419358989,5.4030596764789713,40,false
safety,A6c,4,id_reference,A6c_train_seed_4,50061,-78.938372381260862,250,false,0.1251041926806023,2.3916306414318509,37.801235198974609,false
safety,A6c,4,id_reference,A6c_train_seed_4,50062,-88.260167420076414,83,true,0.049475146033848137,6.6214751891525889,40,false
safety,A6c,4,id_reference,A6c_train_seed_4,50063,-76.749599719920354,250,false,0.11511440952362964,2.0666151373719228,33.180404663085938,false
safety,A6c,4,id_reference,A6c_train_seed_4,50064,-63.70731765898671,250,false,0.067725521629521307,4.1491594783565739,40,false
safety,A6c,4,id_reference,A6c_train_seed_4,50065,-63.966627736385611,250,false,0.091320379179046729,4.4131757327002159,40,false
safety,A6c,4,id_reference,A6c_train_seed_4,50066,-165.61434322797942,250,false,0.15239624217221734,3.3817499547255161,40,false
safety,A6c,4,id_reference,A6c_train_seed_4,50067,-65.715574773117055,250,false,0.072727277654309863,4.1090767395535783,38.282032012939453,false
safety,A6c,4,id_reference,A6c_train_seed_4,50068,-20.570852519453418,45,true,0.041805465836148907,4.4856873023998292,22.243928909301758,false
safety,A6c,4,id_reference,A6c_train_seed_4,50069,-87.826956222345501,250,false,0.053539056455930621,5.0489355299433036,40,false
safety,A6c,4,id_reference,A6c_train_seed_4,50070,-74.878186031502139,250,false,0.13395445353474641,3.1943338857797889,29.534347534179688,false
safety,A6c,4,id_reference,A6c_train_seed_4,50071,-22.539967619842201,36,true,0.042071642663464928,3.0644528484206561,40,false
safety,A6c,4,id_reference,A6c_train_seed_4,50072,-177.86815933064531,250,false,0.27660031270904994,5.7322517135987878,40,false
safety,A6c,4,id_reference,A6c_train_seed_4,50073,-159.64790876516128,250,false,0.14881764114296731,5.6439070684748271,40,false
safety,A6c,4,id_reference,A6c_train_seed_4,50074,-39.274989363553935,79,true,0.049094986911837793,3.700243420958885,30.92127799987793,false
safety,A6c,4,id_reference,A6c_train_seed_4,50075,-188.37227168476051,250,false,0.5067075543684213,4.8371317823962148,40,false
safety,A6c,4,id_reference,A6c_train_seed_4,50076,-377.81730741664745,250,false,0.82853686540251492,10.075384357684165,40,false
safety,A6c,4,id_reference,A6c_train_seed_4,50077,-102.85096680485982,250,false,0.2867871404838388,7.0799405478172694,40,false
safety,A6c,4,id_reference,A6c_train_seed_4,50078,-84.254367192741867,250,false,0.10789686992965855,2.8350621355945909,40,false
safety,A6c,4,id_reference,A6c_train_seed_4,50079,-234.24276569377088,250,false,0.089734929710548153,5.4836316469940156,40,false
safety,A6c,4,id_reference,A6c_train_seed_4,50080,-109.87533023281409,123,true,0.04877046615696097,6.9141356190885199,40,false
safety,A6c,4,id_reference,A6c_train_seed_4,50081,-74.84206167450553,250,false,0.099157068755170635,4.7573303087389087,40,false
safety,A6c,4,id_reference,A6c_train_seed_4,50082,-35.108747668345821,63,true,0.049921521993873973,6.3006837874725727,40,false
safety,A6c,4,id_reference,A6c_train_seed_4,50083,-112.21241610637898,250,false,0.07253815228791749,6.76998325819131,40,false
safety,A6c,4,id_reference,A6c_train_seed_4,50084,-27.569880390590079,39,true,0.0266123020813035,2.9116929297375997,40,false
safety,A6c,4,id_reference,A6c_train_seed_4,50085,-161.15210090690326,250,false,0.21058595425141816,5.4152457801810581,40,false
safety,A6c,4,id_reference,A6c_train_seed_4,50086,-71.833536150974638,66,true,0.049013846471500373,6.6679389510127329,40,false
safety,A6c,4,id_reference,A6c_train_seed_4,50087,-34.187689602492888,53,true,0.03811109905559884,2.9540392837364062,40,false
safety,A6c,4,id_reference,A6c_train_seed_4,50088,-178.12621033345991,250,false,0.18428455658779988,5.8767107368531732,40,false
safety,A6c,4,id_reference,A6c_train_seed_4,50089,-54.734695868376221,69,true,0.028157871008833067,5.7305834840218193,40,false
safety,A6c,4,id_reference,A6c_train_seed_4,50090,-158.88434056771064,250,false,0.29475013885338508,3.9328657697600353,40,false
safety,A6c,4,id_reference,A6c_train_seed_4,50091,-222.98748424723155,250,false,0.45220989167616626,5.7500216506548769,40,false
safety,A6c,4,id_reference,A6c_train_seed_4,50092,-169.30355746018481,250,false,0.41876375140361971,5.0530179512669164,40,false
safety,A6c,4,id_reference,A6c_train_seed_4,50093,-407.74550251046844,250,false,1.0406834153334636,9.4017818666515556,40,false
safety,A6c,4,id_reference,A6c_train_seed_4,50094,-67.574984836212224,250,false,0.109602259315256,3.2545861795613606,38.635826110839844,false
safety,A6c,4,id_reference,A6c_train_seed_4,50095,-40.471927472894428,53,true,0.045923400458250448,3.6708725076933919,40,false
safety,A6c,4,id_reference,A6c_train_seed_4,50096,-173.19246228435111,250,false,0.15598160025922156,3.4194772604411168,40,false
safety,A6c,4,id_reference,A6c_train_seed_4,50097,-213.67381437887451,250,false,0.51855913483704064,5.9413646439860113,40,false
safety,A6c,4,id_reference,A6c_train_seed_4,50098,-89.897383216809985,63,true,0.048018308061571334,5.7050618772705226,40,false
safety,A6c,4,id_reference,A6c_train_seed_4,50099,-216.655764294992,250,false,0.46119072168341774,4.6830976420025348,40,false
safety,A6c_gate_off_control,4,id_reference,A6c_gate_off_control_train_seed_4,50000,-77.698996352440972,250,false,0.14668313270208283,3.8357193270982104,36.197528839111328,false
safety,A6c_gate_off_control,4,id_reference,A6c_gate_off_control_train_seed_4,50001,-111.12171627304234,88,true,0.036183072920371089,5.0829241807042642,40,false
safety,A6c_gate_off_control,4,id_reference,A6c_gate_off_control_train_seed_4,50002,-47.290729483650331,65,true,0.026397394363427619,6.0679921774233705,40,false
safety,A6c_gate_off_control,4,id_reference,A6c_gate_off_control_train_seed_4,50003,-246.80651397235266,250,false,0.22411518107663994,4.3325930296020054,40,false
safety,A6c_gate_off_control,4,id_reference,A6c_gate_off_control_train_seed_4,50004,-81.028125814668499,87,true,0.013811732494644419,5.1678573825566261,40,false
safety,A6c_gate_off_control,4,id_reference,A6c_gate_off_control_train_seed_4,50005,-117.59739699860773,250,false,0.093226364983967414,6.3671167461152276,40,false
safety,A6c_gate_off_control,4,id_reference,A6c_gate_off_control_train_seed_4,50006,-46.340203637591962,72,true,0.048683736630810173,2.9209027794709246,40,false
safety,A6c_gate_off_control,4,id_reference,A6c_gate_off_control_train_seed_4,50007,-106.45198466560122,82,true,0.048770715561856637,4.1368269610661477,40,false
safety,A6c_gate_off_control,4,id_reference,A6c_gate_off_control_train_seed_4,50008,-96.97924790077235,93,true,0.014209140589066728,6.24132437545651,40,false
safety,A6c_gate_off_control,4,id_reference,A6c_gate_off_control_train_seed_4,50009,-116.3425391683398,95,true,0.047345799783014578,3.3826577996936757,40,false
safety,A6c_gate_off_control,4,id_reference,A6c_gate_off_control_train_seed_4,50010,-106.57262070272296,250,false,0.079124792431832583,3.7663800413346324,40,false
safety,A6c_gate_off_control,4,id_reference,A6c_gate_off_control_train_seed_4,50011,-15.907813980696002,39,true,0.049442267734560015,4.8646667718940932,40,false
safety,A6c_gate_off_control,4,id_reference,A6c_gate_off_control_train_seed_4,50012,-76.194534011165516,250,false,0.092247396806529644,3.6443067128107427,40,false
safety,A6c_gate_off_control,4,id_reference,A6c_gate_off_control_train_seed_4,50013,-199.97294334448915,250,false,0.070416473674491178,3.561411935699291,40,false
safety,A6c_gate_off_control,4,id_reference,A6c_gate_off_control_train_seed_4,50014,-189.61463418674137,250,false,0.33115872324131956,4.4474871612830613,40,false
safety,A6c_gate_off_control,4,id_reference,A6c_gate_off_control_train_seed_4,50015,-91.086097501226959,100,true,0.049889850957976344,3.4260343672269635,40,false
safety,A6c_gate_off_control,4,id_reference,A6c_gate_off_control_train_seed_4,50016,-115.68597559162868,114,true,0.049355494483604982,2.1227415215214487,40,false
safety,A6c_gate_off_control,4,id_reference,A6c_gate_off_control_train_seed_4,50017,-98.195674893318781,250,false,0.091979904962931416,5.0996472349301962,40,false
safety,A6c_gate_off_control,4,id_reference,A6c_gate_off_control_train_seed_4,50018,-153.63616945369017,49,false,1.9371607408168849,5.7396962817673645,40,false
safety,A6c_gate_off_control,4,id_reference,A6c_gate_off_control_train_seed_4,50019,-199.60995114635134,130,true,0.015150729704030514,3.4976834750851697,40,false
safety,A6c_gate_off_control,4,id_reference,A6c_gate_off_control_train_seed_4,50020,-90.396802945795272,250,false,0.12209554078655525,2.4229588898326027,40,false
safety,A6c_gate_off_control,4,id_reference,A6c_gate_off_control_train_seed_4,50021,-67.781035201262924,250,false,0.1167976937858296,2.6957474729478768,30.165971755981445,false
safety,A6c_gate_off_control,4,id_reference,A6c_gate_off_control_train_seed_4,50022,-85.600827754020699,83,true,0.036307505750878453,3.9141712757272011,40,false
safety,A6c_gate_off_control,4,id_reference,A6c_gate_off_control_train_seed_4,50023,-85.7807292066299,74,true,0.020309111790773406,6.0245136122853165,40,false
safety,A6c_gate_off_control,4,id_reference,A6c_gate_off_control_train_seed_4,50024,-65.720650128922045,250,false,0.18268241791897841,3.0994547865156448,29.028079986572266,false
safety,A6c_gate_off_control,4,id_reference,A6c_gate_off_control_train_seed_4,50025,-82.910711303736619,92,true,0.048320801124177699,5.5749669423589285,40,false
safety,A6c_gate_off_control,4,id_reference,A6c_gate_off_control_train_seed_4,50026,-249.2469795066053,250,false,0.6897463470235552,5.7645611132125625,40,false
safety,A6c_gate_off_control,4,id_reference,A6c_gate_off_control_train_seed_4,50027,-144.91387089819116,250,false,0.50624990970922212,6.3028343291207296,40,false
safety,A6c_gate_off_control,4,id_reference,A6c_gate_off_control_train_seed_4,50028,-71.152311846618943,77,true,0.046653854644557076,6.0355502685789784,40,false
safety,A6c_gate_off_control,4,id_reference,A6c_gate_off_control_train_seed_4,50029,-127.434060269561,85,true,0.034790458598980771,4.4725243316305425,40,false
safety,A6c_gate_off_control,4,id_reference,A6c_gate_off_control_train_seed_4,50030,-82.599837293198036,80,true,0.015827948494650263,4.98857726901488,40,false
safety,A6c_gate_off_control,4,id_reference,A6c_gate_off_control_train_seed_4,50031,-110.79521959571962,250,false,0.070312665397302118,6.2184974543570979,40,false
safety,A6c_gate_off_control,4,id_reference,A6c_gate_off_control_train_seed_4,50032,-69.249549400604167,71,true,0.033791767175747722,3.0505811983308568,40,false
safety,A6c_gate_off_control,4,id_reference,A6c_gate_off_control_train_seed_4,50033,-62.567921074364662,250,false,0.15003216835622588,3.7836508805358187,25.752010345458984,false
safety,A6c_gate_off_control,4,id_reference,A6c_gate_off_control_train_seed_4,50034,-42.123711572992761,59,true,0.035737626194730407,4.786139105685443,40,false
safety,A6c_gate_off_control,4,id_reference,A6c_gate_off_control_train_seed_4,50035,-61.455906895920663,105,true,0.049541780371977755,4.6963102406644399,40,false
safety,A6c_gate_off_control,4,id_reference,A6c_gate_off_control_train_seed_4,50036,-69.078612151945848,70,true,0.033447445329984081,2.6056682538641978,40,false
safety,A6c_gate_off_control,4,id_reference,A6c_gate_off_control_train_seed_4,50037,-65.276050597531949,59,true,0.019316342602470601,3.2874907161429872,40,false
safety,A6c_gate_off_control,4,id_reference,A6c_gate_off_control_train_seed_4,50038,-110.61360407982923,110,true,0.046723566285018225,5.8617889793996545,40,false
safety,A6c_gate_off_control,4,id_reference,A6c_gate_off_control_train_seed_4,50039,-55.65430426101652,67,true,0.041423353970908731,2.4669790408464753,39.867454528808594,false
safety,A6c_gate_off_control,4,id_reference,A6c_gate_off_control_train_seed_4,50040,-96.512230690099074,250,false,0.19373933490141501,5.1428357799360063,40,false
safety,A6c_gate_off_control,4,id_reference,A6c_gate_off_control_train_seed_4,50041,-51.233492659653564,50,true,0.04802454988947473,4.6629651564759733,40,false
safety,A6c_gate_off_control,4,id_reference,A6c_gate_off_control_train_seed_4,50042,-104.6980371644589,250,false,0.2944948419400929,4.8778338912459844,40,false
safety,A6c_gate_off_control,4,id_reference,A6c_gate_off_control_train_seed_4,50043,-62.181088582360665,250,false,0.10955297490468682,2.4723069387749845,40,false
safety,A6c_gate_off_control,4,id_reference,A6c_gate_off_control_train_seed_4,50044,-97.963860518856109,250,false,0.064028579180291603,2.3062350860638268,40,false
safety,A6c_gate_off_control,4,id_reference,A6c_gate_off_control_train_seed_4,50045,-226.46358949510133,250,false,0.059453230967473812,6.063250295307272,40,false
safety,A6c_gate_off_control,4,id_reference,A6c_gate_off_control_train_seed_4,50046,-63.418158421312256,59,true,0.040815048846086097,5.0162860962912994,40,false
safety,A6c_gate_off_control,4,id_reference,A6c_gate_off_control_train_seed_4,50047,-93.791679361375714,250,false,0.15987210370923671,3.9887936273351214,40,false
safety,A6c_gate_off_control,4,id_reference,A6c_gate_off_control_train_seed_4,50048,-81.845072732277515,250,false,0.11300428377658528,4.7405030465941511,40,false
safety,A6c_gate_off_control,4,id_reference,A6c_gate_off_control_train_seed_4,50049,-133.7844469294061,250,false,0.12096382208903429,4.6578454378187697,40,false
safety,A6c_gate_off_control,4,id_reference,A6c_gate_off_control_train_seed_4,50050,-135.78493256833721,250,false,0.063482025998934904,5.7661696830819507,40,false
safety,A6c_gate_off_control,4,id_reference,A6c_gate_off_control_train_seed_4,50051,-141.7604600358691,250,false,0.11373813613967383,5.8305442462073849,40,false
safety,A6c_gate_off_control,4,id_reference,A6c_gate_off_control_train_seed_4,50052,-272.52121025120977,250,false,0.39814468142338422,6.2090373945071091,40,false
safety,A6c_gate_off_control,4,id_reference,A6c_gate_off_control_train_seed_4,50053,-53.614785092176035,75,true,0.04980769514654728,2.8963537003973197,40,false
safety,A6c_gate_off_control,4,id_reference,A6c_gate_off_control_train_seed_4,50054,-102.17078752916368,97,true,0.04936492695852155,5.2335215633928582,40,false
safety,A6c_gate_off_control,4,id_reference,A6c_gate_off_control_train_seed_4,50055,-90.488579220922773,93,true,0.03945172334273922,2.3175212989379657,40,false
safety,A6c_gate_off_control,4,id_reference,A6c_gate_off_control_train_seed_4,50056,-57.045400696687253,250,false,0.14927309117325119,3.9856314038539171,22.873262405395508,false
safety,A6c_gate_off_control,4,id_reference,A6c_gate_off_control_train_seed_4,50057,-93.92648937237594,250,false,0.10076242845104812,3.3931949589564763,40,false
safety,A6c_gate_off_control,4,id_reference,A6c_gate_off_control_train_seed_4,50058,-122.55487970773787,250,false,0.1010044361946766,4.850763570188529,40,false
safety,A6c_gate_off_control,4,id_reference,A6c_gate_off_control_train_seed_4,50059,-56.788296385044276,82,true,0.046589031292736643,4.3422627896993005,40,false
safety,A6c_gate_off_control,4,id_reference,A6c_gate_off_control_train_seed_4,50060,-155.50733655272114,250,false,0.07690919550348882,5.6667320416963332,40,false
safety,A6c_gate_off_control,4,id_reference,A6c_gate_off_control_train_seed_4,50061,-77.183870587028395,250,false,0.13588391763396193,2.2800854830251418,38.063899993896484,false
safety,A6c_gate_off_control,4,id_reference,A6c_gate_off_control_train_seed_4,50062,-114.75559844899259,250,false,0.077705192868019482,6.4755554122298991,40,false
safety,A6c_gate_off_control,4,id_reference,A6c_gate_off_control_train_seed_4,50063,-72.513559819588409,250,false,0.13436653240646304,2.4390283967833515,33.430168151855469,false
safety,A6c_gate_off_control,4,id_reference,A6c_gate_off_control_train_seed_4,50064,-26.039003276025902,36,true,0.034202578234792981,4.1578716921816987,40,false
safety,A6c_gate_off_control,4,id_reference,A6c_gate_off_control_train_seed_4,50065,-65.37731598516217,250,false,0.097672739246014342,4.3092994584911199,40,false
safety,A6c_gate_off_control,4,id_reference,A6c_gate_off_control_train_seed_4,50066,-127.97869305347412,93,true,0.03981684519699006,3.558826114970675,40,false
safety,A6c_gate_off_control,4,id_reference,A6c_gate_off_control_train_seed_4,50067,-64.646445609967387,250,false,0.070659734949094694,4.0616988405458505,38.354129791259766,false
safety,A6c_gate_off_control,4,id_reference,A6c_gate_off_control_train_seed_4,50068,-51.539169022386019,250,false,0.083705205078316303,4.4335031650371537,22.804000854492188,false
safety,A6c_gate_off_control,4,id_reference,A6c_gate_off_control_train_seed_4,50069,-91.008870156787239,250,false,0.069133940136263547,5.0489355299433036,40,false
safety,A6c_gate_off_control,4,id_reference,A6c_gate_off_control_train_seed_4,50070,-67.877559981224508,250,false,0.12694044214089051,3.1181024523514864,29.383251190185547,false
safety,A6c_gate_off_control,4,id_reference,A6c_gate_off_control_train_seed_4,50071,-22.074505889909279,34,true,0.033483214262592452,3.3626878460905609,40,false
safety,A6c_gate_off_control,4,id_reference,A6c_gate_off_control_train_seed_4,50072,-180.57905197270475,250,false,0.28752323884061859,5.8208485793093034,40,false
safety,A6c_gate_off_control,4,id_reference,A6c_gate_off_control_train_seed_4,50073,-120.76806329702617,111,true,0.047146844556053301,5.6675056892569717,40,false
safety,A6c_gate_off_control,4,id_reference,A6c_gate_off_control_train_seed_4,50074,-70.31041579428323,250,false,0.092592429218910463,3.6129265992219017,30.67762565612793,false
safety,A6c_gate_off_control,4,id_reference,A6c_gate_off_control_train_seed_4,50075,-148.16587386840595,250,false,0.33326516023337643,4.7940632591305699,40,false
safety,A6c_gate_off_control,4,id_reference,A6c_gate_off_control_train_seed_4,50076,-376.9528006965935,250,false,0.83347849432438803,6.8697201113760098,40,false
safety,A6c_gate_off_control,4,id_reference,A6c_gate_off_control_train_seed_4,50077,-107.80910739631324,250,false,0.19517912693915232,7.1437700087327629,40,false
safety,A6c_gate_off_control,4,id_reference,A6c_gate_off_control_train_seed_4,50078,-43.047364305268545,83,true,0.049584674127196443,2.760522119685072,40,false
safety,A6c_gate_off_control,4,id_reference,A6c_gate_off_control_train_seed_4,50079,-204.9894203345593,134,true,0.049956214960104488,5.4982140647356843,40,false
safety,A6c_gate_off_control,4,id_reference,A6c_gate_off_control_train_seed_4,50080,-106.89727872842643,97,true,0.045950214555068106,6.8754392064190384,40,false
safety,A6c_gate_off_control,4,id_reference,A6c_gate_off_control_train_seed_4,50081,-80.898054106615064,250,false,0.12442463541818878,5.0301029420063461,40,false
safety,A6c_gate_off_control,4,id_reference,A6c_gate_off_control_train_seed_4,50082,-40.436034890064619,75,true,0.046733659921690845,5.9172857613537468,40,false
safety,A6c_gate_off_control,4,id_reference,A6c_gate_off_control_train_seed_4,50083,-113.76336717835255,250,false,0.077225746598804074,6.7751703307919184,40,false
safety,A6c_gate_off_control,4,id_reference,A6c_gate_off_control_train_seed_4,50084,-26.61629523579138,37,true,0.016726867724841572,3.2263545474137696,40,false
safety,A6c_gate_off_control,4,id_reference,A6c_gate_off_control_train_seed_4,50085,-163.62138586602762,250,false,0.22338935399748849,5.5190375855924181,40,false
safety,A6c_gate_off_control,4,id_reference,A6c_gate_off_control_train_seed_4,50086,-103.65547758251019,250,false,0.067625635477473869,6.6679389510127329,40,false
safety,A6c_gate_off_control,4,id_reference,A6c_gate_off_control_train_seed_4,50087,-34.506195506871933,54,true,0.049521499108950921,3.1365079514350329,40,false
safety,A6c_gate_off_control,4,id_reference,A6c_gate_off_control_train_seed_4,50088,-177.69572642866277,250,false,0.17231821703708602,5.9442295103119225,40,false
safety,A6c_gate_off_control,4,id_reference,A6c_gate_off_control_train_seed_4,50089,-80.023690795192138,250,false,0.079828530073297418,5.9438027959319522,39.585338592529297,false
safety,A6c_gate_off_control,4,id_reference,A6c_gate_off_control_train_seed_4,50090,-117.72987521381171,250,false,0.073506134591294708,3.9328657697600353,40,false
safety,A6c_gate_off_control,4,id_reference,A6c_gate_off_control_train_seed_4,50091,-226.29715953729709,250,false,0.46370222220161611,5.9113486183424051,40,false
safety,A6c_gate_off_control,4,id_reference,A6c_gate_off_control_train_seed_4,50092,-106.69418657386433,250,false,0.12640212959915639,5.3571666044863928,40,false
safety,A6c_gate_off_control,4,id_reference,A6c_gate_off_control_train_seed_4,50093,-406.23403597329951,250,false,1.0506426057844953,8.1399606947803047,40,false
safety,A6c_gate_off_control,4,id_reference,A6c_gate_off_control_train_seed_4,50094,-71.101126188863901,250,false,0.12715068716771516,3.3136515022260857,39.757392883300781,false
safety,A6c_gate_off_control,4,id_reference,A6c_gate_off_control_train_seed_4,50095,-41.102157206354207,51,true,0.043066231783086155,3.6600538564089296,40,false
safety,A6c_gate_off_control,4,id_reference,A6c_gate_off_control_train_seed_4,50096,-131.99906771737389,93,true,0.048426862688392233,3.4194772604411168,40,false
safety,A6c_gate_off_control,4,id_reference,A6c_gate_off_control_train_seed_4,50097,-212.06435048499233,250,false,0.51252946796452203,6.1040319779090702,38.823066711425781,false
safety,A6c_gate_off_control,4,id_reference,A6c_gate_off_control_train_seed_4,50098,-124.20890953411079,250,false,0.090288514968843991,5.8633982077984212,40,false
safety,A6c_gate_off_control,4,id_reference,A6c_gate_off_control_train_seed_4,50099,-219.63999298535464,250,false,0.48131286180497612,4.6517745567286273,40,false
safety,A4c,4,ood_compound,A4c_train_seed_4,50000,-347.3060152104743,250,false,1.1574992690030033,5.2163163107606039,40,false
safety,A4c,4,ood_compound,A4c_train_seed_4,50001,-217.60833537023098,250,false,0.24721239054948169,13.033633473685748,40,false
safety,A4c,4,ood_compound,A4c_train_seed_4,50002,-266.34432091819127,250,false,0.74748312829021313,7.7401632278989503,40,false
safety,A4c,4,ood_compound,A4c_train_seed_4,50003,-538.13483450488638,250,false,1.8650759173752072,19.196307678896094,40,false
safety,A4c,4,ood_compound,A4c_train_seed_4,50004,-341.92351403086798,250,false,1.1513786212644854,5.9608242181806768,40,false
safety,A4c,4,ood_compound,A4c_train_seed_4,50005,-233.91705162454471,250,false,0.39766728064703938,10.38993067349268,40,false
safety,A4c,4,ood_compound,A4c_train_seed_4,50006,-197.41353541431124,250,false,0.45616155870913216,6.6658147487209272,40,false
safety,A4c,4,ood_compound,A4c_train_seed_4,50007,-353.86730612601258,250,false,0.93550663405363654,8.8087095445581767,40,false
safety,A4c,4,ood_compound,A4c_train_seed_4,50008,-312.92128646134216,250,false,0.72246932389005347,15.14337302507052,40,false
safety,A4c,4,ood_compound,A4c_train_seed_4,50009,-168.84648502719705,250,false,0.39487921965356371,8.2486160154357666,40,false
safety,A4c,4,ood_compound,A4c_train_seed_4,50010,-227.13770150077687,250,false,0.64444387310647688,8.4992737602835202,40,false
safety,A4c,4,ood_compound,A4c_train_seed_4,50011,-261.85342789983719,250,false,0.72658818650188683,7.5245703678114984,40,false
safety,A4c,4,ood_compound,A4c_train_seed_4,50012,-99.095126913817523,111,true,0.025196267519764757,9.3007611696397614,40,false
safety,A4c,4,ood_compound,A4c_train_seed_4,50013,-360.21879240367235,250,false,1.0817484490303158,7.8256837045568606,40,false
safety,A4c,4,ood_compound,A4c_train_seed_4,50014,-322.7254290819775,250,false,0.71347057152119076,14.334156893458079,40,false
safety,A4c,4,ood_compound,A4c_train_seed_4,50015,-323.2559678768061,250,false,0.96316076738397738,9.5266052251668469,40,false
safety,A4c,4,ood_compound,A4c_train_seed_4,50016,-289.71177628743084,250,false,0.93579976126608821,8.7580497688613406,40,false
safety,A4c,4,ood_compound,A4c_train_seed_4,50017,-326.27561577803414,250,false,0.71520191531961064,16.799074894921503,40,false
safety,A4c,4,ood_compound,A4c_train_seed_4,50018,-192.87433169608786,250,false,0.13066595123486238,7.6314056886379964,40,false
safety,A4c,4,ood_compound,A4c_train_seed_4,50019,-274.85642775179872,250,false,0.56053261858405556,10.226569501668619,40,false
safety,A4c,4,ood_compound,A4c_train_seed_4,50020,-380.82189330074567,250,false,0.86318647010277483,7.8615750771864086,40,false
safety,A4c,4,ood_compound,A4c_train_seed_4,50021,-382.18115799232618,250,false,1.1855055120170024,7.414818927222826,40,false
safety,A4c,4,ood_compound,A4c_train_seed_4,50022,-302.39020577578822,250,false,0.77335778424697788,8.9629447075611637,40,false
safety,A4c,4,ood_compound,A4c_train_seed_4,50023,-185.80554330194272,250,false,0.17384926971483683,12.404257348870866,40,false
safety,A4c,4,ood_compound,A4c_train_seed_4,50024,-298.21624756929822,250,false,0.80413964949050065,5.5399507729347048,40,false
safety,A4c,4,ood_compound,A4c_train_seed_4,50025,-226.39538640163769,250,false,0.34237441428120219,18.335563452954894,40,false
safety,A4c,4,ood_compound,A4c_train_seed_4,50026,-392.15145112652499,250,false,1.4268460230033495,6.0684693076807479,40,false
safety,A4c,4,ood_compound,A4c_train_seed_4,50027,-226.9671514247797,250,false,0.48542760627950921,7.9861859182003796,40,false
safety,A4c,4,ood_compound,A4c_train_seed_4,50028,-323.30750890320326,250,false,0.77756150469357166,13.065463794274155,40,false
safety,A4c,4,ood_compound,A4c_train_seed_4,50029,-266.90235759383017,250,false,0.36517471737087215,11.143260485053029,40,false
safety,A4c,4,ood_compound,A4c_train_seed_4,50030,-124.11192864575955,91,true,0.03552352813922758,8.9532035848588531,40,false
safety,A4c,4,ood_compound,A4c_train_seed_4,50031,-176.58711007548345,250,false,0.13369223677152015,13.809620173844083,40,false
safety,A4c,4,ood_compound,A4c_train_seed_4,50032,-276.68510381548612,250,false,0.78882653689985904,8.8764326535898377,40,false
safety,A4c,4,ood_compound,A4c_train_seed_4,50033,-356.27124269260889,250,false,0.78525462503506871,5.5248379610131595,40,false
safety,A4c,4,ood_compound,A4c_train_seed_4,50034,-312.69758261466944,250,false,0.9330505107011009,6.0132795671288175,40,false
safety,A4c,4,ood_compound,A4c_train_seed_4,50035,-355.98070573684231,250,false,1.0384484099211941,5.2671088460186386,40,false
safety,A4c,4,ood_compound,A4c_train_seed_4,50036,-397.91890005442087,250,false,1.3118192367429509,4.2214453844335091,40,false
safety,A4c,4,ood_compound,A4c_train_seed_4,50037,-317.17271547811293,250,false,1.0452235493818209,8.8004566859813345,40,false
safety,A4c,4,ood_compound,A4c_train_seed_4,50038,-252.08882138943295,250,false,0.4165281158552846,17.193405477161406,40,false
safety,A4c,4,ood_compound,A4c_train_seed_4,50039,-243.3810943350467,250,false,0.66033083530758119,2.6476841166421661,40,false
safety,A4c,4,ood_compound,A4c_train_seed_4,50040,-225.47427235944278,250,false,0.55070214687560004,6.9869734827417869,40,false
safety,A4c,4,ood_compound,A4c_train_seed_4,50041,-253.79658858046758,250,false,0.68008787400847714,8.990084303464144,40,false
safety,A4c,4,ood_compound,A4c_train_seed_4,50042,-263.65543445241997,250,false,0.73122209373805369,6.0854616865234172,40,false
safety,A4c,4,ood_compound,A4c_train_seed_4,50043,-164.83459364926171,250,false,0.40666607726949427,2.3327889762398351,40,false
safety,A4c,4,ood_compound,A4c_train_seed_4,50044,-338.32236041101459,250,false,1.112076034248964,9.8769285719748474,40,false
safety,A4c,4,ood_compound,A4c_train_seed_4,50045,-285.80336731394436,250,false,0.59603743592312897,8.0622101948514846,40,false
safety,A4c,4,ood_compound,A4c_train_seed_4,50046,-238.19570292337087,250,false,0.59783112527926796,9.2224177570141777,40,false
safety,A4c,4,ood_compound,A4c_train_seed_4,50047,-479.44980490698151,250,false,1.6402398231990605,5.8858815394097883,40,false
safety,A4c,4,ood_compound,A4c_train_seed_4,50048,-190.87067117332293,250,false,0.34878191477196924,14.613771933886833,40,false
safety,A4c,4,ood_compound,A4c_train_seed_4,50049,-325.91044967223735,250,false,0.67742361161222175,10.376979626627994,40,false
safety,A4c,4,ood_compound,A4c_train_seed_4,50050,-278.69894441846071,250,false,0.41083096988148293,22.331280867572765,40,false
safety,A4c,4,ood_compound,A4c_train_seed_4,50051,-174.51756592512268,250,false,0.13832943608932111,12.98876380820507,40,false
safety,A4c,4,ood_compound,A4c_train_seed_4,50052,-421.32629398494129,250,false,0.90771770755440673,18.077147994654464,40,false
safety,A4c,4,ood_compound,A4c_train_seed_4,50053,-288.28444586980356,250,false,0.95042948049221665,7.8115142796820969,40,false
safety,A4c,4,ood_compound,A4c_train_seed_4,50054,-234.4461525826097,250,false,0.32159609151201807,17.465206627576645,40,false
safety,A4c,4,ood_compound,A4c_train_seed_4,50055,-294.54388275001486,250,false,0.81502880292491864,8.9142634971778243,40,false
safety,A4c,4,ood_compound,A4c_train_seed_4,50056,-125.89300345020304,250,false,0.32637376974457244,3.4232141761405779,36.233932495117188,false
safety,A4c,4,ood_compound,A4c_train_seed_4,50057,-440.03651939822339,250,false,1.2479902343673472,7.789235919983776,40,false
safety,A4c,4,ood_compound,A4c_train_seed_4,50058,-256.59198876053551,250,false,0.32707117740702968,11.813815502406873,40,false
safety,A4c,4,ood_compound,A4c_train_seed_4,50059,-287.74810540726031,250,false,0.777351946735237,4.669124578566521,40,false
safety,A4c,4,ood_compound,A4c_train_seed_4,50060,-340.00770899465601,250,false,0.65035169328203701,9.5376420441732446,40,false
safety,A4c,4,ood_compound,A4c_train_seed_4,50061,-314.37796968810522,250,false,0.71718573260174034,4.1556394871599123,40,false
safety,A4c,4,ood_compound,A4c_train_seed_4,50062,-228.31698179636541,250,false,0.30130582824589003,18.653941634056352,40,false
safety,A4c,4,ood_compound,A4c_train_seed_4,50063,-449.12943473215711,250,false,1.0088644436826106,9.2763484335284705,40,false
safety,A4c,4,ood_compound,A4c_train_seed_4,50064,-295.8922904869371,250,false,1.1456961517993214,6.0327342041959442,40,false
safety,A4c,4,ood_compound,A4c_train_seed_4,50065,-180.83477476425,250,false,0.4951536775640068,5.8414275653076162,40,false
safety,A4c,4,ood_compound,A4c_train_seed_4,50066,-269.75167415474419,250,false,0.49308527148585635,6.7427537087381895,40,false
safety,A4c,4,ood_compound,A4c_train_seed_4,50067,-307.83336004386064,250,false,0.8427084563051882,5.6069006410459776,40,false
safety,A4c,4,ood_compound,A4c_train_seed_4,50068,-159.0760432534596,250,false,0.45645900578371318,4.6169554576168492,35.170654296875,false
safety,A4c,4,ood_compound,A4c_train_seed_4,50069,-235.68037069442016,250,false,0.4177614350889885,12.314595599288479,40,false
safety,A4c,4,ood_compound,A4c_train_seed_4,50070,-320.38650822953332,250,false,1.0151093336099153,6.0527469028323049,40,false
safety,A4c,4,ood_compound,A4c_train_seed_4,50071,-263.94571702877346,250,false,1.2321213563312328,5.5145735659906592,40,false
safety,A4c,4,ood_compound,A4c_train_seed_4,50072,-178.76338555021673,250,false,0.1746032333815038,13.687070841324015,40,false
safety,A4c,4,ood_compound,A4c_train_seed_4,50073,-261.92433280214277,250,false,0.38358448673177181,15.969919584142191,40,false
safety,A4c,4,ood_compound,A4c_train_seed_4,50074,-306.97138446259771,250,false,0.95565145545230945,4.6242555081043593,37.436653137207031,false
safety,A4c,4,ood_compound,A4c_train_seed_4,50075,-375.30617063434664,250,false,1.16711465814917,5.4097668486577204,40,false
safety,A4c,4,ood_compound,A4c_train_seed_4,50076,-330.32953729158066,250,false,0.87748699562572408,10.280637403595557,40,false
safety,A4c,4,ood_compound,A4c_train_seed_4,50077,-195.0317618495643,250,false,0.48486325547039261,6.8441352880385553,40,false
safety,A4c,4,ood_compound,A4c_train_seed_4,50078,-464.37762838125184,250,false,1.1207988009183982,3.5600598719911236,40,false
safety,A4c,4,ood_compound,A4c_train_seed_4,50079,-352.09212453080727,250,false,0.46690579375154789,13.805724269444726,40,false
safety,A4c,4,ood_compound,A4c_train_seed_4,50080,-207.26015444469121,250,false,0.1959378872923444,19.39600237132705,40,false
safety,A4c,4,ood_compound,A4c_train_seed_4,50081,-185.79305573245185,250,false,0.40330612367721835,8.392287351232758,40,false
safety,A4c,4,ood_compound,A4c_train_seed_4,50082,-172.41491618251086,250,false,0.45276151969303746,8.3474701269143843,40,false
safety,A4c,4,ood_compound,A4c_train_seed_4,50083,-162.45639067327735,250,false,0.075429604833424826,15.286389317268878,40,false
safety,A4c,4,ood_compound,A4c_train_seed_4,50084,-126.47321427002299,250,false,0.19412876169002907,5.0757552333408578,40,false
safety,A4c,4,ood_compound,A4c_train_seed_4,50085,-222.39234444259611,250,false,0.217529519349691,20.461555154713349,40,false
safety,A4c,4,ood_compound,A4c_train_seed_4,50086,-125.96668958503166,250,false,0.13909340262542397,10.828232797069717,40,false
safety,A4c,4,ood_compound,A4c_train_seed_4,50087,-172.28938411988295,250,false,0.42961691646405614,4.9069140794199191,40,false
safety,A4c,4,ood_compound,A4c_train_seed_4,50088,-277.91511341443407,250,false,0.41870128942002821,11.555744978232468,40,false
safety,A4c,4,ood_compound,A4c_train_seed_4,50089,-184.8010730206471,250,false,0.43486805640077858,8.5386646771972394,40,false
safety,A4c,4,ood_compound,A4c_train_seed_4,50090,-276.67683702592433,250,false,0.51588255458041243,9.6190208103238497,40,false
safety,A4c,4,ood_compound,A4c_train_seed_4,50091,-223.003592593484,250,false,0.17487390101282577,13.742804699014449,40,false
safety,A4c,4,ood_compound,A4c_train_seed_4,50092,-320.04212208349901,250,false,0.96416335811201859,5.3613701605259374,40,false
safety,A4c,4,ood_compound,A4c_train_seed_4,50093,-378.07057394748182,250,false,0.34691744344848952,9.0272819685570838,40,false
safety,A4c,4,ood_compound,A4c_train_seed_4,50094,-226.7706335453976,250,false,0.5649179987916465,4.7363799700227167,40,false
safety,A4c,4,ood_compound,A4c_train_seed_4,50095,-212.23981597675123,250,false,0.89563715707985569,5.5837171951437314,40,false
safety,A4c,4,ood_compound,A4c_train_seed_4,50096,-335.45572319037558,250,false,1.0370631491646403,9.7990836844052875,40,false
safety,A4c,4,ood_compound,A4c_train_seed_4,50097,-302.20287266885606,250,false,0.97917620962216945,7.5104354953643844,40,false
safety,A4c,4,ood_compound,A4c_train_seed_4,50098,-162.48221053273141,250,false,0.12846440091485375,8.6705695034199035,40,false
safety,A4c,4,ood_compound,A4c_train_seed_4,50099,-339.4026858431755,250,false,1.1148851990510507,7.8151402075411687,40,false
safety,A3,4,ood_compound,A3_train_seed_4,50000,-234.90911374966416,250,false,0.61956336670574785,4.0028615371374574,40,false
safety,A3,4,ood_compound,A3_train_seed_4,50001,-195.96969034028223,250,false,0.18441917124504523,8.5812226463791195,40,false
safety,A3,4,ood_compound,A3_train_seed_4,50002,-86.992408319147728,127,true,0.017984152851494326,8.7090055567241258,40,false
safety,A3,4,ood_compound,A3_train_seed_4,50003,-521.40537289777581,250,false,3.4306589432360446,22.880093554438602,40,false
safety,A3,4,ood_compound,A3_train_seed_4,50004,-264.73231623936476,250,false,0.91884910454053104,4.1695753906396957,40,false
safety,A3,4,ood_compound,A3_train_seed_4,50005,-143.30493659355372,92,true,0.025183962544412981,10.514699254473024,40,false
safety,A3,4,ood_compound,A3_train_seed_4,50006,-131.90215775283028,250,false,0.16656030270720762,5.5987502277283765,40,false
safety,A3,4,ood_compound,A3_train_seed_4,50007,-429.25464388658099,250,false,0.73742191564792303,17.376104613155075,40,false
safety,A3,4,ood_compound,A3_train_seed_4,50008,-235.97966708448186,250,false,0.54282948057656077,9.0150161246599367,40,false
safety,A3,4,ood_compound,A3_train_seed_4,50009,-117.74582861826623,250,false,0.17236557983252926,8.0071318957735187,40,false
safety,A3,4,ood_compound,A3_train_seed_4,50010,-150.98689481281576,250,false,0.2515714402748323,7.4093590929407327,40,false
safety,A3,4,ood_compound,A3_train_seed_4,50011,-236.98170201649717,250,false,0.68300530056813757,6.2020881332680062,40,false
safety,A3,4,ood_compound,A3_train_seed_4,50012,-65.865453245234647,78,true,0.048782616779200205,6.8608667772457652,40,false
safety,A3,4,ood_compound,A3_train_seed_4,50013,-327.30068615302486,250,false,0.82097669655431715,6.3324955322556429,40,false
safety,A3,4,ood_compound,A3_train_seed_4,50014,-251.82251516271589,250,false,0.5463635862802908,11.731725892950742,40,false
safety,A3,4,ood_compound,A3_train_seed_4,50015,-175.09005447184757,250,false,0.20337555520830081,8.2973049744883323,40,false
safety,A3,4,ood_compound,A3_train_seed_4,50016,-180.78004110129578,250,false,0.35707220781671434,7.6841483170523599,40,false
safety,A3,4,ood_compound,A3_train_seed_4,50017,-230.60166003717507,250,false,0.53147872662608808,6.0558870271987164,40,false
safety,A3,4,ood_compound,A3_train_seed_4,50018,-148.82206504854713,144,true,0.02313760066626562,7.8666594451529779,40,false
safety,A3,4,ood_compound,A3_train_seed_4,50019,-234.97739045816181,250,false,0.41198058564725176,8.4875817544846033,40,false
safety,A3,4,ood_compound,A3_train_seed_4,50020,-142.34919261666846,250,false,0.17237238324085347,3.5034240958051823,40,false
safety,A3,4,ood_compound,A3_train_seed_4,50021,-296.07475135853076,250,false,0.78491746294913933,4.581699570211395,40,false
safety,A3,4,ood_compound,A3_train_seed_4,50022,-187.50140224078075,250,false,0.34936775403395176,8.0830574829655308,40,false
safety,A3,4,ood_compound,A3_train_seed_4,50023,-171.35547323530773,250,false,0.096553636536099718,9.4008340334148563,40,false
safety,A3,4,ood_compound,A3_train_seed_4,50024,-269.82258702878249,250,false,0.68117222536405742,4.2147577002898062,40,false
safety,A3,4,ood_compound,A3_train_seed_4,50025,-180.11680556194025,250,false,0.21337328687088455,10.147984849165958,40,false
safety,A3,4,ood_compound,A3_train_seed_4,50026,-309.49245995343313,250,false,0.94825705249726966,6.2797292462669621,40,false
safety,A3,4,ood_compound,A3_train_seed_4,50027,-119.06297519504258,114,true,0.048722906200139103,7.0224745026556539,40,false
safety,A3,4,ood_compound,A3_train_seed_4,50028,-172.69584362993407,250,false,0.15676675955674621,11.673522074862449,40,false
safety,A3,4,ood_compound,A3_train_seed_4,50029,-246.26499310863997,250,false,0.20614154235769233,9.6101571010630273,40,false
safety,A3,4,ood_compound,A3_train_seed_4,50030,-128.37493803076808,94,true,0.049397446826116069,8.0674304112766642,40,false
safety,A3,4,ood_compound,A3_train_seed_4,50031,-176.84513019392767,250,false,0.13511294993169154,11.452557552341027,40,false
safety,A3,4,ood_compound,A3_train_seed_4,50032,-177.9674107818403,250,false,0.39384073190827196,7.7904301155524598,40,false
safety,A3,4,ood_compound,A3_train_seed_4,50033,-279.53834036017616,250,false,0.7101796293026803,2.4348397106429678,40,false
safety,A3,4,ood_compound,A3_train_seed_4,50034,-137.0221961975966,250,false,0.10296059538223461,6.6493849105051632,40,false
safety,A3,4,ood_compound,A3_train_seed_4,50035,-283.44074170755067,250,false,0.77906781619038479,5.5077264616447605,40,false
safety,A3,4,ood_compound,A3_train_seed_4,50036,-284.72969278185855,250,false,0.19952842924002595,4.1857548435818224,40,false
safety,A3,4,ood_compound,A3_train_seed_4,50037,-128.52708735310568,250,false,0.16207104392461627,7.504193772585416,40,false
safety,A3,4,ood_compound,A3_train_seed_4,50038,-224.10213456500742,250,false,0.26295917749684794,14.649071149294162,40,false
safety,A3,4,ood_compound,A3_train_seed_4,50039,-62.876759893984222,114,true,0.048035934642394182,3.274469733746225,40,false
safety,A3,4,ood_compound,A3_train_seed_4,50040,-197.0035119079086,250,false,0.42100486339990933,7.4432416575893647,40,false
safety,A3,4,ood_compound,A3_train_seed_4,50041,-153.46573545401341,250,false,0.11017951180381978,8.0119395196281005,40,false
safety,A3,4,ood_compound,A3_train_seed_4,50042,-196.33525193343019,250,false,0.50859951008616811,5.7146100610281954,40,false
safety,A3,4,ood_compound,A3_train_seed_4,50043,-102.8804335665321,250,false,0.14016219080192982,2.7918798404510681,40,false
safety,A3,4,ood_compound,A3_train_seed_4,50044,-137.66421070403217,250,false,0.13636689834339799,8.1018944067192997,40,false
safety,A3,4,ood_compound,A3_train_seed_4,50045,-257.20658312035113,250,false,0.46237856292535118,7.8716918923601433,40,false
safety,A3,4,ood_compound,A3_train_seed_4,50046,-158.68037175319722,250,false,0.25504129975209294,8.2445860192038811,40,false
safety,A3,4,ood_compound,A3_train_seed_4,50047,-398.45603889664744,250,false,1.4304070611122439,5.5610819274645218,40,false
safety,A3,4,ood_compound,A3_train_seed_4,50048,-109.27310775452155,99,true,0.025531121778043907,8.7087827824909017,40,false
safety,A3,4,ood_compound,A3_train_seed_4,50049,-133.32838119808412,80,true,0.02306257434353419,9.9584273632009808,40,false
safety,A3,4,ood_compound,A3_train_seed_4,50050,-230.14340482889466,250,false,0.22631612958438763,16.182224135876272,40,false
safety,A3,4,ood_compound,A3_train_seed_4,50051,-133.18115898940997,126,true,0.046915795584074715,17.692668206638491,40,false
safety,A3,4,ood_compound,A3_train_seed_4,50052,-363.8714660429419,250,false,0.4864916794443665,18.136121666129377,40,false
safety,A3,4,ood_compound,A3_train_seed_4,50053,-135.21515993312624,250,false,0.14508928788385322,6.3332386854843143,40,false
safety,A3,4,ood_compound,A3_train_seed_4,50054,-176.61106888421122,250,false,0.16518453663493057,13.340337953295958,40,false
safety,A3,4,ood_compound,A3_train_seed_4,50055,-159.9310626037703,250,false,0.18998578581172285,7.4058175673024147,40,false
safety,A3,4,ood_compound,A3_train_seed_4,50056,-90.674020430262175,250,false,0.17952321342236477,2.9986641475062696,37.887931823730469,false
safety,A3,4,ood_compound,A3_train_seed_4,50057,-395.69068529826183,250,false,1.5761981890409726,5.5017196100577808,40,false
safety,A3,4,ood_compound,A3_train_seed_4,50058,-239.1464756974371,250,false,0.13568379468642383,10.066876956700749,40,false
safety,A3,4,ood_compound,A3_train_seed_4,50059,-197.95478778002598,250,false,0.45740357728835557,5.1750302821473442,40,false
safety,A3,4,ood_compound,A3_train_seed_4,50060,-280.11507383877819,250,false,0.55279306989426324,8.3267908324126676,40,false
safety,A3,4,ood_compound,A3_train_seed_4,50061,-290.48765068431857,250,false,0.62875092436930669,3.6305622078017321,40,false
safety,A3,4,ood_compound,A3_train_seed_4,50062,-189.0147208905623,250,false,0.1214626185568613,19.512904156658156,40,false
safety,A3,4,ood_compound,A3_train_seed_4,50063,-366.27135928583141,250,false,1.0176198322909,3.6265451638539008,40,false
safety,A3,4,ood_compound,A3_train_seed_4,50064,-226.20802202209563,250,false,0.19627622515838042,5.3290870731535449,40,false
safety,A3,4,ood_compound,A3_train_seed_4,50065,-112.78514456774516,250,false,0.18219903265263823,7.0250958617012342,40,false
safety,A3,4,ood_compound,A3_train_seed_4,50066,-248.39211120464549,250,false,0.38504593140142251,6.1939560970087868,40,false
safety,A3,4,ood_compound,A3_train_seed_4,50067,-159.29037923197293,250,false,0.12758425799761286,5.9205986447580878,40,false
safety,A3,4,ood_compound,A3_train_seed_4,50068,-37.769248488516027,83,true,0.04990957262191624,3.9453738700585679,36.078868865966797,false
safety,A3,4,ood_compound,A3_train_seed_4,50069,-158.74061393202186,250,false,0.10828907747243634,10.993888692689133,40,false
safety,A3,4,ood_compound,A3_train_seed_4,50070,-278.94344068004114,250,false,0.83691749169153917,4.9475808903392551,40,false
safety,A3,4,ood_compound,A3_train_seed_4,50071,-149.16379710815858,250,false,0.20089456946218445,4.6030287034741777,40,false
safety,A3,4,ood_compound,A3_train_seed_4,50072,-176.56927917970773,250,false,0.12440792868523023,15.580000603175552,40,false
safety,A3,4,ood_compound,A3_train_seed_4,50073,-200.86077897977083,250,false,0.22445379071480789,15.477563692131996,40,false
safety,A3,4,ood_compound,A3_train_seed_4,50074,-204.5391402763826,250,false,0.55258901270180893,4.2841394340151782,40,false
safety,A3,4,ood_compound,A3_train_seed_4,50075,-324.06275947829465,250,false,0.8734921757667794,6.0592449902645438,40,false
safety,A3,4,ood_compound,A3_train_seed_4,50076,-215.81928307981585,250,false,0.2697076563707636,9.4714987604441596,40,false
safety,A3,4,ood_compound,A3_train_seed_4,50077,-154.3135671976321,250,false,0.32768751802703211,7.7948307638132999,40,false
safety,A3,4,ood_compound,A3_train_seed_4,50078,-298.843338598625,250,false,0.34496065425489414,3.8591428895184041,40,false
safety,A3,4,ood_compound,A3_train_seed_4,50079,-248.04825387410509,250,false,0.23737567777013568,9.849840234127619,40,false
safety,A3,4,ood_compound,A3_train_seed_4,50080,-193.31391373087069,250,false,0.077872347251336238,18.657052047094894,40,false
safety,A3,4,ood_compound,A3_train_seed_4,50081,-156.76820081066515,250,false,0.26679527278208892,7.2767349507478407,40,false
safety,A3,4,ood_compound,A3_train_seed_4,50082,-89.506883274781615,250,false,0.11111543809430696,6.8791484399310745,40,false
safety,A3,4,ood_compound,A3_train_seed_4,50083,-124.4519738423849,102,true,0.049429248788284148,16.217517295639361,40,false
safety,A3,4,ood_compound,A3_train_seed_4,50084,-115.81148107841426,250,false,0.092266368062343465,3.6009930047617873,40,false
safety,A3,4,ood_compound,A3_train_seed_4,50085,-197.74743816203042,250,false,0.16306884858201093,18.400626633126773,40,false
safety,A3,4,ood_compound,A3_train_seed_4,50086,-118.50805615106944,250,false,0.097609302927236671,10.807124496444589,40,false
safety,A3,4,ood_compound,A3_train_seed_4,50087,-110.50725979336828,250,false,0.18485619188559577,4.1107378620570501,40,false
safety,A3,4,ood_compound,A3_train_seed_4,50088,-217.53527231202241,250,false,0.20993063887095859,11.02808141480326,40,false
safety,A3,4,ood_compound,A3_train_seed_4,50089,-89.010019564635371,86,true,0.047839387031759141,8.5685247707432524,40,false
safety,A3,4,ood_compound,A3_train_seed_4,50090,-259.6486188593118,250,false,0.30984272883650998,8.7377677320657554,40,false
safety,A3,4,ood_compound,A3_train_seed_4,50091,-222.51287972424765,250,false,0.11515541450901627,11.528439796356663,40,false
safety,A3,4,ood_compound,A3_train_seed_4,50092,-271.27427420876194,250,false,0.76296277106456445,5.6022630428800397,40,false
safety,A3,4,ood_compound,A3_train_seed_4,50093,-259.84005762642613,250,false,0.28453287482989842,8.4148314063499683,40,false
safety,A3,4,ood_compound,A3_train_seed_4,50094,-130.37063692512277,250,false,0.264351852165292,5.0089769875754513,40,false
safety,A3,4,ood_compound,A3_train_seed_4,50095,-98.194299411320046,250,false,0.16072844628366087,5.3829814188063523,40,false
safety,A3,4,ood_compound,A3_train_seed_4,50096,-283.86432464054099,250,false,0.43928178745368834,8.7032606004373552,40,false
safety,A3,4,ood_compound,A3_train_seed_4,50097,-266.58081331899211,250,false,0.80122753822221371,7.1283796365848247,40,false
safety,A3,4,ood_compound,A3_train_seed_4,50098,-141.95989392538254,250,false,0.065231293112412492,9.1274085582975477,40,false
safety,A3,4,ood_compound,A3_train_seed_4,50099,-287.43390341965949,250,false,0.82641819282008078,6.5724154826007437,40,false
safety,A6c,4,ood_compound,A6c_train_seed_4,50000,-369.41195077823437,250,false,1.1878430372277038,4.8455434571133367,40,false
safety,A6c,4,ood_compound,A6c_train_seed_4,50001,-227.67347902798079,250,false,0.29046560893825674,4.9286432929668571,40,false
safety,A6c,4,ood_compound,A6c_train_seed_4,50002,-455.27610380547719,250,false,1.5651028024582589,6.5212242333643964,40,false
safety,A6c,4,ood_compound,A6c_train_seed_4,50003,-209.04757753013769,60,false,3.1275368967337069,10.693073052099146,40,false
safety,A6c,4,ood_compound,A6c_train_seed_4,50004,-516.94431634444607,250,false,1.0228341365160563,5.0458472252064244,40,false
safety,A6c,4,ood_compound,A6c_train_seed_4,50005,-240.59523379501655,250,false,0.46887675067679935,4.5508258310807772,40,false
safety,A6c,4,ood_compound,A6c_train_seed_4,50006,-255.99893574137062,250,false,0.27062768824270828,2.6800716540553591,40,false
safety,A6c,4,ood_compound,A6c_train_seed_4,50007,-181.92243799016913,62,false,2.943914190889485,10.66811328630043,40,false
safety,A6c,4,ood_compound,A6c_train_seed_4,50008,-315.16185282458343,250,false,0.95655721194970456,7.5332384669045291,40,false
safety,A6c,4,ood_compound,A6c_train_seed_4,50009,-426.98397848608562,250,false,0.32837852686438329,2.9971108050288802,40,false
safety,A6c,4,ood_compound,A6c_train_seed_4,50010,-312.69869950460696,250,false,0.57353360696340983,3.3866286150974534,40,false
safety,A6c,4,ood_compound,A6c_train_seed_4,50011,-268.97619886849714,250,false,0.81087193533794144,5.8327348078627752,40,false
safety,A6c,4,ood_compound,A6c_train_seed_4,50012,-207.97904350168076,204,true,0.048907191752613807,2.4862808033561734,40,false
safety,A6c,4,ood_compound,A6c_train_seed_4,50013,-962.17344823869314,250,false,3.3846326051794886,2.337328496348984,40,false
safety,A6c,4,ood_compound,A6c_train_seed_4,50014,-317.67603729463451,250,false,0.98861870637872917,5.360128992444448,40,false
safety,A6c,4,ood_compound,A6c_train_seed_4,50015,-428.19727696813061,250,false,1.0707248196924017,3.553394937403537,40,false
safety,A6c,4,ood_compound,A6c_train_seed_4,50016,-518.56549005389854,250,false,1.0500536788122388,1.6204769945840689,40,false
safety,A6c,4,ood_compound,A6c_train_seed_4,50017,-312.36927699113295,250,false,1.0146558414355333,7.113481065129343,40,false
safety,A6c,4,ood_compound,A6c_train_seed_4,50018,-533.77099322167385,250,false,0.8842222493790165,5.8913279806357206,40,false
safety,A6c,4,ood_compound,A6c_train_seed_4,50019,-798.00283160893844,250,false,2.8003289035994881,0.97388799335648724,40,false
safety,A6c,4,ood_compound,A6c_train_seed_4,50020,-435.13367548699625,250,false,1.3663975132876141,1.9562574535632864,40,false
safety,A6c,4,ood_compound,A6c_train_seed_4,50021,-426.20558427166969,250,false,1.3411077534475364,1.3927135346910589,40,false
safety,A6c,4,ood_compound,A6c_train_seed_4,50022,-380.92958381125771,250,false,0.82640694147177607,3.3077073736121174,40,false
safety,A6c,4,ood_compound,A6c_train_seed_4,50023,-196.76227845700021,250,false,0.1686698436238068,6.2728833798644095,40,false
safety,A6c,4,ood_compound,A6c_train_seed_4,50024,-316.69661726689316,250,false,0.83292532174619971,3.0969045930521033,40,false
safety,A6c,4,ood_compound,A6c_train_seed_4,50025,-201.17358110997964,250,false,0.32963742958194298,6.727981277113753,40,false
safety,A6c,4,ood_compound,A6c_train_seed_4,50026,-401.3737127414272,250,false,1.4824649225410422,7.2508996401342367,40,false
safety,A6c,4,ood_compound,A6c_train_seed_4,50027,-226.2135978062845,250,false,0.48158792462258143,5.4136415050439304,40,false
safety,A6c,4,ood_compound,A6c_train_seed_4,50028,-407.33616699773341,250,false,0.92588096351726656,5.8110367938522858,40,false
safety,A6c,4,ood_compound,A6c_train_seed_4,50029,-718.6022893694502,250,false,1.8160805243809739,2.6713072500415236,40,false
safety,A6c,4,ood_compound,A6c_train_seed_4,50030,-186.93298644305477,250,false,0.29612402310754332,7.8184439047398033,40,false
safety,A6c,4,ood_compound,A6c_train_seed_4,50031,-217.98998207854112,250,false,0.14175814799288858,5.689208749014246,40,false
safety,A6c,4,ood_compound,A6c_train_seed_4,50032,-360.66825341566761,250,false,0.82898700181969698,2.570046635228834,40,false
safety,A6c,4,ood_compound,A6c_train_seed_4,50033,-410.81197274099327,250,false,1.4386297064738043,2.265911014237072,40,false
safety,A6c,4,ood_compound,A6c_train_seed_4,50034,-485.69638461923796,250,false,1.6419804494935697,4.3755585653562949,40,false
safety,A6c,4,ood_compound,A6c_train_seed_4,50035,-425.07247507170649,250,false,1.4251006870746992,5.3990738588715494,40,false
safety,A6c,4,ood_compound,A6c_train_seed_4,50036,-586.46890402461236,250,false,2.3031468488209965,1.4412776820984514,40,false
safety,A6c,4,ood_compound,A6c_train_seed_4,50037,-609.49991703972432,250,false,2.2683327048743487,0.99632922436223315,40,false
safety,A6c,4,ood_compound,A6c_train_seed_4,50038,-281.04046448787255,250,false,0.56967279476106425,6.9282904154879317,40,false
safety,A6c,4,ood_compound,A6c_train_seed_4,50039,-503.29959411563277,250,false,1.8594043605061179,1.9413594896571762,40,false
safety,A6c,4,ood_compound,A6c_train_seed_4,50040,-236.93634958623207,250,false,0.69910844626278346,6.1970227097162462,40,false
safety,A6c,4,ood_compound,A6c_train_seed_4,50041,-377.76905401087402,250,false,0.91708310020933437,2.9860210610134024,40,false
safety,A6c,4,ood_compound,A6c_train_seed_4,50042,-328.4813432795188,250,false,1.0445578486366534,4.2750650551577953,40,false
safety,A6c,4,ood_compound,A6c_train_seed_4,50043,-324.41831754028232,250,false,0.95042791417203565,0.69699556676623142,40,false
safety,A6c,4,ood_compound,A6c_train_seed_4,50044,-678.12345027710739,250,false,2.3422383102063788,0.82823470822848944,40,false
safety,A6c,4,ood_compound,A6c_train_seed_4,50045,-314.7339819843711,250,false,0.66726511260077859,3.1466545594713851,40,false
safety,A6c,4,ood_compound,A6c_train_seed_4,50046,-288.50438233895864,250,false,0.51672168774696314,3.2847296241513959,40,false
safety,A6c,4,ood_compound,A6c_train_seed_4,50047,-473.994641037576,250,false,1.723577048938302,4.2061962100272829,40,false
safety,A6c,4,ood_compound,A6c_train_seed_4,50048,-176.55260513398514,250,false,0.34422692093606155,6.9115482170040483,40,false
safety,A6c,4,ood_compound,A6c_train_seed_4,50049,-653.27619590522545,250,false,0.83322253282803038,7.4901001935396669,40,false
safety,A6c,4,ood_compound,A6c_train_seed_4,50050,-274.19288481377691,250,false,0.483979426717834,5.4017576533528358,40,false
safety,A6c,4,ood_compound,A6c_train_seed_4,50051,-272.94208716520785,250,false,0.66739905248768994,5.1262508680313568,40,false
safety,A6c,4,ood_compound,A6c_train_seed_4,50052,-383.02425556133647,250,false,0.80964104910475165,6.0555785949509682,40,false
safety,A6c,4,ood_compound,A6c_train_seed_4,50053,-352.45484580004694,250,false,1.0007870372775769,2.0002946860816833,40,false
safety,A6c,4,ood_compound,A6c_train_seed_4,50054,-211.96042659914352,250,false,0.32816272279061987,4.1902839429688958,40,false
safety,A6c,4,ood_compound,A6c_train_seed_4,50055,-355.05288595409257,250,false,0.82894438861346653,2.2525432875415388,40,false
safety,A6c,4,ood_compound,A6c_train_seed_4,50056,-123.33345139883154,250,false,0.26443979787070848,2.4882521604035195,38.464141845703125,false
safety,A6c,4,ood_compound,A6c_train_seed_4,50057,-571.56155971961221,250,false,1.2514384034572481,2.3249040941513854,40,false
safety,A6c,4,ood_compound,A6c_train_seed_4,50058,-338.83656277214828,250,false,0.33728155368625434,4.0416687958618027,40,false
safety,A6c,4,ood_compound,A6c_train_seed_4,50059,-366.79593993106698,250,false,1.1051068922742247,3.7951208680540387,40,false
safety,A6c,4,ood_compound,A6c_train_seed_4,50060,-904.56021016399291,250,false,3.2082105451270189,0.75642190435658163,40,false
safety,A6c,4,ood_compound,A6c_train_seed_4,50061,-347.05918741364076,250,false,0.83759557068758228,2.4165089055817348,40,false
safety,A6c,4,ood_compound,A6c_train_seed_4,50062,-203.97032189221838,250,false,0.30671169089513739,8.6564737378952028,40,false
safety,A6c,4,ood_compound,A6c_train_seed_4,50063,-499.67769120168134,250,false,2.2514080008488135,1.6497776680802407,40,false
safety,A6c,4,ood_compound,A6c_train_seed_4,50064,-593.95438749590028,250,false,2.0124941418212461,2.8665177399743578,40,false
safety,A6c,4,ood_compound,A6c_train_seed_4,50065,-199.35735701206139,250,false,0.48103253125144263,4.4019064630639644,40,false
safety,A6c,4,ood_compound,A6c_train_seed_4,50066,-752.00628385015295,250,false,2.6081656210564201,1.3439471624635615,40,false
safety,A6c,4,ood_compound,A6c_train_seed_4,50067,-393.03360305842591,250,false,0.89136414811630449,3.9857737675003504,40,false
safety,A6c,4,ood_compound,A6c_train_seed_4,50068,-195.87484404692663,250,false,0.42154013336939733,2.93071766689651,38.961231231689453,false
safety,A6c,4,ood_compound,A6c_train_seed_4,50069,-367.49035397076835,250,false,0.41951647882673915,3.8379561454906597,40,false
safety,A6c,4,ood_compound,A6c_train_seed_4,50070,-328.71855792764819,250,false,1.06110785626035,4.2766915286201392,40,false
safety,A6c,4,ood_compound,A6c_train_seed_4,50071,-642.95198657842775,250,false,2.2459802455716682,1.367385085558088,40,false
safety,A6c,4,ood_compound,A6c_train_seed_4,50072,-239.47950803519089,250,false,0.37860842082691165,4.7465729263334673,40,false
safety,A6c,4,ood_compound,A6c_train_seed_4,50073,-291.38305713130268,250,false,0.58787976400629904,4.9351084060264103,40,false
safety,A6c,4,ood_compound,A6c_train_seed_4,50074,-406.69531499543024,250,false,1.3760288565746226,3.3001392008738604,40,false
safety,A6c,4,ood_compound,A6c_train_seed_4,50075,-417.09535196750272,250,false,1.2029156594144494,4.4428763778016611,40,false
safety,A6c,4,ood_compound,A6c_train_seed_4,50076,-112.85746073603249,34,false,2.3253533336166843,11.224320441019033,40,false
safety,A6c,4,ood_compound,A6c_train_seed_4,50077,-206.75592578775638,250,false,0.48824487992565097,6.5475449746673169,40,false
safety,A6c,4,ood_compound,A6c_train_seed_4,50078,-573.17585885758081,250,false,2.4109254442891639,5.0205486172341951,40,false
safety,A6c,4,ood_compound,A6c_train_seed_4,50079,-436.130152171117,250,false,0.8157978677041513,5.655671512963413,40,false
safety,A6c,4,ood_compound,A6c_train_seed_4,50080,-224.26086958396317,250,false,0.31535914067398857,7.7415941330649325,40,false
safety,A6c,4,ood_compound,A6c_train_seed_4,50081,-190.76102630289361,250,false,0.40597863236574511,4.5833742009077483,40,false
safety,A6c,4,ood_compound,A6c_train_seed_4,50082,-161.49760893497282,250,false,0.34518165946879986,2.8766704360342259,40,false
safety,A6c,4,ood_compound,A6c_train_seed_4,50083,-189.52642835279136,250,false,0.14748936248172392,6.4768370099861006,40,false
safety,A6c,4,ood_compound,A6c_train_seed_4,50084,-601.25924781848278,250,false,1.7981299801974744,2.4924278681718968,40,false
safety,A6c,4,ood_compound,A6c_train_seed_4,50085,-282.80050638717927,250,false,0.51395522496081636,5.2674313450887986,40,false
safety,A6c,4,ood_compound,A6c_train_seed_4,50086,-366.59784611553943,250,false,0.51842889874493658,9.9012624669066707,40,false
safety,A6c,4,ood_compound,A6c_train_seed_4,50087,-339.36843204887947,250,false,0.24822756171871183,1.7233148681512971,40,false
safety,A6c,4,ood_compound,A6c_train_seed_4,50088,-389.79769983382397,250,false,1.2178247913186948,4.3339188006133345,40,false
safety,A6c,4,ood_compound,A6c_train_seed_4,50089,-189.3193547983085,250,false,0.44981623754673161,5.1901018569329,40,false
safety,A6c,4,ood_compound,A6c_train_seed_4,50090,-425.58655742236385,250,false,0.46572294240912554,4.0852411741324159,40,false
safety,A6c,4,ood_compound,A6c_train_seed_4,50091,-304.7125619324529,250,false,0.49727233997689768,6.8305312409619017,40,false
safety,A6c,4,ood_compound,A6c_train_seed_4,50092,-341.01614570293253,250,false,1.0947894338083914,6.5946584705342648,40,false
safety,A6c,4,ood_compound,A6c_train_seed_4,50093,-461.7712788804381,250,false,1.2541601930466941,10.022948657832782,40,false
safety,A6c,4,ood_compound,A6c_train_seed_4,50094,-243.98853631944345,250,false,0.55956603287536544,1.6493107477293472,40,false
safety,A6c,4,ood_compound,A6c_train_seed_4,50095,-229.45681143542853,250,false,0.91952632291873415,2.1412810823976387,40,false
safety,A6c,4,ood_compound,A6c_train_seed_4,50096,-519.62386487175888,250,false,0.88802565226610475,3.0833096428440339,40,false
safety,A6c,4,ood_compound,A6c_train_seed_4,50097,-326.99582013121272,250,false,1.1599398774920251,7.6511829786579026,40,false
safety,A6c,4,ood_compound,A6c_train_seed_4,50098,-436.18590387423325,250,false,0.74197571639471571,10.368388586149047,40,false
safety,A6c,4,ood_compound,A6c_train_seed_4,50099,-362.87482489548057,250,false,1.3696490257673692,9.179677663008297,40,false
safety,A6c_gate_off_control,4,ood_compound,A6c_gate_off_control_train_seed_4,50000,-376.04901618263534,250,false,1.2068980689145272,4.6054932123066035,40,false
safety,A6c_gate_off_control,4,ood_compound,A6c_gate_off_control_train_seed_4,50001,-225.64299125836251,250,false,0.29410014585392674,4.9228245146359866,40,false
safety,A6c_gate_off_control,4,ood_compound,A6c_gate_off_control_train_seed_4,50002,-455.63011636673895,250,false,1.5660494584175644,6.433347545060367,40,false
safety,A6c_gate_off_control,4,ood_compound,A6c_gate_off_control_train_seed_4,50003,-209.90047962610907,61,false,3.0644432131945316,10.320290120619479,40,false
safety,A6c_gate_off_control,4,ood_compound,A6c_gate_off_control_train_seed_4,50004,-510.50345492432479,250,false,1.0867789279203675,5.6982145396243613,40,false
safety,A6c_gate_off_control,4,ood_compound,A6c_gate_off_control_train_seed_4,50005,-239.52826303863614,250,false,0.4612161551321548,4.6089884553200928,40,false
safety,A6c_gate_off_control,4,ood_compound,A6c_gate_off_control_train_seed_4,50006,-241.42519529537583,250,false,0.18318315232552959,2.6799586757167404,40,false
safety,A6c_gate_off_control,4,ood_compound,A6c_gate_off_control_train_seed_4,50007,-187.44071336550118,64,false,2.9365988538496488,11.37073016677933,40,false
safety,A6c_gate_off_control,4,ood_compound,A6c_gate_off_control_train_seed_4,50008,-308.54075700618085,250,false,0.94871621866394262,7.1279922927034267,40,false
safety,A6c_gate_off_control,4,ood_compound,A6c_gate_off_control_train_seed_4,50009,-415.13475294599294,250,false,0.14448249564522017,3.1771711467528561,40,false
safety,A6c_gate_off_control,4,ood_compound,A6c_gate_off_control_train_seed_4,50010,-267.82046440213981,250,false,0.2570627132787186,3.5558856572336817,40,false
safety,A6c_gate_off_control,4,ood_compound,A6c_gate_off_control_train_seed_4,50011,-271.90059060728316,250,false,0.84946696434901181,5.756591966272361,40,false
safety,A6c_gate_off_control,4,ood_compound,A6c_gate_off_control_train_seed_4,50012,-217.93959034730958,250,false,0.065300179702201949,2.8650462968902093,40,false
safety,A6c_gate_off_control,4,ood_compound,A6c_gate_off_control_train_seed_4,50013,-962.17344823869314,250,false,3.3846326051794886,2.337328496348984,40,false
safety,A6c_gate_off_control,4,ood_compound,A6c_gate_off_control_train_seed_4,50014,-315.4349341381627,250,false,0.98176781543653679,5.3601943156262655,40,false
safety,A6c_gate_off_control,4,ood_compound,A6c_gate_off_control_train_seed_4,50015,-382.63217781430967,250,false,0.2054461001033393,3.553394937403537,40,false
safety,A6c_gate_off_control,4,ood_compound,A6c_gate_off_control_train_seed_4,50016,-504.21656352090866,250,false,0.51178089651169933,1.6741021855844518,40,false
safety,A6c_gate_off_control,4,ood_compound,A6c_gate_off_control_train_seed_4,50017,-308.4851509985175,250,false,0.99803393888919745,6.8836159824019871,40,false
safety,A6c_gate_off_control,4,ood_compound,A6c_gate_off_control_train_seed_4,50018,-470.63887629626487,250,false,0.71484756435415386,6.0214971680175866,40,false
safety,A6c_gate_off_control,4,ood_compound,A6c_gate_off_control_train_seed_4,50019,-798.00283160893844,250,false,2.8003289035994881,0.97388799335648724,40,false
safety,A6c_gate_off_control,4,ood_compound,A6c_gate_off_control_train_seed_4,50020,-479.68167327981206,250,false,1.7615064580270676,1.9566083152277178,40,false
safety,A6c_gate_off_control,4,ood_compound,A6c_gate_off_control_train_seed_4,50021,-436.82635832475194,250,false,1.5336171234250089,1.2991172190202855,40,false
safety,A6c_gate_off_control,4,ood_compound,A6c_gate_off_control_train_seed_4,50022,-342.08734677375185,250,false,0.32328876455581163,3.3077073736121174,40,false
safety,A6c_gate_off_control,4,ood_compound,A6c_gate_off_control_train_seed_4,50023,-190.20000837286398,250,false,0.10739610833998141,6.2058268149525393,40,false
safety,A6c_gate_off_control,4,ood_compound,A6c_gate_off_control_train_seed_4,50024,-321.32041508133267,250,false,0.83049053437838927,3.1755083689658319,40,false
safety,A6c_gate_off_control,4,ood_compound,A6c_gate_off_control_train_seed_4,50025,-182.70710418318365,250,false,0.20829323352815107,6.0018094707878014,40,false
safety,A6c_gate_off_control,4,ood_compound,A6c_gate_off_control_train_seed_4,50026,-399.84161681912809,250,false,1.490304666569287,7.1152081357645933,40,false
safety,A6c_gate_off_control,4,ood_compound,A6c_gate_off_control_train_seed_4,50027,-195.5873305547394,250,false,0.34996001989801662,4.6471385425978617,40,false
safety,A6c_gate_off_control,4,ood_compound,A6c_gate_off_control_train_seed_4,50028,-348.35866483935604,250,false,0.15795168637858786,5.8110367938522858,40,false
safety,A6c_gate_off_control,4,ood_compound,A6c_gate_off_control_train_seed_4,50029,-718.6022893694502,250,false,1.8160805243809739,2.6713072500415236,40,false
safety,A6c_gate_off_control,4,ood_compound,A6c_gate_off_control_train_seed_4,50030,-180.30242901346045,250,false,0.2823079472173165,7.5478824918597267,40,false
safety,A6c_gate_off_control,4,ood_compound,A6c_gate_off_control_train_seed_4,50031,-214.64458261913762,250,false,0.1315230358946935,5.681143119135629,40,false
safety,A6c_gate_off_control,4,ood_compound,A6c_gate_off_control_train_seed_4,50032,-316.57429706394646,250,false,0.36435731130165322,2.5001659852687124,40,false
safety,A6c_gate_off_control,4,ood_compound,A6c_gate_off_control_train_seed_4,50033,-412.84718465680726,250,false,1.4585352528641393,2.2393238293850324,40,false
safety,A6c_gate_off_control,4,ood_compound,A6c_gate_off_control_train_seed_4,50034,-487.12781266483472,250,false,1.6778696764790284,4.3047225496859722,40,false
safety,A6c_gate_off_control,4,ood_compound,A6c_gate_off_control_train_seed_4,50035,-423.35702387523236,250,false,1.42830073864964,5.1423593235251532,40,false
safety,A6c_gate_off_control,4,ood_compound,A6c_gate_off_control_train_seed_4,50036,-587.21920542673001,250,false,2.2843767748115451,1.4346929003581819,40,false
safety,A6c_gate_off_control,4,ood_compound,A6c_gate_off_control_train_seed_4,50037,-609.49991703972432,250,false,2.2683327048743487,0.99632922436223315,40,false
safety,A6c_gate_off_control,4,ood_compound,A6c_gate_off_control_train_seed_4,50038,-273.31999694340112,250,false,0.56408865603509162,6.8495653587101364,40,false
safety,A6c_gate_off_control,4,ood_compound,A6c_gate_off_control_train_seed_4,50039,-508.87590751288286,250,false,1.920883731419134,1.8609963771617271,40,false
safety,A6c_gate_off_control,4,ood_compound,A6c_gate_off_control_train_seed_4,50040,-229.65552270112718,250,false,0.69284948833179072,5.8526411663403151,40,false
safety,A6c_gate_off_control,4,ood_compound,A6c_gate_off_control_train_seed_4,50041,-324.55748150610873,250,false,0.11586358590726828,2.9860210610134024,40,false
safety,A6c_gate_off_control,4,ood_compound,A6c_gate_off_control_train_seed_4,50042,-327.02754946197228,250,false,1.0438172078837007,4.4547066835901674,40,false
safety,A6c_gate_off_control,4,ood_compound,A6c_gate_off_control_train_seed_4,50043,-311.41577635761985,250,false,0.88332549295139329,0.78649168361618482,40,false
safety,A6c_gate_off_control,4,ood_compound,A6c_gate_off_control_train_seed_4,50044,-679.77668647688972,250,false,2.3763468428790224,0.83125788863070416,40,false
safety,A6c_gate_off_control,4,ood_compound,A6c_gate_off_control_train_seed_4,50045,-310.85296328527835,250,false,0.5583464026746805,3.0652364716641252,40,false
safety,A6c_gate_off_control,4,ood_compound,A6c_gate_off_control_train_seed_4,50046,-252.9585615311384,250,false,0.25411150468394972,3.4293436231961447,40,false
safety,A6c_gate_off_control,4,ood_compound,A6c_gate_off_control_train_seed_4,50047,-424.25302436432293,250,false,1.3719136286440132,4.2311213629875528,40,false
safety,A6c_gate_off_control,4,ood_compound,A6c_gate_off_control_train_seed_4,50048,-152.35862147200069,250,false,0.1909689304090855,6.5000357548046734,40,false
safety,A6c_gate_off_control,4,ood_compound,A6c_gate_off_control_train_seed_4,50049,-650.15490562746004,250,false,0.64491860972554915,6.959219944435115,40,false
safety,A6c_gate_off_control,4,ood_compound,A6c_gate_off_control_train_seed_4,50050,-270.01420295831963,250,false,0.48182053252391743,5.2744621952680779,40,false
safety,A6c_gate_off_control,4,ood_compound,A6c_gate_off_control_train_seed_4,50051,-274.92222719093166,250,false,0.6793688324118623,5.2304286070149519,40,false
safety,A6c_gate_off_control,4,ood_compound,A6c_gate_off_control_train_seed_4,50052,-389.34156104939433,250,false,0.96183833413126041,6.0227440740249429,40,false
safety,A6c_gate_off_control,4,ood_compound,A6c_gate_off_control_train_seed_4,50053,-295.21787918974104,250,false,0.14617489076178977,2.000317259130842,40,false
safety,A6c_gate_off_control,4,ood_compound,A6c_gate_off_control_train_seed_4,50054,-202.74666111283545,250,false,0.26559471168313192,4.1951488926108889,40,false
safety,A6c_gate_off_control,4,ood_compound,A6c_gate_off_control_train_seed_4,50055,-300.36636213014594,250,false,0.24685707845082069,2.0843381361889706,40,false
safety,A6c_gate_off_control,4,ood_compound,A6c_gate_off_control_train_seed_4,50056,-93.255125914698567,250,false,0.18893105032983101,2.5643619003073308,39.692081451416016,false
safety,A6c_gate_off_control,4,ood_compound,A6c_gate_off_control_train_seed_4,50057,-565.08266247421227,250,false,0.9233254709055333,2.3396508502522773,40,false
safety,A6c_gate_off_control,4,ood_compound,A6c_gate_off_control_train_seed_4,50058,-321.13599018637319,250,false,0.13400370229138936,4.0416687958618027,40,false
safety,A6c_gate_off_control,4,ood_compound,A6c_gate_off_control_train_seed_4,50059,-363.19450750710143,250,false,1.0938702511120315,3.9834573580796873,40,false
safety,A6c_gate_off_control,4,ood_compound,A6c_gate_off_control_train_seed_4,50060,-904.56021016399291,250,false,3.2082105451270189,0.75642190435658163,40,false
safety,A6c_gate_off_control,4,ood_compound,A6c_gate_off_control_train_seed_4,50061,-336.47777996419222,250,false,1.1344797914920275,2.2630105150046473,40,false
safety,A6c_gate_off_control,4,ood_compound,A6c_gate_off_control_train_seed_4,50062,-187.97555961380971,250,false,0.19406287484617776,8.351572675761874,40,false
safety,A6c_gate_off_control,4,ood_compound,A6c_gate_off_control_train_seed_4,50063,-500.37428232418074,250,false,2.2639377874401707,1.6357332315811564,40,false
safety,A6c_gate_off_control,4,ood_compound,A6c_gate_off_control_train_seed_4,50064,-593.44103902837867,250,false,2.0026985742228245,2.8699175792523626,40,false
safety,A6c_gate_off_control,4,ood_compound,A6c_gate_off_control_train_seed_4,50065,-150.01463216167829,250,false,0.18170126752591956,4.3080217499821227,40,false
safety,A6c_gate_off_control,4,ood_compound,A6c_gate_off_control_train_seed_4,50066,-752.00628385015295,250,false,2.6081656210564201,1.3439471624635615,40,false
safety,A6c_gate_off_control,4,ood_compound,A6c_gate_off_control_train_seed_4,50067,-382.14707877661249,250,false,0.65544079364449559,3.938502722761847,40,false
safety,A6c_gate_off_control,4,ood_compound,A6c_gate_off_control_train_seed_4,50068,-148.17739572858295,250,false,0.080511762012978674,2.8297835993908396,39.239295959472656,false
safety,A6c_gate_off_control,4,ood_compound,A6c_gate_off_control_train_seed_4,50069,-352.21642485827095,250,false,0.110414006692884,3.8379561454906597,40,false
safety,A6c_gate_off_control,4,ood_compound,A6c_gate_off_control_train_seed_4,50070,-336.23892406804038,250,false,1.0984490665283497,4.0037197301137386,38.597690582275391,false
safety,A6c_gate_off_control,4,ood_compound,A6c_gate_off_control_train_seed_4,50071,-650.65500501960639,250,false,2.4057211248238706,1.3690964879752239,40,false
safety,A6c_gate_off_control,4,ood_compound,A6c_gate_off_control_train_seed_4,50072,-242.09210232078829,250,false,0.38008675890544541,4.9050141703693306,40,false
safety,A6c_gate_off_control,4,ood_compound,A6c_gate_off_control_train_seed_4,50073,-280.70840566420929,250,false,0.60467030100591557,4.917017357647592,40,false
safety,A6c_gate_off_control,4,ood_compound,A6c_gate_off_control_train_seed_4,50074,-408.00440713102205,250,false,1.3869305792312638,3.1994915663196126,40,false
safety,A6c_gate_off_control,4,ood_compound,A6c_gate_off_control_train_seed_4,50075,-417.96938967250446,250,false,1.2553303185371616,4.4070120475183092,40,false
safety,A6c_gate_off_control,4,ood_compound,A6c_gate_off_control_train_seed_4,50076,-117.21896958265415,36,false,2.1878372037158127,10.869519668817524,40,false
safety,A6c_gate_off_control,4,ood_compound,A6c_gate_off_control_train_seed_4,50077,-178.06273800727053,250,false,0.32317097416585633,6.3952143418941025,40,false
safety,A6c_gate_off_control,4,ood_compound,A6c_gate_off_control_train_seed_4,50078,-574.74188881302155,250,false,2.4247619943534779,4.9562989261008168,40,false
safety,A6c_gate_off_control,4,ood_compound,A6c_gate_off_control_train_seed_4,50079,-435.09821545327389,250,false,0.84931771104067366,6.0770497934623497,40,false
safety,A6c_gate_off_control,4,ood_compound,A6c_gate_off_control_train_seed_4,50080,-223.54227851930744,250,false,0.34294234052008921,7.8722511409907066,40,false
safety,A6c_gate_off_control,4,ood_compound,A6c_gate_off_control_train_seed_4,50081,-180.47047379045387,250,false,0.35139857253618639,4.6247741780495755,40,false
safety,A6c_gate_off_control,4,ood_compound,A6c_gate_off_control_train_seed_4,50082,-113.61628762890457,250,false,0.11111542464555201,2.8835373549348025,40,false
safety,A6c_gate_off_control,4,ood_compound,A6c_gate_off_control_train_seed_4,50083,-189.95299132875581,250,false,0.14639789745112591,6.846191767360061,40,false
safety,A6c_gate_off_control,4,ood_compound,A6c_gate_off_control_train_seed_4,50084,-626.22717840796599,250,false,2.0465703111544857,2.4912975261296824,40,false
safety,A6c_gate_off_control,4,ood_compound,A6c_gate_off_control_train_seed_4,50085,-283.17677728852073,250,false,0.51965158225867658,4.4555394390468797,40,false
safety,A6c_gate_off_control,4,ood_compound,A6c_gate_off_control_train_seed_4,50086,-372.24895509737178,250,false,0.50193331602037916,9.7384726164062929,40,false
safety,A6c_gate_off_control,4,ood_compound,A6c_gate_off_control_train_seed_4,50087,-338.89335194879885,250,false,0.26500374929935699,1.6457784423935111,40,false
safety,A6c_gate_off_control,4,ood_compound,A6c_gate_off_control_train_seed_4,50088,-391.42867538141428,250,false,1.2278177928229075,4.4859451926053984,40,false
safety,A6c_gate_off_control,4,ood_compound,A6c_gate_off_control_train_seed_4,50089,-181.44060387601684,250,false,0.40885588334607537,5.2861908596872329,39.604938507080078,false
safety,A6c_gate_off_control,4,ood_compound,A6c_gate_off_control_train_seed_4,50090,-413.61857573596683,250,false,0.26713552242727645,4.0852411741324159,40,false
safety,A6c_gate_off_control,4,ood_compound,A6c_gate_off_control_train_seed_4,50091,-302.02307561231356,250,false,0.50148324856109971,7.4923181516205597,40,false
safety,A6c_gate_off_control,4,ood_compound,A6c_gate_off_control_train_seed_4,50092,-341.18614182559048,250,false,1.1122454127908703,6.4448962195685473,40,false
safety,A6c_gate_off_control,4,ood_compound,A6c_gate_off_control_train_seed_4,50093,-461.15124301937379,250,false,1.279836275020114,9.1612267253082962,40,false
safety,A6c_gate_off_control,4,ood_compound,A6c_gate_off_control_train_seed_4,50094,-171.36163027474686,250,false,0.2759792743998874,1.6685495304317326,40,false
safety,A6c_gate_off_control,4,ood_compound,A6c_gate_off_control_train_seed_4,50095,-181.25196390675362,250,false,0.16076326455298234,2.1403262182867411,40,false
safety,A6c_gate_off_control,4,ood_compound,A6c_gate_off_control_train_seed_4,50096,-498.29048589877851,250,false,0.45313066961700582,3.0833096428440339,40,false
safety,A6c_gate_off_control,4,ood_compound,A6c_gate_off_control_train_seed_4,50097,-326.94601221038698,250,false,1.1763651408564126,7.451383812037899,40,false
safety,A6c_gate_off_control,4,ood_compound,A6c_gate_off_control_train_seed_4,50098,-443.22416485832821,250,false,1.2289214235849428,10.278842981392872,40,false
safety,A6c_gate_off_control,4,ood_compound,A6c_gate_off_control_train_seed_4,50099,-361.09336177430754,250,false,1.3756423687682209,9.0149716015614807,40,false
safety,A4c,4,motor_fault,A4c_train_seed_4,50000,-301.43352548851988,250,false,1.0871351608000606,6.9287350910766428,35.355243682861328,true
safety,A4c,4,motor_fault,A4c_train_seed_4,50001,-109.75120729912372,87,true,0.049849553589501661,10.156397132978153,40,true
safety,A4c,4,motor_fault,A4c_train_seed_4,50002,-236.18519520471625,250,false,0.9175863039747052,7.8858254794656695,40,true
safety,A4c,4,motor_fault,A4c_train_seed_4,50003,-312.55742970033447,250,false,0.84117718144016973,12.716133236854967,40,true
safety,A4c,4,motor_fault,A4c_train_seed_4,50004,-265.84912040402588,250,false,0.91422518953742671,9.1391623702816993,39.678287506103516,true
safety,A4c,4,motor_fault,A4c_train_seed_4,50005,-147.50117681780904,250,false,0.19849036677880963,13.985090440362042,40,true
safety,A4c,4,motor_fault,A4c_train_seed_4,50006,-112.51234933026022,250,false,0.32849154150778076,6.3473857451369984,40,true
safety,A4c,4,motor_fault,A4c_train_seed_4,50007,-329.03661963705247,250,false,0.86462850164415606,10.613426232796366,40,true
safety,A4c,4,motor_fault,A4c_train_seed_4,50008,-208.71480280408352,250,false,0.50890624406296381,8.1703747692595527,40,true
safety,A4c,4,motor_fault,A4c_train_seed_4,50009,-176.44956380631174,250,false,0.47100064034353528,9.9109700275295456,40,true
safety,A4c,4,motor_fault,A4c_train_seed_4,50010,-129.14516642179774,250,false,0.29599095178106849,13.132771700830263,40,true
safety,A4c,4,motor_fault,A4c_train_seed_4,50011,-197.14490332587016,250,false,0.63914180045746505,5.7494016719932945,39.868198394775391,true
safety,A4c,4,motor_fault,A4c_train_seed_4,50012,-81.387044208407772,250,false,0.10539409346237807,11.254700753442874,39.609638214111328,true
safety,A4c,4,motor_fault,A4c_train_seed_4,50013,-305.97477317294607,250,false,0.96405173671406053,10.666592506944207,40,true
safety,A4c,4,motor_fault,A4c_train_seed_4,50014,-299.69392936031034,250,false,0.72456811630394791,20.516450299860832,40,true
safety,A4c,4,motor_fault,A4c_train_seed_4,50015,-385.0184574388947,250,false,1.2107768814664026,10.533921597446081,40,true
safety,A4c,4,motor_fault,A4c_train_seed_4,50016,-320.22972690418391,250,false,1.0962317491165989,10.066537932299479,40,true
safety,A4c,4,motor_fault,A4c_train_seed_4,50017,-167.84203858919383,250,false,0.38654214786985269,9.701305342070059,40,true
safety,A4c,4,motor_fault,A4c_train_seed_4,50018,-118.41822741716328,86,true,0.013999833226593967,11.587214643137671,40,true
safety,A4c,4,motor_fault,A4c_train_seed_4,50019,-253.59852402043416,250,false,0.55625956455181369,12.359592568955717,40,true
safety,A4c,4,motor_fault,A4c_train_seed_4,50020,-234.91573365133229,250,false,0.96029611197545028,4.5203056361454292,40,true
safety,A4c,4,motor_fault,A4c_train_seed_4,50021,-242.63981462678277,250,false,1.0013554823307222,4.6015150973006858,29.184700012207031,true
safety,A4c,4,motor_fault,A4c_train_seed_4,50022,-276.40196302451881,250,false,0.78517630370947167,11.228656066876191,40,true
safety,A4c,4,motor_fault,A4c_train_seed_4,50023,-91.751522760464383,79,true,0.04516026293673777,9.4297825674600375,40,true
safety,A4c,4,motor_fault,A4c_train_seed_4,50024,-129.12635580318269,250,false,0.40723098141808223,4.6367092343431624,28.464805603027344,true
safety,A4c,4,motor_fault,A4c_train_seed_4,50025,-96.5383156421195,83,true,0.046676230522581519,12.109973673037075,40,true
safety,A4c,4,motor_fault,A4c_train_seed_4,50026,-380.08249658206768,250,false,1.4410955886155308,6.5459622922126428,40,true
safety,A4c,4,motor_fault,A4c_train_seed_4,50027,-37.229449584899044,36,true,0.045443726053165746,7.4639441764664571,40,true
safety,A4c,4,motor_fault,A4c_train_seed_4,50028,-247.13290220070525,250,false,0.53420978934621666,15.817431537283479,40,true
safety,A4c,4,motor_fault,A4c_train_seed_4,50029,-207.25997016238622,250,false,0.33408032945832739,13.768399272032733,40,true
safety,A4c,4,motor_fault,A4c_train_seed_4,50030,-88.639400419895907,80,true,0.046453126336487405,9.1206145668837983,40,true
safety,A4c,4,motor_fault,A4c_train_seed_4,50031,-82.016393585023323,66,true,0.03486399444293569,13.693251156549771,40,true
safety,A4c,4,motor_fault,A4c_train_seed_4,50032,-245.54938206273295,250,false,0.71906406143649038,11.698676715163094,40,true
safety,A4c,4,motor_fault,A4c_train_seed_4,50033,-202.1342952285425,250,false,0.81071979378292591,4.2522689207063209,27.114652633666992,true
safety,A4c,4,motor_fault,A4c_train_seed_4,50034,-227.12736186331301,250,false,1.0161738338263397,6.9446628602628344,40,true
safety,A4c,4,motor_fault,A4c_train_seed_4,50035,-361.69448515982367,250,false,1.2940093333532094,5.8463879449609637,40,true
safety,A4c,4,motor_fault,A4c_train_seed_4,50036,-310.47789322355925,250,false,1.3203540723856608,4.8861964657152033,40,true
safety,A4c,4,motor_fault,A4c_train_seed_4,50037,-270.06101236404317,250,false,0.96598856704945457,10.456914830090321,40,true
safety,A4c,4,motor_fault,A4c_train_seed_4,50038,-231.69149797891259,250,false,0.45858938869255628,16.516110436242577,40,true
safety,A4c,4,motor_fault,A4c_train_seed_4,50039,-44.05360793542782,116,true,0.049861660151547423,2.9887849608949564,40,true
safety,A4c,4,motor_fault,A4c_train_seed_4,50040,-116.4006518606367,250,false,0.22381138013140889,8.3528987433304973,40,true
safety,A4c,4,motor_fault,A4c_train_seed_4,50041,-116.48482358109929,250,false,0.26524615526940093,12.810091390963263,36.803825378417969,true
safety,A4c,4,motor_fault,A4c_train_seed_4,50042,-77.063898937871073,250,false,0.12871399647940412,7.9942827505599059,40,true
safety,A4c,4,motor_fault,A4c_train_seed_4,50043,-10.78078833187225,33,true,0.016590356353404671,2.9827431982659554,40,true
safety,A4c,4,motor_fault,A4c_train_seed_4,50044,-313.16304939379535,250,false,1.1013488327890819,11.180105546450998,40,true
safety,A4c,4,motor_fault,A4c_train_seed_4,50045,-234.84474320633018,250,false,0.52785513863205524,11.259848724790682,40,true
safety,A4c,4,motor_fault,A4c_train_seed_4,50046,-113.07884324839392,250,false,0.22412056136394815,14.87073322270817,40,true
safety,A4c,4,motor_fault,A4c_train_seed_4,50047,-251.43984395407244,250,false,0.98394951351568738,4.6460233847410128,40,true
safety,A4c,4,motor_fault,A4c_train_seed_4,50048,-134.98303224361777,250,false,0.31231804511338934,9.1703791108897654,40,true
safety,A4c,4,motor_fault,A4c_train_seed_4,50049,-201.02173746568212,250,false,0.42110371262314034,14.38204983362944,40,true
safety,A4c,4,motor_fault,A4c_train_seed_4,50050,-217.01853766439172,250,false,0.35883212073906079,12.211921912118132,40,true
safety,A4c,4,motor_fault,A4c_train_seed_4,50051,-159.42274417832448,250,false,0.08782241781842029,17.896800904396315,40,true
safety,A4c,4,motor_fault,A4c_train_seed_4,50052,-190.51778784498222,250,false,0.14636493900444333,14.544382314300716,40,true
safety,A4c,4,motor_fault,A4c_train_seed_4,50053,-284.80965647976291,250,false,1.070313237896541,8.64157955170805,40,true
safety,A4c,4,motor_fault,A4c_train_seed_4,50054,-194.64953280016701,250,false,0.30422247865445695,19.110705248041601,40,true
safety,A4c,4,motor_fault,A4c_train_seed_4,50055,-329.70936966276776,250,false,1.0179347197738025,9.8756687702604253,40,true
safety,A4c,4,motor_fault,A4c_train_seed_4,50056,-3.7267249656941654,35,true,0.04778674165366896,4.6509903091001732,21.74836540222168,true
safety,A4c,4,motor_fault,A4c_train_seed_4,50057,-222.36385151943625,250,false,0.88660622576172199,9.0041874610758139,40,true
safety,A4c,4,motor_fault,A4c_train_seed_4,50058,-208.07635847342027,250,false,0.31500233008965128,14.78881475747648,40,true
safety,A4c,4,motor_fault,A4c_train_seed_4,50059,-295.86162514629495,250,false,1.0732228648888062,5.4866619806381118,40,true
safety,A4c,4,motor_fault,A4c_train_seed_4,50060,-202.25035261085947,250,false,0.26083198919658035,15.169417647387158,40,true
safety,A4c,4,motor_fault,A4c_train_seed_4,50061,-212.48886466503444,250,false,0.69004287496453331,4.6062966296744223,34.3531494140625,true
safety,A4c,4,motor_fault,A4c_train_seed_4,50062,-209.40798829444793,250,false,0.38447946563187446,14.320419238869219,40,true
safety,A4c,4,motor_fault,A4c_train_seed_4,50063,-263.15011580898408,250,false,0.97401278392810609,4.7971968391890378,34.226982116699219,true
safety,A4c,4,motor_fault,A4c_train_seed_4,50064,-100.30245666105627,250,false,0.22046417677042382,7.8514522002736582,40,true
safety,A4c,4,motor_fault,A4c_train_seed_4,50065,-213.76539285842841,250,false,1.0008484307850289,6.2508588373959046,36.979290008544922,true
safety,A4c,4,motor_fault,A4c_train_seed_4,50066,-194.29794897027199,250,false,0.4488663847422637,10.03608927940625,40,true
safety,A4c,4,motor_fault,A4c_train_seed_4,50067,-181.9075269230473,250,false,0.71083485799187507,5.9041121283555498,35.59375,true
safety,A4c,4,motor_fault,A4c_train_seed_4,50068,-52.307983899446988,250,false,0.082775932336928953,6.264727992006792,22.079826354980469,true
safety,A4c,4,motor_fault,A4c_train_seed_4,50069,-144.83516573033899,250,false,0.28067323863869237,15.736226376679827,40,true
safety,A4c,4,motor_fault,A4c_train_seed_4,50070,-249.12145650441624,250,false,0.90748484688324071,6.2815304468715061,29.811437606811523,true
safety,A4c,4,motor_fault,A4c_train_seed_4,50071,-72.334346771197119,250,false,0.14744488821061369,6.1849916760394521,38.606292724609375,true
safety,A4c,4,motor_fault,A4c_train_seed_4,50072,-139.88086630474615,250,false,0.058928448757235491,12.208926965385073,40,true
safety,A4c,4,motor_fault,A4c_train_seed_4,50073,-277.05816648131537,250,false,0.4020256663000894,20.716690907018986,40,true
safety,A4c,4,motor_fault,A4c_train_seed_4,50074,-311.72039387124101,250,false,1.2900403260943114,5.3611750361141555,30.045198440551758,true
safety,A4c,4,motor_fault,A4c_train_seed_4,50075,-361.98829287521454,250,false,1.21718589139829,7.8096590945006152,40,true
safety,A4c,4,motor_fault,A4c_train_seed_4,50076,-190.00684266575189,250,false,0.1567899116471026,11.413164729053044,40,true
safety,A4c,4,motor_fault,A4c_train_seed_4,50077,-64.921977118193013,250,false,0.086450839574515992,10.691168967307346,40,true
safety,A4c,4,motor_fault,A4c_train_seed_4,50078,-85.473071287491507,250,false,0.17956342377348533,4.3724346361658624,39.550350189208984,true
safety,A4c,4,motor_fault,A4c_train_seed_4,50079,-166.04079172731156,250,false,0.090320055823273487,13.14102469890075,40,true
safety,A4c,4,motor_fault,A4c_train_seed_4,50080,-182.97187927746606,250,false,0.21394927016973572,17.731140574384934,40,true
safety,A4c,4,motor_fault,A4c_train_seed_4,50081,-53.33020892389554,63,true,0.047309970836886074,9.8074802905874545,40,true
safety,A4c,4,motor_fault,A4c_train_seed_4,50082,-55.162864453197912,250,false,0.050899302623724108,12.007613980116149,40,true
safety,A4c,4,motor_fault,A4c_train_seed_4,50083,-108.33796244366854,250,false,0.051571551075334024,11.661385147210172,39.955970764160156,true
safety,A4c,4,motor_fault,A4c_train_seed_4,50084,-66.271186942467239,250,false,0.11626558107252022,6.3676165594527596,39.468208312988281,true
safety,A4c,4,motor_fault,A4c_train_seed_4,50085,-146.06470345889269,250,false,0.093611701564157379,15.45212134997035,40,true
safety,A4c,4,motor_fault,A4c_train_seed_4,50086,-88.316027676590835,250,false,0.069955296255115915,17.777415727659545,40,true
safety,A4c,4,motor_fault,A4c_train_seed_4,50087,-125.23240396673209,250,false,0.38129444044041982,5.2525522124643818,40,true
safety,A4c,4,motor_fault,A4c_train_seed_4,50088,-119.61860436918991,250,false,0.09202506250894435,15.882711153481276,40,true
safety,A4c,4,motor_fault,A4c_train_seed_4,50089,-150.53498585165644,250,false,0.36147889995676152,5.6317147648692689,40,true
safety,A4c,4,motor_fault,A4c_train_seed_4,50090,-265.27162567961659,250,false,0.59380221786866194,10.57234092759191,40,true
safety,A4c,4,motor_fault,A4c_train_seed_4,50091,-155.68875316640577,136,true,0.048358107436129519,10.239234562483471,40,true
safety,A4c,4,motor_fault,A4c_train_seed_4,50092,-305.94571990591373,250,false,1.0056648608196024,10.022331614276426,40,true
safety,A4c,4,motor_fault,A4c_train_seed_4,50093,-191.97995630438956,250,false,0.22750118934581759,10.930687676183656,40,true
safety,A4c,4,motor_fault,A4c_train_seed_4,50094,-204.77587652708775,250,false,0.88308606583675675,3.9709694256516848,40,true
safety,A4c,4,motor_fault,A4c_train_seed_4,50095,-229.42023692743766,250,false,0.83468589344729305,5.1940383421802068,40,true
safety,A4c,4,motor_fault,A4c_train_seed_4,50096,-309.96287786918282,250,false,1.0168032377700493,11.407026125167762,39.903636932373047,true
safety,A4c,4,motor_fault,A4c_train_seed_4,50097,-306.66628689160808,250,false,1.1482268067265664,8.0694499277940253,40,true
safety,A4c,4,motor_fault,A4c_train_seed_4,50098,-71.233170771850723,86,true,0.047705685611683979,13.194746479508572,40,true
safety,A4c,4,motor_fault,A4c_train_seed_4,50099,-369.56937326575468,250,false,1.0866616617801634,9.0936954353878185,40,true
safety,A3,4,motor_fault,A3_train_seed_4,50000,-297.76247306959795,250,false,1.081702829971092,4.1962254763183875,37.374355316162109,true
safety,A3,4,motor_fault,A3_train_seed_4,50001,-106.15904855029656,89,true,0.0084365457285395778,8.5887053142605083,40,true
safety,A3,4,motor_fault,A3_train_seed_4,50002,-30.516618842625341,47,true,0.045431615401129853,8.8249768408765092,40,true
safety,A3,4,motor_fault,A3_train_seed_4,50003,-278.90025270322377,250,false,0.62334719058462418,10.770086769189716,40,true
safety,A3,4,motor_fault,A3_train_seed_4,50004,-111.88082650804878,250,false,0.18271146724841703,6.620557441663812,40,true
safety,A3,4,motor_fault,A3_train_seed_4,50005,-118.2592928182148,250,false,0.090628632047682706,12.240059829374372,40,true
safety,A3,4,motor_fault,A3_train_seed_4,50006,-52.619580975136131,123,true,0.04894544523161995,5.0472696174067515,40,true
safety,A3,4,motor_fault,A3_train_seed_4,50007,-265.40122066068898,250,false,0.59767199443035257,9.4876651965840004,40,true
safety,A3,4,motor_fault,A3_train_seed_4,50008,-219.70041677007998,250,false,0.33169788335746331,7.3153970579887595,40,true
safety,A3,4,motor_fault,A3_train_seed_4,50009,-139.26707164081191,250,false,0.30240493573156657,9.8567749121155011,40,true
safety,A3,4,motor_fault,A3_train_seed_4,50010,-55.485449732546762,64,true,0.049781737184374279,11.597362279652822,40,true
safety,A3,4,motor_fault,A3_train_seed_4,50011,-171.20938346861615,250,false,0.54754955961271923,5.0417269311828834,40,true
safety,A3,4,motor_fault,A3_train_seed_4,50012,-78.120829660427489,250,false,0.14715512887108434,8.6561623997256234,40,true
safety,A3,4,motor_fault,A3_train_seed_4,50013,-261.56311408538164,250,false,0.70506394599355504,9.0908389902418136,40,true
safety,A3,4,motor_fault,A3_train_seed_4,50014,-245.7551236999974,250,false,0.59900362855349965,9.6682864969467488,40,true
safety,A3,4,motor_fault,A3_train_seed_4,50015,-321.85031844625013,250,false,1.0152376342265363,9.2022935271553088,40,true
safety,A3,4,motor_fault,A3_train_seed_4,50016,-259.95949881232991,250,false,0.89574815627230975,8.8749122410756272,40,true
safety,A3,4,motor_fault,A3_train_seed_4,50017,-115.28505192244117,250,false,0.14567721093976163,7.3228004102197861,40,true
safety,A3,4,motor_fault,A3_train_seed_4,50018,-135.63242279846389,250,false,0.060592465788059276,11.825020247066737,40,true
safety,A3,4,motor_fault,A3_train_seed_4,50019,-214.39288523532227,250,false,0.43511888582639457,10.611420716648786,40,true
safety,A3,4,motor_fault,A3_train_seed_4,50020,-68.290505489725149,250,false,0.05754478557993141,4.4945787703065294,40,true
safety,A3,4,motor_fault,A3_train_seed_4,50021,-22.615919770287142,60,true,0.02676410825847925,3.1203084558295724,29.511430740356445,true
safety,A3,4,motor_fault,A3_train_seed_4,50022,-173.07100927444696,250,false,0.36475535447942142,10.183325709602983,40,true
safety,A3,4,motor_fault,A3_train_seed_4,50023,-87.517340872147187,78,true,0.014846943215589006,7.8575396169798335,40,true
safety,A3,4,motor_fault,A3_train_seed_4,50024,-72.433903284124966,250,false,0.15473223092211694,3.8388189620057283,28.745292663574219,true
safety,A3,4,motor_fault,A3_train_seed_4,50025,-89.129642614223144,81,true,0.046220645128160119,8.8093453249650349,40,true
safety,A3,4,motor_fault,A3_train_seed_4,50026,-300.09882034112178,250,false,0.95483540650082588,6.7177360581930259,40,true
safety,A3,4,motor_fault,A3_train_seed_4,50027,-111.44727504077937,250,false,0.25499679034983058,8.2848401700052978,40,true
safety,A3,4,motor_fault,A3_train_seed_4,50028,-100.04672943651208,76,true,0.034765775265211324,13.945437029458351,40,true
safety,A3,4,motor_fault,A3_train_seed_4,50029,-166.55394516256783,250,false,0.15695384379761071,12.235910914356174,40,true
safety,A3,4,motor_fault,A3_train_seed_4,50030,-85.87428927029481,80,true,0.00986036456258302,7.0791082575685174,40,true
safety,A3,4,motor_fault,A3_train_seed_4,50031,-81.53798542236828,87,true,0.049280520171492925,12.256382186899689,40,true
safety,A3,4,motor_fault,A3_train_seed_4,50032,-143.18053067153753,250,false,0.30576618008171574,10.427727651411583,40,true
safety,A3,4,motor_fault,A3_train_seed_4,50033,-56.937792019503924,250,false,0.12915342588727965,3.9029775882754265,24.840686798095703,true
safety,A3,4,motor_fault,A3_train_seed_4,50034,-27.451407926191791,48,true,0.04825283912058155,7.6214850834401737,40,true
safety,A3,4,motor_fault,A3_train_seed_4,50035,-294.51801048215606,250,false,1.0993231684103018,6.1425999308525991,40,true
safety,A3,4,motor_fault,A3_train_seed_4,50036,-134.73621100422866,250,false,0.34943190032129839,4.3025041215065976,40,true
safety,A3,4,motor_fault,A3_train_seed_4,50037,-96.90537687681261,250,false,0.18049546556866106,8.9336053869358043,40,true
safety,A3,4,motor_fault,A3_train_seed_4,50038,-246.7137536879369,250,false,0.35168924160216275,19.275174826607362,40,true
safety,A3,4,motor_fault,A3_train_seed_4,50039,-40.249906197835529,118,true,0.049671513490231779,3.5823207050906847,40,true
safety,A3,4,motor_fault,A3_train_seed_4,50040,-94.722559181278527,250,false,0.11302147766175398,6.2160059262821807,40,true
safety,A3,4,motor_fault,A3_train_seed_4,50041,-45.723989334769456,69,true,0.046525453839406337,11.259827014710407,40,true
safety,A3,4,motor_fault,A3_train_seed_4,50042,-93.534498876598875,250,false,0.22826438892562331,7.9208752538502223,40,true
safety,A3,4,motor_fault,A3_train_seed_4,50043,-17.446542378045891,75,true,0.048724765539867397,3.1543496770385193,40,true
safety,A3,4,motor_fault,A3_train_seed_4,50044,-97.02855117607487,250,false,0.12780957585546832,9.0673718095717515,40,true
safety,A3,4,motor_fault,A3_train_seed_4,50045,-207.80367344097161,250,false,0.36364766767261225,9.8119517250664749,40,true
safety,A3,4,motor_fault,A3_train_seed_4,50046,-51.251393321953515,50,true,0.025853432646062532,13.734073928398022,40,true
safety,A3,4,motor_fault,A3_train_seed_4,50047,-90.837590324149147,250,false,0.13483834464752495,4.1058067086831951,40,true
safety,A3,4,motor_fault,A3_train_seed_4,50048,-56.218368907424107,70,true,0.041838530750978126,8.4397865191968524,40,true
safety,A3,4,motor_fault,A3_train_seed_4,50049,-111.70537486506392,250,false,0.086633739291838915,12.483345406884593,40,true
safety,A3,4,motor_fault,A3_train_seed_4,50050,-196.47203057878744,250,false,0.19874114402194279,19.766666726911211,40,true
safety,A3,4,motor_fault,A3_train_seed_4,50051,-125.07459341331875,82,true,0.049892537347589305,17.780677571470438,40,true
safety,A3,4,motor_fault,A3_train_seed_4,50052,-196.55365885538416,250,false,0.11631736918900476,13.813060250264979,40,true
safety,A3,4,motor_fault,A3_train_seed_4,50053,-88.92921971605098,250,false,0.12669276123923476,6.7656246569587282,40,true
safety,A3,4,motor_fault,A3_train_seed_4,50054,-106.88313630905228,88,true,0.04505521232137031,9.0704677063840471,40,true
safety,A3,4,motor_fault,A3_train_seed_4,50055,-258.35593799929472,250,false,0.74111671334410878,8.539696732958916,40,true
safety,A3,4,motor_fault,A3_train_seed_4,50056,-52.068062198084895,250,false,0.12359791987161939,4.1195541320910438,22.024175643920898,true
safety,A3,4,motor_fault,A3_train_seed_4,50057,-53.050886619930402,81,true,0.037884426798906835,6.208732158533647,40,true
safety,A3,4,motor_fault,A3_train_seed_4,50058,-183.138825541567,250,false,0.12808590251734303,13.11556707150296,40,true
safety,A3,4,motor_fault,A3_train_seed_4,50059,-33.616456781561936,48,true,0.026047461900536296,6.0773385331315888,40,true
safety,A3,4,motor_fault,A3_train_seed_4,50060,-135.23727817560749,250,false,0.10018447451132952,13.400393169192709,40,true
safety,A3,4,motor_fault,A3_train_seed_4,50061,-166.55521705206337,250,false,0.46237403497533458,2.379700238151377,37.585819244384766,true
safety,A3,4,motor_fault,A3_train_seed_4,50062,-184.10439088889405,250,false,0.14302424270007533,13.020076811133736,40,true
safety,A3,4,motor_fault,A3_train_seed_4,50063,-239.7367422355336,250,false,0.94251278475062872,2.8113793393688375,32.580150604248047,true
safety,A3,4,motor_fault,A3_train_seed_4,50064,-66.599524992554905,250,false,0.085705284370716492,6.9514899575707325,40,true
safety,A3,4,motor_fault,A3_train_seed_4,50065,-21.035808842374649,42,true,0.048774432702098844,7.0023565183124923,40,true
safety,A3,4,motor_fault,A3_train_seed_4,50066,-150.2695563625806,250,false,0.27789494209597154,9.1605297782448254,40,true
safety,A3,4,motor_fault,A3_train_seed_4,50067,-25.988067955938359,68,true,0.049999944549610702,6.1090268741003504,35.579540252685547,true
safety,A3,4,motor_fault,A3_train_seed_4,50068,-16.835738580553311,40,true,0.045182950163079987,5.8017453242288797,21.682376861572266,true
safety,A3,4,motor_fault,A3_train_seed_4,50069,-93.586451830416095,250,false,0.10196465773163135,14.062631815655951,40,true
safety,A3,4,motor_fault,A3_train_seed_4,50070,-231.12595972035231,250,false,0.85156969125706583,4.4975762346152077,29.342844009399414,true
safety,A3,4,motor_fault,A3_train_seed_4,50071,-55.672823343031745,250,false,0.072881685628321508,4.0317103382279909,40,true
safety,A3,4,motor_fault,A3_train_seed_4,50072,-105.79686127229833,92,true,0.044783661690778999,14.357775511419819,40,true
safety,A3,4,motor_fault,A3_train_seed_4,50073,-239.13865546293667,250,false,0.26716966965454569,16.876354243834321,40,true
safety,A3,4,motor_fault,A3_train_seed_4,50074,-21.324842401026942,42,true,0.04054935222102872,4.9000102408280846,29.40327262878418,true
safety,A3,4,motor_fault,A3_train_seed_4,50075,-330.32696330321698,250,false,1.0868948831736021,6.5930764459201026,40,true
safety,A3,4,motor_fault,A3_train_seed_4,50076,-177.79103423611235,250,false,0.092889690337720682,10.887370474688986,40,true
safety,A3,4,motor_fault,A3_train_seed_4,50077,-120.29572196527494,250,false,0.2741966046354371,10.978930070122773,40,true
safety,A3,4,motor_fault,A3_train_seed_4,50078,-74.316016029273186,250,false,0.066026680627880391,4.5767852391584167,40,true
safety,A3,4,motor_fault,A3_train_seed_4,50079,-112.23494725991789,104,true,0.045928696427809348,13.408136953372061,40,true
safety,A3,4,motor_fault,A3_train_seed_4,50080,-177.49101254870678,250,false,0.090666804719121002,19.734742992650169,40,true
safety,A3,4,motor_fault,A3_train_seed_4,50081,-84.751589912505906,250,false,0.10047859253772083,7.2599561828289065,40,true
safety,A3,4,motor_fault,A3_train_seed_4,50082,-56.761794869999932,250,false,0.055818863970010672,9.9598043440347208,40,true
safety,A3,4,motor_fault,A3_train_seed_4,50083,-121.18822655504913,250,false,0.12858501633751374,12.017229719864023,40,true
safety,A3,4,motor_fault,A3_train_seed_4,50084,-65.207599486444806,250,false,0.11347258652053946,4.345020463088983,40,true
safety,A3,4,motor_fault,A3_train_seed_4,50085,-104.21143127352703,117,true,0.048851906396711886,13.945159678293823,40,true
safety,A3,4,motor_fault,A3_train_seed_4,50086,-92.474493882498962,250,false,0.065633314224477587,17.733834112098332,40,true
safety,A3,4,motor_fault,A3_train_seed_4,50087,-29.665340901703686,57,true,0.049035121232405478,4.5893407437323415,40,true
safety,A3,4,motor_fault,A3_train_seed_4,50088,-176.08574063090541,250,false,0.059839561612433229,13.074188922603659,40,true
safety,A3,4,motor_fault,A3_train_seed_4,50089,-71.211122219134666,80,true,0.047002444559189817,6.5794791478156895,40,true
safety,A3,4,motor_fault,A3_train_seed_4,50090,-252.24349749525541,250,false,0.47764879963379403,10.240369868078037,40,true
safety,A3,4,motor_fault,A3_train_seed_4,50091,-159.18541616985073,112,true,0.022390436042263814,13.542337750460968,40,true
safety,A3,4,motor_fault,A3_train_seed_4,50092,-272.99490338481763,250,false,0.91441901826074201,5.971667471463876,40,true
safety,A3,4,motor_fault,A3_train_seed_4,50093,-166.12070561349415,250,false,0.10747697606715596,10.793691914905104,40,true
safety,A3,4,motor_fault,A3_train_seed_4,50094,-19.101355317455045,64,true,0.048629790529990301,4.7630169335337413,40,true
safety,A3,4,motor_fault,A3_train_seed_4,50095,-92.399528355362875,250,false,0.18872495041294893,4.7974200895858736,40,true
safety,A3,4,motor_fault,A3_train_seed_4,50096,-241.74059996395451,250,false,0.65309317434378633,10.185276985362192,40,true
safety,A3,4,motor_fault,A3_train_seed_4,50097,-279.09299716285318,250,false,0.9755844277895156,7.0858122254327931,40,true
safety,A3,4,motor_fault,A3_train_seed_4,50098,-96.416122369941618,250,false,0.071365411178788293,13.722327468597404,40,true
safety,A3,4,motor_fault,A3_train_seed_4,50099,-273.44145550418267,250,false,0.81647600412593413,8.3297125548578439,40,true
safety,A6c,4,motor_fault,A6c_train_seed_4,50000,-323.66120548171341,250,false,1.1365488896378169,6.3282417112032094,35.650074005126953,true
safety,A6c,4,motor_fault,A6c_train_seed_4,50001,-189.04878813570022,250,false,0.39544757397002689,5.0453665855016894,40,true
safety,A6c,4,motor_fault,A6c_train_seed_4,50002,-452.88052132226107,250,false,0.17162089353274218,7.5775496436608609,40,true
safety,A6c,4,motor_fault,A6c_train_seed_4,50003,-355.09679271079023,250,false,0.76610371081480844,4.0786452620901912,40,true
safety,A6c,4,motor_fault,A6c_train_seed_4,50004,-362.48136043244006,250,false,1.2383368965695984,5.6748243225861401,40,true
safety,A6c,4,motor_fault,A6c_train_seed_4,50005,-147.25960263633129,93,true,0.040064341060822649,6.4790823633920525,40,true
safety,A6c,4,motor_fault,A6c_train_seed_4,50006,-111.73891014504416,250,false,0.11742364257777912,2.9227663069770062,40,true
safety,A6c,4,motor_fault,A6c_train_seed_4,50007,-269.32945301672191,250,false,0.76169615218718378,4.2132542013059266,40,true
safety,A6c,4,motor_fault,A6c_train_seed_4,50008,-267.6878588906045,250,false,0.69597023629085963,6.0247879599814356,40,true
safety,A6c,4,motor_fault,A6c_train_seed_4,50009,-362.54355001337774,250,false,0.5925995442747054,7.2645946980161815,40,true
safety,A6c,4,motor_fault,A6c_train_seed_4,50010,-165.08137133119803,250,false,0.3433993938940878,3.6806950258593933,40,true
safety,A6c,4,motor_fault,A6c_train_seed_4,50011,-204.25459815201216,250,false,0.6896516735028011,5.1382965942117869,40,true
safety,A6c,4,motor_fault,A6c_train_seed_4,50012,-91.162719864127126,250,false,0.12817639164245087,2.8409616550784347,40,true
safety,A6c,4,motor_fault,A6c_train_seed_4,50013,-352.02080456346636,250,false,0.97465155521104851,5.0831205121349843,40,true
safety,A6c,4,motor_fault,A6c_train_seed_4,50014,-288.07810642183506,250,false,0.99596450732635011,6.9967929371843676,40,true
safety,A6c,4,motor_fault,A6c_train_seed_4,50015,-332.03274044754454,250,false,1.2050571985288676,3.4260343672269635,40,true
safety,A6c,4,motor_fault,A6c_train_seed_4,50016,-596.16904903341288,250,false,2.1429663574124,6.2963859036974235,40,true
safety,A6c,4,motor_fault,A6c_train_seed_4,50017,-219.96931810682608,250,false,0.50795190805768875,5.0744237173124915,40,true
safety,A6c,4,motor_fault,A6c_train_seed_4,50018,-185.76022425039895,56,false,1.9983284001773227,7.5092591344777322,40,true
safety,A6c,4,motor_fault,A6c_train_seed_4,50019,-320.49776852057721,250,false,0.75097221186183605,6.0198108138360755,40,true
safety,A6c,4,motor_fault,A6c_train_seed_4,50020,-298.10644931453606,250,false,0.99054383149710601,1.6967716568182509,40,true
safety,A6c,4,motor_fault,A6c_train_seed_4,50021,-290.39979879981121,250,false,1.0506122036106331,3.7473524812832726,29.87657356262207,true
safety,A6c,4,motor_fault,A6c_train_seed_4,50022,-260.48281818577505,250,false,0.80719132869533428,3.9141712757272011,40,true
safety,A6c,4,motor_fault,A6c_train_seed_4,50023,-142.98722242995001,250,false,0.13665280181617301,6.0269359507607545,40,true
safety,A6c,4,motor_fault,A6c_train_seed_4,50024,-158.42061132711225,250,false,0.56440175766549372,3.0187870915624964,29.02690315246582,true
safety,A6c,4,motor_fault,A6c_train_seed_4,50025,-185.79272247942393,250,false,0.40703370571522735,5.792065217889987,40,true
safety,A6c,4,motor_fault,A6c_train_seed_4,50026,-412.20225633453458,250,false,1.4888259940834314,7.1458275839648655,40,true
safety,A6c,4,motor_fault,A6c_train_seed_4,50027,-72.65446457719618,250,false,0.096672234292764253,6.3685191063445821,40,true
safety,A6c,4,motor_fault,A6c_train_seed_4,50028,-216.66500269248706,250,false,0.68554729564431005,6.0355502685789784,40,true
safety,A6c,4,motor_fault,A6c_train_seed_4,50029,-252.69665825433529,250,false,0.33131843478645984,4.0107164516448988,40,true
safety,A6c,4,motor_fault,A6c_train_seed_4,50030,-99.211793155074417,82,true,0.012920775289335371,7.5405960377656092,40,true
safety,A6c,4,motor_fault,A6c_train_seed_4,50031,-94.648524130746154,84,true,0.046669861049110639,6.3724089673374404,40,true
safety,A6c,4,motor_fault,A6c_train_seed_4,50032,-249.96168923048398,250,false,0.75735466225931469,3.0505811983308568,40,true
safety,A6c,4,motor_fault,A6c_train_seed_4,50033,-5.8398996562881411,35,true,0.044357584071562962,3.3920563640372214,25.319997787475586,true
safety,A6c,4,motor_fault,A6c_train_seed_4,50034,-489.72664380999748,250,false,1.5196938684280572,5.8599619515471648,40,true
safety,A6c,4,motor_fault,A6c_train_seed_4,50035,-386.63373997469319,250,false,1.4092802360296568,6.0678728786498368,40,true
safety,A6c,4,motor_fault,A6c_train_seed_4,50036,-456.40078762330444,250,false,0.37279899771911545,6.4438986566747367,40,true
safety,A6c,4,motor_fault,A6c_train_seed_4,50037,-395.11693314334934,250,false,1.3227851433249547,2.3623509291294225,40,true
safety,A6c,4,motor_fault,A6c_train_seed_4,50038,-229.04129106761377,250,false,0.58435918706278711,5.9810644817608951,40,true
safety,A6c,4,motor_fault,A6c_train_seed_4,50039,-343.28322870351195,250,false,0.14510344445092063,5.6002993492284281,40,true
safety,A6c,4,motor_fault,A6c_train_seed_4,50040,-126.9122296366327,250,false,0.20843366338074615,5.1688201983847621,40,true
safety,A6c,4,motor_fault,A6c_train_seed_4,50041,-120.58043989389425,250,false,0.23443039872427038,4.6629651564759733,40,true
safety,A6c,4,motor_fault,A6c_train_seed_4,50042,-80.306332779653559,250,false,0.10054785952307491,4.8656137495430221,40,true
safety,A6c,4,motor_fault,A6c_train_seed_4,50043,-201.02509320586196,250,false,0.88424788878378446,3.1135090249199497,40,true
safety,A6c,4,motor_fault,A6c_train_seed_4,50044,-354.97079427077938,250,false,1.1732673431999396,4.7880213673704013,40,true
safety,A6c,4,motor_fault,A6c_train_seed_4,50045,-276.59029862336149,250,false,0.64375528423105532,5.9017587357090076,40,true
safety,A6c,4,motor_fault,A6c_train_seed_4,50046,-123.87077780551159,250,false,0.22633153989499261,5.0162860962912994,40,true
safety,A6c,4,motor_fault,A6c_train_seed_4,50047,-131.12583333708787,250,false,0.65826059260349457,3.1413534276927315,40,true
safety,A6c,4,motor_fault,A6c_train_seed_4,50048,-136.67847930633638,250,false,0.29588297493278731,5.1082201961614206,40,true
safety,A6c,4,motor_fault,A6c_train_seed_4,50049,-213.75800730669548,250,false,0.42190612526985172,4.480016713911442,40,true
safety,A6c,4,motor_fault,A6c_train_seed_4,50050,-199.97435838295945,250,false,0.36149110240038806,5.7969715613015804,40,true
safety,A6c,4,motor_fault,A6c_train_seed_4,50051,-183.71759059774118,250,false,0.3967991218276215,5.7823947002803271,40,true
safety,A6c,4,motor_fault,A6c_train_seed_4,50052,-243.93325102894954,250,false,0.17742208070571747,5.9776982637767073,40,true
safety,A6c,4,motor_fault,A6c_train_seed_4,50053,-275.65711548584403,250,false,1.0899333964252744,2.8964078270918154,40,true
safety,A6c,4,motor_fault,A6c_train_seed_4,50054,-179.39691247149602,250,false,0.29590273943904005,5.9643898845561809,40,true
safety,A6c,4,motor_fault,A6c_train_seed_4,50055,-530.02826775742881,250,false,1.2141362092494061,6.5131709073686608,40,true
safety,A6c,4,motor_fault,A6c_train_seed_4,50056,-5.9165135824115147,43,true,0.049032010687745722,3.5744202457741303,22.410675048828125,true
safety,A6c,4,motor_fault,A6c_train_seed_4,50057,-185.17556935856408,250,false,1.1192212981882241,3.3908989874137982,40,true
safety,A6c,4,motor_fault,A6c_train_seed_4,50058,-182.27406435002567,250,false,0.3120324388415463,4.850763570188529,40,true
safety,A6c,4,motor_fault,A6c_train_seed_4,50059,-409.41362921131253,250,false,1.5462266402320815,4.1688182138451815,40,true
safety,A6c,4,motor_fault,A6c_train_seed_4,50060,-217.59337376203203,250,false,0.26898410407075457,5.6991682434239817,40,true
safety,A6c,4,motor_fault,A6c_train_seed_4,50061,-217.86295381062271,250,false,0.7188892024421446,3.6279841819944787,37.650501251220703,true
safety,A6c,4,motor_fault,A6c_train_seed_4,50062,-182.66135705003273,250,false,0.31724612179403416,6.6214751891525889,40,true
safety,A6c,4,motor_fault,A6c_train_seed_4,50063,-297.53854722655819,250,false,1.0226587991454246,4.1584317118454823,34.55126953125,true
safety,A6c,4,motor_fault,A6c_train_seed_4,50064,-117.92704166993209,250,false,0.22031457135359522,4.1491594783565739,40,true
safety,A6c,4,motor_fault,A6c_train_seed_4,50065,-201.78866578434503,250,false,1.0849123671619532,4.4131757327002159,40,true
safety,A6c,4,motor_fault,A6c_train_seed_4,50066,-311.75810026300934,250,false,0.63067802551028507,6.7063556502371098,40,true
safety,A6c,4,motor_fault,A6c_train_seed_4,50067,-203.55806995542042,250,false,1.2016881796434082,4.1090767395535783,38.282032012939453,true
safety,A6c,4,motor_fault,A6c_train_seed_4,50068,-20.548097118804677,44,true,0.033402855648097023,4.4856873023998292,22.243928909301758,true
safety,A6c,4,motor_fault,A6c_train_seed_4,50069,-113.46495735020687,250,false,0.15285302826735933,5.0489355299433036,40,true
safety,A6c,4,motor_fault,A6c_train_seed_4,50070,-266.03866627504857,250,false,0.95218390981611734,5.0945711743828133,29.534347534179688,true
safety,A6c,4,motor_fault,A6c_train_seed_4,50071,-69.307952543259148,250,false,0.10299532041326936,3.0644528484206561,40,true
safety,A6c,4,motor_fault,A6c_train_seed_4,50072,-175.70376098225955,250,false,0.18028314544577001,6.1082301454505865,40,true
safety,A6c,4,motor_fault,A6c_train_seed_4,50073,-224.97547336361333,250,false,0.50030417939218075,5.8128564587917939,40,true
safety,A6c,4,motor_fault,A6c_train_seed_4,50074,-350.9389359143043,250,false,1.3206517123328572,4.4579085374821723,30.92127799987793,true
safety,A6c,4,motor_fault,A6c_train_seed_4,50075,-371.40526108773355,250,false,1.2425469222132772,8.1681186095459513,40,true
safety,A6c,4,motor_fault,A6c_train_seed_4,50076,-128.31062211753238,40,false,1.9680583878463969,10.723535325407989,40,true
safety,A6c,4,motor_fault,A6c_train_seed_4,50077,-62.025468476238139,250,false,0.06731462590868581,7.0799405478172694,40,true
safety,A6c,4,motor_fault,A6c_train_seed_4,50078,-248.60288090237472,250,false,1.3923931139891206,5.3406542181556809,40,true
safety,A6c,4,motor_fault,A6c_train_seed_4,50079,-345.46979458890019,250,false,0.53066612586644746,5.9377194608692152,40,true
safety,A6c,4,motor_fault,A6c_train_seed_4,50080,-179.46340077769699,250,false,0.2199995132829019,6.9141356190885199,40,true
safety,A6c,4,motor_fault,A6c_train_seed_4,50081,-97.000424030117969,250,false,0.11498417402573284,4.7573303087389087,40,true
safety,A6c,4,motor_fault,A6c_train_seed_4,50082,-32.247065315403418,45,true,0.043019783439935295,6.3006837874725727,40,true
safety,A6c,4,motor_fault,A6c_train_seed_4,50083,-121.73229962112585,250,false,0.074406322457364088,8.2215326773263477,40,true
safety,A6c,4,motor_fault,A6c_train_seed_4,50084,-70.890610138971795,250,false,0.10610061368006986,2.9116929297375997,40,true
safety,A6c,4,motor_fault,A6c_train_seed_4,50085,-184.6453894841454,250,false,0.28200011142540321,5.89575387893131,40,true
safety,A6c,4,motor_fault,A6c_train_seed_4,50086,-72.754557727759021,60,true,0.049777514264081023,6.6679389510127329,40,true
safety,A6c,4,motor_fault,A6c_train_seed_4,50087,-106.68137307346997,250,false,0.25367626701546686,2.7339654201691133,40,true
safety,A6c,4,motor_fault,A6c_train_seed_4,50088,-201.1096202167661,250,false,0.13758503839604327,5.8767107368531732,40,true
safety,A6c,4,motor_fault,A6c_train_seed_4,50089,-161.29533273137355,250,false,0.35819827182318859,5.7305834840218193,40,true
safety,A6c,4,motor_fault,A6c_train_seed_4,50090,-223.9402004571395,250,false,0.58957225593947127,3.9328657697600353,40,true
safety,A6c,4,motor_fault,A6c_train_seed_4,50091,-211.17501671595517,250,false,0.29075008807210778,7.888096106435313,40,true
safety,A6c,4,motor_fault,A6c_train_seed_4,50092,-311.00703856267387,250,false,1.0344815162082648,8.8603163543480097,40,true
safety,A6c,4,motor_fault,A6c_train_seed_4,50093,-373.51267316452424,250,false,0.91220294607794006,9.8706157033064166,40,true
safety,A6c,4,motor_fault,A6c_train_seed_4,50094,-220.13466214902493,250,false,0.91246039296262726,3.2545861795613606,38.635826110839844,true
safety,A6c,4,motor_fault,A6c_train_seed_4,50095,-224.24798947796356,250,false,0.83070764597852009,3.6680974075853499,40,true
safety,A6c,4,motor_fault,A6c_train_seed_4,50096,-338.80070653941806,250,false,1.0079070870709448,3.4194772604411168,40,true
safety,A6c,4,motor_fault,A6c_train_seed_4,50097,-326.83168544741159,250,false,1.1689718337492496,8.2447863159460617,40,true
safety,A6c,4,motor_fault,A6c_train_seed_4,50098,-130.57907960850994,250,false,0.081051789627143822,5.6839511013263069,40,true
safety,A6c,4,motor_fault,A6c_train_seed_4,50099,-297.55831332009495,153,true,0.039381252444841267,9.7224371811560264,40,true
safety,A6c_gate_off_control,4,motor_fault,A6c_gate_off_control_train_seed_4,50000,-322.03467013804152,250,false,1.1710481192350619,6.124227149483584,36.197528839111328,true
safety,A6c_gate_off_control,4,motor_fault,A6c_gate_off_control_train_seed_4,50001,-188.59232925934705,250,false,0.39263692858989968,5.0829241807042642,40,true
safety,A6c_gate_off_control,4,motor_fault,A6c_gate_off_control_train_seed_4,50002,-414.90512126884596,239,true,0.030752114548389234,8.8560878781360231,40,true
safety,A6c_gate_off_control,4,motor_fault,A6c_gate_off_control_train_seed_4,50003,-378.62067350905329,250,false,0.66977370936396463,4.1861701677009542,40,true
safety,A6c_gate_off_control,4,motor_fault,A6c_gate_off_control_train_seed_4,50004,-359.35935218555835,250,false,1.2280045785774472,6.1395786885230557,40,true
safety,A6c_gate_off_control,4,motor_fault,A6c_gate_off_control_train_seed_4,50005,-242.89783016709814,173,true,0.047844759462466989,6.3671167461152276,40,true
safety,A6c_gate_off_control,4,motor_fault,A6c_gate_off_control_train_seed_4,50006,-73.228892177954606,155,true,0.048899922508549909,2.9209027794709246,40,true
safety,A6c_gate_off_control,4,motor_fault,A6c_gate_off_control_train_seed_4,50007,-237.59195568556018,250,false,0.57832399537467871,4.1368269610661477,40,true
safety,A6c_gate_off_control,4,motor_fault,A6c_gate_off_control_train_seed_4,50008,-260.63180124657345,250,false,0.68276801028815903,6.24132437545651,40,true
safety,A6c_gate_off_control,4,motor_fault,A6c_gate_off_control_train_seed_4,50009,-348.38780885899553,250,false,0.50863744752559614,7.4084789924664669,40,true
safety,A6c_gate_off_control,4,motor_fault,A6c_gate_off_control_train_seed_4,50010,-89.912124914294196,88,true,0.031353377303923242,3.8551590737445287,40,true
safety,A6c_gate_off_control,4,motor_fault,A6c_gate_off_control_train_seed_4,50011,-205.64089035960018,250,false,0.72340967571909598,4.8646667718940932,40,true
safety,A6c_gate_off_control,4,motor_fault,A6c_gate_off_control_train_seed_4,50012,-91.022629252017879,250,false,0.1471551210862217,3.1172166022043224,40,true
safety,A6c_gate_off_control,4,motor_fault,A6c_gate_off_control_train_seed_4,50013,-320.85166413788716,250,false,0.67564383701840447,5.0831205121349843,40,true
safety,A6c_gate_off_control,4,motor_fault,A6c_gate_off_control_train_seed_4,50014,-285.37679574558126,250,false,0.98461597371138643,7.3936743129981535,40,true
safety,A6c_gate_off_control,4,motor_fault,A6c_gate_off_control_train_seed_4,50015,-307.81912068997042,250,false,1.0335780708703095,3.4260343672269635,40,true
safety,A6c_gate_off_control,4,motor_fault,A6c_gate_off_control_train_seed_4,50016,-614.1195438826993,250,false,2.2466390844101616,6.2963859036974235,40,true
safety,A6c_gate_off_control,4,motor_fault,A6c_gate_off_control_train_seed_4,50017,-220.43175350688205,250,false,0.50473092582752066,5.0996472349301962,40,true
safety,A6c_gate_off_control,4,motor_fault,A6c_gate_off_control_train_seed_4,50018,-189.44017836084433,57,false,2.0345043214254082,7.7665289187201445,40,true
safety,A6c_gate_off_control,4,motor_fault,A6c_gate_off_control_train_seed_4,50019,-317.51100624519222,250,false,0.72855148836425432,6.0198108138360755,40,true
safety,A6c_gate_off_control,4,motor_fault,A6c_gate_off_control_train_seed_4,50020,-291.5062890376272,250,false,0.96241511534984625,1.5844820093209984,40,true
safety,A6c_gate_off_control,4,motor_fault,A6c_gate_off_control_train_seed_4,50021,-281.57709994545485,250,false,1.0781158182517829,3.7047733481332918,30.165971755981445,true
safety,A6c_gate_off_control,4,motor_fault,A6c_gate_off_control_train_seed_4,50022,-183.6932425510129,250,false,0.37113319472885226,3.9141712757272011,40,true
safety,A6c_gate_off_control,4,motor_fault,A6c_gate_off_control_train_seed_4,50023,-103.56487480512217,86,true,0.028718264673239322,6.0245136122853165,40,true
safety,A6c_gate_off_control,4,motor_fault,A6c_gate_off_control_train_seed_4,50024,-150.75965654579949,250,false,0.5826854962841308,3.0994547865156448,29.028079986572266,true
safety,A6c_gate_off_control,4,motor_fault,A6c_gate_off_control_train_seed_4,50025,-180.0939589407763,250,false,0.40665391736544293,5.5749669423589285,40,true
safety,A6c_gate_off_control,4,motor_fault,A6c_gate_off_control_train_seed_4,50026,-403.01917925726167,250,false,1.4981829752101883,6.6352883036672008,40,true
safety,A6c_gate_off_control,4,motor_fault,A6c_gate_off_control_train_seed_4,50027,-100.80178361311076,250,false,0.25499437928127139,6.3028343291207296,40,true
safety,A6c_gate_off_control,4,motor_fault,A6c_gate_off_control_train_seed_4,50028,-107.64668409020223,250,false,0.076331320976781386,6.0355502685789784,40,true
safety,A6c_gate_off_control,4,motor_fault,A6c_gate_off_control_train_seed_4,50029,-201.35335522270938,133,true,0.041765631169478221,4.1415885008237616,40,true
safety,A6c_gate_off_control,4,motor_fault,A6c_gate_off_control_train_seed_4,50030,-100.4580416115472,84,true,0.012975701028757869,7.8671683899192697,40,true
safety,A6c_gate_off_control,4,motor_fault,A6c_gate_off_control_train_seed_4,50031,-96.991969383435475,102,true,0.049031510539481286,6.2184974543570979,40,true
safety,A6c_gate_off_control,4,motor_fault,A6c_gate_off_control_train_seed_4,50032,-169.64129720391526,250,false,0.30597379314008399,3.0505811983308568,40,true
safety,A6c_gate_off_control,4,motor_fault,A6c_gate_off_control_train_seed_4,50033,-57.567448678574046,250,false,0.12933883486740066,3.7836508805358187,25.752010345458984,true
safety,A6c_gate_off_control,4,motor_fault,A6c_gate_off_control_train_seed_4,50034,-350.01139534318486,220,true,0.02460280075154455,7.339375075307899,40,true
safety,A6c_gate_off_control,4,motor_fault,A6c_gate_off_control_train_seed_4,50035,-383.49077327273812,250,false,1.4245320948772759,5.3692729707429985,40,true
safety,A6c_gate_off_control,4,motor_fault,A6c_gate_off_control_train_seed_4,50036,-453.19091644006443,250,false,0.23921710498656837,6.5403454551023765,40,true
safety,A6c_gate_off_control,4,motor_fault,A6c_gate_off_control_train_seed_4,50037,-389.41663287214612,250,false,1.295052572196109,2.3623509291294225,40,true
safety,A6c_gate_off_control,4,motor_fault,A6c_gate_off_control_train_seed_4,50038,-224.2859802586504,250,false,0.56991004756159469,5.8617889793996545,40,true
safety,A6c_gate_off_control,4,motor_fault,A6c_gate_off_control_train_seed_4,50039,-391.29572415602365,250,false,0.083902855127212558,6.5282829723574043,40,true
safety,A6c_gate_off_control,4,motor_fault,A6c_gate_off_control_train_seed_4,50040,-111.83804652086663,250,false,0.11302850767607385,5.1428357799360063,40,true
safety,A6c_gate_off_control,4,motor_fault,A6c_gate_off_control_train_seed_4,50041,-54.476024114409078,70,true,0.048797270160305148,4.6629651564759733,40,true
safety,A6c_gate_off_control,4,motor_fault,A6c_gate_off_control_train_seed_4,50042,-77.322662358880663,250,false,0.13379962026111755,4.8778338912459844,40,true
safety,A6c_gate_off_control,4,motor_fault,A6c_gate_off_control_train_seed_4,50043,-20.697280641619848,79,true,0.049118347782615077,2.4723069387749845,40,true
safety,A6c_gate_off_control,4,motor_fault,A6c_gate_off_control_train_seed_4,50044,-374.22414540924547,250,false,1.3071408751504077,5.4121678873459134,40,true
safety,A6c_gate_off_control,4,motor_fault,A6c_gate_off_control_train_seed_4,50045,-263.96152839398604,250,false,0.56333735407964847,5.9017587357090076,40,true
safety,A6c_gate_off_control,4,motor_fault,A6c_gate_off_control_train_seed_4,50046,-65.006467121658517,65,true,0.031488319261106679,5.0162860962912994,40,true
safety,A6c_gate_off_control,4,motor_fault,A6c_gate_off_control_train_seed_4,50047,-91.115820980485026,250,false,0.13482705247324658,3.9887936273351214,40,true
safety,A6c_gate_off_control,4,motor_fault,A6c_gate_off_control_train_seed_4,50048,-112.64575001529364,250,false,0.15247292159906986,4.7405030465941511,40,true
safety,A6c_gate_off_control,4,motor_fault,A6c_gate_off_control_train_seed_4,50049,-130.52804957714395,103,true,0.044208019822375731,5.268055571909847,40,true
safety,A6c_gate_off_control,4,motor_fault,A6c_gate_off_control_train_seed_4,50050,-125.87141277709932,101,true,0.048027637479656778,5.7661696830819507,40,true
safety,A6c_gate_off_control,4,motor_fault,A6c_gate_off_control_train_seed_4,50051,-177.07372843660789,250,false,0.39233809862949737,5.8305442462073849,40,true
safety,A6c_gate_off_control,4,motor_fault,A6c_gate_off_control_train_seed_4,50052,-242.73928035512384,250,false,0.17342999480035967,6.4327874222309411,40,true
safety,A6c_gate_off_control,4,motor_fault,A6c_gate_off_control_train_seed_4,50053,-113.31992888103618,250,false,0.12671148191651391,2.8963537003973197,40,true
safety,A6c_gate_off_control,4,motor_fault,A6c_gate_off_control_train_seed_4,50054,-115.36542407993464,94,true,0.046675274781765239,6.1034284459215566,40,true
safety,A6c_gate_off_control,4,motor_fault,A6c_gate_off_control_train_seed_4,50055,-522.48541594189453,250,false,1.1461191315808767,6.6207008750205194,40,true
safety,A6c_gate_off_control,4,motor_fault,A6c_gate_off_control_train_seed_4,50056,-52.586218659794454,250,false,0.12359793625722333,3.9856314038539171,22.873262405395508,true
safety,A6c_gate_off_control,4,motor_fault,A6c_gate_off_control_train_seed_4,50057,-53.91060659764841,100,true,0.049619386501013836,3.3931949589564763,40,true
safety,A6c_gate_off_control,4,motor_fault,A6c_gate_off_control_train_seed_4,50058,-155.24509976835128,250,false,0.12810696207590413,4.850763570188529,40,true
safety,A6c_gate_off_control,4,motor_fault,A6c_gate_off_control_train_seed_4,50059,-404.5451768167714,250,false,1.5537603172827186,4.3422627896993005,40,true
safety,A6c_gate_off_control,4,motor_fault,A6c_gate_off_control_train_seed_4,50060,-190.23846337078447,250,false,0.10018405293800303,6.1135772458985347,40,true
safety,A6c_gate_off_control,4,motor_fault,A6c_gate_off_control_train_seed_4,50061,-221.04357717099407,250,false,0.74288463156721662,3.3842809077601292,37.860843658447266,true
safety,A6c_gate_off_control,4,motor_fault,A6c_gate_off_control_train_seed_4,50062,-169.47041853241049,250,false,0.23722903756468253,6.4755554122298991,40,true
safety,A6c_gate_off_control,4,motor_fault,A6c_gate_off_control_train_seed_4,50063,-280.68768316850782,250,false,1.0650445995212834,4.2595692306366066,34.597953796386719,true
safety,A6c_gate_off_control,4,motor_fault,A6c_gate_off_control_train_seed_4,50064,-73.162191882721459,250,false,0.085705277080094247,4.1578716921816987,40,true
safety,A6c_gate_off_control,4,motor_fault,A6c_gate_off_control_train_seed_4,50065,-38.656736877649358,95,true,0.045673695585297665,4.3092994584911199,40,true
safety,A6c_gate_off_control,4,motor_fault,A6c_gate_off_control_train_seed_4,50066,-305.80125046998921,250,false,0.58787694470129914,6.7063556502371098,40,true
safety,A6c_gate_off_control,4,motor_fault,A6c_gate_off_control_train_seed_4,50067,-42.901684928971235,79,true,0.011865171742095415,4.0616988405458505,38.354129791259766,true
safety,A6c_gate_off_control,4,motor_fault,A6c_gate_off_control_train_seed_4,50068,-20.620253400491759,44,true,0.045558935532805017,4.4335031650371537,22.804000854492188,true
safety,A6c_gate_off_control,4,motor_fault,A6c_gate_off_control_train_seed_4,50069,-100.09125089934476,250,false,0.10196465986786578,5.0489355299433036,40,true
safety,A6c_gate_off_control,4,motor_fault,A6c_gate_off_control_train_seed_4,50070,-267.84874238028664,250,false,0.98594846714260043,5.2053820851712809,29.595741271972656,true
safety,A6c_gate_off_control,4,motor_fault,A6c_gate_off_control_train_seed_4,50071,-59.312555304709221,250,false,0.07288169182512684,3.3626878460905609,40,true
safety,A6c_gate_off_control,4,motor_fault,A6c_gate_off_control_train_seed_4,50072,-173.06779506640939,250,false,0.18344557627326771,6.6506760770346078,40,true
safety,A6c_gate_off_control,4,motor_fault,A6c_gate_off_control_train_seed_4,50073,-222.4942622124419,250,false,0.50268292703711503,6.0847171439154923,40,true
safety,A6c_gate_off_control,4,motor_fault,A6c_gate_off_control_train_seed_4,50074,-352.9352255373305,250,false,1.3382630890583544,4.5198864583707357,30.67762565612793,true
safety,A6c_gate_off_control,4,motor_fault,A6c_gate_off_control_train_seed_4,50075,-372.17950403072382,250,false,1.267419738152306,7.6864943503960141,40,true
safety,A6c_gate_off_control,4,motor_fault,A6c_gate_off_control_train_seed_4,50076,-128.71649988123184,41,false,1.8768368568887379,10.582916176043607,40,true
safety,A6c_gate_off_control,4,motor_fault,A6c_gate_off_control_train_seed_4,50077,-101.36926832612467,250,false,0.27418785997644929,7.1437700087327629,40,true
safety,A6c_gate_off_control,4,motor_fault,A6c_gate_off_control_train_seed_4,50078,-103.64286034765551,250,false,0.066640319163015438,2.760522119685072,40,true
safety,A6c_gate_off_control,4,motor_fault,A6c_gate_off_control_train_seed_4,50079,-353.30152852938824,250,false,0.54603600100937011,5.9120164145138769,40,true
safety,A6c_gate_off_control,4,motor_fault,A6c_gate_off_control_train_seed_4,50080,-175.02908745017132,250,false,0.20734440781021782,6.8754392064190384,40,true
safety,A6c_gate_off_control,4,motor_fault,A6c_gate_off_control_train_seed_4,50081,-82.399383347546618,250,false,0.10047836767795865,5.0301029420063461,40,true
safety,A6c_gate_off_control,4,motor_fault,A6c_gate_off_control_train_seed_4,50082,-61.875050395744672,250,false,0.055821570507505601,5.9172857613537468,40,true
safety,A6c_gate_off_control,4,motor_fault,A6c_gate_off_control_train_seed_4,50083,-123.92712158768481,250,false,0.07998102664485543,8.8788665487916401,40,true
safety,A6c_gate_off_control,4,motor_fault,A6c_gate_off_control_train_seed_4,50084,-70.166424991342325,250,false,0.11347259445121362,3.2263545474137696,40,true
safety,A6c_gate_off_control,4,motor_fault,A6c_gate_off_control_train_seed_4,50085,-184.10573055020183,250,false,0.28455627002469946,6.3182371591947426,40,true
safety,A6c_gate_off_control,4,motor_fault,A6c_gate_off_control_train_seed_4,50086,-103.16776266739093,250,false,0.065587854206406102,6.6679389510127329,40,true
safety,A6c_gate_off_control,4,motor_fault,A6c_gate_off_control_train_seed_4,50087,-51.335937187129744,104,true,0.046811476154697162,2.6892232088988273,40,true
safety,A6c_gate_off_control,4,motor_fault,A6c_gate_off_control_train_seed_4,50088,-177.41591727206045,250,false,0.13859283542075407,5.9442295103119225,40,true
safety,A6c_gate_off_control,4,motor_fault,A6c_gate_off_control_train_seed_4,50089,-140.4476384488884,250,false,0.18407035158571547,5.9438027959319522,39.585338592529297,true
safety,A6c_gate_off_control,4,motor_fault,A6c_gate_off_control_train_seed_4,50090,-207.15686966474706,250,false,0.46873510547212388,3.9328657697600353,40,true
safety,A6c_gate_off_control,4,motor_fault,A6c_gate_off_control_train_seed_4,50091,-209.5501565884951,250,false,0.29673736750776614,8.5327731599694712,40,true
safety,A6c_gate_off_control,4,motor_fault,A6c_gate_off_control_train_seed_4,50092,-309.20479172323837,250,false,1.0596273313165214,7.5768184866120407,40,true
safety,A6c_gate_off_control,4,motor_fault,A6c_gate_off_control_train_seed_4,50093,-378.44689889917129,250,false,0.87159306170969308,9.7852043593944131,40,true
safety,A6c_gate_off_control,4,motor_fault,A6c_gate_off_control_train_seed_4,50094,-22.967412442420887,65,true,0.048830222123728798,3.3136515022260857,39.757392883300781,true
safety,A6c_gate_off_control,4,motor_fault,A6c_gate_off_control_train_seed_4,50095,-100.69963912443239,250,false,0.18872350015784889,3.641803268761687,40,true
safety,A6c_gate_off_control,4,motor_fault,A6c_gate_off_control_train_seed_4,50096,-285.08924758025711,250,false,0.65855465376693378,3.4194772604411168,40,true
safety,A6c_gate_off_control,4,motor_fault,A6c_gate_off_control_train_seed_4,50097,-326.68311218292911,250,false,1.1745266500819989,8.0401276044698289,40,true
safety,A6c_gate_off_control,4,motor_fault,A6c_gate_off_control_train_seed_4,50098,-129.49422324662754,250,false,0.071366210040478412,5.7972885007769328,40,true
safety,A6c_gate_off_control,4,motor_fault,A6c_gate_off_control_train_seed_4,50099,-397.10789213212075,250,false,1.2032162092745529,9.2811041118049111,40,true
