population,condition,training_seed,ensemble_seed,scenario,episode_seed,attempts,uncertainty_norm_median,uncertainty_ratio_median,selected_scale_mean,selected_scale_min
heldout,A4c,0,0,id_reference,40000,250,4.124976044753291,0.9828212422647431,0.49986042968766453,0.35880746648416012
heldout,A4c,0,0,id_reference,40001,250,4.5601623667003395,1.0865092047916147,0.46921919154503855,0.23118361561847103
heldout,A4c,0,0,id_reference,40002,250,4.0585228534799667,0.96698803322519544,0.49497795486194457,0.28679923615980096
heldout,A4c,0,0,id_reference,40003,250,6.7944450639912333,1.6188518104935568,0.39230858717591183,0.28640139244813922
heldout,A4c,0,0,id_reference,40004,63,6.5062014898428844,1.5501745855725444,0.39004626300571005,0.21516360503416682
heldout,A4c,0,0,id_reference,40005,250,5.404455323290664,1.2876713554147474,0.42218544405608177,0.19948599430305688
heldout,A4c,0,0,id_reference,40006,75,5.4829968813070922,1.3063847517549028,0.41385281838430699,0.26434247129293026
heldout,A4c,0,0,id_reference,40007,250,3.2642714455621546,0.77774883597138644,0.52276433444426207,0.20278593554922922
heldout,A4c,0,0,id_reference,40008,59,4.4017665924466201,1.0487696567475637,0.5050220935377856,0.35795949668775712
heldout,A4c,0,0,id_reference,40009,37,4.0985767523737291,0.97653131838399898,0.50680396901195068,0.38244026653907415
heldout,A4c,0,0,id_reference,40010,250,3.187944254813063,0.75956303716510831,0.55200637229345173,0.376591100998177
heldout,A4c,0,0,id_reference,40011,39,5.1518867755266173,1.2274941007647004,0.44032646608191839,0.31069494950020266
heldout,A4c,0,0,id_reference,40012,250,4.133404805414143,0.98482948787237212,0.47998477255761735,0.26065736012502544
heldout,A4c,0,0,id_reference,40013,82,4.9291616365072199,1.1744273688759037,0.4950676359973582,0.3097380440279533
heldout,A4c,0,0,id_reference,40014,66,4.2544945530155065,1.0136804617621402,0.5224935442518388,0.36553222323594659
heldout,A4c,0,0,id_reference,40015,250,4.5963140663312458,1.0951227477445302,0.47589012057767938,0.3295776935459131
heldout,A4c,0,0,id_reference,40016,81,4.1001755987699928,0.97691226125113761,0.50164551354375431,0.42950980909638947
heldout,A4c,0,0,id_reference,40017,60,5.0747031002981817,1.2091042350424361,0.43871682984053456,0.20680527291829751
heldout,A4c,0,0,id_reference,40018,67,5.6037227689751683,1.3351490319844499,0.40697815152354438,0.19015724748217838
heldout,A4c,0,0,id_reference,40019,37,3.6229689700983263,0.8632124951144089,0.53547777465376289,0.39186587062313555
heldout,A4c,0,0,id_reference,40020,65,3.5520612524521695,0.84631794581592412,0.53853913229403227,0.36704528793226954
heldout,A4c,0,0,id_reference,40021,250,4.9045430039914315,1.1685617069351995,0.46311592774331939,0.42200807473320162
heldout,A4c,0,0,id_reference,40022,250,6.0770776654796368,1.4479310802599434,0.4111678972064452,0.26053572230373939
heldout,A4c,0,0,id_reference,40023,250,2.5460387309014534,0.60662193457862257,0.55789359643223424,0.20491191688783975
heldout,A4c,0,0,id_reference,40024,250,3.9397097083592767,0.93867948509837074,0.51674413974075417,0.47346976752018166
heldout,A4c,0,0,id_reference,40025,250,3.422319569477084,0.81540555247068747,0.53767941593032009,0.30689583547995991
heldout,A4c,0,0,id_reference,40026,250,4.5637526766582415,1.0873646359152522,0.49077574533241525,0.39350256147326812
heldout,A4c,0,0,id_reference,40027,62,7.1498707271639264,1.7035359124185774,0.37152771013011709,0.17606386226790066
heldout,A4c,0,0,id_reference,40028,51,3.1942032668800793,0.76105431613214114,0.5445144581909156,0.42484434214564371
heldout,A4c,0,0,id_reference,40029,73,7.3493797599669817,1.7510711497957592,0.34095519809527053,0.13812572182157473
heldout,A4c,0,0,id_reference,40030,67,5.1351020543006136,1.2234949549787775,0.45264697197567011,0.32413388340388993
heldout,A4c,0,0,id_reference,40031,59,3.1089627189600608,0.74074481123098224,0.5511456042389582,0.29976478722687627
heldout,A4c,0,0,id_reference,40032,250,4.2581053722448843,1.0145407794469241,0.49738635716337037,0.41682564347459433
heldout,A4c,0,0,id_reference,40033,250,4.4454032591026964,1.0591665760183477,0.49479181905038927,0.38769058296327458
heldout,A4c,0,0,id_reference,40034,38,4.2813412183162942,1.0200769771977019,0.51243290779516315,0.3823457123373718
heldout,A4c,0,0,id_reference,40035,250,4.4395293115406895,1.0577670429356689,0.48066774776026761,0.39145739432871079
heldout,A4c,0,0,id_reference,40036,250,3.8501356922572105,0.91733748339340326,0.50211511511710261,0.31963297851123595
heldout,A4c,0,0,id_reference,40037,250,3.6366735358449924,0.86647775973308938,0.52199919349816382,0.22024242345767478
heldout,A4c,0,0,id_reference,40038,250,4.4795632496510418,1.0673055722166842,0.48932620777405567,0.38537630023851172
heldout,A4c,0,0,id_reference,40039,250,3.9927439729480581,0.95131548619031414,0.51507058570482545,0.44981737115235765
heldout,A4c,0,0,id_reference,40040,250,4.2986641330406332,1.0242043535471175,0.49718746808646685,0.392548215590237
heldout,A4c,0,0,id_reference,40041,250,4.3676928563818169,1.0406512116355235,0.45413611724868802,0.24513540640188547
heldout,A4c,0,0,id_reference,40042,250,3.5684515956604663,0.85022312666991062,0.53327140943657036,0.34378928011395965
heldout,A4c,0,0,id_reference,40043,79,3.5567414572939562,0.8474330564703263,0.5476266705717574,0.33627953493585094
heldout,A4c,0,0,id_reference,40044,81,5.7915570594288734,1.3799026326552795,0.45000909223416308,0.34018526584182857
heldout,A4c,0,0,id_reference,40045,103,6.7185727029207802,1.6007743798971612,0.40749010880813308,0.3138247725789241
heldout,A4c,0,0,id_reference,40046,93,4.708979348966742,1.1219664995235903,0.45916823237909266,0.26600214723439469
heldout,A4c,0,0,id_reference,40047,250,7.1103056257894117,1.6941090886840031,0.39023193644899506,0.29209463083561793
heldout,A4c,0,0,id_reference,40048,49,4.3331460956394254,1.0324200631535227,0.46796398679019058,0.35548385685450307
heldout,A4c,0,0,id_reference,40049,250,3.8144671323134816,0.90883905382354457,0.51147788595016297,0.34458609481854324
heldout,A4c,0,0,id_reference,40050,250,3.379144174250682,0.80511853622833707,0.5479619412758272,0.43315549920615515
heldout,A4c,0,0,id_reference,40051,250,2.735394986132623,0.65173816021915931,0.58550197238881396,0.3784889211316908
heldout,A4c,0,0,id_reference,40052,60,6.6111420830639904,1.5751778445186784,0.37523330646387199,0.19037473359753296
heldout,A4c,0,0,id_reference,40053,41,4.0471670855604298,0.96428239571058616,0.53327229325791248,0.42545192641693402
heldout,A4c,0,0,id_reference,40054,250,2.3455234843493757,0.5588469556281398,0.57983283639831229,0.3234703079347388
heldout,A4c,0,0,id_reference,40055,61,4.8743312328407677,1.161363417749719,0.45058585312637839,0.31745964288668788
heldout,A4c,0,0,id_reference,40056,24,4.0247419016078725,0.95893934719075258,0.54196795307537371,0.44552974311716659
heldout,A4c,0,0,id_reference,40057,86,3.6793701170048623,0.87665069321942435,0.51615730013243888,0.35995549128828314
heldout,A4c,0,0,id_reference,40058,250,5.9704242734796749,1.4225197280290676,0.4212761727288496,0.38754077392170261
heldout,A4c,0,0,id_reference,40059,250,4.424106521136876,1.0540923922566316,0.48388638131952483,0.44537626576033235
heldout,A4c,0,0,id_reference,40060,250,4.0023031174462709,0.95359305827044094,0.51654074611278267,0.44009190154678074
heldout,A4c,0,0,id_reference,40061,250,1.7889531111804116,0.42623789811338553,0.66684502323549533,0.28934516868361865
heldout,A4c,0,0,id_reference,40062,68,5.8028935620515902,1.3826036799994859,0.40233571998284556,0.21195460986151479
heldout,A4c,0,0,id_reference,40063,250,4.5282139170634119,1.0788971327165451,0.48025196415555038,0.44032354808740093
heldout,A4c,0,0,id_reference,40064,43,4.2957893536901741,1.0235194055178922,0.52872992835301436,0.44374995103275422
heldout,A4c,0,0,id_reference,40065,250,4.371174328146779,1.0414807108539013,0.46985390453983472,0.2060472753748869
heldout,A4c,0,0,id_reference,40066,250,3.1819770274077346,0.75814127912633356,0.53302305272582906,0.21696056391343918
heldout,A4c,0,0,id_reference,40067,250,4.4751120997102563,1.0662450364300888,0.49772212739065586,0.38221222405727673
heldout,A4c,0,0,id_reference,40068,250,4.6449879455821943,1.1067198387220905,0.47141658160386796,0.40496709622121491
heldout,A4c,0,0,id_reference,40069,250,2.180021141584815,0.5194141889044438,0.59219613506221813,0.29857116305362663
heldout,A4c,0,0,id_reference,40070,250,5.5415398215598834,1.3203332558530689,0.44277118549088051,0.40965647469986816
heldout,A4c,0,0,id_reference,40071,250,4.649966002087087,1.1079059158350535,0.48080786074333937,0.36061983518708057
heldout,A4c,0,0,id_reference,40072,250,5.4547256604953098,1.2996488201865442,0.44602421959996374,0.40124526096781954
heldout,A4c,0,0,id_reference,40073,250,3.6287579946293791,0.86459179434412137,0.51167110349476241,0.2465173564006837
heldout,A4c,0,0,id_reference,40074,250,4.3833399547799212,1.0443793061792539,0.48000093284017542,0.31147196882738754
heldout,A4c,0,0,id_reference,40075,250,1.7769326610433522,0.42337389269659947,0.64199268586583547,0.34034722744198964
heldout,A4c,0,0,id_reference,40076,40,4.2901302565532031,1.0221710629292537,0.50491572242680127,0.36365234689204973
heldout,A4c,0,0,id_reference,40077,250,3.8541702776540676,0.91829876806239086,0.51119702682535828,0.41492591452694766
heldout,A4c,0,0,id_reference,40078,250,4.2377992229590564,1.0097026144127064,0.49340923638462514,0.30635471506592421
heldout,A4c,0,0,id_reference,40079,250,3.543485722352683,0.84427473076351756,0.53041232811129546,0.34801741994607671
heldout,A4c,0,0,id_reference,40080,43,5.6922831376109011,1.3562495209506107,0.41701316567981511,0.26984080773781538
heldout,A4c,0,0,id_reference,40081,250,6.059309575923276,1.4436976360748153,0.39825468259897584,0.19299503252020939
heldout,A4c,0,0,id_reference,40082,250,3.410753758086587,0.81264986977210152,0.52815263359558295,0.35677735960262957
heldout,A4c,0,0,id_reference,40083,250,6.3297086791929944,1.5081232181144588,0.39115336140532569,0.19263224749260321
heldout,A4c,0,0,id_reference,40084,250,3.9392782886604905,0.93857669457554138,0.48967756734035023,0.28992882567497352
heldout,A4c,0,0,id_reference,40085,250,3.2840773710342113,0.7824678171401156,0.53339010256221175,0.29807445950090172
heldout,A4c,0,0,id_reference,40086,43,4.0667274061264491,0.96894285878945507,0.50602863553376098,0.45394320607652694
heldout,A4c,0,0,id_reference,40087,250,3.1324272703985083,0.74633550056922771,0.53127389687744997,0.21902460767481874
heldout,A4c,0,0,id_reference,40088,29,3.4597045839102147,0.82431294633882624,0.55918544676502635,0.40177905455481888
heldout,A4c,0,0,id_reference,40089,250,3.7210536397556124,0.88658225431635995,0.51245397217451949,0.29993833061468261
heldout,A4c,0,0,id_reference,40090,64,4.3541170410206362,1.037416623222579,0.48490451467223139,0.32183037487848443
heldout,A4c,0,0,id_reference,40091,76,6.7194540067567443,1.6009843602998297,0.39861683663063485,0.28732475176513589
heldout,A4c,0,0,id_reference,40092,250,4.4029750278227509,1.0490575798638875,0.49708854290149995,0.48600043568069307
heldout,A4c,0,0,id_reference,40093,250,3.4423175879447072,0.82017030192376172,0.54313329767606844,0.3462089162946847
heldout,A4c,0,0,id_reference,40094,63,4.0974217218992219,0.97625611957714709,0.52388720717266779,0.36355930342920567
heldout,A4c,0,0,id_reference,40095,74,3.2883760132744291,0.78349201627745513,0.52176721742565302,0.35196994083633348
heldout,A4c,0,0,id_reference,40096,250,5.5772721869834925,1.3288468877853945,0.444303812473828,0.38419747473585897
heldout,A4c,0,0,id_reference,40097,81,7.0632039175109576,1.6828865848583376,0.34104333090447864,0.16511365567500988
heldout,A4c,0,0,id_reference,40098,62,2.8934838780510042,0.68940459014694144,0.54686439047454904,0.30725786631151325
heldout,A4c,0,0,id_reference,40099,250,5.1569882833159459,1.228709591513867,0.42842506355679771,0.22067141489960859
heldout,A6c,0,0,id_reference,40000,78,4.1611504713321708,0.99144020016479939,0.51791229288820295,0.34819490376188234
heldout,A6c,0,0,id_reference,40001,250,4.0231800247817286,0.95856721273327194,0.48366439279969109,0.28011891856938553
heldout,A6c,0,0,id_reference,40002,100,3.1047741369203461,0.73974683515574269,0.53897502059450442,0.33739976018823298
heldout,A6c,0,0,id_reference,40003,87,3.8187686279419468,0.90986393281224598,0.49675508032803845,0.32179918485487258
heldout,A6c,0,0,id_reference,40004,67,6.5274631289363052,1.5552404066390593,0.39384497484377273,0.29110495443827317
heldout,A6c,0,0,id_reference,40005,94,5.9891718515433716,1.4269865462025826,0.40679946061110778,0.30596066602411309
heldout,A6c,0,0,id_reference,40006,75,6.4547118186677856,1.537906600973584,0.40311711142499801,0.27456940887731368
heldout,A6c,0,0,id_reference,40007,86,3.1213003762257698,0.74368439476042936,0.50262274437160426,0.33331246608807891
heldout,A6c,0,0,id_reference,40008,48,4.0412015833917643,0.96286104872855982,0.50786041114906444,0.39628535552184663
heldout,A6c,0,0,id_reference,40009,47,4.1376591059511858,0.98584312210767933,0.51377814323779758,0.3842088316961958
heldout,A6c,0,0,id_reference,40010,250,3.0160225501896134,0.71860078635998959,0.5396361795619985,0.40405379381902701
heldout,A6c,0,0,id_reference,40011,250,4.6525422687648543,1.108519739912861,0.47539591503890982,0.35747182554541457
heldout,A6c,0,0,id_reference,40012,250,4.0766578925190045,0.97130890718991514,0.47642889609995048,0.32090275594089568
heldout,A6c,0,0,id_reference,40013,250,2.8675438731455727,0.68322409659524275,0.57273015213253098,0.31645375324077674
heldout,A6c,0,0,id_reference,40014,71,4.6236355537554505,1.1016323948114342,0.47506597597822031,0.38706910731760469
heldout,A6c,0,0,id_reference,40015,250,3.7927140806246786,0.90365614826193974,0.49479829421696792,0.31770614827928811
heldout,A6c,0,0,id_reference,40016,88,4.7944117653789453,1.1423217192186763,0.48574688798814575,0.42270299838399622
heldout,A6c,0,0,id_reference,40017,49,5.0818870411082999,1.2108158885295728,0.46074140033870614,0.35794653550667005
heldout,A6c,0,0,id_reference,40018,92,3.7445018743551963,0.89216905598697582,0.47036842957578545,0.31459503725891874
heldout,A6c,0,0,id_reference,40019,33,4.1040048251973502,0.97782461687051991,0.52330939382315589,0.41890828567221849
heldout,A6c,0,0,id_reference,40020,67,4.1335203801862921,0.98485702484226134,0.54424595155406141,0.34471835517578747
heldout,A6c,0,0,id_reference,40021,250,5.0770307099930374,1.209658813839255,0.45459278755622562,0.39566717238123683
heldout,A6c,0,0,id_reference,40022,250,4.5336754716900831,1.0801984086135796,0.47307912676052344,0.38171072022968339
heldout,A6c,0,0,id_reference,40023,250,2.4587750836708384,0.58583040385329088,0.563183542701999,0.32167668391822907
heldout,A6c,0,0,id_reference,40024,250,4.0882804274771409,0.97407810490691771,0.50479790431184279,0.45120021299812746
heldout,A6c,0,0,id_reference,40025,88,3.7504286808836591,0.89358118330402425,0.5306850126064474,0.34653728659933142
heldout,A6c,0,0,id_reference,40026,250,4.65575826585229,1.109285986848189,0.46762290148083913,0.35096865045868592
heldout,A6c,0,0,id_reference,40027,89,6.9133260802820615,1.647176529678595,0.40515757737979863,0.29783555679473889
heldout,A6c,0,0,id_reference,40028,56,3.6380322297639349,0.86680148361191556,0.53010285986325234,0.41783600815172633
heldout,A6c,0,0,id_reference,40029,53,7.6260867098650111,1.8169996461776903,0.33681909251694586,0.26023059664068149
heldout,A6c,0,0,id_reference,40030,71,3.008562168611371,0.7168232677972276,0.5533717392155737,0.30589765894734977
heldout,A6c,0,0,id_reference,40031,63,3.1348439286632637,0.74691129617437235,0.53942640063754244,0.34047061094218295
heldout,A6c,0,0,id_reference,40032,250,4.3638852877211836,1.0397440162190041,0.48967299240250989,0.41398659130870913
heldout,A6c,0,0,id_reference,40033,52,5.1737694782660162,1.2327078971254821,0.4763150366946487,0.35464805457714216
heldout,A6c,0,0,id_reference,40034,51,3.7611362646980031,0.896132383774498,0.52548256215711409,0.39300396326607046
heldout,A6c,0,0,id_reference,40035,250,4.650775533326752,1.1080987956215027,0.46857409408701101,0.39002066778731664
heldout,A6c,0,0,id_reference,40036,250,3.8444343635153611,0.91597907865702877,0.47484672992292598,0.31617138421048885
heldout,A6c,0,0,id_reference,40037,250,7.2724631256210772,1.7327449095222387,0.35900700413329617,0.22759759441748381
heldout,A6c,0,0,id_reference,40038,250,4.4896462524347438,1.0697079593370269,0.48405260001669309,0.40885553303049055
heldout,A6c,0,0,id_reference,40039,250,4.0714507039333352,0.97006823682020871,0.51439712139974658,0.40839796608446388
heldout,A6c,0,0,id_reference,40040,40,4.24277047730234,1.0108870708353066,0.49662838811898863,0.37144312322982603
heldout,A6c,0,0,id_reference,40041,250,6.7983988512518296,1.6197938441114375,0.38379891753032086,0.3677388829874495
heldout,A6c,0,0,id_reference,40042,250,3.5148706252665782,0.83745686686308041,0.52194300095417845,0.33527330176815578
heldout,A6c,0,0,id_reference,40043,76,3.2067389011695266,0.76404106988083298,0.56432197526193162,0.30907509543823569
heldout,A6c,0,0,id_reference,40044,65,3.4382613704691312,0.81920386317236282,0.52458031117314052,0.33161965451016973
heldout,A6c,0,0,id_reference,40045,70,3.614869735613818,0.86128276276903382,0.51662895523832519,0.34590625028509098
heldout,A6c,0,0,id_reference,40046,250,3.7267941367840329,0.88794999133094588,0.5263113091586672,0.2996096334445375
heldout,A6c,0,0,id_reference,40047,80,4.5712418802977339,1.0891490216534194,0.48663837458630416,0.31611797564505506
heldout,A6c,0,0,id_reference,40048,52,4.0292941945242085,0.96002398141181122,0.51658431261624982,0.38132389675499728
heldout,A6c,0,0,id_reference,40049,250,3.6037336975515268,0.85862947832724668,0.5172476144649395,0.38936192005532605
heldout,A6c,0,0,id_reference,40050,250,3.4426678944467124,0.82025376632882463,0.52947198463476641,0.43775735732652593
heldout,A6c,0,0,id_reference,40051,250,3.1558487752912887,0.75191593359106568,0.53937991339844715,0.38169239097932905
heldout,A6c,0,0,id_reference,40052,250,4.7163102286357468,1.1237131628217563,0.45547880246533884,0.31671513524000061
heldout,A6c,0,0,id_reference,40053,55,4.2932437475197052,1.022912886645629,0.49635914295664274,0.42101490033367778
heldout,A6c,0,0,id_reference,40054,250,3.1728313834140534,0.75596222812248259,0.56943897553096379,0.31795594374061659
heldout,A6c,0,0,id_reference,40055,54,4.7159287380385573,1.1236222684605348,0.4701871336835709,0.3285116699361974
heldout,A6c,0,0,id_reference,40056,36,4.3531204714084266,1.0371791794717187,0.48859675489128018,0.39146917505816425
heldout,A6c,0,0,id_reference,40057,78,7.2100537247973371,1.7178751783574715,0.35814960075475383,0.25642712675829044
heldout,A6c,0,0,id_reference,40058,250,5.139158439723591,1.2244614337455053,0.46458055745536331,0.40292874041014148
heldout,A6c,0,0,id_reference,40059,250,4.562831538686388,1.0871451645883954,0.47464016978522394,0.43532623996546749
heldout,A6c,0,0,id_reference,40060,250,3.6027867353657337,0.85840385409531861,0.54038861711823849,0.46335772791364876
heldout,A6c,0,0,id_reference,40061,55,3.1093416091492632,0.74083508601619164,0.55050512689037157,0.30867542483485522
heldout,A6c,0,0,id_reference,40062,65,5.632515196953932,1.3420091469346687,0.41921755288855667,0.31101278893407902
heldout,A6c,0,0,id_reference,40063,250,5.7053219684571568,1.3593561668537539,0.43086111630500262,0.4192902988391623
heldout,A6c,0,0,id_reference,40064,35,4.6014601182536268,1.09634885162689,0.50387519732654928,0.43392564813231044
heldout,A6c,0,0,id_reference,40065,250,4.5529131223768635,1.084781992018939,0.45259082263221867,0.29046201257332344
heldout,A6c,0,0,id_reference,40066,64,5.7300732242924983,1.3652534277696431,0.45153556864294259,0.33383346457767066
heldout,A6c,0,0,id_reference,40067,43,4.8574901904162067,1.1573508528142711,0.54437490832515556,0.38596616488108404
heldout,A6c,0,0,id_reference,40068,250,5.0167179860307876,1.1952886391653088,0.45398770008131989,0.39514403125690101
heldout,A6c,0,0,id_reference,40069,152,2.8147377265073876,0.67064244713229193,0.5761101931474466,0.30697550673257157
heldout,A6c,0,0,id_reference,40070,250,5.5172743501011912,1.3145517384468028,0.43992621721551178,0.41253905435070587
heldout,A6c,0,0,id_reference,40071,250,4.6161629793137866,1.0998519711638803,0.48514070097004608,0.37351682937447278
heldout,A6c,0,0,id_reference,40072,250,5.427991013890864,1.2932789944464138,0.44526021126860904,0.41580212495315133
heldout,A6c,0,0,id_reference,40073,250,3.5636388933147445,0.84907644701728835,0.51971793215231177,0.35508621497210929
heldout,A6c,0,0,id_reference,40074,250,4.5016760883948361,1.0725742010301338,0.48724498931906818,0.35302592847762215
heldout,A6c,0,0,id_reference,40075,250,1.9398949101403471,0.46220145396292051,0.57972448409690536,0.33473687008360364
heldout,A6c,0,0,id_reference,40076,43,3.5372297117209173,0.84278416692168534,0.497590251883473,0.36247063093856724
heldout,A6c,0,0,id_reference,40077,250,3.5967449956970867,0.8569643426843051,0.51965044240237723,0.39008184277248481
heldout,A6c,0,0,id_reference,40078,63,3.1553089646050716,0.75178731771464369,0.53701656884784998,0.3395471526383802
heldout,A6c,0,0,id_reference,40079,250,3.4578246752455648,0.82386503727242444,0.52836161601358622,0.35479120253423341
heldout,A6c,0,0,id_reference,40080,250,4.7331997651624889,1.1277372820143032,0.46682838917055369,0.33715040563920057
heldout,A6c,0,0,id_reference,40081,129,5.7225422741903902,1.3634590954742587,0.41337515346534559,0.29039230721938752
heldout,A6c,0,0,id_reference,40082,79,8.4791412343940422,2.0202493374294912,0.33814825931378084,0.2584393727451848
heldout,A6c,0,0,id_reference,40083,250,5.1433621285722726,1.225463009185346,0.43011705127583177,0.3221686529240792
heldout,A6c,0,0,id_reference,40084,250,3.9430524109638094,0.93947592102688648,0.48344200426221096,0.34571660664590093
heldout,A6c,0,0,id_reference,40085,250,4.1108378510872532,0.97945266099021455,0.50707686467701019,0.37912457791174636
heldout,A6c,0,0,id_reference,40086,56,4.6986076442253797,1.1194953259633766,0.47587689801588989,0.45783862923966118
heldout,A6c,0,0,id_reference,40087,250,3.064603716542492,0.73017578746244127,0.53704697842908589,0.32530766088738183
heldout,A6c,0,0,id_reference,40088,40,4.1384695791234289,0.98603622632000065,0.53962049596191375,0.42894670418004094
heldout,A6c,0,0,id_reference,40089,250,3.7185973556813861,0.88599701742310411,0.52107821282442668,0.36125895849000317
heldout,A6c,0,0,id_reference,40090,60,2.9969634404053895,0.71405974230267522,0.57077044131611043,0.31769066486854419
heldout,A6c,0,0,id_reference,40091,62,3.5421914396027763,0.84396635355930982,0.53249273264322872,0.30528765865705459
heldout,A6c,0,0,id_reference,40092,23,3.9193970269607066,0.93383976371592459,0.54856967261479139,0.49280374124844295
heldout,A6c,0,0,id_reference,40093,81,4.144895355035084,0.98756723862055451,0.51699498235089436,0.33712851102450075
heldout,A6c,0,0,id_reference,40094,108,4.8872797399339838,1.1644485430180258,0.47800884262427629,0.40567888957097886
heldout,A6c,0,0,id_reference,40095,77,4.078421895213955,0.97172920037494215,0.51323822525955998,0.40897537572518317
heldout,A6c,0,0,id_reference,40096,250,5.4193069469902451,1.2912099192986848,0.45377158842795196,0.40002737652536441
heldout,A6c,0,0,id_reference,40097,94,7.1847443694503061,1.711844944049874,0.34999331693869962,0.26049471633178961
heldout,A6c,0,0,id_reference,40098,250,1.9121927699205092,0.45560111215029758,0.64169513326389283,0.31939041908715143
heldout,A6c,0,0,id_reference,40099,250,4.7681992561300728,1.1360762984881436,0.43763462840512452,0.3124919423943075
safety,A4c,0,0,id_reference,50000,250,4.2344410675776167,1.0089024966888949,0.48802650819147375,0.41675637977383101
safety,A4c,0,0,id_reference,50001,250,3.0809691814643765,0.7340750407890696,0.55865374752179808,0.29954835788170686
safety,A4c,0,0,id_reference,50002,250,3.1789467722840472,0.75741928727165853,0.55759023198658042,0.39272650348223781
safety,A4c,0,0,id_reference,50003,250,4.102223003818148,0.97740007818656105,0.47158759992561999,0.25843639196802531
safety,A4c,0,0,id_reference,50004,250,3.6462925693415311,0.86876960103056278,0.51814536726291727,0.28453502746975057
safety,A4c,0,0,id_reference,50005,65,5.4820258101498061,1.3061533832934191,0.46233082019975985,0.34887469959272055
safety,A4c,0,0,id_reference,50006,250,4.6297943147303666,1.1030997878451168,0.4883694782612128,0.37536249188512333
safety,A4c,0,0,id_reference,50007,250,4.0268569216858472,0.95944327415612107,0.46792158152648483,0.18541177406520445
safety,A4c,0,0,id_reference,50008,250,6.4728317431247362,1.5422238737216707,0.41449503237862989,0.32682137711523201
safety,A4c,0,0,id_reference,50009,250,6.1262718719263747,1.4596521449564785,0.40586937921753624,0.2796993602083182
safety,A4c,0,0,id_reference,50010,61,5.7100994312635311,1.3604944502957164,0.40717502360918917,0.24857041713346717
safety,A4c,0,0,id_reference,50011,250,4.2783613186005809,1.0193669830768519,0.49969442032343336,0.45842696024798424
safety,A4c,0,0,id_reference,50012,47,4.5962066217477515,1.0950971478821603,0.47878569093380902,0.29223029815976131
safety,A4c,0,0,id_reference,50013,250,2.9858701155962555,0.7114166347666625,0.5458071482848843,0.29808671481033117
safety,A4c,0,0,id_reference,50014,250,4.7750624529682408,1.137711531170519,0.4560856960499432,0.34445224448743833
safety,A4c,0,0,id_reference,50015,250,2.602160220359254,0.61999350119822028,0.55245722313419299,0.21734754025952405
safety,A4c,0,0,id_reference,50016,250,3.0363477533498333,0.72344349119087425,0.55407449516260932,0.32506326954664938
safety,A4c,0,0,id_reference,50017,250,6.2422487471767081,1.4872849203643497,0.4157571092027878,0.32392435806060088
safety,A4c,0,0,id_reference,50018,69,4.6767843585121733,1.1142956863673521,0.47108002203856686,0.33206072861485869
safety,A4c,0,0,id_reference,50019,250,5.9229574573692512,1.4112102332174949,0.41405633702843553,0.21393450765798175
safety,A4c,0,0,id_reference,50020,250,4.6454090060747859,1.1068201610492769,0.47538463286635479,0.37957349165806209
safety,A4c,0,0,id_reference,50021,40,4.688879215231438,1.1171774199766809,0.49515199709559921,0.45074089172854342
safety,A4c,0,0,id_reference,50022,69,5.7414018461926482,1.3679525974443894,0.40110178519307693,0.18371651944559358
safety,A4c,0,0,id_reference,50023,69,3.4370335965122885,0.8189113324249373,0.56274977286281369,0.29889082293324964
safety,A4c,0,0,id_reference,50024,50,3.9573567410301895,0.94288408613938124,0.53532895335658159,0.46931794045276182
safety,A4c,0,0,id_reference,50025,250,3.0574174361896644,0.72846357655333493,0.54898448684627543,0.28784292126690686
safety,A4c,0,0,id_reference,50026,250,6.4735102701602454,1.5423855403051161,0.4085893952911937,0.37609805707935173
safety,A4c,0,0,id_reference,50027,39,3.6344667135999629,0.86595195988436624,0.52517864473806264,0.31752157804903541
safety,A4c,0,0,id_reference,50028,81,5.3339886611679255,1.2708818924810634,0.41771206058580512,0.16714093241970163
safety,A4c,0,0,id_reference,50029,76,6.7236598354431303,1.6019864455797099,0.37543201246790148,0.17617446228809913
safety,A4c,0,0,id_reference,50030,78,3.8463526923547566,0.91643614175571153,0.53242702526958907,0.3032800859405364
safety,A4c,0,0,id_reference,50031,62,2.8658570143593876,0.68282218380113757,0.55783354595423429,0.26985199661579157
safety,A4c,0,0,id_reference,50032,63,5.4131216219164795,1.2897361970741541,0.40764511765125444,0.19386157491067996
safety,A4c,0,0,id_reference,50033,35,4.0606151341473913,0.96748654227407593,0.51119553607772639,0.46160663929974199
safety,A4c,0,0,id_reference,50034,250,4.3925186118545669,1.0465662229153885,0.49166024911024409,0.39296646991172285
safety,A4c,0,0,id_reference,50035,250,4.289925239108773,1.0221222152517799,0.4858845145572836,0.4004782959920517
safety,A4c,0,0,id_reference,50036,250,4.5468942410832112,1.0833479268690103,0.48596873998814966,0.36294725725457616
safety,A4c,0,0,id_reference,50037,250,4.3499867627326507,1.036432538662122,0.49227314191745553,0.35816546304367397
safety,A4c,0,0,id_reference,50038,250,3.6963684231062777,0.88070072796816889,0.50623504586168011,0.21731062013806932
safety,A4c,0,0,id_reference,50039,56,4.515127071217087,1.0757790467076889,0.48459683980468748,0.39389819504296752
safety,A4c,0,0,id_reference,50040,250,2.16093202736766,0.51486599595857185,0.63096201062953061,0.30950542891134936
safety,A4c,0,0,id_reference,50041,51,5.6300766729065232,1.341428141564561,0.43336136546432641,0.31650860110685675
safety,A4c,0,0,id_reference,50042,45,2.894243860995509,0.68958566450313519,0.55926776364081798,0.38987714870297197
safety,A4c,0,0,id_reference,50043,73,4.8322679045925474,1.1513413637852388,0.46534119945359653,0.38448158915003883
safety,A4c,0,0,id_reference,50044,79,4.0261050239943952,0.95926412620104173,0.49912376797816499,0.30682050693733187
safety,A4c,0,0,id_reference,50045,250,6.0670262333378409,1.4455362151947986,0.40252247625620552,0.19054600267074223
safety,A4c,0,0,id_reference,50046,250,5.2490790472694098,1.2506512362768649,0.42943226450285682,0.192842068698557
safety,A4c,0,0,id_reference,50047,250,5.0412316659804031,1.2011292949943784,0.45408418769607728,0.34778455886837478
safety,A4c,0,0,id_reference,50048,80,2.5483453284420818,0.60717150699690825,0.58027503261869395,0.34607757370359804
safety,A4c,0,0,id_reference,50049,60,6.086926846617807,1.4502777567827851,0.38379344391551484,0.18464998339541411
safety,A4c,0,0,id_reference,50050,250,7.4673399522979498,1.779176472470777,0.38483936781064665,0.3098737807731114
safety,A4c,0,0,id_reference,50051,84,4.5094677191267571,1.0744306433735882,0.47203737532647655,0.23160005599054778
safety,A4c,0,0,id_reference,50052,250,2.4625301061516587,0.58672507956032338,0.61565109910024485,0.34042339264891808
safety,A4c,0,0,id_reference,50053,67,4.0762451565751556,0.97121056827869245,0.49218670136942261,0.3542772024093338
safety,A4c,0,0,id_reference,50054,250,2.3787012046850609,0.56675191506597833,0.58103177138372275,0.33141458884374714
safety,A4c,0,0,id_reference,50055,250,4.8695607009884014,1.1602267856843353,0.44701047208415334,0.22568594128581965
safety,A4c,0,0,id_reference,50056,41,4.0794188862988827,0.97196674454634702,0.51446183059725514,0.46733170566413323
safety,A4c,0,0,id_reference,50057,250,4.4478131238235852,1.0597407529864022,0.48950373779493067,0.37658535303837432
safety,A4c,0,0,id_reference,50058,250,5.6879079964070565,1.3552070950876736,0.40546660278324281,0.15520674901195569
safety,A4c,0,0,id_reference,50059,76,3.3641755270872546,0.80155209020766394,0.53648378904001348,0.38724506702134082
safety,A4c,0,0,id_reference,50060,64,6.3869942061286054,1.5217721295592317,0.37775215815945679,0.15685854635945401
safety,A4c,0,0,id_reference,50061,250,4.8297140322005818,1.1507328753941244,0.46794428029288915,0.41756256910414286
safety,A4c,0,0,id_reference,50062,250,6.6227403949418946,1.5779412708184541,0.39551736143147592,0.28710901313633713
safety,A4c,0,0,id_reference,50063,250,4.9216837169750027,1.1726456717013087,0.4644148228357633,0.43728582888355805
safety,A4c,0,0,id_reference,50064,250,4.4710135949766059,1.0652685222709637,0.48696846483318607,0.37269132933001375
safety,A4c,0,0,id_reference,50065,43,4.3479076522511573,1.0359371675559488,0.4923360153109701,0.41361662648386127
safety,A4c,0,0,id_reference,50066,250,6.0396857120680636,1.4390220331033154,0.40477389964389027,0.20804561785178521
safety,A4c,0,0,id_reference,50067,250,4.6468011867079424,1.1071518635087556,0.47825778490432036,0.43548751409461683
safety,A4c,0,0,id_reference,50068,36,3.5692094934636094,0.8504037042180741,0.54069550574384317,0.47601351967615979
safety,A4c,0,0,id_reference,50069,62,5.0678089253166156,1.2074616214741971,0.42945225739405174,0.21604371758480648
safety,A4c,0,0,id_reference,50070,250,3.8272542106339209,0.91188571689830733,0.5186850149401161,0.46382733597452097
safety,A4c,0,0,id_reference,50071,44,4.0952683333420543,0.9757430508965359,0.51644277200579136,0.37284738476682411
safety,A4c,0,0,id_reference,50072,250,1.9575070097471914,0.46639773181440181,0.63362032727128847,0.33301543214394286
safety,A4c,0,0,id_reference,50073,250,3.1464562553827768,0.74967806166542839,0.53426299594577431,0.34824339075982608
safety,A4c,0,0,id_reference,50074,60,3.9192279645771801,0.93379948273004854,0.52019200435598811,0.4701947284589863
safety,A4c,0,0,id_reference,50075,250,5.4536236079842109,1.2993862439664041,0.43674989958521487,0.33920617002448095
safety,A4c,0,0,id_reference,50076,250,2.2776678536595103,0.54267959986031744,0.60730918636368381,0.35949951489705961
safety,A4c,0,0,id_reference,50077,250,2.754972499448356,0.65640271966112185,0.59755701393178628,0.32403221741181543
safety,A4c,0,0,id_reference,50078,250,5.4467300540074142,1.2977437783594312,0.45078082360919813,0.39767192999622908
safety,A4c,0,0,id_reference,50079,250,3.0464222077566623,0.72584384156572146,0.53885376301530274,0.27738167511595718
safety,A4c,0,0,id_reference,50080,129,4.4053169826229679,1.0496155765409845,0.51716280734796916,0.25339456971096402
safety,A4c,0,0,id_reference,50081,250,1.5859776416712035,0.37787674378715702,0.69019268804364609,0.31396966696983797
safety,A4c,0,0,id_reference,50082,42,4.4309710619309914,1.0557279451514008,0.46959283848582906,0.36619584046813319
safety,A4c,0,0,id_reference,50083,65,2.9482481551267239,0.70245278588028393,0.56571772521968167,0.35683341093955362
safety,A4c,0,0,id_reference,50084,40,4.4767332108146851,1.0666312841106131,0.50124902651314462,0.38659364009152186
safety,A4c,0,0,id_reference,50085,250,1.5158910539009836,0.36117783777871154,0.66506682933574146,0.32151292905335699
safety,A4c,0,0,id_reference,50086,53,8.2287553903365591,1.9605921361191745,0.3310913416961303,0.17601896358194866
safety,A4c,0,0,id_reference,50087,37,3.8795503868528156,0.92434586025902443,0.54314408913686996,0.40755986638729896
safety,A4c,0,0,id_reference,50088,250,4.6262025976085841,1.1022440214490952,0.46988212614368635,0.28449088974348558
safety,A4c,0,0,id_reference,50089,69,3.0842694245089741,0.73486136025703175,0.56214468524069594,0.3752220175692656
safety,A4c,0,0,id_reference,50090,250,6.2643614450985723,1.4925535156254142,0.39145276540709167,0.18622561107005614
safety,A4c,0,0,id_reference,50091,250,2.2710289730068931,0.54109781299429394,0.59455627956997914,0.33037011769565366
safety,A4c,0,0,id_reference,50092,250,5.0790221103920334,1.2101332870465544,0.45342727479435746,0.34778458361813924
safety,A4c,0,0,id_reference,50093,250,1.8510763970918651,0.44103945923050331,0.63038462476300883,0.36009869678322304
safety,A4c,0,0,id_reference,50094,250,5.0175356168542038,1.1954834487673198,0.45730556619975005,0.41649805717122962
safety,A4c,0,0,id_reference,50095,64,4.367676602419361,1.0406473389488946,0.51987356853025024,0.37743729958357197
safety,A4c,0,0,id_reference,50096,250,2.9602831580001889,0.70532025864774484,0.54871155268659189,0.30253024065766426
safety,A4c,0,0,id_reference,50097,250,5.4236953218052326,1.2922554982160885,0.44806409585632312,0.39882913564560929
safety,A4c,0,0,id_reference,50098,64,6.7064923239165291,1.5978960957638295,0.34316556139512555,0.17830848268216629
safety,A4c,0,0,id_reference,50099,250,5.7743896119827607,1.3758122981072851,0.43419804852675631,0.33410373181967401
safety,A6c,0,0,id_reference,50000,250,4.6380714952381563,1.1050719178019592,0.46901271690163676,0.41349048499468904
safety,A6c,0,0,id_reference,50001,250,2.8920391749093266,0.68906037361792349,0.56110128588877484,0.3144748524124098
safety,A6c,0,0,id_reference,50002,250,3.4028932158621537,0.81077700850210255,0.53721439769821155,0.39618356466703264
safety,A6c,0,0,id_reference,50003,250,4.0764955775989202,0.97127023386195765,0.46153379994638932,0.30276843885674648
safety,A6c,0,0,id_reference,50004,95,4.0373708948742184,0.96194834474999191,0.4900579002575049,0.36224869904203033
safety,A6c,0,0,id_reference,50005,67,3.7974470754004153,0.90478383670295226,0.51158248175044096,0.33210799809226227
safety,A6c,0,0,id_reference,50006,250,4.7764636433961387,1.1380453803134123,0.46669775370775268,0.37573451984370471
safety,A6c,0,0,id_reference,50007,250,3.8586205213816305,0.91935908793364618,0.4904100435079406,0.31804027331004581
safety,A6c,0,0,id_reference,50008,94,4.1393558387744598,0.986247387500513,0.509131453098709,0.35107910515090113
safety,A6c,0,0,id_reference,50009,250,5.2256167792750077,1.2450610909944611,0.43558830765599194,0.31583724088825343
safety,A6c,0,0,id_reference,50010,250,4.4204704771167318,1.0532260644859885,0.46983349448875378,0.28992907771705201
safety,A6c,0,0,id_reference,50011,250,4.2901031660936093,1.022164608327127,0.49732108611481129,0.40525894591581746
safety,A6c,0,0,id_reference,50012,49,4.4007545684404947,1.0485285308161376,0.48284360725807957,0.35549202134715785
safety,A6c,0,0,id_reference,50013,250,4.1899183046924673,0.99829445517469062,0.47922081950387707,0.29914790628340793
safety,A6c,0,0,id_reference,50014,250,4.7241111570123087,1.1255718204320526,0.49901088441293662,0.32075539280597581
safety,A6c,0,0,id_reference,50015,76,5.5931423936716715,1.3326281403509974,0.46083799666558317,0.3421424285259671
safety,A6c,0,0,id_reference,50016,250,2.966495550184665,0.70680042991127212,0.53669263202227957,0.32067768300400623
safety,A6c,0,0,id_reference,50017,74,3.6119822191155926,0.86059477997324141,0.50756644327210132,0.3230145630759293
safety,A6c,0,0,id_reference,50018,50,7.4984619619756989,1.7865916360696459,0.34194493281522975,0.25258660076825529
safety,A6c,0,0,id_reference,50019,250,4.8579124326664198,1.157451456708303,0.43649489917951745,0.30982480939264173
safety,A6c,0,0,id_reference,50020,66,4.7364278168676677,1.1285064010958588,0.46776012893962204,0.38142428696528358
safety,A6c,0,0,id_reference,50021,57,4.6983647547679457,1.1194374548592301,0.48706890843656869,0.44560067790040137
safety,A6c,0,0,id_reference,50022,84,4.0910269861203101,0.97473250293210523,0.4657569123816504,0.32400524642445672
safety,A6c,0,0,id_reference,50023,73,3.9615490594177949,0.94388295244089981,0.51004412372603913,0.34402116965783741
safety,A6c,0,0,id_reference,50024,62,4.0035549307812524,0.95389131666603455,0.52686858558149785,0.48334917279408629
safety,A6c,0,0,id_reference,50025,83,4.0772003339631508,0.97143814987355925,0.51618823036687322,0.31026546826918583
safety,A6c,0,0,id_reference,50026,250,6.2768903900040369,1.4955386755542621,0.4228124202596017,0.3876557966656094
safety,A6c,0,0,id_reference,50027,250,2.763021702003154,0.65832053134495194,0.59206253570096501,0.37615085694463984
safety,A6c,0,0,id_reference,50028,59,5.7861920890831682,1.3786243690332187,0.44311621040814114,0.33500355379759478
safety,A6c,0,0,id_reference,50029,102,6.2206722063606605,1.4821440704736997,0.40978255982986211,0.31175943484260299
safety,A6c,0,0,id_reference,50030,80,3.4312284657479228,0.81752819570670099,0.54465490518117488,0.31732178173106657
safety,A6c,0,0,id_reference,50031,61,3.3294980645068226,0.7932898005647363,0.53667463672461901,0.31357043379620025
safety,A6c,0,0,id_reference,50032,73,3.8171455125537586,0.90947720758891115,0.47685474880862194,0.32152082781978142
safety,A6c,0,0,id_reference,50033,250,4.4562304963686579,1.0617462852492807,0.48671822749748478,0.46008333870649626
safety,A6c,0,0,id_reference,50034,56,4.7267147616948311,1.1261921580923642,0.47755492155778739,0.40590075872724024
safety,A6c,0,0,id_reference,50035,250,4.0725809174253627,0.97033752270604356,0.49204760060349362,0.36819066178597004
safety,A6c,0,0,id_reference,50036,69,5.6865804581107362,1.3548907943811028,0.4677043644583222,0.39715959471418316
safety,A6c,0,0,id_reference,50037,60,4.0634492379890474,0.96816179891269494,0.5060899444203153,0.36014751437556908
safety,A6c,0,0,id_reference,50038,250,3.2793953982960473,0.78135228526481537,0.54252244186012644,0.32388409790005457
safety,A6c,0,0,id_reference,50039,66,5.4448743448714492,1.2973016350988391,0.45357749991009155,0.4224039936548018
safety,A6c,0,0,id_reference,50040,65,3.2825430556584116,0.78210224950352591,0.56210028578367965,0.33131806121687957
safety,A6c,0,0,id_reference,50041,51,5.0858283317939508,1.2117549447000262,0.43965227524757033,0.32504810608021972
safety,A6c,0,0,id_reference,50042,250,2.1265635793803863,0.50667733246596147,0.64187920873576965,0.43478192746070982
safety,A6c,0,0,id_reference,50043,37,4.7198834288134428,1.1245645173507046,0.46911240413662803,0.41826763616511142
safety,A6c,0,0,id_reference,50044,58,6.3660982467580816,1.5167934357379735,0.46031963070594284,0.34961660593958799
safety,A6c,0,0,id_reference,50045,250,4.9870616850364655,1.1882226968984948,0.43231481751486722,0.33562192190380724
safety,A6c,0,0,id_reference,50046,55,6.006699414205281,1.4311626821903689,0.39912465090664645,0.30018790314044852
safety,A6c,0,0,id_reference,50047,250,4.8283330928664352,1.1504038512986745,0.46237096117267434,0.34720751221948842
safety,A6c,0,0,id_reference,50048,64,3.6475052955931497,0.86905854649550895,0.54580628556994415,0.3731656177300981
safety,A6c,0,0,id_reference,50049,69,6.5271608034085862,1.5551683742326894,0.42077326367850088,0.28857271812867602
safety,A6c,0,0,id_reference,50050,85,3.9412212702717642,0.93903963147024616,0.51015999419954383,0.32274876590276191
safety,A6c,0,0,id_reference,50051,250,1.9023368707378485,0.45325283497892843,0.64055385642147156,0.3271128761821625
safety,A6c,0,0,id_reference,50052,250,5.5854659797913335,1.3307991496988922,0.44415150480089982,0.2974587320218593
safety,A6c,0,0,id_reference,50053,57,6.7795322388653796,1.6152986646917742,0.4594872417751461,0.34162114818429684
safety,A6c,0,0,id_reference,50054,83,3.6716268719005392,0.87480577928779779,0.5206330992899203,0.31832478448290447
safety,A6c,0,0,id_reference,50055,250,3.5106720689052149,0.83645651429520496,0.51398437508655959,0.32491313919463277
safety,A6c,0,0,id_reference,50056,31,4.0043567638913355,0.95408236228782506,0.53653286676361422,0.4639527671619163
safety,A6c,0,0,id_reference,50057,58,4.8828406374709621,1.1633908776764788,0.4847696953302722,0.3574839893568843
safety,A6c,0,0,id_reference,50058,80,6.1602323776958556,1.4677436116962077,0.39464927386811899,0.31567885942508278
safety,A6c,0,0,id_reference,50059,250,2.9692733106114284,0.70746226210707797,0.56045823994183519,0.37031853982364243
safety,A6c,0,0,id_reference,50060,72,6.933421888898966,1.6519645787181287,0.38706311238706809,0.27387678740865129
safety,A6c,0,0,id_reference,50061,250,4.7130196475252397,1.1229291454166335,0.47621685397185737,0.42306970428108082
safety,A6c,0,0,id_reference,50062,70,3.8582477991708357,0.9192702827376259,0.48777592820642812,0.30510668708376654
safety,A6c,0,0,id_reference,50063,250,4.9195407252763026,1.1721350801874117,0.46024419362783303,0.41220227913944074
safety,A6c,0,0,id_reference,50064,250,4.3304689062180248,1.0317821931139464,0.49455342107049921,0.37787116310773627
safety,A6c,0,0,id_reference,50065,44,4.5142352759412869,1.0755665666032475,0.48170315153199861,0.44885482934906457
safety,A6c,0,0,id_reference,50066,250,5.1071581990249291,1.216837021876197,0.43533036940150704,0.31353067628463571
safety,A6c,0,0,id_reference,50067,250,4.4839374661768385,1.068347777764832,0.4828639896038957,0.4158748135880066
safety,A6c,0,0,id_reference,50068,250,3.8863426973783795,0.92596420349208963,0.52065250980364564,0.48621152393397254
safety,A6c,0,0,id_reference,50069,55,5.6071224984515204,1.3359590551969633,0.44514078669368756,0.32962134746558241
safety,A6c,0,0,id_reference,50070,250,3.694594708287628,0.88027812076207224,0.51404034402657128,0.44321640385708644
safety,A6c,0,0,id_reference,50071,41,3.8101550830574813,0.90781166031616178,0.50918729042346689,0.36666776257947137
safety,A6c,0,0,id_reference,50072,250,3.2359712002667171,0.7710059889982418,0.55262277287591721,0.32188000699635549
safety,A6c,0,0,id_reference,50073,250,2.9461228556055907,0.70194640972369948,0.56800630744840341,0.33464367139818918
safety,A6c,0,0,id_reference,50074,250,3.3770108989814513,0.8046102597614071,0.54058045222937035,0.4232554476827054
safety,A6c,0,0,id_reference,50075,250,5.9115985197301173,1.4085038404820751,0.41822451982084735,0.34092542649471702
safety,A6c,0,0,id_reference,50076,250,4.7200444098872492,1.124602872875009,0.48527590078861316,0.35573921743318737
safety,A6c,0,0,id_reference,50077,250,3.0411549499943771,0.72458885904919457,0.56811884759296716,0.3778211977484362
safety,A6c,0,0,id_reference,50078,250,5.0147013039299217,1.1948081423124488,0.45461179592208301,0.39662051824732319
safety,A6c,0,0,id_reference,50079,250,5.1807241165575455,1.2343649167471782,0.41065892031995621,0.26800687528852479
safety,A6c,0,0,id_reference,50080,104,3.2871243266819725,0.78319378807967222,0.54085679270988984,0.3155870163557184
safety,A6c,0,0,id_reference,50081,55,2.8748509282612114,0.68496508342962281,0.57915081421330827,0.35835931307528335
safety,A6c,0,0,id_reference,50082,250,4.1570058794524254,0.99045270523252871,0.50505009391492472,0.39535586804680178
safety,A6c,0,0,id_reference,50083,250,2.5701714164118825,0.61237181426161191,0.606993069787374,0.33050938886575948
safety,A6c,0,0,id_reference,50084,39,4.0665503648594692,0.96890067674620017,0.48408978326897145,0.35000452320587516
safety,A6c,0,0,id_reference,50085,250,2.142442264438313,0.51046060509708657,0.62199181069884235,0.34308333836074018
safety,A6c,0,0,id_reference,50086,62,7.4647867212751393,1.7785681368929696,0.35432528309657585,0.29815592681085629
safety,A6c,0,0,id_reference,50087,48,4.5062452992168183,1.0736628661296419,0.49109166343570038,0.43817305081608376
safety,A6c,0,0,id_reference,50088,250,3.3832002585550294,0.80608494325021529,0.55964488410350222,0.30687447705665566
safety,A6c,0,0,id_reference,50089,73,3.3383033848990289,0.79538776570017389,0.55537508075155928,0.36570980748689397
safety,A6c,0,0,id_reference,50090,250,5.1138496176152168,1.2184313264879256,0.43576430340474004,0.32464200829452677
safety,A6c,0,0,id_reference,50091,250,4.2911459478681921,1.0224130626376458,0.50656708104259396,0.30752167768549177
safety,A6c,0,0,id_reference,50092,250,5.5121057524616113,1.313320262797542,0.43797958507120555,0.37734812792914119
safety,A6c,0,0,id_reference,50093,250,5.4853182239232892,1.3069378373507996,0.48230746596361418,0.35305133494549901
safety,A6c,0,0,id_reference,50094,40,4.7275312456474934,1.1263866944397123,0.46860511770359309,0.43246504281066506
safety,A6c,0,0,id_reference,50095,49,3.9679777472462807,0.94541465853789919,0.52316383239974451,0.42158406637297474
safety,A6c,0,0,id_reference,50096,250,3.070075045811925,0.73147939227640457,0.53672434787762135,0.32125011300781969
safety,A6c,0,0,id_reference,50097,250,5.0205593910105684,1.1962038964597292,0.46935991270743599,0.40280289523931589
safety,A6c,0,0,id_reference,50098,64,7.7821229953244817,1.8541770198763112,0.33813444956451666,0.25678969795788065
safety,A6c,0,0,id_reference,50099,250,5.6151723476401587,1.3378770209484698,0.46550780795692726,0.37273549555311664
safety,A6c_gate_off_control,0,0,id_reference,50000,64,4.7938193320757598,1.1421805654207686,1,1
safety,A6c_gate_off_control,0,0,id_reference,50001,106,3.7209459132453819,0.88655658728182185,1,1
safety,A6c_gate_off_control,0,0,id_reference,50002,250,3.2775992249451837,0.78092432706460624,1,1
safety,A6c_gate_off_control,0,0,id_reference,50003,250,6.528672697126682,1.5555285996609272,1,1
safety,A6c_gate_off_control,0,0,id_reference,50004,75,4.6373049972017748,1.1048892911529467,1,1
safety,A6c_gate_off_control,0,0,id_reference,50005,71,3.7286492521983048,0.88839199313076678,1,1
safety,A6c_gate_off_control,0,0,id_reference,50006,68,5.3229744040249418,1.2682576236924825,1,1
safety,A6c_gate_off_control,0,0,id_reference,50007,88,5.7195603730494504,1.3627486244916753,1,1
safety,A6c_gate_off_control,0,0,id_reference,50008,98,4.1669813195380696,0.99282946434839814,1,1
safety,A6c_gate_off_control,0,0,id_reference,50009,91,5.4315290603133626,1.2941219732037264,1,1
safety,A6c_gate_off_control,0,0,id_reference,50010,250,4.9195977507660373,1.1721486671421124,1,1
safety,A6c_gate_off_control,0,0,id_reference,50011,74,3.869578458139864,0.92196993776660063,1,1
safety,A6c_gate_off_control,0,0,id_reference,50012,46,4.3689689846211426,1.0409552633264558,1,1
safety,A6c_gate_off_control,0,0,id_reference,50013,250,3.7428042432300934,0.89176457656377939,1,1
safety,A6c_gate_off_control,0,0,id_reference,50014,250,4.4374187713551265,1.0572641833542993,1,1
safety,A6c_gate_off_control,0,0,id_reference,50015,76,6.1485444590400107,1.4649588355888561,1,1
safety,A6c_gate_off_control,0,0,id_reference,50016,100,6.0196439867489175,1.4342468700086484,1,1
safety,A6c_gate_off_control,0,0,id_reference,50017,78,3.5114370244905126,0.83663877343815829,1,1
safety,A6c_gate_off_control,0,0,id_reference,50018,50,7.4984619619756989,1.7865916360696459,1,1
safety,A6c_gate_off_control,0,0,id_reference,50019,121,6.2275669136808931,1.4837868108775238,1,1
safety,A6c_gate_off_control,0,0,id_reference,50020,59,4.4662482643124992,1.0641331294463054,1,1
safety,A6c_gate_off_control,0,0,id_reference,50021,50,4.5880594617954547,1.0931559967631299,1,1
safety,A6c_gate_off_control,0,0,id_reference,50022,72,4.9381866760130988,1.1765776845243883,1,1
safety,A6c_gate_off_control,0,0,id_reference,50023,70,4.0585221271337826,0.96698786016517013,1,1
safety,A6c_gate_off_control,0,0,id_reference,50024,60,3.7362057260666646,0.89019240674623223,1,1
safety,A6c_gate_off_control,0,0,id_reference,50025,86,3.8415960978938259,0.91530283042824634,1,1
safety,A6c_gate_off_control,0,0,id_reference,50026,250,6.2451940290362398,1.4879866663974415,1,1
safety,A6c_gate_off_control,0,0,id_reference,50027,250,2.5780694984782389,0.61425361981484372,1,1
safety,A6c_gate_off_control,0,0,id_reference,50028,56,5.2211753335878122,1.2440028673537944,1,1
safety,A6c_gate_off_control,0,0,id_reference,50029,250,4.7953457805326538,1.1425442586767731,1,1
safety,A6c_gate_off_control,0,0,id_reference,50030,89,3.4472538593794866,0.82134642328084373,1,1
safety,A6c_gate_off_control,0,0,id_reference,50031,63,3.1436845140573566,0.74901766358720168,1,1
safety,A6c_gate_off_control,0,0,id_reference,50032,63,5.2229916471514404,1.2444356241828234,1,1
safety,A6c_gate_off_control,0,0,id_reference,50033,250,4.5798463147316735,1.0911991234837335,1,1
safety,A6c_gate_off_control,0,0,id_reference,50034,53,4.811071224279508,1.1462910198678122,1,1
safety,A6c_gate_off_control,0,0,id_reference,50035,250,2.9233191654726576,0.69651317791301393,1,1
safety,A6c_gate_off_control,0,0,id_reference,50036,67,6.1242394131233464,1.4591678891295423,1,1
safety,A6c_gate_off_control,0,0,id_reference,50037,58,4.911188103491428,1.1701449755105082,1,1
safety,A6c_gate_off_control,0,0,id_reference,50038,92,4.0908457187972251,0.97468931398416381,1,1
safety,A6c_gate_off_control,0,0,id_reference,50039,63,5.5376543692809124,1.3194075038016271,1,1
safety,A6c_gate_off_control,0,0,id_reference,50040,250,2.0151853181739439,0.48014022780096943,1,1
safety,A6c_gate_off_control,0,0,id_reference,50041,49,5.7676332243330641,1.3742025138973761,1,1
safety,A6c_gate_off_control,0,0,id_reference,50042,250,2.2277543554325159,0.53078715592827819,1,1
safety,A6c_gate_off_control,0,0,id_reference,50043,39,4.5344077134241259,1.0803728733190425,1,1
safety,A6c_gate_off_control,0,0,id_reference,50044,58,6.3816530388303949,1.520499537276945,1,1
safety,A6c_gate_off_control,0,0,id_reference,50045,138,5.8187326838905129,1.3863775262553721,1,1
safety,A6c_gate_off_control,0,0,id_reference,50046,58,6.0912187121809929,1.4513003413017447,1,1
safety,A6c_gate_off_control,0,0,id_reference,50047,250,4.5481926619049826,1.0836572900146846,1,1
safety,A6c_gate_off_control,0,0,id_reference,50048,58,3.8764216439776558,0.92360040260643939,1,1
safety,A6c_gate_off_control,0,0,id_reference,50049,78,6.0287926906659361,1.4364266500731346,1,1
safety,A6c_gate_off_control,0,0,id_reference,50050,84,4.1307261991299136,0.98419128024952962,1,1
safety,A6c_gate_off_control,0,0,id_reference,50051,250,1.8161542943782651,0.43271888136554015,1,1
safety,A6c_gate_off_control,0,0,id_reference,50052,250,5.5402544494046868,1.3200270016967692,1,1
safety,A6c_gate_off_control,0,0,id_reference,50053,52,6.803819802778321,1.6210854458700221,1,1
safety,A6c_gate_off_control,0,0,id_reference,50054,82,3.9902019207710167,0.9507098140963588,1,1
safety,A6c_gate_off_control,0,0,id_reference,50055,98,4.8455123149808257,1.1544969912918346,1,1
safety,A6c_gate_off_control,0,0,id_reference,50056,250,4.3519222121693222,1.0368936809327807,1,1
safety,A6c_gate_off_control,0,0,id_reference,50057,55,4.0715565232054516,0.97009344943413633,1,1
safety,A6c_gate_off_control,0,0,id_reference,50058,250,5.8635801339963276,1.3970629280970304,1,1
safety,A6c_gate_off_control,0,0,id_reference,50059,95,3.3102390442844034,0.788701125630763,1,1
safety,A6c_gate_off_control,0,0,id_reference,50060,102,5.3210432122147049,1.267797495848491,1,1
safety,A6c_gate_off_control,0,0,id_reference,50061,250,4.2599388678938324,1.0149776300981364,1,1
safety,A6c_gate_off_control,0,0,id_reference,50062,69,4.1145234488811866,0.98033079549645707,1,1
safety,A6c_gate_off_control,0,0,id_reference,50063,250,4.8021938951358081,1.144175897849564,1,1
safety,A6c_gate_off_control,0,0,id_reference,50064,50,4.5351224953709757,1.0805431780367742,1,1
safety,A6c_gate_off_control,0,0,id_reference,50065,40,4.2165462720417874,1.0046388634004138,1,1
safety,A6c_gate_off_control,0,0,id_reference,50066,99,5.7168629370730581,1.3621059304860654,1,1
safety,A6c_gate_off_control,0,0,id_reference,50067,51,4.8291366185326332,1.1505953001907108,1,1
safety,A6c_gate_off_control,0,0,id_reference,50068,250,3.6433427607373243,0.86806677645040131,1,1
safety,A6c_gate_off_control,0,0,id_reference,50069,51,5.6831651284763831,1.3540770542581151,1,1
safety,A6c_gate_off_control,0,0,id_reference,50070,250,4.2201785325642733,1.0055042897108235,1,1
safety,A6c_gate_off_control,0,0,id_reference,50071,38,4.3429177620301385,1.0347482709290159,1,1
safety,A6c_gate_off_control,0,0,id_reference,50072,250,3.418083187303627,0.81439618748401776,1,1
safety,A6c_gate_off_control,0,0,id_reference,50073,98,3.7923257934742693,0.90356363454661626,1,1
safety,A6c_gate_off_control,0,0,id_reference,50074,58,4.2773898758100977,1.0191355260696418,1,1
safety,A6c_gate_off_control,0,0,id_reference,50075,250,4.0310079019016705,0.9604322911802371,1,1
safety,A6c_gate_off_control,0,0,id_reference,50076,250,4.785471924432164,1.1401917030707911,1,1
safety,A6c_gate_off_control,0,0,id_reference,50077,250,3.1007779215675626,0.73879469257484798,1,1
safety,A6c_gate_off_control,0,0,id_reference,50078,64,5.227562819220541,1.2455247565711856,1,1
safety,A6c_gate_off_control,0,0,id_reference,50079,101,7.2003930703741235,1.7155734204131097,1,1
safety,A6c_gate_off_control,0,0,id_reference,50080,98,3.2546982664079018,0.77546791997897158,1,1
safety,A6c_gate_off_control,0,0,id_reference,50081,60,2.6766597439389379,0.63774383805310886,1,1
safety,A6c_gate_off_control,0,0,id_reference,50082,250,3.7333204410246799,0.88950495561961096,1,1
safety,A6c_gate_off_control,0,0,id_reference,50083,250,2.4853507941926232,0.59216236131091315,1,1
safety,A6c_gate_off_control,0,0,id_reference,50084,39,4.2910052061523247,1.0223795293645974,1,1
safety,A6c_gate_off_control,0,0,id_reference,50085,250,2.1501316966470636,0.51229269751016315,1,1
safety,A6c_gate_off_control,0,0,id_reference,50086,250,6.3635762318640641,1.5161925377486867,1,1
safety,A6c_gate_off_control,0,0,id_reference,50087,45,4.5723932699007825,1.0894233529823101,1,1
safety,A6c_gate_off_control,0,0,id_reference,50088,250,3.3550734166031564,0.79938341154476822,1,1
safety,A6c_gate_off_control,0,0,id_reference,50089,73,2.8254294612077744,0.67318987137577679,1,1
safety,A6c_gate_off_control,0,0,id_reference,50090,88,6.2702495294828759,1.4939564169626236,1,1
safety,A6c_gate_off_control,0,0,id_reference,50091,250,4.4772210010098057,1.066747505528709,1,1
safety,A6c_gate_off_control,0,0,id_reference,50092,95,4.7487824549681461,1.1314500304973163,1,1
safety,A6c_gate_off_control,0,0,id_reference,50093,250,5.5028195750357662,1.3111077281465424,1,1
safety,A6c_gate_off_control,0,0,id_reference,50094,35,4.4987933453039251,1.0718873555515174,1,1
safety,A6c_gate_off_control,0,0,id_reference,50095,49,4.4718566950668661,1.0654694002079681,1,1
safety,A6c_gate_off_control,0,0,id_reference,50096,250,3.4842594607190351,0.83016341777601155,1,1
safety,A6c_gate_off_control,0,0,id_reference,50097,250,4.9007029556377706,1.1676467728719819,1,1
safety,A6c_gate_off_control,0,0,id_reference,50098,137,6.831005219766217,1.6275626726479844,1,1
safety,A6c_gate_off_control,0,0,id_reference,50099,250,5.4785833146283602,1.3053331705968674,1,1
safety,A4c,0,0,ood_compound,50000,250,6.4377081791162034,1.5338552954712492,0.42121198486540457,0.37099619466502626
safety,A4c,0,0,ood_compound,50001,250,3.7000596962727728,0.8815802146948003,0.51189518510356335,0.30155485270273008
safety,A4c,0,0,ood_compound,50002,250,6.5140079460490181,1.5520345602494776,0.4065942828301804,0.32368014846786936
safety,A4c,0,0,ood_compound,50003,250,7.5282368468780563,1.7936858322663114,0.34316740890472952,0.17292823790687176
safety,A4c,0,0,ood_compound,50004,250,4.4891788582893257,1.0695965975037354,0.47115507450782451,0.3419906370444124
safety,A4c,0,0,ood_compound,50005,250,4.80271703757316,1.1443005423310304,0.46131307680723382,0.28892461984592155
safety,A4c,0,0,ood_compound,50006,250,5.6712910830342214,1.3512479313818704,0.43287899952616904,0.3564626624888097
safety,A4c,0,0,ood_compound,50007,250,4.6322851367044944,1.103693253775661,0.45260926300284188,0.30532563451791933
safety,A4c,0,0,ood_compound,50008,250,6.0850806337621197,1.4498378761161763,0.44721191075915917,0.36273383450992319
safety,A4c,0,0,ood_compound,50009,250,6.467755566013194,1.541014418287119,0.39837078867621323,0.34245818766201086
safety,A4c,0,0,ood_compound,50010,250,4.6955619740970693,1.1187696613130711,0.45461536024538957,0.3267120966971781
safety,A4c,0,0,ood_compound,50011,250,4.6096553867946,1.0983014651501557,0.47827436795514994,0.39355795004385963
safety,A4c,0,0,ood_compound,50012,89,4.2006443246422744,1.000850048258688,0.50004258173356098,0.32123569772202648
safety,A4c,0,0,ood_compound,50013,250,3.3649656653830755,0.80174034941039241,0.52744470073213023,0.31718285754551756
safety,A4c,0,0,ood_compound,50014,250,5.2256331178581945,1.2450649838429164,0.44937952079400217,0.29602210190885547
safety,A4c,0,0,ood_compound,50015,250,1.912820494390818,0.45575067445975476,0.5800709412650924,0.25821524175707156
safety,A4c,0,0,ood_compound,50016,250,3.9042120892883103,0.93022178408525991,0.51886541325143598,0.34758745009995223
safety,A4c,0,0,ood_compound,50017,250,6.0489801406303734,1.4412365336789901,0.44177978891881836,0.35242962544972251
safety,A4c,0,0,ood_compound,50018,250,2.1551857950027404,0.51349689243652463,0.6030101489600026,0.27082047403847742
safety,A4c,0,0,ood_compound,50019,250,6.1949153810076805,1.4760072214797739,0.40702160933175896,0.33481514945808299
safety,A4c,0,0,ood_compound,50020,250,5.7829827871964863,1.3778597173036451,0.4143617797390734,0.36917166458886874
safety,A4c,0,0,ood_compound,50021,250,6.7444453008875875,1.6069388129989477,0.39813728566010026,0.36134881205376368
safety,A4c,0,0,ood_compound,50022,250,3.6959736434920556,0.88060666735141357,0.49940379887064579,0.2544597683337757
safety,A4c,0,0,ood_compound,50023,250,2.8854444154755456,0.6874890991210959,0.55532499768081112,0.30789695938516892
safety,A4c,0,0,ood_compound,50024,250,5.1669000617117549,1.2310711825268408,0.46469963703947609,0.36931550227453169
safety,A4c,0,0,ood_compound,50025,250,4.2332163232954638,1.0086106877950292,0.50253567946201239,0.29087382676022622
safety,A4c,0,0,ood_compound,50026,250,5.6299843372276017,1.3414061415660936,0.43357195379447439,0.37147010153381677
safety,A4c,0,0,ood_compound,50027,250,5.5379167187355716,1.3194700114657052,0.45121098183258723,0.31272683918569544
safety,A4c,0,0,ood_compound,50028,250,2.0620983315957719,0.49131777298653945,0.58046236970026144,0.31043562789810553
safety,A4c,0,0,ood_compound,50029,250,5.4361734868661564,1.2952285592843971,0.41296213521537689,0.23009471236955079
safety,A4c,0,0,ood_compound,50030,250,3.9965782668275032,0.95222904918629758,0.50773118046863175,0.33185529337123898
safety,A4c,0,0,ood_compound,50031,250,2.3422041137497294,0.55805607880827779,0.58347500561543508,0.29286276798728339
safety,A4c,0,0,ood_compound,50032,250,3.5660935169736434,0.84966128829819709,0.5093295162003082,0.21442711160741409
safety,A4c,0,0,ood_compound,50033,250,6.777431253820855,1.6147980817286161,0.3937391914534521,0.37233796092485377
safety,A4c,0,0,ood_compound,50034,250,6.5763825126383324,1.5668959917719729,0.3944284857574249,0.32687475058412996
safety,A4c,0,0,ood_compound,50035,250,5.6109763364488163,1.3368772747955491,0.42225970889786585,0.35127095486790327
safety,A4c,0,0,ood_compound,50036,250,6.7260723725978586,1.602561259284734,0.38243182343334708,0.32390873056391906
safety,A4c,0,0,ood_compound,50037,250,3.5384154733117819,0.84306668775747196,0.53580553126786645,0.36007835761568485
safety,A4c,0,0,ood_compound,50038,250,3.4865070502613147,0.83069893088495528,0.52180203656810364,0.33571039872223696
safety,A4c,0,0,ood_compound,50039,250,6.9732617201266347,1.6614568598838819,0.38794733255274505,0.36804141511770749
safety,A4c,0,0,ood_compound,50040,250,4.7142157105562497,1.1232141206846618,0.47086258119726515,0.31769563088805663
safety,A4c,0,0,ood_compound,50041,250,1.7780774305980569,0.42364664672563018,0.63481201485664041,0.34918724225268827
safety,A4c,0,0,ood_compound,50042,250,6.2782087859553126,1.4958527979958403,0.40850482405451205,0.36194514019495588
safety,A4c,0,0,ood_compound,50043,250,6.7044003247037889,1.5973976537746457,0.38953268448964257,0.37667007529524421
safety,A4c,0,0,ood_compound,50044,250,1.8160054993114878,0.43268342929241627,0.64170917229547242,0.33872091296934742
safety,A4c,0,0,ood_compound,50045,250,6.3544044583272754,1.5140072610917075,0.39199503646876666,0.23705048309664559
safety,A4c,0,0,ood_compound,50046,250,5.9077579482082943,1.4075887817682466,0.40860219396788289,0.24480022720170755
safety,A4c,0,0,ood_compound,50047,250,7.2716399234644769,1.732548772488373,0.38319702793186644,0.33774431636712759
safety,A4c,0,0,ood_compound,50048,250,4.3572708453806692,1.0381680520515852,0.49608105292325311,0.31920609487516982
safety,A4c,0,0,ood_compound,50049,250,4.0628127331301309,0.9680101445783762,0.46887633409854673,0.17959003837803053
safety,A4c,0,0,ood_compound,50050,250,3.822583666746584,0.91077290807333411,0.50100965262522312,0.286213426725625
safety,A4c,0,0,ood_compound,50051,250,2.3113547095291476,0.55070586647970832,0.58942894209288421,0.32772009935470436
safety,A4c,0,0,ood_compound,50052,250,5.0666659771933382,1.207189301421383,0.46714123897118115,0.2811198117830308
safety,A4c,0,0,ood_compound,50053,250,2.0743118897484925,0.4942277885274533,0.61803245856908484,0.35548906756886928
safety,A4c,0,0,ood_compound,50054,250,3.6651182224618362,0.87325502145128908,0.51359667393691832,0.29264867928452798
safety,A4c,0,0,ood_compound,50055,250,5.1148664757275535,1.2186736041987125,0.43236238365253332,0.24292092943426444
safety,A4c,0,0,ood_compound,50056,250,5.6161842933763282,1.3381181282312118,0.43316349475471499,0.42593766118637594
safety,A4c,0,0,ood_compound,50057,250,6.5674433341299547,1.5647661334573764,0.41647074858882083,0.34305640640834867
safety,A4c,0,0,ood_compound,50058,250,6.4311406379479639,1.5322905060277314,0.39106703739089993,0.25787377823220065
safety,A4c,0,0,ood_compound,50059,250,6.3098328813036346,1.5033875890682078,0.40308446254167324,0.33950362879816931
safety,A4c,0,0,ood_compound,50060,250,4.3089014622323036,1.0266435106439031,0.46028706553205923,0.26070657291112848
safety,A4c,0,0,ood_compound,50061,250,5.508499351086801,1.3124609977155532,0.45548873430787146,0.3628787979902342
safety,A4c,0,0,ood_compound,50062,250,4.3762745301407477,1.0426958904828567,0.47283723844171788,0.26802215824352288
safety,A4c,0,0,ood_compound,50063,250,6.8837233363331549,1.640123347971197,0.39214959622497925,0.34753262262428342
safety,A4c,0,0,ood_compound,50064,250,4.1722305316568713,0.99408014729044192,0.51167625529071914,0.32304249499917931
safety,A4c,0,0,ood_compound,50065,250,5.5861291491790972,1.3309571571526186,0.43816358946758405,0.38190985193377192
safety,A4c,0,0,ood_compound,50066,250,6.640435749471683,1.5821573850776878,0.38737828770969762,0.24182220803604573
safety,A4c,0,0,ood_compound,50067,250,6.4980794264717989,1.5482394139920266,0.3897069591429172,0.32330748054011976
safety,A4c,0,0,ood_compound,50068,250,4.5764698191780031,1.0903946360107017,0.4777861855292192,0.40863705728138905
safety,A4c,0,0,ood_compound,50069,250,1.780451529885074,0.42421230218282829,0.64352073485556816,0.33394230289630034
safety,A4c,0,0,ood_compound,50070,250,5.8890271018896501,1.4031259501183575,0.42614043527991169,0.38179253491818355
safety,A4c,0,0,ood_compound,50071,250,2.1315214726684033,0.50785860546912054,0.64429870674443912,0.35059708525619221
safety,A4c,0,0,ood_compound,50072,250,1.6584905772088536,0.39515375403210717,0.63768016035864161,0.36428921685111265
safety,A4c,0,0,ood_compound,50073,250,3.1241587817895837,0.74436544155358531,0.53593513554527517,0.29693206866444832
safety,A4c,0,0,ood_compound,50074,250,5.4116051081351886,1.2893748708646757,0.43525400535145925,0.37364886831806954
safety,A4c,0,0,ood_compound,50075,250,6.4393942467335332,1.5342570197606096,0.40174402135590442,0.32930601021872824
safety,A4c,0,0,ood_compound,50076,250,1.9185681501336593,0.45712011711736106,0.62739440308945926,0.3276018546293325
safety,A4c,0,0,ood_compound,50077,250,4.8979262747527894,1.1669851978889656,0.45506929285811898,0.32884163859041254
safety,A4c,0,0,ood_compound,50078,250,7.0576239254713666,1.6815570899355359,0.37649459906900024,0.32765822615111723
safety,A4c,0,0,ood_compound,50079,250,2.6017069118270051,0.6198854954183175,0.60199577314829988,0.35766173653500355
safety,A4c,0,0,ood_compound,50080,250,2.5821208403173284,0.61521889689183373,0.57894552958270584,0.31038331424896459
safety,A4c,0,0,ood_compound,50081,250,4.4432029894799667,1.0586423374044824,0.48764016949685457,0.33009596084435439
safety,A4c,0,0,ood_compound,50082,250,4.0001015879477357,0.95306851947720728,0.49030906617761594,0.32125656228830846
safety,A4c,0,0,ood_compound,50083,250,1.7248175095784757,0.41095688048905621,0.63867534412338045,0.33637247822489957
safety,A4c,0,0,ood_compound,50084,250,3.3261908046510364,0.79250180926377101,0.53395777834383007,0.36033690490311088
safety,A4c,0,0,ood_compound,50085,250,2.4023109206906286,0.57237719147058297,0.59008312394124507,0.30505309783845852
safety,A4c,0,0,ood_compound,50086,250,2.6349255928418693,0.62780021419176379,0.59280112077910552,0.3543137550433263
safety,A4c,0,0,ood_compound,50087,250,5.2134348062317457,1.2421586009557992,0.4432341728966856,0.37013813172316012
safety,A4c,0,0,ood_compound,50088,250,3.6963070463887462,0.8806861042852393,0.50082308218909544,0.2946937880274646
safety,A4c,0,0,ood_compound,50089,250,4.7921291013592802,1.1417778492269139,0.4808942982546579,0.37604954581166733
safety,A4c,0,0,ood_compound,50090,250,6.2821948731667856,1.4968025274348606,0.40506662452782577,0.30815633366374917
safety,A4c,0,0,ood_compound,50091,250,1.7198212013225382,0.40976645469420003,0.63174704648991409,0.3310263151654052
safety,A4c,0,0,ood_compound,50092,250,5.0894692562007275,1.2126224352768531,0.44263543244759218,0.32062476468282303
safety,A4c,0,0,ood_compound,50093,250,4.590352889395275,1.0937024312971115,0.48129285301829927,0.25756312829070177
safety,A4c,0,0,ood_compound,50094,250,7.0473374432622649,1.679106221587793,0.38085261295541184,0.35929412998318727
safety,A4c,0,0,ood_compound,50095,250,3.40365537256198,0.81095860077958415,0.54498364411609845,0.35414680292513434
safety,A4c,0,0,ood_compound,50096,250,2.8609933050006662,0.68166335116257393,0.55186458787508796,0.34472056957242192
safety,A4c,0,0,ood_compound,50097,250,5.2997539735175057,1.2627250988706067,0.44609897488308925,0.3622850479591645
safety,A4c,0,0,ood_compound,50098,250,2.2854719410521795,0.54453901014119943,0.60343570089187715,0.31153606603942946
safety,A4c,0,0,ood_compound,50099,250,5.6726542214939224,1.3515727142217722,0.43550229983486477,0.3166040666503237
safety,A6c,0,0,ood_compound,50000,250,6.6280337819137767,1.5792024789086465,0.41553807112511948,0.36233115271231814
safety,A6c,0,0,ood_compound,50001,250,3.7353522292723973,0.88998905167931541,0.52938345891342564,0.3144748524124098
safety,A6c,0,0,ood_compound,50002,250,5.1346175727458165,1.2233795218808943,0.45288211013709651,0.38070991170580692
safety,A6c,0,0,ood_compound,50003,60,6.1167692008456447,1.4573880282937224,0.47990568088574037,0.34709979959921883
safety,A6c,0,0,ood_compound,50004,250,5.6011256778587555,1.3345302462534261,0.43741174220596435,0.29030966887949755
safety,A6c,0,0,ood_compound,50005,250,4.8912177033537656,1.1653868064305239,0.49969358726894114,0.32489407510823676
safety,A6c,0,0,ood_compound,50006,250,6.1161999032125278,1.4572523868255229,0.40281976152987303,0.33101705544134191
safety,A6c,0,0,ood_compound,50007,64,6.8829763831155031,1.639945378091779,0.47019848451869928,0.29775219363624517
safety,A6c,0,0,ood_compound,50008,250,5.9084080703206663,1.4077436805640635,0.45362958454546665,0.3027373257518679
safety,A6c,0,0,ood_compound,50009,250,6.4767916663589604,1.543167369303247,0.40064832961228203,0.330693187575406
safety,A6c,0,0,ood_compound,50010,250,4.4343842327941427,1.0565411709232331,0.44756110549270911,0.31750027583240242
safety,A6c,0,0,ood_compound,50011,250,4.8301836505510138,1.1508447671689019,0.46731840926234836,0.37880812670978264
safety,A6c,0,0,ood_compound,50012,153,5.2833127074692658,1.2588077850858419,0.47736480771976703,0.36672427707925759
safety,A6c,0,0,ood_compound,50013,250,6.5580664389093783,1.5625319842867418,0.3898877424853267,0.35996030042399235
safety,A6c,0,0,ood_compound,50014,250,4.1293038891785798,0.98385239914619971,0.5064438466185579,0.32075539280597581
safety,A6c,0,0,ood_compound,50015,250,7.1989110813156874,1.7152203201013423,0.47771030260031955,0.32347599785648612
safety,A6c,0,0,ood_compound,50016,250,7.3985820034317449,1.7627941294008791,0.41410247332487105,0.32650732547523076
safety,A6c,0,0,ood_compound,50017,250,5.6526055054578839,1.3467958855113571,0.4489316110179124,0.30653296600367913
safety,A6c,0,0,ood_compound,50018,250,5.504075785386437,1.3114070341798374,0.48175775977009377,0.327078093720296
safety,A6c,0,0,ood_compound,50019,250,6.1158234393372188,1.4571626901364791,0.40400734140745653,0.36963500825058365
safety,A6c,0,0,ood_compound,50020,250,7.0653019299488538,1.6833864595650339,0.37419858372718173,0.36748618365597457
safety,A6c,0,0,ood_compound,50021,250,6.3563779177695521,1.5144774596673052,0.41246509301521078,0.35585700002552878
safety,A6c,0,0,ood_compound,50022,250,3.7382325583402434,0.89067532199019217,0.46395722745245482,0.31337720614482029
safety,A6c,0,0,ood_compound,50023,250,2.5664569445515233,0.61148680018915458,0.58329180806867309,0.34402116965783741
safety,A6c,0,0,ood_compound,50024,250,4.4150604156607614,1.0519370574073539,0.47918362830207351,0.39150734202206489
safety,A6c,0,0,ood_compound,50025,250,4.4270468947201724,1.0547929688385329,0.48604555857332565,0.31026546826918583
safety,A6c,0,0,ood_compound,50026,250,4.1033745536619781,0.97767444769459311,0.50535093412212351,0.40466006120856185
safety,A6c,0,0,ood_compound,50027,250,5.7276355675613333,1.3646726290472393,0.44204305286154683,0.33897849807681019
safety,A6c,0,0,ood_compound,50028,250,3.439789615929695,0.8195679845844005,0.49870746474489641,0.31539726222439857
safety,A6c,0,0,ood_compound,50029,250,7.6924762732710779,1.832817695172946,0.35252766629986637,0.31939342015193412
safety,A6c,0,0,ood_compound,50030,250,3.9497077182082467,0.94106162171039742,0.52582174069722976,0.31732178173106657
safety,A6c,0,0,ood_compound,50031,250,2.7859542003788169,0.66378445314650292,0.56765900130265889,0.31357043379620025
safety,A6c,0,0,ood_compound,50032,250,3.7718359069241982,0.89868169207361237,0.47319648868576225,0.3244919888731661
safety,A6c,0,0,ood_compound,50033,250,5.6945638878031266,1.3567929349517827,0.43830972250670025,0.37718886975022647
safety,A6c,0,0,ood_compound,50034,250,5.6033454913516589,1.3350591414108821,0.42985348181343819,0.37092370573244227
safety,A6c,0,0,ood_compound,50035,250,4.4236435855731226,1.0539820927298174,0.48467564930899787,0.3810609641577633
safety,A6c,0,0,ood_compound,50036,250,5.8287030277101017,1.3887530711293936,0.42091383284452127,0.36610271111515386
safety,A6c,0,0,ood_compound,50037,250,7.106315569853213,1.6931584136523483,0.37309269185057586,0.35443680320788401
safety,A6c,0,0,ood_compound,50038,250,3.7559258817797727,0.89489095231966964,0.51603560072954302,0.32388409790005457
safety,A6c,0,0,ood_compound,50039,250,5.3642677176717601,1.2780962131473748,0.43158994136779399,0.37979075348452834
safety,A6c,0,0,ood_compound,50040,250,4.4600503585696352,1.062656409737984,0.50149196298257315,0.33131806121687957
safety,A6c,0,0,ood_compound,50041,250,2.4373988434716098,0.58073727780367967,0.5315445711192146,0.32460292899730608
safety,A6c,0,0,ood_compound,50042,250,5.8415773209089599,1.3918205141151718,0.44867680592965892,0.40406844047205176
safety,A6c,0,0,ood_compound,50043,250,4.5373278504709695,1.0810686283219384,0.47851676128015097,0.44280917137884168
safety,A6c,0,0,ood_compound,50044,250,6.6288603563396666,1.579399419423031,0.38485738292469573,0.35912233093900309
safety,A6c,0,0,ood_compound,50045,250,4.8506058731462911,1.1557105879550438,0.43617351519784697,0.33481431699074121
safety,A6c,0,0,ood_compound,50046,250,4.7621006178144683,1.1346232303441264,0.43207425803140853,0.31556653703333665
safety,A6c,0,0,ood_compound,50047,250,7.1035132731014539,1.6924907354052803,0.38613179571407685,0.33620856649414022
safety,A6c,0,0,ood_compound,50048,250,4.534411144419046,1.0803736907915935,0.48405952771038357,0.34965387627670341
safety,A6c,0,0,ood_compound,50049,250,7.2759872515571411,1.7335845715694367,0.39639833689430543,0.34429144352363628
safety,A6c,0,0,ood_compound,50050,250,3.4928584223444599,0.83221221564906489,0.54212823130963728,0.32274876590276191
safety,A6c,0,0,ood_compound,50051,250,3.7705937279077251,0.89838572916113968,0.53983913677078632,0.31900091516657214
safety,A6c,0,0,ood_compound,50052,250,4.7338179118549553,1.1278845623120797,0.46693437330428672,0.31821140049882574
safety,A6c,0,0,ood_compound,50053,250,6.2886541059580541,1.498341511207643,0.51577576195024877,0.32363212119560364
safety,A6c,0,0,ood_compound,50054,250,3.4062911385017198,0.81158660121573434,0.55163679311570268,0.31454423573436952
safety,A6c,0,0,ood_compound,50055,250,4.2044676725030374,1.0017610032444519,0.45353195590153855,0.31547224530157686
safety,A6c,0,0,ood_compound,50056,250,5.7116925521795601,1.3608740290037578,0.4249505068221911,0.40460846421423563
safety,A6c,0,0,ood_compound,50057,250,7.343575463943667,1.7496882119638262,0.37336646795519368,0.34225922912062806
safety,A6c,0,0,ood_compound,50058,250,6.5596299774791849,1.56290451467306,0.38864989995738747,0.31719981517181234
safety,A6c,0,0,ood_compound,50059,250,5.8472877402427379,1.3931810847857857,0.42558992987643546,0.35930059834102573
safety,A6c,0,0,ood_compound,50060,250,6.5352616135006087,1.5570984819840106,0.38920593434638578,0.37235517234038384
safety,A6c,0,0,ood_compound,50061,250,5.3184121367523449,1.2671706129705411,0.44360537927938842,0.36232841414325978
safety,A6c,0,0,ood_compound,50062,250,3.9451907839066935,0.93998541207104025,0.50562876888965036,0.30950543977514178
safety,A6c,0,0,ood_compound,50063,250,5.4582007855519663,1.3004768072313544,0.44112360602247336,0.36000850839598486
safety,A6c,0,0,ood_compound,50064,250,7.2848828096634968,1.7357040368399919,0.36587333049910059,0.34216130444549092
safety,A6c,0,0,ood_compound,50065,250,5.7864487811538172,1.3786855287628796,0.42819863717838308,0.40033837903852548
safety,A6c,0,0,ood_compound,50066,250,6.1726157890381863,1.4706940966413082,0.40149420470280095,0.35907717983451171
safety,A6c,0,0,ood_compound,50067,250,7.0694795518356326,1.6843818242624116,0.38612882865960541,0.34643679589167109
safety,A6c,0,0,ood_compound,50068,250,4.7015369452643201,1.1201932643889152,0.45677221115161093,0.39245638646911241
safety,A6c,0,0,ood_compound,50069,250,2.1009811989481042,0.50058204690702468,0.53983218830597568,0.32305214878125516
safety,A6c,0,0,ood_compound,50070,250,5.9616426863213992,1.4204274175995488,0.42394206269390106,0.37035569011071062
safety,A6c,0,0,ood_compound,50071,250,6.09986446150665,1.453360286862728,0.39983617015870621,0.35948114147525217
safety,A6c,0,0,ood_compound,50072,250,4.1441292737053121,0.9873847112565084,0.51729013476582397,0.32630973329156199
safety,A6c,0,0,ood_compound,50073,250,3.54062062327377,0.84359208916623352,0.53903986498609746,0.33464367139818918
safety,A6c,0,0,ood_compound,50074,250,3.2976439721943382,0.78570021016757707,0.54346110032639561,0.40130852675858031
safety,A6c,0,0,ood_compound,50075,250,5.2776647276525708,1.2574620913219252,0.44993287025170198,0.36766069691194325
safety,A6c,0,0,ood_compound,50076,35,5.5915708410179263,1.3322537005203945,0.49812031774932186,0.35385004476609649
safety,A6c,0,0,ood_compound,50077,250,5.1468299876313504,1.2262892650257349,0.45852788987987481,0.3545472508518413
safety,A6c,0,0,ood_compound,50078,250,6.0107076746223775,1.4321176946412804,0.41521198674565829,0.35613611832720665
safety,A6c,0,0,ood_compound,50079,250,4.8782148192690062,1.1622887252415526,0.46597852968780468,0.29286321591590353
safety,A6c,0,0,ood_compound,50080,250,2.5507068776486994,0.60773417225841186,0.5888483031589361,0.3155870163557184
safety,A6c,0,0,ood_compound,50081,250,4.7303985061304754,1.1270698510154613,0.49478406597767949,0.35835931307528335
safety,A6c,0,0,ood_compound,50082,250,3.6619720500217241,0.87250541101175627,0.5117905095459846,0.34220061932574691
safety,A6c,0,0,ood_compound,50083,250,2.6116011269880834,0.62224290179603803,0.58960632587386952,0.32809882908613819
safety,A6c,0,0,ood_compound,50084,250,6.6530710487443248,1.5851678851127897,0.3847197671397819,0.35462346553826635
safety,A6c,0,0,ood_compound,50085,250,4.3978115314009614,1.0478273196362802,0.496449781242982,0.34562552633324184
safety,A6c,0,0,ood_compound,50086,250,5.6858359416401747,1.3547134050836753,0.43694922499902972,0.29449571071852187
safety,A6c,0,0,ood_compound,50087,250,6.1052712955133446,1.4546485249658165,0.41330707945640444,0.37093466667421338
safety,A6c,0,0,ood_compound,50088,250,4.5250467491823674,1.0781425198806067,0.51063134395373766,0.32355692272371267
safety,A6c,0,0,ood_compound,50089,250,4.884655187189904,1.1638232142499698,0.49150086629239964,0.36570980748689397
safety,A6c,0,0,ood_compound,50090,250,7.6524067502253352,1.8232706873868372,0.37670090818033442,0.31266635409035892
safety,A6c,0,0,ood_compound,50091,250,4.4078270923589544,1.050213637994476,0.49934155567535582,0.31430864586709523
safety,A6c,0,0,ood_compound,50092,250,4.1401621670590885,0.98643950414743986,0.4933781410107006,0.39042797286344433
safety,A6c,0,0,ood_compound,50093,250,4.9325692174952085,1.1752392627980497,0.46661260088270545,0.32979568934044151
safety,A6c,0,0,ood_compound,50094,250,7.1544578651019002,1.7046288488520807,0.37596716226836546,0.35005389664243547
safety,A6c,0,0,ood_compound,50095,250,3.4137889833574451,0.81337304581940306,0.48211919162470679,0.33545078391429389
safety,A6c,0,0,ood_compound,50096,250,6.5538278212171512,1.5615220866629582,0.42779177768606291,0.31863901969662356
safety,A6c,0,0,ood_compound,50097,250,4.7427325754246281,1.1300085796709349,0.47632474763801824,0.38972320890317463
safety,A6c,0,0,ood_compound,50098,52,6.9067726279071886,1.6456150970461831,0.42676348628803462,0.35148343137511062
safety,A6c,0,0,ood_compound,50099,250,4.9608069718110048,1.1819672206029725,0.468607726791544,0.3435793052932764
safety,A6c_gate_off_control,0,0,ood_compound,50000,250,6.0039380908294095,1.4305047663040402,1,1
safety,A6c_gate_off_control,0,0,ood_compound,50001,250,3.6174474791326641,0.86189693872058981,1,1
safety,A6c_gate_off_control,0,0,ood_compound,50002,250,4.9633263201680009,1.1825674832602722,1,1
safety,A6c_gate_off_control,0,0,ood_compound,50003,61,6.0478559225067592,1.4409686762561009,1,1
safety,A6c_gate_off_control,0,0,ood_compound,50004,250,5.2758465972768533,1.2570289016172882,1,1
safety,A6c_gate_off_control,0,0,ood_compound,50005,250,4.8952994735877091,1.1663593334096967,1,1
safety,A6c_gate_off_control,0,0,ood_compound,50006,250,6.2646740943381563,1.4926280077705096,1,1
safety,A6c_gate_off_control,0,0,ood_compound,50007,65,6.8712343396931486,1.6371477061591715,1,1
safety,A6c_gate_off_control,0,0,ood_compound,50008,250,6.0432817720934864,1.4398788342442432,1,1
safety,A6c_gate_off_control,0,0,ood_compound,50009,250,6.4965783216818558,1.5478817591454492,1,1
safety,A6c_gate_off_control,0,0,ood_compound,50010,250,4.1431510228492767,0.98715163215225565,1,1
safety,A6c_gate_off_control,0,0,ood_compound,50011,250,4.784959825739576,1.1400696898838656,1,1
safety,A6c_gate_off_control,0,0,ood_compound,50012,158,5.6480413583170064,1.3457084268899713,1,1
safety,A6c_gate_off_control,0,0,ood_compound,50013,250,6.5580664389093783,1.5625319842867418,1,1
safety,A6c_gate_off_control,0,0,ood_compound,50014,250,4.2555870739913022,1.0139407669883966,1,1
safety,A6c_gate_off_control,0,0,ood_compound,50015,250,7.2038285708971088,1.7163919664737823,1,1
safety,A6c_gate_off_control,0,0,ood_compound,50016,250,7.38141618950565,1.7587041840571265,1,1
safety,A6c_gate_off_control,0,0,ood_compound,50017,250,5.9111708090335284,1.4084019336701104,1,1
safety,A6c_gate_off_control,0,0,ood_compound,50018,250,5.0621268343815391,1.2061078003584171,1,1
safety,A6c_gate_off_control,0,0,ood_compound,50019,250,6.1158234393372188,1.4571626901364791,1,1
safety,A6c_gate_off_control,0,0,ood_compound,50020,250,7.0195662789110465,1.6724894340111671,1,1
safety,A6c_gate_off_control,0,0,ood_compound,50021,250,6.2564702842360429,1.4906733591256724,1,1
safety,A6c_gate_off_control,0,0,ood_compound,50022,250,3.4370209549753503,0.8189083204387092,1,1
safety,A6c_gate_off_control,0,0,ood_compound,50023,250,2.5740827470030974,0.61330373210764533,1,1
safety,A6c_gate_off_control,0,0,ood_compound,50024,250,4.5290171117473612,1.0790885027483939,1,1
safety,A6c_gate_off_control,0,0,ood_compound,50025,250,4.0621638631606736,0.96785554411948105,1,1
safety,A6c_gate_off_control,0,0,ood_compound,50026,250,4.3916895165355552,1.0463686817702893,1,1
safety,A6c_gate_off_control,0,0,ood_compound,50027,250,4.0953838590352856,0.97577057617282925,1,1
safety,A6c_gate_off_control,0,0,ood_compound,50028,250,3.9836531221770901,0.94914949027881534,1,1
safety,A6c_gate_off_control,0,0,ood_compound,50029,250,7.6854233485489285,1.8311372577202634,1,1
safety,A6c_gate_off_control,0,0,ood_compound,50030,250,3.843470054908416,0.91574932144808452,1,1
safety,A6c_gate_off_control,0,0,ood_compound,50031,250,2.952753311734952,0.70352618935372413,1,1
safety,A6c_gate_off_control,0,0,ood_compound,50032,250,3.4391644980073597,0.81941904331387527,1,1
safety,A6c_gate_off_control,0,0,ood_compound,50033,250,6.0583873824919134,1.4434779132730373,1,1
safety,A6c_gate_off_control,0,0,ood_compound,50034,250,5.9079781879530486,1.4076412563274168,1,1
safety,A6c_gate_off_control,0,0,ood_compound,50035,250,4.5892423191131346,1.0934378256236545,1,1
safety,A6c_gate_off_control,0,0,ood_compound,50036,250,5.8568599180905583,1.3954617622058498,1,1
safety,A6c_gate_off_control,0,0,ood_compound,50037,250,7.106315569853213,1.6931584136523483,1,1
safety,A6c_gate_off_control,0,0,ood_compound,50038,250,3.6166250700426428,0.86170099064362282,1,1
safety,A6c_gate_off_control,0,0,ood_compound,50039,250,5.4055079699144786,1.2879221601348863,1,1
safety,A6c_gate_off_control,0,0,ood_compound,50040,250,4.5309075076490064,1.0795389105151953,1,1
safety,A6c_gate_off_control,0,0,ood_compound,50041,212,3.8339006783959313,0.91346931147719956,1,1
safety,A6c_gate_off_control,0,0,ood_compound,50042,250,5.8370052318926895,1.3907311632539878,1,1
safety,A6c_gate_off_control,0,0,ood_compound,50043,250,4.3537717378650624,1.0373343509202342,1,1
safety,A6c_gate_off_control,0,0,ood_compound,50044,250,6.6288603563396666,1.579399419423031,1,1
safety,A6c_gate_off_control,0,0,ood_compound,50045,250,4.1768054442367717,0.99517017089694237,1,1
safety,A6c_gate_off_control,0,0,ood_compound,50046,250,4.6398555503856436,1.1054969887059594,1,1
safety,A6c_gate_off_control,0,0,ood_compound,50047,250,6.2660993932874414,1.4929676010357158,1,1
safety,A6c_gate_off_control,0,0,ood_compound,50048,250,4.2527774448726241,1.0132713417236767,1,1
safety,A6c_gate_off_control,0,0,ood_compound,50049,250,7.2786973002307978,1.7342302706899029,1,1
safety,A6c_gate_off_control,0,0,ood_compound,50050,250,3.5007105452620415,0.83408307092593104,1,1
safety,A6c_gate_off_control,0,0,ood_compound,50051,250,3.8615718427993677,0.92006227295839127,1,1
safety,A6c_gate_off_control,0,0,ood_compound,50052,250,4.7237626249003188,1.1254887787950689,1,1
safety,A6c_gate_off_control,0,0,ood_compound,50053,250,5.3825908428732738,1.282461900724065,1,1
safety,A6c_gate_off_control,0,0,ood_compound,50054,250,3.2836243796633902,0.78235988692743663,1,1
safety,A6c_gate_off_control,0,0,ood_compound,50055,250,4.1041243260331921,0.97785308926857983,1,1
safety,A6c_gate_off_control,0,0,ood_compound,50056,250,5.2208223288112832,1.2439187600549326,1,1
safety,A6c_gate_off_control,0,0,ood_compound,50057,250,7.0060276047916421,1.6692636949105548,1,1
safety,A6c_gate_off_control,0,0,ood_compound,50058,183,7.4862876334288231,1.7836909674169399,1,1
safety,A6c_gate_off_control,0,0,ood_compound,50059,250,5.842923570580294,1.3921412730141387,1,1
safety,A6c_gate_off_control,0,0,ood_compound,50060,250,6.5345658956954153,1.5569327195092357,1,1
safety,A6c_gate_off_control,0,0,ood_compound,50061,250,5.3495020696604119,1.2745781339236626,1,1
safety,A6c_gate_off_control,0,0,ood_compound,50062,250,3.475953702217697,0.82818447879559753,1,1
safety,A6c_gate_off_control,0,0,ood_compound,50063,250,5.3788916997269602,1.2815805388875523,1,1
safety,A6c_gate_off_control,0,0,ood_compound,50064,250,7.5688267293867248,1.8033568214593978,1,1
safety,A6c_gate_off_control,0,0,ood_compound,50065,250,4.7427437122353258,1.1300112331394656,1,1
safety,A6c_gate_off_control,0,0,ood_compound,50066,250,6.1726157890381863,1.4706940966413082,1,1
safety,A6c_gate_off_control,0,0,ood_compound,50067,250,6.403094888445052,1.5256082954966528,1,1
safety,A6c_gate_off_control,0,0,ood_compound,50068,250,4.3763226888118876,1.0427073648197938,1,1
safety,A6c_gate_off_control,0,0,ood_compound,50069,149,7.1089161730003543,1.6937780361636019,1,1
safety,A6c_gate_off_control,0,0,ood_compound,50070,250,5.1242033628672132,1.220898221000829,1,1
safety,A6c_gate_off_control,0,0,ood_compound,50071,250,6.0229676757512847,1.4350387757358012,1,1
safety,A6c_gate_off_control,0,0,ood_compound,50072,250,4.3036450161524327,1.0253911041304913,1,1
safety,A6c_gate_off_control,0,0,ood_compound,50073,250,3.0624346142073184,0.72965897480013109,1,1
safety,A6c_gate_off_control,0,0,ood_compound,50074,250,3.8272391355888584,0.91188212510180844,1,1
safety,A6c_gate_off_control,0,0,ood_compound,50075,250,5.326584294555321,1.269117720104441,1,1
safety,A6c_gate_off_control,0,0,ood_compound,50076,36,4.6026895453910166,1.0966417762628962,1,1
safety,A6c_gate_off_control,0,0,ood_compound,50077,250,4.7129505811226409,1.1229126895810444,1,1
safety,A6c_gate_off_control,0,0,ood_compound,50078,250,6.2137703820384012,1.4804996343652952,1,1
safety,A6c_gate_off_control,0,0,ood_compound,50079,250,4.7312540584487595,1.1272736958337477,1,1
safety,A6c_gate_off_control,0,0,ood_compound,50080,250,2.2532478326791039,0.53686125931828665,1,1
safety,A6c_gate_off_control,0,0,ood_compound,50081,250,4.8791884285253637,1.162520698433259,1,1
safety,A6c_gate_off_control,0,0,ood_compound,50082,134,4.454579444137881,1.0613529037636935,1,1
safety,A6c_gate_off_control,0,0,ood_compound,50083,250,2.6314340628125721,0.62696831848047518,1,1
safety,A6c_gate_off_control,0,0,ood_compound,50084,250,6.6360823983331709,1.581120150939223,1,1
safety,A6c_gate_off_control,0,0,ood_compound,50085,250,4.5070644872186696,1.0738580467466667,1,1
safety,A6c_gate_off_control,0,0,ood_compound,50086,250,5.66817563160527,1.3505056405635971,1,1
safety,A6c_gate_off_control,0,0,ood_compound,50087,250,6.3205835938418939,1.505949065434967,1,1
safety,A6c_gate_off_control,0,0,ood_compound,50088,250,4.5346014993578088,1.0804190449646496,1,1
safety,A6c_gate_off_control,0,0,ood_compound,50089,250,5.0472827612460343,1.2025710354800219,1,1
safety,A6c_gate_off_control,0,0,ood_compound,50090,250,7.6785098570881161,1.8294900417868412,1,1
safety,A6c_gate_off_control,0,0,ood_compound,50091,250,4.2803248209586826,1.0198348092668328,1,1
safety,A6c_gate_off_control,0,0,ood_compound,50092,250,4.1277719757169899,0.98348740379228072,1,1
safety,A6c_gate_off_control,0,0,ood_compound,50093,250,4.9413718856476887,1.1773365960079889,1,1
safety,A6c_gate_off_control,0,0,ood_compound,50094,250,5.4234854127165093,1.2922054850501687,1,1
safety,A6c_gate_off_control,0,0,ood_compound,50095,161,6.1361810064923681,1.4620131060477086,1,1
safety,A6c_gate_off_control,0,0,ood_compound,50096,250,6.4741333322679502,1.5425339917550296,1,1
safety,A6c_gate_off_control,0,0,ood_compound,50097,250,4.7597393099854592,1.1340606225935121,1,1
safety,A6c_gate_off_control,0,0,ood_compound,50098,250,4.2206515359306529,1.0056169880031522,1,1
safety,A6c_gate_off_control,0,0,ood_compound,50099,250,5.2042860086469451,1.2399787985739263,1,1
safety,A4c,0,0,motor_fault,50000,250,3.2555025141760967,0.77565954091980871,0.53715248288860951,0.39962808740519368
safety,A4c,0,0,motor_fault,50001,250,3.557135471358428,0.8475269346863723,0.53801771356133721,0.29954835788170686
safety,A4c,0,0,motor_fault,50002,250,4.8393368801250123,1.1530256255213023,0.47482893646053254,0.39272650348223781
safety,A4c,0,0,motor_fault,50003,250,4.4948364869916055,1.0709445902215404,0.46049393896152718,0.25843639196802531
safety,A4c,0,0,motor_fault,50004,250,3.6533139567780193,0.87044252437554281,0.51906243973315214,0.28453502746975057
safety,A4c,0,0,motor_fault,50005,250,7.3875040370408289,1.760154681178159,0.39370082488453251,0.34005721429432417
safety,A4c,0,0,motor_fault,50006,250,3.2864148862413565,0.78302475603497801,0.56701415952719136,0.37536249188512333
safety,A4c,0,0,motor_fault,50007,250,4.8932401611248739,1.1658686794008062,0.43615758667936089,0.18541177406520445
safety,A4c,0,0,motor_fault,50008,250,7.2190993623883548,1.7200304017279413,0.38979076644249561,0.30423170894803497
safety,A4c,0,0,motor_fault,50009,250,6.5878773059219355,1.5696347536197992,0.39351219667642984,0.2796993602083182
safety,A4c,0,0,motor_fault,50010,250,4.1970329929148154,0.99998960846555851,0.48085223450255399,0.24857041713346717
safety,A4c,0,0,motor_fault,50011,250,4.1256402878200795,0.98297950553439217,0.51877151149524037,0.44774932123308969
safety,A4c,0,0,motor_fault,50012,250,4.0408343797201445,0.96277355838563661,0.50870521915643807,0.29223029815976131
safety,A4c,0,0,motor_fault,50013,250,2.9834462568233806,0.71083912356068557,0.55129559305717069,0.29808671481033117
safety,A4c,0,0,motor_fault,50014,250,5.2591522133966961,1.2530512797048385,0.45673708520195327,0.28692446501470864
safety,A4c,0,0,motor_fault,50015,250,3.4201094254837927,0.81487896117864023,0.50541885839538192,0.21734754025952405
safety,A4c,0,0,motor_fault,50016,250,4.0861391308465294,0.97356791726177205,0.50789401796804756,0.32506326954664938
safety,A4c,0,0,motor_fault,50017,250,7.0104253276239907,1.6703115010966592,0.39291494211128192,0.32392435806060088
safety,A4c,0,0,motor_fault,50018,90,4.680521183354637,1.1151860262854389,0.44186606019906655,0.27563217588432615
safety,A4c,0,0,motor_fault,50019,250,6.5273471647059171,1.5552127768764299,0.38706298721374016,0.21393450765798175
safety,A4c,0,0,motor_fault,50020,250,2.4791024424032821,0.59067362227313902,0.58514398353610209,0.37957349165806209
safety,A4c,0,0,motor_fault,50021,250,3.5536476313084289,0.84669591815353185,0.54487398697267375,0.43551299765988288
safety,A4c,0,0,motor_fault,50022,250,3.5700751232741674,0.85060995011054086,0.51178297450126287,0.18371651944559358
safety,A4c,0,0,motor_fault,50023,250,2.5418559401272693,0.60562533833655574,0.58510950839510012,0.29889082293324964
safety,A4c,0,0,motor_fault,50024,250,4.0217642603250692,0.9582298911665641,0.51427645603743077,0.46931794045276182
safety,A4c,0,0,motor_fault,50025,250,4.2627363016847983,1.0156441496909199,0.49743367153125567,0.28784292126690686
safety,A4c,0,0,motor_fault,50026,250,5.3046782068776697,1.2638983520230447,0.44654499427106914,0.36700187900767767
safety,A4c,0,0,motor_fault,50027,250,3.0105514752349252,0.71729724213933166,0.57311803688447005,0.31752157804903541
safety,A4c,0,0,motor_fault,50028,250,2.1180752004352543,0.50465488214160625,0.58067595931417137,0.16714093241970163
safety,A4c,0,0,motor_fault,50029,250,5.4160547000548842,1.2904350354354854,0.4110764705898714,0.17617446228809913
safety,A4c,0,0,motor_fault,50030,250,3.8374964869779302,0.91432605270894596,0.53577426636195058,0.3032800859405364
safety,A4c,0,0,motor_fault,50031,75,3.9277380682343344,0.93582710920772583,0.51885895534428428,0.26985199661579157
safety,A4c,0,0,motor_fault,50032,250,3.1313353090953662,0.74607532869118143,0.53465463578096606,0.19386157491067996
safety,A4c,0,0,motor_fault,50033,250,4.682301549854758,1.1156102183283385,0.47966871420731683,0.459242909715954
safety,A4c,0,0,motor_fault,50034,250,4.8806395295066229,1.1628664393184374,0.47222985893010966,0.39296646991172285
safety,A4c,0,0,motor_fault,50035,250,4.8048490438668736,1.1448085164504849,0.46177815804501837,0.34800412174270717
safety,A4c,0,0,motor_fault,50036,250,4.2262792427443525,1.0069578514995057,0.50987169604915306,0.36294725725457616
safety,A4c,0,0,motor_fault,50037,250,3.1560011059617716,0.75195222806094253,0.56917219459815849,0.35816546304367397
safety,A4c,0,0,motor_fault,50038,250,3.6972779103218327,0.88091742337326162,0.51699326933676371,0.32708540053235996
safety,A4c,0,0,motor_fault,50039,250,5.0641128878045238,1.2065809995894441,0.45214986906152033,0.33453205573953687
safety,A4c,0,0,motor_fault,50040,250,4.4817670427903726,1.067830650347416,0.49186032730496515,0.30950542891134936
safety,A4c,0,0,motor_fault,50041,250,2.4936080669841907,0.59412974803381291,0.59420358351147007,0.31650860110685675
safety,A4c,0,0,motor_fault,50042,250,2.6822260013428512,0.6390700605467976,0.6054966222423247,0.38987714870297197
safety,A4c,0,0,motor_fault,50043,250,4.5562916066746482,1.0855869533322888,0.47591932897416395,0.38448158915003883
safety,A4c,0,0,motor_fault,50044,250,2.2898154321166988,0.54557389500779785,0.61592739692859944,0.30682050693733187
safety,A4c,0,0,motor_fault,50045,250,6.312449117639563,1.5040109363598861,0.38813571891886872,0.19054600267074223
safety,A4c,0,0,motor_fault,50046,250,5.4248219145224077,1.2925239214122011,0.42819959885218706,0.192842068698557
safety,A4c,0,0,motor_fault,50047,250,5.2267023284204832,1.2453197351049043,0.43295846082443107,0.34778455886837478
safety,A4c,0,0,motor_fault,50048,250,4.153389927026879,0.98959116450688844,0.50287770065276816,0.34607757370359804
safety,A4c,0,0,motor_fault,50049,250,3.4929243472212921,0.83222792298133585,0.50674814313659022,0.18464998339541411
safety,A4c,0,0,motor_fault,50050,250,4.1004646784189269,0.97698113768013894,0.49284807527853375,0.34015247985619268
safety,A4c,0,0,motor_fault,50051,72,4.4315833131771072,1.0558738207937699,0.47474441569582354,0.31207778233544453
safety,A4c,0,0,motor_fault,50052,250,2.8200747733110507,0.67191405766110279,0.57182859273227271,0.34042339264891808
safety,A4c,0,0,motor_fault,50053,250,2.2573367431241596,0.5378354875318615,0.63087207086084962,0.3542772024093338
safety,A4c,0,0,motor_fault,50054,250,3.6695746100337727,0.87431680516153265,0.51861380068973517,0.30671713463565925
safety,A4c,0,0,motor_fault,50055,250,5.8046304239177555,1.3830175065813681,0.41262586549123559,0.22568594128581965
safety,A4c,0,0,motor_fault,50056,250,3.9589152961722744,0.94325542916883476,0.51607701251094229,0.47765910776211806
safety,A4c,0,0,motor_fault,50057,250,3.4744907560416043,0.82783591566152004,0.52526382080429013,0.37658535303837432
safety,A4c,0,0,motor_fault,50058,250,6.5150928531116215,1.5522930513765634,0.38014878180522793,0.15520674901195569
safety,A4c,0,0,motor_fault,50059,250,5.8137344269420987,1.3851866361629444,0.41678559442168162,0.3829053442495175
safety,A4c,0,0,motor_fault,50060,250,4.4713694962080588,1.0653533196823002,0.45361355954714633,0.15685854635945401
safety,A4c,0,0,motor_fault,50061,250,4.4703913089738032,1.0651202557366413,0.48849874467093629,0.41853322217751621
safety,A4c,0,0,motor_fault,50062,250,6.9837207105016628,1.6639488302133327,0.38629003482364699,0.28028207209494443
safety,A4c,0,0,motor_fault,50063,250,3.660887663775132,0.87224704397485531,0.50630188954319788,0.40613780544712508
safety,A4c,0,0,motor_fault,50064,250,3.1847119575565337,0.75879290653390818,0.56708786139821699,0.37269132933001375
safety,A4c,0,0,motor_fault,50065,250,5.1932211949639022,1.2373424841295726,0.4644259300521828,0.41361662648386127
safety,A4c,0,0,motor_fault,50066,250,6.6220700980855201,1.5777815651663676,0.38721871667807595,0.20804561785178521
safety,A4c,0,0,motor_fault,50067,250,4.9165692147005231,1.1714270848720922,0.4627106831073029,0.41889160753654403
safety,A4c,0,0,motor_fault,50068,37,3.5958177777132887,0.85674342272724369,0.54039363442226518,0.47601351967615979
safety,A4c,0,0,motor_fault,50069,250,2.3879101509641831,0.56894604854064623,0.59119779542927509,0.21604371758480648
safety,A4c,0,0,motor_fault,50070,250,2.9733376052471296,0.70843062533136159,0.56481665534374137,0.43155067287167587
safety,A4c,0,0,motor_fault,50071,36,3.3081164741113813,0.78819539977160391,0.54432037799404387,0.37284738476682411
safety,A4c,0,0,motor_fault,50072,250,1.7372945086491502,0.41392966374727019,0.63102636426657344,0.33301543214394286
safety,A4c,0,0,motor_fault,50073,250,3.5702392742184612,0.85064906089160708,0.51705308763458158,0.28604011747234648
safety,A4c,0,0,motor_fault,50074,250,3.5962523363576215,0.85684696113862502,0.54219311613176047,0.42553892193975096
safety,A4c,0,0,motor_fault,50075,250,4.3925872237810433,1.0465825704670062,0.47669286427771512,0.36259539938404034
safety,A4c,0,0,motor_fault,50076,250,2.1006578949575028,0.50050501614945797,0.60495130589089263,0.35949951489705961
safety,A4c,0,0,motor_fault,50077,250,2.6652947395244184,0.63503599984124104,0.59623586528656691,0.32403221741181543
safety,A4c,0,0,motor_fault,50078,250,5.3459415335010254,1.2737297967373782,0.45230405891988562,0.31919473796359255
safety,A4c,0,0,motor_fault,50079,123,4.6581609914357527,1.1098584628376589,0.4827480305437003,0.26610462487217307
safety,A4c,0,0,motor_fault,50080,250,2.7334221621026886,0.65126811303759169,0.5740525998628252,0.3041697509570907
safety,A4c,0,0,motor_fault,50081,250,3.0743448763522556,0.73249672670704813,0.56485595795231602,0.31396966696983797
safety,A4c,0,0,motor_fault,50082,40,4.4205028019417281,1.0532337662336628,0.47275283094166037,0.36619584046813319
safety,A4c,0,0,motor_fault,50083,75,3.0995676251377566,0.73850632604186817,0.56315324448570903,0.35683341093955362
safety,A4c,0,0,motor_fault,50084,40,3.8987573701191227,0.92892213681169933,0.51804610913143112,0.38659364009152186
safety,A4c,0,0,motor_fault,50085,250,1.7743962415664014,0.42276956265584398,0.63378446348745843,0.31125376073710365
safety,A4c,0,0,motor_fault,50086,56,7.2527726219591759,1.7280534288785092,0.34371893990101449,0.17601896358194866
safety,A4c,0,0,motor_fault,50087,250,4.2642904733459792,1.0160144483074847,0.50502276795301571,0.40755986638729896
safety,A4c,0,0,motor_fault,50088,250,6.8124248955241509,1.6231357045504371,0.39261457938385719,0.28449088974348558
safety,A4c,0,0,motor_fault,50089,250,4.5305523348989407,1.07945428667262,0.49762651881948283,0.3752220175692656
safety,A4c,0,0,motor_fault,50090,250,6.407733322691362,1.5267134538439164,0.38225646007223341,0.18622561107005614
safety,A4c,0,0,motor_fault,50091,250,2.0822269922303391,0.49611364938324076,0.59294174222877971,0.33037011769565366
safety,A4c,0,0,motor_fault,50092,250,4.435316774846191,1.0567633593985393,0.48745376968540993,0.36384178054693223
safety,A4c,0,0,motor_fault,50093,250,2.024412452636736,0.48233869481189912,0.61612748528039474,0.33153541180443169
safety,A4c,0,0,motor_fault,50094,250,5.0354670631744511,1.1997558145112337,0.45832915509870337,0.41649805717122962
safety,A4c,0,0,motor_fault,50095,250,3.6273648219216126,0.86425985551187579,0.54806299462609309,0.37743729958357197
safety,A4c,0,0,motor_fault,50096,250,2.9373872386417128,0.69986505220228856,0.5509013769085227,0.30253024065766426
safety,A4c,0,0,motor_fault,50097,250,5.1749597260939044,1.2329914868569414,0.46923969276362548,0.39126851144916674
safety,A4c,0,0,motor_fault,50098,90,6.1918602575044464,1.4752793044581611,0.37022083639685194,0.17830848268216629
safety,A4c,0,0,motor_fault,50099,250,5.5519908325499863,1.3228233250056596,0.45213188351474487,0.32537599958342306
safety,A6c,0,0,motor_fault,50000,250,4.9842706421202383,1.1875577000024209,0.45706633134138813,0.36635560997101113
safety,A6c,0,0,motor_fault,50001,250,3.3574215856152487,0.79994288882669029,0.5508874866992034,0.3144748524124098
safety,A6c,0,0,motor_fault,50002,250,5.1440071960807092,1.2256167036657764,0.45673244118489537,0.31924077577437504
safety,A6c,0,0,motor_fault,50003,250,4.5438614859322186,1.0826253393551326,0.45982709130717891,0.30368473965436216
safety,A6c,0,0,motor_fault,50004,250,3.0523235399078494,0.7272498993301596,0.5601325614936784,0.36224869904203033
safety,A6c,0,0,motor_fault,50005,91,3.3945438784665147,0.80878768636732157,0.55638472863377542,0.31641315290602656
safety,A6c,0,0,motor_fault,50006,250,4.44620141098041,1.0593567445457426,0.46810477459171212,0.37303695732723535
safety,A6c,0,0,motor_fault,50007,250,4.4002145686845111,1.0483998698917492,0.4698674154234645,0.33407392539232372
safety,A6c,0,0,motor_fault,50008,250,6.3624896351485738,1.5159336440430815,0.45265544498710192,0.30801769161828063
safety,A6c,0,0,motor_fault,50009,250,4.7490085006842842,1.1315038883934914,0.43122095795710608,0.2633564007947527
safety,A6c,0,0,motor_fault,50010,250,4.0577739725406818,0.96680960404474181,0.48756442595363214,0.28992907771705201
safety,A6c,0,0,motor_fault,50011,250,3.9173714158903676,0.93335713943716592,0.52381926991212757,0.40525894591581746
safety,A6c,0,0,motor_fault,50012,250,4.0627889056530222,0.96800446741797619,0.51165594499715317,0.35549202134715785
safety,A6c,0,0,motor_fault,50013,250,4.6214260383306272,1.101105953282788,0.47596133839111521,0.32440528857614853
safety,A6c,0,0,motor_fault,50014,250,4.3249038220839555,1.0304562501647963,0.50541623756537024,0.32075539280597581
safety,A6c,0,0,motor_fault,50015,250,3.9885835239447354,0.95032421312267401,0.48830959434089388,0.33675406054205587
safety,A6c,0,0,motor_fault,50016,250,8.8525406954671197,2.1092158958315963,0.33834697843125389,0.31021159254686725
safety,A6c,0,0,motor_fault,50017,250,5.8274770969624399,1.3884609795469758,0.45978561923596617,0.3230145630759293
safety,A6c,0,0,motor_fault,50018,57,8.227007426716531,1.9601756644214405,0.33173599955887928,0.22192781248076854
safety,A6c,0,0,motor_fault,50019,250,4.9043454129894162,1.1685146286899069,0.44860734702244492,0.32707862972116908
safety,A6c,0,0,motor_fault,50020,250,4.9015730039105367,1.1678540715120207,0.46442218157189197,0.38142428696528358
safety,A6c,0,0,motor_fault,50021,250,4.6592402293094546,1.1101156032176813,0.47592885829550019,0.40949359222988879
safety,A6c,0,0,motor_fault,50022,250,3.1801630729310295,0.7577090843758999,0.53124685830921425,0.32400524642445672
safety,A6c,0,0,motor_fault,50023,250,2.5117256641556853,0.59844646628035625,0.6054122108675285,0.34402116965783741
safety,A6c,0,0,motor_fault,50024,250,3.8974160873911812,0.92860256134202346,0.51798921731940617,0.48858918215012825
safety,A6c,0,0,motor_fault,50025,250,4.275590716938515,1.0187068565360453,0.51438794251575681,0.31026546826918583
safety,A6c,0,0,motor_fault,50026,250,4.3351050062694432,1.0328867953134171,0.48162517534350574,0.31508767259425347
safety,A6c,0,0,motor_fault,50027,57,3.5444323356260132,0.84450027186318577,0.53328068191303113,0.37615085694463984
safety,A6c,0,0,motor_fault,50028,250,2.0807430397615492,0.49576008126720456,0.62856275361930325,0.33500355379759478
safety,A6c,0,0,motor_fault,50029,250,5.2704426842178833,1.2557413594623554,0.41822340372020583,0.3031173736939563
safety,A6c,0,0,motor_fault,50030,250,3.8442887589101549,0.91594438674672052,0.53589674125556164,0.31732178173106657
safety,A6c,0,0,motor_fault,50031,103,2.7153225363108597,0.64695567667135434,0.60120266284594948,0.31357043379620025
safety,A6c,0,0,motor_fault,50032,250,3.1455807435708505,0.74946946127665537,0.52558108654553659,0.32351528437608434
safety,A6c,0,0,motor_fault,50033,32,4.1703195403474176,0.99362483243955846,0.51126109044923784,0.4789515355036843
safety,A6c,0,0,motor_fault,50034,250,5.5892803628208734,1.3317079687142981,0.44775106352046656,0.32015771307102125
safety,A6c,0,0,motor_fault,50035,250,3.6003729398806814,0.85782874057915426,0.51752555732746641,0.32665984523159841
safety,A6c,0,0,motor_fault,50036,250,5.2144448766838218,1.2423992614313304,0.48217206293640952,0.29455370469576708
safety,A6c,0,0,motor_fault,50037,250,3.398427748602912,0.80971306145576694,0.54378863248937293,0.36014751437556908
safety,A6c,0,0,motor_fault,50038,250,3.4303766368265975,0.81732523802899071,0.55055463113445702,0.32388409790005457
safety,A6c,0,0,motor_fault,50039,215,4.6177000957915855,1.100218206194054,0.49204874045009728,0.2860087223558862
safety,A6c,0,0,motor_fault,50040,250,4.590331633977943,1.0936973669584487,0.50387470744509311,0.33131806121687957
safety,A6c,0,0,motor_fault,50041,95,2.3802247045487794,0.5671149057869922,0.56480892857497977,0.32504810608021972
safety,A6c,0,0,motor_fault,50042,77,3.4805501559144134,0.82927963481182831,0.54191270610500053,0.42998531718150262
safety,A6c,0,0,motor_fault,50043,250,4.7268468221288806,1.1262236229538416,0.46719454235067609,0.41826763616511142
safety,A6c,0,0,motor_fault,50044,250,4.2219709199645763,1.0059313458663679,0.48933867984487134,0.35714224793943405
safety,A6c,0,0,motor_fault,50045,250,4.5877157288424328,1.0930740985789391,0.4625636532770328,0.33944635530553779
safety,A6c,0,0,motor_fault,50046,250,4.4164083175702311,1.0522582099703612,0.47258739658905902,0.30018790314044852
safety,A6c,0,0,motor_fault,50047,250,6.7427930021454703,1.606545134518224,0.39358557497283525,0.34720751221948842
safety,A6c,0,0,motor_fault,50048,250,4.2635716754332043,1.0158431867413793,0.50987165729984452,0.3731656177300981
safety,A6c,0,0,motor_fault,50049,250,3.6568118316425009,0.87127593181410701,0.48730169861793754,0.28033489359914043
safety,A6c,0,0,motor_fault,50050,250,3.6825985860691253,0.87741991174140543,0.5437177220477406,0.32274876590276191
safety,A6c,0,0,motor_fault,50051,250,2.2391125606356983,0.53349337415271814,0.62764366784551529,0.3271128761821625
safety,A6c,0,0,motor_fault,50052,250,2.5254219826774031,0.60170976590632375,0.58318371038684769,0.2974587320218593
safety,A6c,0,0,motor_fault,50053,250,2.4576759920676019,0.58556853310225232,0.6113701367054567,0.34162114818429684
safety,A6c,0,0,motor_fault,50054,90,3.3485651378825656,0.79783274203595678,0.5629406993373397,0.31832478448290447
safety,A6c,0,0,motor_fault,50055,250,6.1582070191282678,1.4672610475790269,0.4332828296393233,0.28675979879620173
safety,A6c,0,0,motor_fault,50056,250,4.0583170918791822,0.96693900824422607,0.51129183173914661,0.46753264776079634
safety,A6c,0,0,motor_fault,50057,250,5.4583591469367825,1.300514538585734,0.43944782642114066,0.3574839893568843
safety,A6c,0,0,motor_fault,50058,250,5.4094255579112289,1.2888555688771126,0.42466685472548371,0.31551420952263498
safety,A6c,0,0,motor_fault,50059,250,3.6972816276686027,0.88091830907231317,0.53245220712525132,0.37873742086893192
safety,A6c,0,0,motor_fault,50060,250,4.6262080593757222,1.1022453227756255,0.44155863848673432,0.26617514187756264
safety,A6c,0,0,motor_fault,50061,250,4.8744727903631961,1.1613971453977188,0.47796841043155175,0.40945927765513312
safety,A6c,0,0,motor_fault,50062,250,3.9469640217452007,0.94040790563133358,0.53199358724039458,0.30510668708376654
safety,A6c,0,0,motor_fault,50063,250,5.6801600028356454,1.3533610497811563,0.43222861180340055,0.35648445680232554
safety,A6c,0,0,motor_fault,50064,250,3.1280157296068847,0.74528440210124025,0.56762094690684695,0.37787116310773627
safety,A6c,0,0,motor_fault,50065,250,4.6855650054597646,1.116387772781259,0.47108694643930182,0.41046009816735368
safety,A6c,0,0,motor_fault,50066,250,4.678736777442146,1.1147608718077906,0.45346769740533938,0.29121046231637715
safety,A6c,0,0,motor_fault,50067,250,5.1041851598279235,1.2161286623499352,0.45223315923230978,0.39553463645868453
safety,A6c,0,0,motor_fault,50068,250,3.7553215573003342,0.89474696531728015,0.52769254495498352,0.48621152393397254
safety,A6c,0,0,motor_fault,50069,70,3.1121831701695175,0.74151211941022777,0.53608527556521668,0.32962134746558241
safety,A6c,0,0,motor_fault,50070,250,4.0378336314447054,0.96205859686445594,0.50410735477459767,0.41114061111212707
safety,A6c,0,0,motor_fault,50071,37,3.0285941826344369,0.72159611706801463,0.55408773009043966,0.36666776257947137
safety,A6c,0,0,motor_fault,50072,250,2.7544326747817287,0.65627410045371215,0.58190445543843627,0.32188000699635549
safety,A6c,0,0,motor_fault,50073,250,3.03700438905899,0.72359994192328758,0.56942690896609982,0.33464367139818918
safety,A6c,0,0,motor_fault,50074,250,3.4150592665496466,0.81367570486310237,0.53090159184981711,0.41183089223566421
safety,A6c,0,0,motor_fault,50075,250,4.3417478136785288,1.0344695177726728,0.47404923024239848,0.32670367969768133
safety,A6c,0,0,motor_fault,50076,40,5.527115709482362,1.3168965513493842,0.44777665201459038,0.35573921743318737
safety,A6c,0,0,motor_fault,50077,250,2.6247859794596624,0.62538433896915246,0.59725974330480203,0.3778211977484362
safety,A6c,0,0,motor_fault,50078,250,6.027714349839524,1.4361697234245672,0.43135927314173167,0.29910277976543981
safety,A6c,0,0,motor_fault,50079,250,5.7994215431629268,1.3817764330336124,0.42476437786477433,0.33393231189266764
safety,A6c,0,0,motor_fault,50080,250,2.5611546184211051,0.61022346224540613,0.59894843808178555,0.3155870163557184
safety,A6c,0,0,motor_fault,50081,85,3.7236409104903947,0.88719870023266245,0.55275162883430984,0.35835931307528335
safety,A6c,0,0,motor_fault,50082,40,3.6059694411286261,0.85916216900374764,0.54276674674418135,0.39535586804680178
safety,A6c,0,0,motor_fault,50083,250,2.5846973046181994,0.615832768055535,0.59117490428794417,0.33050938886575948
safety,A6c,0,0,motor_fault,50084,38,3.6334732003432713,0.86571524434406877,0.52214352981690249,0.35000452320587516
safety,A6c,0,0,motor_fault,50085,250,2.4489407394791498,0.5834872623973234,0.597297670785219,0.34308333836074018
safety,A6c,0,0,motor_fault,50086,62,7.5402142231187286,1.7965395748500779,0.3535276424616125,0.2994180172831945
safety,A6c,0,0,motor_fault,50087,250,4.347656353307964,1.0358772927986535,0.4879047022977212,0.43817305081608376
safety,A6c,0,0,motor_fault,50088,250,3.1790961542403311,0.75745487917770937,0.56754216860748696,0.30687447705665566
safety,A6c,0,0,motor_fault,50089,250,4.6993814453029934,1.1196796926428714,0.51279337367822497,0.36570980748689397
safety,A6c,0,0,motor_fault,50090,250,5.0517265133666696,1.2036298086540078,0.43401229264434299,0.32146186760049839
safety,A6c,0,0,motor_fault,50091,250,3.0651715548920966,0.73031108124017696,0.55151360487135659,0.30752167768549177
safety,A6c,0,0,motor_fault,50092,250,4.2084522173171681,1.0027103651902176,0.49197649537457505,0.32511873718078643
safety,A6c,0,0,motor_fault,50093,43,6.2782229648416505,1.4958561762725948,0.42057600761296804,0.32359968895946356
safety,A6c,0,0,motor_fault,50094,250,5.1797301684439923,1.2341280975974158,0.45479260883734046,0.40824240648162274
safety,A6c,0,0,motor_fault,50095,250,3.6951281142353372,0.88040521063858823,0.54350427895038778,0.42158406637297474
safety,A6c,0,0,motor_fault,50096,250,3.4935211979676946,0.83237012928402987,0.51319845702609945,0.31909736227238966
safety,A6c,0,0,motor_fault,50097,250,4.3998789504338554,1.0483199051252976,0.49760951561923822,0.36692724122681336
safety,A6c,0,0,motor_fault,50098,65,8.3111588209798377,1.9802256663974205,0.33611159890330367,0.26463397544128825
safety,A6c,0,0,motor_fault,50099,46,5.9288328973895066,1.4126101218948859,0.43882509051660273,0.3228361288948739
safety,A6c_gate_off_control,0,0,motor_fault,50000,250,4.076571866622853,0.97128841056709714,1,1
safety,A6c_gate_off_control,0,0,motor_fault,50001,250,3.5605582152664113,0.84834244134219317,1,1
safety,A6c_gate_off_control,0,0,motor_fault,50002,250,4.7149688843898572,1.1233935726947477,1,1
safety,A6c_gate_off_control,0,0,motor_fault,50003,250,4.0810871195910332,0.97236421961015107,1,1
safety,A6c_gate_off_control,0,0,motor_fault,50004,250,6.6518439704558086,1.58487552011605,1,1
safety,A6c_gate_off_control,0,0,motor_fault,50005,92,3.0841136992991953,0.73482425700056042,1,1
safety,A6c_gate_off_control,0,0,motor_fault,50006,76,5.6373980941117807,1.3431725512789514,1,1
safety,A6c_gate_off_control,0,0,motor_fault,50007,250,4.0343230037574251,0.96122215092457453,1,1
safety,A6c_gate_off_control,0,0,motor_fault,50008,250,6.1173685309731063,1.4575308253364223,1,1
safety,A6c_gate_off_control,0,0,motor_fault,50009,250,3.9896964254502718,0.95058937423593215,1,1
safety,A6c_gate_off_control,0,0,motor_fault,50010,250,4.1480077625209937,0.98830880418567502,1,1
safety,A6c_gate_off_control,0,0,motor_fault,50011,250,3.800289515382421,0.90546107951936361,1,1
safety,A6c_gate_off_control,0,0,motor_fault,50012,250,4.1179614211835833,0.98114993048595867,1,1
safety,A6c_gate_off_control,0,0,motor_fault,50013,250,4.2595137617729808,1.0148763438551966,1,1
safety,A6c_gate_off_control,0,0,motor_fault,50014,250,4.5436702402257865,1.0825797729468107,1,1
safety,A6c_gate_off_control,0,0,motor_fault,50015,250,3.0989275566334742,0.73835382262956017,1,1
safety,A6c_gate_off_control,0,0,motor_fault,50016,250,7.6557921308685568,1.8240772918308901,1,1
safety,A6c_gate_off_control,0,0,motor_fault,50017,250,5.8686423798734717,1.3982690642606457,1,1
safety,A6c_gate_off_control,0,0,motor_fault,50018,57,8.0579494848279278,1.9198957368148271,1,1
safety,A6c_gate_off_control,0,0,motor_fault,50019,250,4.6630620384874115,1.1110261915952202,1,1
safety,A6c_gate_off_control,0,0,motor_fault,50020,250,3.8164683521364213,0.90931586661738562,1,1
safety,A6c_gate_off_control,0,0,motor_fault,50021,250,3.97458840929077,0.94698972200790921,1,1
safety,A6c_gate_off_control,0,0,motor_fault,50022,250,2.8876892049062439,0.6880239450724337,1,1
safety,A6c_gate_off_control,0,0,motor_fault,50023,250,2.1362256615316668,0.50897943058235273,1,1
safety,A6c_gate_off_control,0,0,motor_fault,50024,250,4.226595692973893,1.0070332492725684,1,1
safety,A6c_gate_off_control,0,0,motor_fault,50025,250,4.3630217123476616,1.0395382598189218,1,1
safety,A6c_gate_off_control,0,0,motor_fault,50026,250,4.464861183139595,1.0638026419897275,1,1
safety,A6c_gate_off_control,0,0,motor_fault,50027,250,2.1712333336125624,0.51732039629707605,1,1
safety,A6c_gate_off_control,0,0,motor_fault,50028,93,3.0371868878794901,0.72364342428913153,1,1
safety,A6c_gate_off_control,0,0,motor_fault,50029,250,5.134450492848897,1.2233397132444157,1,1
safety,A6c_gate_off_control,0,0,motor_fault,50030,250,3.9016301932938431,0.92960661876038286,1,1
safety,A6c_gate_off_control,0,0,motor_fault,50031,108,2.6846240536031178,0.63964142306524152,1,1
safety,A6c_gate_off_control,0,0,motor_fault,50032,250,2.976978077312598,0.70929800813286037,1,1
safety,A6c_gate_off_control,0,0,motor_fault,50033,30,4.0767669105435029,0.97133488194203599,1,1
safety,A6c_gate_off_control,0,0,motor_fault,50034,250,4.3994728593413912,1.0482231494235341,1,1
safety,A6c_gate_off_control,0,0,motor_fault,50035,250,3.5872093385206423,0.8546923667188,1,1
safety,A6c_gate_off_control,0,0,motor_fault,50036,250,5.0788947354522431,1.2101029385559936,1,1
safety,A6c_gate_off_control,0,0,motor_fault,50037,250,3.4168809548554595,0.81410974228400212,1,1
safety,A6c_gate_off_control,0,0,motor_fault,50038,250,3.5693295593565693,0.85043231124725249,1,1
safety,A6c_gate_off_control,0,0,motor_fault,50039,203,4.644482316950123,1.1065993670987635,1,1
safety,A6c_gate_off_control,0,0,motor_fault,50040,121,3.0993598631948358,0.73845682445722338,1,1
safety,A6c_gate_off_control,0,0,motor_fault,50041,49,5.3349031041576875,1.2710997686542649,1,1
safety,A6c_gate_off_control,0,0,motor_fault,50042,71,3.5401896197700911,0.84348939780649945,1,1
safety,A6c_gate_off_control,0,0,motor_fault,50043,39,4.6190291038946913,1.1005348570983751,1,1
safety,A6c_gate_off_control,0,0,motor_fault,50044,250,3.0949338928465648,0.73740228798750318,1,1
safety,A6c_gate_off_control,0,0,motor_fault,50045,250,4.1233427792299935,0.98243209865926762,1,1
safety,A6c_gate_off_control,0,0,motor_fault,50046,62,5.377308735173127,1.2812033800453237,1,1
safety,A6c_gate_off_control,0,0,motor_fault,50047,250,4.7033793076999295,1.1206322276502825,1,1
safety,A6c_gate_off_control,0,0,motor_fault,50048,250,4.0314041420901621,0.9605266997949935,1,1
safety,A6c_gate_off_control,0,0,motor_fault,50049,105,5.2654902065144791,1.2545613767822281,1,1
safety,A6c_gate_off_control,0,0,motor_fault,50050,250,3.6579679828511766,0.87155139764829093,1,1
safety,A6c_gate_off_control,0,0,motor_fault,50051,250,2.2634409375931606,0.53928987949098084,1,1
safety,A6c_gate_off_control,0,0,motor_fault,50052,250,2.5371149732723595,0.60449575045935944,1,1
safety,A6c_gate_off_control,0,0,motor_fault,50053,134,2.727653257474842,0.64989360759772175,1,1
safety,A6c_gate_off_control,0,0,motor_fault,50054,88,3.3631090363051839,0.80129798696344456,1,1
safety,A6c_gate_off_control,0,0,motor_fault,50055,250,7.4795581757314942,1.7820875995665326,1,1
safety,A6c_gate_off_control,0,0,motor_fault,50056,250,4.5204430003677167,1.0770456257217074,1,1
safety,A6c_gate_off_control,0,0,motor_fault,50057,66,4.4572429357041567,1.0619875101375313,1,1
safety,A6c_gate_off_control,0,0,motor_fault,50058,250,5.2463808805672016,1.2500083681677336,1,1
safety,A6c_gate_off_control,0,0,motor_fault,50059,250,3.5676414491017474,0.85003010027687997,1,1
safety,A6c_gate_off_control,0,0,motor_fault,50060,92,6.8566443910673938,1.6336714892606075,1,1
safety,A6c_gate_off_control,0,0,motor_fault,50061,250,4.3725059560932227,1.0417979859649222,1,1
safety,A6c_gate_off_control,0,0,motor_fault,50062,92,2.8373936071439854,0.67604046169293019,1,1
safety,A6c_gate_off_control,0,0,motor_fault,50063,250,4.6953607974279326,1.1187217287428621,1,1
safety,A6c_gate_off_control,0,0,motor_fault,50064,58,3.7317320973065251,0.88912651513188845,1,1
safety,A6c_gate_off_control,0,0,motor_fault,50065,250,3.8362219198645269,0.91402237297355982,1,1
safety,A6c_gate_off_control,0,0,motor_fault,50066,250,4.1759381630775838,0.99496353155236972,1,1
safety,A6c_gate_off_control,0,0,motor_fault,50067,250,4.1712120305847815,0.99383747812629186,1,1
safety,A6c_gate_off_control,0,0,motor_fault,50068,250,3.4766931946456436,0.82836067105921185,1,1
safety,A6c_gate_off_control,0,0,motor_fault,50069,59,4.9865785346156528,1.1881075809580308,1,1
safety,A6c_gate_off_control,0,0,motor_fault,50070,250,3.2699468121637425,0.77910105494021531,1,1
safety,A6c_gate_off_control,0,0,motor_fault,50071,38,3.3833421195070481,0.8061187431936766,1,1
safety,A6c_gate_off_control,0,0,motor_fault,50072,250,2.7566728428880483,0.65680784532331826,1,1
safety,A6c_gate_off_control,0,0,motor_fault,50073,250,3.0305617495803467,0.72206491169107134,1,1
safety,A6c_gate_off_control,0,0,motor_fault,50074,250,3.715738674519911,0.88531590496575219,1,1
safety,A6c_gate_off_control,0,0,motor_fault,50075,250,4.7316374343709739,1.1273650393945436,1,1
safety,A6c_gate_off_control,0,0,motor_fault,50076,40,5.8043647221928962,1.3829542002017761,1,1
safety,A6c_gate_off_control,0,0,motor_fault,50077,250,2.125945898180948,0.50653016307705612,1,1
safety,A6c_gate_off_control,0,0,motor_fault,50078,250,5.946837963235085,1.4169000283063227,1,1
safety,A6c_gate_off_control,0,0,motor_fault,50079,250,5.9872687155495621,1.4265331029676784,1,1
safety,A6c_gate_off_control,0,0,motor_fault,50080,250,2.5054045140068073,0.59694038222690715,1,1
safety,A6c_gate_off_control,0,0,motor_fault,50081,82,3.590229895007222,0.85541204776573532,1,1
safety,A6c_gate_off_control,0,0,motor_fault,50082,250,4.1772432129641279,0.99527447414616788,1,1
safety,A6c_gate_off_control,0,0,motor_fault,50083,250,2.5742444668281683,0.6133422636476229,1,1
safety,A6c_gate_off_control,0,0,motor_fault,50084,39,3.671855816397525,0.87486032785062484,1,1
safety,A6c_gate_off_control,0,0,motor_fault,50085,250,2.4119986823016375,0.57468540800275092,1,1
safety,A6c_gate_off_control,0,0,motor_fault,50086,250,6.3672262363274932,1.5170621917496068,1,1
safety,A6c_gate_off_control,0,0,motor_fault,50087,74,4.4089959320850722,1.0504921270085135,1,1
safety,A6c_gate_off_control,0,0,motor_fault,50088,250,3.1790034737220001,0.75743279701743216,1,1
safety,A6c_gate_off_control,0,0,motor_fault,50089,250,3.9303460193575042,0.93644848245567458,1,1
safety,A6c_gate_off_control,0,0,motor_fault,50090,250,4.5851412450465636,1.0924606992924959,1,1
safety,A6c_gate_off_control,0,0,motor_fault,50091,250,3.0644742389306421,0.73014493798696722,1,1
safety,A6c_gate_off_control,0,0,motor_fault,50092,250,3.9442666441458263,0.93976522553469499,1,1
safety,A6c_gate_off_control,0,0,motor_fault,50093,43,6.3846777389688931,1.5212202055948563,1,1
safety,A6c_gate_off_control,0,0,motor_fault,50094,35,4.5089527924822566,1.0743079563957894,1,1
safety,A6c_gate_off_control,0,0,motor_fault,50095,203,3.7438155270716136,0.89200552614278827,1,1
safety,A6c_gate_off_control,0,0,motor_fault,50096,250,3.2624854392733122,0.77732330018634221,1,1
safety,A6c_gate_off_control,0,0,motor_fault,50097,250,4.2654091180773896,1.0162809778079349,1,1
safety,A6c_gate_off_control,0,0,motor_fault,50098,109,6.811845451360897,1.6229976455590216,1,1
safety,A6c_gate_off_control,0,0,motor_fault,50099,250,5.2775077065298301,1.2574246792998336,1,1
heldout,A4c,1,1,id_reference,40000,250,1.5556729665183093,0.35343984957945618,0.67290574604596398,0.33071575578880968
heldout,A4c,1,1,id_reference,40001,250,4.9684582375633788,1.1288048130426536,0.45260560982290177,0.25340043542244833
heldout,A4c,1,1,id_reference,40002,250,3.3859228308857006,0.76926197330163848,0.5122777264467836,0.23193580919921986
heldout,A4c,1,1,id_reference,40003,250,4.3721102565810455,0.99331802036081418,0.50142127515486612,0.32511668711927733
heldout,A4c,1,1,id_reference,40004,56,8.07485952381818,1.8345611172127718,0.34747160208068323,0.21734962018204809
heldout,A4c,1,1,id_reference,40005,250,6.9197516862319848,1.5721273350803813,0.38133154019536536,0.25330972776478472
heldout,A4c,1,1,id_reference,40006,250,6.2304165282981563,1.4155143966456145,0.3998628826682652,0.22230890289952446
heldout,A4c,1,1,id_reference,40007,250,3.3079001821577796,0.75153568132145154,0.53539508981191719,0.27252778629372248
heldout,A4c,1,1,id_reference,40008,41,3.4274871076608195,0.77870513523055929,0.5094478481167346,0.3248336517147955
heldout,A4c,1,1,id_reference,40009,37,3.2918271862936921,0.74788399014807572,0.50333122131172636,0.31522771731055327
heldout,A4c,1,1,id_reference,40010,250,3.5821165500351055,0.8138360451515807,0.54116153445371784,0.31723161385394255
heldout,A4c,1,1,id_reference,40011,36,4.6155567741080574,1.0486276531610554,0.46586571911869146,0.28717793193999669
heldout,A4c,1,1,id_reference,40012,250,5.8850441210626769,1.3370477945451751,0.41046736269466955,0.2530569680746001
heldout,A4c,1,1,id_reference,40013,250,2.2347692453318055,0.50772657423148193,0.59467450041543612,0.22684924720153513
heldout,A4c,1,1,id_reference,40014,65,3.8934739043951172,0.88457462508380758,0.49055644080868366,0.31132042809048494
heldout,A4c,1,1,id_reference,40015,250,6.0999938221689867,1.3858831164034655,0.41424987171654515,0.28184795046023875
heldout,A4c,1,1,id_reference,40016,74,3.9709279373794297,0.90217173087434221,0.5398526045037122,0.44076152855825929
heldout,A4c,1,1,id_reference,40017,61,4.1169386533694414,0.93534451629080151,0.46694486218653902,0.2647288526314997
heldout,A4c,1,1,id_reference,40018,250,4.2435124547449066,0.96410134775967171,0.47841939674562822,0.25602381352447767
heldout,A4c,1,1,id_reference,40019,32,5.1547569186969309,1.1711307898088756,0.48004808758711015,0.31559149518992091
heldout,A4c,1,1,id_reference,40020,58,3.3625357074001485,0.76394855487454494,0.57215682645642074,0.34734214102948369
heldout,A4c,1,1,id_reference,40021,250,3.9289334380697776,0.89263082488792111,0.48777867215598036,0.32677543504300849
heldout,A4c,1,1,id_reference,40022,250,6.1023984268181284,1.3864294285936123,0.41175939298798897,0.26182875471395078
heldout,A4c,1,1,id_reference,40023,250,3.3706659365661329,0.76579569565240602,0.51673673378261753,0.25951542693938401
heldout,A4c,1,1,id_reference,40024,250,3.5807537183521188,0.8135264177199778,0.53240862899285724,0.37849229889339542
heldout,A4c,1,1,id_reference,40025,250,2.3920266702527746,0.54345454650171665,0.59351504935043997,0.27637906298664444
heldout,A4c,1,1,id_reference,40026,250,4.8352079585458076,1.0985311246865497,0.47971587154246043,0.28536908914005799
heldout,A4c,1,1,id_reference,40027,250,6.2741300081162867,1.4254458450052867,0.39532149880411921,0.23190518215938832
heldout,A4c,1,1,id_reference,40028,250,1.2162697208977944,0.2763294062789155,0.73753233543431274,0.34389537016003163
heldout,A4c,1,1,id_reference,40029,72,9.9189438389415105,2.2535263476800287,0.30852754970190793,0.20630874655186529
heldout,A4c,1,1,id_reference,40030,60,4.236168170381152,0.96243276906950925,0.50441681240900327,0.3257285841762273
heldout,A4c,1,1,id_reference,40031,250,3.2333713972655147,0.73460317488302218,0.57125249536340228,0.33315544299412686
heldout,A4c,1,1,id_reference,40032,250,2.815923079322209,0.63976134509196469,0.56938065349637146,0.33920728399258354
heldout,A4c,1,1,id_reference,40033,57,3.1529946923765038,0.71634205503516379,0.52819111455280843,0.29828234502153267
heldout,A4c,1,1,id_reference,40034,38,3.5601757682432762,0.80885122714480162,0.49865236466276236,0.3225970371944672
heldout,A4c,1,1,id_reference,40035,250,2.6136472815348188,0.5938054603512638,0.59812475870789883,0.351261336452378
heldout,A4c,1,1,id_reference,40036,250,5.4848733420700535,1.2461313211106655,0.43127582983097629,0.2604337298352925
heldout,A4c,1,1,id_reference,40037,77,2.9777478062425349,0.67652698181120596,0.53411201358412452,0.24939614855966866
heldout,A4c,1,1,id_reference,40038,250,4.476556913170409,1.0170476932345682,0.48193811956186039,0.33359472029676396
heldout,A4c,1,1,id_reference,40039,250,4.3153860041174887,0.98043060013193628,0.49489377855001149,0.34323850424767538
heldout,A4c,1,1,id_reference,40040,31,4.6200962364423743,1.0496589926000914,0.47133063648976004,0.30174456182784543
heldout,A4c,1,1,id_reference,40041,250,4.7287061369973529,1.0743345302877483,0.43777574228684568,0.20599807851778351
heldout,A4c,1,1,id_reference,40042,250,3.8901181430756848,0.88381221563047674,0.50943935827374665,0.29058369865988803
heldout,A4c,1,1,id_reference,40043,250,1.596107457896085,0.36262633083738233,0.68161590883443246,0.36754313460264587
heldout,A4c,1,1,id_reference,40044,78,4.2539122607995079,0.9664641232058635,0.51454192276710409,0.34110028393738251
heldout,A4c,1,1,id_reference,40045,250,4.6961563819873655,1.0669394152718168,0.48848224697503234,0.31858438466070316
heldout,A4c,1,1,id_reference,40046,250,4.2549279980563712,0.96669489280269039,0.50799099406948434,0.29182771050472994
heldout,A4c,1,1,id_reference,40047,250,4.6735781605072528,1.0618097746754629,0.4887731143321325,0.31698543708917459
heldout,A4c,1,1,id_reference,40048,33,3.732996755980964,0.84811515036311547,0.5188952313982319,0.33605470810140803
heldout,A4c,1,1,id_reference,40049,250,4.6525741175639137,1.0570377782866147,0.4683799838983051,0.28679345547424057
heldout,A4c,1,1,id_reference,40050,250,1.7728800241042464,0.40278802970023375,0.67674419012927789,0.36508025521411763
heldout,A4c,1,1,id_reference,40051,67,3.0204090592502455,0.68621937035972091,0.54099751973254939,0.31746763971088998
heldout,A4c,1,1,id_reference,40052,68,6.7443565662948917,1.5322785839985407,0.37558766279663541,0.23440607120366452
heldout,A4c,1,1,id_reference,40053,46,3.9598800364768705,0.89966171204827217,0.51433809707026301,0.3771325758055471
heldout,A4c,1,1,id_reference,40054,250,3.5521153288679566,0.80701994220145434,0.52192298248580371,0.2542320784872289
heldout,A4c,1,1,id_reference,40055,62,5.3815029733054569,1.2226461745705799,0.43733668399329373,0.27075333420228281
heldout,A4c,1,1,id_reference,40056,250,4.4521894477424393,1.0115115468202165,0.49289446284437977,0.37002550031150566
heldout,A4c,1,1,id_reference,40057,250,3.6594595402892693,0.83140792267969432,0.53238952634499992,0.28051120312312572
heldout,A4c,1,1,id_reference,40058,250,3.3155775610160965,0.75327993714336827,0.54124051038368903,0.31871264643805652
heldout,A4c,1,1,id_reference,40059,250,6.4141020825476449,1.457246686182764,0.41057924480358166,0.37814448220487562
heldout,A4c,1,1,id_reference,40060,250,2.5114523242955684,0.57058736047307546,0.61835479831801266,0.42650155047782184
heldout,A4c,1,1,id_reference,40061,250,1.3741098679472734,0.31218976962740369,0.719849176356398,0.3814879653924475
heldout,A4c,1,1,id_reference,40062,90,5.1621257286612101,1.1728049405728267,0.44255568935367917,0.22967148757816999
heldout,A4c,1,1,id_reference,40063,250,6.5997068899696831,1.4994150188775759,0.40258461892877256,0.35970384498374486
heldout,A4c,1,1,id_reference,40064,33,4.5203954944627229,1.0270075639215348,0.49646019703381389,0.35166545186821785
heldout,A4c,1,1,id_reference,40065,250,5.6575067981343388,1.2853526382235412,0.4180984150074713,0.23209798454735769
heldout,A4c,1,1,id_reference,40066,250,3.3979141776726243,0.7719863375451792,0.52809858428480694,0.25950853097215454
heldout,A4c,1,1,id_reference,40067,250,3.2204154099798181,0.73165964992889354,0.55446441663882706,0.30990923867576436
heldout,A4c,1,1,id_reference,40068,250,2.540290762321491,0.57713928585672492,0.59817765967691461,0.35394701326774541
heldout,A4c,1,1,id_reference,40069,250,2.4936071125575849,0.56653303216106377,0.58155592690591629,0.25432466989386898
heldout,A4c,1,1,id_reference,40070,250,6.3056958492427029,1.4326174205097058,0.4110749246760354,0.33209096283232081
heldout,A4c,1,1,id_reference,40071,250,3.0226033418932046,0.68671789861337962,0.57292666360215005,0.33840832592813219
heldout,A4c,1,1,id_reference,40072,250,5.7665557323510512,1.3101279218055493,0.43150807447299455,0.34978401875470333
heldout,A4c,1,1,id_reference,40073,250,3.6317645034482329,0.82511577139477432,0.5194745936252646,0.25513090853970954
heldout,A4c,1,1,id_reference,40074,250,4.0845271374649634,0.92798080839558816,0.49980576864667769,0.28070702422459165
heldout,A4c,1,1,id_reference,40075,250,2.9899453010494792,0.67929818168585643,0.55379331815969335,0.25675485316389313
heldout,A4c,1,1,id_reference,40076,60,3.324073137002034,0.75521008259372002,0.5260974128807403,0.29473048290274162
heldout,A4c,1,1,id_reference,40077,250,2.5657130319379569,0.5829150776475418,0.60766540455416695,0.33594609613660409
heldout,A4c,1,1,id_reference,40078,61,5.7833560993932451,1.3139448674799104,0.44906770683768754,0.35588693159235663
heldout,A4c,1,1,id_reference,40079,250,3.9579101264993062,0.89921415995915044,0.50879981426710674,0.28695246396554192
heldout,A4c,1,1,id_reference,40080,50,5.2949523431777967,1.2029823748185082,0.44292365389238758,0.27729143035260873
heldout,A4c,1,1,id_reference,40081,71,7.6256526337899464,1.7325039245645215,0.36048481432873514,0.2110398960813486
heldout,A4c,1,1,id_reference,40082,250,4.4268383589895066,1.0057519269075781,0.49924405204426875,0.26045855497002579
heldout,A4c,1,1,id_reference,40083,250,6.3510970412563887,1.4429323072638018,0.39850442574150485,0.2514694015389789
heldout,A4c,1,1,id_reference,40084,250,5.4470732861917952,1.2375433682753036,0.42560145773839853,0.25028791206620093
heldout,A4c,1,1,id_reference,40085,250,4.2920971768047593,0.97513951402357835,0.49184174354486893,0.29891044817629492
heldout,A4c,1,1,id_reference,40086,250,4.4260086966853391,1.0055634324577176,0.49509746022715567,0.37966416114589202
heldout,A4c,1,1,id_reference,40087,250,4.0986190271549194,0.93118240376910377,0.48478228222257874,0.25392091794339627
heldout,A4c,1,1,id_reference,40088,40,3.5693209977300802,0.81092897009190679,0.51593521778704898,0.3238436857628017
heldout,A4c,1,1,id_reference,40089,250,3.6436512828812151,0.82781637854370493,0.52033454278332847,0.2993699008536832
heldout,A4c,1,1,id_reference,40090,59,5.3749390179916068,1.2211548821018514,0.45829154613113943,0.32010611700892272
heldout,A4c,1,1,id_reference,40091,59,4.7127017571666707,1.0706984282780638,0.46437043944385903,0.34570822668563383
heldout,A4c,1,1,id_reference,40092,250,5.2735829889770525,1.1981273818367733,0.45294260849342732,0.35190464663230353
heldout,A4c,1,1,id_reference,40093,250,1.7229394654534733,0.39144182524895549,0.65879306062977361,0.34757333794802586
heldout,A4c,1,1,id_reference,40094,250,3.0414394035886829,0.69099734227255616,0.56885570388928497,0.33036446444501061
heldout,A4c,1,1,id_reference,40095,70,3.7161410993815291,0.8442856432229352,0.53870965618829969,0.32093056911028039
heldout,A4c,1,1,id_reference,40096,250,2.7018014322328741,0.61383357065021504,0.58758307123386677,0.32705298711278219
heldout,A4c,1,1,id_reference,40097,250,11.136177215237662,2.5300746908604475,0.28235031284962325,0.21646264157075126
heldout,A4c,1,1,id_reference,40098,50,3.7218973885476352,0.84559343864060432,0.57959010948504641,0.33309465568541402
heldout,A4c,1,1,id_reference,40099,76,7.8475449742350563,1.7829165736994321,0.35520916815539516,0.23717420846149814
heldout,A6c,1,1,id_reference,40000,78,5.0029590217132123,1.1366431905311956,0.49225551600673118,0.30842133186034548
heldout,A6c,1,1,id_reference,40001,250,4.8583228104365404,1.1037826845909404,0.45138738989804067,0.25902223455448059
heldout,A6c,1,1,id_reference,40002,250,3.4123909880375702,0.77527538465720058,0.53687386218483724,0.32603267353848009
heldout,A6c,1,1,id_reference,40003,87,4.0867760889705966,0.92849175709687037,0.5029861926963336,0.32578489475507449
heldout,A6c,1,1,id_reference,40004,75,7.3770605369304443,1.6760252460686773,0.36104221496977729,0.25521175692261167
heldout,A6c,1,1,id_reference,40005,250,6.9198733427826014,1.5721549747410786,0.36709511107972026,0.24439596056909399
heldout,A6c,1,1,id_reference,40006,250,6.3848916012068235,1.4506102347219216,0.38669368018836991,0.23081635747373691
heldout,A6c,1,1,id_reference,40007,250,3.3548416543087436,0.76220051076385464,0.52430837439069067,0.25490177408404435
heldout,A6c,1,1,id_reference,40008,50,3.6572002622656052,0.83089462785357859,0.51425076829462879,0.34081699171424262
heldout,A6c,1,1,id_reference,40009,250,3.3462769474677287,0.76025465918532187,0.54873046945627102,0.31187576113438376
heldout,A6c,1,1,id_reference,40010,250,5.0586268590114347,1.149290599379041,0.47844656871599467,0.30378216839808969
heldout,A6c,1,1,id_reference,40011,39,5.4670032220487528,1.2420713337815605,0.43301954634557116,0.25668315772052047
heldout,A6c,1,1,id_reference,40012,250,6.0892891043094348,1.3834510667686775,0.39951203210673392,0.2530569680746001
heldout,A6c,1,1,id_reference,40013,90,4.5072297038425049,1.0240163728701026,0.49622533530616619,0.29637036743746309
heldout,A6c,1,1,id_reference,40014,97,3.53174726928391,0.80239243753270495,0.50350621434328902,0.33343954150946231
heldout,A6c,1,1,id_reference,40015,250,6.3402982299239019,1.4404788801392481,0.40303251684904517,0.25331327746636745
heldout,A6c,1,1,id_reference,40016,92,3.0996257830794764,0.70421694925770917,0.54112162759865967,0.42609445836863641
heldout,A6c,1,1,id_reference,40017,52,4.5592621589195677,1.0358378440221312,0.45113421427135658,0.27852721546824566
heldout,A6c,1,1,id_reference,40018,250,4.265111015910847,0.96900841523074022,0.4726533295706199,0.26527325094461957
heldout,A6c,1,1,id_reference,40019,35,5.9776218806057395,1.3580809230442412,0.47035819492133735,0.32409106256598308
heldout,A6c,1,1,id_reference,40020,74,2.0919269393470121,0.47527363313947396,0.59786225006838656,0.35071085887838749
heldout,A6c,1,1,id_reference,40021,250,4.8707372209940285,1.1066031664624461,0.45479063488370663,0.3385168365959117
heldout,A6c,1,1,id_reference,40022,250,6.5245097829352563,1.4823306735356752,0.3908877530538159,0.25814224269989788
heldout,A6c,1,1,id_reference,40023,250,3.1174015337144088,0.70825549641112118,0.51362425466329975,0.29953351949449825
heldout,A6c,1,1,id_reference,40024,250,3.9823733559851995,0.90477206341046046,0.50761005857910735,0.36054898598312102
heldout,A6c,1,1,id_reference,40025,91,5.2371221521392517,1.1898436917779722,0.47204115146642744,0.27047061097725611
heldout,A6c,1,1,id_reference,40026,250,4.6829524044088551,1.0639395483655711,0.47930408947932202,0.27383941606053108
heldout,A6c,1,1,id_reference,40027,250,6.2761113869700482,1.4258960027563727,0.39013075564318295,0.23239300311873703
heldout,A6c,1,1,id_reference,40028,55,4.6358276315075377,1.053233074058838,0.53460853589323531,0.30384490183380669
heldout,A6c,1,1,id_reference,40029,54,13.56618179446447,3.0821575973864213,0.25387093803536687,0.22117017021837529
heldout,A6c,1,1,id_reference,40030,73,3.3155818260368282,0.75328090613127141,0.53374495176220793,0.31749888257510755
heldout,A6c,1,1,id_reference,40031,250,2.8205635631000177,0.64081563601538116,0.57738217024849425,0.30055014620657849
heldout,A6c,1,1,id_reference,40032,250,3.6387781473791403,0.82670923050173029,0.53070255159610069,0.34469903225719883
heldout,A6c,1,1,id_reference,40033,73,3.2795306094797327,0.74509027941773187,0.49483352859736673,0.28188472090156796
heldout,A6c,1,1,id_reference,40034,66,3.7814704838197226,0.85912809938557611,0.50376174856300437,0.33829103968693741
heldout,A6c,1,1,id_reference,40035,250,3.3771096586015039,0.76725967181958876,0.54370580774996169,0.32177056440356955
heldout,A6c,1,1,id_reference,40036,250,5.6961225795544417,1.2941259191574255,0.39696968678636152,0.26778736719399243
heldout,A6c,1,1,id_reference,40037,250,8.6665094303339814,1.9689805347016873,0.3240994460155745,0.22555741287223621
heldout,A6c,1,1,id_reference,40038,250,3.4779326799331054,0.79016607583928489,0.53241599641865656,0.30183155296462705
heldout,A6c,1,1,id_reference,40039,250,5.0767844524178845,1.1534158989891921,0.46545779962908546,0.31677974231376277
heldout,A6c,1,1,id_reference,40040,35,4.9868286560604824,1.1329784652755257,0.46157779028493362,0.30016743483692154
heldout,A6c,1,1,id_reference,40041,250,10.37932593424892,2.3581224819682634,0.29549840850083958,0.26963498484161386
heldout,A6c,1,1,id_reference,40042,250,4.4672349587810629,1.0149297994175077,0.47245447075619551,0.28461417912709164
heldout,A6c,1,1,id_reference,40043,76,4.7938758355279223,1.0891407067409737,0.53259679996414011,0.3395843583785218
heldout,A6c,1,1,id_reference,40044,250,2.5971762488172923,0.59006333751992746,0.61801850875201314,0.37352797039699154
heldout,A6c,1,1,id_reference,40045,72,2.5305238988928735,0.57492031129371035,0.57048881866760182,0.32361681681003851
heldout,A6c,1,1,id_reference,40046,250,7.1870873807157114,1.6328644499362213,0.3965586721272133,0.27233823986853917
heldout,A6c,1,1,id_reference,40047,85,4.980977035955485,1.1316490112230233,0.46728749140842474,0.29612986626261051
heldout,A6c,1,1,id_reference,40048,39,3.705754025558659,0.84192576046573697,0.5030336267862443,0.31642284047923458
heldout,A6c,1,1,id_reference,40049,250,5.3416399300841579,1.2135895230100353,0.42803642067099806,0.26132216516596646
heldout,A6c,1,1,id_reference,40050,107,2.825834470137623,0.64201315543663073,0.58576286327852023,0.39003833940940891
heldout,A6c,1,1,id_reference,40051,250,2.9646910649381155,0.67356056613004911,0.56814638792870842,0.30534223046391928
heldout,A6c,1,1,id_reference,40052,250,5.7870009530690512,1.314772957035133,0.4099248733672714,0.25536556995975684
heldout,A6c,1,1,id_reference,40053,56,4.1833084367618376,0.95042334504446258,0.51121294064246947,0.36883183738599606
heldout,A6c,1,1,id_reference,40054,250,4.5874670515837108,1.0422458315845364,0.47465001754422426,0.34667366843959585
heldout,A6c,1,1,id_reference,40055,57,5.5588015244481257,1.2629273741512137,0.41149161488105496,0.25024711383198478
heldout,A6c,1,1,id_reference,40056,41,5.1669567904772489,1.1739025297180512,0.43769115396620756,0.36430414271467937
heldout,A6c,1,1,id_reference,40057,78,11.553612012024519,2.624913448723404,0.27241120355521115,0.20653992972165616
heldout,A6c,1,1,id_reference,40058,250,4.0994128585800595,0.93136275765165588,0.49604025815019548,0.30791195440909447
heldout,A6c,1,1,id_reference,40059,250,6.1389020958297529,1.3947228498731772,0.41380295722358051,0.37095918842049652
heldout,A6c,1,1,id_reference,40060,54,2.6138589055634585,0.59385354009968117,0.58530047138349506,0.3981443847042333
heldout,A6c,1,1,id_reference,40061,51,4.6395921979668939,1.0540883616621861,0.52848031613779145,0.35986966368445128
heldout,A6c,1,1,id_reference,40062,67,6.0308930936249103,1.3701838327956073,0.39750095413161696,0.27621508049157956
heldout,A6c,1,1,id_reference,40063,250,6.4218855612119921,1.459015047263492,0.39985672618892859,0.3401934532106039
heldout,A6c,1,1,id_reference,40064,37,4.5665277623918028,1.0374885468713797,0.48937399016490146,0.35127491837793506
heldout,A6c,1,1,id_reference,40065,250,6.4345769829577826,1.4618984644657727,0.39639475889636572,0.29856637969113375
heldout,A6c,1,1,id_reference,40066,83,6.0349644381022456,1.3711088185802969,0.43350914055231077,0.27096272606750799
heldout,A6c,1,1,id_reference,40067,250,3.2382377235018196,0.7357087758994193,0.54845167324608424,0.32181796232527399
heldout,A6c,1,1,id_reference,40068,250,3.7396522657405828,0.84962724346940566,0.51784435644992077,0.33016597758145233
heldout,A6c,1,1,id_reference,40069,100,5.628289045980619,1.278714534876298,0.45173504756371452,0.25992387657628696
heldout,A6c,1,1,id_reference,40070,250,6.2385748621701991,1.417367922649224,0.41275462723649581,0.32311875365955156
heldout,A6c,1,1,id_reference,40071,250,3.7185999148839981,0.84484427180364596,0.53154833084866893,0.31063945765214396
heldout,A6c,1,1,id_reference,40072,250,5.424193052877385,1.2323451123468183,0.4448484491623374,0.3321892543651786
heldout,A6c,1,1,id_reference,40073,250,3.7490533559378871,0.85176311648174863,0.48966764561331233,0.25798903539957674
heldout,A6c,1,1,id_reference,40074,250,4.1027690311067069,0.93212526052887412,0.49064510183751142,0.26130762598711749
heldout,A6c,1,1,id_reference,40075,250,2.8327143138179371,0.64357621590488745,0.49985047530191073,0.24716891112778072
heldout,A6c,1,1,id_reference,40076,65,3.1943736881025999,0.72574312218741488,0.5029563226071837,0.28369013991637737
heldout,A6c,1,1,id_reference,40077,250,3.1206039865581334,0.70898307507047431,0.56847867252775142,0.3062366205329789
heldout,A6c,1,1,id_reference,40078,69,4.0522275391420495,0.92064252752394893,0.57165050024795472,0.30148198119144504
heldout,A6c,1,1,id_reference,40079,250,4.4896091368390527,1.0200130825351532,0.46593432354903475,0.2698138974780131
heldout,A6c,1,1,id_reference,40080,48,5.2881691834673807,1.2014412803858601,0.42101200850292786,0.27946491087207148
heldout,A6c,1,1,id_reference,40081,250,7.1166396621323038,1.6168591380260573,0.36315942265733558,0.25430071205056626
heldout,A6c,1,1,id_reference,40082,79,12.011480647774405,2.7289385396194512,0.27397358214264861,0.2198264698014071
heldout,A6c,1,1,id_reference,40083,250,6.3800799812648084,1.4495170626573934,0.38727093613135899,0.25305104473019452
heldout,A6c,1,1,id_reference,40084,250,5.2516236738249855,1.1931383531583457,0.42365534907359703,0.25917597868874009
heldout,A6c,1,1,id_reference,40085,250,4.3547204490770781,0.98936715724195856,0.50370544696792163,0.34838092620000077
heldout,A6c,1,1,id_reference,40086,56,5.6340973883855625,1.2800341564870688,0.46506110956215735,0.40280090280338093
heldout,A6c,1,1,id_reference,40087,250,4.0414393702354765,0.91819151829666212,0.47861386246843729,0.26666235040485731
heldout,A6c,1,1,id_reference,40088,40,5.3317831132612117,1.2113501115590339,0.48103764873270877,0.34359591485505259
heldout,A6c,1,1,id_reference,40089,250,3.7543421481916637,0.85296469932008478,0.50621494388482491,0.28966466637175747
heldout,A6c,1,1,id_reference,40090,58,2.8022526212926402,0.63665549654047471,0.58586048197903262,0.34167967028138529
heldout,A6c,1,1,id_reference,40091,67,3.9352509016794039,0.89406611587514406,0.52241771745039878,0.31487143157077663
heldout,A6c,1,1,id_reference,40092,27,6.2772400008363141,1.4261524172623208,0.43758091574428093,0.36795126259655381
heldout,A6c,1,1,id_reference,40093,80,5.5978954084884904,1.2718092772195861,0.49785393063538069,0.32175239109252057
heldout,A6c,1,1,id_reference,40094,138,5.1079673498062723,1.1605004719036842,0.48893220273882199,0.38668902173835723
heldout,A6c,1,1,id_reference,40095,72,4.3704788474768907,0.99294737370127528,0.53244521433064607,0.33042289099886152
heldout,A6c,1,1,id_reference,40096,250,3.1484984857656988,0.7153205430449171,0.55468583500189028,0.29956251573924253
heldout,A6c,1,1,id_reference,40097,250,8.7997095468424256,1.9992428264274826,0.32212608430715678,0.23952752621247436
heldout,A6c,1,1,id_reference,40098,250,3.578796390126544,0.81308172413172775,0.53548818892581007,0.31981308326737595
heldout,A6c,1,1,id_reference,40099,250,7.2457927336371064,1.6462019646662509,0.36288468097523824,0.2655043757636702
safety,A4c,1,1,id_reference,50000,250,5.8492728275963168,1.3289207647297063,0.42550448541041225,0.34644164450591947
safety,A4c,1,1,id_reference,50001,250,1.8615184000161022,0.42292615315131377,0.63216016813553366,0.33996773695780858
safety,A4c,1,1,id_reference,50002,45,5.5336222531445429,1.257206790163709,0.49223350211620975,0.31583954923911994
safety,A4c,1,1,id_reference,50003,250,4.48611123137837,1.0192183787596973,0.46121804615267215,0.23667831263323916
safety,A4c,1,1,id_reference,50004,250,3.3629213306637906,0.76403616623710591,0.54469251444328171,0.27949208106399154
safety,A4c,1,1,id_reference,50005,71,4.363080780220459,0.99126657585071942,0.49799347755718959,0.31293126320666226
safety,A4c,1,1,id_reference,50006,250,5.2011003404697309,1.1816597456838591,0.46442116521375304,0.2940810756989638
safety,A4c,1,1,id_reference,50007,250,5.6975208516324267,1.2944435984406364,0.41249111219920309,0.24716397026653678
safety,A4c,1,1,id_reference,50008,250,4.2247305442436094,0.95983420693684818,0.51545546477357562,0.39456784524227506
safety,A4c,1,1,id_reference,50009,250,6.3479059029555938,1.4422072992027923,0.39882127931149364,0.25476106804680682
safety,A4c,1,1,id_reference,50010,54,7.2728513842788391,1.6523495327081645,0.36571462002754268,0.23564591014479958
safety,A4c,1,1,id_reference,50011,250,2.7591285351035451,0.62685795498517127,0.56412904124437702,0.35778040556808477
safety,A4c,1,1,id_reference,50012,250,3.5603210623389208,0.80888423711824375,0.54119759695799907,0.27702755810997637
safety,A4c,1,1,id_reference,50013,250,4.3856487019308634,0.99639387639930321,0.47401073464925697,0.25229809611342852
safety,A4c,1,1,id_reference,50014,250,3.4713717043870878,0.78867546035647629,0.52217648900747748,0.22440791811367852
safety,A4c,1,1,id_reference,50015,250,3.4805459146542383,0.79075978756831244,0.51533526294445453,0.26147223854118945
safety,A4c,1,1,id_reference,50016,250,4.7170074350956188,1.0716766532599833,0.47246322794470058,0.26312956965664658
safety,A4c,1,1,id_reference,50017,250,4.2127703209882608,0.95711691377865438,0.51510011336940786,0.34051217109022602
safety,A4c,1,1,id_reference,50018,250,3.9259544414753966,0.89195401418870834,0.52980784927824864,0.25829532890062956
safety,A4c,1,1,id_reference,50019,250,6.8079877006025491,1.5467352076092229,0.38282802110945763,0.24387324021223461
safety,A4c,1,1,id_reference,50020,58,5.3375213019388283,1.2126537946509979,0.44127709758431832,0.33128117185019601
safety,A4c,1,1,id_reference,50021,50,5.6082106106620007,1.2741528311560839,0.44438202033342633,0.40031546961179681
safety,A4c,1,1,id_reference,50022,71,5.8961805027563132,1.3395779156923384,0.41907790262341449,0.2562352118449947
safety,A4c,1,1,id_reference,50023,69,3.7712835101823323,0.85681367822665655,0.54047425292054563,0.34506088663671725
safety,A4c,1,1,id_reference,50024,250,3.017215163175742,0.68549373574856531,0.57042924708682996,0.37938918017502588
safety,A4c,1,1,id_reference,50025,99,4.1338089487462861,0.93917734927606422,0.54451938521664767,0.25330815644135818
safety,A4c,1,1,id_reference,50026,250,4.5850686460842223,1.0417009278051341,0.4924803303920533,0.30952454789973466
safety,A4c,1,1,id_reference,50027,250,1.7082242141295241,0.3880986057379161,0.68660962800383729,0.32376263450478998
safety,A4c,1,1,id_reference,50028,100,4.6427452404319016,1.0548047145708852,0.47233278665168621,0.24837733490039132
safety,A4c,1,1,id_reference,50029,69,8.5301732250864397,1.93800574185511,0.35233894352319872,0.2448598897715932
safety,A4c,1,1,id_reference,50030,74,3.4789207809345992,0.79039056663963536,0.56033548667571753,0.36469292635228423
safety,A4c,1,1,id_reference,50031,48,4.216786895765293,0.95802945620599766,0.54432238417295131,0.35304539734054047
safety,A4c,1,1,id_reference,50032,64,5.9897304083640037,1.3608319101228994,0.41463848392084346,0.25486021669327114
safety,A4c,1,1,id_reference,50033,26,5.6347168530090768,1.2801748952464782,0.46524142016817027,0.3958959762120523
safety,A4c,1,1,id_reference,50034,43,6.6278246022379115,1.5058031995611052,0.46237529171974856,0.3284085399820067
safety,A4c,1,1,id_reference,50035,250,2.6462596049392983,0.60121479054250115,0.58387377349731628,0.29279002145748145
safety,A4c,1,1,id_reference,50036,250,3.4599129268161803,0.78607209274117984,0.54033379318903829,0.32390079100527308
safety,A4c,1,1,id_reference,50037,250,3.0250467417920484,0.68727302485860997,0.57367176486782345,0.28421369056840312
safety,A4c,1,1,id_reference,50038,250,2.8022061706834975,0.63664494323225274,0.54279846551480615,0.23753718725682746
safety,A4c,1,1,id_reference,50039,250,4.0043367069535023,0.90976200900286297,0.51078609854907175,0.35655103364175761
safety,A4c,1,1,id_reference,50040,250,1.3448547058179798,0.30554316695130168,0.72133276331105933,0.40907065537405285
safety,A4c,1,1,id_reference,50041,55,5.2733303298881982,1.1980699791613516,0.44139027840176448,0.27140211900648864
safety,A4c,1,1,id_reference,50042,250,1.3639492731439682,0.30988134158615849,0.72699066773354937,0.34203665258428345
safety,A4c,1,1,id_reference,50043,40,4.8178280535034803,1.0945825113493821,0.45941566292025138,0.33733092375063417
safety,A4c,1,1,id_reference,50044,82,3.4825083928119454,0.79120565119118902,0.51828424892890312,0.26462697791964407
safety,A4c,1,1,id_reference,50045,250,5.8050468578904981,1.3188728816483968,0.4152089587269896,0.23302915140395217
safety,A4c,1,1,id_reference,50046,250,5.2569884166027574,1.194357191513975,0.43983494220185071,0.23394120117685965
safety,A4c,1,1,id_reference,50047,250,7.6736288570553253,1.743403843441595,0.36709120716747545,0.3081434449958067
safety,A4c,1,1,id_reference,50048,250,1.1368341200952119,0.25828209980565742,0.73072473521170311,0.34124791109632485
safety,A4c,1,1,id_reference,50049,250,5.654901008583046,1.2847606179937971,0.41882876071963493,0.23575653144514733
safety,A4c,1,1,id_reference,50050,250,4.522660941736234,1.0275222603653329,0.50316544225356585,0.31246001495485626
safety,A4c,1,1,id_reference,50051,92,4.5012488687696681,1.0226575619284728,0.49053238437910013,0.22347201590655719
safety,A4c,1,1,id_reference,50052,250,4.3485125972351062,0.98795676941080113,0.49389625923836356,0.27717528105189032
safety,A4c,1,1,id_reference,50053,66,3.4793976501383996,0.79049890854907756,0.5179891908583919,0.26585277100845345
safety,A4c,1,1,id_reference,50054,117,3.4341251402878141,0.7802132576339712,0.54157399043427001,0.23497384669706048
safety,A4c,1,1,id_reference,50055,250,4.5823825790045252,1.041090668987863,0.4672886100603455,0.26910477635137575
safety,A4c,1,1,id_reference,50056,33,4.6317776040430809,1.052312931375486,0.50605773611123261,0.46938379611832537
safety,A4c,1,1,id_reference,50057,250,6.2627400449070461,1.4228581116127093,0.41967776794234973,0.30504242306745083
safety,A4c,1,1,id_reference,50058,70,7.5703452482577074,1.7199384082613767,0.35783919139946185,0.23236051797404189
safety,A4c,1,1,id_reference,50059,67,3.2558025834869095,0.73969940992381111,0.51375220665260035,0.29932815366654608
safety,A4c,1,1,id_reference,50060,66,7.5720959505484018,1.7203361576390408,0.34486082578487431,0.21553119002066717
safety,A4c,1,1,id_reference,50061,250,3.8317941073303539,0.87056133394495638,0.5061778633634505,0.32812969045639134
safety,A4c,1,1,id_reference,50062,250,4.6014268284356987,1.0454174116896866,0.48988604025069526,0.33270534716006833
safety,A4c,1,1,id_reference,50063,250,7.0618292975978578,1.6044065420027391,0.38632093670261136,0.35545250347055146
safety,A4c,1,1,id_reference,50064,47,3.2447348911211216,0.73718489459241043,0.51346138359497806,0.31266920845268581
safety,A4c,1,1,id_reference,50065,44,3.4507028219733051,0.78397961049051612,0.53239873772942858,0.33716845568397596
safety,A4c,1,1,id_reference,50066,250,6.4545841265297206,1.4664439711158022,0.39440589244122193,0.25880166413402944
safety,A4c,1,1,id_reference,50067,62,5.4520139436129451,1.2386658569045577,0.46857747569784014,0.33861690703999786
safety,A4c,1,1,id_reference,50068,35,3.3047143825876195,0.7508118861889902,0.56420907624121175,0.43503561068657981
safety,A4c,1,1,id_reference,50069,64,5.7505536412014493,1.3064923397708945,0.43845912374995899,0.25817996223504663
safety,A4c,1,1,id_reference,50070,250,5.5205413664663112,1.2542348887940609,0.44147129864026929,0.38434722276319561
safety,A4c,1,1,id_reference,50071,50,3.6588221144621063,0.83126310323928532,0.50312128948134838,0.2842896306329169
safety,A4c,1,1,id_reference,50072,250,4.2105304837693023,0.9566080357902923,0.52090589187800529,0.31198034762849408
safety,A4c,1,1,id_reference,50073,250,2.8834393348691458,0.65510064565079884,0.53304584502465857,0.22106943973755147
safety,A4c,1,1,id_reference,50074,52,4.7161907557638827,1.0714911084659451,0.50308537527599961,0.39015027482107778
safety,A4c,1,1,id_reference,50075,250,3.432996903151325,0.77995692871883737,0.52138164257857322,0.31618624877756962
safety,A4c,1,1,id_reference,50076,250,6.2475979813709621,1.4194179228495827,0.41702920453128706,0.25706537021585846
safety,A4c,1,1,id_reference,50077,250,2.1311174586835833,0.48417749118507525,0.65775149946374956,0.32385307479005504
safety,A4c,1,1,id_reference,50078,250,4.7430969156093603,1.077604031485897,0.469951659929426,0.32372199884950931
safety,A4c,1,1,id_reference,50079,250,5.1545752305740287,1.1710895113241229,0.47584269311809219,0.27703367899799319
safety,A4c,1,1,id_reference,50080,250,2.9527625873241048,0.67085048539692205,0.56610985278094095,0.25128169008200074
safety,A4c,1,1,id_reference,50081,250,1.5208749453895418,0.34553394157814904,0.70924732815127867,0.42578738141505301
safety,A4c,1,1,id_reference,50082,44,3.3539308315908318,0.76199357714005267,0.52667273906484813,0.34371309036007119
safety,A4c,1,1,id_reference,50083,64,2.9417119189629442,0.66833983782035433,0.57982947699806786,0.34415010816985564
safety,A4c,1,1,id_reference,50084,51,4.1642145503943171,0.94608532511940902,0.48279249766160215,0.26632128279334361
safety,A4c,1,1,id_reference,50085,250,4.1301974959284689,0.938356848201504,0.5111335320058944,0.31644503788919137
safety,A4c,1,1,id_reference,50086,250,8.1626590081179664,1.8545086493689176,0.33928952406713914,0.21457840582536991
safety,A4c,1,1,id_reference,50087,41,4.5225283663633684,1.0274921400117292,0.5049249465914778,0.36005387164631447
safety,A4c,1,1,id_reference,50088,55,4.836636210526553,1.0988556152292928,0.46234384515572746,0.31257305482360881
safety,A4c,1,1,id_reference,50089,63,2.6318159713787805,0.59793328100747634,0.59327663185505286,0.36524377726204632
safety,A4c,1,1,id_reference,50090,250,6.0363963899837163,1.3714341497189646,0.40892720797267124,0.25455493480512781
safety,A4c,1,1,id_reference,50091,250,4.2824151738164735,0.97293981925902495,0.49662103107600025,0.28322694675165672
safety,A4c,1,1,id_reference,50092,250,2.6817915441727118,0.60928744046842387,0.56819774894450958,0.30415951114745227
safety,A4c,1,1,id_reference,50093,250,6.3914837282455963,1.4521079276426947,0.41436588343758329,0.26023238311802599
safety,A4c,1,1,id_reference,50094,43,4.8114755695510096,1.0931392639439572,0.47332131969058405,0.37263832773758204
safety,A4c,1,1,id_reference,50095,250,3.2488722937346406,0.73812488840142065,0.5615004883732484,0.34788625509573234
safety,A4c,1,1,id_reference,50096,250,4.0803274625040711,0.92702666667145539,0.48805524573495718,0.24860216646834785
safety,A4c,1,1,id_reference,50097,250,2.5501135543534978,0.57937096707312663,0.5901380416935269,0.3027321351548854
safety,A4c,1,1,id_reference,50098,73,10.685448454968329,2.4276717381452224,0.28809578886508186,0.22089452856034422
safety,A4c,1,1,id_reference,50099,250,4.375461367554685,0.99407937328262919,0.494350774632003,0.27989945102448127
safety,A6c,1,1,id_reference,50000,250,5.6484929164508717,1.283304736733383,0.43187858481246449,0.34391907459848486
safety,A6c,1,1,id_reference,50001,106,4.3500770486551916,0.98831220367397199,0.46466724407298227,0.2540258421858298
safety,A6c,1,1,id_reference,50002,64,3.075172513222391,0.69866130857613518,0.54187405295916169,0.31994816997049152
safety,A6c,1,1,id_reference,50003,250,4.6696654256874242,1.0609208240824217,0.44066996103175327,0.25233320985898888
safety,A6c,1,1,id_reference,50004,112,4.4408553500856449,1.0089365057562183,0.46167684783291246,0.25631128067000575
safety,A6c,1,1,id_reference,50005,67,2.781315496793118,0.63189870363283729,0.56336389194420655,0.30300956890927266
safety,A6c,1,1,id_reference,50006,250,4.869974023192758,1.1064297723610597,0.46657863620207218,0.3066606180911417
safety,A6c,1,1,id_reference,50007,250,5.4050439216398232,1.2279945411086175,0.4230983508798794,0.25223656211239565
safety,A6c,1,1,id_reference,50008,94,3.5222305304432013,0.80023028982123889,0.54733516957502537,0.30496653187394035
safety,A6c,1,1,id_reference,50009,250,6.3985566874242945,1.4537148628289476,0.38341315292944977,0.25259310322960654
safety,A6c,1,1,id_reference,50010,56,7.1815859025078428,1.6316145460861817,0.35636750016439028,0.27011807041482566
safety,A6c,1,1,id_reference,50011,250,4.8257941808927116,1.0963923691580462,0.47308225077827204,0.32376108914125817
safety,A6c,1,1,id_reference,50012,62,3.5116088147582127,0.79781709779773791,0.48709546155560129,0.25837746754344798
safety,A6c,1,1,id_reference,50013,250,4.3717297745333887,0.99323157705262177,0.461175199401473,0.25681841622820117
safety,A6c,1,1,id_reference,50014,250,3.4197000529343322,0.77693596168931278,0.53197201509153247,0.30193445743279379
safety,A6c,1,1,id_reference,50015,250,3.6480233448762398,0.82880968559932089,0.50399807128541341,0.25424537386379215
safety,A6c,1,1,id_reference,50016,250,4.9646049414698705,1.1279293665825132,0.43961669242679202,0.26141073541129051
safety,A6c,1,1,id_reference,50017,90,2.6379642095458573,0.59933012495843452,0.59135623409141036,0.39341724222568314
safety,A6c,1,1,id_reference,50018,50,11.888433563585213,2.7009829577825109,0.26550613001051881,0.21679948502165983
safety,A6c,1,1,id_reference,50019,250,6.8723473929407382,1.561357355366858,0.36677671999742123,0.26093005276330095
safety,A6c,1,1,id_reference,50020,69,6.0150722487511761,1.3665894288606291,0.41737000682720582,0.36696388699992588
safety,A6c,1,1,id_reference,50021,54,5.8562188780455564,1.330498866990778,0.44012167432461985,0.37888099256938906
safety,A6c,1,1,id_reference,50022,99,4.3640200634079358,0.99147997552766909,0.44673692719755287,0.2630267971585229
safety,A6c,1,1,id_reference,50023,74,6.3155047126349491,1.4348459372201683,0.47099563782188825,0.31433740925574238
safety,A6c,1,1,id_reference,50024,32,5.410497353078056,1.2292335290120551,0.46056222630631211,0.40532751083463686
safety,A6c,1,1,id_reference,50025,78,4.8041755328865836,1.0914807380737201,0.46526543018109917,0.28031275866718136
safety,A6c,1,1,id_reference,50026,250,3.9620007564081008,0.900143527281696,0.50615946779174703,0.30937801185258945
safety,A6c,1,1,id_reference,50027,40,5.5429625644925213,1.259328854574999,0.49816363346057885,0.31522516298359105
safety,A6c,1,1,id_reference,50028,74,5.8861551425864853,1.3373002121732407,0.44242476866070668,0.28669284519209448
safety,A6c,1,1,id_reference,50029,250,6.9796348267463255,1.5857324363010465,0.37239650600469543,0.26728992005264141
safety,A6c,1,1,id_reference,50030,77,4.5750918231359021,1.0394342516604513,0.49961457754578392,0.29674314613837516
safety,A6c,1,1,id_reference,50031,250,2.5414871338428719,0.57741109450780947,0.59857209249133303,0.3024362152215983
safety,A6c,1,1,id_reference,50032,89,4.2842753903712349,0.97336244964050644,0.44249400153747764,0.25337481848187671
safety,A6c,1,1,id_reference,50033,36,5.7076835878420482,1.2967525129969413,0.4566937059897031,0.41026137499398063
safety,A6c,1,1,id_reference,50034,58,5.0294798831917769,1.1426685760032336,0.47601778645431414,0.32666315318467937
safety,A6c,1,1,id_reference,50035,250,2.7364283711926234,0.62170060977780328,0.58324462889127748,0.29282638389608628
safety,A6c,1,1,id_reference,50036,250,3.4673914045313312,0.78777115938025744,0.52993239635738099,0.33538477991865212
safety,A6c,1,1,id_reference,50037,92,3.7684144943102362,0.8561618545078552,0.48376267891334274,0.261065640392177
safety,A6c,1,1,id_reference,50038,250,2.9039929166968905,0.65977029989424529,0.55028691685797793,0.29315876884796627
safety,A6c,1,1,id_reference,50039,86,5.2030129452047333,1.1820942783551809,0.47375161956062684,0.36609846823425313
safety,A6c,1,1,id_reference,50040,250,1.5717390749513962,0.35708997596856873,0.69612984669573741,0.36562549722991777
safety,A6c,1,1,id_reference,50041,57,6.1132719109684812,1.3888998209480583,0.40856357775644353,0.27278532127997984
safety,A6c,1,1,id_reference,50042,250,1.3730721972193594,0.31195401687352781,0.72836211411768281,0.31443788150337521
safety,A6c,1,1,id_reference,50043,38,5.6961221324484175,1.2941258175775372,0.42607015953573285,0.33755755417800748
safety,A6c,1,1,id_reference,50044,87,4.2058376363071623,0.95554184814236387,0.46762549697315037,0.27310407949488325
safety,A6c,1,1,id_reference,50045,250,6.0534408395034376,1.3753065495125392,0.38474196930532512,0.26402504083753497
safety,A6c,1,1,id_reference,50046,250,5.454900975222043,1.2393217736940192,0.42950959563978319,0.2632148542673996
safety,A6c,1,1,id_reference,50047,250,8.1379775719093423,1.8489011706193801,0.35412211162969015,0.30909938742489551
safety,A6c,1,1,id_reference,50048,67,5.1783361672698769,1.1764878579383491,0.52685060817968909,0.3165608415834989
safety,A6c,1,1,id_reference,50049,74,6.4171210492302695,1.4579325778535437,0.37553517296339878,0.25895949157258169
safety,A6c,1,1,id_reference,50050,88,3.9884248226990424,0.90614692145010534,0.48846809273724734,0.28588523332014648
safety,A6c,1,1,id_reference,50051,250,4.6248126881554903,1.0507305429965499,0.49080469502681845,0.31324144485266953
safety,A6c,1,1,id_reference,50052,250,5.629543347010916,1.2789995047748672,0.42135065092240381,0.26021059693944609
safety,A6c,1,1,id_reference,50053,80,3.1737242577487845,0.72105169171633843,0.48538663683040983,0.2611492376339648
safety,A6c,1,1,id_reference,50054,85,4.2494130732700022,0.9654419339682262,0.50584941501466185,0.29495243887170897
safety,A6c,1,1,id_reference,50055,250,5.1034137550774936,1.1594659216668259,0.43988263906633324,0.26868660613930168
safety,A6c,1,1,id_reference,50056,55,4.5105069783159886,1.0247609505685447,0.49514087892256164,0.44515161514332852
safety,A6c,1,1,id_reference,50057,250,7.1102003402387339,1.6153961615454988,0.39372271670208786,0.29494038441730708
safety,A6c,1,1,id_reference,50058,250,6.4912126480136543,1.4747657581508842,0.3885717217874195,0.27311028038965623
safety,A6c,1,1,id_reference,50059,250,2.4290134731157806,0.55185773298221663,0.60446625515629682,0.29982319855866424
safety,A6c,1,1,id_reference,50060,93,6.6861762735863381,1.5190603598949093,0.3638270010170927,0.25829487795004319
safety,A6c,1,1,id_reference,50061,250,4.5356736755862492,1.0304786778088142,0.47386649879419906,0.34733229325377729
safety,A6c,1,1,id_reference,50062,72,3.8891950643809139,0.88360249752001807,0.52552816066726626,0.29682241255136427
safety,A6c,1,1,id_reference,50063,250,6.9681496964902756,1.5831230815089634,0.38740305523920693,0.33808302608980367
safety,A6c,1,1,id_reference,50064,51,4.3288337285703236,0.98348584491029956,0.4738012525889565,0.30513124663935259
safety,A6c,1,1,id_reference,50065,44,5.0992920064138403,1.1585294843441756,0.4918728070185045,0.37617124480614994
safety,A6c,1,1,id_reference,50066,250,6.4548441409202848,1.4665030448729912,0.38284112195809616,0.26234239939324822
safety,A6c,1,1,id_reference,50067,66,5.2960897132126412,1.2032407786750279,0.47842292878782672,0.3346795811913395
safety,A6c,1,1,id_reference,50068,39,3.6700014049629015,0.83380297301786044,0.55401550901299113,0.41537104902260003
safety,A6c,1,1,id_reference,50069,83,4.9271931272451237,1.119429619992661,0.43963293254477059,0.26334257497405195
safety,A6c,1,1,id_reference,50070,250,4.9320685374037376,1.120537284823371,0.46374468861778023,0.36794086542676541
safety,A6c,1,1,id_reference,50071,36,5.3347004956261452,1.2120129238636892,0.44696815771427389,0.27889340278555441
safety,A6c,1,1,id_reference,50072,250,4.1431191023847891,0.94129256203117095,0.48393590840050199,0.32614236366323551
safety,A6c,1,1,id_reference,50073,250,2.9948566769593485,0.68041401772606058,0.54369268717991392,0.27658605482658766
safety,A6c,1,1,id_reference,50074,65,4.2515081439408071,0.96591792183886771,0.52098136062145128,0.3647623519626832
safety,A6c,1,1,id_reference,50075,250,5.0534353088527242,1.148111109379105,0.46084324632648549,0.31056294634641723
safety,A6c,1,1,id_reference,50076,250,7.2859979145958587,1.6553363479307357,0.37809398934344618,0.2684530519841391
safety,A6c,1,1,id_reference,50077,69,2.2857925252223441,0.51931876665089705,0.61926141218166675,0.29219351948229816
safety,A6c,1,1,id_reference,50078,250,5.0176768491867412,1.1399869953284356,0.46273759187122415,0.31728808135596392
safety,A6c,1,1,id_reference,50079,250,8.895999397018663,2.0211193203274087,0.32072050041154443,0.21120609984748351
safety,A6c,1,1,id_reference,50080,97,4.9745673849781848,1.1301927758020633,0.46328033263539814,0.27118494974228374
safety,A6c,1,1,id_reference,50081,250,1.5367575451423363,0.34914237586245872,0.70326726531856543,0.36321755393782024
safety,A6c,1,1,id_reference,50082,51,3.426011982018053,0.77836999526444095,0.53267296010660303,0.34426513227626215
safety,A6c,1,1,id_reference,50083,69,4.1273068308066696,0.9377001058990907,0.52265288502236984,0.29959716589070134
safety,A6c,1,1,id_reference,50084,38,5.3195951070619953,1.2085810674408697,0.4319488706462854,0.26686361989721863
safety,A6c,1,1,id_reference,50085,250,4.1073857707138055,0.93317415691481087,0.48389946170112147,0.31095323135229985
safety,A6c,1,1,id_reference,50086,250,7.9374332192840313,1.8033386601487291,0.3441525374598785,0.26112910186141558
safety,A6c,1,1,id_reference,50087,49,5.4447228427278409,1.2370093611914084,0.47854976869157945,0.37036572556332542
safety,A6c,1,1,id_reference,50088,250,5.6847179094978344,1.291534844454667,0.4491181805801775,0.26341192403930563
safety,A6c,1,1,id_reference,50089,79,2.1517822610498545,0.48887241408797194,0.61120977691493517,0.33271781999686084
safety,A6c,1,1,id_reference,50090,250,6.057890724297291,1.3763175374554006,0.40040306799117514,0.25612845805410023
safety,A6c,1,1,id_reference,50091,250,4.8740359612820718,1.1073526210691023,0.46105529545616636,0.31751201227961823
safety,A6c,1,1,id_reference,50092,250,3.2675325525012893,0.74236439065770699,0.52167515408490905,0.2937456117572147
safety,A6c,1,1,id_reference,50093,250,8.3072652697020626,1.8873623509132189,0.36858099213835849,0.26182450082161474
safety,A6c,1,1,id_reference,50094,40,5.5357627917693648,1.2576931080890432,0.43570766903733898,0.36941264157680659
safety,A6c,1,1,id_reference,50095,250,3.2959504882026081,0.74882078035901545,0.55126640992451903,0.36424452320669032
safety,A6c,1,1,id_reference,50096,250,4.0632489414649156,0.923146526026839,0.47433043606900582,0.2836276172798447
safety,A6c,1,1,id_reference,50097,250,2.8316404799120698,0.64333224708731995,0.55675084529773888,0.29073080081874525
safety,A6c,1,1,id_reference,50098,250,9.5106484856119238,2.1607640182119208,0.30970369854965168,0.23212946053519098
safety,A6c,1,1,id_reference,50099,250,4.1204741725224885,0.93614776567838642,0.5061076319688349,0.29848509748729252
safety,A6c_gate_off_control,1,1,id_reference,50000,53,6.4391880804986474,1.4629460790070774,1,1
safety,A6c_gate_off_control,1,1,id_reference,50001,108,4.0294880482553168,0.91547624745641798,1,1
safety,A6c_gate_off_control,1,1,id_reference,50002,70,3.1908543726811582,0.72494355419340339,1,1
safety,A6c_gate_off_control,1,1,id_reference,50003,250,4.7383693507131852,1.0765299562388861,1,1
safety,A6c_gate_off_control,1,1,id_reference,50004,85,4.9476256128578804,1.1240717618804061,1,1
safety,A6c_gate_off_control,1,1,id_reference,50005,66,2.8768159291993913,0.65359584640699575,1,1
safety,A6c_gate_off_control,1,1,id_reference,50006,72,5.0774195154444737,1.1535601816150536,1,1
safety,A6c_gate_off_control,1,1,id_reference,50007,250,5.611512526586977,1.2749030072489806,1,1
safety,A6c_gate_off_control,1,1,id_reference,50008,95,3.4884448533859085,0.79255438050477456,1,1
safety,A6c_gate_off_control,1,1,id_reference,50009,250,6.0379996064056893,1.3717983911650917,1,1
safety,A6c_gate_off_control,1,1,id_reference,50010,62,7.6542743737103516,1.739006617399,1,1
safety,A6c_gate_off_control,1,1,id_reference,50011,37,5.6723174533309821,1.2887175329395497,1,1
safety,A6c_gate_off_control,1,1,id_reference,50012,250,3.5281845164841092,0.80158300081897926,1,1
safety,A6c_gate_off_control,1,1,id_reference,50013,250,4.6792687062207863,1.0631026335630975,1,1
safety,A6c_gate_off_control,1,1,id_reference,50014,250,3.5003937640249481,0.79526910350234159,1,1
safety,A6c_gate_off_control,1,1,id_reference,50015,104,4.7108574741464153,1.0702794179029465,1,1
safety,A6c_gate_off_control,1,1,id_reference,50016,116,4.8945582008624822,1.1120151545362533,1,1
safety,A6c_gate_off_control,1,1,id_reference,50017,250,2.4268764668867098,0.551372217596651,1,1
safety,A6c_gate_off_control,1,1,id_reference,50018,50,11.888433563585213,2.7009829577825109,1,1
safety,A6c_gate_off_control,1,1,id_reference,50019,250,6.5046827050626801,1.4778260767652067,1,1
safety,A6c_gate_off_control,1,1,id_reference,50020,80,5.317682817329672,1.2081466063363244,1,1
safety,A6c_gate_off_control,1,1,id_reference,50021,44,5.1901931883315173,1.1791817041583974,1,1
safety,A6c_gate_off_control,1,1,id_reference,50022,100,5.8647293462865484,1.332432395874859,1,1
safety,A6c_gate_off_control,1,1,id_reference,50023,91,4.36539333861037,0.99179197566614663,1,1
safety,A6c_gate_off_control,1,1,id_reference,50024,250,3.741810337925207,0.85011754491754499,1,1
safety,A6c_gate_off_control,1,1,id_reference,50025,83,4.4107095610422498,1.0020875578254733,1,1
safety,A6c_gate_off_control,1,1,id_reference,50026,250,3.9721734721026931,0.90245470911894177,1,1
safety,A6c_gate_off_control,1,1,id_reference,50027,250,1.744073185133411,0.39624328343810739,1,1
safety,A6c_gate_off_control,1,1,id_reference,50028,85,5.2894404487212361,1.201730104457351,1,1
safety,A6c_gate_off_control,1,1,id_reference,50029,250,6.7672798781026362,1.5374866271101497,1,1
safety,A6c_gate_off_control,1,1,id_reference,50030,89,4.3026888673041341,0.97754588449954638,1,1
safety,A6c_gate_off_control,1,1,id_reference,50031,250,2.4856038559304361,0.56471473880550338,1,1
safety,A6c_gate_off_control,1,1,id_reference,50032,82,5.7681685116871169,1.3104943358901364,1,1
safety,A6c_gate_off_control,1,1,id_reference,50033,30,4.9586725780294394,1.1265815681138356,1,1
safety,A6c_gate_off_control,1,1,id_reference,50034,64,5.1846961733336272,1.1779328143237051,1,1
safety,A6c_gate_off_control,1,1,id_reference,50035,105,3.1157249672953342,0.70787459027228539,1,1
safety,A6c_gate_off_control,1,1,id_reference,50036,101,4.2613178297723122,0.96814662540274632,1,1
safety,A6c_gate_off_control,1,1,id_reference,50037,72,3.7372423172149034,0.84907971718159159,1,1
safety,A6c_gate_off_control,1,1,id_reference,50038,95,5.264432101245057,1.1960483533692712,1,1
safety,A6c_gate_off_control,1,1,id_reference,50039,80,5.6838333143903172,1.2913338695913965,1,1
safety,A6c_gate_off_control,1,1,id_reference,50040,250,1.9753191308586069,0.44878101728836028,1,1
safety,A6c_gate_off_control,1,1,id_reference,50041,60,6.699906454086916,1.522179777044443,1,1
safety,A6c_gate_off_control,1,1,id_reference,50042,250,1.3577628517688323,0.30847582263241802,1,1
safety,A6c_gate_off_control,1,1,id_reference,50043,62,4.8994161044706868,1.1131188419805353,1,1
safety,A6c_gate_off_control,1,1,id_reference,50044,79,4.3315474998475754,0.98410239796011667,1,1
safety,A6c_gate_off_control,1,1,id_reference,50045,250,5.6729585889385534,1.2888631952204899,1,1
safety,A6c_gate_off_control,1,1,id_reference,50046,250,5.516951852318412,1.253419372057702,1,1
safety,A6c_gate_off_control,1,1,id_reference,50047,250,6.7383858466075139,1.5309220712136518,1,1
safety,A6c_gate_off_control,1,1,id_reference,50048,68,4.6118553820470378,1.0477867184135621,1,1
safety,A6c_gate_off_control,1,1,id_reference,50049,69,7.1488123024855827,1.6241685747854337,1,1
safety,A6c_gate_off_control,1,1,id_reference,50050,86,3.9194175516049503,0.89046887083129767,1,1
safety,A6c_gate_off_control,1,1,id_reference,50051,250,5.2068963720883819,1.1829765703555883,1,1
safety,A6c_gate_off_control,1,1,id_reference,50052,250,5.6675460683589183,1.287633502026172,1,1
safety,A6c_gate_off_control,1,1,id_reference,50053,74,4.2894762318603448,0.97454405057666693,1,1
safety,A6c_gate_off_control,1,1,id_reference,50054,84,4.3157221093691334,0.98050696129018799,1,1
safety,A6c_gate_off_control,1,1,id_reference,50055,98,4.0545070584836083,0.92116042105975882,1,1
safety,A6c_gate_off_control,1,1,id_reference,50056,250,3.8008134671511762,0.86352271269198821,1,1
safety,A6c_gate_off_control,1,1,id_reference,50057,68,5.058106002302921,1.1491722637643766,1,1
safety,A6c_gate_off_control,1,1,id_reference,50058,80,7.4206805058350751,1.685935449292699,1,1
safety,A6c_gate_off_control,1,1,id_reference,50059,121,3.456646437865599,0.78532996545080824,1,1
safety,A6c_gate_off_control,1,1,id_reference,50060,84,7.2762824189819808,1.6531290438364541,1,1
safety,A6c_gate_off_control,1,1,id_reference,50061,250,4.8106240187852451,1.0929457965629339,1,1
safety,A6c_gate_off_control,1,1,id_reference,50062,71,3.9264809582551705,0.89207363573864173,1,1
safety,A6c_gate_off_control,1,1,id_reference,50063,46,6.126357470424491,1.3918727839456388,1,1
safety,A6c_gate_off_control,1,1,id_reference,50064,33,6.2423859129307644,1.4182337712154354,1,1
safety,A6c_gate_off_control,1,1,id_reference,50065,49,4.7475500721164305,1.0786157627429716,1,1
safety,A6c_gate_off_control,1,1,id_reference,50066,90,7.1010518265367644,1.6133176724438103,1,1
safety,A6c_gate_off_control,1,1,id_reference,50067,56,5.7730304369157608,1.3115989370231909,1,1
safety,A6c_gate_off_control,1,1,id_reference,50068,38,3.429037305889727,0.77905733125159682,1,1
safety,A6c_gate_off_control,1,1,id_reference,50069,250,4.1512670708797366,0.94314373308139332,1,1
safety,A6c_gate_off_control,1,1,id_reference,50070,66,4.3601140645025556,0.99059255529521184,1,1
safety,A6c_gate_off_control,1,1,id_reference,50071,52,4.0084593100792691,0.91069864045433568,1,1
safety,A6c_gate_off_control,1,1,id_reference,50072,250,4.2085246043389768,0.9561523116507159,1,1
safety,A6c_gate_off_control,1,1,id_reference,50073,102,5.8111177536687553,1.3202521538584693,1,1
safety,A6c_gate_off_control,1,1,id_reference,50074,57,4.4516501598301303,1.011389023743253,1,1
safety,A6c_gate_off_control,1,1,id_reference,50075,250,3.8905897714952546,0.88391936686422434,1,1
safety,A6c_gate_off_control,1,1,id_reference,50076,250,7.1379029556657105,1.6216900346410643,1,1
safety,A6c_gate_off_control,1,1,id_reference,50077,250,2.273999659652624,0.51663949618545912,1,1
safety,A6c_gate_off_control,1,1,id_reference,50078,250,4.1117360952549475,0.93416252534733835,1,1
safety,A6c_gate_off_control,1,1,id_reference,50079,250,8.4707360384433095,1.9245019587601386,1,1
safety,A6c_gate_off_control,1,1,id_reference,50080,92,5.2730792219195859,1.1980129288914267,1,1
safety,A6c_gate_off_control,1,1,id_reference,50081,250,1.8458030010749626,0.41935570591890559,1,1
safety,A6c_gate_off_control,1,1,id_reference,50082,50,3.5482842183627428,0.80614953617793417,1,1
safety,A6c_gate_off_control,1,1,id_reference,50083,68,4.4796318402626145,1.0177462987849166,1,1
safety,A6c_gate_off_control,1,1,id_reference,50084,38,5.2925656057015491,1.2024401219461205,1,1
safety,A6c_gate_off_control,1,1,id_reference,50085,250,4.0916839306569281,0.92960679018204317,1,1
safety,A6c_gate_off_control,1,1,id_reference,50086,250,7.8632004197499175,1.786473399862103,1,1
safety,A6c_gate_off_control,1,1,id_reference,50087,58,5.4749349919463102,1.2438733857679531,1,1
safety,A6c_gate_off_control,1,1,id_reference,50088,250,5.5897624808501716,1.2699615233645061,1,1
safety,A6c_gate_off_control,1,1,id_reference,50089,250,1.5602492665454906,0.35447955832804834,1,1
safety,A6c_gate_off_control,1,1,id_reference,50090,250,5.7034569983670647,1.2957922564517528,1,1
safety,A6c_gate_off_control,1,1,id_reference,50091,250,4.8936558597112114,1.1118101478750602,1,1
safety,A6c_gate_off_control,1,1,id_reference,50092,250,2.7346473728741305,0.62129597731883723,1,1
safety,A6c_gate_off_control,1,1,id_reference,50093,250,8.1202287631057128,1.8448687444933358,1,1
safety,A6c_gate_off_control,1,1,id_reference,50094,35,5.254306682093536,1.1937479170315157,1,1
safety,A6c_gate_off_control,1,1,id_reference,50095,74,3.8551235304437972,0.87586164318311521,1,1
safety,A6c_gate_off_control,1,1,id_reference,50096,250,4.5815982954318315,1.0409124843218525,1,1
safety,A6c_gate_off_control,1,1,id_reference,50097,250,3.0156909882014982,0.68514745205962568,1,1
safety,A6c_gate_off_control,1,1,id_reference,50098,250,8.7461542904176763,1.9870753836664787,1,1
safety,A6c_gate_off_control,1,1,id_reference,50099,250,4.185461169842668,0.95091243347927434,1,1
safety,A4c,1,1,ood_compound,50000,250,6.980663679347173,1.5859661856277425,0.37548475787015895,0.28876811154362242
safety,A4c,1,1,ood_compound,50001,250,5.0908886698196714,1.1566202951471327,0.44509103295693586,0.2753433836505732
safety,A4c,1,1,ood_compound,50002,250,4.9733142753466275,1.1299080765823581,0.46071559510125892,0.3125074617940326
safety,A4c,1,1,ood_compound,50003,250,11.566481437992199,2.6278373074495542,0.28479393953099452,0.13277883280823036
safety,A4c,1,1,ood_compound,50004,250,7.5646422818236818,1.7186427274582901,0.36604627032339748,0.26399794675107929
safety,A4c,1,1,ood_compound,50005,250,3.6878973644144217,0.8378688309152188,0.49318579385854822,0.25500700668609083
safety,A4c,1,1,ood_compound,50006,250,8.0045218897801718,1.8185808158710273,0.35191799142816571,0.30261756699080644
safety,A4c,1,1,ood_compound,50007,250,6.1610823548111071,1.3997620757045215,0.39777086083190105,0.25115560382058061
safety,A4c,1,1,ood_compound,50008,250,4.4303327326456099,1.0065458282775759,0.47270537955743736,0.20466710562271301
safety,A4c,1,1,ood_compound,50009,250,6.7060312428853486,1.5235712934352359,0.38718230978145241,0.25476106804680682
safety,A4c,1,1,ood_compound,50010,250,6.2208260866050145,1.4133355040747608,0.39575452160441688,0.2694402070043817
safety,A4c,1,1,ood_compound,50011,250,4.5412096145352576,1.0317364109388034,0.46059078720162144,0.27548556706530419
safety,A4c,1,1,ood_compound,50012,122,4.3216782788706123,0.98186016835747014,0.48828279961699833,0.27055986993242248
safety,A4c,1,1,ood_compound,50013,250,5.2946286435853107,1.2029088321538612,0.43188047148272318,0.28237472243023098
safety,A4c,1,1,ood_compound,50014,250,5.7615853359805662,1.3089986766599797,0.42832868480984237,0.23055867120569035
safety,A4c,1,1,ood_compound,50015,250,6.4303126665077617,1.4609296365712905,0.39942355304355626,0.25638773727092701
safety,A4c,1,1,ood_compound,50016,250,6.5042384654868171,1.4777251481174449,0.40845143698483127,0.27278870029056335
safety,A4c,1,1,ood_compound,50017,250,4.1479532173568092,0.94239084483567603,0.47587935412981147,0.22244414477571914
safety,A4c,1,1,ood_compound,50018,250,5.3220168027964263,1.2091312626261856,0.44558648779213239,0.26792477475335763
safety,A4c,1,1,ood_compound,50019,250,7.561479597285885,1.7179241839267354,0.36637178883747545,0.23646942495395407
safety,A4c,1,1,ood_compound,50020,250,8.788936704947993,1.9967952994082061,0.33822775207109329,0.27969922663995395
safety,A4c,1,1,ood_compound,50021,250,7.9941053144964869,1.816214230553524,0.35598280932924264,0.27250817452221138
safety,A4c,1,1,ood_compound,50022,250,5.5825504481913448,1.2683229914924747,0.41684221414330286,0.26701723588601983
safety,A4c,1,1,ood_compound,50023,250,5.4635932504836564,1.2412966080757233,0.45458847202190938,0.28705151814389956
safety,A4c,1,1,ood_compound,50024,250,6.7501466341082361,1.5335940537283923,0.39676210378149118,0.27966636570295511
safety,A4c,1,1,ood_compound,50025,250,1.9261579278500127,0.43761187790594236,0.58802707816932065,0.23384135993099736
safety,A4c,1,1,ood_compound,50026,250,4.6008661201851044,1.045290022036454,0.46425241714103616,0.28198679073177807
safety,A4c,1,1,ood_compound,50027,250,2.7415163364454367,0.62285656588961036,0.54027270842146435,0.28048658003426352
safety,A4c,1,1,ood_compound,50028,250,5.5686064506043049,1.2651549963445423,0.42006499505102241,0.26288629114596312
safety,A4c,1,1,ood_compound,50029,250,7.4673510455790932,1.6965387244680947,0.3614410293452785,0.25910373411609983
safety,A4c,1,1,ood_compound,50030,250,4.4946558207330254,1.0211596597623405,0.49374236810880984,0.28356959187858211
safety,A4c,1,1,ood_compound,50031,250,4.8047465546121764,1.0916104708884851,0.46230303389580568,0.33750568035573325
safety,A4c,1,1,ood_compound,50032,250,5.4710229313599337,1.2429845883568307,0.42627219349662537,0.27001031786268659
safety,A4c,1,1,ood_compound,50033,250,8.8461355963629309,2.0097905548461488,0.33155047257369386,0.2653268012151016
safety,A4c,1,1,ood_compound,50034,250,8.1697845627840984,1.8561275339439991,0.35420468682200318,0.30400790021210972
safety,A4c,1,1,ood_compound,50035,250,6.140871061809003,1.3951701874913724,0.42898613900765986,0.27401976992196192
safety,A4c,1,1,ood_compound,50036,250,11.085710185993896,2.5186088753526037,0.30003135235988554,0.21982627344447309
safety,A4c,1,1,ood_compound,50037,250,6.6117695076838192,1.5021555754612392,0.39671206186146862,0.27058723456437456
safety,A4c,1,1,ood_compound,50038,250,5.7786592067180411,1.3128777607831024,0.42477029172846914,0.19835935131031068
safety,A4c,1,1,ood_compound,50039,250,8.4815430913140801,1.9269572583142545,0.34934592156986721,0.30051829046861617
safety,A4c,1,1,ood_compound,50040,250,4.0373493197269745,0.91726228261049303,0.51667161111941584,0.28177809730850778
safety,A4c,1,1,ood_compound,50041,250,4.9453137765866577,1.1235465261261446,0.45680215957932946,0.27213049987859722
safety,A4c,1,1,ood_compound,50042,250,3.5403132583681343,0.80433858042943684,0.51171206383657653,0.29663177641355853
safety,A4c,1,1,ood_compound,50043,250,8.4095528298566489,1.910601489635156,0.34147865974969227,0.32692732858807189
safety,A4c,1,1,ood_compound,50044,250,5.3976318443768427,1.2263105602660616,0.43114921113551519,0.26269902246464094
safety,A4c,1,1,ood_compound,50045,250,6.4024824682584107,1.454606777400554,0.38825389011627681,0.21165680839104159
safety,A4c,1,1,ood_compound,50046,250,6.3489172208566824,1.4424370647476921,0.39851703168590424,0.26684592257222595
safety,A4c,1,1,ood_compound,50047,250,9.3027245596328569,2.1135249115978336,0.31776165628640957,0.27181818608695202
safety,A4c,1,1,ood_compound,50048,250,1.2287237958459984,0.27915889966928786,0.64757219432426127,0.3013467241802058
safety,A4c,1,1,ood_compound,50049,250,5.5294165617214546,1.2562512815343594,0.41380725363343629,0.23047720913342304
safety,A4c,1,1,ood_compound,50050,250,3.9051067347618762,0.88721753648196111,0.47727855713370471,0.21280873831992275
safety,A4c,1,1,ood_compound,50051,250,4.5407703695901827,1.0316366170421059,0.49171216756656849,0.29927739882748511
safety,A4c,1,1,ood_compound,50052,250,7.7372261797759103,1.7578527852563561,0.39428119435189513,0.2151745469117444
safety,A4c,1,1,ood_compound,50053,250,5.9057415518771244,1.3417501304417174,0.42263304293478016,0.26290174103242447
safety,A4c,1,1,ood_compound,50054,250,2.8245197404861635,0.64171445650681036,0.53884486767035522,0.22791478466977275
safety,A4c,1,1,ood_compound,50055,250,6.4618931871055878,1.4681045471662322,0.39851178633885348,0.2469511931074205
safety,A4c,1,1,ood_compound,50056,250,6.4096576560130956,1.4562369383246689,0.40046425945099895,0.34436645428355661
safety,A4c,1,1,ood_compound,50057,250,9.4634341602395047,2.1500371981046262,0.33066306726217476,0.21830526348525897
safety,A4c,1,1,ood_compound,50058,250,6.9077410454385273,1.5693985873507776,0.37817360573604042,0.26199272784746103
safety,A4c,1,1,ood_compound,50059,250,3.9982587120346231,0.90838112390933257,0.48695861103823757,0.29932815366654608
safety,A4c,1,1,ood_compound,50060,250,6.269184708028062,1.4243223015890767,0.38769981980453805,0.24763148272536384
safety,A4c,1,1,ood_compound,50061,250,7.8581168405525545,1.7853184402365831,0.37854973383814267,0.25688887256111387
safety,A4c,1,1,ood_compound,50062,250,2.9815787953293906,0.6773973602491814,0.55457138555288055,0.24927032439038174
safety,A4c,1,1,ood_compound,50063,250,9.9202812892289582,2.2538302086061934,0.31534685922521238,0.23859802122527532
safety,A4c,1,1,ood_compound,50064,250,5.4105996289396847,1.2292567654929398,0.40782454113765892,0.21428030989997282
safety,A4c,1,1,ood_compound,50065,250,5.4670690271259712,1.2420862843123561,0.43626024232966842,0.32821556396580104
safety,A4c,1,1,ood_compound,50066,250,7.0724622461216047,1.6068222860618713,0.37559969068976534,0.25880166413402944
safety,A4c,1,1,ood_compound,50067,250,6.7423259797050132,1.5318172465360205,0.37901804462348276,0.25936733756420033
safety,A4c,1,1,ood_compound,50068,250,5.3233527797688946,1.2094347888237564,0.44330381177926315,0.35264610044896361
safety,A4c,1,1,ood_compound,50069,250,4.0276962164787982,0.91506915369880015,0.49630907383518086,0.26278092999243302
safety,A4c,1,1,ood_compound,50070,250,5.5701533362984508,1.2655064397769491,0.41709456436311959,0.30220663514710011
safety,A4c,1,1,ood_compound,50071,250,5.9771166018855357,1.3579661266579133,0.43205756961799968,0.2842896306329169
safety,A4c,1,1,ood_compound,50072,250,4.6346363206368695,1.0529624151581607,0.4957115286439992,0.30398541901060827
safety,A4c,1,1,ood_compound,50073,250,5.6181466118146144,1.2764102328262181,0.43545263527690409,0.22844393124690179
safety,A4c,1,1,ood_compound,50074,250,6.7711902180564199,1.5383750336035549,0.38535750939463437,0.30024769739862261
safety,A4c,1,1,ood_compound,50075,250,8.7687872910110727,1.9922174697587536,0.35292063547098018,0.2857482548847603
safety,A4c,1,1,ood_compound,50076,250,6.2563291370624512,1.4214015906388104,0.42104587520995385,0.26028615838927499
safety,A4c,1,1,ood_compound,50077,250,2.053916436662325,0.46663786801373397,0.59745863300984869,0.30224429998862301
safety,A4c,1,1,ood_compound,50078,250,10.147045131352364,2.3053496345878188,0.30322242931407994,0.23368809999453799
safety,A4c,1,1,ood_compound,50079,250,6.9874186442700639,1.5875008743686574,0.42351033996046711,0.29449771444908462
safety,A4c,1,1,ood_compound,50080,250,3.9399289294133761,0.89512893656703019,0.48147744171716106,0.23410007171369782
safety,A4c,1,1,ood_compound,50081,250,1.9726360767420816,0.44817144299879702,0.60145444770476642,0.29931702759245732
safety,A4c,1,1,ood_compound,50082,250,4.9733546120812022,1.1299172408538389,0.45003572611926812,0.29788809020439688
safety,A4c,1,1,ood_compound,50083,250,4.2105811343695336,0.95661954331206078,0.4822080124952583,0.27299692074755433
safety,A4c,1,1,ood_compound,50084,250,3.5370898057305231,0.80360623073905579,0.51044481903654304,0.26632128279334361
safety,A4c,1,1,ood_compound,50085,250,5.7561895313348828,1.3077727812286291,0.44581642502560465,0.23756725254265201
safety,A4c,1,1,ood_compound,50086,250,7.3950966119014598,1.6801229373970972,0.39018159112642853,0.28895017855935701
safety,A4c,1,1,ood_compound,50087,250,6.774862110784805,1.5392092662742536,0.39207323719530712,0.31349021416389455
safety,A4c,1,1,ood_compound,50088,250,4.9343240262677028,1.1210497187744426,0.44099350928512326,0.22572391430314379
safety,A4c,1,1,ood_compound,50089,250,2.6602492784853538,0.60439316300265233,0.58324932558218123,0.31324988338224591
safety,A4c,1,1,ood_compound,50090,250,6.3142921604564659,1.4345704524179033,0.3928335699777411,0.25455493480512781
safety,A4c,1,1,ood_compound,50091,250,5.3986964812129141,1.2265524395628651,0.45293845985645587,0.28953257783984754
safety,A4c,1,1,ood_compound,50092,250,6.8163858136375151,1.5486432100439971,0.39360473412048924,0.23959826906701881
safety,A4c,1,1,ood_compound,50093,250,7.6264813309104085,1.732692199730258,0.40656944538286882,0.24758232372255792
safety,A4c,1,1,ood_compound,50094,250,9.4346328021401185,2.1434936970646143,0.33268566091206769,0.3096625853194831
safety,A4c,1,1,ood_compound,50095,250,3.3905821634698672,0.77032054656422733,0.5368913145747356,0.29196840949152658
safety,A4c,1,1,ood_compound,50096,250,4.8779817664730016,1.108249085058107,0.44833722816389104,0.26252392710098355
safety,A4c,1,1,ood_compound,50097,250,3.8315970736035956,0.87051656902826346,0.50373751295798641,0.28846105145874612
safety,A4c,1,1,ood_compound,50098,250,6.8101672521965648,1.5472303890542431,0.40388923305313873,0.25491440519739278
safety,A4c,1,1,ood_compound,50099,250,5.2352938464085064,1.1894283113501012,0.4401570743215365,0.27347200133661392
safety,A6c,1,1,ood_compound,50000,250,6.1779664427717069,1.4035980422845904,0.40304260803520131,0.28719945854723455
safety,A6c,1,1,ood_compound,50001,250,5.08225303084284,1.1546583281999119,0.43520774960687919,0.24251679436829129
safety,A6c,1,1,ood_compound,50002,250,6.8863906750299417,1.5645479073762039,0.38095219324170965,0.23369855380170876
safety,A6c,1,1,ood_compound,50003,60,8.7293595660014542,1.9832597199639186,0.37773232192235739,0.25233320985898888
safety,A6c,1,1,ood_compound,50004,250,8.2762628584545723,1.8803187834001591,0.36954680496783804,0.25631128067000575
safety,A6c,1,1,ood_compound,50005,250,3.5155084366821328,0.79870306921709844,0.50644064029601943,0.29167996946384184
safety,A6c,1,1,ood_compound,50006,250,7.7899226233505647,1.7698251107330161,0.37023853405661999,0.2825399088737458
safety,A6c,1,1,ood_compound,50007,62,7.7350638830464353,1.7573615240161984,0.39103105297327412,0.25223656211239565
safety,A6c,1,1,ood_compound,50008,250,5.7531231788911299,1.3070761237885353,0.45240050048338742,0.30505939992930059
safety,A6c,1,1,ood_compound,50009,250,10.589078319641027,2.405777003925945,0.32323403000224826,0.24922145412287222
safety,A6c,1,1,ood_compound,50010,250,6.7150639333816535,1.5256234681782714,0.37234232586718841,0.27011807041482566
safety,A6c,1,1,ood_compound,50011,250,5.141101055495426,1.1680282571174325,0.44492640583764537,0.32345660140802335
safety,A6c,1,1,ood_compound,50012,207,6.3895639528079693,1.4516717658294442,0.4347944220850819,0.25323542725983028
safety,A6c,1,1,ood_compound,50013,250,8.4079122516101119,1.9102287597997993,0.34117572423782944,0.25681841622820117
safety,A6c,1,1,ood_compound,50014,250,6.3865564812193698,1.4509884857771669,0.42328772761438244,0.29278691904629928
safety,A6c,1,1,ood_compound,50015,250,8.352491175110778,1.8976374135702023,0.36305231498214469,0.23912739344913048
safety,A6c,1,1,ood_compound,50016,250,11.968913610257141,2.7192675562823712,0.31562348250546501,0.23341118786308149
safety,A6c,1,1,ood_compound,50017,250,6.2053138331383639,1.4098112103125817,0.44343038740407487,0.31885265581227984
safety,A6c,1,1,ood_compound,50018,250,8.3700689225474498,1.9016309755486349,0.356125152560132,0.25937477271735587
safety,A6c,1,1,ood_compound,50019,250,10.593295842172219,2.4067352005142411,0.29385501365457423,0.25918175575516206
safety,A6c,1,1,ood_compound,50020,250,8.0525036430256787,1.8294819911274214,0.35328653080370703,0.33057076321991385
safety,A6c,1,1,ood_compound,50021,250,7.2968867283040773,1.6578102230715659,0.37558180567616412,0.27700936539158988
safety,A6c,1,1,ood_compound,50022,250,6.0636586166989499,1.3776279690606983,0.38670131338285274,0.26278790874693397
safety,A6c,1,1,ood_compound,50023,250,5.195102335880426,1.1802970339279524,0.43755102321815181,0.27623547478193833
safety,A6c,1,1,ood_compound,50024,250,7.5280070671687707,1.7103194197736922,0.37164109125174616,0.26634516107996781
safety,A6c,1,1,ood_compound,50025,250,2.1616910408559171,0.49112363122649999,0.56048102496631036,0.24462310256927944
safety,A6c,1,1,ood_compound,50026,250,4.0662396570903461,0.92382599922174369,0.49767268794359731,0.29415133930651532
safety,A6c,1,1,ood_compound,50027,250,2.7822726004315541,0.63211615201259408,0.52321799929653989,0.26116916289324527
safety,A6c,1,1,ood_compound,50028,250,5.9533292307650392,1.35256177429616,0.38645429160358458,0.24942312372564315
safety,A6c,1,1,ood_compound,50029,250,11.377783315727005,2.5849661916143285,0.27940448508229576,0.23673886045035927
safety,A6c,1,1,ood_compound,50030,250,4.3871822060143515,0.9967422796076012,0.50852754891724106,0.28785710798086173
safety,A6c,1,1,ood_compound,50031,250,4.4896477130444659,1.0200218468246485,0.46670265391978721,0.2499215253631786
safety,A6c,1,1,ood_compound,50032,250,5.8833315688086341,1.3366587126339424,0.39111642958200599,0.25337481848187671
safety,A6c,1,1,ood_compound,50033,250,10.123566478992295,2.3000154213328035,0.31132761496087868,0.23637657349176319
safety,A6c,1,1,ood_compound,50034,250,9.1971680977335204,2.0895430974127236,0.3310182287306484,0.23412749560160209
safety,A6c,1,1,ood_compound,50035,250,7.9920972349327872,1.815758006556442,0.37496421504254596,0.237794498131875
safety,A6c,1,1,ood_compound,50036,250,11.543518476639832,2.6226202561920244,0.29801919347766953,0.25351510872472632
safety,A6c,1,1,ood_compound,50037,250,12.431520538324534,2.8243691596331608,0.26220494578685816,0.25515410684540724
safety,A6c,1,1,ood_compound,50038,250,6.2390672185528953,1.4174797831556316,0.40614238197920871,0.26479798970651641
safety,A6c,1,1,ood_compound,50039,250,9.0970451139061446,2.0667957378422908,0.33363117520247532,0.26442629258028616
safety,A6c,1,1,ood_compound,50040,250,4.2534062570342819,0.96634916209352351,0.52231888772258506,0.31964342619080677
safety,A6c,1,1,ood_compound,50041,250,5.2335091305130454,1.1890228342792708,0.40495100598846351,0.26209522464484047
safety,A6c,1,1,ood_compound,50042,250,4.7815787036769173,1.0863468699094414,0.46639749898011457,0.27384920370461474
safety,A6c,1,1,ood_compound,50043,250,6.9898979250873623,1.5880641525498629,0.38171675465663135,0.33365279103824658
safety,A6c,1,1,ood_compound,50044,250,11.896360352102516,2.7027838780282831,0.26793860740531977,0.24846553355569564
safety,A6c,1,1,ood_compound,50045,250,5.7718726236045619,1.3113358885731898,0.40539939620011489,0.26402504083753497
safety,A6c,1,1,ood_compound,50046,250,6.4861397884108829,1.4736132339549062,0.37840114469351044,0.2632148542673996
safety,A6c,1,1,ood_compound,50047,250,8.7713397277040173,1.9927973685294025,0.32571025711823953,0.24847912772319344
safety,A6c,1,1,ood_compound,50048,250,1.2446977557392285,0.28278809044611752,0.63130855617252402,0.25354491607652024
safety,A6c,1,1,ood_compound,50049,250,9.8103415121681437,2.2288525307115017,0.33811223515856909,0.25895949157258169
safety,A6c,1,1,ood_compound,50050,250,5.2927359072598872,1.2024788134696331,0.43754513370581477,0.28246149361294326
safety,A6c,1,1,ood_compound,50051,250,6.3953656226764437,1.4529898714787393,0.4113646829751304,0.32719999918984338
safety,A6c,1,1,ood_compound,50052,250,7.7616399838781165,1.7633994595479701,0.36197689468893524,0.25922081613999542
safety,A6c,1,1,ood_compound,50053,250,5.5552951437805307,1.2621307448580423,0.38719941145153725,0.2611492376339648
safety,A6c,1,1,ood_compound,50054,250,3.190953759813139,0.72496613437171431,0.53160234028503439,0.31887362824240906
safety,A6c,1,1,ood_compound,50055,250,7.4903588227706823,1.701765957623629,0.36677093630783536,0.26868660613930168
safety,A6c,1,1,ood_compound,50056,250,7.9189949126176762,1.7991495841186675,0.35902343578066997,0.32622860917618735
safety,A6c,1,1,ood_compound,50057,250,11.453793389486984,2.6022352382677365,0.28306182423758569,0.23773213082444292
safety,A6c,1,1,ood_compound,50058,250,8.1975854687167047,1.8624437380707468,0.34737878735206984,0.2612925679002015
safety,A6c,1,1,ood_compound,50059,250,4.3169758877675211,0.98079181244982716,0.46481833762639302,0.24162326459065278
safety,A6c,1,1,ood_compound,50060,250,9.8664350954589324,2.24159666657255,0.30324991529334033,0.26647270936092204
safety,A6c,1,1,ood_compound,50061,250,9.0845780056741248,2.0639632833656423,0.33901712880315288,0.23889328726175885
safety,A6c,1,1,ood_compound,50062,250,2.9852262341401747,0.67822603713203489,0.52647672192490269,0.27565796195285491
safety,A6c,1,1,ood_compound,50063,250,10.762958866957726,2.4452816529177896,0.32014401298964262,0.25961505995250078
safety,A6c,1,1,ood_compound,50064,250,11.854757561241946,2.6933319659231612,0.27846838925068557,0.23508056727914309
safety,A6c,1,1,ood_compound,50065,250,5.9544338069541611,1.3528127275816735,0.41424091044862377,0.31964071197607025
safety,A6c,1,1,ood_compound,50066,250,11.543112175975226,2.6225279470442326,0.29098511498641905,0.25633085012595752
safety,A6c,1,1,ood_compound,50067,250,7.5047108916885996,1.7050266642044314,0.35359295584727013,0.23358063877862814
safety,A6c,1,1,ood_compound,50068,250,4.8192322865377415,1.0949015449271877,0.4666928671989381,0.34252264760113921
safety,A6c,1,1,ood_compound,50069,250,7.8472084790223313,1.7828401239442913,0.43318981484811536,0.25725266003019631
safety,A6c,1,1,ood_compound,50070,250,6.3624661566018883,1.4455153041429969,0.41202715308316551,0.32296117708894223
safety,A6c,1,1,ood_compound,50071,250,11.586074643231704,2.6322887697180857,0.28964133141339798,0.24382099314798317
safety,A6c,1,1,ood_compound,50072,250,5.6396788195446348,1.2813022251825836,0.43792001584324319,0.33302865432283263
safety,A6c,1,1,ood_compound,50073,250,6.3826888022657648,1.450109771614869,0.40389565035962016,0.2808471890644601
safety,A6c,1,1,ood_compound,50074,250,6.1414414306457887,1.395299771973598,0.40775433319217497,0.28697617018933197
safety,A6c,1,1,ood_compound,50075,250,10.412755927842838,2.3657175820706455,0.33187812736072853,0.24024472810344011
safety,A6c,1,1,ood_compound,50076,35,7.1804792677938396,1.6313631251157883,0.39050389565436955,0.26850767578223023
safety,A6c,1,1,ood_compound,50077,250,2.0396181623312128,0.46338938325016293,0.58095343067090899,0.25200553788472424
safety,A6c,1,1,ood_compound,50078,250,10.822743823897845,2.4588644474014663,0.30382775501472037,0.23390117981220507
safety,A6c,1,1,ood_compound,50079,250,7.4457775345887001,1.6916373482512088,0.40968833386188225,0.26755843567984555
safety,A6c,1,1,ood_compound,50080,250,4.976302857745134,1.1305870651205134,0.43687877138357528,0.28014127553012647
safety,A6c,1,1,ood_compound,50081,250,2.856632092213927,0.64901019604113219,0.55469477114392607,0.29185624741207872
safety,A6c,1,1,ood_compound,50082,250,4.3398210675536397,0.98598210442056988,0.47665794242519133,0.28836376472754538
safety,A6c,1,1,ood_compound,50083,250,3.9057976573980451,0.88737451008621748,0.49596421138990254,0.32681926335352768
safety,A6c,1,1,ood_compound,50084,250,10.893783368043405,2.475004218637058,0.29468558492039393,0.25901775992468423
safety,A6c,1,1,ood_compound,50085,250,7.0912803790433454,1.6110976564079356,0.40088854553568926,0.24319044041912882
safety,A6c,1,1,ood_compound,50086,250,7.6731764912066929,1.7433010685519257,0.38267320672299221,0.26112910186141558
safety,A6c,1,1,ood_compound,50087,250,8.4422433707862794,1.9180285903931633,0.33970659712197304,0.27922853512938212
safety,A6c,1,1,ood_compound,50088,250,8.1406075225351167,1.849498680104716,0.37580334406282634,0.26341192403930563
safety,A6c,1,1,ood_compound,50089,250,2.9419554573513778,0.66839516832569024,0.57081968370811409,0.3262423754009029
safety,A6c,1,1,ood_compound,50090,250,8.4615830416609548,1.9224224511286621,0.336129139538903,0.22959507334818427
safety,A6c,1,1,ood_compound,50091,250,6.0477522348052597,1.3740141316123036,0.43335869028478197,0.25718854027691312
safety,A6c,1,1,ood_compound,50092,250,6.1312501632317797,1.3929843752936049,0.41514821855904388,0.23850394882750695
safety,A6c,1,1,ood_compound,50093,250,7.9519843295903261,1.8066445877752668,0.37984539949461393,0.26088448858719665
safety,A6c,1,1,ood_compound,50094,250,8.815747592013043,2.0028865770065893,0.33475846205553345,0.29978747016354068
safety,A6c,1,1,ood_compound,50095,250,5.9285993557520094,1.3469432905320009,0.42374603349215872,0.30573045639667307
safety,A6c,1,1,ood_compound,50096,250,6.7625133922334113,1.5364037092444418,0.38727409140944269,0.26070445416833149
safety,A6c,1,1,ood_compound,50097,250,3.9825081878530781,0.90480269642660671,0.5040762001491943,0.29073080081874525
safety,A6c,1,1,ood_compound,50098,52,9.1658663286615472,2.0824315175431258,0.35262602458653308,0.27808539096205936
safety,A6c,1,1,ood_compound,50099,250,4.7847035941623028,1.0870568268521135,0.48217288705912414,0.3038702367836304
safety,A6c_gate_off_control,1,1,ood_compound,50000,250,6.2850833510978461,1.4279343808216922,1,1
safety,A6c_gate_off_control,1,1,ood_compound,50001,250,4.6131772327635865,1.0480870352079517,1,1
safety,A6c_gate_off_control,1,1,ood_compound,50002,250,7.0970204283054281,1.6124017622138684,1,1
safety,A6c_gate_off_control,1,1,ood_compound,50003,59,8.6727654376662731,1.9704018631801539,1,1
safety,A6c_gate_off_control,1,1,ood_compound,50004,250,7.8714055971569632,1.7883375684444043,1,1
safety,A6c_gate_off_control,1,1,ood_compound,50005,250,3.5957198535731836,0.81692663659320119,1,1
safety,A6c_gate_off_control,1,1,ood_compound,50006,250,7.5105583627105563,1.7063551756093998,1,1
safety,A6c_gate_off_control,1,1,ood_compound,50007,61,7.5947337833507733,1.7254793415810887,1,1
safety,A6c_gate_off_control,1,1,ood_compound,50008,250,5.2647994727696457,1.1961318180428788,1,1
safety,A6c_gate_off_control,1,1,ood_compound,50009,250,10.589078319641027,2.405777003925945,1,1
safety,A6c_gate_off_control,1,1,ood_compound,50010,250,5.9796857235504461,1.3585498161571461,1,1
safety,A6c_gate_off_control,1,1,ood_compound,50011,250,4.903243228399857,1.1139883422771659,1,1
safety,A6c_gate_off_control,1,1,ood_compound,50012,171,6.4256847361439577,1.4598781977105202,1,1
safety,A6c_gate_off_control,1,1,ood_compound,50013,250,8.4266918817522054,1.9144953825382751,1,1
safety,A6c_gate_off_control,1,1,ood_compound,50014,250,6.237193066366606,1.4170539866797223,1,1
safety,A6c_gate_off_control,1,1,ood_compound,50015,250,8.3312674907047111,1.8928155159185445,1,1
safety,A6c_gate_off_control,1,1,ood_compound,50016,250,11.968913610257141,2.7192675562823712,1,1
safety,A6c_gate_off_control,1,1,ood_compound,50017,250,5.8647198464321404,1.3324302375631922,1,1
safety,A6c_gate_off_control,1,1,ood_compound,50018,250,7.9058163382993989,1.7961554886853914,1,1
safety,A6c_gate_off_control,1,1,ood_compound,50019,250,10.671465832082632,2.4244949675540952,1,1
safety,A6c_gate_off_control,1,1,ood_compound,50020,250,8.0340472267439935,1.8252888006980896,1,1
safety,A6c_gate_off_control,1,1,ood_compound,50021,250,7.4072237740345166,1.6828781580973233,1,1
safety,A6c_gate_off_control,1,1,ood_compound,50022,250,5.9039042258049221,1.3413327006447331,1,1
safety,A6c_gate_off_control,1,1,ood_compound,50023,250,3.2594829207570681,0.74053556114528385,1,1
safety,A6c_gate_off_control,1,1,ood_compound,50024,250,7.5418282965664201,1.7134595227030638,1,1
safety,A6c_gate_off_control,1,1,ood_compound,50025,250,1.9994156208355252,0.45425559965633422,1,1
safety,A6c_gate_off_control,1,1,ood_compound,50026,250,4.5397508843547278,1.0314049959263427,1,1
safety,A6c_gate_off_control,1,1,ood_compound,50027,250,2.4181571041368928,0.54939122909517868,1,1
safety,A6c_gate_off_control,1,1,ood_compound,50028,250,5.3022617436716297,1.204643028096323,1,1
safety,A6c_gate_off_control,1,1,ood_compound,50029,250,11.541088352743309,2.6220681461773028,1,1
safety,A6c_gate_off_control,1,1,ood_compound,50030,250,3.3730847949768989,0.76634524621428823,1,1
safety,A6c_gate_off_control,1,1,ood_compound,50031,250,3.8230196593927959,0.86856783040922669,1,1
safety,A6c_gate_off_control,1,1,ood_compound,50032,250,5.2814108823491903,1.1999058336807777,1,1
safety,A6c_gate_off_control,1,1,ood_compound,50033,250,9.9702418289058894,2.2651809526303968,1,1
safety,A6c_gate_off_control,1,1,ood_compound,50034,250,9.0308818397001716,2.0517638267746454,1,1
safety,A6c_gate_off_control,1,1,ood_compound,50035,250,8.1781676780561874,1.8580321289742807,1,1
safety,A6c_gate_off_control,1,1,ood_compound,50036,250,11.523530217708736,2.6180790400225535,1,1
safety,A6c_gate_off_control,1,1,ood_compound,50037,250,12.431520538324534,2.8243691596331608,1,1
safety,A6c_gate_off_control,1,1,ood_compound,50038,250,5.9463604782096651,1.350978514248619,1,1
safety,A6c_gate_off_control,1,1,ood_compound,50039,250,10.155486987298206,2.307267575157518,1,1
safety,A6c_gate_off_control,1,1,ood_compound,50040,250,4.0028007576945068,0.90941305026491182,1,1
safety,A6c_gate_off_control,1,1,ood_compound,50041,250,4.5742298256316252,1.0392384108412003,1,1
safety,A6c_gate_off_control,1,1,ood_compound,50042,250,4.4787940659324246,1.0175559613299268,1,1
safety,A6c_gate_off_control,1,1,ood_compound,50043,250,6.491279386273324,1.4747809206953049,1,1
safety,A6c_gate_off_control,1,1,ood_compound,50044,250,11.896360352102516,2.7027838780282831,1,1
safety,A6c_gate_off_control,1,1,ood_compound,50045,250,8.7786767793138498,1.9944643039799423,1,1
safety,A6c_gate_off_control,1,1,ood_compound,50046,250,6.1535178107559227,1.3980434552935843,1,1
safety,A6c_gate_off_control,1,1,ood_compound,50047,250,9.0371562145267923,2.053189328240991,1,1
safety,A6c_gate_off_control,1,1,ood_compound,50048,250,1.4399935697054045,0.32715816346100418,1,1
safety,A6c_gate_off_control,1,1,ood_compound,50049,250,9.8045159026757034,2.2275289861188843,1,1
safety,A6c_gate_off_control,1,1,ood_compound,50050,250,4.9474274864129235,1.1240267487044941,1,1
safety,A6c_gate_off_control,1,1,ood_compound,50051,250,6.2724305050360929,1.4250597277904533,1,1
safety,A6c_gate_off_control,1,1,ood_compound,50052,250,7.4977604005810958,1.7034475530516309,1,1
safety,A6c_gate_off_control,1,1,ood_compound,50053,250,4.1986138316558934,0.95390064174212019,1,1
safety,A6c_gate_off_control,1,1,ood_compound,50054,250,3.1257252538250313,0.71014659720618356,1,1
safety,A6c_gate_off_control,1,1,ood_compound,50055,250,5.9470882239659941,1.3511438538515979,1,1
safety,A6c_gate_off_control,1,1,ood_compound,50056,250,6.0884303221108063,1.3832559564481683,1,1
safety,A6c_gate_off_control,1,1,ood_compound,50057,250,11.278628337517489,2.562438757289967,1,1
safety,A6c_gate_off_control,1,1,ood_compound,50058,250,7.8327481622344406,1.7795548240770436,1,1
safety,A6c_gate_off_control,1,1,ood_compound,50059,250,4.359490149297546,0.99045080538957297,1,1
safety,A6c_gate_off_control,1,1,ood_compound,50060,250,9.8914325316479292,2.2472759386796461,1,1
safety,A6c_gate_off_control,1,1,ood_compound,50061,250,8.9544406324177341,2.0343968290925791,1,1
safety,A6c_gate_off_control,1,1,ood_compound,50062,250,3.0882847000868416,0.70164032116603769,1,1
safety,A6c_gate_off_control,1,1,ood_compound,50063,250,10.4407908892707,2.3720869622445555,1,1
safety,A6c_gate_off_control,1,1,ood_compound,50064,250,11.93437591729081,2.7114207933253969,1,1
safety,A6c_gate_off_control,1,1,ood_compound,50065,250,5.1368468105204377,1.1670617174034981,1,1
safety,A6c_gate_off_control,1,1,ood_compound,50066,250,11.545939644958503,2.6231703315515476,1,1
safety,A6c_gate_off_control,1,1,ood_compound,50067,250,9.0264029766514327,2.0507462551408229,1,1
safety,A6c_gate_off_control,1,1,ood_compound,50068,152,4.4719475706891636,1.0160004774326006,1,1
safety,A6c_gate_off_control,1,1,ood_compound,50069,250,8.6646936041416129,1.9685679895523496,1,1
safety,A6c_gate_off_control,1,1,ood_compound,50070,250,6.2303922474955495,1.4155088801884892,1,1
safety,A6c_gate_off_control,1,1,ood_compound,50071,250,11.586074643231704,2.6322887697180857,1,1
safety,A6c_gate_off_control,1,1,ood_compound,50072,250,5.9046265877960646,1.3414968170875756,1,1
safety,A6c_gate_off_control,1,1,ood_compound,50073,250,6.4937910087742239,1.4753515467189124,1,1
safety,A6c_gate_off_control,1,1,ood_compound,50074,250,6.0427264253500326,1.3728722969361853,1,1
safety,A6c_gate_off_control,1,1,ood_compound,50075,250,10.249971362559133,2.3287338756580471,1,1
safety,A6c_gate_off_control,1,1,ood_compound,50076,37,6.3111866073338136,1.4338648888115704,1,1
safety,A6c_gate_off_control,1,1,ood_compound,50077,250,2.1985274089958966,0.49949263981291653,1,1
safety,A6c_gate_off_control,1,1,ood_compound,50078,250,10.81938548917671,2.4581014532862366,1,1
safety,A6c_gate_off_control,1,1,ood_compound,50079,250,7.5100221059992585,1.7062333412036756,1,1
safety,A6c_gate_off_control,1,1,ood_compound,50080,250,5.1664645845520365,1.1737907033947086,1,1
safety,A6c_gate_off_control,1,1,ood_compound,50081,250,2.2158506255934425,0.50342837386515238,1,1
safety,A6c_gate_off_control,1,1,ood_compound,50082,107,3.8033482259410936,0.86409859514589082,1,1
safety,A6c_gate_off_control,1,1,ood_compound,50083,250,3.991088971703086,0.90675220060807238,1,1
safety,A6c_gate_off_control,1,1,ood_compound,50084,250,10.893783368043405,2.475004218637058,1,1
safety,A6c_gate_off_control,1,1,ood_compound,50085,250,6.9678328266583289,1.5830510905261861,1,1
safety,A6c_gate_off_control,1,1,ood_compound,50086,250,7.6880216882645991,1.7466738109779041,1,1
safety,A6c_gate_off_control,1,1,ood_compound,50087,250,8.6451382864382929,1.9641251351116706,1,1
safety,A6c_gate_off_control,1,1,ood_compound,50088,250,8.2780018731275611,1.8807138774190604,1,1
safety,A6c_gate_off_control,1,1,ood_compound,50089,250,2.5358139642454542,0.57612218337268983,1,1
safety,A6c_gate_off_control,1,1,ood_compound,50090,250,8.1891890872135278,1.8605361290299236,1,1
safety,A6c_gate_off_control,1,1,ood_compound,50091,250,6.2571687264396676,1.4215923404619277,1,1
safety,A6c_gate_off_control,1,1,ood_compound,50092,250,5.8108163369865107,1.3201836737414228,1,1
safety,A6c_gate_off_control,1,1,ood_compound,50093,250,7.973841881484133,1.8116104964333135,1,1
safety,A6c_gate_off_control,1,1,ood_compound,50094,250,7.1123381950480145,1.6158818697235524,1,1
safety,A6c_gate_off_control,1,1,ood_compound,50095,250,6.3647734443015134,1.4460395064882476,1,1
safety,A6c_gate_off_control,1,1,ood_compound,50096,250,7.3163508959099275,1.6622323687402649,1,1
safety,A6c_gate_off_control,1,1,ood_compound,50097,250,4.1502727794415968,0.94291783584984301,1,1
safety,A6c_gate_off_control,1,1,ood_compound,50098,250,7.2535271776480066,1.6479591853589208,1,1
safety,A6c_gate_off_control,1,1,ood_compound,50099,250,4.7215636970411623,1.0727118094729768,1,1
safety,A4c,1,1,motor_fault,50000,250,6.060539056869704,1.3769192232120959,0.41235489682279375,0.32894344671520637
safety,A4c,1,1,motor_fault,50001,250,4.8740309716616501,1.1073514874563641,0.49346041965032761,0.34629782883103943
safety,A4c,1,1,motor_fault,50002,250,2.9070174162710352,0.66045744860579703,0.57704161395890807,0.31852225873844553
safety,A4c,1,1,motor_fault,50003,250,5.3743721968365152,1.221026103632272,0.42952889958106405,0.23433737410902988
safety,A4c,1,1,motor_fault,50004,250,6.7340401215548589,1.5299347477581562,0.39560768503438948,0.27949208106399154
safety,A4c,1,1,motor_fault,50005,250,3.5093247772043004,0.79729817775036105,0.52598468372937968,0.26560665581648246
safety,A4c,1,1,motor_fault,50006,250,5.4853332279893499,1.2462358045166499,0.43522905905502318,0.2940810756989638
safety,A4c,1,1,motor_fault,50007,250,6.1148729352979618,1.3892635643635212,0.39986284292639868,0.24226127799882413
safety,A4c,1,1,motor_fault,50008,250,4.9947186338705691,1.1347710223427245,0.48447037706813662,0.39456784524227506
safety,A4c,1,1,motor_fault,50009,250,6.4009070658169716,1.4542488551290271,0.396761230892202,0.25476106804680682
safety,A4c,1,1,motor_fault,50010,250,5.2841636887253145,1.2005312552780152,0.43733511082782922,0.23564591014479958
safety,A4c,1,1,motor_fault,50011,250,3.744630635362955,0.85075830009142828,0.52232712315251384,0.35840008899479719
safety,A4c,1,1,motor_fault,50012,250,3.0872351186691844,0.7014018623727295,0.5739389983530474,0.27702755810997637
safety,A4c,1,1,motor_fault,50013,250,4.7170832118872745,1.0716938693062996,0.45728801489417459,0.25229809611342852
safety,A4c,1,1,motor_fault,50014,250,5.2518719780391514,1.1931947664315681,0.44929896219699866,0.21269985537730607
safety,A4c,1,1,motor_fault,50015,250,7.2149746784382627,1.6392002817751554,0.37987451381710619,0.26147223854118945
safety,A4c,1,1,motor_fault,50016,250,7.1000457281796425,1.613089092748941,0.38583923458042774,0.26312956965664658
safety,A4c,1,1,motor_fault,50017,250,4.8286391510887521,1.0970387298391069,0.49275374638023345,0.34051217109022602
safety,A4c,1,1,motor_fault,50018,87,4.100793791803321,0.93167649764792337,0.4831457475765753,0.25829532890062956
safety,A4c,1,1,motor_fault,50019,250,6.9774643744841267,1.5852393221712897,0.38122590613348367,0.24395524473421951
safety,A4c,1,1,motor_fault,50020,250,7.3198564604625798,1.663028812616868,0.38086147348592331,0.32829286131821173
safety,A4c,1,1,motor_fault,50021,250,5.6318909139969398,1.2795328583397074,0.43260739254882619,0.3573897796863203
safety,A4c,1,1,motor_fault,50022,250,5.852863481389269,1.3297365403867927,0.42110563086360392,0.2562352118449947
safety,A4c,1,1,motor_fault,50023,250,2.8482214986400405,0.64709935810050678,0.57685575691584134,0.3589620643823076
safety,A4c,1,1,motor_fault,50024,250,5.0273299626803976,1.142180126567842,0.46520631269375096,0.37938918017502588
safety,A4c,1,1,motor_fault,50025,250,4.7089188700773281,1.0698389783341431,0.46665042818756342,0.25726371221145122
safety,A4c,1,1,motor_fault,50026,250,4.6067208767369339,1.0466201886714339,0.4798060027675754,0.31926969247140435
safety,A4c,1,1,motor_fault,50027,250,1.8159895662469823,0.41258226693279831,0.67418745112499978,0.31875658867096945
safety,A4c,1,1,motor_fault,50028,250,4.9444849994657609,1.1233582327847746,0.45411905720637924,0.24837733490039132
safety,A4c,1,1,motor_fault,50029,250,7.4814595444845509,1.6997440933587664,0.367477760934727,0.2448598897715932
safety,A4c,1,1,motor_fault,50030,250,4.8125690497424305,1.0933876962833318,0.50471477371805185,0.36833800377538523
safety,A4c,1,1,motor_fault,50031,63,4.366620119758907,0.99207069320764651,0.5379975176167765,0.35304539734054047
safety,A4c,1,1,motor_fault,50032,250,5.5367824592667976,1.2579247706136678,0.43309959778838192,0.25486021669327114
safety,A4c,1,1,motor_fault,50033,250,4.1381430923036007,0.94016204148318117,0.50941078607909474,0.3958959762120523
safety,A4c,1,1,motor_fault,50034,49,5.273817769163669,1.1981807225295975,0.47923587542669849,0.3284085399820067
safety,A4c,1,1,motor_fault,50035,250,5.9728430968199415,1.3569952111634176,0.42017085198114379,0.29279002145748145
safety,A4c,1,1,motor_fault,50036,250,5.9008399468290271,1.3406365142844767,0.42821391533958209,0.31740853137520941
safety,A4c,1,1,motor_fault,50037,250,6.1152469655855652,1.3893485418693556,0.41777713372976194,0.28421369056840312
safety,A4c,1,1,motor_fault,50038,250,5.0070237003953011,1.1375666618859763,0.46272936723213376,0.22030695966020342
safety,A4c,1,1,motor_fault,50039,250,4.5810661577923462,1.0407915857452859,0.47932102963126161,0.35655103364175761
safety,A4c,1,1,motor_fault,50040,250,1.8998257819027562,0.43162936750497299,0.6660709336468098,0.38006746433447069
safety,A4c,1,1,motor_fault,50041,250,3.3118777940049586,0.75243937159775609,0.54894394494825827,0.27140211900648864
safety,A4c,1,1,motor_fault,50042,250,3.0326237001493372,0.6889944657267788,0.58968394267611757,0.34203665258428345
safety,A4c,1,1,motor_fault,50043,250,6.0336853368831127,1.370818214223072,0.42060630293901519,0.33733092375063417
safety,A4c,1,1,motor_fault,50044,250,5.5638357765914286,1.2640711269569567,0.43285832903365545,0.26462697791964407
safety,A4c,1,1,motor_fault,50045,250,6.1574264709332827,1.3989314801515564,0.4033557338548141,0.23302915140395217
safety,A4c,1,1,motor_fault,50046,250,5.1383508277336123,1.1674034213663682,0.44604126254213067,0.23394120117685965
safety,A4c,1,1,motor_fault,50047,250,7.7996918790934107,1.7720446288159086,0.36142570022160408,0.3081434449958067
safety,A4c,1,1,motor_fault,50048,250,1.8830298371455001,0.4278134265480279,0.64861951074140034,0.33215782161821344
safety,A4c,1,1,motor_fault,50049,250,4.9767351603391994,1.1306852817554409,0.44253851076755801,0.23575653144514733
safety,A4c,1,1,motor_fault,50050,250,3.0928087731556095,0.70266816425345113,0.54966450402576639,0.2604563745271764
safety,A4c,1,1,motor_fault,50051,250,3.7664896236366703,0.85572453508663548,0.5056219616685661,0.23883293049858947
safety,A4c,1,1,motor_fault,50052,250,4.5275604216048562,1.0286353936941579,0.47862781044834224,0.27717528105189032
safety,A4c,1,1,motor_fault,50053,250,5.9542141003719227,1.3527628115240897,0.42108993293182068,0.26585277100845345
safety,A4c,1,1,motor_fault,50054,250,2.6248654910412013,0.59635417230153986,0.57777641035996607,0.2270907905975024
safety,A4c,1,1,motor_fault,50055,250,7.3537320877979768,1.6707251581133311,0.37739512314048757,0.26910477635137575
safety,A4c,1,1,motor_fault,50056,250,4.5059152742830939,1.0237177421194503,0.49523993079881595,0.46938379611832537
safety,A4c,1,1,motor_fault,50057,250,6.6511983874392424,1.5111135876076045,0.43908789338149967,0.30504242306745083
safety,A4c,1,1,motor_fault,50058,250,6.3885107751657433,1.4514324899948312,0.39611465840903043,0.23236051797404189
safety,A4c,1,1,motor_fault,50059,250,2.8561465341894623,0.64889988008217259,0.5607103212933835,0.29932815366654608
safety,A4c,1,1,motor_fault,50060,250,5.9628555435535588,1.3547260971528827,0.40046644402541426,0.21553119002066717
safety,A4c,1,1,motor_fault,50061,250,4.3723520879797224,0.99337296304800593,0.47451152272582897,0.32812969045639134
safety,A4c,1,1,motor_fault,50062,250,4.73469628248181,1.0756954565007453,0.47770761219691604,0.33270534716006833
safety,A4c,1,1,motor_fault,50063,250,6.9489488774853321,1.5787607671106501,0.38536893327112831,0.34247731197933456
safety,A4c,1,1,motor_fault,50064,250,3.4652682745833503,0.78728879660504547,0.5325818041113467,0.31266920845268581
safety,A4c,1,1,motor_fault,50065,38,4.3915221518219454,0.9977282900522334,0.49509642380201518,0.33716845568397596
safety,A4c,1,1,motor_fault,50066,250,6.4717911439567359,1.4703533053923543,0.39624746502554981,0.25880166413402944
safety,A4c,1,1,motor_fault,50067,250,4.4551241884728183,1.0121783028445377,0.48611116239254659,0.33861690703999786
safety,A4c,1,1,motor_fault,50068,35,3.3047143825876195,0.7508118861889902,0.56445486690382318,0.43503561068657981
safety,A4c,1,1,motor_fault,50069,250,2.9297682569490835,0.66562630727989991,0.56759074656989306,0.25817996223504663
safety,A4c,1,1,motor_fault,50070,250,5.4118648307155404,1.2295442119774969,0.44002909827583814,0.34208048861980417
safety,A4c,1,1,motor_fault,50071,73,3.1024598898412239,0.70486084182968467,0.54726440631781692,0.2842896306329169
safety,A4c,1,1,motor_fault,50072,250,4.231438216015067,0.96135815094883303,0.50066886922811793,0.31198034762849408
safety,A4c,1,1,motor_fault,50073,250,5.0309722351458532,1.1430076296870864,0.45843775849766039,0.21309250343676089
safety,A4c,1,1,motor_fault,50074,250,5.0312717585295417,1.1430756796577131,0.47154334248928637,0.36080321183805408
safety,A4c,1,1,motor_fault,50075,250,5.8390950567735453,1.326608434396741,0.41592168771770976,0.24986550848927946
safety,A4c,1,1,motor_fault,50076,250,6.2499507800860048,1.4199524650328259,0.41239867840614475,0.25706537021585846
safety,A4c,1,1,motor_fault,50077,250,1.1847137035188604,0.26916006267278564,0.75186615866356277,0.32385307479005504
safety,A4c,1,1,motor_fault,50078,250,4.7263751984330229,1.0738049546035995,0.46288009483355069,0.33240043419120774
safety,A4c,1,1,motor_fault,50079,250,4.9623925295036209,1.1274267194520504,0.4555720307231883,0.27703367899799319
safety,A4c,1,1,motor_fault,50080,250,2.9473274848157942,0.66961566171975451,0.54925639981022945,0.24884542483095953
safety,A4c,1,1,motor_fault,50081,250,2.3510676937161468,0.53414890526631387,0.64663753951178682,0.42578738141505301
safety,A4c,1,1,motor_fault,50082,41,3.5256173709644236,0.80099976028844744,0.51673704282780597,0.34371309036007119
safety,A4c,1,1,motor_fault,50083,87,2.6576055508489538,0.60379252346063506,0.58432368468095031,0.34415010816985564
safety,A4c,1,1,motor_fault,50084,65,2.9300943456404975,0.66570039273392745,0.53226146654086703,0.26632128279334361
safety,A4c,1,1,motor_fault,50085,250,3.893447036082835,0.88456852075953385,0.50659848780812344,0.31644503788919137
safety,A4c,1,1,motor_fault,50086,60,10.164014316231697,2.309204934692866,0.30084114958829483,0.21457840582536991
safety,A4c,1,1,motor_fault,50087,45,4.9606350746488035,1.1270274359310932,0.49059484837462208,0.36005387164631447
safety,A4c,1,1,motor_fault,50088,250,4.3985108987051333,0.99931609269475863,0.50160647852236584,0.31257305482360881
safety,A4c,1,1,motor_fault,50089,250,2.3519432056087353,0.53434781647598417,0.62004836830312726,0.35943959086572785
safety,A4c,1,1,motor_fault,50090,250,6.0760418929318263,1.3804413773947417,0.40271530141929657,0.25246420099573913
safety,A4c,1,1,motor_fault,50091,250,4.2632077899180061,0.96857601335508703,0.47857272842362797,0.28322694675165672
safety,A4c,1,1,motor_fault,50092,250,4.7477456818281052,1.0786602041317201,0.46582205624742329,0.26591953049999945
safety,A4c,1,1,motor_fault,50093,250,5.7944570265257127,1.3164669335569938,0.42727651726068994,0.26023238311802599
safety,A4c,1,1,motor_fault,50094,250,5.809726903809203,1.3199361608601157,0.42537078041061749,0.35666651366441671
safety,A4c,1,1,motor_fault,50095,250,5.45758096447274,1.2399306516638928,0.44329166219654914,0.34788625509573234
safety,A4c,1,1,motor_fault,50096,250,4.4379069555486179,1.0082666476664426,0.47348531090105017,0.24860216646834785
safety,A4c,1,1,motor_fault,50097,250,3.7526245599282348,0.85257447325681102,0.53496771403067767,0.31526872981803145
safety,A4c,1,1,motor_fault,50098,250,9.2714622379231511,2.1064222939395014,0.31195183170624291,0.22089452856034422
safety,A4c,1,1,motor_fault,50099,250,5.380537948263262,1.2224269264939633,0.43628183729561171,0.24789083085285399
safety,A6c,1,1,motor_fault,50000,250,6.5859425715031934,1.4962878457807471,0.39676399721840239,0.31086776877690725
safety,A6c,1,1,motor_fault,50001,250,4.4458187209451889,1.0100641547465652,0.49774862535769587,0.29407602432553426
safety,A6c,1,1,motor_fault,50002,250,5.3900895329101282,1.224596990969911,0.44526680781862898,0.31994816997049152
safety,A6c,1,1,motor_fault,50003,250,5.3679883309220688,1.2195757264276164,0.41993523730362747,0.25233320985898888
safety,A6c,1,1,motor_fault,50004,250,8.253663764058583,1.8751844005987233,0.35667072934109634,0.25631128067000575
safety,A6c,1,1,motor_fault,50005,90,3.3437770376885467,0.75968669422396251,0.55434155053595047,0.29304885925087593
safety,A6c,1,1,motor_fault,50006,250,4.1622129315474918,0.94563056895962261,0.48034704963269492,0.3066606180911417
safety,A6c,1,1,motor_fault,50007,250,6.460982490079453,1.467897642098871,0.39161783753859891,0.25223656211239565
safety,A6c,1,1,motor_fault,50008,116,5.1387763246615084,1.1675000917935268,0.489875335698231,0.30496653187394035
safety,A6c,1,1,motor_fault,50009,250,5.9403512489641042,1.349613252316098,0.41844266784741468,0.22867697795006256
safety,A6c,1,1,motor_fault,50010,250,5.4512612959025954,1.2384948597224652,0.42898959245407814,0.27011807041482566
safety,A6c,1,1,motor_fault,50011,250,5.068501813919621,1.1515341316975105,0.45872283459996999,0.32376108914125817
safety,A6c,1,1,motor_fault,50012,84,3.6404473179203198,0.82708845634012573,0.50393605612719472,0.25837746754344798
safety,A6c,1,1,motor_fault,50013,250,4.8315931408362491,1.0977098591281573,0.45198751474373916,0.25681841622820117
safety,A6c,1,1,motor_fault,50014,250,5.9996483333022228,1.3630852049822615,0.44363517465323804,0.31943559557312101
safety,A6c,1,1,motor_fault,50015,250,7.2670091737922657,1.6510222164662378,0.38295730467379147,0.25424537386379215
safety,A6c,1,1,motor_fault,50016,250,8.1558694405590675,1.8529660991103645,0.34460656147268504,0.23912497847532599
safety,A6c,1,1,motor_fault,50017,250,3.8616686196840955,0.87734864938966539,0.53435014215734733,0.39341724222568314
safety,A6c,1,1,motor_fault,50018,57,11.730630015287851,2.6651309094576305,0.27658453616094425,0.17631169441431646
safety,A6c,1,1,motor_fault,50019,250,3.5433546092560331,0.80502955766145945,0.50775929605604919,0.26789339086234298
safety,A6c,1,1,motor_fault,50020,250,7.6092061426323969,1.7287673774328685,0.37678424541529132,0.34298035784806863
safety,A6c,1,1,motor_fault,50021,250,6.0241545195735906,1.3686528679653776,0.4191951209203586,0.35156630089948177
safety,A6c,1,1,motor_fault,50022,250,6.0282408743554567,1.3695812640039509,0.41245981790452946,0.2630267971585229
safety,A6c,1,1,motor_fault,50023,250,2.86768305480512,0.65152091046505178,0.55738056585081974,0.28821045561524439
safety,A6c,1,1,motor_fault,50024,250,4.41162782342077,1.0022961816968934,0.48756297813496907,0.40532751083463686
safety,A6c,1,1,motor_fault,50025,93,4.6921644099941586,1.0660324624538591,0.50169166417375555,0.26602625805049246
safety,A6c,1,1,motor_fault,50026,250,5.0341332276798472,1.1437257888052184,0.4737883284523135,0.26306142088234613
safety,A6c,1,1,motor_fault,50027,56,3.1908234736943664,0.72493653412332504,0.56824316779127138,0.31522516298359105
safety,A6c,1,1,motor_fault,50028,250,5.0033363570293883,1.1367289189202983,0.45300189869889801,0.28669284519209448
safety,A6c,1,1,motor_fault,50029,250,7.5355403447970222,1.7120309366342883,0.3458312373520338,0.24426100138882204
safety,A6c,1,1,motor_fault,50030,250,4.4472838198115117,1.0103970166873952,0.51983474639016658,0.30070883714211194
safety,A6c,1,1,motor_fault,50031,125,2.6796692009163232,0.60880525642496597,0.55594836200167908,0.29382841680477029
safety,A6c,1,1,motor_fault,50032,250,5.7382374630159445,1.3036941757229448,0.42162182517490754,0.25337481848187671
safety,A6c,1,1,motor_fault,50033,250,4.4774341543739835,1.017246997333636,0.48844492263698303,0.41026137499398063
safety,A6c,1,1,motor_fault,50034,250,7.8864180371310288,1.7917483074881826,0.378471699784652,0.2581405194482933
safety,A6c,1,1,motor_fault,50035,250,4.8838648503127455,1.1095856874881385,0.44616077995385323,0.28726324103671441
safety,A6c,1,1,motor_fault,50036,250,6.0484359763502411,1.3741694737144101,0.44329607359250817,0.24102224566854247
safety,A6c,1,1,motor_fault,50037,250,6.6904118160826194,1.5200226505144625,0.40120450912002631,0.261065640392177
safety,A6c,1,1,motor_fault,50038,250,5.3766687677565708,1.2215478711875376,0.45819629474404999,0.29544630881661127
safety,A6c,1,1,motor_fault,50039,237,5.523984450925763,1.2550171375568979,0.45093612853613935,0.26273555131253407
safety,A6c,1,1,motor_fault,50040,250,1.5384033414279232,0.34951629120593741,0.67159547426429567,0.36587529166925103
safety,A6c,1,1,motor_fault,50041,250,3.2536997402635279,0.73922165617443236,0.54436256239279779,0.27278532127997984
safety,A6c,1,1,motor_fault,50042,76,3.1077972731182242,0.70607346426587247,0.54169727134260737,0.31443788150337521
safety,A6c,1,1,motor_fault,50043,250,6.236677940813415,1.4169369531502125,0.4112711118480476,0.33755755417800748
safety,A6c,1,1,motor_fault,50044,250,5.8654969566096309,1.3326067924755358,0.42030762195400517,0.27310407949488325
safety,A6c,1,1,motor_fault,50045,250,4.1350036694299117,0.93944878286641276,0.46834674288472122,0.26402504083753497
safety,A6c,1,1,motor_fault,50046,250,5.0633525859032407,1.1503642570421497,0.44632475453463111,0.2632148542673996
safety,A6c,1,1,motor_fault,50047,250,8.3517623439866835,1.8974718273779803,0.34544321622655011,0.30844797065466029
safety,A6c,1,1,motor_fault,50048,250,2.1152355213156158,0.4805692073907456,0.6193480562566237,0.3165608415834989
safety,A6c,1,1,motor_fault,50049,250,4.9427717663241051,1.1229689961798368,0.43742172902988097,0.25895949157258169
safety,A6c,1,1,motor_fault,50050,250,2.9828258839161772,0.67768069152253552,0.5558954275089758,0.28719722647102164
safety,A6c,1,1,motor_fault,50051,250,3.4142657977512689,0.77570133051951307,0.5352937200188943,0.31543657883844123
safety,A6c,1,1,motor_fault,50052,250,4.223254098696712,0.95949876709618831,0.47463791985742021,0.26021059693944609
safety,A6c,1,1,motor_fault,50053,250,6.690951141786436,1.5201451821774365,0.40981265058316552,0.2611492376339648
safety,A6c,1,1,motor_fault,50054,90,4.2137394504002081,0.95733709434420622,0.50022565496573801,0.31247787469975891
safety,A6c,1,1,motor_fault,50055,250,8.9831292811738184,2.0409147232253551,0.35593782712194022,0.24343834134548362
safety,A6c,1,1,motor_fault,50056,250,4.4540000335373575,1.0119229013817339,0.49484068894023614,0.44515161514332852
safety,A6c,1,1,motor_fault,50057,250,7.5302172063020514,1.7108215505297242,0.37283325965671033,0.29918785671011361
safety,A6c,1,1,motor_fault,50058,250,6.4401432376410668,1.4631630851542607,0.38681980256391957,0.27311028038965623
safety,A6c,1,1,motor_fault,50059,250,4.7420112310984734,1.0773573702797969,0.46536417026945504,0.29982319855866424
safety,A6c,1,1,motor_fault,50060,250,6.4200726771547583,1.4586031705501441,0.38071395460500695,0.2243033821435669
safety,A6c,1,1,motor_fault,50061,250,5.1128095458462361,1.1616005906798235,0.447138018136091,0.34733229325377729
safety,A6c,1,1,motor_fault,50062,250,2.8139429279170534,0.63931146621006252,0.57440528413223013,0.28529107171539292
safety,A6c,1,1,motor_fault,50063,250,7.2858743172532945,1.6553082673333963,0.3744671831728682,0.32425506871954979
safety,A6c,1,1,motor_fault,50064,250,3.5072429535323355,0.79682519952080622,0.51822998964810174,0.30513124663935259
safety,A6c,1,1,motor_fault,50065,250,3.5365299145285274,0.80347902671451255,0.53405410583278867,0.37617124480614994
safety,A6c,1,1,motor_fault,50066,250,3.89480804917826,0.88487773501862022,0.47632675382185996,0.22345434095618458
safety,A6c,1,1,motor_fault,50067,250,4.7225694003978633,1.0729402994260482,0.46930150863246956,0.32715418120692641
safety,A6c,1,1,motor_fault,50068,40,3.4412318761433189,0.78182786668473592,0.55766227574954164,0.41537104902260003
safety,A6c,1,1,motor_fault,50069,250,2.9176022614855892,0.66286226387286862,0.56336010333740505,0.26334257497405195
safety,A6c,1,1,motor_fault,50070,250,6.0095033251333199,1.3653242018057297,0.42024937030369963,0.33288723259507275
safety,A6c,1,1,motor_fault,50071,250,2.7737113433687508,0.63017108420360568,0.58607801021704997,0.27889340278555441
safety,A6c,1,1,motor_fault,50072,250,4.1671330970015577,0.94674840193314469,0.49122967926909117,0.33380652547350564
safety,A6c,1,1,motor_fault,50073,250,4.6816616539443068,1.0636462973675445,0.47319924572713579,0.28835431006526491
safety,A6c,1,1,motor_fault,50074,250,5.1266729908920006,1.1647502847589037,0.45575284706415814,0.35568847739353471
safety,A6c,1,1,motor_fault,50075,250,5.5013582621478765,1.2498765990694867,0.42070261129614356,0.24476372641324612
safety,A6c,1,1,motor_fault,50076,40,7.6716143402592749,1.7429461569427644,0.37079592147640206,0.2684530519841391
safety,A6c,1,1,motor_fault,50077,250,1.3655185100005496,0.31023786307266726,0.72987332117753723,0.29219351948229816
safety,A6c,1,1,motor_fault,50078,250,6.6218458647569811,1.5044448651801561,0.39055499139972871,0.24745948495840883
safety,A6c,1,1,motor_fault,50079,250,5.6311109178473746,1.2793556477512944,0.41273001929957126,0.23907317006349105
safety,A6c,1,1,motor_fault,50080,250,3.359136095325983,0.76317618278479227,0.52447180491712209,0.28015410779016309
safety,A6c,1,1,motor_fault,50081,73,3.1605772908785692,0.71806477731142049,0.58499011929495703,0.36321755393782024
safety,A6c,1,1,motor_fault,50082,49,4.265473156932698,0.9690906915645483,0.49241049008604165,0.34426513227626215
safety,A6c,1,1,motor_fault,50083,74,3.669650324728146,0.83372320963054647,0.52682990426794529,0.29959716589070134
safety,A6c,1,1,motor_fault,50084,250,2.9468898428669075,0.66951623201446731,0.5755914550831206,0.26686361989721863
safety,A6c,1,1,motor_fault,50085,250,4.5272694126507389,1.0285692781524063,0.47421091047742969,0.32261174201562254
safety,A6c,1,1,motor_fault,50086,250,8.2675819917361437,1.8783465409731102,0.33622910058366334,0.26112910186141558
safety,A6c,1,1,motor_fault,50087,250,4.8987720085325357,1.1129725071297059,0.46929888394414049,0.37036572556332542
safety,A6c,1,1,motor_fault,50088,250,4.9299948191263114,1.1200661480923113,0.46622644509469791,0.26341192403930563
safety,A6c,1,1,motor_fault,50089,250,2.521620951214639,0.57289761336430467,0.59961581632602601,0.33271781999686084
safety,A6c,1,1,motor_fault,50090,250,6.0700264222055083,1.3790746974340955,0.39818169299076805,0.25612845805410023
safety,A6c,1,1,motor_fault,50091,250,4.8308995218927411,1.0975522729385565,0.46461763297787489,0.3160413082413937
safety,A6c,1,1,motor_fault,50092,250,4.5801182359177446,1.0405762234088674,0.46379823323506308,0.27820080475916104
safety,A6c,1,1,motor_fault,50093,43,8.728575058217249,1.9830814843583568,0.36701827573025303,0.26182450082161474
safety,A6c,1,1,motor_fault,50094,250,6.1404415110789943,1.3950725960639527,0.41304644533104601,0.3624541222220114
safety,A6c,1,1,motor_fault,50095,250,6.2279249821817881,1.4149483318598002,0.4188192638100251,0.36424452320669032
safety,A6c,1,1,motor_fault,50096,250,4.7421262334202385,1.0773834981384025,0.45501376294279794,0.2836276172798447
safety,A6c,1,1,motor_fault,50097,250,3.5526020365202919,0.80713051934917945,0.52126702907146027,0.29073080081874525
safety,A6c,1,1,motor_fault,50098,110,9.8455188690581537,2.2368446215913953,0.30284166257394357,0.20781980749646081
safety,A6c,1,1,motor_fault,50099,46,7.5958804069868799,1.7257398478019925,0.3892845004776419,0.29441576366530509
safety,A6c_gate_off_control,1,1,motor_fault,50000,250,6.5543348708566338,1.4891067600368233,1,1
safety,A6c_gate_off_control,1,1,motor_fault,50001,250,4.2169311873583073,0.95806223841667315,1,1
safety,A6c_gate_off_control,1,1,motor_fault,50002,250,5.3856581038145253,1.2235901960543465,1,1
safety,A6c_gate_off_control,1,1,motor_fault,50003,250,5.0474056427695988,1.1467412043159582,1,1
safety,A6c_gate_off_control,1,1,motor_fault,50004,250,7.8627173582353267,1.786363651095666,1,1
safety,A6c_gate_off_control,1,1,motor_fault,50005,92,3.983594663738967,0.90504953742850425,1,1
safety,A6c_gate_off_control,1,1,motor_fault,50006,250,4.0415499956803815,0.91821665175430289,1,1
safety,A6c_gate_off_control,1,1,motor_fault,50007,250,5.6530405944108608,1.2843379427147863,1,1
safety,A6c_gate_off_control,1,1,motor_fault,50008,133,5.0725150128195393,1.1524459071452089,1,1
safety,A6c_gate_off_control,1,1,motor_fault,50009,250,6.0845732651214472,1.3823796555343655,1,1
safety,A6c_gate_off_control,1,1,motor_fault,50010,250,5.0592726348848949,1.1494373159014013,1,1
safety,A6c_gate_off_control,1,1,motor_fault,50011,250,4.4789251453884313,1.017585741819921,1,1
safety,A6c_gate_off_control,1,1,motor_fault,50012,250,3.3475240908311652,0.76053800290361206,1,1
safety,A6c_gate_off_control,1,1,motor_fault,50013,250,4.6724093202613286,1.0615442209700292,1,1
safety,A6c_gate_off_control,1,1,motor_fault,50014,250,5.7208136053942269,1.2997355766153853,1,1
safety,A6c_gate_off_control,1,1,motor_fault,50015,250,6.4890677280994389,1.4742784448220827,1,1
safety,A6c_gate_off_control,1,1,motor_fault,50016,250,7.9293190349043332,1.8014951646529893,1,1
safety,A6c_gate_off_control,1,1,motor_fault,50017,250,4.0337816868034739,0.91645173716104755,1,1
safety,A6c_gate_off_control,1,1,motor_fault,50018,57,11.730630015287851,2.6651309094576305,1,1
safety,A6c_gate_off_control,1,1,motor_fault,50019,250,3.9237073452406142,0.89144348699417231,1,1
safety,A6c_gate_off_control,1,1,motor_fault,50020,250,7.1355034813057152,1.6211448880227719,1,1
safety,A6c_gate_off_control,1,1,motor_fault,50021,250,4.2030092686466851,0.95489925946081611,1,1
safety,A6c_gate_off_control,1,1,motor_fault,50022,250,5.002150253555584,1.1364594431099002,1,1
safety,A6c_gate_off_control,1,1,motor_fault,50023,250,2.3078707239248972,0.52433480498052099,1,1
safety,A6c_gate_off_control,1,1,motor_fault,50024,250,4.2983864324197114,0.97656839631848014,1,1
safety,A6c_gate_off_control,1,1,motor_fault,50025,250,3.4024761824565362,0.77302279849764743,1,1
safety,A6c_gate_off_control,1,1,motor_fault,50026,250,4.7465786530929908,1.0783950619910059,1,1
safety,A6c_gate_off_control,1,1,motor_fault,50027,46,4.642665090292712,1.0547865049254463,1,1
safety,A6c_gate_off_control,1,1,motor_fault,50028,250,3.2736272147496144,0.74374906247154371,1,1
safety,A6c_gate_off_control,1,1,motor_fault,50029,250,6.9677275831819028,1.58302717982048,1,1
safety,A6c_gate_off_control,1,1,motor_fault,50030,250,3.8437891028088753,0.87328652715000588,1,1
safety,A6c_gate_off_control,1,1,motor_fault,50031,250,2.6050414440299674,0.59185026412513975,1,1
safety,A6c_gate_off_control,1,1,motor_fault,50032,250,4.6231810084812199,1.0503598348650545,1,1
safety,A6c_gate_off_control,1,1,motor_fault,50033,28,5.0657167861186956,1.1509013895799711,1,1
safety,A6c_gate_off_control,1,1,motor_fault,50034,250,6.3010598741491091,1.4315641539331185,1,1
safety,A6c_gate_off_control,1,1,motor_fault,50035,250,4.8974637920377431,1.1126752879511972,1,1
safety,A6c_gate_off_control,1,1,motor_fault,50036,250,6.1154161663181181,1.3893869832916528,1,1
safety,A6c_gate_off_control,1,1,motor_fault,50037,250,4.6775928874139989,1.0627218972774251,1,1
safety,A6c_gate_off_control,1,1,motor_fault,50038,250,4.7551475783379935,1.0803418719663889,1,1
safety,A6c_gate_off_control,1,1,motor_fault,50039,225,6.3727483308573429,1.447851354328616,1,1
safety,A6c_gate_off_control,1,1,motor_fault,50040,250,1.6326657812466974,0.37093216926487388,1,1
safety,A6c_gate_off_control,1,1,motor_fault,50041,71,4.9939309772438367,1.1345920713384554,1,1
safety,A6c_gate_off_control,1,1,motor_fault,50042,72,3.1676265858190584,0.71966633612039288,1,1
safety,A6c_gate_off_control,1,1,motor_fault,50043,250,4.825247622208753,1.0962681942040537,1,1
safety,A6c_gate_off_control,1,1,motor_fault,50044,250,5.1590852087570038,1.1721141521354657,1,1
safety,A6c_gate_off_control,1,1,motor_fault,50045,250,3.8012549521515204,0.86362301551621379,1,1
safety,A6c_gate_off_control,1,1,motor_fault,50046,58,6.3203022740772452,1.4359359152753299,1,1
safety,A6c_gate_off_control,1,1,motor_fault,50047,250,7.1174545276272809,1.6170442707269339,1,1
safety,A6c_gate_off_control,1,1,motor_fault,50048,250,1.5596447949091785,0.35434222588812597,1,1
safety,A6c_gate_off_control,1,1,motor_fault,50049,250,4.6816846056801307,1.0636515118684273,1,1
safety,A6c_gate_off_control,1,1,motor_fault,50050,96,4.7905380899932997,1.0883823903691647,1,1
safety,A6c_gate_off_control,1,1,motor_fault,50051,250,4.1617371278718478,0.94552246913198001,1,1
safety,A6c_gate_off_control,1,1,motor_fault,50052,250,4.4044614395878687,1.0006680209726007,1,1
safety,A6c_gate_off_control,1,1,motor_fault,50053,250,3.1866575233413252,0.72399005443394038,1,1
safety,A6c_gate_off_control,1,1,motor_fault,50054,90,4.2720721434658309,0.97058994292254253,1,1
safety,A6c_gate_off_control,1,1,motor_fault,50055,250,8.6626228613907834,1.9680975288436255,1,1
safety,A6c_gate_off_control,1,1,motor_fault,50056,250,3.8831236891701271,0.88222311638566342,1,1
safety,A6c_gate_off_control,1,1,motor_fault,50057,250,6.6351412351009795,1.5074654959911438,1,1
safety,A6c_gate_off_control,1,1,motor_fault,50058,250,5.6849809087046843,1.2915945963447553,1,1
safety,A6c_gate_off_control,1,1,motor_fault,50059,250,4.9190239004673479,1.1175736191842267,1,1
safety,A6c_gate_off_control,1,1,motor_fault,50060,250,6.4838431107144121,1.47309144214066,1,1
safety,A6c_gate_off_control,1,1,motor_fault,50061,250,4.9069760278755457,1.1148364126065942,1,1
safety,A6c_gate_off_control,1,1,motor_fault,50062,94,4.0563958253856232,0.92158953791407605,1,1
safety,A6c_gate_off_control,1,1,motor_fault,50063,250,6.9112431935293319,1.5701942550271206,1,1
safety,A6c_gate_off_control,1,1,motor_fault,50064,80,4.5324758314385889,1.0297521462184007,1,1
safety,A6c_gate_off_control,1,1,motor_fault,50065,56,3.6102741663426543,0.82023329180074578,1,1
safety,A6c_gate_off_control,1,1,motor_fault,50066,250,4.4937698996052298,1.0209583836349754,1,1
safety,A6c_gate_off_control,1,1,motor_fault,50067,87,3.7222898883134419,0.84568261230446062,1,1
safety,A6c_gate_off_control,1,1,motor_fault,50068,38,3.5094383138317511,0.79732397261174359,1,1
safety,A6c_gate_off_control,1,1,motor_fault,50069,250,3.3765333654215013,0.76712874136104281,1,1
safety,A6c_gate_off_control,1,1,motor_fault,50070,250,5.8256145205175383,1.3235457349675435,1,1
safety,A6c_gate_off_control,1,1,motor_fault,50071,67,3.3039024418594876,0.75062741797812926,1,1
safety,A6c_gate_off_control,1,1,motor_fault,50072,250,4.2055623841053649,0.95547931244309181,1,1
safety,A6c_gate_off_control,1,1,motor_fault,50073,250,4.8574855086972422,1.1035924545058522,1,1
safety,A6c_gate_off_control,1,1,motor_fault,50074,250,5.1554013287732401,1.1712771960300674,1,1
safety,A6c_gate_off_control,1,1,motor_fault,50075,250,5.426234127156631,1.2328088325513622,1,1
safety,A6c_gate_off_control,1,1,motor_fault,50076,39,8.0823828385461383,1.8362703705603696,1,1
safety,A6c_gate_off_control,1,1,motor_fault,50077,250,1.6202052680287973,0.36810121313707411,1,1
safety,A6c_gate_off_control,1,1,motor_fault,50078,250,5.6065087497520931,1.2737661782560536,1,1
safety,A6c_gate_off_control,1,1,motor_fault,50079,250,5.7016122118602439,1.295373131687416,1,1
safety,A6c_gate_off_control,1,1,motor_fault,50080,250,2.9909877303230461,0.67953501555362705,1,1
safety,A6c_gate_off_control,1,1,motor_fault,50081,68,2.8433358311916592,0.64598936287322206,1,1
safety,A6c_gate_off_control,1,1,motor_fault,50082,33,4.6296798921141109,1.051836343426352,1,1
safety,A6c_gate_off_control,1,1,motor_fault,50083,75,4.1589633414483638,0.94489228099001088,1,1
safety,A6c_gate_off_control,1,1,motor_fault,50084,250,3.3285981270276079,0.75623813400838646,1,1
safety,A6c_gate_off_control,1,1,motor_fault,50085,250,4.454403384352065,1.0120145403407863,1,1
safety,A6c_gate_off_control,1,1,motor_fault,50086,250,7.9897155476091175,1.8152169010493462,1,1
safety,A6c_gate_off_control,1,1,motor_fault,50087,75,4.7531058418883454,1.0798780013205811,1,1
safety,A6c_gate_off_control,1,1,motor_fault,50088,250,5.9883891520116563,1.360527184480927,1,1
safety,A6c_gate_off_control,1,1,motor_fault,50089,250,2.7835296424781122,0.63240174465411492,1,1
safety,A6c_gate_off_control,1,1,motor_fault,50090,250,5.9054480209038402,1.3416834419118802,1,1
safety,A6c_gate_off_control,1,1,motor_fault,50091,250,4.7686643167087759,1.0834127963054974,1,1
safety,A6c_gate_off_control,1,1,motor_fault,50092,250,4.5059579306574093,1.0237274333995883,1,1
safety,A6c_gate_off_control,1,1,motor_fault,50093,43,8.9126876236388348,2.02491078835014,1,1
safety,A6c_gate_off_control,1,1,motor_fault,50094,36,5.1694860895011159,1.1744771717448634,1,1
safety,A6c_gate_off_control,1,1,motor_fault,50095,250,3.6862810814987936,0.83750162083773316,1,1
safety,A6c_gate_off_control,1,1,motor_fault,50096,250,4.0495691516050645,0.9200385573377865,1,1
safety,A6c_gate_off_control,1,1,motor_fault,50097,250,3.7561706796529011,0.85338013103261068,1,1
safety,A6c_gate_off_control,1,1,motor_fault,50098,250,9.4526205787196993,2.1475804152794229,1,1
safety,A6c_gate_off_control,1,1,motor_fault,50099,250,5.601790915893587,1.2726943138442017,1,1
heldout,A4c,2,2,id_reference,40000,250,3.2436815542995605,0.56492692575528625,0.60162383779355866,0.35053385174676266
heldout,A4c,2,2,id_reference,40001,250,8.3340481050033333,1.4514766928385712,0.40352162202713143,0.28416838371928627
heldout,A4c,2,2,id_reference,40002,250,2.063735024543063,0.35942476580145616,0.63953323043956201,0.31365212413010241
heldout,A4c,2,2,id_reference,40003,250,10.116223747397495,1.7618644389720211,0.3857220791108959,0.31838714127816853
heldout,A4c,2,2,id_reference,40004,66,9.0582577331757577,1.5776066818640115,0.38699701680171716,0.29203155585520674
heldout,A4c,2,2,id_reference,40005,68,8.3197404109709279,1.448984832441961,0.39080866601318925,0.23838357369761573
heldout,A4c,2,2,id_reference,40006,110,7.6063930710886645,1.3247466441459401,0.41478569124067716,0.28986996724225272
heldout,A4c,2,2,id_reference,40007,250,6.9730112909990005,1.2144354388486214,0.43895953570653173,0.25221645163325218
heldout,A4c,2,2,id_reference,40008,50,6.6488020209392111,1.1579704181090031,0.49193022198679115,0.42667085338938604
heldout,A4c,2,2,id_reference,40009,37,6.7056179299613961,1.1678656055004257,0.48494313505040054,0.4322523554276626
heldout,A4c,2,2,id_reference,40010,250,2.1279382094484047,0.37060653789131998,0.69918661276657146,0.42694307827848837
heldout,A4c,2,2,id_reference,40011,36,7.5949575054437233,1.3227550001340591,0.45021268899312666,0.397222730163239
heldout,A4c,2,2,id_reference,40012,250,8.675682995794368,1.5109765991501198,0.39807501751718982,0.27304396935475983
heldout,A4c,2,2,id_reference,40013,250,2.0529847213814758,0.35755246865565199,0.68111020670012112,0.30220459229264951
heldout,A4c,2,2,id_reference,40014,50,6.0866385329852397,1.0600627518645329,0.50966782785432141,0.43246795553070111
heldout,A4c,2,2,id_reference,40015,250,9.0993409642773138,1.5847618304375612,0.39276966074241942,0.31353533279130963
heldout,A4c,2,2,id_reference,40016,56,5.6088143058847342,0.97684380230104084,0.52361783125039651,0.43688976739398755
heldout,A4c,2,2,id_reference,40017,67,7.015826160142618,1.2218921734253736,0.42396695257345052,0.24494923115272899
heldout,A4c,2,2,id_reference,40018,250,7.5634309210366837,1.3172642587926271,0.42368713357522642,0.22737703783837782
heldout,A4c,2,2,id_reference,40019,34,4.1401210759196356,0.72105286308815908,0.57619388445700603,0.42133932236033778
heldout,A4c,2,2,id_reference,40020,58,3.3107349039803133,0.57660508899746121,0.60065666083390412,0.35202613574937741
heldout,A4c,2,2,id_reference,40021,250,5.1800433439250266,0.90216808048982866,0.53321158411408975,0.44070388147424455
heldout,A4c,2,2,id_reference,40022,250,9.5632754162477234,1.6655617053069678,0.37801769939519042,0.24802725137107448
heldout,A4c,2,2,id_reference,40023,250,7.5119477815499227,1.3082978386210986,0.42881475553078952,0.23669931639329886
heldout,A4c,2,2,id_reference,40024,250,3.3794547627162244,0.58857349523097602,0.62941066143132152,0.46329005875171791
heldout,A4c,2,2,id_reference,40025,250,1.9180805483454186,0.33405725235003164,0.67523751339354843,0.303286806862747
heldout,A4c,2,2,id_reference,40026,250,6.9236524852388293,1.2058389974500863,0.45780960144993865,0.40742297702337016
heldout,A4c,2,2,id_reference,40027,250,8.0723669158169109,1.4059017042768487,0.40523833076668031,0.25600507104599585
heldout,A4c,2,2,id_reference,40028,62,3.2687487926208911,0.56929269275336702,0.62991634824292198,0.41477331998255801
heldout,A4c,2,2,id_reference,40029,72,11.319682203848007,1.9714614893284641,0.34723259963864916,0.17763463170292543
heldout,A4c,2,2,id_reference,40030,66,6.5731996150627126,1.1448033318779578,0.48236947919365608,0.32948597855057143
heldout,A4c,2,2,id_reference,40031,98,4.2985409273507944,0.7486436232011503,0.57069017707492653,0.29698050533218584
heldout,A4c,2,2,id_reference,40032,250,5.0142715664423561,0.87329689228513541,0.54099136617516252,0.41970511091740148
heldout,A4c,2,2,id_reference,40033,250,7.4371184789907687,1.2952653978147188,0.4421885013331307,0.41686406449193414
heldout,A4c,2,2,id_reference,40034,43,6.8521595786159271,1.193387630916201,0.4761238329857671,0.43163150679269302
heldout,A4c,2,2,id_reference,40035,250,3.9615110181854467,0.68994573091884903,0.58789668256975069,0.42415478794586209
heldout,A4c,2,2,id_reference,40036,250,9.4113005477099279,1.6390934180112195,0.38295914957371513,0.30557551065124311
heldout,A4c,2,2,id_reference,40037,250,3.9914987942708047,0.69516846991789893,0.58462577693133566,0.20820404119961858
heldout,A4c,2,2,id_reference,40038,250,3.8969065402932666,0.67869406873355298,0.58980697033644736,0.4209330305257637
heldout,A4c,2,2,id_reference,40039,250,5.2535657077118412,0.91497290187967562,0.52266107517991411,0.40926525664084551
heldout,A4c,2,2,id_reference,40040,35,5.3015372943977601,0.9233277420624787,0.5403449619139683,0.47607683295363967
heldout,A4c,2,2,id_reference,40041,250,10.162610035630788,1.7699431799859464,0.36333327521888281,0.23842587086285877
heldout,A4c,2,2,id_reference,40042,250,8.1815129527487702,1.4249108252617855,0.41857182276465765,0.37887443754729871
heldout,A4c,2,2,id_reference,40043,79,3.1722590061612346,0.55248781301442218,0.59853825236269287,0.37842120060672113
heldout,A4c,2,2,id_reference,40044,250,7.7739464477920084,1.3539281197058546,0.4393830053034144,0.37709630104918002
heldout,A4c,2,2,id_reference,40045,250,8.8052351984653328,1.5335397041758652,0.41296185277759284,0.3199014877422699
heldout,A4c,2,2,id_reference,40046,76,3.6699344295887832,0.63916409188902867,0.58637155172832267,0.25564106230623579
heldout,A4c,2,2,id_reference,40047,250,10.212548455253554,1.7786405682474951,0.38933888677887102,0.30229030017441749
heldout,A4c,2,2,id_reference,40048,40,5.6697761275073395,0.98746105122057526,0.50740389668885244,0.41450029243989983
heldout,A4c,2,2,id_reference,40049,250,8.595043524424554,1.4969322461848615,0.40377411092226967,0.3398368853552452
heldout,A4c,2,2,id_reference,40050,250,3.7900290432886536,0.66008004180011259,0.61064832492814225,0.57808578602465377
heldout,A4c,2,2,id_reference,40051,124,3.3667002988067098,0.58635214891030896,0.62879513328451941,0.42040466569095097
heldout,A4c,2,2,id_reference,40052,61,8.6974950131965816,1.5147754295005345,0.38908405800986023,0.18792625487111753
heldout,A4c,2,2,id_reference,40053,53,6.1481744721094573,1.0707799903884037,0.51205998284260534,0.45203257072673614
heldout,A4c,2,2,id_reference,40054,82,4.4214654602698609,0.77005243825262293,0.57512046719186849,0.37946988877566223
heldout,A4c,2,2,id_reference,40055,58,7.0855073338187911,1.2340280044460612,0.44244217475250119,0.34632911782452369
heldout,A4c,2,2,id_reference,40056,114,4.6509192201867844,0.81001462474440089,0.55839735769806853,0.45057265265082375
heldout,A4c,2,2,id_reference,40057,250,4.1715359213955825,0.72652414372428686,0.58097087948813086,0.27822052968283922
heldout,A4c,2,2,id_reference,40058,250,4.8346377422848681,0.84201145863692739,0.54933254731512515,0.42590787897916338
heldout,A4c,2,2,id_reference,40059,250,3.9108479621682375,0.68112213834169466,0.59522156279293237,0.47820113026941186
heldout,A4c,2,2,id_reference,40060,57,3.8761761500187921,0.67508361701336395,0.61073922576051731,0.41437169693655074
heldout,A4c,2,2,id_reference,40061,49,3.6999610412809623,0.64439359458531698,0.5750160638434576,0.30181742043286053
heldout,A4c,2,2,id_reference,40062,64,9.0943213402538863,1.5838876013492453,0.37671153675039826,0.29348827689568591
heldout,A4c,2,2,id_reference,40063,250,4.1417922611570468,0.72134392049399065,0.58464355351279951,0.56158740501982152
heldout,A4c,2,2,id_reference,40064,39,5.4818946354845108,0.95473918505770139,0.54216782296279897,0.46954599392994545
heldout,A4c,2,2,id_reference,40065,250,9.8332909474014727,1.7125882217412569,0.37582769053512866,0.21164172720428789
heldout,A4c,2,2,id_reference,40066,250,5.9177936551239529,1.0306563455379718,0.47196619397507827,0.28256230920437947
heldout,A4c,2,2,id_reference,40067,250,7.5981214177417886,1.3233060342654881,0.44558105059311698,0.43040616883611432
heldout,A4c,2,2,id_reference,40068,250,4.174557783004806,0.72705043798603197,0.57967724682474853,0.39167104604155989
heldout,A4c,2,2,id_reference,40069,250,2.7036344066590585,0.47087109142868255,0.60263291825489929,0.30838655350773597
heldout,A4c,2,2,id_reference,40070,250,5.1338946085069903,0.89413071221221574,0.53116681472240368,0.46466959315762119
heldout,A4c,2,2,id_reference,40071,250,5.0022894089633922,0.87121005260152518,0.53214703674818364,0.3848201549308029
heldout,A4c,2,2,id_reference,40072,250,5.3173818230820817,0.9260872610626748,0.52246145446836356,0.46102676539893117
heldout,A4c,2,2,id_reference,40073,250,7.7635322762698955,1.3521143640076487,0.42018836135207482,0.29063393247307012
heldout,A4c,2,2,id_reference,40074,250,8.4093523380681034,1.4645918486174272,0.41344773309728156,0.38394575588084584
heldout,A4c,2,2,id_reference,40075,250,6.7751550753762526,1.1799763522329285,0.45680725544418338,0.34936922546271515
heldout,A4c,2,2,id_reference,40076,42,7.5994021991217542,1.3235290980513241,0.47109408551867121,0.41145792596824837
heldout,A4c,2,2,id_reference,40077,250,3.0664384931369901,0.53405787280484984,0.65191312204831153,0.43652711851534615
heldout,A4c,2,2,id_reference,40078,61,7.1150879454488205,1.239179830761429,0.45333706720709221,0.30557951779029796
heldout,A4c,2,2,id_reference,40079,250,8.0629950763623306,1.4042694834921878,0.4226025043506329,0.37121542202800761
heldout,A4c,2,2,id_reference,40080,50,7.5430996939592472,1.3137233262388552,0.42948635158555476,0.36499248129210327
heldout,A4c,2,2,id_reference,40081,72,8.4818009657717308,1.4772096656992391,0.38506354036279755,0.20920532448158807
heldout,A4c,2,2,id_reference,40082,76,3.3872150387524007,0.58992504248083422,0.60301108438868223,0.27796461951711926
heldout,A4c,2,2,id_reference,40083,250,8.9844177473757973,1.5647465427050078,0.38805232155243147,0.28291739818908862
heldout,A4c,2,2,id_reference,40084,250,9.4749600304631585,1.6501804977029002,0.37734318873063638,0.28083065548094766
heldout,A4c,2,2,id_reference,40085,250,9.7736575694470673,1.7022023375796225,0.40088156606920128,0.31988724315558664
heldout,A4c,2,2,id_reference,40086,46,4.5002037800309669,0.78376568234799893,0.56530700680689361,0.48815520425599929
heldout,A4c,2,2,id_reference,40087,250,8.3641328932234771,1.4567163276907276,0.40732003004722805,0.29003612154265862
heldout,A4c,2,2,id_reference,40088,41,4.5404261665015717,0.79077090427098962,0.55398040821477568,0.45246878719089517
heldout,A4c,2,2,id_reference,40089,250,7.878367636412916,1.3721143504081654,0.42421954286763941,0.32026010444693775
heldout,A4c,2,2,id_reference,40090,77,6.6440526933381729,1.1571432644577753,0.47656340149518861,0.41959118302050885
heldout,A4c,2,2,id_reference,40091,250,9.1971008833379866,1.6017879193468831,0.39046896287517174,0.30476656529765606
heldout,A4c,2,2,id_reference,40092,250,4.6369265795432977,0.80757763475953459,0.56014091656152842,0.55260765449889149
heldout,A4c,2,2,id_reference,40093,250,3.0983708964997394,0.5396192924947032,0.6210420081822754,0.36988164633309362
heldout,A4c,2,2,id_reference,40094,60,6.9555052835341655,1.2113865529411101,0.47601631732180028,0.42386925310348716
heldout,A4c,2,2,id_reference,40095,72,4.0038047280184683,0.69731169920975122,0.57055190740711637,0.33863716067390032
heldout,A4c,2,2,id_reference,40096,250,2.8146777567936638,0.49021065277802611,0.64944660457706449,0.38053555655394961
heldout,A4c,2,2,id_reference,40097,94,11.404392557110032,1.9862148363037635,0.32710168105246973,0.22970635697332353
heldout,A4c,2,2,id_reference,40098,68,4.1308347500845075,0.71943553554913264,0.57958843045424158,0.31298073491564449
heldout,A4c,2,2,id_reference,40099,250,8.1225813519252181,1.4146471641946385,0.40570319970786806,0.21405339193736631
heldout,A6c,2,2,id_reference,40000,79,4.4987342202754581,0.78350974049273481,0.55490542225079365,0.41682437280040768
heldout,A6c,2,2,id_reference,40001,250,8.280440126490614,1.4421402058899671,0.43146712191374792,0.37447334941860183
heldout,A6c,2,2,id_reference,40002,250,1.9478446576813702,0.33924103704144665,0.68290358149891794,0.39448508821680822
heldout,A6c,2,2,id_reference,40003,86,3.5647243831402067,0.62084047192085334,0.58524133868091555,0.38163476578609939
heldout,A6c,2,2,id_reference,40004,63,8.6423022094388458,1.5051629257979613,0.43986782907142241,0.37123476314110637
heldout,A6c,2,2,id_reference,40005,113,7.7307734850710839,1.3464090187406716,0.46801350557053734,0.34117996386183341
heldout,A6c,2,2,id_reference,40006,77,7.4282850024833111,1.2937269395402082,0.47750320408754493,0.36443357910232704
heldout,A6c,2,2,id_reference,40007,250,6.9096513879102694,1.2034005346297951,0.4618609000711828,0.37739155104064542
heldout,A6c,2,2,id_reference,40008,51,6.0932937167402503,1.0612218337399011,0.51863858502576898,0.43456491906503886
heldout,A6c,2,2,id_reference,40009,42,4.7655764092372976,0.82998358046392628,0.55012102422067832,0.43234937413627794
heldout,A6c,2,2,id_reference,40010,250,2.3290601993149584,0.40563439914560789,0.66754044035776017,0.39890040544228467
heldout,A6c,2,2,id_reference,40011,45,6.1113826242153859,1.0643722388333525,0.51233599631700433,0.44621696462068544
heldout,A6c,2,2,id_reference,40012,250,9.0014032401515927,1.5677047745954193,0.41348307007192658,0.34675478913662977
heldout,A6c,2,2,id_reference,40013,90,5.303412360281401,0.92365430778340463,0.53433715786837876,0.40858192884302308
heldout,A6c,2,2,id_reference,40014,250,4.1527046722501879,0.72324445072429477,0.55738255907879453,0.43208740018639596
heldout,A6c,2,2,id_reference,40015,250,8.7953477741877499,1.5318176879707388,0.43927558898152541,0.35871646720619382
heldout,A6c,2,2,id_reference,40016,111,4.4720684867497713,0.77886557594960693,0.55595853060593947,0.46100047321704246
heldout,A6c,2,2,id_reference,40017,50,6.6741998272838927,1.1623937575826979,0.47494444536412717,0.40261979543773541
heldout,A6c,2,2,id_reference,40018,250,7.7610844882151122,1.351688051696301,0.43936250166283486,0.33547288346076526
heldout,A6c,2,2,id_reference,40019,250,3.3987199203297318,0.59192875871248629,0.61897550755043163,0.3966663369160679
heldout,A6c,2,2,id_reference,40020,71,3.2261144409181512,0.56186739750295234,0.61667379430033176,0.42255473003648658
heldout,A6c,2,2,id_reference,40021,250,5.0733231541149051,0.88358145053364867,0.53593384511692965,0.4944449883459941
heldout,A6c,2,2,id_reference,40022,250,8.6064731635122271,1.4989228580141063,0.44168498630290315,0.34596272761882035
heldout,A6c,2,2,id_reference,40023,250,7.466908743035324,1.3004537376694192,0.45403890483228804,0.38454493389920696
heldout,A6c,2,2,id_reference,40024,250,3.326445161970828,0.57934122310952896,0.63348881314710226,0.49848361034706545
heldout,A6c,2,2,id_reference,40025,92,6.4210844882451115,1.1183106168825427,0.50835451341257543,0.39908706910854647
heldout,A6c,2,2,id_reference,40026,250,7.0790143449885639,1.2328971708061307,0.45985412317439656,0.43126955101781084
heldout,A6c,2,2,id_reference,40027,96,8.5301941928685956,1.4856379397309396,0.44942461511984549,0.34517437222025421
heldout,A6c,2,2,id_reference,40028,72,3.3564713720007662,0.58457065585141177,0.62166096313555919,0.38530624202952807
heldout,A6c,2,2,id_reference,40029,52,4.6214124041437614,0.80487565083559764,0.52070363373703876,0.29819030399239871
heldout,A6c,2,2,id_reference,40030,71,3.7867466251021265,0.65950836841475813,0.57336645851572399,0.35869164922135782
heldout,A6c,2,2,id_reference,40031,69,5.2041440358974498,0.90636551158675893,0.5427223449995896,0.3942752676789506
heldout,A6c,2,2,id_reference,40032,250,5.0012013525212211,0.87102055422733704,0.53882816665598121,0.46839834304421901
heldout,A6c,2,2,id_reference,40033,54,5.678740257484975,0.9890222643993547,0.5145096549586653,0.4512206076121747
heldout,A6c,2,2,id_reference,40034,52,5.3107883177988828,0.92493892124964616,0.54080788899175314,0.43273351806750587
heldout,A6c,2,2,id_reference,40035,250,4.0312757236827661,0.70209611003068939,0.5850303705317963,0.41719099860719971
heldout,A6c,2,2,id_reference,40036,250,8.2593463122829718,1.4384664594344985,0.45335267239830623,0.33398208599689405
heldout,A6c,2,2,id_reference,40037,250,10.889833497972074,1.896598065195938,0.36090790185277094,0.26446586305950376
heldout,A6c,2,2,id_reference,40038,250,3.9986376431248845,0.69641178800232095,0.58954212724441457,0.42401921581867885
heldout,A6c,2,2,id_reference,40039,250,5.2005993919515738,0.90574816836926997,0.54580329858979193,0.47257521332905805
heldout,A6c,2,2,id_reference,40040,39,5.0659038932988159,0.88228929526684874,0.55200595905328842,0.47242609480386766
heldout,A6c,2,2,id_reference,40041,250,3.9302368560749885,0.68449895201627309,0.60742210682198561,0.50718305386400109
heldout,A6c,2,2,id_reference,40042,250,8.0893067232042917,1.4088519794965459,0.43843187211191026,0.40610634118756
heldout,A6c,2,2,id_reference,40043,75,4.3373961575489384,0.75541073809140691,0.56784061395764984,0.47425317329473687
heldout,A6c,2,2,id_reference,40044,250,3.0844786188615503,0.53719978195814078,0.64104632829039765,0.38687790043714837
heldout,A6c,2,2,id_reference,40045,72,3.5476717768836568,0.61787055139463565,0.60091811507441528,0.399721477903342
heldout,A6c,2,2,id_reference,40046,250,8.6485232274109407,1.5062463923772824,0.42684776030157751,0.36104726681045246
heldout,A6c,2,2,id_reference,40047,84,5.2694391927070097,0.91773746397654876,0.53057566596397221,0.36555523529664868
heldout,A6c,2,2,id_reference,40048,51,5.7032307072151927,0.99328757659010203,0.51793963400360321,0.44337431268232741
heldout,A6c,2,2,id_reference,40049,250,8.427915120988331,1.4678247849316244,0.44430259486263834,0.37903838713225829
heldout,A6c,2,2,id_reference,40050,250,3.8325922610124108,0.66749294819564409,0.61349379734435394,0.51720122782861566
heldout,A6c,2,2,id_reference,40051,250,2.8379751427676734,0.49426817828295305,0.63845034571873516,0.41233158600327202
heldout,A6c,2,2,id_reference,40052,102,7.9654052100324773,1.3872730113515994,0.46505401070006924,0.34144160865613254
heldout,A6c,2,2,id_reference,40053,62,5.3136816183135007,0.92544282501999098,0.53539937589380882,0.46049523727065372
heldout,A6c,2,2,id_reference,40054,250,7.3507485307476799,1.2802230120188827,0.46465672232486749,0.39664068990617735
heldout,A6c,2,2,id_reference,40055,78,6.6640706590620429,1.1606296387047388,0.47026334494986682,0.38760436495599043
heldout,A6c,2,2,id_reference,40056,250,4.7358147217088344,0.82480021755998834,0.55126597825589352,0.51249155287473569
heldout,A6c,2,2,id_reference,40057,77,5.2239310338383733,0.90981165996155089,0.52486570111247322,0.29096634614262634
heldout,A6c,2,2,id_reference,40058,250,5.3991958845855326,0.94033618330580759,0.55338999404467082,0.38990657088302744
heldout,A6c,2,2,id_reference,40059,64,3.9985008835585845,0.69638796964652239,0.6003047711006626,0.52412670598188693
heldout,A6c,2,2,id_reference,40060,250,4.088054705206182,0.71198486604529332,0.58856839327074228,0.44249699224130568
heldout,A6c,2,2,id_reference,40061,54,3.7073768526653001,0.64568514909127084,0.58709324542979202,0.36681203735447615
heldout,A6c,2,2,id_reference,40062,77,6.9633384805048557,1.2127508002660738,0.45924356695045326,0.3483273755638841
heldout,A6c,2,2,id_reference,40063,250,4.2353536998551622,0.737638792554692,0.57875770082550981,0.5633262514493923
heldout,A6c,2,2,id_reference,40064,50,5.8135903592683347,1.0125080635331452,0.53504119634999281,0.46811068685741353
heldout,A6c,2,2,id_reference,40065,250,7.6747682291452026,1.3366550165284605,0.44755573122006292,0.33433443808231555
heldout,A6c,2,2,id_reference,40066,79,6.0964672063755714,1.0617745358820769,0.4784864859248304,0.39678508932925188
heldout,A6c,2,2,id_reference,40067,57,5.3666752076622233,0.9346723085603309,0.51450425232878816,0.43706129034747165
heldout,A6c,2,2,id_reference,40068,250,4.3609553807360779,0.75951386575837898,0.56844412994381732,0.38708824228748967
heldout,A6c,2,2,id_reference,40069,250,2.9358971285921776,0.51132249310691091,0.59548561157964575,0.3544274288739368
heldout,A6c,2,2,id_reference,40070,250,5.1262498575244217,0.89279928506733386,0.53394749771966676,0.49030539184867439
heldout,A6c,2,2,id_reference,40071,250,5.0239643170512815,0.87498500368323329,0.53933176266932559,0.44733912285633159
heldout,A6c,2,2,id_reference,40072,250,5.2258592388663443,0.91014748051620231,0.52841316914250225,0.45918801414588534
heldout,A6c,2,2,id_reference,40073,250,7.5898937663927768,1.3218730878726395,0.45766108083730583,0.41101340890310079
heldout,A6c,2,2,id_reference,40074,84,6.9742792120618091,1.2146562628524955,0.49162398285300912,0.39139752622631951
heldout,A6c,2,2,id_reference,40075,250,6.6485104752237945,1.1579196418469162,0.49432329815028275,0.44993510459457137
heldout,A6c,2,2,id_reference,40076,48,6.684261855419301,1.1641461831911442,0.47920206253943731,0.43385816590692033
heldout,A6c,2,2,id_reference,40077,250,2.8576213978990794,0.49768981457128653,0.6460310582580332,0.39215190492573909
heldout,A6c,2,2,id_reference,40078,250,3.7759875639362486,0.65763454595509163,0.60100117157198796,0.39312258388780968
heldout,A6c,2,2,id_reference,40079,250,7.962224583727707,1.386719066270909,0.45179401604988945,0.40785753324989188
heldout,A6c,2,2,id_reference,40080,46,7.4314267689320914,1.29427411670037,0.47371112403803706,0.41172012775419625
heldout,A6c,2,2,id_reference,40081,250,7.9118906165410881,1.3779527885498075,0.43609904864037419,0.31523467066754618
heldout,A6c,2,2,id_reference,40082,76,6.0502060661010688,1.0537175909200884,0.46772564740994721,0.24162546539105578
heldout,A6c,2,2,id_reference,40083,250,8.7586579709579073,1.5254277087455195,0.41681346702387245,0.32522419623953314
heldout,A6c,2,2,id_reference,40084,250,9.0484633772409886,1.57590087465225,0.4197877907065366,0.32354375315753514
heldout,A6c,2,2,id_reference,40085,250,2.0374492579981824,0.35484677716825103,0.6971432023613181,0.40265180829878799
heldout,A6c,2,2,id_reference,40086,96,5.1977355047724396,0.90524938729204807,0.55951479485576616,0.49523527104921405
heldout,A6c,2,2,id_reference,40087,250,8.7460978650144199,1.5232402122483959,0.41658417427433808,0.35970841690302513
heldout,A6c,2,2,id_reference,40088,43,4.1629914139029554,0.72503601294785336,0.56246686921370492,0.45787452853061095
heldout,A6c,2,2,id_reference,40089,250,7.7224063880876619,1.3449517861803189,0.44529235229769631,0.40674870537611507
heldout,A6c,2,2,id_reference,40090,68,3.2187460374552774,0.56058409966796963,0.60242144235745076,0.34560601487245368
heldout,A6c,2,2,id_reference,40091,68,3.4537154939298444,0.60150691236412268,0.58900878650678157,0.38313127971820216
heldout,A6c,2,2,id_reference,40092,250,4.7194146217115058,0.8219439390016664,0.55711601122895671,0.54871569353094662
heldout,A6c,2,2,id_reference,40093,92,4.7588211362954072,0.82880706682909011,0.55354155289213502,0.40461741644254207
heldout,A6c,2,2,id_reference,40094,140,6.1140277631202729,1.0648329222157125,0.50014616796287714,0.43389291192315443
heldout,A6c,2,2,id_reference,40095,72,3.7404605933201962,0.65144708829146203,0.58578735526521852,0.45545198966524442
heldout,A6c,2,2,id_reference,40096,250,3.0559045593354295,0.53222325903681911,0.64329500880340562,0.43563630249307528
heldout,A6c,2,2,id_reference,40097,71,11.245346518505777,1.958515018014523,0.38524404644990101,0.28869315023313891
heldout,A6c,2,2,id_reference,40098,250,5.194482269430436,0.90468279645698901,0.5352344289208083,0.42137287140136814
heldout,A6c,2,2,id_reference,40099,250,7.6430949783012325,1.3311387314282039,0.44686823662637187,0.32674946460555637
safety,A4c,2,2,id_reference,50000,250,4.0367778690327665,0.70305437612605082,0.58738475098718035,0.41811662356962909
safety,A4c,2,2,id_reference,50001,250,3.0590201578671534,0.53276587873328141,0.60815822560468968,0.36943251497734236
safety,A4c,2,2,id_reference,50002,56,4.0738893854848044,0.70951780188113978,0.58861556514410496,0.4299024613675364
safety,A4c,2,2,id_reference,50003,250,9.7063989696157158,1.6904884275063707,0.37324985648549053,0.25987611419715184
safety,A4c,2,2,id_reference,50004,250,7.3858843769226574,1.2863423505640399,0.43739911965750261,0.35367627147784292
safety,A4c,2,2,id_reference,50005,70,6.0853374534987843,1.0598361529144995,0.5071159928572494,0.32247362542069924
safety,A4c,2,2,id_reference,50006,250,6.6046324243242882,1.1502777411276748,0.46960357495633542,0.43413393541573236
safety,A4c,2,2,id_reference,50007,250,9.6788502664755871,1.6856904829754507,0.38203516909306828,0.23290059687937653
safety,A4c,2,2,id_reference,50008,250,8.915445901305004,1.5527342497865515,0.41962522413976738,0.33703656059952863
safety,A4c,2,2,id_reference,50009,250,8.2544531579476015,1.437614256593482,0.40392509226713025,0.26576393249870084
safety,A4c,2,2,id_reference,50010,54,8.1921483346287047,1.4267631074569043,0.40393022356140029,0.30805181827891165
safety,A4c,2,2,id_reference,50011,250,5.1363766573776548,0.89456299146485085,0.53966247367579279,0.40439312381579223
safety,A4c,2,2,id_reference,50012,53,6.9080932756361388,1.2031291702673348,0.44952922861426386,0.29032272993961827
safety,A4c,2,2,id_reference,50013,250,8.7124320473229275,1.5173768971932287,0.39740465577514983,0.30539510838086131
safety,A4c,2,2,id_reference,50014,250,2.3077683995298677,0.4019261710735752,0.62180892696146672,0.26256201712676169
safety,A4c,2,2,id_reference,50015,250,6.6105606518857583,1.1513102146659726,0.44541491522192567,0.24575591029947169
safety,A4c,2,2,id_reference,50016,250,7.8573210808974041,1.3684488346335493,0.42097094142058711,0.33243147447579119
safety,A4c,2,2,id_reference,50017,250,8.1817701440209341,1.4249556182762297,0.43879779695174148,0.35353492762685296
safety,A4c,2,2,id_reference,50018,68,3.49539370670723,0.60876568429384359,0.61661826803934183,0.26574863061748016
safety,A4c,2,2,id_reference,50019,250,8.75744116079942,1.5252157863324975,0.38959706965979102,0.21545986775944365
safety,A4c,2,2,id_reference,50020,39,5.1910872030647308,0.90409150400962446,0.53458293437882876,0.43331263632195177
safety,A4c,2,2,id_reference,50021,250,4.0116355221350242,0.69867552804819699,0.58933570641441024,0.51678294914395695
safety,A4c,2,2,id_reference,50022,66,7.7874904480758254,1.3562869734696044,0.39525302682624447,0.23597801703798393
safety,A4c,2,2,id_reference,50023,250,3.7824307973363815,0.65875671407663117,0.59496540088976324,0.36660070920613486
safety,A4c,2,2,id_reference,50024,250,3.6108090391646135,0.62886667998614532,0.61946342065393467,0.53574966151214021
safety,A4c,2,2,id_reference,50025,112,5.7475342344884952,1.0010035792382186,0.51178843987674816,0.31005234029572964
safety,A4c,2,2,id_reference,50026,250,2.5894450969050764,0.45098362262708952,0.6623052728818013,0.41429549595642712
safety,A4c,2,2,id_reference,50027,250,3.1098980969371137,0.54162689582956791,0.63616108190467757,0.32932879316975883
safety,A4c,2,2,id_reference,50028,86,7.3197266031664192,1.2748201628531701,0.40459452544321367,0.22125243854506535
safety,A4c,2,2,id_reference,50029,69,9.3491248464592172,1.6282647570664714,0.36647200673420954,0.25091990023277078
safety,A4c,2,2,id_reference,50030,75,3.9990010419251854,0.69647507836040345,0.57201797507025043,0.35779409743379709
safety,A4c,2,2,id_reference,50031,70,4.0718935991731584,0.70917021121706603,0.57379095700075478,0.34332234677281126
safety,A4c,2,2,id_reference,50032,62,7.7477593097084068,1.3493673084288385,0.39918113238095809,0.21620335439949828
safety,A4c,2,2,id_reference,50033,250,4.1474336029824066,0.72232642936275149,0.58205663236748983,0.52568841185809223
safety,A4c,2,2,id_reference,50034,47,5.1239839376662699,0.89240464733300484,0.55635952110279974,0.46917886411162324
safety,A4c,2,2,id_reference,50035,250,3.1555944161497953,0.54958547027622839,0.63484414870663441,0.43430405686359014
safety,A4c,2,2,id_reference,50036,52,6.5570722390843041,1.1419945515524337,0.49461070241467309,0.42985375157573513
safety,A4c,2,2,id_reference,50037,250,7.5218080523712443,1.3100151257187855,0.43310285905035539,0.37560766848423965
safety,A4c,2,2,id_reference,50038,250,2.1031712568327907,0.36629306933183098,0.62817337889221225,0.24199937768539023
safety,A4c,2,2,id_reference,50039,58,5.1794464031943459,0.90206411594022773,0.52191509854095219,0.4559083278661849
safety,A4c,2,2,id_reference,50040,250,2.7073802392588417,0.47152347411778606,0.65751560387247332,0.32578545581541296
safety,A4c,2,2,id_reference,50041,58,7.2027463623175247,1.2544466191712136,0.44113495502646805,0.35922055978797457
safety,A4c,2,2,id_reference,50042,250,3.0555680243942653,0.53216464734928492,0.64676120466311338,0.37157092111566903
safety,A4c,2,2,id_reference,50043,32,4.7313513821321553,0.82402287223078574,0.56336517356868598,0.51666256032227542
safety,A4c,2,2,id_reference,50044,250,6.4172207187511017,1.1176376940368384,0.45901686719605778,0.32144317576249948
safety,A4c,2,2,id_reference,50045,72,9.0001836532742807,1.5674923685827582,0.37683399776294851,0.19568485132952199
safety,A4c,2,2,id_reference,50046,61,7.9303886858574462,1.3811744541961921,0.39951918133418513,0.26026619407541329
safety,A4c,2,2,id_reference,50047,250,5.2589585906359053,0.91591213858347942,0.52356354131940996,0.50049592298444767
safety,A4c,2,2,id_reference,50048,250,2.6497585287065775,0.46148794650691338,0.65572439008170502,0.35461155851337489
safety,A4c,2,2,id_reference,50049,61,7.9009779660181927,1.3760522166198752,0.38510444460684895,0.17682250743462122
safety,A4c,2,2,id_reference,50050,250,9.6947819963481656,1.6884651891320861,0.40034800110832769,0.30089274547323558
safety,A4c,2,2,id_reference,50051,250,8.3542575370470473,1.4549964132934299,0.43197250566950646,0.39113292180582138
safety,A4c,2,2,id_reference,50052,65,3.1523821135950127,0.54902600838809579,0.61299837880348584,0.25098103431090796
safety,A4c,2,2,id_reference,50053,250,7.0636463805356069,1.2302206513117873,0.44839490179822883,0.35031644307671322
safety,A4c,2,2,id_reference,50054,112,5.3254054089428751,0.92748466694792997,0.53946182022643907,0.29936262750710996
safety,A4c,2,2,id_reference,50055,250,8.2619538564144239,1.4389205952259729,0.40725804035953533,0.22732155355282604
safety,A4c,2,2,id_reference,50056,33,4.4274281446399577,0.77109091286674869,0.5964036814012984,0.5285737319827305
safety,A4c,2,2,id_reference,50057,250,5.5488365574828293,0.96639794180234317,0.50186916318339847,0.36137516273028414
safety,A4c,2,2,id_reference,50058,78,8.4896148004628955,1.4785705408457492,0.37420744786338572,0.20289902011850272
safety,A4c,2,2,id_reference,50059,103,3.3030276348888328,0.57526277355714073,0.63147925371334745,0.4346302560798937
safety,A4c,2,2,id_reference,50060,250,7.6905707824047465,1.339407224993612,0.4084498452738235,0.16645053288514408
safety,A4c,2,2,id_reference,50061,250,4.3383252402291497,0.75557254923517003,0.5789495272109686,0.4238758447158999
safety,A4c,2,2,id_reference,50062,250,9.1587147201981942,1.5951024982378474,0.40183742607317413,0.30093342185015465
safety,A4c,2,2,id_reference,50063,250,4.2141901681314256,0.73395290393872492,0.58084047616571499,0.56367744102043738
safety,A4c,2,2,id_reference,50064,250,7.484546788590313,1.3035256196297502,0.44458208414334704,0.41829572543388299
safety,A4c,2,2,id_reference,50065,43,4.4274937931924869,0.77110234636733732,0.56690597426289446,0.44684394783275633
safety,A4c,2,2,id_reference,50066,250,8.2640691251692946,1.4392889952229613,0.40370028315526546,0.24891677614220281
safety,A4c,2,2,id_reference,50067,54,5.1272266004931799,0.89296939683489074,0.55994709766351458,0.47126464780076183
safety,A4c,2,2,id_reference,50068,250,4.807149693722943,0.83722407784471709,0.55178310330951785,0.47812310009584363
safety,A4c,2,2,id_reference,50069,70,6.7140751431110122,1.169338532896377,0.42660101338527023,0.30097722293215434
safety,A4c,2,2,id_reference,50070,250,3.9579685348654428,0.6893287640008553,0.58853979976482307,0.50874081051223785
safety,A4c,2,2,id_reference,50071,37,6.6924786931223386,1.1655772462549194,0.48720964531232691,0.44571931872907161
safety,A4c,2,2,id_reference,50072,250,5.4630133825626892,0.95145078328675869,0.52604959132156359,0.3266860247596301
safety,A4c,2,2,id_reference,50073,250,2.4758183646576701,0.43119413359816183,0.61014327295797754,0.24015483560359507
safety,A4c,2,2,id_reference,50074,151,3.3146774810946873,0.57729173715681092,0.63332325734579342,0.57408492961151802
safety,A4c,2,2,id_reference,50075,250,4.794028039054167,0.8349387807498071,0.5484357492663896,0.39143746713333388
safety,A4c,2,2,id_reference,50076,250,6.0171181662953366,1.0479549273527682,0.50841419855402614,0.36915479935251377
safety,A4c,2,2,id_reference,50077,250,3.4792823190888047,0.60595968853730453,0.59558321290378557,0.35883871862118999
safety,A4c,2,2,id_reference,50078,250,6.6247347784715735,1.1537788126535824,0.4768334596677572,0.43324111814410432
safety,A4c,2,2,id_reference,50079,250,5.0409706998589119,0.8779468738289008,0.55127145842043646,0.25136610082032412
safety,A4c,2,2,id_reference,50080,250,3.3451991475185201,0.5826074597063593,0.57427276317607678,0.26294538552850399
safety,A4c,2,2,id_reference,50081,250,2.7678361318492124,0.48205260929124327,0.65696680177164402,0.32583541723950649
safety,A4c,2,2,id_reference,50082,49,5.7644802950469272,1.0039549435243484,0.50374301149637846,0.40095095177149653
safety,A4c,2,2,id_reference,50083,65,4.0750035061831387,0.70971183966521134,0.57359418440156096,0.30580251014113796
safety,A4c,2,2,id_reference,50084,38,5.6752921177786524,0.98842172857878829,0.50484295434714033,0.45086782441828183
safety,A4c,2,2,id_reference,50085,250,5.0861937199010736,0.88582301742010017,0.52727369443555261,0.30718038079849624
safety,A4c,2,2,id_reference,50086,80,10.498044919750807,1.8283632790939561,0.34730471273118518,0.2440818457201592
safety,A4c,2,2,id_reference,50087,250,4.8842433661775146,0.85065088644040576,0.53859295664445972,0.45738694691274057
safety,A4c,2,2,id_reference,50088,99,6.4046759067026882,1.1154528611591181,0.49576250098887864,0.29947679016483769
safety,A4c,2,2,id_reference,50089,67,3.2732957710193173,0.57008460480918943,0.60267611616622119,0.34683773805027568
safety,A4c,2,2,id_reference,50090,250,8.8861425131751304,1.5476307053438239,0.38990062019184568,0.28173515512800668
safety,A4c,2,2,id_reference,50091,116,5.0469120053795802,0.87898162505419142,0.54925848122280674,0.36709894880617439
safety,A4c,2,2,id_reference,50092,250,5.0742579642326664,0.88374425918090682,0.52779107605948028,0.38909927251256377
safety,A4c,2,2,id_reference,50093,250,5.2863229327588819,0.9206779743821133,0.52822276113164823,0.35136700642394414
safety,A4c,2,2,id_reference,50094,33,5.135560163136196,0.89442078897857014,0.55089400567649693,0.46511925839967505
safety,A4c,2,2,id_reference,50095,52,6.2535787109065524,1.089137431335802,0.49488485950525435,0.42909181035142652
safety,A4c,2,2,id_reference,50096,250,8.0589351211218023,1.4035623924925504,0.4158154384875522,0.30873124403914576
safety,A4c,2,2,id_reference,50097,250,5.0696613570304354,0.88294370366021502,0.56019445651664157,0.3871320831263747
safety,A4c,2,2,id_reference,50098,67,11.936355719169768,2.078862745393089,0.33504846246165948,0.24584978989939574
safety,A4c,2,2,id_reference,50099,250,1.9422181640793093,0.33826111417288368,0.69086135451432984,0.35356059157046599
safety,A6c,2,2,id_reference,50000,250,3.5230928431103585,0.61358982862254752,0.61253610039633799,0.41133304011932853
safety,A6c,2,2,id_reference,50001,250,3.2057592263685351,0.55832228723669897,0.58886714659272055,0.36968363660898013
safety,A6c,2,2,id_reference,50002,61,4.2647544622435998,0.74275929591882328,0.58676445411394429,0.39818588501320085
safety,A6c,2,2,id_reference,50003,250,9.7117746437561543,1.6914246670894442,0.39805236751484574,0.33297531569161637
safety,A6c,2,2,id_reference,50004,108,6.5885351678861515,1.1474742064894989,0.50211028284966741,0.42218961378925041
safety,A6c,2,2,id_reference,50005,73,3.1962308619277686,0.55666280570594784,0.58617974463782807,0.38544907096594677
safety,A6c,2,2,id_reference,50006,250,7.0905028370374605,1.2348980326003918,0.46130126980104691,0.43606860986255386
safety,A6c,2,2,id_reference,50007,250,8.5049231715438758,1.481236681423463,0.41850987451202626,0.31476333886319574
safety,A6c,2,2,id_reference,50008,96,2.8363596092875252,0.49398681331320587,0.63964422955818079,0.40177372813685858
safety,A6c,2,2,id_reference,50009,250,8.4027464346077867,1.4634413495097924,0.4378648759963738,0.32917510995768251
safety,A6c,2,2,id_reference,50010,61,7.0220273267873408,1.2229721826525606,0.47864505360759835,0.36565137759928923
safety,A6c,2,2,id_reference,50011,250,4.8719675627980985,0.84851290472172647,0.54527083412454569,0.39411295306535166
safety,A6c,2,2,id_reference,50012,48,5.546991753357986,0.96607664653786596,0.52293108461588977,0.46223293667379545
safety,A6c,2,2,id_reference,50013,250,9.0173949088116512,1.570489919827031,0.42555135618362028,0.33741438077544944
safety,A6c,2,2,id_reference,50014,250,2.1930345035293239,0.38194385589790736,0.66594153672729683,0.38762719462034761
safety,A6c,2,2,id_reference,50015,250,6.5282202965177936,1.1369696318914508,0.47752318824569273,0.40292012133044047
safety,A6c,2,2,id_reference,50016,250,7.8405173272893576,1.365522254848194,0.44962689255222893,0.39090546968806628
safety,A6c,2,2,id_reference,50017,76,3.1900824308872027,0.55559198103101604,0.62446562259005201,0.41155389274225079
safety,A6c,2,2,id_reference,50018,49,4.1176901259426995,0.71714623803877819,0.53709185194109044,0.30692879083241459
safety,A6c,2,2,id_reference,50019,250,8.6620362371516144,1.5085998487578514,0.44055106463205301,0.34296664179713054
safety,A6c,2,2,id_reference,50020,250,4.4302366676305187,0.77158005159150034,0.55976222546987442,0.41623673863730559
safety,A6c,2,2,id_reference,50021,48,3.7317821204225012,0.64993562579667841,0.61538588611424583,0.54205149669102615
safety,A6c,2,2,id_reference,50022,100,7.2347932173630163,1.2600279720253422,0.463506286877166,0.37252683236919071
safety,A6c,2,2,id_reference,50023,250,3.6391839320491881,0.63380851559410467,0.58948185740658177,0.41720190277996433
safety,A6c,2,2,id_reference,50024,52,4.0117154500068324,0.69868944846737102,0.6204517239194447,0.50844532986788027
safety,A6c,2,2,id_reference,50025,81,5.0994562465043352,0.88813284909016565,0.53529384723994833,0.38348304701980118
safety,A6c,2,2,id_reference,50026,250,4.3828949460180917,0.76333491013640886,0.5795991542975284,0.39749397848069384
safety,A6c,2,2,id_reference,50027,250,3.0685787516305698,0.53443062507132832,0.63744910011151479,0.39420417812697561
safety,A6c,2,2,id_reference,50028,61,7.2179579578800412,1.2570959051054553,0.459595766754754,0.37181277619055031
safety,A6c,2,2,id_reference,50029,250,7.7631616128075747,1.352049808419576,0.43631607481586693,0.34658257779556501
safety,A6c,2,2,id_reference,50030,80,4.849644385887002,0.84462504967357566,0.54981016803689564,0.43656800762765841
safety,A6c,2,2,id_reference,50031,76,4.9321931327580231,0.85900192638423267,0.54493809613813005,0.34830133581954803
safety,A6c,2,2,id_reference,50032,83,7.2149207707480878,1.2565669417159624,0.47809730272614054,0.34670439226096683
safety,A6c,2,2,id_reference,50033,32,3.4664785826577815,0.60372976080269958,0.6197235772489158,0.54119023547109735
safety,A6c,2,2,id_reference,50034,55,4.4682566832624886,0.77820170362132635,0.56800498861737625,0.45598260430816923
safety,A6c,2,2,id_reference,50035,250,3.331210836264475,0.58017122373776331,0.61714782634436272,0.39241567615474715
safety,A6c,2,2,id_reference,50036,250,5.6344315027854917,0.9813053513308555,0.50094954356744681,0.43257939993819866
safety,A6c,2,2,id_reference,50037,61,5.705924645491657,0.99375675898153637,0.52590919608140707,0.45623450469938265
safety,A6c,2,2,id_reference,50038,250,2.2191163993082759,0.38648633793679382,0.6405933324468156,0.36117828418970932
safety,A6c,2,2,id_reference,50039,69,4.9751695734102528,0.86648680062085037,0.53196500077080855,0.44874209358980477
safety,A6c,2,2,id_reference,50040,250,2.963313842372985,0.51609745007208341,0.64660506071749391,0.43487265885046678
safety,A6c,2,2,id_reference,50041,56,6.8639908161124588,1.1954481860338688,0.47012281810764139,0.4046340167912128
safety,A6c,2,2,id_reference,50042,250,3.2177474547157505,0.56041018423647315,0.63628919765286351,0.38524467851008071
safety,A6c,2,2,id_reference,50043,34,4.1883149625966691,0.72944641954087763,0.57687466630518935,0.49379655021943386
safety,A6c,2,2,id_reference,50044,80,6.238786336981951,1.0865611579914685,0.4972667831258118,0.44908936345023792
safety,A6c,2,2,id_reference,50045,250,8.7033109240063258,1.5157883416989779,0.44414388053349418,0.36028368929777621
safety,A6c,2,2,id_reference,50046,250,7.6967740289296271,1.3404875964574376,0.43585831229035787,0.36936773050502236
safety,A6c,2,2,id_reference,50047,250,5.2593869805730602,0.91598674794514767,0.52258793324681008,0.47548934301953044
safety,A6c,2,2,id_reference,50048,68,3.5495496338438812,0.61819760321578054,0.59759150120486293,0.38548593829647393
safety,A6c,2,2,id_reference,50049,70,7.4760458670711678,1.3020450798851715,0.45588031961625008,0.3552289221699827
safety,A6c,2,2,id_reference,50050,89,4.8331899096019697,0.84175930081783634,0.5347510233524998,0.39031615151259946
safety,A6c,2,2,id_reference,50051,250,4.9619741785446232,0.86418866076625023,0.52413413657732644,0.40371979520741463
safety,A6c,2,2,id_reference,50052,250,8.1043384825581342,1.4114699447493939,0.42994623740015575,0.35955206668816808
safety,A6c,2,2,id_reference,50053,57,6.2872446078806261,1.0950007601990031,0.50936533909120785,0.43193347264219339
safety,A6c,2,2,id_reference,50054,84,4.8924256518700258,0.85207593184777464,0.54065300424755969,0.41175939028706704
safety,A6c,2,2,id_reference,50055,250,8.2473783481636289,1.436382091698545,0.44069257656802041,0.35977547997530884
safety,A6c,2,2,id_reference,50056,45,4.2721328601996218,0.74404433441736806,0.60140452361264918,0.53441755292042248
safety,A6c,2,2,id_reference,50057,250,5.360614066001725,0.93361668640152373,0.5133951156645804,0.42431494779650664
safety,A6c,2,2,id_reference,50058,86,7.7964286755870429,1.3578436754161689,0.44560411945091755,0.33244394536899857
safety,A6c,2,2,id_reference,50059,250,2.8064743456478016,0.48878192811385685,0.65095629454283221,0.392659631746335
safety,A6c,2,2,id_reference,50060,69,8.2839925828330827,1.44275890973214,0.43703584305849924,0.33716633231092019
safety,A6c,2,2,id_reference,50061,250,4.5579704546265223,0.79382645722496437,0.56392793521721951,0.46144408952836247
safety,A6c,2,2,id_reference,50062,71,4.3387311493153389,0.7556432432809197,0.55795256808195393,0.37302110451319459
safety,A6c,2,2,id_reference,50063,250,4.1658917178720429,0.72554113645568985,0.58399924462401143,0.56703561547500525
safety,A6c,2,2,id_reference,50064,250,7.4598786295490864,1.2992293571829232,0.44909159139300081,0.43406064785845178
safety,A6c,2,2,id_reference,50065,43,4.1418372694220729,0.72135175923536188,0.57635231263751063,0.4785775386094977
safety,A6c,2,2,id_reference,50066,250,8.3978544111097051,1.4625893436179591,0.43608935645021324,0.33095191090346854
safety,A6c,2,2,id_reference,50067,250,3.8986872158144243,0.67900419521517441,0.58825223054041209,0.46846856041651652
safety,A6c,2,2,id_reference,50068,39,3.5970428491651534,0.62646912915830599,0.60710499377552363,0.48388119665138629
safety,A6c,2,2,id_reference,50069,60,6.361393085604913,1.1079146270102169,0.47375363584935226,0.41058569040414772
safety,A6c,2,2,id_reference,50070,250,3.7544345522661429,0.65388082462957453,0.60284465654469344,0.56407393463093991
safety,A6c,2,2,id_reference,50071,45,5.8179367488066855,1.0132650405788053,0.50853609211455197,0.45696108563519566
safety,A6c,2,2,id_reference,50072,250,7.3171147925036362,1.2743652839929365,0.4507624533619356,0.38375164406901346
safety,A6c,2,2,id_reference,50073,250,2.6413785818597555,0.46002847598524865,0.61030410615375419,0.36451644679054401
safety,A6c,2,2,id_reference,50074,59,3.580152083149382,0.62352739509495647,0.62698691610208823,0.51907394825043285
safety,A6c,2,2,id_reference,50075,250,4.8161970030121157,0.83879977772077763,0.54735857632957441,0.39620596469954728
safety,A6c,2,2,id_reference,50076,250,8.9862742616224889,1.5650698774308271,0.43306257443726992,0.35669174258777087
safety,A6c,2,2,id_reference,50077,250,3.0369383432025971,0.52892005988062296,0.64222536638381089,0.42642479030278552
safety,A6c,2,2,id_reference,50078,250,5.2570130618891575,0.91557330089073119,0.51677105348810981,0.43654943084179976
safety,A6c,2,2,id_reference,50079,250,9.7361921736843939,1.6956772794023309,0.39415009362650427,0.24373439841982536
safety,A6c,2,2,id_reference,50080,250,3.6179648267898514,0.63011294816531505,0.5734619546034273,0.38049420649430482
safety,A6c,2,2,id_reference,50081,48,3.5111325598780678,0.61150679860727852,0.60620015477084133,0.38601944843490726
safety,A6c,2,2,id_reference,50082,49,5.1349146604596561,0.89430836677049574,0.53566106447726858,0.42546563492659883
safety,A6c,2,2,id_reference,50083,250,3.8833942957995156,0.67634074563012114,0.59026919840553316,0.41794730137239083
safety,A6c,2,2,id_reference,50084,42,5.4273842998704289,0.94524554155267426,0.5378572316119844,0.46160659790025349
safety,A6c,2,2,id_reference,50085,250,6.8707128642997572,1.1966189131701983,0.45709587291074427,0.34499035257445015
safety,A6c,2,2,id_reference,50086,60,9.7867784249131429,1.7044874954835803,0.39402543692099629,0.28258124537021961
safety,A6c,2,2,id_reference,50087,48,4.3172142500931843,0.75189581138112482,0.55631426614351032,0.45825993591235492
safety,A6c,2,2,id_reference,50088,250,5.5020034025504412,0.95824137347204408,0.52486164358004739,0.38357054329168122
safety,A6c,2,2,id_reference,50089,74,3.5943905533077016,0.62600719930487825,0.60247864802702167,0.42168253569938979
safety,A6c,2,2,id_reference,50090,250,8.9329278346244738,1.5557789428863831,0.40957706007425115,0.31344465989670955
safety,A6c,2,2,id_reference,50091,250,8.1873652731189388,1.4259300786317324,0.43992755024423186,0.37735266994034805
safety,A6c,2,2,id_reference,50092,250,5.1959301746532223,0.90493496690979114,0.54984154519517825,0.39493176803038293
safety,A6c,2,2,id_reference,50093,250,9.1732034613706332,1.5976258902143996,0.42269484789914952,0.33558068972527566
safety,A6c,2,2,id_reference,50094,53,4.8924419840366067,0.85207877629489537,0.55577084753779271,0.42909356182665848
safety,A6c,2,2,id_reference,50095,50,5.4576212020469494,0.95051166891597938,0.53433918252384738,0.4369895486175735
safety,A6c,2,2,id_reference,50096,250,8.1004203108753217,1.410787547095278,0.43377930700641137,0.37702415433020392
safety,A6c,2,2,id_reference,50097,250,4.8850335809895631,0.85078851204174299,0.57538050996130818,0.434474267705249
safety,A6c,2,2,id_reference,50098,69,10.395370167514733,1.8104812117077398,0.41024446469771902,0.26851285595752578
safety,A6c,2,2,id_reference,50099,250,3.1650976836467706,0.55124058086640948,0.63648668784895968,0.39735809621298834
safety,A6c_gate_off_control,2,2,id_reference,50000,51,3.6912846831705082,0.64288250040666872,1,1
safety,A6c_gate_off_control,2,2,id_reference,50001,250,2.9128117940123541,0.50730189895304745,1,1
safety,A6c_gate_off_control,2,2,id_reference,50002,61,4.184525099225807,0.72878636835296251,1,1
safety,A6c_gate_off_control,2,2,id_reference,50003,250,8.6319797794626751,1.5033651480151724,1,1
safety,A6c_gate_off_control,2,2,id_reference,50004,73,5.2989104718875124,0.92287024870489187,1,1
safety,A6c_gate_off_control,2,2,id_reference,50005,250,3.4674524916010521,0.60389937898995916,1,1
safety,A6c_gate_off_control,2,2,id_reference,50006,53,5.7649168082579125,1.0040309676537846,1,1
safety,A6c_gate_off_control,2,2,id_reference,50007,76,7.7997028657416259,1.3584139157888451,1,1
safety,A6c_gate_off_control,2,2,id_reference,50008,96,2.8518646634931382,0.49668720866935162,1,1
safety,A6c_gate_off_control,2,2,id_reference,50009,120,8.034650018257512,1.3993328439770405,1,1
safety,A6c_gate_off_control,2,2,id_reference,50010,250,6.9671488855203574,1.213414429033342,1,1
safety,A6c_gate_off_control,2,2,id_reference,50011,250,4.2255918428471801,0.73593864542962284,1,1
safety,A6c_gate_off_control,2,2,id_reference,50012,45,4.9919262787404586,0.86940518637158248,1,1
safety,A6c_gate_off_control,2,2,id_reference,50013,146,6.481374647092716,1.1288108874920075,1,1
safety,A6c_gate_off_control,2,2,id_reference,50014,250,2.0281110677719534,0.35322041680940847,1,1
safety,A6c_gate_off_control,2,2,id_reference,50015,85,6.2654948116542162,1.0912127664294842,1,1
safety,A6c_gate_off_control,2,2,id_reference,50016,90,5.9764172727451337,1.0408663675530765,1,1
safety,A6c_gate_off_control,2,2,id_reference,50017,250,3.1809568715158565,0.5540026529434241,1,1
safety,A6c_gate_off_control,2,2,id_reference,50018,49,4.1176901259426995,0.71714623803877819,1,1
safety,A6c_gate_off_control,2,2,id_reference,50019,133,6.9129282754070882,1.203971244777704,1,1
safety,A6c_gate_off_control,2,2,id_reference,50020,250,4.8994213257470562,0.85329431425393254,1,1
safety,A6c_gate_off_control,2,2,id_reference,50021,45,3.7964035178448992,0.66119023472567628,1,1
safety,A6c_gate_off_control,2,2,id_reference,50022,64,6.8328906498895163,1.1900317106491269,1,1
safety,A6c_gate_off_control,2,2,id_reference,50023,69,5.2531357718066136,0.91489802326870651,1,1
safety,A6c_gate_off_control,2,2,id_reference,50024,250,3.8916788566255924,0.67778360350638367,1,1
safety,A6c_gate_off_control,2,2,id_reference,50025,116,4.1145124158717312,0.71659280085597155,1,1
safety,A6c_gate_off_control,2,2,id_reference,50026,250,4.4210488309800002,0.76997987715192284,1,1
safety,A6c_gate_off_control,2,2,id_reference,50027,250,2.9501988658586624,0.51381331605967762,1,1
safety,A6c_gate_off_control,2,2,id_reference,50028,63,7.027864340516409,1.223988770183227,1,1
safety,A6c_gate_off_control,2,2,id_reference,50029,250,7.5166531611663423,1.3091173381917922,1,1
safety,A6c_gate_off_control,2,2,id_reference,50030,88,4.7506550286403337,0.8273848390253612,1,1
safety,A6c_gate_off_control,2,2,id_reference,50031,250,4.3995126342100992,0.76622908434750769,1,1
safety,A6c_gate_off_control,2,2,id_reference,50032,57,5.885369276816693,1.0250092423775625,1,1
safety,A6c_gate_off_control,2,2,id_reference,50033,31,3.4791031198841624,0.6059284787979754,1,1
safety,A6c_gate_off_control,2,2,id_reference,50034,54,4.4108229861702517,0.76819892086046304,1,1
safety,A6c_gate_off_control,2,2,id_reference,50035,93,3.318815673093702,0.57801245404749635,1,1
safety,A6c_gate_off_control,2,2,id_reference,50036,250,5.859241050851602,1.0204586913685298,1,1
safety,A6c_gate_off_control,2,2,id_reference,50037,65,5.7461612793500976,1.0007644622618599,1,1
safety,A6c_gate_off_control,2,2,id_reference,50038,98,6.3337642006044987,1.1031027178249144,1,1
safety,A6c_gate_off_control,2,2,id_reference,50039,72,4.9637919408420297,0.86450524636481685,1,1
safety,A6c_gate_off_control,2,2,id_reference,50040,51,3.7739614840102975,0.65728167928654191,1,1
safety,A6c_gate_off_control,2,2,id_reference,50041,59,6.7369741363962872,1.1733266734283581,1,1
safety,A6c_gate_off_control,2,2,id_reference,50042,250,3.1677174098296761,0.55169683831155469,1,1
safety,A6c_gate_off_control,2,2,id_reference,50043,33,4.3003015845883201,0.74895026325315717,1,1
safety,A6c_gate_off_control,2,2,id_reference,50044,58,5.8296764200646773,1.0153096483129904,1,1
safety,A6c_gate_off_control,2,2,id_reference,50045,175,7.3550001723797171,1.280963487554595,1,1
safety,A6c_gate_off_control,2,2,id_reference,50046,250,7.5367536347735431,1.3126180821985798,1,1
safety,A6c_gate_off_control,2,2,id_reference,50047,250,5.3710976832054103,0.93544253691691193,1,1
safety,A6c_gate_off_control,2,2,id_reference,50048,62,4.1121695805692848,0.71618476735366676,1,1
safety,A6c_gate_off_control,2,2,id_reference,50049,74,6.9503134137861071,1.210482325147292,1,1
safety,A6c_gate_off_control,2,2,id_reference,50050,96,5.0180634303284126,0.87395729188730753,1,1
safety,A6c_gate_off_control,2,2,id_reference,50051,250,4.8846411000338197,0.85072015666960366,1,1
safety,A6c_gate_off_control,2,2,id_reference,50052,250,8.8699798349899481,1.544815776706016,1,1
safety,A6c_gate_off_control,2,2,id_reference,50053,58,6.4216315193651461,1.1184058890613187,1,1
safety,A6c_gate_off_control,2,2,id_reference,50054,85,5.0243101402308126,0.87504523303139736,1,1
safety,A6c_gate_off_control,2,2,id_reference,50055,112,6.9303108487919713,1.2069986331262985,1,1
safety,A6c_gate_off_control,2,2,id_reference,50056,48,4.3073510723591202,0.75017801800893114,1,1
safety,A6c_gate_off_control,2,2,id_reference,50057,79,5.2351124040095236,0.91175903271401693,1,1
safety,A6c_gate_off_control,2,2,id_reference,50058,106,7.9525696806264055,1.3850375464804556,1,1
safety,A6c_gate_off_control,2,2,id_reference,50059,84,2.8252010352680967,0.49204341079015218,1,1
safety,A6c_gate_off_control,2,2,id_reference,50060,250,7.4297844635503116,1.2939880890756019,1,1
safety,A6c_gate_off_control,2,2,id_reference,50061,250,3.9749567187390622,0.69228746457895862,1,1
safety,A6c_gate_off_control,2,2,id_reference,50062,76,4.0870238001308934,0.71180532128259733,1,1
safety,A6c_gate_off_control,2,2,id_reference,50063,250,4.6504638379557806,0.80993531434370403,1,1
safety,A6c_gate_off_control,2,2,id_reference,50064,56,5.8241939768660203,1.0143548135889282,1,1
safety,A6c_gate_off_control,2,2,id_reference,50065,42,4.1793003915541611,0.72787642143200149,1,1
safety,A6c_gate_off_control,2,2,id_reference,50066,107,7.9564299595131054,1.3857098613940855,1,1
safety,A6c_gate_off_control,2,2,id_reference,50067,250,4.3152298214483178,0.75155019879402019,1,1
safety,A6c_gate_off_control,2,2,id_reference,50068,39,3.6501220190712469,0.63571351760233963,1,1
safety,A6c_gate_off_control,2,2,id_reference,50069,61,6.1040327212634304,1.0630921630892511,1,1
safety,A6c_gate_off_control,2,2,id_reference,50070,250,3.7235149377784658,0.64849579454395823,1,1
safety,A6c_gate_off_control,2,2,id_reference,50071,45,5.8505192182603087,1.0189396772513086,1,1
safety,A6c_gate_off_control,2,2,id_reference,50072,250,7.40289254025845,1.2893045308105247,1,1
safety,A6c_gate_off_control,2,2,id_reference,50073,250,2.731777462763521,0.4757725498179558,1,1
safety,A6c_gate_off_control,2,2,id_reference,50074,57,3.8839298619844218,0.67643402104982953,1,1
safety,A6c_gate_off_control,2,2,id_reference,50075,250,3.2220450013678041,0.56115865469443671,1,1
safety,A6c_gate_off_control,2,2,id_reference,50076,250,8.3650084607027519,1.4568688185058949,1,1
safety,A6c_gate_off_control,2,2,id_reference,50077,250,3.0351270305991855,0.52860459757536959,1,1
safety,A6c_gate_off_control,2,2,id_reference,50078,250,6.7599165916193558,1.1773223833898574,1,1
safety,A6c_gate_off_control,2,2,id_reference,50079,74,6.0981553561142263,1.0620685478638663,1,1
safety,A6c_gate_off_control,2,2,id_reference,50080,250,3.3908690219557318,0.59056142847103199,1,1
safety,A6c_gate_off_control,2,2,id_reference,50081,47,3.4774980445135797,0.60564893523627561,1,1
safety,A6c_gate_off_control,2,2,id_reference,50082,73,5.2041088369746573,0.90635938126264726,1,1
safety,A6c_gate_off_control,2,2,id_reference,50083,250,4.4012037928189702,0.76652362036094823,1,1
safety,A6c_gate_off_control,2,2,id_reference,50084,41,5.4377670765491644,0.94705382945385463,1,1
safety,A6c_gate_off_control,2,2,id_reference,50085,250,6.811690440441085,1.1863394341575597,1,1
safety,A6c_gate_off_control,2,2,id_reference,50086,250,8.2934708819440282,1.4444096717716619,1,1
safety,A6c_gate_off_control,2,2,id_reference,50087,45,4.3449761385036227,0.75673088474154204,1,1
safety,A6c_gate_off_control,2,2,id_reference,50088,250,5.6458999030653665,0.98330271389711998,1,1
safety,A6c_gate_off_control,2,2,id_reference,50089,73,3.6719614641027882,0.63951712481079581,1,1
safety,A6c_gate_off_control,2,2,id_reference,50090,250,8.5616148888503751,1.4911102393044136,1,1
safety,A6c_gate_off_control,2,2,id_reference,50091,250,8.2004506091742169,1.4282090503946616,1,1
safety,A6c_gate_off_control,2,2,id_reference,50092,102,4.6160962912097041,0.80394978456712129,1,1
safety,A6c_gate_off_control,2,2,id_reference,50093,250,9.1445449691958274,1.5926346623117609,1,1
safety,A6c_gate_off_control,2,2,id_reference,50094,51,5.2028729997426852,0.90614414505141483,1,1
safety,A6c_gate_off_control,2,2,id_reference,50095,47,5.2821996779527227,0.91995985898676513,1,1
safety,A6c_gate_off_control,2,2,id_reference,50096,85,6.8526668906124035,1.1934759855224628,1,1
safety,A6c_gate_off_control,2,2,id_reference,50097,250,3.7187371069744359,0.64766367671034353,1,1
safety,A6c_gate_off_control,2,2,id_reference,50098,104,9.19031472725454,1.6006060270341695,1,1
safety,A6c_gate_off_control,2,2,id_reference,50099,250,3.137668738110662,0.54646349359103141,1,1
safety,A4c,2,2,ood_compound,50000,250,4.9198199447162541,0.85684698393220216,0.53847720646341535,0.41811662356962909
safety,A4c,2,2,ood_compound,50001,250,5.2080075018673231,0.90703838157001226,0.49568034541809358,0.337259637342746
safety,A4c,2,2,ood_compound,50002,250,4.5446274872711303,0.79150261581132642,0.56038727909270414,0.4299024613675364
safety,A4c,2,2,ood_compound,50003,250,15.923373527083093,2.7732507965784747,0.27482838727988396,0.10000000000000001
safety,A4c,2,2,ood_compound,50004,250,10.10508581127711,1.7599246307922054,0.38837772442516727,0.33213413686583976
safety,A4c,2,2,ood_compound,50005,250,1.9323857776485109,0.33654868348380257,0.65518314685825407,0.32498146439220005
safety,A4c,2,2,ood_compound,50006,250,4.8920717038780488,0.85201428746387398,0.53758788899386056,0.41128554941359546
safety,A4c,2,2,ood_compound,50007,250,10.40986011151522,1.8130048131715493,0.36451116487534524,0.24707476425727595
safety,A4c,2,2,ood_compound,50008,250,5.360512167022371,0.93359893944449956,0.52771799527584262,0.34393661443384282
safety,A4c,2,2,ood_compound,50009,250,9.0258017866195708,1.5719540807058736,0.39072696364761644,0.26585447930470846
safety,A4c,2,2,ood_compound,50010,250,9.9865210857308142,1.7392751296668238,0.37083149006924704,0.28635301729984275
safety,A4c,2,2,ood_compound,50011,250,4.5757254298377701,0.79691870391905062,0.56363367374968587,0.3878595219327779
safety,A4c,2,2,ood_compound,50012,98,7.3394629936911784,1.2782574973257477,0.43213674656743278,0.25174854350074605
safety,A4c,2,2,ood_compound,50013,250,11.351659097752702,1.9770306575918644,0.3552852771261415,0.30549456204445941
safety,A4c,2,2,ood_compound,50014,250,6.0862375949306511,1.059992923584905,0.47916645083103482,0.24165912469434506
safety,A4c,2,2,ood_compound,50015,250,9.0640480228950775,1.5786151318353201,0.39496083159081197,0.24664948683687155
safety,A4c,2,2,ood_compound,50016,250,9.6821646965681047,1.6862677316268526,0.38789091505243567,0.33640183881902219
safety,A4c,2,2,ood_compound,50017,250,5.9383673543006736,1.0342395075817037,0.49093784504943788,0.27210269513316809
safety,A4c,2,2,ood_compound,50018,250,4.3807994924376157,0.76296996119507021,0.55108280851526426,0.35387624457241984
safety,A4c,2,2,ood_compound,50019,250,8.7958307542438554,1.5319018048711588,0.39042824425319117,0.24032851897665566
safety,A4c,2,2,ood_compound,50020,250,5.3583670150293994,0.9332253349150843,0.51134479198589655,0.40412583201376073
safety,A4c,2,2,ood_compound,50021,250,5.7547400275467586,1.002258556476856,0.50790122400139104,0.41704118861287354
safety,A4c,2,2,ood_compound,50022,250,9.8236361600908495,1.7109067221171703,0.377169553452118,0.23845103779937335
safety,A4c,2,2,ood_compound,50023,250,5.5131794949266624,0.96018782703179217,0.4876834211976932,0.29528036577495992
safety,A4c,2,2,ood_compound,50024,250,5.1044597741532032,0.88900427479743327,0.53682760305434341,0.38648746187478578
safety,A4c,2,2,ood_compound,50025,250,5.1596339555978403,0.89861353519578147,0.50010703259274902,0.25068938810725244
safety,A4c,2,2,ood_compound,50026,250,5.1608551186675147,0.8988262157216742,0.54767245840691825,0.37743959330394738
safety,A4c,2,2,ood_compound,50027,250,3.8675443586962621,0.67358028468743503,0.55563953580522041,0.26839480791322606
safety,A4c,2,2,ood_compound,50028,250,9.0755730153706757,1.5806223506265613,0.39281185060214763,0.2238458934294652
safety,A4c,2,2,ood_compound,50029,250,8.5921628548535551,1.496430542248264,0.3895687028389293,0.26144241603544427
safety,A4c,2,2,ood_compound,50030,250,5.2307123601836096,0.91099271111611924,0.51641161124567425,0.37667229910979882
safety,A4c,2,2,ood_compound,50031,250,6.3970265086215612,1.1141206246650266,0.47054964541578365,0.35178541724820467
safety,A4c,2,2,ood_compound,50032,250,9.8518856923506117,1.7158267246347967,0.37755617372407141,0.21765693961203453
safety,A4c,2,2,ood_compound,50033,250,6.1444207770823631,1.0701262383611529,0.48646278141732602,0.44959073200618682
safety,A4c,2,2,ood_compound,50034,250,5.9608720364498557,1.0381589739931907,0.50451613920029592,0.41618314699566583
safety,A4c,2,2,ood_compound,50035,250,5.3514826394438515,0.93202633647143829,0.52651959678135052,0.41722984766610455
safety,A4c,2,2,ood_compound,50036,250,6.0501868546246653,1.0537142450058481,0.50417954274753196,0.41084708886451277
safety,A4c,2,2,ood_compound,50037,250,9.664783213662508,1.6832405331986002,0.38728760076157598,0.31511519932847382
safety,A4c,2,2,ood_compound,50038,250,5.3608821932605286,0.93366338405216898,0.48125506688591069,0.24140770242801846
safety,A4c,2,2,ood_compound,50039,250,5.3002682547958813,0.92310672325130694,0.52253544396737817,0.48916903610409979
safety,A4c,2,2,ood_compound,50040,250,5.3876105023515217,0.93831844689747113,0.5032819168917837,0.3370443418140705
safety,A4c,2,2,ood_compound,50041,250,8.8442061768638407,1.5403269780348425,0.40388486677453816,0.30532649788328092
safety,A4c,2,2,ood_compound,50042,250,4.8571867344341602,0.84593864217838644,0.55232962142735009,0.38439300639433471
safety,A4c,2,2,ood_compound,50043,250,4.8354419315241586,0.84215151805616217,0.54690420473091528,0.519185807596518
safety,A4c,2,2,ood_compound,50044,250,9.9383228233630057,1.7308808111338898,0.3751960890056138,0.23096029656323178
safety,A4c,2,2,ood_compound,50045,250,9.7394982514959736,1.6962530734015686,0.38177693387551087,0.20866741127999938
safety,A4c,2,2,ood_compound,50046,250,9.2139719175899835,1.6047262168815652,0.38502052071381754,0.2546164850378233
safety,A4c,2,2,ood_compound,50047,250,5.3982864029834614,0.94017778593020573,0.51665783606611182,0.42061829200431822
safety,A4c,2,2,ood_compound,50048,250,5.1129712620125751,0.89048665479975653,0.51666165665601871,0.2714383832527329
safety,A4c,2,2,ood_compound,50049,250,10.63873971068527,1.852867002527298,0.36214690070375477,0.18127938875197905
safety,A4c,2,2,ood_compound,50050,250,4.6195522519827108,0.80455168252237452,0.5050558836604736,0.23426698604384913
safety,A4c,2,2,ood_compound,50051,250,3.7539145015032274,0.6537902514108993,0.57618094448266766,0.37862155833001809
safety,A4c,2,2,ood_compound,50052,250,8.0959652107768196,1.4100116367722555,0.4100844611655326,0.18584209924422812
safety,A4c,2,2,ood_compound,50053,250,6.6436472760518708,1.1570726560650078,0.45736626283073328,0.29626140745477236
safety,A4c,2,2,ood_compound,50054,250,3.2648747202022923,0.56861797552698234,0.5751064716006854,0.28112843925660874
safety,A4c,2,2,ood_compound,50055,250,9.5229113820477771,1.6585318136946328,0.38074713450543984,0.19134921761455015
safety,A4c,2,2,ood_compound,50056,250,4.2039914644233267,0.73217667460299729,0.57789792865306044,0.55048678019362196
safety,A4c,2,2,ood_compound,50057,250,6.0570221224741445,1.0549046907349617,0.49816564947287068,0.33610468809512012
safety,A4c,2,2,ood_compound,50058,250,9.0578894349531005,1.5775425382114352,0.38356368656172263,0.23672859086076148
safety,A4c,2,2,ood_compound,50059,250,4.4099107962259767,0.76804005179384927,0.5646047494917773,0.3718483431164939
safety,A4c,2,2,ood_compound,50060,250,10.138312200734211,1.7657114140308581,0.3633383182996372,0.21884285204435569
safety,A4c,2,2,ood_compound,50061,250,5.5306070973909724,0.96322305774684125,0.52167102052551839,0.40503846178899355
safety,A4c,2,2,ood_compound,50062,250,2.92215278921713,0.50892874783330633,0.60988536979829222,0.29362353215747006
safety,A4c,2,2,ood_compound,50063,250,5.2897869779977222,0.92128128034624568,0.50909349304591334,0.4028772089300785
safety,A4c,2,2,ood_compound,50064,250,5.8686701349768633,1.0221008820146835,0.5164562278122099,0.37675486599606139
safety,A4c,2,2,ood_compound,50065,250,4.4480726729249955,0.77468641066839794,0.56224345472639758,0.43878187476572356
safety,A4c,2,2,ood_compound,50066,250,8.9703592366751721,1.5622980806418085,0.38950581923611832,0.23204891722752391
safety,A4c,2,2,ood_compound,50067,250,5.6848859837767503,0.99009261800911152,0.51792769942322525,0.41493284236041994
safety,A4c,2,2,ood_compound,50068,250,3.7674876766606351,0.65615418633670863,0.60801026521106272,0.57851589036355489
safety,A4c,2,2,ood_compound,50069,250,7.0000483150924033,1.2191442681979181,0.42593089697522163,0.25271910032590689
safety,A4c,2,2,ood_compound,50070,250,4.6557370075454454,0.81085370150206326,0.55347966124521075,0.45983162373190239
safety,A4c,2,2,ood_compound,50071,250,6.9573660603425864,1.2117106300443339,0.45611398857618157,0.35941841217205084
safety,A4c,2,2,ood_compound,50072,250,6.9719312632646187,1.2142473387723651,0.48607224781388025,0.38767363855047909
safety,A4c,2,2,ood_compound,50073,250,5.2964211236266081,0.92243669817392104,0.49012047575657508,0.23313625337179242
safety,A4c,2,2,ood_compound,50074,250,5.7741694326732453,1.0056424256772127,0.5078871258960469,0.45289072349719717
safety,A4c,2,2,ood_compound,50075,250,6.101175051617008,1.0625944648716077,0.51218831129091902,0.33842420421295755
safety,A4c,2,2,ood_compound,50076,250,8.3976558218316573,1.4625547568595314,0.42683070479147373,0.3293762205286323
safety,A4c,2,2,ood_compound,50077,250,4.7807074465457307,0.83261883619018928,0.52872411391343599,0.2972160970378554
safety,A4c,2,2,ood_compound,50078,250,5.8084766172466615,1.0116174426410973,0.50901953946658662,0.42728127283403489
safety,A4c,2,2,ood_compound,50079,250,6.1014566940995483,1.062643516364228,0.46882873965923899,0.25500060400076391
safety,A4c,2,2,ood_compound,50080,250,4.9089917581575921,0.85496112243757383,0.5058820111348592,0.28760645472610091
safety,A4c,2,2,ood_compound,50081,250,5.7889355559062547,1.0082141271416463,0.49698898797778518,0.34894309915828747
safety,A4c,2,2,ood_compound,50082,250,8.3159878539342067,1.4483312786096909,0.41522945900926356,0.29041263124656591
safety,A4c,2,2,ood_compound,50083,250,5.6015797663009632,0.97558381850241638,0.51930732131024981,0.38790395577113457
safety,A4c,2,2,ood_compound,50084,250,6.3664614987314057,1.1087973533192197,0.49095153700856059,0.45270171546076743
safety,A4c,2,2,ood_compound,50085,250,7.3568163434344589,1.2812797960187354,0.46353803491703488,0.32996903308225234
safety,A4c,2,2,ood_compound,50086,250,5.5055233863668924,0.95885442182554237,0.53474281658155176,0.42449507929087477
safety,A4c,2,2,ood_compound,50087,250,4.3495409977818547,0.75752591097188782,0.55787165378671744,0.4261318437070768
safety,A4c,2,2,ood_compound,50088,250,3.9471241913710102,0.68744008857770111,0.54638088668003271,0.30850700905909983
safety,A4c,2,2,ood_compound,50089,250,5.364667043342541,0.93432256211434395,0.53355728516757173,0.36658842920910223
safety,A4c,2,2,ood_compound,50090,250,9.6574142580620297,1.681957139202082,0.37261230171768123,0.26815290125237035
safety,A4c,2,2,ood_compound,50091,250,6.7301772724590698,1.1721429162115808,0.47845289834346133,0.37083496245321668
safety,A4c,2,2,ood_compound,50092,250,4.9202029619897711,0.85691369108801163,0.53771932947773937,0.31630324018903622
safety,A4c,2,2,ood_compound,50093,250,7.1785736838697405,1.2502366507467,0.44097657771620047,0.22220418395336708
safety,A4c,2,2,ood_compound,50094,250,5.2779174788765442,0.91921406149737506,0.52740892084456048,0.46653065432418778
safety,A4c,2,2,ood_compound,50095,250,8.1537823997540499,1.4200812093483379,0.4244038651677936,0.37346693248037338
safety,A4c,2,2,ood_compound,50096,250,10.740757632649292,1.8706346748657505,0.36278626322156871,0.28050605182967769
safety,A4c,2,2,ood_compound,50097,250,3.6440847590991652,0.63466205473247417,0.59592395500213546,0.3833323036177903
safety,A4c,2,2,ood_compound,50098,250,5.067398571883202,0.88254961187423897,0.53978286982549839,0.46585867846013418
safety,A4c,2,2,ood_compound,50099,250,5.2370190135137511,0.91209109214334394,0.52924785412117925,0.37871413889984723
safety,A6c,2,2,ood_compound,50000,250,5.165432811403182,0.89962347705603207,0.5442589930426176,0.40481741396998278
safety,A6c,2,2,ood_compound,50001,250,5.5132474233751418,0.9601996576042231,0.49113446093973262,0.33669944555375736
safety,A6c,2,2,ood_compound,50002,250,3.1360005365185804,0.54617295582362768,0.63479039528465875,0.39818588501320085
safety,A6c,2,2,ood_compound,50003,57,4.1995266722750024,0.73139907629062728,0.57554974862992547,0.38770691282444325
safety,A6c,2,2,ood_compound,50004,250,6.4442256219097782,1.1223409291313957,0.48324403256119358,0.30945967808865943
safety,A6c,2,2,ood_compound,50005,250,3.1824460132691077,0.55426200524376412,0.60893199172231316,0.39065306418655943
safety,A6c,2,2,ood_compound,50006,250,6.0735819389173535,1.0577887858712223,0.50123788346112497,0.42934649892868459
safety,A6c,2,2,ood_compound,50007,61,4.0988469031397976,0.71386445967947687,0.56156804059647591,0.31073133967122168
safety,A6c,2,2,ood_compound,50008,250,6.6629244973192554,1.1604300205797988,0.51997088226219479,0.37727269159637977
safety,A6c,2,2,ood_compound,50009,250,4.8433912390149594,0.84353598745227443,0.53306336970473078,0.34260997264146026
safety,A6c,2,2,ood_compound,50010,250,7.8653984335202018,1.3698556046598456,0.46316629763281503,0.3330975454832858
safety,A6c,2,2,ood_compound,50011,250,5.5324073177478059,0.96353658820130894,0.52797821070388451,0.39411295306535166
safety,A6c,2,2,ood_compound,50012,164,4.9093451867546287,0.85502267636247542,0.52573350567786503,0.44523544895081268
safety,A6c,2,2,ood_compound,50013,250,4.4105989050728311,0.76815989438903964,0.56880071893080353,0.53021296860554157
safety,A6c,2,2,ood_compound,50014,250,6.5227139604545705,1.1360106359319835,0.47361636575489657,0.32527562844945163
safety,A6c,2,2,ood_compound,50015,250,6.1805468140912971,1.0764180307845266,0.47202765886460102,0.36813549597457279
safety,A6c,2,2,ood_compound,50016,250,4.8267519079731542,0.84063804387343832,0.51815603816169753,0.35041882058192841
safety,A6c,2,2,ood_compound,50017,250,6.771223377226443,1.1792915987786858,0.51117941036966519,0.38452637326657396
safety,A6c,2,2,ood_compound,50018,250,5.5826576441957521,0.97228829886193446,0.48777696510558394,0.31375025885833663
safety,A6c,2,2,ood_compound,50019,250,5.3115486752567449,0.92507134682655767,0.51926483240552479,0.49863888708212972
safety,A6c,2,2,ood_compound,50020,250,6.042450441289537,1.0523668537380484,0.49512903859211876,0.41623673863730559
safety,A6c,2,2,ood_compound,50021,250,5.318029780530483,0.92620011079937614,0.54340459398572993,0.47914002226763275
safety,A6c,2,2,ood_compound,50022,250,9.0466588550485127,1.575586594980344,0.43823628136179088,0.33315116691752833
safety,A6c,2,2,ood_compound,50023,250,5.9043939506932936,1.0283226226668079,0.48446937301963844,0.31257524849910984
safety,A6c,2,2,ood_compound,50024,250,5.2363226164310888,0.91196980605023414,0.53810790807233932,0.45501422762644433
safety,A6c,2,2,ood_compound,50025,250,5.3070683396983851,0.92429104143869323,0.49894616828087468,0.28265734629256489
safety,A6c,2,2,ood_compound,50026,250,4.2517331181586275,0.74049146914237096,0.5792539136777699,0.39394549402260737
safety,A6c,2,2,ood_compound,50027,250,3.8666061086398846,0.67341687693267671,0.5704403204949392,0.34403132784161317
safety,A6c,2,2,ood_compound,50028,250,7.731814869103192,1.3465903885422201,0.44592295389940423,0.37184916161404385
safety,A6c,2,2,ood_compound,50029,250,4.2858639590512766,0.74643577369143166,0.57145559844721594,0.45207452556260153
safety,A6c,2,2,ood_compound,50030,250,5.0925768860239504,0.88693472408859297,0.53679435140378606,0.37335332413575206
safety,A6c,2,2,ood_compound,50031,250,6.7482932258450941,1.175298031682126,0.47568099724827961,0.37123573633665274
safety,A6c,2,2,ood_compound,50032,250,8.7644503154286539,1.5264365165769902,0.46596148550833882,0.34244401242306571
safety,A6c,2,2,ood_compound,50033,250,3.6424249170495675,0.63437297288192207,0.61806417896559152,0.49451333802010494
safety,A6c,2,2,ood_compound,50034,250,4.2898152686358504,0.74712394271756855,0.60089614448278983,0.49009896416431842
safety,A6c,2,2,ood_compound,50035,250,3.3491051946674157,0.58328774572418851,0.61363053789561528,0.38935665927676927
safety,A6c,2,2,ood_compound,50036,250,5.5459668312115085,0.96589814377560168,0.52101110145336849,0.48773675923246684
safety,A6c,2,2,ood_compound,50037,250,4.4172419820798314,0.76931686772575503,0.56441453989645762,0.45781641584628963
safety,A6c,2,2,ood_compound,50038,250,6.4541149009346439,1.1240632683635094,0.46567807204758233,0.29665378082654509
safety,A6c,2,2,ood_compound,50039,250,5.2330433011921311,0.91139867308125599,0.52459455612908823,0.4700885676374677
safety,A6c,2,2,ood_compound,50040,250,5.3311038548403058,0.9284771211912114,0.53692771206774659,0.43790273680556396
safety,A6c,2,2,ood_compound,50041,250,7.1963749947739384,1.2533369673700112,0.47047640154199383,0.38319224634977472
safety,A6c,2,2,ood_compound,50042,250,5.9553450575616296,1.0371963828325692,0.50576529369141277,0.39774544879755852
safety,A6c,2,2,ood_compound,50043,250,4.3198456817564379,0.75235410747923803,0.58483002430106257,0.50645226410429967
safety,A6c,2,2,ood_compound,50044,250,4.2223132843406681,0.73536764425488133,0.5654250006479723,0.44908936345023792
safety,A6c,2,2,ood_compound,50045,250,6.1966243492332538,1.0792181307170952,0.48517510174674694,0.40178458284172386
safety,A6c,2,2,ood_compound,50046,250,8.4898777718934628,1.478616340545672,0.44859556219731472,0.32482158112508752
safety,A6c,2,2,ood_compound,50047,250,5.3597639265607828,0.93346862419110166,0.53271493770526746,0.44893748110645859
safety,A6c,2,2,ood_compound,50048,250,5.0737212302889096,0.88365078038167233,0.51701427285974033,0.30479454510874648
safety,A6c,2,2,ood_compound,50049,250,4.2780999752847624,0.74508358069486047,0.54771222032983169,0.33012039123911346
safety,A6c,2,2,ood_compound,50050,250,6.0323807997282435,1.0506131021581071,0.46608289466987185,0.30886440304665819
safety,A6c,2,2,ood_compound,50051,250,8.4780011032800324,1.4765478730417934,0.42693075001592284,0.30988045801807101
safety,A6c,2,2,ood_compound,50052,250,7.7130106783734274,1.3433154080971759,0.43555886491188073,0.33820858519567043
safety,A6c,2,2,ood_compound,50053,250,6.2067510753107022,1.0809818242656544,0.49592834101857047,0.40245967460401655
safety,A6c,2,2,ood_compound,50054,250,3.8851538275272,0.67664718966078508,0.5729643769490067,0.34428657757511255
safety,A6c,2,2,ood_compound,50055,250,9.2231966066721967,1.6063328096241098,0.46162982680936332,0.35361988247694814
safety,A6c,2,2,ood_compound,50056,250,3.9950135629431793,0.69578060999009361,0.58798912957004235,0.54871464080990218
safety,A6c,2,2,ood_compound,50057,250,4.3669295988781762,0.76055434912035802,0.57849088581704056,0.42431494779650664
safety,A6c,2,2,ood_compound,50058,250,7.4921490684617869,1.3048496499097357,0.45396674331284925,0.29244553646131838
safety,A6c,2,2,ood_compound,50059,250,5.6111195699176921,0.97724529230596036,0.52911536231246825,0.39047585967023801
safety,A6c,2,2,ood_compound,50060,250,4.9600541073560773,0.86385425681949446,0.53693182595347622,0.51004813902380708
safety,A6c,2,2,ood_compound,50061,250,4.8593328670520766,0.84631241749566311,0.55596391953110436,0.4544550574516365
safety,A6c,2,2,ood_compound,50062,250,2.0745818390311221,0.36131387157845662,0.63038762269342508,0.31292597138975281
safety,A6c,2,2,ood_compound,50063,250,4.7421277553507135,0.8258997097967552,0.56366193150719124,0.45820604711908797
safety,A6c,2,2,ood_compound,50064,250,4.0840964644755804,0.71129548987506663,0.57525205205433527,0.493101744949969
safety,A6c,2,2,ood_compound,50065,250,4.2107012054549235,0.73334525829721653,0.59238603731063788,0.48713335636576754
safety,A6c,2,2,ood_compound,50066,250,5.4641966798447905,0.95165686902132962,0.51994788941473591,0.48608885016022324
safety,A6c,2,2,ood_compound,50067,250,4.8924379507572109,0.85207807384982126,0.54402864843697563,0.46846856041651652
safety,A6c,2,2,ood_compound,50068,250,3.2763390593311863,0.57061463079399444,0.61254706748973353,0.53365324760476796
safety,A6c,2,2,ood_compound,50069,250,6.4694835553833432,1.1267399080290743,0.49643389739654525,0.42893300737873019
safety,A6c,2,2,ood_compound,50070,250,5.9191781280907065,1.0308974684854026,0.52390726695286571,0.39842989444304755
safety,A6c,2,2,ood_compound,50071,250,4.8826129004310683,0.85036692083334176,0.54646637359549122,0.4821065179902248
safety,A6c,2,2,ood_compound,50072,250,8.5975606889328624,1.4973706412564782,0.41184129520114121,0.34163188913965975
safety,A6c,2,2,ood_compound,50073,250,6.7289357190685175,1.1719266844612242,0.46345282151751654,0.31740733262762122
safety,A6c,2,2,ood_compound,50074,250,3.3259048096921009,0.57924711413288121,0.63647343891881769,0.51907394825043285
safety,A6c,2,2,ood_compound,50075,250,4.1792968278487468,0.7278758007689955,0.57291052569239798,0.39620596469954728
safety,A6c,2,2,ood_compound,50076,35,4.7096550066934046,0.82024418234663254,0.55406101150686127,0.43150481208671926
safety,A6c,2,2,ood_compound,50077,250,4.9361665502196237,0.85969394576830238,0.54175404294183638,0.42740954437647655
safety,A6c,2,2,ood_compound,50078,250,4.9994798083339722,0.87072072619274921,0.55941731219922242,0.44488982582592368
safety,A6c,2,2,ood_compound,50079,250,6.4845271399904227,1.1293599327948076,0.47763984619305816,0.34411023938020951
safety,A6c,2,2,ood_compound,50080,250,6.363877010541759,1.108347233002787,0.45586880967069671,0.30829468374072305
safety,A6c,2,2,ood_compound,50081,250,5.8687423593260091,1.0221134607709037,0.50826909059187009,0.37718572300169201
safety,A6c,2,2,ood_compound,50082,250,8.9286904015521777,1.5550409419456148,0.43191782421364028,0.38299226555655064
safety,A6c,2,2,ood_compound,50083,250,6.6697184534171399,1.1616132713606924,0.49501072336630769,0.3910931699985577
safety,A6c,2,2,ood_compound,50084,250,4.7137912633708527,0.82096456217733094,0.55533868508764406,0.51359648350374487
safety,A6c,2,2,ood_compound,50085,250,7.4321204407811035,1.2943949281606151,0.43174963128730531,0.32647957196554567
safety,A6c,2,2,ood_compound,50086,250,7.2059541927939073,1.2550053021920435,0.44738154987193002,0.32641153971940645
safety,A6c,2,2,ood_compound,50087,250,3.5608052445667875,0.62015790587087971,0.62170009495902345,0.51673018047483366
safety,A6c,2,2,ood_compound,50088,250,8.026018598514014,1.3978295763661572,0.45045285137240798,0.35657297278384642
safety,A6c,2,2,ood_compound,50089,250,4.937111444055895,0.85985851061881369,0.55542751339197005,0.42169896875383001
safety,A6c,2,2,ood_compound,50090,250,6.0286675429494974,1.0499663929477727,0.46680107493148199,0.33709710857991837
safety,A6c,2,2,ood_compound,50091,250,7.3607164513959216,1.2819590476542304,0.44139642686132796,0.33277726579687783
safety,A6c,2,2,ood_compound,50092,250,4.5916373912954311,0.79968996716377261,0.57271116725541993,0.39493176803038293
safety,A6c,2,2,ood_compound,50093,250,6.9107771032235785,1.2035965917582701,0.46180113678507889,0.33761002882442109
safety,A6c,2,2,ood_compound,50094,250,5.173182227888713,0.90097313298195536,0.54327140374741112,0.42909356182665848
safety,A6c,2,2,ood_compound,50095,250,7.4810497936333817,1.3029165750680909,0.47532138128668644,0.40894606655248927
safety,A6c,2,2,ood_compound,50096,250,7.2033981712444923,1.2545601396901447,0.45768777714734143,0.34709263253000061
safety,A6c,2,2,ood_compound,50097,250,4.3709249342529537,0.76125018577782599,0.57304381112376968,0.42461470578099209
safety,A6c,2,2,ood_compound,50098,52,4.5122317361615591,0.78586049842850103,0.53916660662974292,0.39972525490059191
safety,A6c,2,2,ood_compound,50099,250,5.2622888913638146,0.91649215130068484,0.53185097353496169,0.39990680549169755
safety,A6c_gate_off_control,2,2,ood_compound,50000,250,5.0104024729253922,0.87262304219553555,1,1
safety,A6c_gate_off_control,2,2,ood_compound,50001,250,5.4270344541358995,0.94518461162722134,1,1
safety,A6c_gate_off_control,2,2,ood_compound,50002,250,3.1654869272154338,0.551308372407883,1,1
safety,A6c_gate_off_control,2,2,ood_compound,50003,57,4.1847819976025171,0.72883111035607129,1,1
safety,A6c_gate_off_control,2,2,ood_compound,50004,250,5.8033141461463096,1.0107183349823456,1,1
safety,A6c_gate_off_control,2,2,ood_compound,50005,250,2.7974153556397297,0.48720419389733849,1,1
safety,A6c_gate_off_control,2,2,ood_compound,50006,250,5.737965168717011,0.99933700907152978,1,1
safety,A6c_gate_off_control,2,2,ood_compound,50007,61,4.0988469031397976,0.71386445967947687,1,1
safety,A6c_gate_off_control,2,2,ood_compound,50008,250,6.5372826611728057,1.1385479538441232,1,1
safety,A6c_gate_off_control,2,2,ood_compound,50009,250,4.8677608802671468,0.84778025936488211,1,1
safety,A6c_gate_off_control,2,2,ood_compound,50010,250,8.2205334249684796,1.4317067190767565,1,1
safety,A6c_gate_off_control,2,2,ood_compound,50011,250,4.7394432637609807,0.8254321726616769,1,1
safety,A6c_gate_off_control,2,2,ood_compound,50012,146,4.8688812825222882,0.84797539115911369,1,1
safety,A6c_gate_off_control,2,2,ood_compound,50013,250,4.5049402041662159,0.78459058870240128,1,1
safety,A6c_gate_off_control,2,2,ood_compound,50014,250,6.3850641527433005,1.1120372336730413,1,1
safety,A6c_gate_off_control,2,2,ood_compound,50015,250,5.960384494849853,1.0380740626439546,1,1
safety,A6c_gate_off_control,2,2,ood_compound,50016,250,4.8174952160942137,0.83902587745133617,1,1
safety,A6c_gate_off_control,2,2,ood_compound,50017,250,6.7081169771486788,1.1683008452183807,1,1
safety,A6c_gate_off_control,2,2,ood_compound,50018,250,5.6036447451629998,0.97594345989777265,1,1
safety,A6c_gate_off_control,2,2,ood_compound,50019,250,5.3115486752567449,0.92507134682655767,1,1
safety,A6c_gate_off_control,2,2,ood_compound,50020,250,4.9762520399828336,0.86667532545069081,1,1
safety,A6c_gate_off_control,2,2,ood_compound,50021,250,5.052443472104156,0.87994499782655566,1,1
safety,A6c_gate_off_control,2,2,ood_compound,50022,250,7.4326681679671838,1.2944903215678301,1,1
safety,A6c_gate_off_control,2,2,ood_compound,50023,250,5.0475908344039411,0.87909985145447944,1,1
safety,A6c_gate_off_control,2,2,ood_compound,50024,250,5.1936679175259908,0.90454096708497456,1,1
safety,A6c_gate_off_control,2,2,ood_compound,50025,250,3.4460621706742534,0.6001739922527568,1,1
safety,A6c_gate_off_control,2,2,ood_compound,50026,250,4.2014791345688538,0.73173912154564213,1,1
safety,A6c_gate_off_control,2,2,ood_compound,50027,250,2.8919166810516077,0.50366275875675492,1,1
safety,A6c_gate_off_control,2,2,ood_compound,50028,250,6.6576332186232392,1.1595084794984643,1,1
safety,A6c_gate_off_control,2,2,ood_compound,50029,250,4.2869777995713338,0.74662976267901993,1,1
safety,A6c_gate_off_control,2,2,ood_compound,50030,250,4.9202705427463869,0.85692546110564005,1,1
safety,A6c_gate_off_control,2,2,ood_compound,50031,250,6.0035774639591288,1.0455966479670431,1,1
safety,A6c_gate_off_control,2,2,ood_compound,50032,250,7.7822150193606765,1.3553681928568342,1,1
safety,A6c_gate_off_control,2,2,ood_compound,50033,250,3.7337327591734324,0.65027535345932819,1,1
safety,A6c_gate_off_control,2,2,ood_compound,50034,250,4.2467747411767576,0.73962790697752445,1,1
safety,A6c_gate_off_control,2,2,ood_compound,50035,250,3.3757241241488476,0.58792375876896763,1,1
safety,A6c_gate_off_control,2,2,ood_compound,50036,250,5.4888690436414542,0.95595386377788649,1,1
safety,A6c_gate_off_control,2,2,ood_compound,50037,250,4.4172419820798314,0.76931686772575503,1,1
safety,A6c_gate_off_control,2,2,ood_compound,50038,250,6.4649072268329739,1.1259428842843175,1,1
safety,A6c_gate_off_control,2,2,ood_compound,50039,250,5.2144078095147322,0.90815307364523956,1,1
safety,A6c_gate_off_control,2,2,ood_compound,50040,250,5.3565688186140354,0.93291215695484675,1,1
safety,A6c_gate_off_control,2,2,ood_compound,50041,250,6.528994415753699,1.137104454250794,1,1
safety,A6c_gate_off_control,2,2,ood_compound,50042,250,5.9779693556466196,1.0411366818263414,1,1
safety,A6c_gate_off_control,2,2,ood_compound,50043,250,3.4490786741566621,0.60069935333100088,1,1
safety,A6c_gate_off_control,2,2,ood_compound,50044,250,4.2925737186364703,0.74760436061698732,1,1
safety,A6c_gate_off_control,2,2,ood_compound,50045,250,6.2367715738203628,1.0862102622762304,1,1
safety,A6c_gate_off_control,2,2,ood_compound,50046,250,8.6269565301265594,1.5024902875341881,1,1
safety,A6c_gate_off_control,2,2,ood_compound,50047,250,5.4841644929594615,0.9551345085762899,1,1
safety,A6c_gate_off_control,2,2,ood_compound,50048,250,3.5717022566789494,0.62205575417978098,1,1
safety,A6c_gate_off_control,2,2,ood_compound,50049,250,4.2780999752847624,0.74508358069486047,1,1
safety,A6c_gate_off_control,2,2,ood_compound,50050,250,6.2533491629931959,1.089097452751334,1,1
safety,A6c_gate_off_control,2,2,ood_compound,50051,250,8.2753093564903057,1.4412466193665954,1,1
safety,A6c_gate_off_control,2,2,ood_compound,50052,250,7.44730633661705,1.2970397381722729,1,1
safety,A6c_gate_off_control,2,2,ood_compound,50053,250,6.1325399022995004,1.0680570383012797,1,1
safety,A6c_gate_off_control,2,2,ood_compound,50054,250,3.5778778236963804,0.62313130491790092,1,1
safety,A6c_gate_off_control,2,2,ood_compound,50055,250,7.2355970088693962,1.2601679621745125,1,1
safety,A6c_gate_off_control,2,2,ood_compound,50056,250,4.4665682283223864,0.77790763848496181,1,1
safety,A6c_gate_off_control,2,2,ood_compound,50057,250,4.3478615189714116,0.75723340913859383,1,1
safety,A6c_gate_off_control,2,2,ood_compound,50058,250,7.6774011924791417,1.3371135793858093,1,1
safety,A6c_gate_off_control,2,2,ood_compound,50059,250,5.43867005459769,0.9472110941558417,1,1
safety,A6c_gate_off_control,2,2,ood_compound,50060,250,4.9600541073560773,0.86385425681949446,1,1
safety,A6c_gate_off_control,2,2,ood_compound,50061,250,4.7807500120886832,0.83262624950155195,1,1
safety,A6c_gate_off_control,2,2,ood_compound,50062,250,1.8042511765010159,0.31423247114995484,1,1
safety,A6c_gate_off_control,2,2,ood_compound,50063,250,4.7710773141084859,0.83094163051468828,1,1
safety,A6c_gate_off_control,2,2,ood_compound,50064,250,4.1072301507018008,0.71532450506117295,1,1
safety,A6c_gate_off_control,2,2,ood_compound,50065,250,3.5078814161431708,0.61094057205125007,1,1
safety,A6c_gate_off_control,2,2,ood_compound,50066,250,5.4641966798447905,0.95165686902132962,1,1
safety,A6c_gate_off_control,2,2,ood_compound,50067,250,4.9129879943015968,0.85565711597505045,1,1
safety,A6c_gate_off_control,2,2,ood_compound,50068,140,4.4544653886082903,0.77579978050996101,1,1
safety,A6c_gate_off_control,2,2,ood_compound,50069,250,5.9509146766245609,1.0364247776546855,1,1
safety,A6c_gate_off_control,2,2,ood_compound,50070,250,4.3106738997935921,0.75075672916042602,1,1
safety,A6c_gate_off_control,2,2,ood_compound,50071,250,4.4704685323035136,0.77858692425968545,1,1
safety,A6c_gate_off_control,2,2,ood_compound,50072,250,8.2340721817738469,1.4340646596244242,1,1
safety,A6c_gate_off_control,2,2,ood_compound,50073,250,6.7753379929527373,1.180008209572319,1,1
safety,A6c_gate_off_control,2,2,ood_compound,50074,250,3.4157142461771688,0.59488852899065991,1,1
safety,A6c_gate_off_control,2,2,ood_compound,50075,250,4.1699876589790472,0.72625449483533333,1,1
safety,A6c_gate_off_control,2,2,ood_compound,50076,37,4.8342262171748285,0.84193978649174472,1,1
safety,A6c_gate_off_control,2,2,ood_compound,50077,250,3.7161400142908905,0.64721136116670697,1,1
safety,A6c_gate_off_control,2,2,ood_compound,50078,250,5.0707096005862082,0.88312626813194017,1,1
safety,A6c_gate_off_control,2,2,ood_compound,50079,250,6.5228429233539149,1.1360330964026073,1,1
safety,A6c_gate_off_control,2,2,ood_compound,50080,250,6.459582905023102,1.1250155883394379,1,1
safety,A6c_gate_off_control,2,2,ood_compound,50081,250,4.4325631700778363,0.77198524052676532,1,1
safety,A6c_gate_off_control,2,2,ood_compound,50082,73,4.7892389818400405,0.83410470769918454,1,1
safety,A6c_gate_off_control,2,2,ood_compound,50083,250,6.6891335639737903,1.1649946509863922,1,1
safety,A6c_gate_off_control,2,2,ood_compound,50084,250,4.6818810891873541,0.81540701397168025,1,1
safety,A6c_gate_off_control,2,2,ood_compound,50085,250,7.1651339841654442,1.2478959622080985,1,1
safety,A6c_gate_off_control,2,2,ood_compound,50086,250,7.1591357606865031,1.2468512980222879,1,1
safety,A6c_gate_off_control,2,2,ood_compound,50087,250,3.6269707929056079,0.63168144762065981,1,1
safety,A6c_gate_off_control,2,2,ood_compound,50088,250,7.7632910045207382,1.3520723435733857,1,1
safety,A6c_gate_off_control,2,2,ood_compound,50089,250,3.8291602400777682,0.66689521965685916,1,1
safety,A6c_gate_off_control,2,2,ood_compound,50090,250,6.0287586428615558,1.0499822591147792,1,1
safety,A6c_gate_off_control,2,2,ood_compound,50091,250,7.243227379741926,1.2614968848468622,1,1
safety,A6c_gate_off_control,2,2,ood_compound,50092,250,4.3321808721900377,0.75450243218177315,1,1
safety,A6c_gate_off_control,2,2,ood_compound,50093,250,6.6532001231556066,1.1587364015517898,1,1
safety,A6c_gate_off_control,2,2,ood_compound,50094,250,4.2896778596668668,0.74710001126032788,1,1
safety,A6c_gate_off_control,2,2,ood_compound,50095,250,7.0821333771771293,1.2334403885160452,1,1
safety,A6c_gate_off_control,2,2,ood_compound,50096,250,7.1098057314433696,1.2382598684071326,1,1
safety,A6c_gate_off_control,2,2,ood_compound,50097,250,4.3764748327868599,0.76221676867584742,1,1
safety,A6c_gate_off_control,2,2,ood_compound,50098,250,7.3786002538829667,1.2850737311984362,1,1
safety,A6c_gate_off_control,2,2,ood_compound,50099,250,5.3141084075956364,0.92551715560795589,1,1
safety,A4c,2,2,motor_fault,50000,250,4.5172634064067898,0.7867368255140883,0.57903595567933908,0.41811662356962909
safety,A4c,2,2,motor_fault,50001,250,5.0950287125444005,0.88736173974826749,0.53796576033866339,0.36943251497734236
safety,A4c,2,2,motor_fault,50002,250,3.9930025600752912,0.69543036917612244,0.58945020804067805,0.4299024613675364
safety,A4c,2,2,motor_fault,50003,250,10.68096747819785,1.8602214861543265,0.35318361315743763,0.24748117351016005
safety,A4c,2,2,motor_fault,50004,250,9.3759789659475423,1.632941731335507,0.38697864914108143,0.35367627147784292
safety,A4c,2,2,motor_fault,50005,250,9.526520513428812,1.6591603881898793,0.41422073632273099,0.32247362542069924
safety,A4c,2,2,motor_fault,50006,250,5.7364051881582263,0.99906531932438303,0.49696509451060844,0.43955741868790693
safety,A4c,2,2,motor_fault,50007,250,10.243657884043966,1.7840586568219652,0.36964584268606704,0.24266787794061706
safety,A4c,2,2,motor_fault,50008,250,11.323208544947221,1.9720756448807262,0.38301993602737927,0.28147824678848787
safety,A4c,2,2,motor_fault,50009,250,9.5220533373240599,1.6583823746822588,0.37627134553960062,0.26468833812717757
safety,A4c,2,2,motor_fault,50010,250,8.7325444212372005,1.5208797137844474,0.39247290547590513,0.30805181827891165
safety,A4c,2,2,motor_fault,50011,250,2.9614448835282592,0.51577194796688619,0.65919510577384666,0.40439312381579223
safety,A4c,2,2,motor_fault,50012,250,6.9115542694502246,1.2037319447884212,0.44810899329170012,0.29032272993961827
safety,A4c,2,2,motor_fault,50013,250,11.664947852359546,2.0315937366275203,0.33977586113084712,0.29952236705008189
safety,A4c,2,2,motor_fault,50014,250,6.2296425358252545,1.0849686528732263,0.47026887997918138,0.32479379558932486
safety,A4c,2,2,motor_fault,50015,250,10.306943436610972,1.7950806119855398,0.36140272046602262,0.24093370948688902
safety,A4c,2,2,motor_fault,50016,250,9.9994563955189406,1.7415279725152879,0.37060506602140547,0.32915034025339091
safety,A4c,2,2,motor_fault,50017,250,11.040339909305615,1.922810602659246,0.38917873549200688,0.31883967598829444
safety,A4c,2,2,motor_fault,50018,85,5.0068279512819602,0.87200049541057356,0.55185674419365027,0.26574863061748016
safety,A4c,2,2,motor_fault,50019,250,9.3509152260894979,1.6285765736377156,0.37594509270182019,0.21145061439799762
safety,A4c,2,2,motor_fault,50020,250,4.3132848318858095,0.75121145500682029,0.5612170378292487,0.43331263632195177
safety,A4c,2,2,motor_fault,50021,250,2.7589209941458024,0.48049992871790015,0.64065873320360134,0.45202736593155446
safety,A4c,2,2,motor_fault,50022,250,9.312802925862961,1.6219388491138946,0.37988882836861804,0.23597801703798393
safety,A4c,2,2,motor_fault,50023,250,4.0642386225286575,0.707837003147743,0.57444176606028963,0.36660070920613486
safety,A4c,2,2,motor_fault,50024,250,4.5853441244829831,0.79859391756278708,0.56403507079431914,0.48848442408744941
safety,A4c,2,2,motor_fault,50025,250,5.7004471069734119,0.9928027784677228,0.48483791620404854,0.30570351125010153
safety,A4c,2,2,motor_fault,50026,250,5.3558884054339115,0.93279365465440323,0.53322216722435112,0.3132723659779964
safety,A4c,2,2,motor_fault,50027,50,2.9550244319563674,0.51465374758014915,0.61693078581190297,0.32932879316975883
safety,A4c,2,2,motor_fault,50028,250,8.0507949814912401,1.4021446873387824,0.40422654642446537,0.22125243854506535
safety,A4c,2,2,motor_fault,50029,81,9.2566020916449041,1.6121507845433745,0.36467902194484858,0.25091990023277078
safety,A4c,2,2,motor_fault,50030,250,4.8856498006237654,0.85089583424884385,0.56189866082571283,0.35779409743379709
safety,A4c,2,2,motor_fault,50031,250,4.47740822437998,0.77979555674867007,0.56107584432466895,0.34332234677281126
safety,A4c,2,2,motor_fault,50032,250,9.2376525017740541,1.60885048105462,0.38240459267099536,0.21620335439949828
safety,A4c,2,2,motor_fault,50033,250,5.5465315342969603,0.96599649374389807,0.51948276541985505,0.4769024906009372
safety,A4c,2,2,motor_fault,50034,250,4.0937854603917536,0.71298294734737122,0.56722519551977191,0.46918822491953988
safety,A4c,2,2,motor_fault,50035,250,3.9169216313999371,0.68217994233067458,0.59045475455141172,0.43430405686359014
safety,A4c,2,2,motor_fault,50036,250,10.753603200979168,1.8728718881386002,0.39002826984719374,0.33938087326365601
safety,A4c,2,2,motor_fault,50037,250,9.3294716154038007,1.6248419058354133,0.38961468928133774,0.37483832288947849
safety,A4c,2,2,motor_fault,50038,250,5.5671941258043312,0.96959513747725834,0.49778288053235975,0.31491848952764928
safety,A4c,2,2,motor_fault,50039,250,4.9193455037466691,0.85676435421842989,0.54552194402603882,0.50614516704701129
safety,A4c,2,2,motor_fault,50040,250,3.1995364432856661,0.55723851324168783,0.63471333571396715,0.32578545581541296
safety,A4c,2,2,motor_fault,50041,250,7.0255506227086508,1.2235858078497421,0.44677861553343889,0.35922055978797457
safety,A4c,2,2,motor_fault,50042,56,2.5758432184628699,0.44861468867219267,0.65421447671561295,0.37157092111566903
safety,A4c,2,2,motor_fault,50043,32,4.7180402912314889,0.82170458249269629,0.5641798461795231,0.51557906512393792
safety,A4c,2,2,motor_fault,50044,250,9.9411387392205235,1.731371237417094,0.37001884270190805,0.31798422945040206
safety,A4c,2,2,motor_fault,50045,250,9.6600142615802262,1.6824099617032737,0.36964138546467235,0.19566100421238758
safety,A4c,2,2,motor_fault,50046,250,8.5325839862462729,1.4860541515579768,0.3976734264691742,0.26026619407541329
safety,A4c,2,2,motor_fault,50047,250,4.5360979424835506,0.79001709097349138,0.55563903218323596,0.50049592298444767
safety,A4c,2,2,motor_fault,50048,250,5.4080075137055541,0.94187083658984261,0.53386008272866114,0.35461155851337489
safety,A4c,2,2,motor_fault,50049,250,9.2523474449717593,1.6114097856428971,0.38123242440106475,0.17682250743462122
safety,A4c,2,2,motor_fault,50050,250,2.998049981512708,0.52214717473472805,0.5905605474328619,0.30089274547323558
safety,A4c,2,2,motor_fault,50051,250,2.8663302206860566,0.49920656287152371,0.61581281387364117,0.30376390147090321
safety,A4c,2,2,motor_fault,50052,250,2.8884335902256404,0.50305613577003427,0.63614723411960772,0.25098103431090796
safety,A4c,2,2,motor_fault,50053,250,9.5069931311192448,1.6557594550614194,0.38910676423092855,0.34752649121193441
safety,A4c,2,2,motor_fault,50054,250,2.5279530974770097,0.44027403674021448,0.63390018031168416,0.31665855662223635
safety,A4c,2,2,motor_fault,50055,250,9.9207233574076099,1.7278156482839986,0.36734572648149483,0.22377528958264567
safety,A4c,2,2,motor_fault,50056,32,4.061489669207587,0.70735823921154262,0.60967784461038921,0.53456578120202647
safety,A4c,2,2,motor_fault,50057,250,4.6308574762123698,0.80652062597817398,0.52795123668769517,0.35052120391485481
safety,A4c,2,2,motor_fault,50058,250,9.0482576546718505,1.5758650455436904,0.37909642800737714,0.20289902011850272
safety,A4c,2,2,motor_fault,50059,250,4.4857597965934328,0.78125008547992458,0.55386580265889074,0.4346302560798937
safety,A4c,2,2,motor_fault,50060,250,9.2835375700130172,1.6168419284591746,0.37099447158234444,0.16645053288514408
safety,A4c,2,2,motor_fault,50061,250,3.4984244031693725,0.60929351725358227,0.62206772572179503,0.4238758447158999
safety,A4c,2,2,motor_fault,50062,250,11.903959828170581,2.0732206036467713,0.35924944305577344,0.28965790867162561
safety,A4c,2,2,motor_fault,50063,250,4.8084025225188149,0.83744227334520061,0.55334413555142437,0.45841381803750664
safety,A4c,2,2,motor_fault,50064,250,6.8959494412964242,1.2010141725754921,0.45671496006623941,0.42043764980426923
safety,A4c,2,2,motor_fault,50065,250,5.0613626275199319,0.88149837813378373,0.53859108678237255,0.44684394783275633
safety,A4c,2,2,motor_fault,50066,250,9.3587424558268921,1.6299397816958141,0.37812702308955226,0.24743652011741729
safety,A4c,2,2,motor_fault,50067,250,4.0429412094261465,0.70412779744763543,0.56354756849777687,0.47536109684496625
safety,A4c,2,2,motor_fault,50068,250,3.8170667141541079,0.66478898379269435,0.60066336548472787,0.46992617661963487
safety,A4c,2,2,motor_fault,50069,250,6.0898658133836623,1.0606248223278354,0.46372357525335461,0.30097722293215434
safety,A4c,2,2,motor_fault,50070,250,2.8612456703473468,0.49832102606909379,0.64250552525445903,0.47636983064783928
safety,A4c,2,2,motor_fault,50071,250,6.4344145006532614,1.1206322020332287,0.47485782525853321,0.45217847684355084
safety,A4c,2,2,motor_fault,50072,250,5.4890954023781173,0.9559932869281188,0.53412503068228379,0.3266860247596301
safety,A4c,2,2,motor_fault,50073,250,4.5880209790606541,0.79906012461854858,0.5144238790850808,0.26556670162284324
safety,A4c,2,2,motor_fault,50074,250,3.4597403561634641,0.60255621601577936,0.61323376068099289,0.47407789215452806
safety,A4c,2,2,motor_fault,50075,250,5.9086598021096002,1.0290655730107305,0.51936147957844936,0.39143746713333388
safety,A4c,2,2,motor_fault,50076,250,6.1543350088618158,1.0718529234215182,0.51371687396173837,0.36915479935251377
safety,A4c,2,2,motor_fault,50077,49,3.5547659924224457,0.61910609603978151,0.59364297281215361,0.35883871862118999
safety,A4c,2,2,motor_fault,50078,250,6.143636769311005,1.0699896937920801,0.4899172703847347,0.433018854143006
safety,A4c,2,2,motor_fault,50079,250,5.0430864825327841,0.87831536333118643,0.53064491137049885,0.25136610082032412
safety,A4c,2,2,motor_fault,50080,250,3.8454975008919514,0.66974055400072685,0.56276477529096258,0.30915463445177294
safety,A4c,2,2,motor_fault,50081,78,3.0448685745571984,0.53030120693365124,0.63223324018130478,0.32583541723950649
safety,A4c,2,2,motor_fault,50082,42,6.9635541844015467,1.2127883677452458,0.48359280301380203,0.40095095177149653
safety,A4c,2,2,motor_fault,50083,75,3.9642411731728244,0.69042122089467917,0.58015523566565208,0.30580251014113796
safety,A4c,2,2,motor_fault,50084,67,6.4956641107009476,1.1312995728366557,0.49080773697497299,0.45567894173608475
safety,A4c,2,2,motor_fault,50085,250,5.3733045285740104,0.93582688610434928,0.51549743189447317,0.30718038079849624
safety,A4c,2,2,motor_fault,50086,60,11.869096749379665,2.0671487708869831,0.33452090295717546,0.2440818457201592
safety,A4c,2,2,motor_fault,50087,250,3.3749133014179584,0.58778254404581254,0.61143982515901074,0.45738694691274057
safety,A4c,2,2,motor_fault,50088,250,7.8755709986858005,1.371627281647813,0.4428591319753607,0.29947679016483769
safety,A4c,2,2,motor_fault,50089,250,3.6112836495333136,0.62894933920285112,0.61958054606732238,0.34683773805027568
safety,A4c,2,2,motor_fault,50090,250,9.9431415329777195,1.7317200485137552,0.37020430712341279,0.28173515512800668
safety,A4c,2,2,motor_fault,50091,128,4.5901025103982693,0.7994226488305396,0.57549453965215136,0.41237387667465814
safety,A4c,2,2,motor_fault,50092,250,3.602775941243153,0.62746761745886159,0.60741496174437737,0.38909927251256377
safety,A4c,2,2,motor_fault,50093,250,6.0467009711255262,1.053107135640843,0.48865741673482715,0.35136700642394414
safety,A4c,2,2,motor_fault,50094,33,5.0491772884760513,0.87937615188866392,0.55191920616655021,0.46511925839967505
safety,A4c,2,2,motor_fault,50095,250,9.3823313723799799,1.6340480808266489,0.40930471015883313,0.37731014525758655
safety,A4c,2,2,motor_fault,50096,250,10.554466442566305,1.83818977929042,0.36039978267533662,0.30994991926455545
safety,A4c,2,2,motor_fault,50097,250,3.5436451745309401,0.61716926920947657,0.60537596942887162,0.3871320831263747
safety,A4c,2,2,motor_fault,50098,250,9.7340865210099174,1.6953105541636824,0.36350399988576509,0.24584978989939574
safety,A4c,2,2,motor_fault,50099,250,5.6312868009001553,0.98075766292841504,0.51065362707932072,0.27032864075055413
safety,A6c,2,2,motor_fault,50000,250,4.8039952436979085,0.83667469168418929,0.56489242725302236,0.40859123559913696
safety,A6c,2,2,motor_fault,50001,250,5.1848452111552481,0.90300438456186627,0.54415225716999249,0.3961357971574016
safety,A6c,2,2,motor_fault,50002,250,5.1685638065400328,0.90016877826011332,0.53501884149150158,0.31947560892063998
safety,A6c,2,2,motor_fault,50003,250,10.322824741799572,1.797846536065012,0.39438491496116068,0.31300814811645405
safety,A6c,2,2,motor_fault,50004,250,2.2563083153933405,0.39296376627405893,0.69517723025691025,0.38542973834598299
safety,A6c,2,2,motor_fault,50005,250,2.318633282818809,0.40381842375385935,0.67178680689926107,0.38544907096594677
safety,A6c,2,2,motor_fault,50006,250,7.1940006697105003,1.2529234495396144,0.47135944041486272,0.43665247943823809
safety,A6c,2,2,motor_fault,50007,250,8.9804702130139127,1.5640590311802045,0.40378040012467353,0.30584953325743375
safety,A6c,2,2,motor_fault,50008,250,4.8791438342874187,0.84976274041705635,0.55839723410433229,0.40177372813685858
safety,A6c,2,2,motor_fault,50009,250,5.864118015025154,1.0213080744942968,0.49718133822899152,0.26243216531244284
safety,A6c,2,2,motor_fault,50010,250,8.4391196636934573,1.4697761934650886,0.41704734934267035,0.34071661803548792
safety,A6c,2,2,motor_fault,50011,250,4.2681917999514152,0.74335795043886543,0.58037643027461128,0.39411295306535166
safety,A6c,2,2,motor_fault,50012,72,5.4818884042016887,0.95473809980337243,0.51734632986200446,0.45764404551170418
safety,A6c,2,2,motor_fault,50013,250,8.8828295764255483,1.5470537167764098,0.41429505842272618,0.31359867605562569
safety,A6c,2,2,motor_fault,50014,250,6.2331809580575133,1.0855849125029808,0.5173541482772589,0.38762719462034761
safety,A6c,2,2,motor_fault,50015,250,9.8092286731182234,1.7083974815560812,0.42471336904094925,0.33426679998033398
safety,A6c,2,2,motor_fault,50016,250,7.9777717469295073,1.3894267954251989,0.45150707926368139,0.32196337808538694
safety,A6c,2,2,motor_fault,50017,250,3.1162646470419171,0.54273570861472131,0.6524230078412061,0.41155389274225079
safety,A6c,2,2,motor_fault,50018,57,7.6080534413032028,1.3250358179828945,0.46968214032386801,0.26378230418019527
safety,A6c,2,2,motor_fault,50019,250,6.7043669256756022,1.1676477277607495,0.4736220374481544,0.41131171950884071
safety,A6c,2,2,motor_fault,50020,250,4.1624334255191933,0.72493883242721069,0.57969894087096818,0.41623673863730559
safety,A6c,2,2,motor_fault,50021,250,4.3266437754822133,0.75353807887877566,0.584021221465028,0.48001315522921656
safety,A6c,2,2,motor_fault,50022,250,9.2665367082015457,1.613881019862702,0.40906226560081016,0.36330188407888137
safety,A6c,2,2,motor_fault,50023,250,4.1579064271696522,0.72415040014195264,0.57335704418097833,0.41854343627297191
safety,A6c,2,2,motor_fault,50024,250,4.6915219576989386,0.8170860894662032,0.56183304466982531,0.43330787492208672
safety,A6c,2,2,motor_fault,50025,250,5.6883516985047287,0.99069621473525327,0.52318266349451992,0.38348304701980118
safety,A6c,2,2,motor_fault,50026,250,4.8281121303478756,0.84087494328283818,0.54356898274930487,0.33723346830781831
safety,A6c,2,2,motor_fault,50027,250,2.3761860539054327,0.41384194471126262,0.68516141329206537,0.39420417812697561
safety,A6c,2,2,motor_fault,50028,250,8.0572491422488888,1.4032687585936552,0.4236741962332719,0.3644655680901539
safety,A6c,2,2,motor_fault,50029,250,8.0898295325573422,1.4089430331575268,0.42385096399536681,0.33293278298805945
safety,A6c,2,2,motor_fault,50030,250,5.0581439742086278,0.88093781018351225,0.55773569058286532,0.43656800762765841
safety,A6c,2,2,motor_fault,50031,76,3.9807724216003129,0.6933003405606214,0.60017203242199724,0.34830133581954803
safety,A6c,2,2,motor_fault,50032,250,9.1940719658145085,1.6012603962111311,0.412429540880627,0.34894285878026271
safety,A6c,2,2,motor_fault,50033,27,3.3104809076555854,0.57656085242229815,0.63173598290102417,0.5450649802283315
safety,A6c,2,2,motor_fault,50034,250,5.2391055516421723,0.91245448834936105,0.52803290441307127,0.30932657126995844
safety,A6c,2,2,motor_fault,50035,250,2.6755029546720266,0.46597165403878188,0.64359873298994952,0.39230656063522545
safety,A6c,2,2,motor_fault,50036,250,5.9042326571580031,1.0282945314194056,0.50394313661154522,0.37482690855735645
safety,A6c,2,2,motor_fault,50037,250,1.6415248156237197,0.28589167959848355,0.71435914979728066,0.44214198317286585
safety,A6c,2,2,motor_fault,50038,250,6.0254406490639472,1.0494043898004275,0.51043284258017241,0.34375001056700766
safety,A6c,2,2,motor_fault,50039,250,5.3593267145139318,0.9333924783508285,0.52781904669978641,0.3888141839811835
safety,A6c,2,2,motor_fault,50040,250,3.1722059407672543,0.55247857102522457,0.64261547769156779,0.43487265885046678
safety,A6c,2,2,motor_fault,50041,250,7.0040529317322049,1.2198417213015227,0.45227571311294879,0.40096003246937278
safety,A6c,2,2,motor_fault,50042,72,2.7328980275827321,0.47596770992471393,0.64694327111546057,0.38524467851008071
safety,A6c,2,2,motor_fault,50043,36,4.0889783576260488,0.71214573144261639,0.58078279307147751,0.50931278362421661
safety,A6c,2,2,motor_fault,50044,250,4.9425522429240747,0.86080609247196427,0.55690614014768858,0.39093905271627916
safety,A6c,2,2,motor_fault,50045,250,6.0934636297723177,1.0612514261783832,0.48639457758123444,0.39668779791751685
safety,A6c,2,2,motor_fault,50046,250,8.55101072982049,1.4892633949515723,0.40980617701797012,0.32671501556912291
safety,A6c,2,2,motor_fault,50047,250,5.8169772295145172,1.0130979285257713,0.5056182076002419,0.45883516260844703
safety,A6c,2,2,motor_fault,50048,250,5.3932859784884739,0.93930690067524591,0.54623944439614247,0.38548593829647393
safety,A6c,2,2,motor_fault,50049,250,8.6403424004385148,1.5048216010239073,0.41299466838911919,0.33849507296520648
safety,A6c,2,2,motor_fault,50050,250,3.1656041849422816,0.55132879427915493,0.61580444566305881,0.39007014919920452
safety,A6c,2,2,motor_fault,50051,250,5.956281124211122,1.0373594103202395,0.50442083018427919,0.41011640608419048
safety,A6c,2,2,motor_fault,50052,250,7.2485571310049259,1.2624251263975952,0.49448800900767953,0.35955206668816808
safety,A6c,2,2,motor_fault,50053,250,9.2574860616818491,1.6123047387670155,0.42358681902497619,0.3685529291269129
safety,A6c,2,2,motor_fault,50054,250,2.4876118844989885,0.43324811972357502,0.65276218589083157,0.39971009784942702
safety,A6c,2,2,motor_fault,50055,250,6.0080309287459874,1.0463722734804861,0.49203263656010293,0.30689776859563328
safety,A6c,2,2,motor_fault,50056,250,3.8100536016584936,0.66356756423722918,0.60579652964034214,0.57905066244851144
safety,A6c,2,2,motor_fault,50057,250,5.447691861882479,0.94878235254506205,0.51307625712690108,0.42431494779650664
safety,A6c,2,2,motor_fault,50058,250,8.8916028952579822,1.5485816978539937,0.40960890348962714,0.33329221791224561
safety,A6c,2,2,motor_fault,50059,250,2.4222318457473464,0.42186138410251239,0.66284745963238356,0.392659631746335
safety,A6c,2,2,motor_fault,50060,250,9.7528319524060478,1.6985753009501035,0.39571494259114071,0.33436658721767704
safety,A6c,2,2,motor_fault,50061,250,5.4181091743021295,0.94363016467748495,0.52869581046391079,0.42235454164182673
safety,A6c,2,2,motor_fault,50062,250,2.0581683327828735,0.35845525815711216,0.68572547386811988,0.37302110451319459
safety,A6c,2,2,motor_fault,50063,250,4.6952733126775135,0.81773943394530413,0.54675944101129692,0.42487895375242812
safety,A6c,2,2,motor_fault,50064,250,6.6822086799163749,1.1637885974955426,0.46851122374402843,0.43743487840994544
safety,A6c,2,2,motor_fault,50065,250,4.8214582054685939,0.83971608065611814,0.56818825032384934,0.50747547635262735
safety,A6c,2,2,motor_fault,50066,250,6.2311394485036677,1.085229358575492,0.49010154916239312,0.28035457133490571
safety,A6c,2,2,motor_fault,50067,250,3.3969501299061831,0.5916205280041168,0.62772741303652424,0.46846856041651652
safety,A6c,2,2,motor_fault,50068,40,3.6378866939639263,0.63358258567120318,0.6059219134368512,0.48634623927697646
safety,A6c,2,2,motor_fault,50069,250,5.895708441559024,1.0268099347251267,0.48242948404235936,0.40411744438806241
safety,A6c,2,2,motor_fault,50070,250,4.187761234345329,0.72934998097454584,0.58557449088169411,0.45347292524681226
safety,A6c,2,2,motor_fault,50071,65,5.750085316845932,1.0014478815192565,0.50663669230800856,0.47384744328700956
safety,A6c,2,2,motor_fault,50072,250,6.9929347654095952,1.2179053562744619,0.50550797184643959,0.41940697996433596
safety,A6c,2,2,motor_fault,50073,250,5.7223993850583819,0.99662603693630725,0.51190430588435898,0.35179262933530614
safety,A6c,2,2,motor_fault,50074,250,2.4930770013376571,0.43419993684954106,0.64846782557007732,0.48029064084031381
safety,A6c,2,2,motor_fault,50075,250,5.3327539942929922,0.92876451321551101,0.55021300947778318,0.39620596469954728
safety,A6c,2,2,motor_fault,50076,40,4.668739153438108,0.81311818467786312,0.53933700153668107,0.35939758250196918
safety,A6c,2,2,motor_fault,50077,250,2.7269122404101815,0.47492521167418988,0.66301396087066988,0.42642479030278552
safety,A6c,2,2,motor_fault,50078,250,4.535731431317183,0.78995325855868581,0.54738191994642083,0.44835422747700354
safety,A6c,2,2,motor_fault,50079,250,11.18385499360161,1.9478055147718052,0.39364610510244191,0.25857129498312942
safety,A6c,2,2,motor_fault,50080,250,4.4906504880021423,0.78210185937205579,0.54290299839265366,0.36228344185681793
safety,A6c,2,2,motor_fault,50081,250,2.3423189343402315,0.40794357046586377,0.67715779917126107,0.38601944843490726
safety,A6c,2,2,motor_fault,50082,36,5.0276793432153131,0.87563202105371618,0.5301867277378477,0.41876781981789424
safety,A6c,2,2,motor_fault,50083,71,4.5442762272634107,0.79144143957285173,0.57440193081808777,0.41794730137239083
safety,A6c,2,2,motor_fault,50084,55,5.7343374208913582,0.99870519229412602,0.52871118495850267,0.4713886214508165
safety,A6c,2,2,motor_fault,50085,250,7.2156534647301775,1.2566945493592814,0.49149336682162542,0.39167750863412076
safety,A6c,2,2,motor_fault,50086,62,9.286005073441661,1.6172716744446851,0.389264710464163,0.27224494812462913
safety,A6c,2,2,motor_fault,50087,250,3.6500417561966563,0.63569953883832231,0.60388818431299618,0.50631830719765825
safety,A6c,2,2,motor_fault,50088,250,6.5218218591078738,1.1358552655410203,0.49308287250181854,0.38357054329168122
safety,A6c,2,2,motor_fault,50089,250,3.7062656776478535,0.64549162433365403,0.61186858706925384,0.42168253569938979
safety,A6c,2,2,motor_fault,50090,250,9.8781257852369873,1.7203967586401954,0.39293638942553633,0.30300274292910306
safety,A6c,2,2,motor_fault,50091,250,7.4376022334367597,1.2953496495846351,0.4828792394480767,0.36082424750908648
safety,A6c,2,2,motor_fault,50092,250,3.8217887475222332,0.66561138381850238,0.60073940775754298,0.39493176803038293
safety,A6c,2,2,motor_fault,50093,43,5.486302366884602,0.95550684554092846,0.51062479414721018,0.28629039035559556
safety,A6c,2,2,motor_fault,50094,40,4.2634310738114252,0.74252881159227846,0.58098665335602118,0.42909356182665848
safety,A6c,2,2,motor_fault,50095,250,9.5523300106343783,1.6636554286762995,0.41155248730917732,0.37341999448797514
safety,A6c,2,2,motor_fault,50096,250,7.869932422567631,1.3706452544608803,0.44077567355572889,0.33437165075619008
safety,A6c,2,2,motor_fault,50097,250,3.9057081160912501,0.68022697110825314,0.60099353859142979,0.39909082979290622
safety,A6c,2,2,motor_fault,50098,83,9.9151129190342235,1.7268385216304234,0.40592609219015657,0.2544346874668415
safety,A6c,2,2,motor_fault,50099,46,5.541389743277203,0.96510098777481879,0.54223080824288983,0.39735809621298834
safety,A6c_gate_off_control,2,2,motor_fault,50000,250,4.8166990139885142,0.83888720908937675,1,1
safety,A6c_gate_off_control,2,2,motor_fault,50001,250,5.2855205940455576,0.92053823725467177,1,1
safety,A6c_gate_off_control,2,2,motor_fault,50002,250,5.5272601820968124,0.96264015139914905,1,1
safety,A6c_gate_off_control,2,2,motor_fault,50003,250,10.291347074760928,1.7923643142832473,1,1
safety,A6c_gate_off_control,2,2,motor_fault,50004,250,1.9134128423691052,0.33324431410582173,1,1
safety,A6c_gate_off_control,2,2,motor_fault,50005,250,2.3473572669396168,0.4088210578821394,1,1
safety,A6c_gate_off_control,2,2,motor_fault,50006,68,5.1769399720448419,0.90162759021468919,1,1
safety,A6c_gate_off_control,2,2,motor_fault,50007,250,9.1804152549188061,1.5988819125119493,1,1
safety,A6c_gate_off_control,2,2,motor_fault,50008,250,4.3969226249665088,0.76577800247181615,1,1
safety,A6c_gate_off_control,2,2,motor_fault,50009,250,6.0696823291151434,1.0571096209962709,1,1
safety,A6c_gate_off_control,2,2,motor_fault,50010,74,7.8318515132194069,1.36401299704352,1,1
safety,A6c_gate_off_control,2,2,motor_fault,50011,250,3.5495894128135088,0.61820453121122187,1,1
safety,A6c_gate_off_control,2,2,motor_fault,50012,50,5.0851359252857629,0.88563878951421471,1,1
safety,A6c_gate_off_control,2,2,motor_fault,50013,250,9.3040820378977394,1.6204199995148891,1,1
safety,A6c_gate_off_control,2,2,motor_fault,50014,250,6.0405024129604286,1.0520275807123753,1,1
safety,A6c_gate_off_control,2,2,motor_fault,50015,250,9.2101486485749469,1.604060347691004,1,1
safety,A6c_gate_off_control,2,2,motor_fault,50016,250,7.2284447709564716,1.2589223122212787,1,1
safety,A6c_gate_off_control,2,2,motor_fault,50017,250,3.2798739613083674,0.5712302773281519,1,1
safety,A6c_gate_off_control,2,2,motor_fault,50018,57,7.515959386708766,1.3089965088610072,1,1
safety,A6c_gate_off_control,2,2,motor_fault,50019,250,6.6161454278359315,1.1522828718938012,1,1
safety,A6c_gate_off_control,2,2,motor_fault,50020,250,4.2451174137593437,0.73933926308100861,1,1
safety,A6c_gate_off_control,2,2,motor_fault,50021,250,3.5554787045476663,0.61923022359765345,1,1
safety,A6c_gate_off_control,2,2,motor_fault,50022,250,7.7436868640194092,1.3486580420644072,1,1
safety,A6c_gate_off_control,2,2,motor_fault,50023,250,3.0558776083584629,0.53221856519363231,1,1
safety,A6c_gate_off_control,2,2,motor_fault,50024,250,3.8828859898430177,0.67625221791353118,1,1
safety,A6c_gate_off_control,2,2,motor_fault,50025,250,5.3961492163908815,0.93980556867296261,1,1
safety,A6c_gate_off_control,2,2,motor_fault,50026,250,4.8716395753977402,0.8484557816932573,1,1
safety,A6c_gate_off_control,2,2,motor_fault,50027,45,3.8597479768169189,0.67222244916215868,1,1
safety,A6c_gate_off_control,2,2,motor_fault,50028,60,7.2564202750661551,1.2637945893756712,1,1
safety,A6c_gate_off_control,2,2,motor_fault,50029,250,8.4166288756855749,1.4658591468887177,1,1
safety,A6c_gate_off_control,2,2,motor_fault,50030,250,5.0995767730757198,0.88815384027080535,1,1
safety,A6c_gate_off_control,2,2,motor_fault,50031,75,3.7198938827108039,0.64786514339244383,1,1
safety,A6c_gate_off_control,2,2,motor_fault,50032,250,7.7227117929474405,1.3450049761823759,1,1
safety,A6c_gate_off_control,2,2,motor_fault,50033,27,3.3145263207293851,0.5772654107252434,1,1
safety,A6c_gate_off_control,2,2,motor_fault,50034,228,5.3949886090749049,0.93960343467427998,1,1
safety,A6c_gate_off_control,2,2,motor_fault,50035,250,2.7647983403110619,0.4815235406369982,1,1
safety,A6c_gate_off_control,2,2,motor_fault,50036,250,5.725076029547739,0.99709220740261217,1,1
safety,A6c_gate_off_control,2,2,motor_fault,50037,250,1.5029236038179437,0.26175257864771151,1,1
safety,A6c_gate_off_control,2,2,motor_fault,50038,250,5.6821628494300063,0.98961835076395432,1,1
safety,A6c_gate_off_control,2,2,motor_fault,50039,194,5.0755118141923461,0.88396263252959195,1,1
safety,A6c_gate_off_control,2,2,motor_fault,50040,250,2.9381119467246539,0.51170823084896166,1,1
safety,A6c_gate_off_control,2,2,motor_fault,50041,52,6.9220661013256315,1.2055627092349368,1,1
safety,A6c_gate_off_control,2,2,motor_fault,50042,70,2.6931747352721191,0.469049411370971,1,1
safety,A6c_gate_off_control,2,2,motor_fault,50043,34,4.253933430853893,0.74087468058462513,1,1
safety,A6c_gate_off_control,2,2,motor_fault,50044,250,5.6699186845823553,0.98748587928362186,1,1
safety,A6c_gate_off_control,2,2,motor_fault,50045,250,6.1972844534535572,1.0793330959631009,1,1
safety,A6c_gate_off_control,2,2,motor_fault,50046,71,8.2331391486983243,1.4339021604708668,1,1
safety,A6c_gate_off_control,2,2,motor_fault,50047,250,4.8443117557391062,0.84369630672972917,1,1
safety,A6c_gate_off_control,2,2,motor_fault,50048,250,3.3635282571625886,0.58579969895355966,1,1
safety,A6c_gate_off_control,2,2,motor_fault,50049,110,8.0181215982013079,1.3964542169066467,1,1
safety,A6c_gate_off_control,2,2,motor_fault,50050,250,2.9456248389101982,0.51301669316712128,1,1
safety,A6c_gate_off_control,2,2,motor_fault,50051,250,5.9555305872315998,1.0372286951000769,1,1
safety,A6c_gate_off_control,2,2,motor_fault,50052,250,7.6070431195248158,1.3248598580538036,1,1
safety,A6c_gate_off_control,2,2,motor_fault,50053,96,6.6353398178295144,1.1556258103263515,1,1
safety,A6c_gate_off_control,2,2,motor_fault,50054,250,1.9871210033133333,0.34608149434939539,1,1
safety,A6c_gate_off_control,2,2,motor_fault,50055,250,7.5270469149755472,1.3109275378948761,1,1
safety,A6c_gate_off_control,2,2,motor_fault,50056,250,4.1139810908971786,0.71650026409506373,1,1
safety,A6c_gate_off_control,2,2,motor_fault,50057,250,4.8821061987113117,0.85027867251425571,1,1
safety,A6c_gate_off_control,2,2,motor_fault,50058,250,8.8496584876126825,1.5412765648232014,1,1
safety,A6c_gate_off_control,2,2,motor_fault,50059,250,2.54121604137302,0.44258394108693011,1,1
safety,A6c_gate_off_control,2,2,motor_fault,50060,250,8.4830373742794958,1.4774250014051575,1,1
safety,A6c_gate_off_control,2,2,motor_fault,50061,250,4.1262084987022201,0.71862981713090424,1,1
safety,A6c_gate_off_control,2,2,motor_fault,50062,250,1.8450141458210703,0.32133184220631245,1,1
safety,A6c_gate_off_control,2,2,motor_fault,50063,250,4.8694953024046157,0.84808233025244617,1,1
safety,A6c_gate_off_control,2,2,motor_fault,50064,54,5.3342069389514037,0.92901756134783497,1,1
safety,A6c_gate_off_control,2,2,motor_fault,50065,250,3.4011191185017182,0.59234660849980014,1,1
safety,A6c_gate_off_control,2,2,motor_fault,50066,250,6.2553795142849102,1.0894510633306187,1,1
safety,A6c_gate_off_control,2,2,motor_fault,50067,250,3.6543359809293854,0.63644743074329291,1,1
safety,A6c_gate_off_control,2,2,motor_fault,50068,250,3.6974331403281422,0.64395332963020835,1,1
safety,A6c_gate_off_control,2,2,motor_fault,50069,62,6.4881613417021455,1.1299928735956259,1,1
safety,A6c_gate_off_control,2,2,motor_fault,50070,250,3.5436190505201313,0.61716471939258877,1,1
safety,A6c_gate_off_control,2,2,motor_fault,50071,41,5.718122006277186,0.99588107896040834,1,1
safety,A6c_gate_off_control,2,2,motor_fault,50072,250,7.1161989413750746,1.2393733243281182,1,1
safety,A6c_gate_off_control,2,2,motor_fault,50073,250,5.6972887606926381,0.99225271372647117,1,1
safety,A6c_gate_off_control,2,2,motor_fault,50074,250,3.4445699219803716,0.59991409884059999,1,1
safety,A6c_gate_off_control,2,2,motor_fault,50075,250,4.798684173023509,0.83574970358707468,1,1
safety,A6c_gate_off_control,2,2,motor_fault,50076,40,4.668739153438108,0.81311818467786312,1,1
safety,A6c_gate_off_control,2,2,motor_fault,50077,55,3.655856920860908,0.63671232108637688,1,1
safety,A6c_gate_off_control,2,2,motor_fault,50078,250,6.990548966468487,1.2174898401275442,1,1
safety,A6c_gate_off_control,2,2,motor_fault,50079,250,10.28640877672813,1.7915042491136459,1,1
safety,A6c_gate_off_control,2,2,motor_fault,50080,250,4.1684199822759247,0.72598146471025859,1,1
safety,A6c_gate_off_control,2,2,motor_fault,50081,250,2.4284948454421773,0.42295216231374499,1,1
safety,A6c_gate_off_control,2,2,motor_fault,50082,32,4.7633881400991864,0.82960246655486214,1,1
safety,A6c_gate_off_control,2,2,motor_fault,50083,70,4.8127973745831207,0.83820769073413837,1,1
safety,A6c_gate_off_control,2,2,motor_fault,50084,39,5.4377670765491644,0.94705382945385463,1,1
safety,A6c_gate_off_control,2,2,motor_fault,50085,250,7.0533805039679498,1.2284327229987064,1,1
safety,A6c_gate_off_control,2,2,motor_fault,50086,250,8.3048141452993107,1.4463852402077306,1,1
safety,A6c_gate_off_control,2,2,motor_fault,50087,250,4.3830355291652694,0.76335939441571266,1,1
safety,A6c_gate_off_control,2,2,motor_fault,50088,250,5.2602830729537358,0.91614281342362747,1,1
safety,A6c_gate_off_control,2,2,motor_fault,50089,250,2.3644695559174114,0.41180137288625795,1,1
safety,A6c_gate_off_control,2,2,motor_fault,50090,250,9.5174245936923221,1.6575762222082218,1,1
safety,A6c_gate_off_control,2,2,motor_fault,50091,250,7.6204130016983136,1.3271883870131194,1,1
safety,A6c_gate_off_control,2,2,motor_fault,50092,250,3.1991847075032682,0.55717725414121766,1,1
safety,A6c_gate_off_control,2,2,motor_fault,50093,43,5.486302366884602,0.95550684554092846,1,1
safety,A6c_gate_off_control,2,2,motor_fault,50094,38,4.4710610895010028,0.77869012536321791,1,1
safety,A6c_gate_off_control,2,2,motor_fault,50095,99,7.4730395039040198,1.301521484867199,1,1
safety,A6c_gate_off_control,2,2,motor_fault,50096,250,8.5055032035974598,1.4813377011195661,1,1
safety,A6c_gate_off_control,2,2,motor_fault,50097,250,3.9262381370948285,0.68380252606242842,1,1
safety,A6c_gate_off_control,2,2,motor_fault,50098,93,9.3431266294135931,1.6272200940011019,1,1
safety,A6c_gate_off_control,2,2,motor_fault,50099,48,5.2730774105040155,0.9183711042278756,1,1
heldout,A4c,3,3,id_reference,40000,250,1.0972243788194427,0.26892853588327847,0.71500130016388908,0.25920750608708765
heldout,A4c,3,3,id_reference,40001,250,7.1629484919790638,1.7556311067640424,0.36250361243270618,0.19613029766289219
heldout,A4c,3,3,id_reference,40002,250,2.7923638562844171,0.68440543066672788,0.55762531927795811,0.28340269331723611
heldout,A4c,3,3,id_reference,40003,250,5.6989082987200597,1.3967964023519504,0.41635320662281844,0.23819368524790965
heldout,A4c,3,3,id_reference,40004,56,6.8296258006801569,1.6739340673270067,0.36318531385794434,0.20444848020251372
heldout,A4c,3,3,id_reference,40005,250,6.2765344804791123,1.5383719691612192,0.38423223910128423,0.17867033183486347
heldout,A4c,3,3,id_reference,40006,52,6.2356660071615551,1.5283551495341334,0.38103274751281863,0.28397927492893121
heldout,A4c,3,3,id_reference,40007,78,5.2592991401145124,1.289048662084028,0.41668659712846162,0.17084566909123275
heldout,A4c,3,3,id_reference,40008,38,4.5182289112928871,1.1074131320403764,0.46941523856174072,0.3531640820931819
heldout,A4c,3,3,id_reference,40009,35,4.600605611637091,1.1276035742526596,0.45811026181909309,0.3480668201239841
heldout,A4c,3,3,id_reference,40010,250,2.9385653251092592,0.72023925619414964,0.58873322209389423,0.35223552995437601
heldout,A4c,3,3,id_reference,40011,35,4.6513094927467495,1.140031041937156,0.43934052030153509,0.3021066542266741
heldout,A4c,3,3,id_reference,40012,250,6.9328433608329068,1.6992325822571885,0.37564479294478603,0.21921392169830592
heldout,A4c,3,3,id_reference,40013,81,3.6088149087555252,0.88451672093687272,0.49163489059700871,0.25707714487657179
heldout,A4c,3,3,id_reference,40014,79,4.4100017094316328,1.0808867592208014,0.47223303792681615,0.3418949991839455
heldout,A4c,3,3,id_reference,40015,250,9.2605610945925179,2.269753739254309,0.31019283836059547,0.24256496996109239
heldout,A4c,3,3,id_reference,40016,62,3.9061825660947287,0.95740121954172219,0.53716461739965948,0.44734010076089603
heldout,A4c,3,3,id_reference,40017,250,3.0178869280750926,0.73968089726711617,0.53846282216007835,0.17446710208389751
heldout,A4c,3,3,id_reference,40018,64,5.1295382644195717,1.2572444085610437,0.38713750127495616,0.15150674887327259
heldout,A4c,3,3,id_reference,40019,28,3.520639293524682,0.86290497081320905,0.5303453721021657,0.36644268811802883
heldout,A4c,3,3,id_reference,40020,58,2.3340575658149501,0.57207504313499735,0.60013522219892679,0.24697601438255568
heldout,A4c,3,3,id_reference,40021,250,4.2825280930097911,1.0496431105288559,0.49970846661825941,0.42929697185250826
heldout,A4c,3,3,id_reference,40022,250,7.7135996903347079,1.8905951336438396,0.34578511652955191,0.1948589042661289
heldout,A4c,3,3,id_reference,40023,250,7.7859074875783687,1.9083176983453323,0.36260435385838208,0.16535383725791528
heldout,A4c,3,3,id_reference,40024,250,2.0311201650751545,0.49782540630784705,0.62312954538633081,0.42180493375674993
heldout,A4c,3,3,id_reference,40025,250,2.0066778774712839,0.49183462744270795,0.62484925992217244,0.25438933356723575
heldout,A4c,3,3,id_reference,40026,250,3.1200548622925663,0.76472214998963306,0.55625745484808919,0.41465628692623474
heldout,A4c,3,3,id_reference,40027,250,6.167904195962727,1.5117468012087827,0.38833444691193347,0.16633164070473236
heldout,A4c,3,3,id_reference,40028,65,2.5672447307461002,0.62922897086596907,0.61977075734876652,0.41341296379363685
heldout,A4c,3,3,id_reference,40029,70,6.8673473415296034,1.6831795771313165,0.33291240603131506,0.13705618408261849
heldout,A4c,3,3,id_reference,40030,250,4.4372876466922557,1.0875745136121115,0.46671303874907821,0.24388025571081665
heldout,A4c,3,3,id_reference,40031,58,4.3276632170005254,1.0607056817276461,0.47389450446316722,0.29142529650784849
heldout,A4c,3,3,id_reference,40032,250,3.3398922529700652,0.81860406215686976,0.57110624001857802,0.39516430247947715
heldout,A4c,3,3,id_reference,40033,250,3.0801629229112963,0.75494467779849173,0.55658229883881083,0.34735909606802662
heldout,A4c,3,3,id_reference,40034,51,5.0211077891737101,1.2306682136496871,0.44960676705092251,0.3298031836928732
heldout,A4c,3,3,id_reference,40035,250,2.5449499509242175,0.62376454388906399,0.59986365665689301,0.39090801494427985
heldout,A4c,3,3,id_reference,40036,250,9.4289117788342232,2.3110163140767739,0.31049876658379788,0.23460698970802726
heldout,A4c,3,3,id_reference,40037,70,4.1480213544539328,1.0166756510333044,0.47961709376668521,0.14691239046557258
heldout,A4c,3,3,id_reference,40038,250,3.66186501968996,0.89751924707231401,0.51585657510587057,0.33543499851403497
heldout,A4c,3,3,id_reference,40039,250,2.4470431086128319,0.59976768029031158,0.6004026797965113,0.34022174222762203
heldout,A4c,3,3,id_reference,40040,250,3.3255055783530882,0.81507790340970854,0.54395225107958145,0.43517500565751055
heldout,A4c,3,3,id_reference,40041,250,11.932419615389461,2.9246234395231778,0.27306467224610953,0.22660599048546037
heldout,A4c,3,3,id_reference,40042,250,5.2180906498645996,1.2789485046660956,0.4244011932009395,0.32639176701270084
heldout,A4c,3,3,id_reference,40043,250,1.6468508661036889,0.40364140716222141,0.66238223966783272,0.29484974583760498
heldout,A4c,3,3,id_reference,40044,250,4.748751854202939,1.1639140617690864,0.45590481145956208,0.29776092080617045
heldout,A4c,3,3,id_reference,40045,250,5.6832302822417917,1.3929537370790632,0.41921517038906903,0.27167881508777253
heldout,A4c,3,3,id_reference,40046,74,3.8823829785867701,0.9515679657909919,0.51514574092576304,0.26018762573889093
heldout,A4c,3,3,id_reference,40047,250,6.764146538702426,1.6578851694039261,0.38943503755716824,0.24793358642758986
heldout,A4c,3,3,id_reference,40048,36,3.9282739822107224,0.96281580228919517,0.4872835882727139,0.29001607962307513
heldout,A4c,3,3,id_reference,40049,250,7.6376042364797527,1.8719687282034247,0.34626710850287318,0.26373710107681336
heldout,A4c,3,3,id_reference,40050,70,1.948019973247697,0.47745763709748462,0.64293500742419296,0.42557666935959149
heldout,A4c,3,3,id_reference,40051,73,1.8398203354454177,0.45093802019963919,0.64368356263558846,0.37245797424889809
heldout,A4c,3,3,id_reference,40052,63,5.9668332276059113,1.4624645193230921,0.36612188036076593,0.15216899169895529
heldout,A4c,3,3,id_reference,40053,40,3.8068825098190926,0.93306288067245025,0.51541059597573635,0.4010780698624366
heldout,A4c,3,3,id_reference,40054,127,5.4389647993053334,1.333084525310726,0.43070516151758798,0.26828236718841109
heldout,A4c,3,3,id_reference,40055,250,4.7263165388233421,1.1584151896754802,0.45669418614663188,0.30837210102292045
heldout,A4c,3,3,id_reference,40056,29,3.1816915191462329,0.77982922945703559,0.57087825101207246,0.50342054685952864
heldout,A4c,3,3,id_reference,40057,250,3.0136019253623831,0.73863064762991371,0.54581581106156185,0.23908729025746472
heldout,A4c,3,3,id_reference,40058,250,1.1188363720874193,0.27422561259727724,0.71123905883996397,0.41177238070852112
heldout,A4c,3,3,id_reference,40059,250,4.756858124476393,1.1659009000477434,0.46178891187996524,0.38985298089516507
heldout,A4c,3,3,id_reference,40060,250,2.0425330594074484,0.50062269464943199,0.64967722108943005,0.46853349008346001
heldout,A4c,3,3,id_reference,40061,55,3.5564966696173235,0.8716935758053671,0.51180849079977042,0.25139762680850275
heldout,A4c,3,3,id_reference,40062,250,5.0768759276616944,1.2443369254665411,0.43387170827760257,0.19033195250815363
heldout,A4c,3,3,id_reference,40063,250,5.1434915647091426,1.260664347718476,0.44709883186806915,0.3441693095618355
heldout,A4c,3,3,id_reference,40064,33,3.5391651763626459,0.86744564512170308,0.52124017609355944,0.39546120801112522
heldout,A4c,3,3,id_reference,40065,250,8.7723552557046531,2.1500950039981297,0.32894354752508831,0.17238017897866545
heldout,A4c,3,3,id_reference,40066,250,3.7364352139299259,0.9157963228870738,0.49753462965844425,0.19758510863744183
heldout,A4c,3,3,id_reference,40067,250,3.0553896116529167,0.74887276538540359,0.55538998774948389,0.39818520029770554
heldout,A4c,3,3,id_reference,40068,250,3.0136261624983374,0.73863658812632627,0.55101592679033118,0.42216230041647507
heldout,A4c,3,3,id_reference,40069,250,2.631541391999773,0.64498801460116006,0.5657789862028777,0.26350543126743964
heldout,A4c,3,3,id_reference,40070,250,3.8878300385878877,0.95290303444171309,0.51013929619787868,0.37741376710182672
heldout,A4c,3,3,id_reference,40071,250,3.3385179160694554,0.81826721363470245,0.55493592762630373,0.34473539516852963
heldout,A4c,3,3,id_reference,40072,250,3.6574231425651273,0.896430547682459,0.52216990122079021,0.3682529979125167
heldout,A4c,3,3,id_reference,40073,89,5.6996483687403705,1.3969777927319449,0.40854987621228411,0.19770894695274299
heldout,A4c,3,3,id_reference,40074,72,5.4183956506930109,1.328043048719922,0.41173145298227332,0.25314283918042352
heldout,A4c,3,3,id_reference,40075,250,5.9274730380425282,1.4528173784504494,0.42556453340767725,0.33867699909099153
heldout,A4c,3,3,id_reference,40076,44,4.2506163258566172,1.0418215701186941,0.48941131595784576,0.37025445668172968
heldout,A4c,3,3,id_reference,40077,250,1.6075090731906267,0.39399877528913396,0.70708672644994608,0.40395279085466423
heldout,A4c,3,3,id_reference,40078,69,6.0359165423630667,1.4793967667742425,0.41066470099129271,0.26435187926082737
heldout,A4c,3,3,id_reference,40079,250,5.3869829136869543,1.3203438200715258,0.42076471340975707,0.29634302646263594
heldout,A4c,3,3,id_reference,40080,41,5.2251354307484004,1.2806751730169552,0.4088552100558579,0.25390724309218016
heldout,A4c,3,3,id_reference,40081,250,6.8305636650015646,1.6741639368812036,0.36462952693271222,0.17755583121151094
heldout,A4c,3,3,id_reference,40082,250,5.7547586754632238,1.4104852706782529,0.42405505253936709,0.2209759793540412
heldout,A4c,3,3,id_reference,40083,250,5.7771795205219405,1.4159805961115013,0.38681478118821466,0.1571939273322332
heldout,A4c,3,3,id_reference,40084,250,9.2142421619419874,2.2584010178038563,0.32167204959858486,0.2577951564936512
heldout,A4c,3,3,id_reference,40085,250,5.4543762481404858,1.3368618551359499,0.43828336299364717,0.33058585100655263
heldout,A4c,3,3,id_reference,40086,34,3.5213366484449065,0.86307589176730659,0.52134389370645895,0.42577177922444326
heldout,A4c,3,3,id_reference,40087,250,9.01782970554817,2.2102605322779509,0.32834231239348582,0.19183048069735587
heldout,A4c,3,3,id_reference,40088,31,4.1311405422843981,1.0125381818074035,0.49581433984723622,0.40218801785971059
heldout,A4c,3,3,id_reference,40089,91,5.2532260671823741,1.2875601583253804,0.41936124303516781,0.23524325062328857
heldout,A4c,3,3,id_reference,40090,62,5.0420475620012883,1.2358005298440358,0.41414043479623142,0.26793852274131441
heldout,A4c,3,3,id_reference,40091,250,6.9119969305859978,1.694123144230733,0.37655781629458168,0.27308086087484784
heldout,A4c,3,3,id_reference,40092,25,3.2818307856868576,0.8043732578755175,0.56376318185478025,0.48589933723711642
heldout,A4c,3,3,id_reference,40093,250,1.6152180405925085,0.39588823505377257,0.65685961503232759,0.27052563320664313
heldout,A4c,3,3,id_reference,40094,92,3.9565083814198019,0.96973602370189416,0.48950037515627387,0.32326437320576479
heldout,A4c,3,3,id_reference,40095,250,1.4188374203846119,0.34775555254339746,0.70918758409942262,0.24958093894542552
heldout,A4c,3,3,id_reference,40096,250,1.108048363969063,0.27158148320645198,0.73075148865411366,0.36406907844402203
heldout,A4c,3,3,id_reference,40097,59,7.4296656253920332,1.8210031943409795,0.32569811450951086,0.154446522816853
heldout,A4c,3,3,id_reference,40098,56,4.1740630270128598,1.0230584374609621,0.48223208170248644,0.24230669082757653
heldout,A4c,3,3,id_reference,40099,250,6.4541306846706998,1.5819006111542628,0.37342145862249965,0.1778140836710739
heldout,A6c,3,3,id_reference,40000,77,3.6488344867350251,0.89432547721357292,0.51142299916598544,0.27971669484127082
heldout,A6c,3,3,id_reference,40001,250,7.4830820171702062,1.8340954955241957,0.34309791181099947,0.22928038761648753
heldout,A6c,3,3,id_reference,40002,250,2.9199435394601552,0.71567507620797932,0.53762734588662242,0.29393627495833502
heldout,A6c,3,3,id_reference,40003,84,3.2160492794041238,0.78825028019264243,0.52221664687976832,0.25761664892496594
heldout,A6c,3,3,id_reference,40004,72,5.8683668071144162,1.4383305037036647,0.41416086232470389,0.31848665158080258
heldout,A6c,3,3,id_reference,40005,250,5.4925463382091841,1.3462173038799456,0.41470229180892515,0.2289798218732515
heldout,A6c,3,3,id_reference,40006,87,5.842720960636596,1.4320447338302424,0.39293172021099865,0.24528774069825726
heldout,A6c,3,3,id_reference,40007,250,6.1050453059694956,1.4963401536903269,0.39497244592752589,0.3333997795645206
heldout,A6c,3,3,id_reference,40008,47,3.3349509280363443,0.81739294863679024,0.53910665485558484,0.40594585638823794
heldout,A6c,3,3,id_reference,40009,53,3.7685354152160055,0.92366404830410498,0.50773865399424911,0.33223075798713259
heldout,A6c,3,3,id_reference,40010,250,2.670822341893035,0.65461573391438344,0.60425688676562672,0.40148994314952607
heldout,A6c,3,3,id_reference,40011,250,3.9646929058439655,0.97174204199020409,0.49820769387957514,0.33784024510782434
heldout,A6c,3,3,id_reference,40012,250,7.4278725858294177,1.8205637222387701,0.36182262417848132,0.30444682967702141
heldout,A6c,3,3,id_reference,40013,250,2.6489934300615126,0.64926549068966322,0.54267859030518206,0.29384860632750071
heldout,A6c,3,3,id_reference,40014,90,3.6498080569755862,0.89456409825082628,0.53113672760313713,0.41386589559758785
heldout,A6c,3,3,id_reference,40015,250,8.6376017491690007,2.1170670619314742,0.3410671851618266,0.23006671486493765
heldout,A6c,3,3,id_reference,40016,87,2.6911512053876963,0.65959831687674197,0.59999525572900569,0.50345366159281468
heldout,A6c,3,3,id_reference,40017,47,4.9343551118164966,1.2094052240953244,0.44744713644280215,0.31300853117690786
heldout,A6c,3,3,id_reference,40018,250,7.7489740586656053,1.899265353943957,0.35287602913297667,0.30294532430511872
heldout,A6c,3,3,id_reference,40019,34,3.7137434746896574,0.91023460157616343,0.50192708081084958,0.38881642640915631
heldout,A6c,3,3,id_reference,40020,64,1.9388424720336035,0.47520824124717664,0.60335780709144782,0.30720238129601257
heldout,A6c,3,3,id_reference,40021,250,3.8609973410283915,0.94632636862224029,0.51654063336179945,0.4444922004530098
heldout,A6c,3,3,id_reference,40022,250,8.0116957980854764,1.9636581746748576,0.37014108437256749,0.20676235716069413
heldout,A6c,3,3,id_reference,40023,250,7.2463923769121044,1.7760831147914251,0.37239162888924943,0.31367774086053851
heldout,A6c,3,3,id_reference,40024,250,2.7726572615123271,0.67957536511076078,0.57499532721367974,0.41415591548592651
heldout,A6c,3,3,id_reference,40025,250,2.4331415981386528,0.59636043476190881,0.56081978059885629,0.29291558606138851
heldout,A6c,3,3,id_reference,40026,250,3.2232862039501953,0.79002404275209892,0.54536289184752851,0.35231746995473245
heldout,A6c,3,3,id_reference,40027,250,5.8421666925495055,1.4319088833077556,0.40707033237750684,0.27103327153513912
heldout,A6c,3,3,id_reference,40028,53,2.8943120420681963,0.70939282328034015,0.56406997859430952,0.41181665780113014
heldout,A6c,3,3,id_reference,40029,52,5.834612115582626,1.4300572644756018,0.39796307155428151,0.22373027163090631
heldout,A6c,3,3,id_reference,40030,71,3.8407107322249519,0.94135414224005232,0.47522720535956098,0.28406453555516253
heldout,A6c,3,3,id_reference,40031,59,4.5397235115801982,1.1126814358588555,0.46880526612163387,0.24651746742671751
heldout,A6c,3,3,id_reference,40032,250,3.8667571432172485,0.94773809005272214,0.52390715174487668,0.43429463376380584
heldout,A6c,3,3,id_reference,40033,53,4.2800411180130853,1.0490335555849875,0.49303424354587616,0.36067807398537727
heldout,A6c,3,3,id_reference,40034,70,3.5333967871216663,0.86603181901381932,0.51886119453084156,0.31308133668980082
heldout,A6c,3,3,id_reference,40035,250,2.3763480255556297,0.58244039013187021,0.60912983878243443,0.36936619408195592
heldout,A6c,3,3,id_reference,40036,250,9.2469602646326567,2.2664201902022563,0.32992396832716475,0.25821710591504227
heldout,A6c,3,3,id_reference,40037,105,6.424276725813848,1.5745834373831777,0.38018647693780322,0.24865425598860974
heldout,A6c,3,3,id_reference,40038,250,5.0690158948152115,1.2424104397210516,0.46431676071528055,0.37518292961587218
heldout,A6c,3,3,id_reference,40039,250,2.6464208011107662,0.64863494205216432,0.58305797763578493,0.34891865706384678
heldout,A6c,3,3,id_reference,40040,39,3.4552867100923335,0.8468871216677486,0.54231373897363322,0.44839520787887893
heldout,A6c,3,3,id_reference,40041,250,6.052825687442061,1.4835411803663143,0.40444655642838256,0.3498859993527545
heldout,A6c,3,3,id_reference,40042,250,4.6034714797353002,1.1283059954953549,0.44956992058957335,0.33753637506234646
heldout,A6c,3,3,id_reference,40043,77,4.8863382877310979,1.1976363512482364,0.46849627349164119,0.29683012754359522
heldout,A6c,3,3,id_reference,40044,63,2.4622958327834992,0.60350610686798434,0.57990090358353497,0.3093890279896927
heldout,A6c,3,3,id_reference,40045,69,3.3047509399313761,0.80999096346261834,0.52021348047325733,0.29050546819265571
heldout,A6c,3,3,id_reference,40046,250,5.0148642040174067,1.2291379175250658,0.43477311154968262,0.26398759941404348
heldout,A6c,3,3,id_reference,40047,250,2.4842443051327896,0.60888565424927765,0.5671643096637744,0.26780805563911364
heldout,A6c,3,3,id_reference,40048,250,3.5994134257561328,0.88221242738765493,0.54073384132162949,0.39856383151038866
heldout,A6c,3,3,id_reference,40049,250,7.4671008812571724,1.8301785359981342,0.38246425796619143,0.25423034856150573
heldout,A6c,3,3,id_reference,40050,96,2.0224483634410069,0.4956999568902441,0.6487479506286391,0.43902357836416001
heldout,A6c,3,3,id_reference,40051,250,1.6475717798802867,0.40381810236712301,0.68011020986471427,0.39294219506292505
heldout,A6c,3,3,id_reference,40052,93,5.7227482586422873,1.4026395513387591,0.39929622426946915,0.2389461207757316
heldout,A6c,3,3,id_reference,40053,55,3.5097912271710667,0.86024612121238142,0.55076459208962436,0.41318737665433775
heldout,A6c,3,3,id_reference,40054,250,3.1549487751687595,0.77327461116546847,0.51128696966370102,0.29955089526611722
heldout,A6c,3,3,id_reference,40055,58,5.2303957375104311,1.281964468646106,0.43869077411289864,0.34774421156617297
heldout,A6c,3,3,id_reference,40056,25,3.1868179506522711,0.78108571240239999,0.57429315159028427,0.47656368972289098
heldout,A6c,3,3,id_reference,40057,78,6.4459958501764962,1.5799067718152822,0.38061245464711085,0.2408610041421656
heldout,A6c,3,3,id_reference,40058,250,1.8985910658073868,0.46534266411216402,0.64982364779676405,0.40652350662996711
heldout,A6c,3,3,id_reference,40059,250,4.4620164122802297,1.0936355079284519,0.49625445025257636,0.3830378834891825
heldout,A6c,3,3,id_reference,40060,82,3.3184496027453467,0.8133484912438399,0.54654140801440965,0.44893208227023473
heldout,A6c,3,3,id_reference,40061,52,4.2827204245552597,1.0496902507874262,0.51229765328303956,0.27690936255549026
heldout,A6c,3,3,id_reference,40062,79,6.1579606494179844,1.5093096484573627,0.40723152384259093,0.29442135625068272
heldout,A6c,3,3,id_reference,40063,250,5.0619368789244241,1.2406753804061537,0.45655244542355972,0.36435003123225468
heldout,A6c,3,3,id_reference,40064,27,3.9185712040617222,0.96043766161716737,0.51245628164298573,0.44579175316728686
heldout,A6c,3,3,id_reference,40065,250,9.4458165688310025,2.3151596602427968,0.31271570524233377,0.19983168107842877
heldout,A6c,3,3,id_reference,40066,74,4.5736564185469897,1.1209983555017287,0.44564350711706985,0.29648449461940951
heldout,A6c,3,3,id_reference,40067,70,3.8564670557703522,0.94521600049235155,0.51232177953471336,0.40285094609118316
heldout,A6c,3,3,id_reference,40068,250,2.2013779673513643,0.53955541374544203,0.61309588936188208,0.4183125181986605
heldout,A6c,3,3,id_reference,40069,250,2.691961768768953,0.65979698510501861,0.5217568008836001,0.25931329985620177
heldout,A6c,3,3,id_reference,40070,250,3.9458587119120008,0.96712580095834266,0.50623885309788108,0.35756597706817833
heldout,A6c,3,3,id_reference,40071,250,3.7554546635444983,0.92045796989099482,0.5453902075984145,0.33768419612013278
heldout,A6c,3,3,id_reference,40072,250,3.4613934526450425,0.8483838778148215,0.53061913586144804,0.35794732552705461
heldout,A6c,3,3,id_reference,40073,154,4.8744901036755159,1.1947323738554159,0.45360475723776955,0.2676310010467936
heldout,A6c,3,3,id_reference,40074,250,3.8359349693644376,0.94018360780917709,0.49946741911586434,0.24290341653595998
heldout,A6c,3,3,id_reference,40075,250,5.719205682208516,1.4017712695980509,0.4211635163278879,0.33414606193412211
heldout,A6c,3,3,id_reference,40076,45,4.151553901886385,1.017541474676386,0.48326045685815899,0.35331255754351337
heldout,A6c,3,3,id_reference,40077,250,2.1628495634404903,0.53011214265733575,0.63878758023712745,0.41779142959158122
heldout,A6c,3,3,id_reference,40078,69,5.0862439711148761,1.246633023018316,0.43741893212423033,0.27681193877649263
heldout,A6c,3,3,id_reference,40079,250,5.0097808535631465,1.2278919936999713,0.43627945996758533,0.28200013165573157
heldout,A6c,3,3,id_reference,40080,250,4.12502260173531,1.0110386810432503,0.48530667471004196,0.30804366355374335
heldout,A6c,3,3,id_reference,40081,250,5.9231522601060442,1.4517583603437012,0.36393228906467812,0.17935581322519667
heldout,A6c,3,3,id_reference,40082,76,6.5910374941775531,1.6154563255039052,0.37959547627852075,0.25146897582155281
heldout,A6c,3,3,id_reference,40083,250,6.0701948639076555,1.4877983471651566,0.39710058288477801,0.31682237365198929
heldout,A6c,3,3,id_reference,40084,250,9.3492888510223509,2.2915008186024335,0.31193715633605956,0.22346943792951604
heldout,A6c,3,3,id_reference,40085,250,2.7396101535923494,0.67147555387829561,0.56346384690124773,0.29787200057769164
heldout,A6c,3,3,id_reference,40086,51,3.3163157201252096,0.81282547886837875,0.56208080150568485,0.46239613683724456
heldout,A6c,3,3,id_reference,40087,250,9.1932970779805014,2.2532673998561985,0.33073516059157954,0.29199404580225963
heldout,A6c,3,3,id_reference,40088,47,3.8152698080460863,0.935118598605576,0.50926526029161456,0.38003776490652463
heldout,A6c,3,3,id_reference,40089,119,4.8892253453072154,1.1983439660095776,0.44621248336526659,0.2893684799205215
heldout,A6c,3,3,id_reference,40090,63,4.237191044725904,1.0385310478991743,0.46570756577795047,0.28913395961231048
heldout,A6c,3,3,id_reference,40091,68,3.1400331057994277,0.7696187963634592,0.52715927843973243,0.27540164086705776
heldout,A6c,3,3,id_reference,40092,55,4.501506670036262,1.1033145283776782,0.50928892312842688,0.47102587658897327
heldout,A6c,3,3,id_reference,40093,92,2.8373575733281768,0.69543334317223016,0.54712831344801349,0.28075560984970543
heldout,A6c,3,3,id_reference,40094,132,3.7444461821774588,0.91775980273987701,0.52543421510466992,0.3627071514195333
heldout,A6c,3,3,id_reference,40095,68,3.490751429810607,0.85557948699744357,0.53839673298878421,0.28783088890803921
heldout,A6c,3,3,id_reference,40096,250,1.2321953596697144,0.30200978067465639,0.7012048081903085,0.38472642111182309
heldout,A6c,3,3,id_reference,40097,89,6.2668583353577016,1.5360003562161122,0.39427278955756129,0.29183292701530533
heldout,A6c,3,3,id_reference,40098,79,5.9621897827815662,1.4613264159030701,0.39715499949046057,0.27483762305955789
heldout,A6c,3,3,id_reference,40099,250,6.1175536528812362,1.499405936301641,0.40076521114187252,0.26109227448436362
safety,A4c,3,3,id_reference,50000,250,4.0012802544254207,0.98070956246805618,0.49016921041927747,0.40713791783436604
safety,A4c,3,3,id_reference,50001,250,2.0647789624889881,0.50607514198892389,0.61187609137841237,0.26290664231541661
safety,A4c,3,3,id_reference,50002,37,4.0519169744831984,0.99312056904970125,0.50866632102982423,0.41044671937255817
safety,A4c,3,3,id_reference,50003,250,11.052501529605893,2.7089564464496192,0.28451300594951973,0.24890976397149794
safety,A4c,3,3,id_reference,50004,68,5.5791229160158062,1.3674371316205314,0.41870591703045368,0.23476358556436813
safety,A4c,3,3,id_reference,50005,250,4.3281094706410634,1.060815058023415,0.47353185668653863,0.24306148016401496
safety,A4c,3,3,id_reference,50006,250,3.1472605045213045,0.7713902241534708,0.54413830288045417,0.39085051037419427
safety,A4c,3,3,id_reference,50007,250,6.8501152414521691,1.6789560076103724,0.36237010362424443,0.1619717262073444
safety,A4c,3,3,id_reference,50008,250,4.740887771081395,1.1619865833054592,0.45896244821304888,0.32460288602175397
safety,A4c,3,3,id_reference,50009,250,5.2639180649941224,1.2901807556915039,0.41965930542073421,0.22889663844838676
safety,A4c,3,3,id_reference,50010,64,5.4018178569274902,1.3239798489846653,0.40537361590730792,0.2222800210431761
safety,A4c,3,3,id_reference,50011,250,3.6283925971453677,0.88931519167475803,0.5093933660753498,0.31223031204363666
safety,A4c,3,3,id_reference,50012,44,4.9065616782996972,1.2025930829078635,0.4296867623028916,0.2318395566361921
safety,A4c,3,3,id_reference,50013,250,9.5085990188652971,2.330547572408086,0.31347065018281384,0.29980915572919142
safety,A4c,3,3,id_reference,50014,250,2.476911597502732,0.60708841535714397,0.55541480449441594,0.26794976691213207
safety,A4c,3,3,id_reference,50015,250,5.1139786974944332,1.2534307751484708,0.42680328525708955,0.16992886141162417
safety,A4c,3,3,id_reference,50016,250,8.565036878366195,2.0992814887722679,0.33098785773844602,0.28565381490615466
safety,A4c,3,3,id_reference,50017,250,4.6026564705936703,1.1281062376159083,0.46500155812912392,0.31496743655887716
safety,A4c,3,3,id_reference,50018,250,3.7084080015698606,0.90892688275214728,0.51260436447924806,0.21993192805767869
safety,A4c,3,3,id_reference,50019,250,5.7837201134539393,1.4175836885281166,0.3910380157032638,0.17630056334733596
safety,A4c,3,3,id_reference,50020,39,4.2439473781283334,1.0401870180771333,0.47130534264489082,0.37646233299114523
safety,A4c,3,3,id_reference,50021,250,4.2115693487841028,1.0322511972966122,0.49223247992228097,0.42465538222466342
safety,A4c,3,3,id_reference,50022,69,5.2621670088736137,1.2897515736865939,0.39457283300192819,0.15006765805520381
safety,A4c,3,3,id_reference,50023,68,2.9151534265286534,0.71450102458986786,0.53138366617523447,0.25952581269565589
safety,A4c,3,3,id_reference,50024,250,3.5986634513284237,0.88202860944787254,0.52819239542450824,0.4710476373774149
safety,A4c,3,3,id_reference,50025,250,1.1252327033130443,0.27579334662209226,0.71454374364326445,0.24890375701800196
safety,A4c,3,3,id_reference,50026,250,2.0890942838193398,0.51203480155458059,0.63951935250973135,0.35537688362789621
safety,A4c,3,3,id_reference,50027,44,3.3030937038751054,0.80958477665631956,0.53360562303293257,0.25229130200294952
safety,A4c,3,3,id_reference,50028,81,5.9268353138410692,1.4526610729225133,0.39198565047150896,0.14468473143430707
safety,A4c,3,3,id_reference,50029,68,7.7427882216701889,1.8977492118325505,0.32343628078750319,0.15256615616466504
safety,A4c,3,3,id_reference,50030,72,2.6339661575426758,0.64558232207363409,0.54195700657224144,0.2611107581142838
safety,A4c,3,3,id_reference,50031,60,4.2607513197689304,1.0443056464176157,0.46614085974918562,0.25627267496694117
safety,A4c,3,3,id_reference,50032,63,4.9654816961143924,1.2170343170173092,0.3921622937220659,0.15100415061721376
safety,A4c,3,3,id_reference,50033,30,4.134505671374189,1.013362971391599,0.50271425509411571,0.44244127497234798
safety,A4c,3,3,id_reference,50034,35,4.2979067969707518,1.053412414620015,0.48843273132420068,0.38472476567586977
safety,A4c,3,3,id_reference,50035,250,1.0564690840607565,0.25893945620138364,0.7384595693136341,0.3697031167271263
safety,A4c,3,3,id_reference,50036,75,4.02826281175098,0.98732295875784404,0.4885527794727732,0.36174236735896415
safety,A4c,3,3,id_reference,50037,57,4.9746473732885041,1.2192808148079113,0.44972929719217541,0.29844253751629757
safety,A4c,3,3,id_reference,50038,250,2.6484948393307466,0.64914328662838072,0.53593783933272787,0.200515974003425
safety,A4c,3,3,id_reference,50039,250,3.0502752005584028,0.74761922863020247,0.5599858061999593,0.37017687181371267
safety,A4c,3,3,id_reference,50040,64,3.3668532587240092,0.82521217617922693,0.54567266942268089,0.2943916396346602
safety,A4c,3,3,id_reference,50041,48,4.9432540165976153,1.2115863362542849,0.44542223771626865,0.31788252369269354
safety,A4c,3,3,id_reference,50042,44,3.2910768783477868,0.80663946541696874,0.52882606360398554,0.3248012598133741
safety,A4c,3,3,id_reference,50043,29,3.7290827433875404,0.91399424012601072,0.51004344089270948,0.40827381570118976
safety,A4c,3,3,id_reference,50044,250,3.016113039615564,0.73924611908003779,0.53932826700003256,0.25491440403129828
safety,A4c,3,3,id_reference,50045,72,6.5544643958768809,1.6064922977548157,0.34290428467104045,0.15836876546645387
safety,A4c,3,3,id_reference,50046,250,4.5321736423542687,1.110830970889034,0.45084572012128399,0.16427342017902613
safety,A4c,3,3,id_reference,50047,250,4.0126033171383,0.98348483317464175,0.50377576642629596,0.45305890368505647
safety,A4c,3,3,id_reference,50048,70,2.4462009994657636,0.5995612802281669,0.602098078207153,0.2703243190684676
safety,A4c,3,3,id_reference,50049,61,6.3512564504948665,1.556686245058253,0.35381363834386287,0.13853451403229747
safety,A4c,3,3,id_reference,50050,250,5.6276809038743139,1.3793386431365959,0.42315591123513885,0.24607248808759855
safety,A4c,3,3,id_reference,50051,99,4.2765848409567395,1.0481864257304996,0.46987210862230439,0.21114410417876672
safety,A4c,3,3,id_reference,50052,250,6.691802080463769,1.6401536191312971,0.37955504763443509,0.2529977602040836
safety,A4c,3,3,id_reference,50053,250,2.8987601245658547,0.71048304360051784,0.5571102236996851,0.3206509871658027
safety,A4c,3,3,id_reference,50054,100,3.506820251925606,0.85951793831895451,0.51052617812343049,0.25514252399231557
safety,A4c,3,3,id_reference,50055,250,7.4818532502683226,1.8337943260549019,0.36668491156000727,0.18511819056728784
safety,A4c,3,3,id_reference,50056,250,3.9315830086679515,0.96362684117742969,0.51362692706576962,0.48441827773649221
safety,A4c,3,3,id_reference,50057,250,4.2390984145704405,1.0389985422326771,0.48637152397789207,0.34581505792537703
safety,A4c,3,3,id_reference,50058,69,8.1820535795757046,2.0054126869121669,0.32250048044798058,0.13523496756581171
safety,A4c,3,3,id_reference,50059,66,2.3149889236200649,0.56740133908162027,0.59367725550820305,0.32202127580235101
safety,A4c,3,3,id_reference,50060,60,6.5577355883226414,1.607294063566816,0.33922273396746649,0.13736972741745357
safety,A4c,3,3,id_reference,50061,250,4.2341304028927862,1.0377808878198576,0.48916303164894281,0.40563296555903444
safety,A4c,3,3,id_reference,50062,250,6.2551255965592807,1.5331246743338383,0.40093151821215156,0.24879266055943394
safety,A4c,3,3,id_reference,50063,250,4.7777641201558989,1.1710249374987896,0.4631222484239183,0.41107215749122217
safety,A4c,3,3,id_reference,50064,250,2.9827261502942468,0.73106302778512922,0.56247340111279376,0.3526842226476341
safety,A4c,3,3,id_reference,50065,37,4.1312559327179219,1.0125664638807346,0.48131362184742554,0.2956185212757077
safety,A4c,3,3,id_reference,50066,250,5.3926498968911103,1.3217327916669335,0.40924705369016212,0.17818224864998233
safety,A4c,3,3,id_reference,50067,42,3.3559830277338047,0.82254789404939121,0.53263623005533012,0.42293712132465189
safety,A4c,3,3,id_reference,50068,250,3.1693182185976405,0.77679654656663444,0.55991271909363494,0.42066222535572029
safety,A4c,3,3,id_reference,50069,250,3.3965300185927596,0.83248591866556299,0.51565463222877383,0.19446810996712097
safety,A4c,3,3,id_reference,50070,250,3.9971784141165703,0.97970420574250372,0.49864634442270267,0.4425923678637611
safety,A4c,3,3,id_reference,50071,47,3.803721079090828,0.93228801734143008,0.51199986625595451,0.42190279896850102
safety,A4c,3,3,id_reference,50072,250,4.4743323367031262,1.0966541279910704,0.47252665639142005,0.26225294219059719
safety,A4c,3,3,id_reference,50073,250,2.8848416956680434,0.70707165138435946,0.53769512942279507,0.29640093308461474
safety,A4c,3,3,id_reference,50074,47,3.6659668664171066,0.898524605370984,0.52824122553453923,0.42308432747935842
safety,A4c,3,3,id_reference,50075,250,5.3123008951928696,1.3020393362502389,0.44404074077961164,0.3625088849652503
safety,A4c,3,3,id_reference,50076,250,5.3677721787894086,1.3156352892468668,0.43256481782376172,0.22188202942518082
safety,A4c,3,3,id_reference,50077,250,2.5234657449983375,0.61849878771758859,0.59910584942843637,0.28105815171982251
safety,A4c,3,3,id_reference,50078,250,3.0489433918002939,0.7472928037108254,0.55956168093704073,0.41958555509065382
safety,A4c,3,3,id_reference,50079,250,5.6600288023503573,1.3872670788731618,0.43144374496411131,0.24577466432146444
safety,A4c,3,3,id_reference,50080,250,2.5970091121050967,0.63652418928698062,0.5462198271992218,0.18959794381945827
safety,A4c,3,3,id_reference,50081,65,3.0345616042352157,0.7437678427749207,0.5529402504501898,0.25330523877665345
safety,A4c,3,3,id_reference,50082,48,4.0649098764885165,0.99630511560245349,0.4957439729072825,0.26823097277086194
safety,A4c,3,3,id_reference,50083,65,4.4281143190485315,1.0853261406994912,0.46657691739736395,0.29988578861192117
safety,A4c,3,3,id_reference,50084,93,3.3679537474705614,0.82548190480819228,0.52703896244173221,0.38815178574350767
safety,A4c,3,3,id_reference,50085,250,2.9174600715988568,0.71506638085929353,0.54588188112644931,0.23973922600566958
safety,A4c,3,3,id_reference,50086,57,7.5747193694945079,1.8565557137516746,0.33247735319176502,0.17234212411023669
safety,A4c,3,3,id_reference,50087,250,3.4172485675554292,0.83756401312437523,0.53215908598355632,0.38160254755459411
safety,A4c,3,3,id_reference,50088,250,3.4604100095339243,0.84814283694742654,0.51692135248224824,0.2445862585634655
safety,A4c,3,3,id_reference,50089,58,2.3915479210170325,0.58616586844872276,0.57155817026661004,0.29192450373729545
safety,A4c,3,3,id_reference,50090,250,5.8733051109978112,1.4395408767675015,0.38795924238373386,0.15304900033889246
safety,A4c,3,3,id_reference,50091,250,4.9906324658798269,1.2231987441116408,0.43662188566335447,0.22992900643176431
safety,A4c,3,3,id_reference,50092,250,3.7606973023350125,0.92174293511899574,0.5182359483637704,0.3538003075651725
safety,A4c,3,3,id_reference,50093,250,3.4628884125842512,0.84875029091629495,0.50183011547475154,0.22787060012865107
safety,A4c,3,3,id_reference,50094,33,4.74672046269826,1.1634161698577283,0.47744999887465334,0.3963808004411698
safety,A4c,3,3,id_reference,50095,58,4.0588353157015877,0.99481624717216899,0.48086471484573279,0.34733791306735129
safety,A4c,3,3,id_reference,50096,250,8.4885181744149634,2.0805268352861401,0.34222311930734439,0.28447138649090964
safety,A4c,3,3,id_reference,50097,250,1.0056855647218457,0.24649246927104604,0.7325075317658517,0.32639893165255396
safety,A4c,3,3,id_reference,50098,59,7.5633228545712425,1.8537624399859356,0.33596852088818863,0.17758620823986779
safety,A4c,3,3,id_reference,50099,250,2.1731224105593969,0.53263000663153293,0.60763184601036546,0.27331103644972227
safety,A6c,3,3,id_reference,50000,250,2.9265539668302347,0.71729528497157879,0.56561893112788031,0.41226008926483365
safety,A6c,3,3,id_reference,50001,250,2.140022823044978,0.52451733270592205,0.57754561371538105,0.27113572358811233
safety,A6c,3,3,id_reference,50002,60,3.2789241688171273,0.80366084915197888,0.58580521243771544,0.40078393726461004
safety,A6c,3,3,id_reference,50003,250,11.141828761036471,2.7308504564870004,0.30420019831007128,0.2189134926487899
safety,A6c,3,3,id_reference,50004,121,5.2781599426357291,1.2936714248529995,0.44229680556087914,0.28978508424451233
safety,A6c,3,3,id_reference,50005,68,3.8336070027717635,0.9396130256571229,0.48170793781783344,0.27865895031106969
safety,A6c,3,3,id_reference,50006,250,3.2822421908825641,0.80447409285428007,0.54011929648207979,0.37031821345952842
safety,A6c,3,3,id_reference,50007,250,8.8938991387567512,2.1798852813067131,0.332891472736,0.30472775484372022
safety,A6c,3,3,id_reference,50008,92,3.082371617658052,0.75548602654713803,0.55893826069885211,0.30952226840805092
safety,A6c,3,3,id_reference,50009,250,5.3385649278704292,1.3084766229080202,0.42162338194718835,0.24428448571359138
safety,A6c,3,3,id_reference,50010,63,6.5522048247035762,1.6059384792477802,0.3985295263585556,0.32601894574090995
safety,A6c,3,3,id_reference,50011,250,3.8494341383322137,0.94349223985948849,0.53001227322471445,0.47794317941441689
safety,A6c,3,3,id_reference,50012,47,4.2827444908336219,1.0496961494068235,0.49860047108001798,0.36223602344215172
safety,A6c,3,3,id_reference,50013,250,9.2277088443646136,2.2617016874362776,0.31369730746136704,0.2517881103108347
safety,A6c,3,3,id_reference,50014,250,2.7945813101348547,0.68494892626243142,0.54228181908179274,0.29987265467495616
safety,A6c,3,3,id_reference,50015,250,6.4287515756147675,1.5756802183411016,0.40940427244980737,0.32770635690704875
safety,A6c,3,3,id_reference,50016,250,8.9163002212221905,2.185375762949231,0.33742265720345277,0.29252524881882819
safety,A6c,3,3,id_reference,50017,73,2.6140255675644219,0.64069490453988365,0.58162131600882383,0.31271993092058697
safety,A6c,3,3,id_reference,50018,49,5.4132816633173517,1.3267896158177646,0.42791738431550386,0.31887016307761146
safety,A6c,3,3,id_reference,50019,250,6.8143873936142629,1.6701991498565858,0.37838493501133486,0.2285124904338186
safety,A6c,3,3,id_reference,50020,73,3.8794047973652455,0.95083801672044588,0.52122654334685736,0.37579478696447266
safety,A6c,3,3,id_reference,50021,49,4.1899532623787294,1.0269531173589626,0.51353031192081466,0.42787556381253106
safety,A6c,3,3,id_reference,50022,250,6.436993297353828,1.5777002556308559,0.38903693767313868,0.33910273602359986
safety,A6c,3,3,id_reference,50023,250,2.6093021520876443,0.63953720039745021,0.57551233207663421,0.26604042168534803
safety,A6c,3,3,id_reference,50024,43,4.4710738366634066,1.0958554730743795,0.50684897587861411,0.45568444836534783
safety,A6c,3,3,id_reference,50025,82,3.6419845009375074,0.89264655293253403,0.49138065857685564,0.27810159343742386
safety,A6c,3,3,id_reference,50026,250,1.4743421890647925,0.36135971269864442,0.69351169985625027,0.36746896161743603
safety,A6c,3,3,id_reference,50027,35,3.9341842116267882,0.96426439327411928,0.4805530696334005,0.27421973615993789
safety,A6c,3,3,id_reference,50028,58,5.3408335839117456,1.309032668106606,0.4306967693369127,0.29184827779912731
safety,A6c,3,3,id_reference,50029,250,5.7663881573170723,1.4133356443925171,0.40670507337357953,0.27990468428289023
safety,A6c,3,3,id_reference,50030,78,6.5793990326756404,1.6126037508873889,0.4211846036168494,0.29634501550385983
safety,A6c,3,3,id_reference,50031,57,4.9754679213759747,1.2194819302771307,0.4415462795062241,0.25584780529147394
safety,A6c,3,3,id_reference,50032,250,6.4098790045518985,1.5710545711150061,0.38690141905116482,0.29000252562971124
safety,A6c,3,3,id_reference,50033,36,4.3273549980540533,1.0606301375895408,0.50386749013498877,0.44133836315228431
safety,A6c,3,3,id_reference,50034,55,3.8515111612874331,0.94400131599115822,0.50922121082119653,0.39822873624832927
safety,A6c,3,3,id_reference,50035,250,1.0828110660976076,0.26539584816476325,0.72547158346529661,0.36913707307389143
safety,A6c,3,3,id_reference,50036,91,3.6528860446555407,0.89531850977887451,0.53432459113055508,0.43499936121278671
safety,A6c,3,3,id_reference,50037,85,4.0713799663408992,0.99789092778875088,0.50089268169144352,0.33575687592211928
safety,A6c,3,3,id_reference,50038,250,2.9386938990559361,0.72027076953262448,0.53621942030428071,0.25400587806906166
safety,A6c,3,3,id_reference,50039,67,3.3570131592555472,0.82280037819689755,0.56256617765229988,0.4305641283807547
safety,A6c,3,3,id_reference,50040,72,2.8730156761003274,0.70417310648409503,0.56430161235464538,0.28070638539960358
safety,A6c,3,3,id_reference,50041,53,4.7131364469039214,1.1551847630725729,0.45554000623928848,0.33119186825781505
safety,A6c,3,3,id_reference,50042,250,2.1759103220330598,0.53331332078792371,0.62579244275193491,0.34415117414853597
safety,A6c,3,3,id_reference,50043,36,3.2647610190333549,0.80018947610525193,0.57343926009411839,0.45915956486234699
safety,A6c,3,3,id_reference,50044,60,4.9559541437162906,1.2146991239916771,0.46806073613190596,0.33013533622227176
safety,A6c,3,3,id_reference,50045,250,5.8019581312422321,1.4220538074171045,0.38793629260350349,0.18489289676460835
safety,A6c,3,3,id_reference,50046,60,5.8872857224801045,1.4429675098694121,0.40192234469667143,0.31495591724838001
safety,A6c,3,3,id_reference,50047,250,4.1432804435591857,1.0155136587824127,0.49611750194977861,0.4053499138858388
safety,A6c,3,3,id_reference,50048,70,2.5036965897620989,0.61365338865796215,0.58037375112600265,0.27052123964401775
safety,A6c,3,3,id_reference,50049,74,6.9884446839310179,1.7128604077982474,0.37635544846067193,0.27414203555283762
safety,A6c,3,3,id_reference,50050,250,2.6365178891639269,0.64620774879775456,0.54952681621507127,0.26774158549440569
safety,A6c,3,3,id_reference,50051,250,2.8296315794377573,0.69353971023324168,0.54289456132392244,0.26941196643397741
safety,A6c,3,3,id_reference,50052,250,4.1515253556973706,1.0175344780356215,0.45956501362437358,0.27899497955382901
safety,A6c,3,3,id_reference,50053,71,4.0475365204232592,0.99204692438815001,0.49070053518763812,0.35072014203948509
safety,A6c,3,3,id_reference,50054,83,5.5330661458617101,1.3561486659209445,0.42938181953112403,0.31333455161601764
safety,A6c,3,3,id_reference,50055,250,7.5147320986901374,1.8418528970621562,0.35923370464778065,0.29026754312911157
safety,A6c,3,3,id_reference,50056,41,3.8128694600589541,0.93453027585022086,0.53774356245829091,0.48695609171792414
safety,A6c,3,3,id_reference,50057,250,3.582839053223601,0.87815006619298874,0.52206784907269443,0.36982053456540492
safety,A6c,3,3,id_reference,50058,86,5.5473030054245678,1.3596381051566409,0.39845829678003042,0.27680054682698541
safety,A6c,3,3,id_reference,50059,93,2.2548804936567071,0.55266882641025494,0.62039005950041171,0.31970257157975362
safety,A6c,3,3,id_reference,50060,75,5.6937466479881351,1.3955312872115349,0.40884963765408877,0.2411992389228515
safety,A6c,3,3,id_reference,50061,250,5.116905333846411,1.254148090625955,0.4555291977361568,0.44311969782112437
safety,A6c,3,3,id_reference,50062,70,3.9337114389142829,0.96414851718183225,0.48367997591183903,0.26141402785961571
safety,A6c,3,3,id_reference,50063,250,4.5259639831913461,1.1093089899895432,0.47737656262374312,0.4330424679736285
safety,A6c,3,3,id_reference,50064,37,4.880782761683891,1.1962746976842276,0.47510419592409792,0.39199876581510029
safety,A6c,3,3,id_reference,50065,49,3.7282502209039858,0.91379018974496362,0.52779327980849766,0.32922703932522857
safety,A6c,3,3,id_reference,50066,250,5.6811067355720954,1.3924332580341339,0.41124286130114751,0.24980912010776815
safety,A6c,3,3,id_reference,50067,54,3.552534260690928,0.87072239356432646,0.50977784433996864,0.39363456961041865
safety,A6c,3,3,id_reference,50068,42,3.529439357637945,0.8650618572289166,0.52758547081673457,0.45254551820585354
safety,A6c,3,3,id_reference,50069,63,4.6166048630930767,1.1315249738791571,0.45034537063557056,0.29718848991684221
safety,A6c,3,3,id_reference,50070,250,3.851279148008365,0.94394444978161185,0.51535225703102561,0.46600022019337523
safety,A6c,3,3,id_reference,50071,43,3.6495802470924703,0.89450826228918645,0.52643620081340481,0.43054806547094376
safety,A6c,3,3,id_reference,50072,250,3.0383226316998693,0.74468966663247516,0.51533220937116608,0.26965555821044496
safety,A6c,3,3,id_reference,50073,250,2.8993059806304351,0.71061683234517603,0.52690202880249282,0.26531295853916098
safety,A6c,3,3,id_reference,50074,62,2.9434784761199344,0.72144346431546025,0.58423051832558881,0.44547018824040802
safety,A6c,3,3,id_reference,50075,250,3.967067965983234,0.97232416672076782,0.50707302958783118,0.35641182826277357
safety,A6c,3,3,id_reference,50076,37,7.0245444741436867,1.7217084282350812,0.38393690279854259,0.23655777707058009
safety,A6c,3,3,id_reference,50077,250,3.3662790485971552,0.82507143788386539,0.60136791473602647,0.30247443711018596
safety,A6c,3,3,id_reference,50078,250,3.1263277029340175,0.76625961660275166,0.55276297318115031,0.38300549614207369
safety,A6c,3,3,id_reference,50079,250,5.9832241470057301,1.4664819163487732,0.40094450154436123,0.28198713792364372
safety,A6c,3,3,id_reference,50080,250,2.6310991536830342,0.6448796224570118,0.54518496966534591,0.25174690468660144
safety,A6c,3,3,id_reference,50081,250,1.4913745509501544,0.36553432659976176,0.69350755308130585,0.27753892482097792
safety,A6c,3,3,id_reference,50082,250,3.7761836894349985,0.9255386322337481,0.53525852705220722,0.39149852926584383
safety,A6c,3,3,id_reference,50083,77,4.9236841401382287,1.2067897802123,0.44994568397259133,0.27005063146338176
safety,A6c,3,3,id_reference,50084,44,3.71041480845961,0.90941874900036301,0.52281510297945588,0.39325828693427434
safety,A6c,3,3,id_reference,50085,250,3.122720475132776,0.76537548888018947,0.50992437533807367,0.26420560604520982
safety,A6c,3,3,id_reference,50086,250,5.9087248707314366,1.4482222224524655,0.40331740318482967,0.30221909778895589
safety,A6c,3,3,id_reference,50087,48,4.0063444653251512,0.9819507952085591,0.5269933444049667,0.37927803593504322
safety,A6c,3,3,id_reference,50088,250,4.0320066017958354,0.98824055774201958,0.48330004096462936,0.28658745880889658
safety,A6c,3,3,id_reference,50089,69,1.9528709810561273,0.47864661398558761,0.6053068968691786,0.31345012034529501
safety,A6c,3,3,id_reference,50090,250,5.8316256353908758,1.4293252813362223,0.40395116722602498,0.33919822730218296
safety,A6c,3,3,id_reference,50091,250,3.1752816721346333,0.77825818272735936,0.51000586839865303,0.25854965607414465
safety,A6c,3,3,id_reference,50092,250,2.4804863485599231,0.60796458306405543,0.61177629196065164,0.34753338249283156
safety,A6c,3,3,id_reference,50093,250,5.0589022401704717,1.2399315936540645,0.41965875385578943,0.25849871977089045
safety,A6c,3,3,id_reference,50094,40,3.7495846559793016,0.91901923723921886,0.52174993912284573,0.38861366627208893
safety,A6c,3,3,id_reference,50095,70,3.4565038643261308,0.84718544488436498,0.52566617703988405,0.3746006793673658
safety,A6c,3,3,id_reference,50096,250,7.9361019048015944,1.9451301913061099,0.35306404598576602,0.3134766559606969
safety,A6c,3,3,id_reference,50097,250,0.98490669924874807,0.24139959129926036,0.69371555897364889,0.34165731504152719
safety,A6c,3,3,id_reference,50098,79,5.8550759263676335,1.4350729228762342,0.40889763832927517,0.27203947955589963
safety,A6c,3,3,id_reference,50099,250,1.9672714677500716,0.48217615805821923,0.61370544471209953,0.28765679386412701
safety,A6c_gate_off_control,3,3,id_reference,50000,75,3.8255224819725746,0.93763151815162704,1,1
safety,A6c_gate_off_control,3,3,id_reference,50001,114,5.0531453964730888,1.2385205973467168,1,1
safety,A6c_gate_off_control,3,3,id_reference,50002,61,3.3022221144494344,0.80937115100903922,1,1
safety,A6c_gate_off_control,3,3,id_reference,50003,250,9.8770530736763735,2.4208552719209364,1,1
safety,A6c_gate_off_control,3,3,id_reference,50004,77,4.894828579750766,1.1997173128511198,1,1
safety,A6c_gate_off_control,3,3,id_reference,50005,69,3.841200538202723,0.94147419316765801,1,1
safety,A6c_gate_off_control,3,3,id_reference,50006,64,4.1198191327449631,1.0097633162918822,1,1
safety,A6c_gate_off_control,3,3,id_reference,50007,250,6.4216684575466605,1.573944153586877,1,1
safety,A6c_gate_off_control,3,3,id_reference,50008,92,2.8581957229646129,0.70054075162980833,1,1
safety,A6c_gate_off_control,3,3,id_reference,50009,99,5.521151832881162,1.3532284803984889,1,1
safety,A6c_gate_off_control,3,3,id_reference,50010,250,5.2864077989765601,1.2956929657271659,1,1
safety,A6c_gate_off_control,3,3,id_reference,50011,54,4.4580299412977258,1.0926584281028837,1,1
safety,A6c_gate_off_control,3,3,id_reference,50012,250,3.2399747249489561,0.79411438161522452,1,1
safety,A6c_gate_off_control,3,3,id_reference,50013,250,7.0777572895782104,1.7347508330715748,1,1
safety,A6c_gate_off_control,3,3,id_reference,50014,250,2.6423800399581228,0.64764455576325997,1,1
safety,A6c_gate_off_control,3,3,id_reference,50015,78,4.8334570157629786,1.184675207365038,1,1
safety,A6c_gate_off_control,3,3,id_reference,50016,100,5.7301935880199579,1.4044643937022327,1,1
safety,A6c_gate_off_control,3,3,id_reference,50017,72,2.4276520106726061,0.59501494267446942,1,1
safety,A6c_gate_off_control,3,3,id_reference,50018,49,5.4132816633173517,1.3267896158177646,1,1
safety,A6c_gate_off_control,3,3,id_reference,50019,125,6.0721668176856953,1.4882816709525195,1,1
safety,A6c_gate_off_control,3,3,id_reference,50020,81,3.7385510078065884,0.91631490173062258,1,1
safety,A6c_gate_off_control,3,3,id_reference,50021,41,4.0044526311657211,0.98148710865506039,1,1
safety,A6c_gate_off_control,3,3,id_reference,50022,66,6.0663199500160756,1.4868486098646989,1,1
safety,A6c_gate_off_control,3,3,id_reference,50023,93,4.1688250557112081,1.0217746162295496,1,1
safety,A6c_gate_off_control,3,3,id_reference,50024,42,4.5611478149416591,1.117932509975087,1,1
safety,A6c_gate_off_control,3,3,id_reference,50025,82,4.7498683476723897,1.164187713138723,1,1
safety,A6c_gate_off_control,3,3,id_reference,50026,250,1.4173795058017906,0.34739821921963115,1,1
safety,A6c_gate_off_control,3,3,id_reference,50027,39,3.9109989702754118,0.95858171511722778,1,1
safety,A6c_gate_off_control,3,3,id_reference,50028,57,5.835417931950416,1.4302547692158936,1,1
safety,A6c_gate_off_control,3,3,id_reference,50029,92,6.2560624508967297,1.5333542963420344,1,1
safety,A6c_gate_off_control,3,3,id_reference,50030,88,5.5434359821633983,1.3586903018413592,1,1
safety,A6c_gate_off_control,3,3,id_reference,50031,57,5.3369184202118527,1.3080730656206603,1,1
safety,A6c_gate_off_control,3,3,id_reference,50032,82,5.4458183942843643,1.33476433419834,1,1
safety,A6c_gate_off_control,3,3,id_reference,50033,29,3.7936111143930393,0.92981007567654173,1,1
safety,A6c_gate_off_control,3,3,id_reference,50034,53,4.1326299078237838,1.0129032237273916,1,1
safety,A6c_gate_off_control,3,3,id_reference,50035,107,1.408040771300739,0.34510930526105443,1,1
safety,A6c_gate_off_control,3,3,id_reference,50036,67,3.7607791360646865,0.92176299247967042,1,1
safety,A6c_gate_off_control,3,3,id_reference,50037,56,4.3932459567120699,1.0767799419339463,1,1
safety,A6c_gate_off_control,3,3,id_reference,50038,250,2.5197363437101981,0.61758471540248039,1,1
safety,A6c_gate_off_control,3,3,id_reference,50039,63,3.3233028308871839,0.81453801233331491,1,1
safety,A6c_gate_off_control,3,3,id_reference,50040,250,1.4437515616409398,0.35386198224017695,1,1
safety,A6c_gate_off_control,3,3,id_reference,50041,52,5.5102509001192619,1.350556673296851,1,1
safety,A6c_gate_off_control,3,3,id_reference,50042,250,2.3134920400873691,0.5670344545094157,1,1
safety,A6c_gate_off_control,3,3,id_reference,50043,46,3.758919541147093,0.92130720773028085,1,1
safety,A6c_gate_off_control,3,3,id_reference,50044,77,4.5143083147638796,1.1064521979737549,1,1
safety,A6c_gate_off_control,3,3,id_reference,50045,125,6.8711788786267869,1.684118682825301,1,1
safety,A6c_gate_off_control,3,3,id_reference,50046,68,5.7371774955853212,1.406176142067064,1,1
safety,A6c_gate_off_control,3,3,id_reference,50047,250,3.7657120168508378,0.9229720363481031,1,1
safety,A6c_gate_off_control,3,3,id_reference,50048,78,2.9025284696541007,0.7114066609998827,1,1
safety,A6c_gate_off_control,3,3,id_reference,50049,71,6.6243302964450441,1.6236163561613368,1,1
safety,A6c_gate_off_control,3,3,id_reference,50050,84,4.7709032839216583,1.1693433537871749,1,1
safety,A6c_gate_off_control,3,3,id_reference,50051,250,2.9786640202305867,0.73006740399871373,1,1
safety,A6c_gate_off_control,3,3,id_reference,50052,250,4.1198451926731536,1.009769703552746,1,1
safety,A6c_gate_off_control,3,3,id_reference,50053,55,4.8860213584936787,1.1975586722270233,1,1
safety,A6c_gate_off_control,3,3,id_reference,50054,82,5.7299063017355421,1.404393980137479,1,1
safety,A6c_gate_off_control,3,3,id_reference,50055,97,5.9952284555695137,1.4694241596935875,1,1
safety,A6c_gate_off_control,3,3,id_reference,50056,45,3.7283628375733384,0.91381779197162727,1,1
safety,A6c_gate_off_control,3,3,id_reference,50057,69,4.1823897305045277,1.0250993036884859,1,1
safety,A6c_gate_off_control,3,3,id_reference,50058,88,5.8535014699915546,1.4346870252820825,1,1
safety,A6c_gate_off_control,3,3,id_reference,50059,89,2.3770257676261113,0.58260650399721936,1,1
safety,A6c_gate_off_control,3,3,id_reference,50060,72,5.9034706392759704,1.4469344158745339,1,1
safety,A6c_gate_off_control,3,3,id_reference,50061,250,4.9762628813151579,1.2196767741182424,1,1
safety,A6c_gate_off_control,3,3,id_reference,50062,68,4.5825573060854303,1.1231799536324136,1,1
safety,A6c_gate_off_control,3,3,id_reference,50063,49,4.0959584387144234,1.0039150853970347,1,1
safety,A6c_gate_off_control,3,3,id_reference,50064,40,4.0153609538269279,0.98416072701320978,1,1
safety,A6c_gate_off_control,3,3,id_reference,50065,49,3.9221748403732799,0.96132090906940293,1,1
safety,A6c_gate_off_control,3,3,id_reference,50066,101,5.8395380157012804,1.4312645973898068,1,1
safety,A6c_gate_off_control,3,3,id_reference,50067,46,3.8745700595614156,0.94965302759327896,1,1
safety,A6c_gate_off_control,3,3,id_reference,50068,44,3.5504255372681466,0.87020554768155312,1,1
safety,A6c_gate_off_control,3,3,id_reference,50069,63,5.4163578374408994,1.3275435828450537,1,1
safety,A6c_gate_off_control,3,3,id_reference,50070,250,3.7235965049739286,0.91264956888778437,1,1
safety,A6c_gate_off_control,3,3,id_reference,50071,44,4.1659207685984345,1.0210627785269792,1,1
safety,A6c_gate_off_control,3,3,id_reference,50072,250,2.9631823671272781,0.72627286718154493,1,1
safety,A6c_gate_off_control,3,3,id_reference,50073,250,2.554789907933019,0.62617630695468107,1,1
safety,A6c_gate_off_control,3,3,id_reference,50074,58,3.3413619992636914,0.81896429542045268,1,1
safety,A6c_gate_off_control,3,3,id_reference,50075,250,2.4259821970364124,0.59460567311662149,1,1
safety,A6c_gate_off_control,3,3,id_reference,50076,250,5.4262495494233374,1.329968031000023,1,1
safety,A6c_gate_off_control,3,3,id_reference,50077,250,3.4504419015632988,0.84569966421647513,1,1
safety,A6c_gate_off_control,3,3,id_reference,50078,59,3.9444647831642925,0.96678415049515276,1,1
safety,A6c_gate_off_control,3,3,id_reference,50079,140,6.1204161477202872,1.5001075307620808,1,1
safety,A6c_gate_off_control,3,3,id_reference,50080,95,5.9217774154147591,1.4514213873625759,1,1
safety,A6c_gate_off_control,3,3,id_reference,50081,250,1.7261710967249042,0.42308271187497215,1,1
safety,A6c_gate_off_control,3,3,id_reference,50082,250,3.9213658229594888,0.96112261975611857,1,1
safety,A6c_gate_off_control,3,3,id_reference,50083,250,4.0686593184078763,0.99722409985509808,1,1
safety,A6c_gate_off_control,3,3,id_reference,50084,54,4.2901957885888793,1.0515224546133373,1,1
safety,A6c_gate_off_control,3,3,id_reference,50085,250,3.1074688824605166,0.76163733963158087,1,1
safety,A6c_gate_off_control,3,3,id_reference,50086,250,6.2897592808565861,1.5416133537599548,1,1
safety,A6c_gate_off_control,3,3,id_reference,50087,55,3.8765816821275951,0.95014607415869934,1,1
safety,A6c_gate_off_control,3,3,id_reference,50088,250,4.0211079526494853,0.98556931035214013,1,1
safety,A6c_gate_off_control,3,3,id_reference,50089,66,2.3463049246424972,0.57507685784264473,1,1
safety,A6c_gate_off_control,3,3,id_reference,50090,250,5.0260654763999799,1.2318833375503815,1,1
safety,A6c_gate_off_control,3,3,id_reference,50091,250,3.1205024044987999,0.76483184211149235,1,1
safety,A6c_gate_off_control,3,3,id_reference,50092,110,2.8778925403223905,0.70536842075185868,1,1
safety,A6c_gate_off_control,3,3,id_reference,50093,250,5.1551800957354281,1.2635291943225109,1,1
safety,A6c_gate_off_control,3,3,id_reference,50094,46,3.854524187369611,0.94473980550023207,1,1
safety,A6c_gate_off_control,3,3,id_reference,50095,45,3.6233747991116361,0.88808533467867001,1,1
safety,A6c_gate_off_control,3,3,id_reference,50096,250,5.9288335197871547,1.4531508310885253,1,1
safety,A6c_gate_off_control,3,3,id_reference,50097,250,1.0107537442113261,0.24773467470870331,1,1
safety,A6c_gate_off_control,3,3,id_reference,50098,250,6.1511329134263519,1.5076361775802365,1,1
safety,A6c_gate_off_control,3,3,id_reference,50099,250,1.9281977038752085,0.47259921981918557,1,1
safety,A4c,3,3,ood_compound,50000,250,4.5699266320554752,1.1200841887736803,0.48399761704609889,0.36943436070718771
safety,A4c,3,3,ood_compound,50001,250,3.4073289366123412,0.83513272206165079,0.52648265157066165,0.26105881212728077
safety,A4c,3,3,ood_compound,50002,250,4.1593182931432828,1.0194445187693264,0.48896006981168921,0.35976787892418843
safety,A4c,3,3,ood_compound,50003,250,22.168018321405835,5.4333578670788869,0.19849442244829424,0.10000000000000001
safety,A4c,3,3,ood_compound,50004,250,11.363397576830589,2.7851567391208367,0.28104091674905496,0.20755535069739559
safety,A4c,3,3,ood_compound,50005,250,3.2914241091726866,0.80672457132525555,0.52179334324613202,0.26723153755498008
safety,A4c,3,3,ood_compound,50006,250,3.5664142860741839,0.87412437311964575,0.51402571621520909,0.37232758876898836
safety,A4c,3,3,ood_compound,50007,250,8.0047570802414842,1.9619575022629854,0.33137533148214754,0.16340855472570237
safety,A4c,3,3,ood_compound,50008,250,3.5061458041925802,0.85935263189223476,0.51702979092835977,0.29341140518677178
safety,A4c,3,3,ood_compound,50009,250,5.8276431332403771,1.4283491742671852,0.39733087695007602,0.23835294075187019
safety,A4c,3,3,ood_compound,50010,250,6.3824704171603974,1.564336755306214,0.38580874542900268,0.27935863841219749
safety,A4c,3,3,ood_compound,50011,250,5.1358537102060744,1.2587923176501963,0.44576574747888631,0.27598956496121541
safety,A4c,3,3,ood_compound,50012,250,3.0538812509180726,0.74850306776307962,0.50585658066576356,0.2372561727130868
safety,A4c,3,3,ood_compound,50013,250,11.668147026131781,2.8598505071357119,0.28233765392154442,0.22050453028938641
safety,A4c,3,3,ood_compound,50014,250,5.7525185274785606,1.4099362127742301,0.43781464377942059,0.29294757200566329
safety,A4c,3,3,ood_compound,50015,250,10.925566024099513,2.6778446881744671,0.29095093907327724,0.16912603384305908
safety,A4c,3,3,ood_compound,50016,250,10.397122262442927,2.5483236805644607,0.29874059643760859,0.24481280936100694
safety,A4c,3,3,ood_compound,50017,250,4.2008613812104834,1.0296266857587284,0.4866293648131666,0.29285905324937483
safety,A4c,3,3,ood_compound,50018,250,3.2066760253306557,0.78595290552334107,0.49373404215479472,0.25848193349037363
safety,A4c,3,3,ood_compound,50019,250,6.2505224070482548,1.5319964374485757,0.37555791113319742,0.19793801012654322
safety,A4c,3,3,ood_compound,50020,250,5.3836342339034795,1.3195230621949277,0.44373445215123947,0.31259316535517245
safety,A4c,3,3,ood_compound,50021,250,4.1007083040207828,1.0050792723647508,0.50482775386935519,0.40405048091011442
safety,A4c,3,3,ood_compound,50022,250,10.227794770184728,2.5068216911292822,0.30204524137180572,0.16877310273869389
safety,A4c,3,3,ood_compound,50023,250,3.737173786829791,0.91597734632442895,0.51106386345446875,0.26997116643858177
safety,A4c,3,3,ood_compound,50024,250,6.3248031502622393,1.5502025691227115,0.41946020508351844,0.29849736229229662
safety,A4c,3,3,ood_compound,50025,250,1.3642122439773252,0.33436697952482913,0.62925514070231015,0.27230488309670225
safety,A4c,3,3,ood_compound,50026,250,3.0299004268692444,0.74262539312768294,0.56393118744182036,0.30107347913584187
safety,A4c,3,3,ood_compound,50027,250,1.3038365980774118,0.31956897250976363,0.64643228156795651,0.26494136616092168
safety,A4c,3,3,ood_compound,50028,250,10.833128655209038,2.6551883867319446,0.30224143077101345,0.17158659278479574
safety,A4c,3,3,ood_compound,50029,250,6.7319834301780954,1.6500020254892696,0.35824323764383303,0.16594465641702183
safety,A4c,3,3,ood_compound,50030,250,2.5594749797652954,0.62732461311036247,0.57134104081607895,0.24748182181681014
safety,A4c,3,3,ood_compound,50031,250,2.8955349419517646,0.70969255474964432,0.54762772135167448,0.26604878867178455
safety,A4c,3,3,ood_compound,50032,250,10.490382387708287,2.5711816387251147,0.30162116045921267,0.15907938785229059
safety,A4c,3,3,ood_compound,50033,250,4.1394409660827431,1.014572606909862,0.49157971942522743,0.4129645549505509
safety,A4c,3,3,ood_compound,50034,250,5.6590734376558718,1.3870329199960147,0.43162022523726512,0.34966335102708884
safety,A4c,3,3,ood_compound,50035,250,3.8264399661415336,0.93785639255199327,0.52110018601791241,0.3697031167271263
safety,A4c,3,3,ood_compound,50036,250,5.9935182730926613,1.4690049957755491,0.41950383093527877,0.3342578776064245
safety,A4c,3,3,ood_compound,50037,250,10.678302459692659,2.6172406498056127,0.2905998084777891,0.23703749807115729
safety,A4c,3,3,ood_compound,50038,250,5.0195704223646835,1.2302914066692299,0.43798870046741933,0.21388003948121276
safety,A4c,3,3,ood_compound,50039,250,3.898687480803233,0.95556418205634386,0.50846075684536163,0.37600814374675107
safety,A4c,3,3,ood_compound,50040,250,2.1723299579521766,0.53243577733483616,0.58168144298856628,0.257599829861201
safety,A4c,3,3,ood_compound,50041,250,11.043884012440586,2.7068443020979704,0.29014777285965021,0.26760334239613087
safety,A4c,3,3,ood_compound,50042,250,1.2984533405359238,0.31824954177448173,0.67857180186659483,0.36127636056515777
safety,A4c,3,3,ood_compound,50043,250,5.8697341607110776,1.438665640625413,0.42713341278884953,0.37171908333876852
safety,A4c,3,3,ood_compound,50044,250,12.110514982468706,2.9682744258125533,0.26841564858906658,0.22724838733910735
safety,A4c,3,3,ood_compound,50045,250,7.3983162476857025,1.8133194949899984,0.3540541011189306,0.16365991602765279
safety,A4c,3,3,ood_compound,50046,250,7.412787522285301,1.8168663891035088,0.35109964922089731,0.16602217938699049
safety,A4c,3,3,ood_compound,50047,250,6.9811471364455784,1.7110717866204082,0.38734947029619715,0.34984796578607752
safety,A4c,3,3,ood_compound,50048,250,1.4929402772060052,0.36591808445067009,0.62736837140065693,0.24500948615467763
safety,A4c,3,3,ood_compound,50049,250,6.4943192549909154,1.5917507872751093,0.3635180686258227,0.14012071448298302
safety,A4c,3,3,ood_compound,50050,250,4.4902326310534377,1.1005512733355289,0.45372879776181657,0.25410984489117333
safety,A4c,3,3,ood_compound,50051,250,2.9018841607897139,0.71124874157802065,0.54016617171425541,0.24703433597387778
safety,A4c,3,3,ood_compound,50052,250,7.6096446778815796,1.8651158699340527,0.37013438670523102,0.16180038915903511
safety,A4c,3,3,ood_compound,50053,250,10.885970366218167,2.668139834265896,0.29730010674667001,0.25609809404458211
safety,A4c,3,3,ood_compound,50054,250,3.7010915426745594,0.90713362640773343,0.50384196992212438,0.27006581328247486
safety,A4c,3,3,ood_compound,50055,250,9.3189985585026527,2.2840766999116302,0.31655102887820019,0.15385396586994224
safety,A4c,3,3,ood_compound,50056,250,5.669168203243947,1.3895071363751723,0.42412434977600555,0.39273641160408923
safety,A4c,3,3,ood_compound,50057,250,5.6430510742543643,1.3831058556560907,0.43088664641706709,0.32373901099482211
safety,A4c,3,3,ood_compound,50058,250,5.6915064485924951,1.3949822167067361,0.3825098446479509,0.17772127154419232
safety,A4c,3,3,ood_compound,50059,250,2.1785018211834046,0.53394849449140525,0.61217619432402404,0.32202127580235101
safety,A4c,3,3,ood_compound,50060,250,9.1561836968011967,2.2441709493444377,0.31790501002334609,0.18236752149480678
safety,A4c,3,3,ood_compound,50061,250,4.5727103562409503,1.1207664766301606,0.48251656453917274,0.32891401462208164
safety,A4c,3,3,ood_compound,50062,250,2.9111561761110116,0.71352130273613745,0.52485750915452445,0.20049373792859124
safety,A4c,3,3,ood_compound,50063,250,4.938895315633486,1.2105180232535315,0.47061350842769456,0.36137438938913946
safety,A4c,3,3,ood_compound,50064,250,5.3454120775121972,1.3101548520502815,0.44659295974688584,0.35976203123097789
safety,A4c,3,3,ood_compound,50065,250,4.8287721724182511,1.1835269572114133,0.4766292299996655,0.29643457516785582
safety,A4c,3,3,ood_compound,50066,250,6.3433182157765575,1.55474059211661,0.3736649626286247,0.15935744004101973
safety,A4c,3,3,ood_compound,50067,250,6.1349674747751575,1.5036740456477924,0.41506330334927477,0.34377304555470217
safety,A4c,3,3,ood_compound,50068,250,2.4246549964326642,0.59428037765100905,0.59612958061968402,0.38764091389524802
safety,A4c,3,3,ood_compound,50069,250,7.466381584977448,1.8300022372400071,0.34606712864096861,0.24988630215356469
safety,A4c,3,3,ood_compound,50070,250,6.7314966959203248,1.6498827274369903,0.40738139022529951,0.32934528156707155
safety,A4c,3,3,ood_compound,50071,250,6.0893799460411993,1.4925005905244644,0.38424349308409511,0.22476384043249015
safety,A4c,3,3,ood_compound,50072,250,4.2039114134128734,1.0303742454287643,0.47283071891638984,0.29107819910039134
safety,A4c,3,3,ood_compound,50073,250,4.5928589836583811,1.1257048839204338,0.46074515591265935,0.3002459502637132
safety,A4c,3,3,ood_compound,50074,250,3.948112741811987,0.96767826130514301,0.50641819671669641,0.41398774313243097
safety,A4c,3,3,ood_compound,50075,250,4.5088963111688685,1.1051257216111285,0.47568120672213954,0.32639025796610405
safety,A4c,3,3,ood_compound,50076,250,5.6450898784653454,1.3836055644139309,0.41070733847450175,0.2438165161269622
safety,A4c,3,3,ood_compound,50077,250,2.333422416063871,0.57191936860212922,0.59135051559621976,0.27145519967759174
safety,A4c,3,3,ood_compound,50078,250,5.7717043426879338,1.4146386358096492,0.44037059788120414,0.33402152616983849
safety,A4c,3,3,ood_compound,50079,250,6.5909321632983762,1.6154305090167154,0.40634643204890381,0.23280164954972629
safety,A4c,3,3,ood_compound,50080,250,3.579287610892572,0.87727961143023081,0.4932077483078216,0.25545191165018333
safety,A4c,3,3,ood_compound,50081,250,1.5842295784018676,0.3882929957143314,0.63570054473330428,0.27170338902407704
safety,A4c,3,3,ood_compound,50082,250,5.4879666372894267,1.345094824023584,0.40702783239544787,0.23791424800763292
safety,A4c,3,3,ood_compound,50083,250,4.0705530113252015,0.99768824198819284,0.46773615868697915,0.23530866168685574
safety,A4c,3,3,ood_compound,50084,250,3.8868535020281056,0.95266368636275289,0.50587878867752478,0.36941109294247371
safety,A4c,3,3,ood_compound,50085,250,3.4628295789155241,0.84873587084625568,0.50690982529155393,0.26546229508587027
safety,A4c,3,3,ood_compound,50086,250,4.8418481796314357,1.1867318727628018,0.4693698750866323,0.24902178379663223
safety,A4c,3,3,ood_compound,50087,250,4.1758112736396864,1.0234869308619392,0.49201267762012185,0.3806478841202901
safety,A4c,3,3,ood_compound,50088,250,3.9413339576936379,0.96601678848043426,0.48476157910718964,0.29123204702076194
safety,A4c,3,3,ood_compound,50089,250,2.145685427114465,0.52590523098004927,0.61425819579025687,0.24926072911140162
safety,A4c,3,3,ood_compound,50090,250,7.3623901427476426,1.8045140446304495,0.35067014982456624,0.18694139015749034
safety,A4c,3,3,ood_compound,50091,250,4.6595001425043066,1.1420385615382083,0.43388439840417609,0.26751475622834331
safety,A4c,3,3,ood_compound,50092,250,2.3853797602554825,0.58465405876355969,0.5801727714223418,0.32104437261379004
safety,A4c,3,3,ood_compound,50093,250,5.8888731185483394,1.4433565789684386,0.39623912603302824,0.16093811677585812
safety,A4c,3,3,ood_compound,50094,250,6.3970726799754392,1.567915754492923,0.40421139987280807,0.36805950421930989
safety,A4c,3,3,ood_compound,50095,250,8.9428374955048646,2.191880020835709,0.3334328897031868,0.27419125419935114
safety,A4c,3,3,ood_compound,50096,250,10.055146919955662,2.4645058854638497,0.30934698894773216,0.24496933365070886
safety,A4c,3,3,ood_compound,50097,250,2.2106475362917375,0.54182737529817915,0.60174631873281048,0.2728233887579502
safety,A4c,3,3,ood_compound,50098,250,3.5178943708928698,0.86223219317653244,0.50159821517057235,0.20905129736313482
safety,A4c,3,3,ood_compound,50099,250,3.7283783138257536,0.91382158518474155,0.49687585678489588,0.28874153983025908
safety,A6c,3,3,ood_compound,50000,250,7.0826664746132,1.7359540691364355,0.39282533854667767,0.28653206651723617
safety,A6c,3,3,ood_compound,50001,250,4.1292348600235425,1.0120711010988779,0.48005141924970657,0.27650487868210094
safety,A6c,3,3,ood_compound,50002,250,4.437501640382445,1.0876269632394637,0.50516069509995565,0.36284727494293367
safety,A6c,3,3,ood_compound,50003,59,5.3022368860100517,1.2995726582335119,0.44147141977741911,0.2494746280859845
safety,A6c,3,3,ood_compound,50004,250,9.1882672909599492,2.2520346043721089,0.33321952734545307,0.17758245785946603
safety,A6c,3,3,ood_compound,50005,250,3.7622842098753599,0.92213188448035333,0.48430754937582116,0.29527381520498991
safety,A6c,3,3,ood_compound,50006,250,4.7302289034686442,1.1593741061161034,0.45778210990378904,0.36145157844412351
safety,A6c,3,3,ood_compound,50007,61,5.1143236446678113,1.2535153213361825,0.45358538586478703,0.35090921340907544
safety,A6c,3,3,ood_compound,50008,250,5.9372294516277755,1.4552086651112284,0.45296778232901797,0.30952226840805092
safety,A6c,3,3,ood_compound,50009,250,6.3174037977407522,1.5483889956381078,0.3977295097206992,0.25370501782469751
safety,A6c,3,3,ood_compound,50010,250,8.3604863119741992,2.0491463610848188,0.34532113826403438,0.26404589579981874
safety,A6c,3,3,ood_compound,50011,250,5.4863225717701365,1.3446918653019828,0.45318220160416611,0.29428004364290394
safety,A6c,3,3,ood_compound,50012,173,5.2134902519409625,1.2778209519959522,0.47420913405989845,0.36223602344215172
safety,A6c,3,3,ood_compound,50013,250,8.9399705325086263,2.1911773312346638,0.3127656288309289,0.29562098612277277
safety,A6c,3,3,ood_compound,50014,250,6.2211925934434156,1.5248077311249288,0.40975164975679229,0.28529506483641132
safety,A6c,3,3,ood_compound,50015,250,7.1330325541879391,1.748298742021656,0.36028514124824229,0.23772480968499016
safety,A6c,3,3,ood_compound,50016,250,6.2107682210196362,1.5222527284586143,0.38757306891740911,0.23016721614433908
safety,A6c,3,3,ood_compound,50017,250,6.4111931298489342,1.5713766618367591,0.43086692285776818,0.28462879566339272
safety,A6c,3,3,ood_compound,50018,250,7.7700799317419857,1.9044383811337797,0.36181938749249776,0.27219880932533924
safety,A6c,3,3,ood_compound,50019,250,8.466879356594827,2.0752231839027506,0.32506867664148359,0.30779455170958525
safety,A6c,3,3,ood_compound,50020,250,7.1030304453116067,1.7409452568373367,0.36575151346569201,0.34047502221836179
safety,A6c,3,3,ood_compound,50021,250,7.7426145655656438,1.8977066489048176,0.3627908566208074,0.29164196670009651
safety,A6c,3,3,ood_compound,50022,250,9.0388636787456118,2.2154159368834176,0.33490025052618999,0.23851751827640361
safety,A6c,3,3,ood_compound,50023,250,3.8340577769449009,0.93972350993065534,0.4901674588573694,0.26374590242871604
safety,A6c,3,3,ood_compound,50024,250,3.4219497829975341,0.83871627606176768,0.52991831830542524,0.32873983898330383
safety,A6c,3,3,ood_compound,50025,250,1.7668584559621741,0.43305514063235079,0.61529654292023839,0.28035486176963065
safety,A6c,3,3,ood_compound,50026,250,3.619197513291597,0.8870614863380436,0.52562848041271959,0.29645993128379305
safety,A6c,3,3,ood_compound,50027,250,1.1711705473815446,0.28705266366376103,0.65443518996946726,0.29449244666937879
safety,A6c,3,3,ood_compound,50028,250,8.2811995220078778,2.029713252641248,0.34291612776140107,0.24464290366417238
safety,A6c,3,3,ood_compound,50029,250,6.3676447076971829,1.5607029895821394,0.38791402027105359,0.29667897448115077
safety,A6c,3,3,ood_compound,50030,250,3.2989082077924357,0.80855891598899765,0.51400259911371493,0.27705880390527998
safety,A6c,3,3,ood_compound,50031,250,3.0806714507284498,0.75506931742914796,0.50036469627204561,0.26168915208735338
safety,A6c,3,3,ood_compound,50032,250,9.3329859239463033,2.2875049884023331,0.33795921398675943,0.2314218940897054
safety,A6c,3,3,ood_compound,50033,250,3.7401187357380214,0.91669915019010106,0.51263222523286001,0.33178353324397725
safety,A6c,3,3,ood_compound,50034,250,5.38765934280325,1.3205096121331916,0.46860135911471629,0.31967512306637114
safety,A6c,3,3,ood_compound,50035,250,3.0850501654111611,0.75614253577117851,0.54933958297870877,0.31393319508873896
safety,A6c,3,3,ood_compound,50036,250,7.7162448756576865,1.8912434657715069,0.37343451062985328,0.3156641906890218
safety,A6c,3,3,ood_compound,50037,250,7.6025001336100217,1.8633647496822674,0.35918468841496759,0.33575687592211928
safety,A6c,3,3,ood_compound,50038,250,5.1248240725499912,1.2560889651149882,0.44142437383917799,0.25150605061317605
safety,A6c,3,3,ood_compound,50039,250,7.7487631213870358,1.8992136534398634,0.36370513187495751,0.31982436854902352
safety,A6c,3,3,ood_compound,50040,250,2.7008048224619747,0.66196440822130076,0.55753868140793095,0.2914113267093329
safety,A6c,3,3,ood_compound,50041,250,7.6759931465773947,1.8813778095053018,0.34335843496888574,0.25076385910653159
safety,A6c,3,3,ood_compound,50042,250,3.4224372940882635,0.83883576451498432,0.53913642625348923,0.34415117414853597
safety,A6c,3,3,ood_compound,50043,250,4.9838712288941478,1.2215415720706086,0.46566409341205861,0.39817279446087778
safety,A6c,3,3,ood_compound,50044,250,7.7713491651457343,1.9047494688999225,0.34424836992335794,0.3213491403649566
safety,A6c,3,3,ood_compound,50045,250,10.617899220962943,2.6024358798171181,0.30044733427568304,0.27244423442911586
safety,A6c,3,3,ood_compound,50046,250,7.4585153885186717,1.8280742407996573,0.37067448819365811,0.26213223859142193
safety,A6c,3,3,ood_compound,50047,250,6.2647493661526443,1.5354834500923626,0.40932908965712578,0.3451169008192016
safety,A6c,3,3,ood_compound,50048,250,1.7496441801883207,0.42883593982938067,0.62859130916551409,0.27662031737264275
safety,A6c,3,3,ood_compound,50049,250,7.8493580260921414,1.9238693582910165,0.33447780818985251,0.20248758849219928
safety,A6c,3,3,ood_compound,50050,250,4.948741562909996,1.2129313280571175,0.42986890771643332,0.28037663130385615
safety,A6c,3,3,ood_compound,50051,250,4.6930314007017113,1.1502570374921008,0.43285988150859783,0.28148873792823853
safety,A6c,3,3,ood_compound,50052,250,5.8413565600690109,1.4317103206928004,0.40263701101529126,0.29573975327510854
safety,A6c,3,3,ood_compound,50053,250,6.7775111704531668,1.6611608265244986,0.36098718656570183,0.24984858701532278
safety,A6c,3,3,ood_compound,50054,250,3.8835537075171556,0.95185491021479651,0.47191234510184676,0.29467767290893088
safety,A6c,3,3,ood_compound,50055,250,7.2034236559663753,1.7655515266898691,0.35272163395295586,0.21408604972046683
safety,A6c,3,3,ood_compound,50056,250,5.5251047128919852,1.3541973271123913,0.42981477359110026,0.39181049517554706
safety,A6c,3,3,ood_compound,50057,250,5.6010554900813467,1.3728127823492762,0.44127418189485385,0.35311213437306332
safety,A6c,3,3,ood_compound,50058,250,6.174588263594031,1.5133850591225975,0.38352617121664834,0.22032739134023299
safety,A6c,3,3,ood_compound,50059,250,4.4990689449143701,1.1027170445260874,0.49361765717372674,0.31970257157975362
safety,A6c,3,3,ood_compound,50060,250,7.8261721357750424,1.918186521073312,0.34418694154464158,0.3158431908755146
safety,A6c,3,3,ood_compound,50061,250,3.5579606888796871,0.87205240537963891,0.52924154312166349,0.33505337537673407
safety,A6c,3,3,ood_compound,50062,250,3.3502522444509246,0.82114328512210188,0.51561616191192505,0.2743531728681084
safety,A6c,3,3,ood_compound,50063,250,7.6387858302726945,1.8722583355935618,0.399708223253401,0.32086092591289417
safety,A6c,3,3,ood_compound,50064,250,5.9274566372432789,1.4528133586318832,0.40840645401839071,0.35422341481843977
safety,A6c,3,3,ood_compound,50065,250,3.7359831491868745,0.91568552229621925,0.51912033635945376,0.31954271405030743
safety,A6c,3,3,ood_compound,50066,250,8.4498270712172818,2.0710436867747508,0.32749089995098463,0.3055946013195438
safety,A6c,3,3,ood_compound,50067,250,5.5948839662943151,1.371300148390121,0.46702460676484575,0.37083267756876193
safety,A6c,3,3,ood_compound,50068,250,2.0783358690358096,0.50939792545885176,0.60924684875182489,0.45560263868777529
safety,A6c,3,3,ood_compound,50069,250,6.4591502690184841,1.5831309059740377,0.39480443356568834,0.29790752866468329
safety,A6c,3,3,ood_compound,50070,250,7.0510788965992823,1.7282119871417558,0.38772710545161043,0.30132879679274804
safety,A6c,3,3,ood_compound,50071,250,7.4410285810240211,1.8237882427598862,0.35442613124578881,0.32082280662444329
safety,A6c,3,3,ood_compound,50072,250,4.4550542049999473,1.0919290782805644,0.44364083232493884,0.30547307873195928
safety,A6c,3,3,ood_compound,50073,250,5.2263774060206698,1.2809795798438741,0.42734817447883722,0.28988893580237157
safety,A6c,3,3,ood_compound,50074,250,6.1685402682203669,1.5119027018470341,0.43550304720093824,0.31635680580671061
safety,A6c,3,3,ood_compound,50075,250,3.5773684652723601,0.87680923086655282,0.51948829769125637,0.32373839046037334
safety,A6c,3,3,ood_compound,50076,34,7.4337377647243326,1.822001271388562,0.38025948927032044,0.25143554288266295
safety,A6c,3,3,ood_compound,50077,250,1.6409158886046105,0.40218675044830055,0.64121632642062121,0.27630051798753608
safety,A6c,3,3,ood_compound,50078,250,5.7872772927406064,1.4184555494126396,0.44020885374296598,0.30769104724672575
safety,A6c,3,3,ood_compound,50079,250,7.073228867968913,1.7336409217200235,0.3892295667540267,0.26798885454308313
safety,A6c,3,3,ood_compound,50080,250,3.9652631726046286,0.97188181377067895,0.47875509292638369,0.25094115745000684
safety,A6c,3,3,ood_compound,50081,250,1.7880809615439199,0.43825675432600064,0.62015522627365782,0.31516544590887352
safety,A6c,3,3,ood_compound,50082,169,4.7424875178765697,1.1623786795546085,0.44842249921452265,0.3523073578194949
safety,A6c,3,3,ood_compound,50083,250,3.4584709380190475,0.8476675725680205,0.48683827399665247,0.24924656451315996
safety,A6c,3,3,ood_compound,50084,250,8.837700649732934,2.1661110910282497,0.32552609324881054,0.30450691039647543
safety,A6c,3,3,ood_compound,50085,250,4.8413229971619369,1.1866031510944537,0.43721144479549595,0.29168376989713024
safety,A6c,3,3,ood_compound,50086,250,4.7892254283711519,1.1738340920319319,0.4649586435574215,0.2335343461229322
safety,A6c,3,3,ood_compound,50087,250,4.0155781313460341,0.98421395699366543,0.52027085202511758,0.38670721681099501
safety,A6c,3,3,ood_compound,50088,250,5.6469510164952066,1.3840617273785067,0.42332597049140974,0.30675550266388368
safety,A6c,3,3,ood_compound,50089,250,2.0614079164936454,0.50524890217742968,0.62216445566963396,0.31345012034529501
safety,A6c,3,3,ood_compound,50090,250,6.7012397071018164,1.6424667714481584,0.37823031446621658,0.29917288071445763
safety,A6c,3,3,ood_compound,50091,250,4.9442825248105757,1.2118384225305241,0.43582035528758911,0.25081588437508068
safety,A6c,3,3,ood_compound,50092,250,3.9677871690548345,0.97250044263368218,0.49567000237927855,0.29867693628086212
safety,A6c,3,3,ood_compound,50093,250,6.670963993546339,1.635046226046081,0.38797074304748186,0.24942947862451251
safety,A6c,3,3,ood_compound,50094,250,6.0047385486563902,1.4717550734604865,0.42719969126559615,0.35789072677911532
safety,A6c,3,3,ood_compound,50095,250,4.5913140921952298,1.1253262326552014,0.47114191900349139,0.36937291108788339
safety,A6c,3,3,ood_compound,50096,250,7.2713600499013307,1.7822026650593745,0.34499058786007414,0.22293896201856209
safety,A6c,3,3,ood_compound,50097,250,3.659648867128257,0.89697607042110428,0.51677157580956401,0.30355132966350307
safety,A6c,3,3,ood_compound,50098,52,7.1499715401584885,1.7524504695847172,0.36739258285700294,0.22968760478572342
safety,A6c,3,3,ood_compound,50099,250,3.5718553382077403,0.87545796924837593,0.5112263613551733,0.27704650262910918
safety,A6c_gate_off_control,3,3,ood_compound,50000,250,6.9373540317553051,1.7003381429341369,1,1
safety,A6c_gate_off_control,3,3,ood_compound,50001,250,3.9349181550781456,0.96444428203853683,1,1
safety,A6c_gate_off_control,3,3,ood_compound,50002,250,4.2720391340334292,1.0470722777667478,1,1
safety,A6c_gate_off_control,3,3,ood_compound,50003,57,5.4926697071923751,1.3462475414873698,1,1
safety,A6c_gate_off_control,3,3,ood_compound,50004,250,8.1779020578150003,2.0043951533152602,1,1
safety,A6c_gate_off_control,3,3,ood_compound,50005,250,3.4709850469102843,0.85073476743442078,1,1
safety,A6c_gate_off_control,3,3,ood_compound,50006,250,4.2220493808292794,1.0348198420773194,1,1
safety,A6c_gate_off_control,3,3,ood_compound,50007,61,5.0187368414535607,1.2300870968687041,1,1
safety,A6c_gate_off_control,3,3,ood_compound,50008,250,4.9528155305839068,1.2139298532292975,1,1
safety,A6c_gate_off_control,3,3,ood_compound,50009,250,6.224529787379419,1.5256256738324483,1,1
safety,A6c_gate_off_control,3,3,ood_compound,50010,250,7.5654822005018811,1.8542916933918951,1,1
safety,A6c_gate_off_control,3,3,ood_compound,50011,250,5.5114879173111149,1.3508598649034989,1,1
safety,A6c_gate_off_control,3,3,ood_compound,50012,221,4.6686421075542102,1.1442792475122221,1,1
safety,A6c_gate_off_control,3,3,ood_compound,50013,250,8.9405976732412942,2.1913310427655821,1,1
safety,A6c_gate_off_control,3,3,ood_compound,50014,250,6.013131149125349,1.4738120909675152,1,1
safety,A6c_gate_off_control,3,3,ood_compound,50015,250,6.0560386901968313,1.4843286839465382,1,1
safety,A6c_gate_off_control,3,3,ood_compound,50016,250,6.1800193057835981,1.5147162018246325,1,1
safety,A6c_gate_off_control,3,3,ood_compound,50017,250,5.5944946223924887,1.3712047206111777,1,1
safety,A6c_gate_off_control,3,3,ood_compound,50018,250,7.6987461183974286,1.8869545388568121,1,1
safety,A6c_gate_off_control,3,3,ood_compound,50019,250,8.466879356594827,2.0752231839027506,1,1
safety,A6c_gate_off_control,3,3,ood_compound,50020,250,8.9423996799353862,2.1917727127022411,1,1
safety,A6c_gate_off_control,3,3,ood_compound,50021,250,7.6543442264577219,1.8760716820589705,1,1
safety,A6c_gate_off_control,3,3,ood_compound,50022,250,8.341933941385042,2.0445991946564952,1,1
safety,A6c_gate_off_control,3,3,ood_compound,50023,250,3.1115990108071969,0.76264962972531525,1,1
safety,A6c_gate_off_control,3,3,ood_compound,50024,250,3.4168858527167298,0.83747511210066716,1,1
safety,A6c_gate_off_control,3,3,ood_compound,50025,250,1.1743329578146307,0.28782776711939778,1,1
safety,A6c_gate_off_control,3,3,ood_compound,50026,250,3.8004398380244857,0.93148378862314274,1,1
safety,A6c_gate_off_control,3,3,ood_compound,50027,250,1.1501300035108235,0.28189564859321631,1,1
safety,A6c_gate_off_control,3,3,ood_compound,50028,250,6.7600127396864949,1.6568719796330369,1,1
safety,A6c_gate_off_control,3,3,ood_compound,50029,250,6.3587977892130993,1.5585346192096516,1,1
safety,A6c_gate_off_control,3,3,ood_compound,50030,250,3.1130581487284523,0.76300726288803922,1,1
safety,A6c_gate_off_control,3,3,ood_compound,50031,250,4.1304021255591366,1.0123571966482787,1,1
safety,A6c_gate_off_control,3,3,ood_compound,50032,250,8.6083204060319414,2.1098902356682645,1,1
safety,A6c_gate_off_control,3,3,ood_compound,50033,250,3.9121011873466705,0.95885186735675243,1,1
safety,A6c_gate_off_control,3,3,ood_compound,50034,250,5.2751046001368653,1.2929225636349089,1,1
safety,A6c_gate_off_control,3,3,ood_compound,50035,250,2.8441860315232712,0.69710699106066176,1,1
safety,A6c_gate_off_control,3,3,ood_compound,50036,250,7.6963305654791645,1.8863624893889026,1,1
safety,A6c_gate_off_control,3,3,ood_compound,50037,250,7.6006583659395908,1.8629133343723203,1,1
safety,A6c_gate_off_control,3,3,ood_compound,50038,250,5.1480187839504792,1.2617739643709107,1,1
safety,A6c_gate_off_control,3,3,ood_compound,50039,250,7.8304269394252977,1.9192293689522164,1,1
safety,A6c_gate_off_control,3,3,ood_compound,50040,250,2.5880420621307003,0.63432637481315235,1,1
safety,A6c_gate_off_control,3,3,ood_compound,50041,226,5.9154495702989092,1.4498704392109019,1,1
safety,A6c_gate_off_control,3,3,ood_compound,50042,250,3.412459138624591,0.83639012915410371,1,1
safety,A6c_gate_off_control,3,3,ood_compound,50043,250,4.1670077810377011,1.0213292041272686,1,1
safety,A6c_gate_off_control,3,3,ood_compound,50044,250,7.4631440212613356,1.8292087137941102,1,1
safety,A6c_gate_off_control,3,3,ood_compound,50045,250,11.328268057046833,2.7765465309409079,1,1
safety,A6c_gate_off_control,3,3,ood_compound,50046,250,7.0099472360437387,1.7181306606007323,1,1
safety,A6c_gate_off_control,3,3,ood_compound,50047,250,5.415070385990493,1.3272280298549251,1,1
safety,A6c_gate_off_control,3,3,ood_compound,50048,250,1.6774905303528893,0.41115115649476758,1,1
safety,A6c_gate_off_control,3,3,ood_compound,50049,250,7.8417816902731339,1.9220124063871971,1,1
safety,A6c_gate_off_control,3,3,ood_compound,50050,250,4.8652780992982567,1.1924745213162731,1,1
safety,A6c_gate_off_control,3,3,ood_compound,50051,250,4.7043970284369099,1.1530427408406811,1,1
safety,A6c_gate_off_control,3,3,ood_compound,50052,250,6.2894425525084241,1.5415357239764864,1,1
safety,A6c_gate_off_control,3,3,ood_compound,50053,250,5.1571150983187888,1.2640034614111018,1,1
safety,A6c_gate_off_control,3,3,ood_compound,50054,250,3.2994993409698976,0.80870380210618176,1,1
safety,A6c_gate_off_control,3,3,ood_compound,50055,250,6.7588815421699122,1.656594724316985,1,1
safety,A6c_gate_off_control,3,3,ood_compound,50056,250,4.4691528267225991,1.0953846355676933,1,1
safety,A6c_gate_off_control,3,3,ood_compound,50057,250,5.7538364316323563,1.4102592296897822,1,1
safety,A6c_gate_off_control,3,3,ood_compound,50058,250,6.2508493913567502,1.5320765809570849,1,1
safety,A6c_gate_off_control,3,3,ood_compound,50059,250,4.2370865378500904,1.038505433374338,1,1
safety,A6c_gate_off_control,3,3,ood_compound,50060,250,7.6647744785602061,1.8786281258283228,1,1
safety,A6c_gate_off_control,3,3,ood_compound,50061,250,3.6087894818885835,0.88451048883865224,1,1
safety,A6c_gate_off_control,3,3,ood_compound,50062,250,2.6689705399783112,0.65416185922176273,1,1
safety,A6c_gate_off_control,3,3,ood_compound,50063,250,7.2802086214721733,1.7843714406016802,1,1
safety,A6c_gate_off_control,3,3,ood_compound,50064,250,6.0655557741138075,1.4866613111585079,1,1
safety,A6c_gate_off_control,3,3,ood_compound,50065,250,3.2407082711545354,0.79429417301512162,1,1
safety,A6c_gate_off_control,3,3,ood_compound,50066,250,8.4498270712172818,2.0710436867747508,1,1
safety,A6c_gate_off_control,3,3,ood_compound,50067,250,5.2611348665428839,1.2894985966919295,1,1
safety,A6c_gate_off_control,3,3,ood_compound,50068,153,3.017443136987235,0.73957212454040733,1,1
safety,A6c_gate_off_control,3,3,ood_compound,50069,166,5.5189558170180018,1.3526902392308149,1,1
safety,A6c_gate_off_control,3,3,ood_compound,50070,250,6.5705282391148145,1.6104295287588188,1,1
safety,A6c_gate_off_control,3,3,ood_compound,50071,250,7.431396183228693,1.8214273522381772,1,1
safety,A6c_gate_off_control,3,3,ood_compound,50072,250,4.4711144541170418,1.0958654283693476,1,1
safety,A6c_gate_off_control,3,3,ood_compound,50073,250,5.3559415253446119,1.3127356085882262,1,1
safety,A6c_gate_off_control,3,3,ood_compound,50074,250,5.8549038800645157,1.4350307545091301,1,1
safety,A6c_gate_off_control,3,3,ood_compound,50075,250,3.502717535597383,0.85851236688197963,1,1
safety,A6c_gate_off_control,3,3,ood_compound,50076,37,7.1325554810787919,1.7481818119066961,1,1
safety,A6c_gate_off_control,3,3,ood_compound,50077,250,1.4448257136990601,0.35412525577463588,1,1
safety,A6c_gate_off_control,3,3,ood_compound,50078,250,5.7136684708782317,1.400414104951808,1,1
safety,A6c_gate_off_control,3,3,ood_compound,50079,250,7.182921771661781,1.7605265365098157,1,1
safety,A6c_gate_off_control,3,3,ood_compound,50080,250,3.8727515903749401,0.94920732271713149,1,1
safety,A6c_gate_off_control,3,3,ood_compound,50081,250,1.281964233627181,0.31420807909411164,1,1
safety,A6c_gate_off_control,3,3,ood_compound,50082,250,3.5273076374998862,0.86453937487552779,1,1
safety,A6c_gate_off_control,3,3,ood_compound,50083,250,3.3336892690192057,0.81708371734480234,1,1
safety,A6c_gate_off_control,3,3,ood_compound,50084,250,8.8146276064283633,2.1604559124940779,1,1
safety,A6c_gate_off_control,3,3,ood_compound,50085,250,4.7075735096936224,1.1538212930403211,1,1
safety,A6c_gate_off_control,3,3,ood_compound,50086,250,4.7798138828943308,1.1715273321801287,1,1
safety,A6c_gate_off_control,3,3,ood_compound,50087,250,3.7294010579727677,0.9140722586945077,1,1
safety,A6c_gate_off_control,3,3,ood_compound,50088,250,5.576193230922434,1.3667190688997528,1,1
safety,A6c_gate_off_control,3,3,ood_compound,50089,250,1.9149428284135788,0.46935046384910167,1,1
safety,A6c_gate_off_control,3,3,ood_compound,50090,250,6.6170803353923926,1.6218393983678923,1,1
safety,A6c_gate_off_control,3,3,ood_compound,50091,250,4.8162029261385104,1.180446248229351,1,1
safety,A6c_gate_off_control,3,3,ood_compound,50092,250,3.8369624033331515,0.94043543078928649,1,1
safety,A6c_gate_off_control,3,3,ood_compound,50093,250,6.808455023354167,1.6687451321741846,1,1
safety,A6c_gate_off_control,3,3,ood_compound,50094,250,4.8931502626119343,1.1993059590937603,1,1
safety,A6c_gate_off_control,3,3,ood_compound,50095,250,3.8989609955779141,0.95563122023861302,1,1
safety,A6c_gate_off_control,3,3,ood_compound,50096,250,6.1277101020301687,1.5018952712563876,1,1
safety,A6c_gate_off_control,3,3,ood_compound,50097,250,3.6290025519053666,0.88946469094193437,1,1
safety,A6c_gate_off_control,3,3,ood_compound,50098,250,5.5664429212283055,1.3643292782962375,1,1
safety,A6c_gate_off_control,3,3,ood_compound,50099,250,3.689752577020724,0.9043544579071231,1,1
safety,A4c,3,3,motor_fault,50000,250,6.2252388999819992,1.5257994765820677,0.42089901398370644,0.32087190472237703
safety,A4c,3,3,motor_fault,50001,250,3.3780103921024702,0.82794677778127324,0.53228441312813601,0.26597553254980499
safety,A4c,3,3,motor_fault,50002,40,3.987722191116883,0.97738649547705392,0.51484876218067588,0.41044671937255817
safety,A4c,3,3,motor_fault,50003,250,11.476740102202351,2.8129368723278088,0.27623036162568382,0.24817506148830371
safety,A4c,3,3,motor_fault,50004,250,10.41453430706852,2.5525913543040226,0.28653929619264523,0.22610997645924252
safety,A4c,3,3,motor_fault,50005,250,5.1193671138589352,1.2547514703058225,0.44235675980360439,0.24306148016401496
safety,A4c,3,3,motor_fault,50006,250,12.361056078695476,3.0296817837673156,0.275383727221715,0.208925900182139
safety,A4c,3,3,motor_fault,50007,250,7.2108630019352375,1.767374902526166,0.3484677631037455,0.16294994944412708
safety,A4c,3,3,motor_fault,50008,250,7.145328193176038,1.75131239014564,0.39128290342974364,0.30040655926086235
safety,A4c,3,3,motor_fault,50009,250,6.3634099955095103,1.5596650660994849,0.38042279595367812,0.22889663844838676
safety,A4c,3,3,motor_fault,50010,250,7.0995899349120979,1.7401019913737799,0.36431342766230024,0.2222800210431761
safety,A4c,3,3,motor_fault,50011,250,2.8496547626593167,0.69844737128365542,0.5584848755438504,0.30958769957772592
safety,A4c,3,3,motor_fault,50012,63,4.970032951284602,1.2181498248505134,0.4452234070158167,0.2318395566361921
safety,A4c,3,3,motor_fault,50013,250,12.141360840908641,2.9758347131233767,0.26878552258430694,0.23182461617417477
safety,A4c,3,3,motor_fault,50014,250,5.5885542344911272,1.3697487378133739,0.42274066569034052,0.26090559145784731
safety,A4c,3,3,motor_fault,50015,250,12.176314508298022,2.9844018200672555,0.26497569278720368,0.16103550419143056
safety,A4c,3,3,motor_fault,50016,250,11.013645968021354,2.6994329893613842,0.27913898952864885,0.22611502630116842
safety,A4c,3,3,motor_fault,50017,250,6.610895343075649,1.6203234632863361,0.39717830069171511,0.31496743655887716
safety,A4c,3,3,motor_fault,50018,250,3.2634761887829926,0.79987456556848435,0.52072423731850814,0.21993192805767869
safety,A4c,3,3,motor_fault,50019,250,6.8941014900982953,1.6897369906761408,0.35177686874770497,0.15404434329416947
safety,A4c,3,3,motor_fault,50020,250,4.7689947424415475,1.168875572287031,0.4804610863434074,0.36150295961641404
safety,A4c,3,3,motor_fault,50021,250,1.8354079169590256,0.44985654109093903,0.62258411184699047,0.42465538222466342
safety,A4c,3,3,motor_fault,50022,250,10.733115122772197,2.6306751756094449,0.29755383892027376,0.15006765805520381
safety,A4c,3,3,motor_fault,50023,250,3.2894942897388413,0.80625157462113428,0.52576941680904898,0.25369403064501889
safety,A4c,3,3,motor_fault,50024,250,1.7204755681163619,0.42168674383111165,0.70537388699403847,0.4710476373774149
safety,A4c,3,3,motor_fault,50025,250,2.805248043521523,0.68756333134466308,0.57317313953734605,0.24620852558233164
safety,A4c,3,3,motor_fault,50026,250,2.6804298421122414,0.65697052206649265,0.578060247092959,0.35537688362789621
safety,A4c,3,3,motor_fault,50027,34,3.6933554703743665,0.90523752326115869,0.49127926046542891,0.25229130200294952
safety,A4c,3,3,motor_fault,50028,250,9.9104686791477317,2.4290454015138776,0.32386697105955853,0.14468473143430707
safety,A4c,3,3,motor_fault,50029,250,5.9922559370889577,1.4686955985548693,0.37325228545051281,0.14982889513754052
safety,A4c,3,3,motor_fault,50030,250,2.8319548330407596,0.69410913723650713,0.56477118887482225,0.28801793245369994
safety,A4c,3,3,motor_fault,50031,79,4.7319808947437636,1.1598035173264205,0.45330047583742389,0.25627267496694117
safety,A4c,3,3,motor_fault,50032,250,10.658484320217141,2.6123832447606974,0.29386272888024445,0.15100415061721376
safety,A4c,3,3,motor_fault,50033,26,4.2017111128573763,1.0298349540875258,0.50290196550417876,0.44244127497234798
safety,A4c,3,3,motor_fault,50034,250,1.9213537469310926,0.47092177320374529,0.64445031459636037,0.38472476567586977
safety,A4c,3,3,motor_fault,50035,250,3.9125754517688467,0.95896810906550356,0.50245285530447725,0.3697031167271263
safety,A4c,3,3,motor_fault,50036,250,10.324330822539626,2.5304825755581235,0.30671697071278359,0.20224116794154495
safety,A4c,3,3,motor_fault,50037,250,10.31454824239141,2.5280848755004097,0.29156967593102195,0.24676495784961475
safety,A4c,3,3,motor_fault,50038,250,4.8312304585845744,1.1841294805532687,0.45237233244835551,0.27359113688454606
safety,A4c,3,3,motor_fault,50039,250,3.2640940219458052,0.8000259958238658,0.54385963825292749,0.37017687181371267
safety,A4c,3,3,motor_fault,50040,250,1.0266920899880105,0.25164114641755925,0.71368595589280037,0.29799215536378726
safety,A4c,3,3,motor_fault,50041,250,6.9424320195416405,1.7015827523749896,0.38312835750771568,0.31788252369269354
safety,A4c,3,3,motor_fault,50042,250,2.1207847997598437,0.51980211352629879,0.65172755019572493,0.3248012598133741
safety,A4c,3,3,motor_fault,50043,30,3.6852450515329376,0.90324966817287455,0.51125850290634833,0.40827381570118976
safety,A4c,3,3,motor_fault,50044,250,12.300352495294993,3.0148033996173704,0.26141976540024153,0.23934844514370179
safety,A4c,3,3,motor_fault,50045,250,7.1239165887650113,1.7460644285287419,0.34810322181044628,0.14814244297620804
safety,A4c,3,3,motor_fault,50046,250,7.2902199111768837,1.7868251971300284,0.35993544882166056,0.16427342017902613
safety,A4c,3,3,motor_fault,50047,250,3.7170103312670131,0.91103530467139915,0.51842674628014629,0.39466660431894302
safety,A4c,3,3,motor_fault,50048,250,1.4295889482553887,0.35039074066408732,0.68845153564705786,0.2703243190684676
safety,A4c,3,3,motor_fault,50049,250,8.7411144591942396,2.1424379177835378,0.32869570440533313,0.13853451403229747
safety,A4c,3,3,motor_fault,50050,250,3.6494080921945944,0.89446606730562184,0.50017480420575455,0.24607248808759855
safety,A4c,3,3,motor_fault,50051,69,5.663422605018269,1.3880988963210572,0.43050692525498346,0.23958970607352917
safety,A4c,3,3,motor_fault,50052,250,6.628267695992939,1.6245814086301327,0.3850875642777371,0.25471607876884855
safety,A4c,3,3,motor_fault,50053,250,11.517178709720422,2.8228483323016516,0.27804081825203553,0.23963859597965931
safety,A4c,3,3,motor_fault,50054,250,3.2626705768570026,0.79967711093666172,0.54079882397630163,0.25514252399231557
safety,A4c,3,3,motor_fault,50055,250,10.181064992039431,2.4953682718821755,0.29367909153981081,0.17134214077057663
safety,A4c,3,3,motor_fault,50056,250,3.8101457852361902,0.93386270602909083,0.52107539856666996,0.48441827773649221
safety,A4c,3,3,motor_fault,50057,250,4.7378993345915372,1.1612541206794806,0.46323375062046385,0.29805521752538455
safety,A4c,3,3,motor_fault,50058,250,5.7052566192804433,1.3983523690134445,0.38175418523316751,0.13523496756581171
safety,A4c,3,3,motor_fault,50059,250,2.8892381411010009,0.70814921551454046,0.56000455406752714,0.32202127580235101
safety,A4c,3,3,motor_fault,50060,65,7.6966894745498999,1.8864504576229042,0.31955948562945741,0.13736972741745357
safety,A4c,3,3,motor_fault,50061,250,4.2661993621635395,1.0456409558519435,0.48600474505684249,0.33773132878098966
safety,A4c,3,3,motor_fault,50062,250,7.3289409746513741,1.7963156888736063,0.37015842913417146,0.24879266055943394
safety,A4c,3,3,motor_fault,50063,250,6.0334190143977375,1.478784625308915,0.44349804201929605,0.34447929985400377
safety,A4c,3,3,motor_fault,50064,250,3.4494759009709774,0.84546289849200695,0.48869552542223033,0.32527744025141914
safety,A4c,3,3,motor_fault,50065,38,4.0039146212634176,0.98135524299648569,0.48379245907047247,0.2956185212757077
safety,A4c,3,3,motor_fault,50066,250,6.5072663066868213,1.5949240959654716,0.36695678533185933,0.17382414061961118
safety,A4c,3,3,motor_fault,50067,41,3.4585759317552371,0.8476933064218205,0.53028802619318316,0.42293712132465189
safety,A4c,3,3,motor_fault,50068,250,2.5661114260419891,0.62895119908048058,0.60251674368912977,0.42066222535572029
safety,A4c,3,3,motor_fault,50069,250,4.2351166081890899,1.0380226056959228,0.47535993583687691,0.19446810996712097
safety,A4c,3,3,motor_fault,50070,250,3.7839924514915855,0.92745255156280848,0.51552318751571691,0.35935729544767137
safety,A4c,3,3,motor_fault,50071,37,3.7908009286757127,0.92912130212656474,0.50248640134498179,0.42190279896850102
safety,A4c,3,3,motor_fault,50072,250,4.100960443532184,1.0051410714925757,0.4739747146061859,0.28380946957555164
safety,A4c,3,3,motor_fault,50073,250,4.5177209195398831,1.1072886237984767,0.47122353270476192,0.29498768969561873
safety,A4c,3,3,motor_fault,50074,250,5.0939341193879537,1.2485178702343696,0.49225393098538595,0.39353396989853562
safety,A4c,3,3,motor_fault,50075,250,6.1340814454163226,1.5034568807881512,0.42401850805357916,0.31118484135649904
safety,A4c,3,3,motor_fault,50076,250,5.0518893814301409,1.2382127493868393,0.43301901044424834,0.22188202942518082
safety,A4c,3,3,motor_fault,50077,250,0.96201514176385872,0.23578889474772827,0.75728232631003645,0.28105815171982251
safety,A4c,3,3,motor_fault,50078,250,7.6160016879859818,1.8666739663936041,0.35947918892486258,0.20577080983434323
safety,A4c,3,3,motor_fault,50079,250,5.6527197783313508,1.3854756448090717,0.42571214248241313,0.24577466432146444
safety,A4c,3,3,motor_fault,50080,250,3.525314457803387,0.86405084863797876,0.5161376847836584,0.25660546145671198
safety,A4c,3,3,motor_fault,50081,250,1.1409402115793319,0.27964324030106091,0.72958311681311239,0.25330523877665345
safety,A4c,3,3,motor_fault,50082,37,4.6073165615375506,1.1292484209822395,0.45794086192063599,0.26823097277086194
safety,A4c,3,3,motor_fault,50083,72,4.6972162667725001,1.1512827437441764,0.46656721864346423,0.29988578861192117
safety,A4c,3,3,motor_fault,50084,48,3.8983834525461085,0.95548966505176947,0.5071055462723042,0.38815178574350767
safety,A4c,3,3,motor_fault,50085,250,3.0654973087987534,0.75135015127570448,0.52094517420479203,0.24640555839455855
safety,A4c,3,3,motor_fault,50086,60,7.0186162574578734,1.7202554285893479,0.34339388482067079,0.17234212411023669
safety,A4c,3,3,motor_fault,50087,250,2.8850141743721371,0.70711392573248577,0.56815736867577604,0.38160254755459411
safety,A4c,3,3,motor_fault,50088,250,3.8538939771612228,0.94458534164405805,0.49456203120617581,0.2445862585634655
safety,A4c,3,3,motor_fault,50089,250,1.6190328587091725,0.39682324294329768,0.65132219616018616,0.29192450373729545
safety,A4c,3,3,motor_fault,50090,250,7.5135414436051677,1.8415610687589175,0.34784631317537601,0.15186597975028507
safety,A4c,3,3,motor_fault,50091,250,4.6975322518151916,1.1513601913442593,0.45541245662821372,0.2783195908436738
safety,A4c,3,3,motor_fault,50092,250,4.5440658683160535,1.1137457429065287,0.49202113410161918,0.32106416482415007
safety,A4c,3,3,motor_fault,50093,250,3.5123975162579262,0.86088491991367511,0.48639079278067548,0.22787060012865107
safety,A4c,3,3,motor_fault,50094,33,4.7162846226433155,1.1559563776198265,0.47511851479396983,0.3963808004411698
safety,A4c,3,3,motor_fault,50095,250,8.7891702235734535,2.1542163348554939,0.32758299324944951,0.24821421059074922
safety,A4c,3,3,motor_fault,50096,250,10.333210194861879,2.5326589003320548,0.29521912949271789,0.23480130582689823
safety,A4c,3,3,motor_fault,50097,250,3.5964866618826337,0.88149508065478066,0.53576807245686686,0.28727892676781247
safety,A4c,3,3,motor_fault,50098,250,5.7562293797634769,1.4108457387482478,0.39700918888991987,0.17758620823986779
safety,A4c,3,3,motor_fault,50099,250,4.0856899800234228,1.0013982970218802,0.4803146314308106,0.27331103644972227
safety,A6c,3,3,motor_fault,50000,250,5.9861330102253172,1.4671948756502882,0.42108154762205435,0.30713806249986247
safety,A6c,3,3,motor_fault,50001,250,3.9871772585329452,0.97725293307652539,0.47609447374536035,0.27113572358811233
safety,A6c,3,3,motor_fault,50002,250,5.3550365528857844,1.312513800794793,0.43998767555511631,0.26614408121236655
safety,A6c,3,3,motor_fault,50003,250,11.133669176328805,2.7288505508968521,0.30537774044035898,0.19772445975860234
safety,A6c,3,3,motor_fault,50004,250,3.9033372989370525,0.95670384756778382,0.50027477668756581,0.35387427576960828
safety,A6c,3,3,motor_fault,50005,92,5.8611240809583691,1.4365553191757334,0.43431329551619485,0.27865895031106969
safety,A6c,3,3,motor_fault,50006,250,3.4071415756842032,0.83508680009613623,0.51818698934565643,0.37586500115786037
safety,A6c,3,3,motor_fault,50007,250,9.8806755704188802,2.421743142044869,0.31000477870853627,0.26475835994644725
safety,A6c,3,3,motor_fault,50008,114,4.6583367836673384,1.1417534235165128,0.47657463840528369,0.30952226840805092
safety,A6c,3,3,motor_fault,50009,250,10.269403976118308,2.5170200635378714,0.32512004800735622,0.25596042704241639
safety,A6c,3,3,motor_fault,50010,250,8.8264285909078453,2.1633483213206692,0.32855581431218789,0.25420104823324108
safety,A6c,3,3,motor_fault,50011,250,4.2415579135491503,1.0396013628335667,0.50626109625852123,0.32102525091626666
safety,A6c,3,3,motor_fault,50012,115,3.2208564756060003,0.78942851890227195,0.52153353548600201,0.36223602344215172
safety,A6c,3,3,motor_fault,50013,250,11.40639865553149,2.795696258073995,0.29023483829686297,0.18092137271644521
safety,A6c,3,3,motor_fault,50014,250,5.9959926629446567,1.4696114661137469,0.42927414306243061,0.29987265467495616
safety,A6c,3,3,motor_fault,50015,250,11.647797307949835,2.8548628127115356,0.31007637740600374,0.19861124287135834
safety,A6c,3,3,motor_fault,50016,250,4.9622209247353499,1.21623510539775,0.45983266107128851,0.27862724882770379
safety,A6c,3,3,motor_fault,50017,250,2.6897247935193533,0.65924870483500742,0.56832604244679241,0.31271993092058697
safety,A6c,3,3,motor_fault,50018,57,7.6541395570315904,1.8760215177988864,0.35565234459535899,0.24420692474237241
safety,A6c,3,3,motor_fault,50019,250,13.083261719494228,3.2066936232195391,0.27780281100721566,0.21405246811942935
safety,A6c,3,3,motor_fault,50020,250,3.8894908884331132,0.95331010698386631,0.49968957923459878,0.37579478696447266
safety,A6c,3,3,motor_fault,50021,250,5.362407686388396,1.3143204578276875,0.47607073921787352,0.32944041463267221
safety,A6c,3,3,motor_fault,50022,250,10.467579815793567,2.5655927524428055,0.30815246992544315,0.23175812990303196
safety,A6c,3,3,motor_fault,50023,250,3.4433683629208431,0.84396594736935571,0.50664840707988923,0.25975678887584375
safety,A6c,3,3,motor_fault,50024,250,3.1749826103551002,0.77818488300119482,0.5585469898426334,0.37433531377024021
safety,A6c,3,3,motor_fault,50025,250,2.76518373625174,0.67774361196617705,0.55863210692910148,0.27810159343742386
safety,A6c,3,3,motor_fault,50026,250,4.2094872380651553,1.0317408741594287,0.50111593042692459,0.28717486277118659
safety,A6c,3,3,motor_fault,50027,250,1.48854109384293,0.3648398492567102,0.70553771561866663,0.27421973615993789
safety,A6c,3,3,motor_fault,50028,250,10.292999522266566,2.522803306966936,0.30536223323673051,0.27114042432310875
safety,A6c,3,3,motor_fault,50029,250,6.28143977302698,1.5395742511815991,0.37458358696310939,0.17689387853116992
safety,A6c,3,3,motor_fault,50030,82,6.0830103563803402,1.4909394108289176,0.42952368316646033,0.29634501550385983
safety,A6c,3,3,motor_fault,50031,250,3.0458494863305892,0.74653449074932865,0.53494908538924002,0.26756449881643352
safety,A6c,3,3,motor_fault,50032,250,10.447584264869903,2.5606918640394087,0.3081955314709221,0.21798187081117115
safety,A6c,3,3,motor_fault,50033,250,2.7272023110963266,0.66843440479307759,0.5754499662387893,0.44133836315228431
safety,A6c,3,3,motor_fault,50034,250,4.5063298289033469,1.1044966795196836,0.46246693628733843,0.26199465235362895
safety,A6c,3,3,motor_fault,50035,250,6.4697500393995977,1.5857288984943634,0.41587033183443811,0.31955254888568707
safety,A6c,3,3,motor_fault,50036,250,5.7843389435996162,1.4177353631429446,0.4392397460201718,0.23492022772345972
safety,A6c,3,3,motor_fault,50037,250,5.4971603633192228,1.347348196559077,0.45698220735681083,0.24159772309513622
safety,A6c,3,3,motor_fault,50038,250,5.2719950150769064,1.2921604076224085,0.43998409624219043,0.25400587806906166
safety,A6c,3,3,motor_fault,50039,250,4.4573202618466157,1.0924844864192886,0.47154454106512639,0.27006719429582832
safety,A6c,3,3,motor_fault,50040,250,1.0756410862524561,0.26363849368076619,0.70685808549529561,0.28070638539960358
safety,A6c,3,3,motor_fault,50041,250,7.2369253916021288,1.7737627666950955,0.36942368719940416,0.33119186825781505
safety,A6c,3,3,motor_fault,50042,250,1.7608044996301557,0.43157132233219353,0.67259701597243249,0.34415117414853597
safety,A6c,3,3,motor_fault,50043,37,3.8425646095465988,0.94180852561271688,0.56535265166990412,0.45985795197890728
safety,A6c,3,3,motor_fault,50044,250,4.0590663387350734,0.99487287067356944,0.49426302344879641,0.33013533622227176
safety,A6c,3,3,motor_fault,50045,250,11.30194519428856,2.7700948250925062,0.30140766535801261,0.23367092301717154
safety,A6c,3,3,motor_fault,50046,250,7.3591286391895707,1.803714653554584,0.35734538526117438,0.26734441352193306
safety,A6c,3,3,motor_fault,50047,250,5.3587294511994106,1.3134189262694183,0.46042205653387813,0.3061870914793462
safety,A6c,3,3,motor_fault,50048,250,1.5896434185622597,0.38961992221719199,0.65635047312513861,0.27052123964401775
safety,A6c,3,3,motor_fault,50049,250,9.7314642279419665,2.3851715996656617,0.31559864919900488,0.21513755886189642
safety,A6c,3,3,motor_fault,50050,250,3.6754291538588646,0.90084380202477743,0.49805153482942865,0.26774158549440569
safety,A6c,3,3,motor_fault,50051,250,3.5306500263094169,0.86535859084105982,0.50961380069698925,0.26941196643397741
safety,A6c,3,3,motor_fault,50052,250,4.169275392141933,1.0218849932128791,0.46753761501386371,0.28166783666913692
safety,A6c,3,3,motor_fault,50053,250,11.175182239371578,2.7390253587844922,0.31454979207631628,0.23310717539696221
safety,A6c,3,3,motor_fault,50054,250,3.3512107025120734,0.82137820218014934,0.51028257820563039,0.31333455161601764
safety,A6c,3,3,motor_fault,50055,250,8.4854509073921438,2.0797750513798277,0.34175821137463325,0.17153014887065579
safety,A6c,3,3,motor_fault,50056,250,3.558313988546578,0.87213899875468515,0.53486562717993746,0.48695609171792414
safety,A6c,3,3,motor_fault,50057,250,4.5361696080265972,1.1118103778530457,0.479513862415956,0.36907045986044679
safety,A6c,3,3,motor_fault,50058,250,5.7293766734778631,1.4042641688111455,0.40213291683645808,0.22517588414475073
safety,A6c,3,3,motor_fault,50059,250,4.8779685305526748,1.1955849326075809,0.46977949421279314,0.31970257157975362
safety,A6c,3,3,motor_fault,50060,250,7.7897353136845258,1.9092558944793374,0.35140795692157539,0.18634345741822833
safety,A6c,3,3,motor_fault,50061,250,5.0385730719925199,1.2349489360141532,0.4519650399564144,0.30616853634514773
safety,A6c,3,3,motor_fault,50062,250,3.1781986607584969,0.77897313355687692,0.53296928973170599,0.26141402785961571
safety,A6c,3,3,motor_fault,50063,250,5.8578667503275348,1.4357569508799246,0.43495708263550598,0.3243244704499384
safety,A6c,3,3,motor_fault,50064,250,8.697071899287744,2.1316431328873531,0.33412390791084767,0.29965797378675585
safety,A6c,3,3,motor_fault,50065,250,1.5320773969841102,0.37551055115464427,0.69845839598911896,0.32922703932522857
safety,A6c,3,3,motor_fault,50066,250,12.293286034686218,3.0130714175888276,0.30180469011458944,0.22185397215894054
safety,A6c,3,3,motor_fault,50067,250,1.5105941168261161,0.37024502188789954,0.65498511379059221,0.39142887892754447
safety,A6c,3,3,motor_fault,50068,43,3.5208185322910488,0.8629489020454556,0.5300711918216009,0.45254551820585354
safety,A6c,3,3,motor_fault,50069,120,4.9955882762333648,1.2244134079928117,0.44171143322516893,0.29718848991684221
safety,A6c,3,3,motor_fault,50070,250,5.3179225506460153,1.3034171980617686,0.45472018720109691,0.34110464932613122
safety,A6c,3,3,motor_fault,50071,65,4.3346558790894711,1.0624195758169572,0.49709690884775304,0.43054806547094376
safety,A6c,3,3,motor_fault,50072,250,3.5873942066758433,0.87926652949100015,0.49131007999915294,0.25624105121138752
safety,A6c,3,3,motor_fault,50073,250,4.8609532315129753,1.1914145007919061,0.4470902280663237,0.26531295853916098
safety,A6c,3,3,motor_fault,50074,250,6.4187347744480761,1.5732251109592452,0.4259903547355704,0.37091614629063163
safety,A6c,3,3,motor_fault,50075,250,7.2943097971315805,1.7878276238560091,0.40204738460882355,0.2799180076333046
safety,A6c,3,3,motor_fault,50076,40,7.6579424419534945,1.876953600874985,0.35483040481500011,0.23655777707058009
safety,A6c,3,3,motor_fault,50077,97,0.98954083196581488,0.24253541233162795,0.73330689104340019,0.30247443711018596
safety,A6c,3,3,motor_fault,50078,250,5.2208884374274493,1.2796342394415106,0.43527872322134381,0.27417722214992751
safety,A6c,3,3,motor_fault,50079,250,15.700602070504312,3.8482009776794395,0.25869216924536043,0.17545072644043819
safety,A6c,3,3,motor_fault,50080,250,3.5879917881106103,0.87941299606923617,0.4925153813552885,0.25037280664817424
safety,A6c,3,3,motor_fault,50081,93,1.47830066612088,0.36232993124242718,0.65723616980920041,0.27753892482097792
safety,A6c,3,3,motor_fault,50082,58,4.6123112675412967,1.1304726181461779,0.45181977963900027,0.28405687597482043
safety,A6c,3,3,motor_fault,50083,72,4.6986097131964701,1.1516242759903277,0.44168646243501652,0.27005063146338176
safety,A6c,3,3,motor_fault,50084,40,4.3899649700797632,1.0759757755771724,0.50795279088936007,0.39325828693427434
safety,A6c,3,3,motor_fault,50085,250,3.2541804472766263,0.79759618914747721,0.49381601130092528,0.24729110456959882
safety,A6c,3,3,motor_fault,50086,81,5.9557053718264275,1.4597370936296192,0.40374232394593373,0.30221909778895589
safety,A6c,3,3,motor_fault,50087,250,3.0294293310017952,0.74250992802834737,0.56958104248640762,0.37927803593504322
safety,A6c,3,3,motor_fault,50088,250,3.8336986305029619,0.93963548351722259,0.51753774547383791,0.3001622773442873
safety,A6c,3,3,motor_fault,50089,250,1.6812806454303439,0.41208010969548453,0.64961299737479383,0.31345012034529501
safety,A6c,3,3,motor_fault,50090,250,7.2610500905094586,1.7796757049062877,0.36230448057888581,0.26021458568715417
safety,A6c,3,3,motor_fault,50091,250,3.9130795549678474,0.95909166422692571,0.47331516086742031,0.25153995932938794
safety,A6c,3,3,motor_fault,50092,250,5.7485470930879767,1.4089628184014535,0.45414457320810936,0.2738755223597284
safety,A6c,3,3,motor_fault,50093,250,4.7081590549715227,1.153964809569227,0.43819632603184733,0.25227224262624759
safety,A6c,3,3,motor_fault,50094,250,4.7073056942930025,1.1537556517686123,0.4817474011984339,0.33118437747398094
safety,A6c,3,3,motor_fault,50095,250,9.4789189370090092,2.3232730157061146,0.3400679796524117,0.27008163741003793
safety,A6c,3,3,motor_fault,50096,250,12.537767307214212,3.0729935191580391,0.29136679368322166,0.20948925097878637
safety,A6c,3,3,motor_fault,50097,250,4.0358830870815137,0.9891906801895104,0.51314351453346463,0.28478321466282785
safety,A6c,3,3,motor_fault,50098,250,5.5621979158602715,1.3632888319659524,0.41561817441992616,0.28500801008912169
safety,A6c,3,3,motor_fault,50099,46,5.6384817237067777,1.3819859126650116,0.39918479185534766,0.28765679386412701
safety,A6c_gate_off_control,3,3,motor_fault,50000,250,5.5407007943227091,1.3580199101917008,1,1
safety,A6c_gate_off_control,3,3,motor_fault,50001,250,3.8675797860138363,0.94793971893293294,1,1
safety,A6c_gate_off_control,3,3,motor_fault,50002,250,4.5766097841359743,1.1217222222869601,1,1
safety,A6c_gate_off_control,3,3,motor_fault,50003,250,10.220284995329532,2.5049810532473624,1,1
safety,A6c_gate_off_control,3,3,motor_fault,50004,250,4.3052803335281151,1.0552196606390902,1,1
safety,A6c_gate_off_control,3,3,motor_fault,50005,250,2.9219077262074302,0.71615649630430855,1,1
safety,A6c_gate_off_control,3,3,motor_fault,50006,78,4.1617708828578621,1.0200456459168783,1,1
safety,A6c_gate_off_control,3,3,motor_fault,50007,250,9.7599239630852779,2.3921470506777429,1,1
safety,A6c_gate_off_control,3,3,motor_fault,50008,250,3.0996925976929872,0.75973138045175193,1,1
safety,A6c_gate_off_control,3,3,motor_fault,50009,250,12.129796685855515,2.9730003509389431,1,1
safety,A6c_gate_off_control,3,3,motor_fault,50010,77,6.8265321434708195,1.6731758152138636,1,1
safety,A6c_gate_off_control,3,3,motor_fault,50011,250,4.5217813169090348,1.108283822903299,1,1
safety,A6c_gate_off_control,3,3,motor_fault,50012,250,3.3450618735395095,0.81987113069604001,1,1
safety,A6c_gate_off_control,3,3,motor_fault,50013,250,10.906358738403576,2.6731370027454777,1,1
safety,A6c_gate_off_control,3,3,motor_fault,50014,250,5.6489757987993663,1.3845579993818011,1,1
safety,A6c_gate_off_control,3,3,motor_fault,50015,250,10.410135387208424,2.5515131836943645,1,1
safety,A6c_gate_off_control,3,3,motor_fault,50016,250,7.0865617483040566,1.736908796602183,1,1
safety,A6c_gate_off_control,3,3,motor_fault,50017,250,2.3987645685160723,0.58793466112537718,1,1
safety,A6c_gate_off_control,3,3,motor_fault,50018,57,7.6541395570315904,1.8760215177988864,1,1
safety,A6c_gate_off_control,3,3,motor_fault,50019,250,13.129636198458169,3.218059959012717,1,1
safety,A6c_gate_off_control,3,3,motor_fault,50020,250,3.9754448493729497,0.97437733198828136,1,1
safety,A6c_gate_off_control,3,3,motor_fault,50021,250,3.451362680552029,0.84592534617368587,1,1
safety,A6c_gate_off_control,3,3,motor_fault,50022,250,8.8254010632856144,2.1630964753861819,1,1
safety,A6c_gate_off_control,3,3,motor_fault,50023,250,2.8592357358408815,0.70079565768686802,1,1
safety,A6c_gate_off_control,3,3,motor_fault,50024,250,3.5813407813305473,0.87778284133512741,1,1
safety,A6c_gate_off_control,3,3,motor_fault,50025,250,2.7539279162150843,0.67498482236848301,1,1
safety,A6c_gate_off_control,3,3,motor_fault,50026,250,4.305552170831259,1.0552862876748579,1,1
safety,A6c_gate_off_control,3,3,motor_fault,50027,66,2.7816982839502362,0.68179131015723415,1,1
safety,A6c_gate_off_control,3,3,motor_fault,50028,85,5.4916380696701701,1.3459946882207414,1,1
safety,A6c_gate_off_control,3,3,motor_fault,50029,250,6.0449916185374502,1.4816210583555434,1,1
safety,A6c_gate_off_control,3,3,motor_fault,50030,250,3.2614227302628356,0.79937126505494949,1,1
safety,A6c_gate_off_control,3,3,motor_fault,50031,86,4.9419615459885007,1.2112695530736601,1,1
safety,A6c_gate_off_control,3,3,motor_fault,50032,250,8.5211746298601767,2.0885308980098172,1,1
safety,A6c_gate_off_control,3,3,motor_fault,50033,250,3.2751765089662612,0.8027423016824391,1,1
safety,A6c_gate_off_control,3,3,motor_fault,50034,237,4.5992572399940252,1.1272730897876804,1,1
safety,A6c_gate_off_control,3,3,motor_fault,50035,250,6.1337996557112113,1.5033878144291772,1,1
safety,A6c_gate_off_control,3,3,motor_fault,50036,250,5.0651903529829632,1.2414728034601679,1,1
safety,A6c_gate_off_control,3,3,motor_fault,50037,250,4.7842526680785582,1.1726152737386084,1,1
safety,A6c_gate_off_control,3,3,motor_fault,50038,250,4.9509964528466082,1.2134839991979862,1,1
safety,A6c_gate_off_control,3,3,motor_fault,50039,220,4.0317206848175378,0.98817047979274864,1,1
safety,A6c_gate_off_control,3,3,motor_fault,50040,250,0.87864597362890273,0.21535519972860762,1,1
safety,A6c_gate_off_control,3,3,motor_fault,50041,92,4.7735691556849007,1.1699967561394928,1,1
safety,A6c_gate_off_control,3,3,motor_fault,50042,250,1.2132358269667454,0.29736281924245911,1,1
safety,A6c_gate_off_control,3,3,motor_fault,50043,250,3.6380124712179374,0.89167301264525189,1,1
safety,A6c_gate_off_control,3,3,motor_fault,50044,250,4.507763301464637,1.1048480221297989,1,1
safety,A6c_gate_off_control,3,3,motor_fault,50045,250,12.239707997722691,2.9999394973414808,1,1
safety,A6c_gate_off_control,3,3,motor_fault,50046,76,5.7943855975710186,1.4201977874156919,1,1
safety,A6c_gate_off_control,3,3,motor_fault,50047,250,4.7454089136030166,1.1630947105603124,1,1
safety,A6c_gate_off_control,3,3,motor_fault,50048,250,1.1706855770102731,0.2869337979381989,1,1
safety,A6c_gate_off_control,3,3,motor_fault,50049,97,6.2801924746433606,1.5392685396657129,1,1
safety,A6c_gate_off_control,3,3,motor_fault,50050,250,3.2997790277550778,0.80877235304170259,1,1
safety,A6c_gate_off_control,3,3,motor_fault,50051,250,3.4614452165201031,0.84839656508590333,1,1
safety,A6c_gate_off_control,3,3,motor_fault,50052,250,4.1048046636123221,1.0060832857722812,1,1
safety,A6c_gate_off_control,3,3,motor_fault,50053,130,4.6177608493861149,1.1318083048981256,1,1
safety,A6c_gate_off_control,3,3,motor_fault,50054,250,2.7709963222522878,0.67916827065313123,1,1
safety,A6c_gate_off_control,3,3,motor_fault,50055,250,5.3161545505446242,1.3029838631050481,1,1
safety,A6c_gate_off_control,3,3,motor_fault,50056,250,3.6103572316700028,0.88489474265353929,1,1
safety,A6c_gate_off_control,3,3,motor_fault,50057,69,4.2054289509741452,1.0307461922815491,1,1
safety,A6c_gate_off_control,3,3,motor_fault,50058,250,5.4524686287724196,1.3363942996444937,1,1
safety,A6c_gate_off_control,3,3,motor_fault,50059,250,4.8982868639428823,1.2005649346524643,1,1
safety,A6c_gate_off_control,3,3,motor_fault,50060,97,6.241051346475774,1.5296750905097121,1,1
safety,A6c_gate_off_control,3,3,motor_fault,50061,250,4.5746719568110183,1.121247262857189,1,1
safety,A6c_gate_off_control,3,3,motor_fault,50062,250,2.6248127173306157,0.64333882354950089,1,1
safety,A6c_gate_off_control,3,3,motor_fault,50063,250,4.9751430913643411,1.2194023147845061,1,1
safety,A6c_gate_off_control,3,3,motor_fault,50064,64,4.7692033579798476,1.1689267037350379,1,1
safety,A6c_gate_off_control,3,3,motor_fault,50065,61,2.6806969684899338,0.65703599445941008,1,1
safety,A6c_gate_off_control,3,3,motor_fault,50066,250,12.659974598179717,3.1029463970452187,1,1
safety,A6c_gate_off_control,3,3,motor_fault,50067,250,2.5197954673896374,0.61759920655383893,1,1
safety,A6c_gate_off_control,3,3,motor_fault,50068,43,3.6097253005225474,0.8847398569970184,1,1
safety,A6c_gate_off_control,3,3,motor_fault,50069,71,4.7959250702352003,1.1754761671737359,1,1
safety,A6c_gate_off_control,3,3,motor_fault,50070,250,5.2892173080801843,1.2963815734398392,1,1
safety,A6c_gate_off_control,3,3,motor_fault,50071,38,4.1659207685984345,1.0210627785269792,1,1
safety,A6c_gate_off_control,3,3,motor_fault,50072,250,3.2780970206427895,0.80345811600844219,1,1
safety,A6c_gate_off_control,3,3,motor_fault,50073,250,4.7359606836010073,1.1607789593701479,1,1
safety,A6c_gate_off_control,3,3,motor_fault,50074,250,5.691759837527723,1.3950443220670208,1,1
safety,A6c_gate_off_control,3,3,motor_fault,50075,250,6.7679581131193256,1.6588193822660662,1,1
safety,A6c_gate_off_control,3,3,motor_fault,50076,41,7.7367874516685822,1.8962784294457786,1,1
safety,A6c_gate_off_control,3,3,motor_fault,50077,250,0.52124803728387403,0.1277573431695071,1,1
safety,A6c_gate_off_control,3,3,motor_fault,50078,250,4.757341980798409,1.1660194927210101,1,1
safety,A6c_gate_off_control,3,3,motor_fault,50079,250,15.990307301756339,3.9192074237467072,1,1
safety,A6c_gate_off_control,3,3,motor_fault,50080,250,3.1041961756846037,0.76083520265886029,1,1
safety,A6c_gate_off_control,3,3,motor_fault,50081,74,1.8040772903383027,0.44217743761122752,1,1
safety,A6c_gate_off_control,3,3,motor_fault,50082,250,4.107837150315655,1.0068265450590375,1,1
safety,A6c_gate_off_control,3,3,motor_fault,50083,250,4.706379340408926,1.1535286034104428,1,1
safety,A6c_gate_off_control,3,3,motor_fault,50084,40,4.2858477248158273,1.0504567487768772,1,1
safety,A6c_gate_off_control,3,3,motor_fault,50085,250,3.1414474181427172,0.76996544282438795,1,1
safety,A6c_gate_off_control,3,3,motor_fault,50086,250,6.1856928948420524,1.5161067925079486,1,1
safety,A6c_gate_off_control,3,3,motor_fault,50087,76,3.1579735367007902,0.77401597702090108,1,1
safety,A6c_gate_off_control,3,3,motor_fault,50088,250,2.8347935828818827,0.69480491182304471,1,1
safety,A6c_gate_off_control,3,3,motor_fault,50089,250,1.4087375988943771,0.34528009696796291,1,1
safety,A6c_gate_off_control,3,3,motor_fault,50090,250,7.8400603842145014,1.9215905160910181,1,1
safety,A6c_gate_off_control,3,3,motor_fault,50091,250,3.4608503890164046,0.84825077349326217,1,1
safety,A6c_gate_off_control,3,3,motor_fault,50092,250,4.632416189804939,1.1354003133494379,1,1
safety,A6c_gate_off_control,3,3,motor_fault,50093,43,7.3132099386131264,1.7924600285625905,1,1
safety,A6c_gate_off_control,3,3,motor_fault,50094,250,3.8794140254021405,0.95084027850253816,1,1
safety,A6c_gate_off_control,3,3,motor_fault,50095,90,3.9349028164674991,0.96444052256127466,1,1
safety,A6c_gate_off_control,3,3,motor_fault,50096,250,10.675077720690371,2.616450269683523,1,1
safety,A6c_gate_off_control,3,3,motor_fault,50097,250,3.931102033144497,0.96350895458484653,1,1
safety,A6c_gate_off_control,3,3,motor_fault,50098,81,6.3123960624111817,1.5471616050001771,1,1
safety,A6c_gate_off_control,3,3,motor_fault,50099,49,5.3605234565516797,1.3138586350856511,1,1
heldout,A4c,4,4,id_reference,40000,250,4.2522579040415911,0.80470902859588078,0.53913816017925997,0.35043592736217444
heldout,A4c,4,4,id_reference,40001,250,8.6588413532087269,1.6386230495294729,0.37697822484538135,0.28764803031319786
heldout,A4c,4,4,id_reference,40002,250,5.4331997132135506,1.0281937177968334,0.48117099881619019,0.20389368804799796
heldout,A4c,4,4,id_reference,40003,250,4.6256967495758143,0.87537962699589555,0.53189133793686394,0.29643845769014726
heldout,A4c,4,4,id_reference,40004,62,6.0345488390688917,1.1419946870311071,0.44428295655868688,0.2650436219327148
heldout,A4c,4,4,id_reference,40005,65,7.5148359860183751,1.4221283146110573,0.38444561719116971,0.23769941595742772
heldout,A4c,4,4,id_reference,40006,250,5.670036545556691,1.0730133739868852,0.47633007331854132,0.34099417184066982
heldout,A4c,4,4,id_reference,40007,250,8.2162419086198533,1.5548643083737046,0.38896756496013013,0.25441917231038225
heldout,A4c,4,4,id_reference,40008,250,7.4581950995534436,1.4114094368396306,0.42360303613138761,0.40606605894970027
heldout,A4c,4,4,id_reference,40009,42,7.3623939642109182,1.3932797654275102,0.44637051195074273,0.4059936810492274
heldout,A4c,4,4,id_reference,40010,250,6.9937615923750878,1.3235187573835103,0.44651612172411365,0.40587066235222957
heldout,A4c,4,4,id_reference,40011,37,7.5469104609149582,1.4281981768158449,0.42732213850085399,0.38021690477856251
heldout,A4c,4,4,id_reference,40012,250,6.8538203631419279,1.297035892708323,0.42732751224559079,0.26215557252811922
heldout,A4c,4,4,id_reference,40013,78,3.9061229732005089,0.73920549841360017,0.57229294333100633,0.32768248395905109
heldout,A4c,4,4,id_reference,40014,48,5.7898966089661226,1.0956960233863891,0.47613812834801544,0.39830389633750346
heldout,A4c,4,4,id_reference,40015,250,10.160490565457017,1.9227992933390421,0.34942642605837954,0.30364353037590724
heldout,A4c,4,4,id_reference,40016,250,5.8523327838760757,1.1075116175471469,0.47739941581124262,0.42093898858317669
heldout,A4c,4,4,id_reference,40017,55,6.7337999880394159,1.2743229054813114,0.42206908654025455,0.31128516391750055
heldout,A4c,4,4,id_reference,40018,250,8.0071241884978885,1.5152902935281825,0.39482070393603869,0.24120575666165583
heldout,A4c,4,4,id_reference,40019,44,5.4152425495178758,1.0247954545494069,0.51459776337997254,0.42813044500330749
heldout,A4c,4,4,id_reference,40020,61,4.4933398887005005,0.85033204913338123,0.54597924941340481,0.38497177162828999
heldout,A4c,4,4,id_reference,40021,250,5.2496703161815175,0.99346210787635703,0.50864009323637516,0.4556298145323503
heldout,A4c,4,4,id_reference,40022,250,10.787923609859458,2.0415364553512894,0.33066801885620983,0.25328240632905824
heldout,A4c,4,4,id_reference,40023,250,6.2934090075928051,1.1909821001786156,0.43948966604892015,0.23002444363855332
heldout,A4c,4,4,id_reference,40024,250,5.1140950987299565,0.96780547932769179,0.51562067354105512,0.49970688327123464
heldout,A4c,4,4,id_reference,40025,75,4.7738259657739466,0.90341200893589335,0.55341131053049009,0.37556887481453949
heldout,A4c,4,4,id_reference,40026,250,5.5528812486168437,1.0508425820634411,0.48330254317990051,0.39953995544225179
heldout,A4c,4,4,id_reference,40027,63,6.1939532819942427,1.1721608240140984,0.41537571784309096,0.23293923719405013
heldout,A4c,4,4,id_reference,40028,250,5.862740272497037,1.1094811594346079,0.48644040549445705,0.46656880095501524
heldout,A4c,4,4,id_reference,40029,250,6.0980087970670933,1.1540040247307164,0.44090261047706653,0.19703595644401364
heldout,A4c,4,4,id_reference,40030,79,4.4478130040952308,0.84171641576578082,0.50989075025226294,0.19447544564375355
heldout,A4c,4,4,id_reference,40031,55,3.5140201297018314,0.6650028734971748,0.58963429794669353,0.33190284322493152
heldout,A4c,4,4,id_reference,40032,250,4.2520730505386091,0.80467404640849371,0.55199345088401719,0.45489614791904448
heldout,A4c,4,4,id_reference,40033,52,7.0259969214471703,1.3296190600766771,0.45720615618334676,0.39448339522046622
heldout,A4c,4,4,id_reference,40034,46,7.436038392700663,1.4072164404478928,0.44780844024415445,0.40215512506552742
heldout,A4c,4,4,id_reference,40035,250,5.0765880267731127,0.96070753745281623,0.50895037279022037,0.4367750214910372
heldout,A4c,4,4,id_reference,40036,250,9.345406367791556,1.7685505088747189,0.36113347104129823,0.26516151923784853
heldout,A4c,4,4,id_reference,40037,250,3.1200268487241143,0.59044249697167284,0.61227711221301784,0.35436192614631296
heldout,A4c,4,4,id_reference,40038,250,4.0608664127865577,0.76848957425305486,0.55502258000831317,0.44813669168712522
heldout,A4c,4,4,id_reference,40039,250,3.7361711266478563,0.70704334164096538,0.57127553219514515,0.41265404456695176
heldout,A4c,4,4,id_reference,40040,30,5.038061302527268,0.95341663376294639,0.52481198689889297,0.45747844572098639
heldout,A4c,4,4,id_reference,40041,250,5.3584074402101756,1.0140398215108581,0.50878314726812401,0.30362726530980855
heldout,A4c,4,4,id_reference,40042,250,9.3837991509915675,1.7758160651911901,0.36929671493205768,0.34146698282876625
heldout,A4c,4,4,id_reference,40043,71,3.2577283645536119,0.61650151209726423,0.59600063775666889,0.3387125123824567
heldout,A4c,4,4,id_reference,40044,73,3.9679502991514397,0.75090587231598416,0.53317447198035695,0.33750575921701959
heldout,A4c,4,4,id_reference,40045,250,5.6771780116831447,1.0743648447581917,0.49456102692812293,0.29637818248136721
heldout,A4c,4,4,id_reference,40046,78,4.5527808988529452,0.86158083004412245,0.5339435218716343,0.28451343850617788
heldout,A4c,4,4,id_reference,40047,250,6.2220963275049819,1.177486691665059,0.47985670673178227,0.30185259292817401
heldout,A4c,4,4,id_reference,40048,40,6.0014929266281651,1.1357390948751738,0.46168585705685061,0.40061983939125501
heldout,A4c,4,4,id_reference,40049,250,9.6699981663894654,1.8299771572188026,0.35980255764186447,0.3244183999671072
heldout,A4c,4,4,id_reference,40050,250,6.1917974355655119,1.1717528456824415,0.47227505972900247,0.45611288708428593
heldout,A4c,4,4,id_reference,40051,250,6.1952591266919388,1.1724079456708496,0.47148936433224464,0.42868972419911122
heldout,A4c,4,4,id_reference,40052,63,8.3872314697092722,1.5872228451109807,0.37438318360364919,0.22572819570795519
heldout,A4c,4,4,id_reference,40053,54,5.8002433481288396,1.0976540688786089,0.49771165839738918,0.42183155174407605
heldout,A4c,4,4,id_reference,40054,88,3.8026365581178343,0.71962144344014745,0.56209115684458899,0.20967105732656166
heldout,A4c,4,4,id_reference,40055,56,7.7441966651454015,1.4655331629206991,0.41021354588808351,0.32262748950130943
heldout,A4c,4,4,id_reference,40056,25,4.095263174838256,0.77499891249219544,0.57086749829691963,0.50453434370328532
heldout,A4c,4,4,id_reference,40057,81,5.2273108332044513,0.98923073757088253,0.49920578295791307,0.28818427606738745
heldout,A4c,4,4,id_reference,40058,250,5.4464394122047928,1.0306992349960651,0.49511185334604035,0.41115647711373632
heldout,A4c,4,4,id_reference,40059,250,4.3793969607287782,0.82876917478459189,0.54561025813044928,0.48416057858938638
heldout,A4c,4,4,id_reference,40060,45,4.6526515900336962,0.88048063544136235,0.56617556705979288,0.49590434240665171
heldout,A4c,4,4,id_reference,40061,250,4.9188773058803852,0.93086192510458143,0.52713801534323979,0.32300841427630372
heldout,A4c,4,4,id_reference,40062,68,9.7350927023578606,1.8422958269674647,0.35065720832533637,0.27131378209438961
heldout,A4c,4,4,id_reference,40063,250,4.1988008057903912,0.79459265969822024,0.55349940682111332,0.49175922188961618
heldout,A4c,4,4,id_reference,40064,42,5.0773438948615768,0.96085058001724688,0.52037437528429031,0.47244715115742875
heldout,A4c,4,4,id_reference,40065,250,8.4319569634129898,1.595686821051288,0.37111281164864579,0.21929072214406983
heldout,A4c,4,4,id_reference,40066,250,5.9640439086202459,1.1286521392899118,0.45718043953784704,0.27042577099081483
heldout,A4c,4,4,id_reference,40067,250,7.261938469679146,1.3742692902291576,0.42751176122099988,0.40748279115703251
heldout,A4c,4,4,id_reference,40068,250,5.1173329498624787,0.96841821921750748,0.50714996311210181,0.44891014711428451
heldout,A4c,4,4,id_reference,40069,250,4.3457580309148156,0.82240325081091414,0.52030918621316535,0.19996971611340889
heldout,A4c,4,4,id_reference,40070,250,5.1445073121764153,0.97356077058523527,0.50459695099856972,0.4674119877808246
heldout,A4c,4,4,id_reference,40071,250,3.7669078698055261,0.71286004779726431,0.57342106127661285,0.41416343771248643
heldout,A4c,4,4,id_reference,40072,250,5.8248414444466707,1.1023090805547389,0.48137308338196177,0.46610982574503312
heldout,A4c,4,4,id_reference,40073,250,8.6795760198552632,1.6425469351055417,0.37709188068970928,0.29294591278914289
heldout,A4c,4,4,id_reference,40074,250,9.6311194278894945,1.8226196373793759,0.36033422270955434,0.33374887419837096
heldout,A4c,4,4,id_reference,40075,250,7.035001778518108,1.3313231640961702,0.42550892483112579,0.29467895466636601
heldout,A4c,4,4,id_reference,40076,54,7.8326893475313213,1.4822797625126323,0.43072925108126675,0.37703638798831041
heldout,A4c,4,4,id_reference,40077,250,6.4674142211463046,1.223911327316078,0.46087442988937355,0.43986600671324766
heldout,A4c,4,4,id_reference,40078,72,4.477461455608263,0.84732717060587359,0.50586468170106991,0.23033120577943691
heldout,A4c,4,4,id_reference,40079,250,9.0588711070251247,1.7143257848450055,0.37527186985710509,0.33952771835078288
heldout,A4c,4,4,id_reference,40080,46,7.2822556807729928,1.3781141753636099,0.41157527483394435,0.34307422590483988
heldout,A4c,4,4,id_reference,40081,72,7.8568384416280486,1.4868498037684972,0.38771990431012288,0.21683318209523558
heldout,A4c,4,4,id_reference,40082,68,4.7076739408199444,0.8908932170512831,0.55145613031797425,0.29454305984402612
heldout,A4c,4,4,id_reference,40083,250,9.851369261450202,1.864300324113966,0.34842815388927523,0.25225348931125186
heldout,A4c,4,4,id_reference,40084,250,7.3990083111878242,1.4002087655618751,0.4135334636900117,0.27008563214905362
heldout,A4c,4,4,id_reference,40085,250,3.8855431757207692,0.7353109207063353,0.55202565299208028,0.30012598987146205
heldout,A4c,4,4,id_reference,40086,43,4.372673709635909,0.82749684818116387,0.53926593748796503,0.46724417443941085
heldout,A4c,4,4,id_reference,40087,250,7.1501908784528112,1.3531218674686039,0.41744073026649825,0.25271102159096137
heldout,A4c,4,4,id_reference,40088,42,5.9380296881171013,1.1237291363622512,0.51467146663007235,0.44004845700680639
heldout,A4c,4,4,id_reference,40089,250,8.8090919145974045,1.6670568806915362,0.37874766365244328,0.31296064768958654
heldout,A4c,4,4,id_reference,40090,250,4.4820297892166936,0.84819169467362776,0.53867179988552771,0.20064036657038947
heldout,A4c,4,4,id_reference,40091,64,5.507006184636114,1.0421610582693128,0.47995630583158311,0.28992689832450363
heldout,A4c,4,4,id_reference,40092,32,3.9723007572166797,0.75172916501427023,0.58571449376992879,0.50904763218547233
heldout,A4c,4,4,id_reference,40093,82,3.062520020204059,0.57955974593438986,0.58923748483107574,0.36133739361963879
heldout,A4c,4,4,id_reference,40094,59,6.4630650417555682,1.2230882765976863,0.46233529668600759,0.35056812919930908
heldout,A4c,4,4,id_reference,40095,250,4.9882765983740436,0.9439952388658972,0.50637361615332255,0.43856677143836242
heldout,A4c,4,4,id_reference,40096,250,4.8055415531515679,0.90941395427550598,0.52856924736396216,0.44704585210070225
heldout,A4c,4,4,id_reference,40097,250,5.7111916689831723,1.080801683196162,0.46160388949807801,0.23282889338718996
heldout,A4c,4,4,id_reference,40098,72,2.3995155340352827,0.45409094604986411,0.64989171831275128,0.31392351490846948
heldout,A4c,4,4,id_reference,40099,250,7.0945106640715005,1.3425847899352283,0.41509187059665564,0.21733323305518093
heldout,A6c,4,4,id_reference,40000,77,4.7824822085997187,0.90505014023291475,0.55973102686711917,0.37235995672960809
heldout,A6c,4,4,id_reference,40001,250,9.1904249448958542,1.7392213964165419,0.38534247748843131,0.27208135849335086
heldout,A6c,4,4,id_reference,40002,99,4.6085145014485338,0.87212801091060221,0.5376362165530989,0.33306943831436142
heldout,A6c,4,4,id_reference,40003,85,5.1875493121438252,0.98170615752182677,0.50895329761455865,0.3530612765486783
heldout,A6c,4,4,id_reference,40004,63,6.3921536053317904,1.2096688005431693,0.45639351094900749,0.38897409687171802
heldout,A6c,4,4,id_reference,40005,103,8.1481511523550374,1.541978625621927,0.41351339121541364,0.3504296342752351
heldout,A6c,4,4,id_reference,40006,250,5.7471214282091854,1.0876011300540227,0.47843340373947818,0.38580322913880433
heldout,A6c,4,4,id_reference,40007,250,8.0493289676729276,1.5232772424899961,0.40662220883922756,0.36624455513525034
heldout,A6c,4,4,id_reference,40008,53,6.0244928391724937,1.1400916618405372,0.46883846123255529,0.40352187319910471
heldout,A6c,4,4,id_reference,40009,44,5.7916504441106742,1.0960279239924524,0.47336319714535685,0.40487470715015983
heldout,A6c,4,4,id_reference,40010,250,6.7438960004805866,1.2762335027563507,0.4576089290629301,0.42299200535174875
heldout,A6c,4,4,id_reference,40011,41,6.093457993698749,1.1531428181340067,0.49766920976308821,0.40455981121112827
heldout,A6c,4,4,id_reference,40012,250,6.9584412336261661,1.3168346351548261,0.43831817010269514,0.39827387479543563
heldout,A6c,4,4,id_reference,40013,92,3.8474457073988724,0.7281012505929263,0.55201151158130268,0.34103312288025123
heldout,A6c,4,4,id_reference,40014,250,7.2518432834923079,1.3723588493167698,0.43524000676255564,0.39808218224288244
heldout,A6c,4,4,id_reference,40015,250,10.145070760580204,1.9198812068815474,0.37486178125810593,0.3170935603026474
heldout,A6c,4,4,id_reference,40016,92,5.2213718679048124,0.9881068313768121,0.50176523751234992,0.4158740585723138
heldout,A6c,4,4,id_reference,40017,55,5.9924228776973925,1.1340226537680946,0.45888562686825185,0.33613108591031043
heldout,A6c,4,4,id_reference,40018,250,8.1515545758180181,1.5426226988767953,0.404020173737769,0.3655053646456804
heldout,A6c,4,4,id_reference,40019,250,6.1931085159689001,1.1720009581585966,0.47289888865280921,0.45882046693035139
heldout,A6c,4,4,id_reference,40020,67,4.897145073482239,0.92674925743084735,0.52964983925689935,0.41474158910871539
heldout,A6c,4,4,id_reference,40021,250,5.3385595514363846,1.0102837522283115,0.5047755810442911,0.47783286276129883
heldout,A6c,4,4,id_reference,40022,250,7.8001520472123023,1.4761223139467856,0.4225055815891316,0.32051648778026859
heldout,A6c,4,4,id_reference,40023,250,6.5249174770720657,1.234793402265751,0.45847848555980397,0.40812326084196776
heldout,A6c,4,4,id_reference,40024,250,5.2944414385406731,1.0019347187094254,0.50785699760237435,0.48357891114068446
heldout,A6c,4,4,id_reference,40025,250,4.2257889693417958,0.79969997429792872,0.55848204752807507,0.33238783556663765
heldout,A6c,4,4,id_reference,40026,250,5.9365585123770828,1.1234507270024805,0.47178645148394094,0.43924430125903674
heldout,A6c,4,4,id_reference,40027,88,6.4932150559836348,1.2287939485510639,0.44960190794438898,0.39187839930630924
heldout,A6c,4,4,id_reference,40028,54,5.2129152101300216,0.98650647010600312,0.52589181606662039,0.46223052596633102
heldout,A6c,4,4,id_reference,40029,52,7.3238563903301008,1.3859868085227562,0.44217149556971169,0.3242873910435613
heldout,A6c,4,4,id_reference,40030,250,4.0757142324015074,0.77129941664002699,0.57098086779109636,0.35389656503506922
heldout,A6c,4,4,id_reference,40031,250,3.4189417717124782,0.64700998246735653,0.60217874830804896,0.40997209492755921
heldout,A6c,4,4,id_reference,40032,250,4.0345414311755352,0.76350776203515625,0.56152107299498677,0.44361429925186813
heldout,A6c,4,4,id_reference,40033,250,6.873277966445821,1.3007181032907522,0.441557736982439,0.41471336145187898
heldout,A6c,4,4,id_reference,40034,55,5.5698733120979771,1.0540582070810927,0.47917932631569632,0.39634876050177492
heldout,A6c,4,4,id_reference,40035,250,5.1110027519876224,0.96722027509049346,0.50872361737874683,0.4382403796236462
heldout,A6c,4,4,id_reference,40036,250,9.3074074330600407,1.7613594855300594,0.38939717859219958,0.35305201571533062
heldout,A6c,4,4,id_reference,40037,250,6.0781295167040579,1.1502420148171315,0.44809226319782736,0.29891418532501479
heldout,A6c,4,4,id_reference,40038,250,4.4685584324418954,0.84564233791570098,0.54129103570798021,0.47272086191008644
heldout,A6c,4,4,id_reference,40039,250,3.859727391208299,0.73042547035354144,0.58731554387619711,0.44552103688958627
heldout,A6c,4,4,id_reference,40040,38,4.6410752051008508,0.87828988838787159,0.542909746047189,0.46278466757110132
heldout,A6c,4,4,id_reference,40041,250,4.5928209147889278,0.86915811323246905,0.52003100260580326,0.3237142179271057
heldout,A6c,4,4,id_reference,40042,250,9.1270387660573675,1.7272260208888621,0.38441540495774301,0.35807777596003293
heldout,A6c,4,4,id_reference,40043,79,3.7956744673549063,0.71830391815798922,0.59315087608446038,0.37734683556780702
heldout,A6c,4,4,id_reference,40044,250,5.4014514218924115,1.0221855834726359,0.50656675868137102,0.37600717061791367
heldout,A6c,4,4,id_reference,40045,84,3.8936676424491665,0.73684841722616168,0.57581457754934795,0.41226627940668931
heldout,A6c,4,4,id_reference,40046,250,2.9499000376619464,0.5582472294320836,0.59163298126472541,0.28451343850617788
heldout,A6c,4,4,id_reference,40047,96,4.4759125298574993,0.84703404761935874,0.53684430423573881,0.3532663863836667
heldout,A6c,4,4,id_reference,40048,51,6.3223421034365943,1.1964574791363682,0.48674756995731849,0.41416632732950781
heldout,A6c,4,4,id_reference,40049,250,9.5074011499271656,1.7992068488032185,0.39377632820997216,0.33711460358678441
heldout,A6c,4,4,id_reference,40050,250,6.229367738614247,1.1788627535837626,0.47253413596627136,0.44402245247924926
heldout,A6c,4,4,id_reference,40051,250,6.2934665303392912,1.1909929859420127,0.46487988692861143,0.41311500622881919
heldout,A6c,4,4,id_reference,40052,250,8.9096673164215119,1.6860900474770206,0.38773536582028045,0.35076843494080445
heldout,A6c,4,4,id_reference,40053,59,4.8229446156923306,0.9127073578901973,0.50961913824626004,0.42891830140885823
heldout,A6c,4,4,id_reference,40054,250,2.3208792989526583,0.43920960776470702,0.64184328968249682,0.36643273139003696
heldout,A6c,4,4,id_reference,40055,60,6.6677266761667902,1.2618190094775912,0.4385868922024711,0.3789005764043033
heldout,A6c,4,4,id_reference,40056,250,4.5801085537471691,0.86675239092306933,0.54259326870074576,0.50292605303945026
heldout,A6c,4,4,id_reference,40057,78,7.2583569095285032,1.3735915058955821,0.43985963604221151,0.28818427606738745
heldout,A6c,4,4,id_reference,40058,250,2.8541047097885945,0.54011865704146711,0.63260941580853203,0.43547831994797193
heldout,A6c,4,4,id_reference,40059,250,4.5676770511181637,0.8643998190353045,0.53700108249934853,0.45908191576699597
heldout,A6c,4,4,id_reference,40060,250,5.5661294617308794,1.0533497104987823,0.50222187871431156,0.48468354921414419
heldout,A6c,4,4,id_reference,40061,250,5.0326320329363492,0.95238918379234583,0.51707371643652,0.36372654120917519
heldout,A6c,4,4,id_reference,40062,250,9.4829244488890083,1.7945748103050534,0.37514487928687773,0.31251385423188521
heldout,A6c,4,4,id_reference,40063,250,4.4833575384338147,0.84844296160212551,0.5366627204235298,0.49647430376678392
heldout,A6c,4,4,id_reference,40064,39,5.0669358789400674,0.95888093834197408,0.524902649468583,0.47062371319836244
heldout,A6c,4,4,id_reference,40065,250,9.3634180830564944,1.7719590956117599,0.37832199246525794,0.29287697137338953
heldout,A6c,4,4,id_reference,40066,96,6.2969357514346855,1.1916495109225427,0.46347003747560706,0.32987210644444798
heldout,A6c,4,4,id_reference,40067,250,7.1874348671149715,1.3601700227342752,0.43196826615286615,0.40201952176004158
heldout,A6c,4,4,id_reference,40068,250,5.1154772266801309,0.96806703703780228,0.50787967385037203,0.4455328664054487
heldout,A6c,4,4,id_reference,40069,102,4.4143550163237437,0.83538473376390221,0.51529533027672814,0.33864975061533675
heldout,A6c,4,4,id_reference,40070,250,5.5333057406320894,1.0471380588736059,0.4945104832531973,0.4470182987301336
heldout,A6c,4,4,id_reference,40071,250,4.1363775741566737,0.7827795149588006,0.55557669284744893,0.40358632621382889
heldout,A6c,4,4,id_reference,40072,250,6.1052406198969003,1.1553725948540901,0.47363664640632802,0.45565466138971794
heldout,A6c,4,4,id_reference,40073,250,8.7296452215885623,1.6520221691102992,0.39870624799029863,0.36119400018765291
heldout,A6c,4,4,id_reference,40074,250,9.4195921818161636,1.7825896371887837,0.37996090515977227,0.35425481252037233
heldout,A6c,4,4,id_reference,40075,250,6.722056681235971,1.2721005696720649,0.46039635833449655,0.42258281736412573
heldout,A6c,4,4,id_reference,40076,250,7.4497276712991853,1.4098070373335438,0.42119701123949416,0.39136902905872106
heldout,A6c,4,4,id_reference,40077,250,6.3428828716011481,1.2003446708282459,0.46360556937795444,0.40685187237531767
heldout,A6c,4,4,id_reference,40078,72,2.3688944383720063,0.44829612534477087,0.65796477563935474,0.41072317206621156
heldout,A6c,4,4,id_reference,40079,250,8.9944665994634256,1.7021376979775764,0.38866912882893612,0.35777939399720377
heldout,A6c,4,4,id_reference,40080,44,6.9477363580681422,1.3148088149421457,0.45497501336753249,0.36085851921329865
heldout,A6c,4,4,id_reference,40081,250,8.69459834916929,1.645389802189885,0.3877860895624794,0.27651070321526222
heldout,A6c,4,4,id_reference,40082,76,8.3951463262582564,1.5887206744216054,0.40758871386891932,0.29454305984402612
heldout,A6c,4,4,id_reference,40083,250,9.630938094447302,1.8225853213380137,0.37167267359083878,0.34364873863665363
heldout,A6c,4,4,id_reference,40084,250,7.5053934069062702,1.420341374863701,0.4270409881385317,0.35530715916564576
heldout,A6c,4,4,id_reference,40085,250,7.0545561698899695,1.3350236911198672,0.47990338238492297,0.42068968572384957
heldout,A6c,4,4,id_reference,40086,58,4.257938005917298,0.80578394676074128,0.54394473808195243,0.44577073159072733
heldout,A6c,4,4,id_reference,40087,250,7.1631369956375988,1.3555718264360401,0.43250236823842242,0.39217059113391439
heldout,A6c,4,4,id_reference,40088,44,5.1275469202881592,0.97035113918728266,0.52625599566718784,0.44179627056430881
heldout,A6c,4,4,id_reference,40089,250,8.8356527205391977,1.6720833209570314,0.38868881327212801,0.36465384360436132
heldout,A6c,4,4,id_reference,40090,76,3.0776907241279874,0.58243069183965512,0.58993175287405553,0.34798095050649253
heldout,A6c,4,4,id_reference,40091,65,4.6194558429330019,0.87419858058821609,0.52538867048028193,0.33856275646292749
heldout,A6c,4,4,id_reference,40092,250,4.5360269983940835,0.85841027565450545,0.54367718079057559,0.48328196798455419
heldout,A6c,4,4,id_reference,40093,79,4.4032731103223899,0.8332875632689366,0.57765566184691042,0.40831410061154327
heldout,A6c,4,4,id_reference,40094,250,7.629066210837486,1.4437455578086318,0.43487260780813314,0.35930144520338225
heldout,A6c,4,4,id_reference,40095,66,4.7310311531638405,0.89531340041741891,0.52955683899381611,0.44892439798068412
heldout,A6c,4,4,id_reference,40096,250,4.8125269333840599,0.91073588692119967,0.5558530386083308,0.44693215548230925
heldout,A6c,4,4,id_reference,40097,250,5.9468135821833545,1.1253914247325369,0.45886774474272074,0.33924608370946213
heldout,A6c,4,4,id_reference,40098,80,2.7105176097750325,0.51294583771153146,0.6244298728008395,0.35001540158377653
heldout,A6c,4,4,id_reference,40099,250,7.3219788035633444,1.3856314888179602,0.42014795561674451,0.35105482671312982
safety,A4c,4,4,id_reference,50000,250,5.0162418161683036,0.94928745390871061,0.52044284807925101,0.50397852692799427
safety,A4c,4,4,id_reference,50001,84,3.8243024458499306,0.72372155586606401,0.57755560153173968,0.31952609099428875
safety,A4c,4,4,id_reference,50002,250,6.0371402960375962,1.14248510150431,0.47604998273454802,0.44344772494911594
safety,A4c,4,4,id_reference,50003,250,4.6603858556247726,0.88194428922040102,0.50052240929633363,0.23235942988330413
safety,A4c,4,4,id_reference,50004,250,8.4103791719181693,1.591603380200596,0.38966213256590854,0.32473202560038222
safety,A4c,4,4,id_reference,50005,76,3.8280959986486924,0.7244394582737983,0.52408452607710665,0.19281015534193929
safety,A4c,4,4,id_reference,50006,250,5.6890044247276199,1.076602907821993,0.48147178865833007,0.39992582623150003
safety,A4c,4,4,id_reference,50007,250,7.4735757598809194,1.4143201154745089,0.40760765885648298,0.23467820033015999
safety,A4c,4,4,id_reference,50008,250,3.8384081837268642,0.72639096465563591,0.5678479433280702,0.29328674504300567
safety,A4c,4,4,id_reference,50009,250,9.5929227967034425,1.8153912014117108,0.35623116118034837,0.27338058891862543
safety,A4c,4,4,id_reference,50010,62,7.0884894978003175,1.3414453278023006,0.42254211755936055,0.29175059346258225
safety,A4c,4,4,id_reference,50011,250,4.017277355068706,0.76024066059704087,0.56829714877456372,0.52241380443142127
safety,A4c,4,4,id_reference,50012,47,7.196036421639155,1.3617978046660792,0.43064050050196118,0.33613596370889365
safety,A4c,4,4,id_reference,50013,250,5.1071393841109796,0.96648916068462287,0.4858517921205413,0.28329340690745664
safety,A4c,4,4,id_reference,50014,250,5.0528499661239357,0.95621528130165623,0.48967379749496887,0.31150471207508801
safety,A4c,4,4,id_reference,50015,250,7.8748720038643647,1.4902625248867334,0.39227061445099437,0.23828584804673056
safety,A4c,4,4,id_reference,50016,250,8.9380418419645533,1.6914597210485385,0.37423329558175811,0.30793445507331413
safety,A4c,4,4,id_reference,50017,250,3.9793083642657225,0.75305530392410847,0.56009635569284233,0.32551596881318023
safety,A4c,4,4,id_reference,50018,71,4.6429214760436572,0.87863928179966311,0.55152122303689111,0.38497213044279505
safety,A4c,4,4,id_reference,50019,77,9.459332371872641,1.7901101804997077,0.35667924969966186,0.22093840680234281
safety,A4c,4,4,id_reference,50020,57,4.9824386325470673,0.94289044609094885,0.51474253282895632,0.35036436429982876
safety,A4c,4,4,id_reference,50021,39,4.0115111727596311,0.75914945233325415,0.5647601741620274,0.50645395378728342
safety,A4c,4,4,id_reference,50022,250,8.3148760726668485,1.5735301099614176,0.38750391231403875,0.23929413187528217
safety,A4c,4,4,id_reference,50023,65,3.9461691727066417,0.74678395179783819,0.55226279512596821,0.33996073322589954
safety,A4c,4,4,id_reference,50024,250,3.5202264085989352,0.66617736685463003,0.60024784366079154,0.50419119469384377
safety,A4c,4,4,id_reference,50025,250,4.7162700432594136,0.89251996721551963,0.51738316797420381,0.31725336279837962
safety,A4c,4,4,id_reference,50026,250,6.3244066494361997,1.1968481795226866,0.46568382013784582,0.38579387866364512
safety,A4c,4,4,id_reference,50027,250,5.1609390737433181,0.97667036252133432,0.50955233405372202,0.43599048946512553
safety,A4c,4,4,id_reference,50028,250,7.3222603451401413,1.385684768523445,0.41184782341728732,0.24803842683641608
safety,A4c,4,4,id_reference,50029,250,7.1661887394643315,1.3561493468653631,0.41351884594230931,0.23229358046160065
safety,A4c,4,4,id_reference,50030,75,3.4298393336342001,0.64907226717961664,0.59213778204792522,0.33924379230259344
safety,A4c,4,4,id_reference,50031,76,3.0596829035633282,0.57902284214645028,0.59738197454091513,0.30062117610740147
safety,A4c,4,4,id_reference,50032,250,8.1760269383839095,1.5472539163504879,0.39127183113819475,0.2557902524533231
safety,A4c,4,4,id_reference,50033,34,3.6891016090103608,0.69813577613828381,0.59276269062946263,0.52439814980300914
safety,A4c,4,4,id_reference,50034,250,6.283909338922502,1.1891843566456102,0.46865710382746784,0.44763972477605907
safety,A4c,4,4,id_reference,50035,250,6.2233364669728966,1.1777213790826779,0.468044303724648,0.44361931487133782
safety,A4c,4,4,id_reference,50036,45,5.8209542928625515,1.1015734652543856,0.47335649656761319,0.40492499708998342
safety,A4c,4,4,id_reference,50037,250,7.7909857486615266,1.4743876582958189,0.4065131539985774,0.3537232284191324
safety,A4c,4,4,id_reference,50038,250,4.4883865374148479,0.84939466325714286,0.51268965787573317,0.31737300411215547
safety,A4c,4,4,id_reference,50039,56,5.5288041878221375,1.0462861725885744,0.49534353312929608,0.45707202118396006
safety,A4c,4,4,id_reference,50040,250,4.9736612683460377,0.94122939345039069,0.51971256941726529,0.38404022323947401
safety,A4c,4,4,id_reference,50041,49,7.1947144757607697,1.3615476359774301,0.42571758636141255,0.33207209909107532
safety,A4c,4,4,id_reference,50042,250,4.4751872814672815,0.84689679961118214,0.54117007676385198,0.44343486648707736
safety,A4c,4,4,id_reference,50043,33,4.7370716387823384,0.89645651859698394,0.53654323755670563,0.47574941357730466
safety,A4c,4,4,id_reference,50044,250,6.3501574256667634,1.2017213275286887,0.44347857197683516,0.32242225327879981
safety,A4c,4,4,id_reference,50045,73,10.133370544966009,1.9176670257679531,0.34805245845799898,0.22069848581215717
safety,A4c,4,4,id_reference,50046,250,8.1274722381016034,1.5380652907826919,0.39542726486481333,0.28414814571057051
safety,A4c,4,4,id_reference,50047,250,4.6200517238745995,0.87431134674316069,0.52970774878626725,0.4387845708128244
safety,A4c,4,4,id_reference,50048,66,5.3687428851117458,1.0159957296459088,0.50491750264171409,0.41425565836154976
safety,A4c,4,4,id_reference,50049,63,6.9788067102974489,1.3206886542004403,0.40601332466596113,0.23663848499489124
safety,A4c,4,4,id_reference,50050,250,5.5976032101753432,1.0593058895708332,0.49856172629395162,0.30004062089487299
safety,A4c,4,4,id_reference,50051,91,6.6422178222481474,1.2569916435179784,0.42296094829562708,0.1831197667045053
safety,A4c,4,4,id_reference,50052,250,2.6665099394255583,0.50461770464508826,0.63136145636492591,0.30408974535259897
safety,A4c,4,4,id_reference,50053,250,6.6143777514584059,1.2517231116399001,0.43840675193181528,0.34039331049463795
safety,A4c,4,4,id_reference,50054,250,5.1307972978596101,0.97096624961499356,0.49018807332727543,0.32172298365499769
safety,A4c,4,4,id_reference,50055,250,9.3783944070694183,1.7747932565258764,0.36086840175040302,0.25597298619484116
safety,A4c,4,4,id_reference,50056,40,4.2817400000165371,0.81028830185454648,0.57212078719420334,0.50731419894394614
safety,A4c,4,4,id_reference,50057,250,4.2493022102061913,0.80414968493216488,0.53485169734516536,0.36767516949375784
safety,A4c,4,4,id_reference,50058,75,8.4757595864182349,1.6039761503920602,0.36877127594796832,0.23712668074274595
safety,A4c,4,4,id_reference,50059,250,6.2399394999574636,1.1808633828948309,0.47017749137843773,0.43383851549912078
safety,A4c,4,4,id_reference,50060,71,6.6017983880273023,1.2493425581656208,0.39922656331783513,0.21717377744519345
safety,A4c,4,4,id_reference,50061,250,4.0976883901388028,0.7754578669330312,0.55606450281881648,0.47849553610699497
safety,A4c,4,4,id_reference,50062,250,5.5623058749717318,1.0526261243814441,0.49724948511139544,0.28881225633065999
safety,A4c,4,4,id_reference,50063,250,4.3583238019607879,0.82478123202469522,0.54733796687941372,0.49986125690957656
safety,A4c,4,4,id_reference,50064,250,6.4204866556543916,1.2150306252294349,0.45006903945147325,0.3966578844174472
safety,A4c,4,4,id_reference,50065,250,5.5975253930741067,1.0592911632476991,0.49448966561199226,0.45756401375251221
safety,A4c,4,4,id_reference,50066,71,8.6268420902669547,1.6325674206427152,0.36673010859842409,0.23658831119429147
safety,A4c,4,4,id_reference,50067,250,6.3161034194261969,1.1952768533457849,0.46960740368838605,0.45477720405578664
safety,A4c,4,4,id_reference,50068,51,5.2642710962497699,0.9962251998172994,0.53869033618092277,0.47962333330318291
safety,A4c,4,4,id_reference,50069,250,4.9028028975521094,0.92781995968220987,0.49485296529727285,0.291820302990138
safety,A4c,4,4,id_reference,50070,250,4.5410686898016852,0.85936437925937736,0.54177512400553063,0.5102928738049084
safety,A4c,4,4,id_reference,50071,250,5.8463301214916363,1.1063756571408461,0.47554609626534877,0.43491338070671326
safety,A4c,4,4,id_reference,50072,250,3.1268753042062318,0.59173851759948071,0.62640006777708179,0.21681315857809733
safety,A4c,4,4,id_reference,50073,250,4.4601912787366178,0.84405891464217686,0.51714349713424668,0.34913932329652481
safety,A4c,4,4,id_reference,50074,250,5.890060508020543,1.1146513162513512,0.48725268876893574,0.47127287807529361
safety,A4c,4,4,id_reference,50075,250,5.5277295462176257,1.046082804443657,0.4926509940177401,0.41935601707057207
safety,A4c,4,4,id_reference,50076,250,3.9361411584307131,0.74488622268336979,0.5671422828858842,0.36166623212595339
safety,A4c,4,4,id_reference,50077,250,4.9934792844536418,0.94497980954709304,0.5172106206520859,0.44601989480363874
safety,A4c,4,4,id_reference,50078,250,6.4902446154712781,1.2282318141854771,0.46093932276138849,0.44131480928230599
safety,A4c,4,4,id_reference,50079,75,3.3786431019877408,0.63938375092173982,0.60433329382676892,0.29502282359430759
safety,A4c,4,4,id_reference,50080,107,5.600250645459667,1.0598068975350712,0.48397226313270431,0.31473834091864944
safety,A4c,4,4,id_reference,50081,250,4.5959586675256832,0.86975191022544274,0.53967270039087023,0.3906496504579513
safety,A4c,4,4,id_reference,50082,250,7.4016074114824502,1.400700626479183,0.42331120432892705,0.3851626661395483
safety,A4c,4,4,id_reference,50083,85,2.7118585725251387,0.51319960520550112,0.64035986957298363,0.25944208033012944
safety,A4c,4,4,id_reference,50084,250,5.5805499579413453,1.0560786850246136,0.4890095685802337,0.45171909233460161
safety,A4c,4,4,id_reference,50085,250,3.7385990994956155,0.70750281792765068,0.58561522338558802,0.36399415053465428
safety,A4c,4,4,id_reference,50086,250,5.4383813834515431,1.0291743113821274,0.47425816558012002,0.24418970287718875
safety,A4c,4,4,id_reference,50087,250,5.8480739288235153,1.1067056600559471,0.48007094336454498,0.41601327208493372
safety,A4c,4,4,id_reference,50088,250,4.2291510610211684,0.8003362258119272,0.54570736701158329,0.2896277324715496
safety,A4c,4,4,id_reference,50089,60,3.7032976551213155,0.70082227510745287,0.57373689510970327,0.42602089844596275
safety,A4c,4,4,id_reference,50090,250,10.164748812663635,1.9236051357997974,0.3434535161890459,0.25729284981744005
safety,A4c,4,4,id_reference,50091,85,3.5877554156151712,0.67895674262730621,0.55283402120008496,0.1928215362519323
safety,A4c,4,4,id_reference,50092,250,4.8478905238530885,0.91742819043998358,0.51627681206999798,0.40179858578323302
safety,A4c,4,4,id_reference,50093,250,4.8359582944737882,0.91517010240076246,0.52885775568716265,0.34563776956437842
safety,A4c,4,4,id_reference,50094,35,4.7256957325403572,0.89430371068458481,0.5331231333352302,0.38890562659048505
safety,A4c,4,4,id_reference,50095,43,6.2725666275186658,1.1870378306160507,0.46799341943253836,0.39808236448588846
safety,A4c,4,4,id_reference,50096,250,5.629540119867757,1.0653497185564904,0.46637957957089465,0.27483849018594519
safety,A4c,4,4,id_reference,50097,250,4.5175439299316231,0.85491248873669856,0.54768430594305806,0.43745045532719551
safety,A4c,4,4,id_reference,50098,250,5.61006431414331,1.0616640632977288,0.46513622338527943,0.22409837136572694
safety,A4c,4,4,id_reference,50099,250,6.1335878019720651,1.1607370938722366,0.46806622710007789,0.36824653927400008
safety,A6c,4,4,id_reference,50000,250,5.3135860637225267,1.0055577004477343,0.50171975997891638,0.45845303216632383
safety,A6c,4,4,id_reference,50001,102,3.3140577075678235,0.62716143252573286,0.56643450671795326,0.33063507937335224
safety,A6c,4,4,id_reference,50002,64,5.6602706108529413,1.0711652415344024,0.49901280885506322,0.4295263551397917
safety,A6c,4,4,id_reference,50003,250,4.6633873582226455,0.88251230186083063,0.51551254541178104,0.37564377850646091
safety,A6c,4,4,id_reference,50004,250,8.3296121278345616,1.5763188017357512,0.41259682815344789,0.36578430021920538
safety,A6c,4,4,id_reference,50005,69,3.4308607362232348,0.64926556022622284,0.58392464705299185,0.36079329651539177
safety,A6c,4,4,id_reference,50006,250,6.1149221786830461,1.1572047597749169,0.46751363293236498,0.41707996981475548
safety,A6c,4,4,id_reference,50007,250,7.3109082984296929,1.3835364758546826,0.4236055979874026,0.31637204939561753
safety,A6c,4,4,id_reference,50008,92,4.8122124403405309,0.91067637138915303,0.54703966217603561,0.43539825557157341
safety,A6c,4,4,id_reference,50009,250,9.4108084631644608,1.780927382014432,0.38287000532122434,0.34008939507830893
safety,A6c,4,4,id_reference,50010,52,5.7210046656100522,1.0826587217769419,0.47329072220461943,0.401191724113171
safety,A6c,4,4,id_reference,50011,250,4.2715059110614249,0.80835157459870333,0.55423993532923732,0.50983083665448004
safety,A6c,4,4,id_reference,50012,45,5.867924108205969,1.1104621628196025,0.48775434033048737,0.42907934772138573
safety,A6c,4,4,id_reference,50013,250,4.8852861505167064,0.92450504209980711,0.50430524982722458,0.37727229177575733
safety,A6c,4,4,id_reference,50014,250,5.0299974588129448,0.95189060970971706,0.52338355846346041,0.34973772530530034
safety,A6c,4,4,id_reference,50015,250,7.8419588387592274,1.4840339466307912,0.41612143502948407,0.39180636653001849
safety,A6c,4,4,id_reference,50016,250,9.0208848402960715,1.7071371588281155,0.39226681619483794,0.36321335067340543
safety,A6c,4,4,id_reference,50017,75,4.6965504458923748,0.88878817615307038,0.52224430750798845,0.369162940402187
safety,A6c,4,4,id_reference,50018,49,7.2553241198980443,1.3730175724107052,0.44248780882756461,0.30252840436679596
safety,A6c,4,4,id_reference,50019,250,8.343326330273328,1.5789141152777586,0.40420507505147613,0.31573844966832887
safety,A6c,4,4,id_reference,50020,76,4.303986875887631,0.81449836208031645,0.52714546499410631,0.36830304635244931
safety,A6c,4,4,id_reference,50021,250,5.2929609551232222,1.0016545479390737,0.51066849793600178,0.49160284840512364
safety,A6c,4,4,id_reference,50022,250,8.1856108396949558,1.5490676003010406,0.4043741498131741,0.36579157491291014
safety,A6c,4,4,id_reference,50023,74,4.1871509809782621,0.79238801467916564,0.56526039384718041,0.43674845601509732
safety,A6c,4,4,id_reference,50024,47,3.6279521502210299,0.68656368368952703,0.58132695890803576,0.51629100763434288
safety,A6c,4,4,id_reference,50025,96,5.0508746875380366,0.95584147412722442,0.51968167106430763,0.38021920482012606
safety,A6c,4,4,id_reference,50026,250,5.1164709531353747,0.96825509257642073,0.54386726067722668,0.41894570208796056
safety,A6c,4,4,id_reference,50027,250,5.7845339603229107,1.0946811809479098,0.4869570775126128,0.45787924236502497
safety,A6c,4,4,id_reference,50028,77,7.7046201099744742,1.4580435863274031,0.42682958507913832,0.31629148898201942
safety,A6c,4,4,id_reference,50029,118,7.1419067366673055,1.3515541536000193,0.42519976319729214,0.32576204985717433
safety,A6c,4,4,id_reference,50030,79,4.2005180501775889,0.79491763576831465,0.57627856513983411,0.34469128740150173
safety,A6c,4,4,id_reference,50031,250,3.2380276313536558,0.61277329094188804,0.60976840469108129,0.36524473424300929
safety,A6c,4,4,id_reference,50032,250,8.0591264745558568,1.525131349748855,0.40692369345180157,0.36799063238204116
safety,A6c,4,4,id_reference,50033,250,5.2952513090315847,1.0020879808376257,0.5103948071630523,0.49606968132451479
safety,A6c,4,4,id_reference,50034,60,5.3341500213045361,1.0094492805690098,0.51136756150789442,0.44823550279471808
safety,A6c,4,4,id_reference,50035,250,6.2008608611783202,1.1734680333745384,0.46619040590330274,0.39894847623832608
safety,A6c,4,4,id_reference,50036,250,7.5114805181877582,1.4214933166124895,0.42900351108581902,0.39443180419982088
safety,A6c,4,4,id_reference,50037,250,7.659380991908689,1.4494824106944171,0.42011165466489458,0.35799462313177083
safety,A6c,4,4,id_reference,50038,250,4.4911228511535022,0.84991249082552078,0.54990697582288883,0.36821362749575992
safety,A6c,4,4,id_reference,50039,96,5.7062477089783137,1.0798660745518356,0.47946100212504233,0.42591888778338854
safety,A6c,4,4,id_reference,50040,250,5.1527762067414287,0.9751255990277079,0.51340094341532128,0.43209828852467036
safety,A6c,4,4,id_reference,50041,52,6.2779992690554183,1.1880659187029927,0.45572238376064228,0.40280670018663689
safety,A6c,4,4,id_reference,50042,250,5.4577604082698681,1.032841651554949,0.50432588036861248,0.46506733980598264
safety,A6c,4,4,id_reference,50043,47,4.4551705325143525,0.84310877476201918,0.55070323116224951,0.47656137344309535
safety,A6c,4,4,id_reference,50044,250,6.0162607063105797,1.1385337902842785,0.46259837506565765,0.34005675924568518
safety,A6c,4,4,id_reference,50045,250,9.6634676803025759,1.828741309997437,0.39367178620172227,0.32095856105824422
safety,A6c,4,4,id_reference,50046,54,7.3664714039017838,1.3940513913746748,0.43273394242372981,0.36866167604508665
safety,A6c,4,4,id_reference,50047,250,4.8562372421052782,0.91900774645193184,0.51759459467238933,0.43506108625039608
safety,A6c,4,4,id_reference,50048,59,4.5576247120292708,0.86249748662605652,0.53486794923784575,0.44370272520142606
safety,A6c,4,4,id_reference,50049,70,6.5021149549107067,1.2304781900015647,0.45737305436495584,0.38054210633443858
safety,A6c,4,4,id_reference,50050,97,3.8667435769619298,0.73175323272112647,0.56210629418172042,0.3340587990847404
safety,A6c,4,4,id_reference,50051,250,4.5055673751856569,0.85264601244268268,0.56226784522690709,0.34952585006558473
safety,A6c,4,4,id_reference,50052,250,4.7102722715861356,0.89138493234090488,0.52989355930351623,0.2916595211907887
safety,A6c,4,4,id_reference,50053,250,6.7330285104766547,1.2741769089368584,0.44151203015000728,0.39231383490081523
safety,A6c,4,4,id_reference,50054,93,3.7976882094978177,0.71868500428216919,0.57717926816103615,0.36316863628859369
safety,A6c,4,4,id_reference,50055,250,9.3362064335482859,1.7668094879124177,0.38153301109689075,0.34929945221606451
safety,A6c,4,4,id_reference,50056,250,5.2941736551916314,1.001884042648955,0.51198011447236103,0.49951906765097681
safety,A6c,4,4,id_reference,50057,250,4.4687523513572209,0.84567903566675451,0.53025133881496289,0.40088972427670838
safety,A6c,4,4,id_reference,50058,89,8.8172378221028893,1.6685984347232286,0.40045370645969663,0.31668513631523304
safety,A6c,4,4,id_reference,50059,250,6.3238503442695748,1.1967429027966885,0.46303337362220987,0.38839983581548992
safety,A6c,4,4,id_reference,50060,70,6.7688961457930059,1.2809645992944962,0.43967608229026867,0.34491833525555793
safety,A6c,4,4,id_reference,50061,250,4.431786681459938,0.83868355021274055,0.54427696725849584,0.50076751896800242
safety,A6c,4,4,id_reference,50062,83,4.598179549176697,0.87017219600216267,0.5309385753884347,0.34214787202326291
safety,A6c,4,4,id_reference,50063,250,4.4924734095254113,0.85016807422145924,0.54433315815425598,0.49165370002721104
safety,A6c,4,4,id_reference,50064,250,6.83343616674596,1.2931783310903138,0.44092548034331036,0.40933419662368031
safety,A6c,4,4,id_reference,50065,250,5.8441723524480373,1.1059673149682421,0.48522001049771163,0.45000943914785374
safety,A6c,4,4,id_reference,50066,250,9.0095904672153786,1.7049997804763166,0.3887850992725565,0.35033365094147806
safety,A6c,4,4,id_reference,50067,250,6.4185741610119313,1.2146686994618405,0.46873084411492594,0.44873177628279376
safety,A6c,4,4,id_reference,50068,45,4.2668061224989788,0.80746217363243133,0.55574609063231051,0.47529293433846653
safety,A6c,4,4,id_reference,50069,250,4.9699009253856063,0.94051777576417273,0.50338691608215291,0.32911614377509341
safety,A6c,4,4,id_reference,50070,250,4.9777443713999405,0.94200209114801625,0.52069494649511305,0.49106521446343232
safety,A6c,4,4,id_reference,50071,36,5.7827515622381984,1.0943438750121723,0.49421667977115852,0.42705172685058573
safety,A6c,4,4,id_reference,50072,250,2.1368166327938063,0.40437708052202054,0.6723310765023357,0.41915568938454895
safety,A6c,4,4,id_reference,50073,250,4.4735028361707911,0.84657803053158953,0.53934618183832028,0.33640235401284868
safety,A6c,4,4,id_reference,50074,79,5.5293103039893152,1.0463819514097177,0.51254575902561783,0.45913575318182415
safety,A6c,4,4,id_reference,50075,250,5.5981734908313632,1.0594138110570386,0.4846859324520687,0.38686058879019536
safety,A6c,4,4,id_reference,50076,250,4.4288731096915859,0.83813217784531513,0.54614070979442186,0.36313242489481024
safety,A6c,4,4,id_reference,50077,250,5.5723806656680352,1.0545327055948799,0.49668732222929241,0.47804572138180074
safety,A6c,4,4,id_reference,50078,250,6.5897491454254311,1.2470623262210221,0.45738556999139995,0.41006389454205261
safety,A6c,4,4,id_reference,50079,250,6.9729401831087898,1.3195784563945336,0.42387921890597546,0.29639942189704571
safety,A6c,4,4,id_reference,50080,123,4.170699871847626,0.7892747613566764,0.55277155940847167,0.32997140189397678
safety,A6c,4,4,id_reference,50081,250,4.6090839844160234,0.87223578144002734,0.5377556303818124,0.45201777444352653
safety,A6c,4,4,id_reference,50082,63,6.3314649425335352,1.1981839104002761,0.46863144491405112,0.39794659412458122
safety,A6c,4,4,id_reference,50083,250,2.7252293890409369,0.51572993544716761,0.65047006872094748,0.4190188403671033
safety,A6c,4,4,id_reference,50084,39,5.6319522733893521,1.0658062011502065,0.50507082621198229,0.4299455227085705
safety,A6c,4,4,id_reference,50085,250,2.6830759352139744,0.50775269943596146,0.62995754215611444,0.41213212149145984
safety,A6c,4,4,id_reference,50086,66,6.4346918458694145,1.2177188546541098,0.44036841364634838,0.34810256426485781
safety,A6c,4,4,id_reference,50087,53,4.9473767930831647,0.93625524676567629,0.51241299912520422,0.41420489216795581
safety,A6c,4,4,id_reference,50088,250,3.7002925908355762,0.7002535884433756,0.60097810156788889,0.3052226989586696
safety,A6c,4,4,id_reference,50089,69,4.1459658633339176,0.78459402928126976,0.56143246682028058,0.45567566395979281
safety,A6c,4,4,id_reference,50090,250,10.023439215811324,1.8968633174575422,0.35862127234138097,0.32314300633875004
safety,A6c,4,4,id_reference,50091,250,2.3476830290485218,0.44428201966796621,0.641343135709882,0.36322487176014545
safety,A6c,4,4,id_reference,50092,250,4.806261936820821,0.90955028167045304,0.52539358910487277,0.41744720846351835
safety,A6c,4,4,id_reference,50093,250,5.1222668687883459,0.96935192766031653,0.52164412579875263,0.34687293131478886
safety,A6c,4,4,id_reference,50094,250,4.9156484057821785,0.93025087913321847,0.52453190093106572,0.4189266983971644
safety,A6c,4,4,id_reference,50095,53,5.524700876304629,1.0455096505854893,0.47586158680869439,0.39343546650272837
safety,A6c,4,4,id_reference,50096,250,5.6999807851341568,1.0786801045771257,0.47913981133414679,0.39964015051267671
safety,A6c,4,4,id_reference,50097,250,4.5518274118172908,0.86140038952439035,0.55545938014521401,0.37514141101239173
safety,A6c,4,4,id_reference,50098,63,7.6111859631758074,1.4403618503638864,0.42058255085948476,0.33603390264703603
safety,A6c,4,4,id_reference,50099,250,5.871097782257241,1.1110627576613339,0.50104466195323683,0.3580463381557949
safety,A6c_gate_off_control,4,4,id_reference,50000,250,5.5200841328063603,1.0446359652964956,1,1
safety,A6c_gate_off_control,4,4,id_reference,50001,88,3.9647482556740066,0.75029990876570241,1,1
safety,A6c_gate_off_control,4,4,id_reference,50002,65,5.5457314214899487,1.0494895290333219,1,1
safety,A6c_gate_off_control,4,4,id_reference,50003,250,4.6652436381213587,0.88286358939507825,1,1
safety,A6c_gate_off_control,4,4,id_reference,50004,87,6.6761896747023082,1.2634205706914705,1,1
safety,A6c_gate_off_control,4,4,id_reference,50005,250,3.8098667043784307,0.72098969628493392,1,1
safety,A6c_gate_off_control,4,4,id_reference,50006,72,6.1688705298018451,1.1674140947218627,1,1
safety,A6c_gate_off_control,4,4,id_reference,50007,82,6.1077659828618289,1.1558505015154965,1,1
safety,A6c_gate_off_control,4,4,id_reference,50008,93,5.0021872350912915,0.94662772617322799,1,1
safety,A6c_gate_off_control,4,4,id_reference,50009,95,7.5200441270941223,1.4231139176107885,1,1
safety,A6c_gate_off_control,4,4,id_reference,50010,250,7.1887255091703697,1.3604142674010149,1,1
safety,A6c_gate_off_control,4,4,id_reference,50011,39,4.0278778208855694,0.76224672202197097,1,1
safety,A6c_gate_off_control,4,4,id_reference,50012,250,5.9673345679117356,1.1292748727415629,1,1
safety,A6c_gate_off_control,4,4,id_reference,50013,250,4.7653182175487068,0.90180197916715232,1,1
safety,A6c_gate_off_control,4,4,id_reference,50014,250,5.6670318693786221,1.0724447607693752,1,1
safety,A6c_gate_off_control,4,4,id_reference,50015,100,6.6028464057401468,1.2495408879317558,1,1
safety,A6c_gate_off_control,4,4,id_reference,50016,114,7.781561739564637,1.472604232789424,1,1
safety,A6c_gate_off_control,4,4,id_reference,50017,250,4.357344158425958,0.82459584157682653,1,1
safety,A6c_gate_off_control,4,4,id_reference,50018,50,7.8805774536196278,1.4913422399543204,1,1
safety,A6c_gate_off_control,4,4,id_reference,50019,130,7.7798704338006814,1.4722841654160228,1,1
safety,A6c_gate_off_control,4,4,id_reference,50020,250,4.9631213942917416,0.93923479857793613,1,1
safety,A6c_gate_off_control,4,4,id_reference,50021,250,5.6289947824186726,1.0652465173916474,1,1
safety,A6c_gate_off_control,4,4,id_reference,50022,83,7.0691756137507911,1.3377903150484562,1,1
safety,A6c_gate_off_control,4,4,id_reference,50023,74,4.1502541496815928,0.78540555643203336,1,1
safety,A6c_gate_off_control,4,4,id_reference,50024,250,4.1934932448331184,0.79358824220555568,1,1
safety,A6c_gate_off_control,4,4,id_reference,50025,92,4.9732687255496062,0.94115510756756626,1,1
safety,A6c_gate_off_control,4,4,id_reference,50026,250,5.3816888181362206,1.018445653762339,1,1
safety,A6c_gate_off_control,4,4,id_reference,50027,250,5.3322859842888608,1.0090965250565267,1,1
safety,A6c_gate_off_control,4,4,id_reference,50028,77,6.7506171372465715,1.2775054292387202,1,1
safety,A6c_gate_off_control,4,4,id_reference,50029,85,7.2376579163618207,1.3696743712673551,1,1
safety,A6c_gate_off_control,4,4,id_reference,50030,80,4.3203332030690245,0.81759178617737016,1,1
safety,A6c_gate_off_control,4,4,id_reference,50031,250,3.0729600525438476,0.58153544648507272,1,1
safety,A6c_gate_off_control,4,4,id_reference,50032,71,6.6072432828175707,1.2503729650920961,1,1
safety,A6c_gate_off_control,4,4,id_reference,50033,250,5.5414552951569442,1.0486803030773151,1,1
safety,A6c_gate_off_control,4,4,id_reference,50034,59,5.3225033265941573,1.0072452278990545,1,1
safety,A6c_gate_off_control,4,4,id_reference,50035,105,5.9859044414000318,1.1327890868821755,1,1
safety,A6c_gate_off_control,4,4,id_reference,50036,70,5.670980214343361,1.073191956474066,1,1
safety,A6c_gate_off_control,4,4,id_reference,50037,59,5.9380631553165504,1.1237354697874964,1,1
safety,A6c_gate_off_control,4,4,id_reference,50038,110,3.9704755313818816,0.75138375423683534,1,1
safety,A6c_gate_off_control,4,4,id_reference,50039,67,5.2118046236274811,0.98629629964931897,1,1
safety,A6c_gate_off_control,4,4,id_reference,50040,250,4.7919196078915665,0.90683609973678114,1,1
safety,A6c_gate_off_control,4,4,id_reference,50041,50,6.1158573294131688,1.1573817302815534,1,1
safety,A6c_gate_off_control,4,4,id_reference,50042,250,4.6090879649504659,0.87223653472735763,1,1
safety,A6c_gate_off_control,4,4,id_reference,50043,250,5.0828072491428902,0.96188448026878437,1,1
safety,A6c_gate_off_control,4,4,id_reference,50044,250,5.9939901014653199,1.1343192395219086,1,1
safety,A6c_gate_off_control,4,4,id_reference,50045,250,9.5075145391129645,1.7992283068858692,1,1
safety,A6c_gate_off_control,4,4,id_reference,50046,59,6.0666408810028587,1.1480678736705616,1,1
safety,A6c_gate_off_control,4,4,id_reference,50047,250,4.9094069672501552,0.92906973206935584,1,1
safety,A6c_gate_off_control,4,4,id_reference,50048,250,4.7814259047088914,0.9048502423675755,1,1
safety,A6c_gate_off_control,4,4,id_reference,50049,250,6.9422268460565055,1.313766179674255,1,1
safety,A6c_gate_off_control,4,4,id_reference,50050,250,4.7622461552039335,0.90122061360536487,1,1
safety,A6c_gate_off_control,4,4,id_reference,50051,250,4.5942901941304388,0.86943616371254917,1,1
safety,A6c_gate_off_control,4,4,id_reference,50052,250,4.5997097646104885,0.87046177819662418,1,1
safety,A6c_gate_off_control,4,4,id_reference,50053,75,6.7862974418084763,1.284257668607063,1,1
safety,A6c_gate_off_control,4,4,id_reference,50054,97,4.0430707761314162,0.7651218788288443,1,1
safety,A6c_gate_off_control,4,4,id_reference,50055,93,7.8803563535850101,1.4913003983731901,1,1
safety,A6c_gate_off_control,4,4,id_reference,50056,250,5.4403095375279236,1.0295392005842412,1,1
safety,A6c_gate_off_control,4,4,id_reference,50057,250,4.4733662308005435,0.84655217895408086,1,1
safety,A6c_gate_off_control,4,4,id_reference,50058,250,8.710409710625445,1.6483819878957584,1,1
safety,A6c_gate_off_control,4,4,id_reference,50059,82,5.8486321241540606,1.1068112944817854,1,1
safety,A6c_gate_off_control,4,4,id_reference,50060,250,6.6380184773517819,1.2561969478930772,1,1
safety,A6c_gate_off_control,4,4,id_reference,50061,250,4.0685208515692164,0.7699381213864227,1,1
safety,A6c_gate_off_control,4,4,id_reference,50062,250,4.4728219743918896,0.84644918236831435,1,1
safety,A6c_gate_off_control,4,4,id_reference,50063,250,5.007419222949153,0.9476178420038609,1,1
safety,A6c_gate_off_control,4,4,id_reference,50064,36,5.8872730646185998,1.1141238127642952,1,1
safety,A6c_gate_off_control,4,4,id_reference,50065,250,5.944043917651098,1.1248672857678776,1,1
safety,A6c_gate_off_control,4,4,id_reference,50066,93,7.8197934836245375,1.4798393136143024,1,1
safety,A6c_gate_off_control,4,4,id_reference,50067,250,6.291458279354976,1.1906129389798497,1,1
safety,A6c_gate_off_control,4,4,id_reference,50068,250,5.8439994734650771,1.1059345988720923,1,1
safety,A6c_gate_off_control,4,4,id_reference,50069,250,5.1460745229945513,0.97385735388839478,1,1
safety,A6c_gate_off_control,4,4,id_reference,50070,250,5.1079419836337241,0.96664104683472807,1,1
safety,A6c_gate_off_control,4,4,id_reference,50071,34,6.0323084539659071,1.1415707103672763,1,1
safety,A6c_gate_off_control,4,4,id_reference,50072,250,2.0834749135994759,0.3942825462757073,1,1
safety,A6c_gate_off_control,4,4,id_reference,50073,111,3.94546109345672,0.74664995292518477,1,1
safety,A6c_gate_off_control,4,4,id_reference,50074,250,6.1750341383186411,1.1685805130187119,1,1
safety,A6c_gate_off_control,4,4,id_reference,50075,250,5.8941573299515362,1.1154266101471626,1,1
safety,A6c_gate_off_control,4,4,id_reference,50076,250,4.5381035598176425,0.85880324987283396,1,1
safety,A6c_gate_off_control,4,4,id_reference,50077,250,5.257262154547119,0.99489880833392663,1,1
safety,A6c_gate_off_control,4,4,id_reference,50078,83,6.2209064572958912,1.1772615173408012,1,1
safety,A6c_gate_off_control,4,4,id_reference,50079,134,7.7435845598702446,1.4654173264280672,1,1
safety,A6c_gate_off_control,4,4,id_reference,50080,97,3.8248094153910048,0.72381749618204005,1,1
safety,A6c_gate_off_control,4,4,id_reference,50081,250,4.0118720081469137,0.75921773781840951,1,1
safety,A6c_gate_off_control,4,4,id_reference,50082,75,6.1121223623801368,1.1566749148059134,1,1
safety,A6c_gate_off_control,4,4,id_reference,50083,250,2.8480850407584453,0.53897947825056736,1,1
safety,A6c_gate_off_control,4,4,id_reference,50084,37,5.8971397493173079,1.1159910114240501,1,1
safety,A6c_gate_off_control,4,4,id_reference,50085,250,2.5975422127221357,0.49156606158570848,1,1
safety,A6c_gate_off_control,4,4,id_reference,50086,250,5.6043817315460505,1.0605886756742711,1,1
safety,A6c_gate_off_control,4,4,id_reference,50087,54,4.9954111904787828,0.94534540877835138,1,1
safety,A6c_gate_off_control,4,4,id_reference,50088,250,3.8925247777014027,0.73663213834521335,1,1
safety,A6c_gate_off_control,4,4,id_reference,50089,250,4.9119503398495521,0.92955104692372359,1,1
safety,A6c_gate_off_control,4,4,id_reference,50090,250,9.7421047032775405,1.8436227973855164,1,1
safety,A6c_gate_off_control,4,4,id_reference,50091,250,2.2871021331824264,0.432817523636919,1,1
safety,A6c_gate_off_control,4,4,id_reference,50092,250,5.2889008558048731,1.0008862035318904,1,1
safety,A6c_gate_off_control,4,4,id_reference,50093,250,5.1209295319863131,0.96909884635077359,1,1
safety,A6c_gate_off_control,4,4,id_reference,50094,250,5.2618314324683784,0.99576351110604833,1,1
safety,A6c_gate_off_control,4,4,id_reference,50095,51,5.524773620542839,1.0455234169060152,1,1
safety,A6c_gate_off_control,4,4,id_reference,50096,93,5.4583455734310116,1.0329523898260085,1,1
safety,A6c_gate_off_control,4,4,id_reference,50097,250,5.0139695116986118,0.94885743673577716,1,1
safety,A6c_gate_off_control,4,4,id_reference,50098,250,5.5883522445221292,1.0575552112835882,1,1
safety,A6c_gate_off_control,4,4,id_reference,50099,250,6.2594753567411257,1.1845604023818725,1,1
safety,A4c,4,4,ood_compound,50000,250,7.7450847794468025,1.4657012321236709,0.41959850456433351,0.28758224523690029
safety,A4c,4,4,ood_compound,50001,250,1.8186259459835918,0.34416179624964882,0.68783052275007661,0.3280913885400582
safety,A4c,4,4,ood_compound,50002,250,6.2463215333879711,1.182071136525543,0.46040023371646943,0.38280288153388203
safety,A4c,4,4,ood_compound,50003,250,11.143729210224052,2.1088700897402641,0.37319070118842662,0.1820246988946343
safety,A4c,4,4,ood_compound,50004,250,11.403191274683419,2.1579714073367655,0.33683989729282598,0.29570676358758563
safety,A4c,4,4,ood_compound,50005,250,5.3092403458299389,1.0047353047928111,0.4763657470453489,0.201074122924149
safety,A4c,4,4,ood_compound,50006,250,5.2876465202152882,1.0006488296010034,0.49359393607020308,0.39992582623150003
safety,A4c,4,4,ood_compound,50007,250,6.2921308527545108,1.1907402186273246,0.41505439074940509,0.23263961057344734
safety,A4c,4,4,ood_compound,50008,250,4.6840610586532296,0.88642465002183135,0.51701676903279192,0.35061769278554877
safety,A4c,4,4,ood_compound,50009,250,10.083697643659841,1.9082667887504303,0.3455001426358863,0.25378728071975426
safety,A4c,4,4,ood_compound,50010,250,8.1766519718879316,1.5473721994168521,0.38892040493324814,0.26155278700363499
safety,A4c,4,4,ood_compound,50011,250,3.8643627849034328,0.73130268505729334,0.56093434275151766,0.2838837044554568
safety,A4c,4,4,ood_compound,50012,111,8.0307303588157879,1.5197575903888292,0.40841889808288884,0.29748074411914804
safety,A4c,4,4,ood_compound,50013,250,6.8003781079171404,1.2869223327459705,0.43225456689674063,0.26901413366349014
safety,A4c,4,4,ood_compound,50014,250,3.0790671884316079,0.58269117774565116,0.5844481268945817,0.32060334596557316
safety,A4c,4,4,ood_compound,50015,250,10.027592208384139,1.8976492412407302,0.34858969333686096,0.22079458599047042
safety,A4c,4,4,ood_compound,50016,250,10.385667335084303,1.9654123670608659,0.34746575876988706,0.29068510218592164
safety,A4c,4,4,ood_compound,50017,250,4.4324314380570469,0.83880556573170695,0.52493593120182613,0.31710596614312886
safety,A4c,4,4,ood_compound,50018,250,4.3663348595901539,0.82629726669343562,0.54709443565427907,0.3777831999320384
safety,A4c,4,4,ood_compound,50019,250,8.4167914269418027,1.5928168530490496,0.36724372138539718,0.22461632660550268
safety,A4c,4,4,ood_compound,50020,250,6.5248430290890731,1.2347793135238574,0.43307630297138089,0.29156836315612683
safety,A4c,4,4,ood_compound,50021,250,7.0706374300513364,1.3380669532020544,0.42959021876884046,0.28035276762411077
safety,A4c,4,4,ood_compound,50022,250,9.4539830037312029,1.789097851300059,0.35664605865978283,0.22235358397587127
safety,A4c,4,4,ood_compound,50023,250,2.1068294851941216,0.39870222989916249,0.65958335806487434,0.35223695683269407
safety,A4c,4,4,ood_compound,50024,250,4.8898199974234364,0.92536303980889467,0.5219602885547695,0.40526877854801935
safety,A4c,4,4,ood_compound,50025,250,3.244468106848716,0.61399210431028695,0.58074236414790048,0.32107607596465831
safety,A4c,4,4,ood_compound,50026,250,2.4493108032630238,0.46351434031079086,0.64207435496558418,0.31257016355071809
safety,A4c,4,4,ood_compound,50027,250,5.2040431506273208,0.98482749706505057,0.50837288413806625,0.32472529743051554
safety,A4c,4,4,ood_compound,50028,250,9.3245454525288753,1.7646027316618886,0.35375010873837037,0.23294661117159099
safety,A4c,4,4,ood_compound,50029,250,6.6850854296488613,1.2651040279236541,0.4018525976028452,0.23691216755836131
safety,A4c,4,4,ood_compound,50030,91,4.8051763759139794,0.90934484712660846,0.54892084549160802,0.34208821477489093
safety,A4c,4,4,ood_compound,50031,250,2.4642982548350369,0.46635060703491865,0.64500754556932682,0.32465357850425713
safety,A4c,4,4,ood_compound,50032,250,9.3967941323926993,1.7782752713578684,0.36055759445346369,0.22284025515557396
safety,A4c,4,4,ood_compound,50033,250,5.7665784443546171,1.0912832295209631,0.47712088547929193,0.34129744304246978
safety,A4c,4,4,ood_compound,50034,250,6.9744006885305287,1.3198548464738062,0.44069548040856238,0.39696402600359121
safety,A4c,4,4,ood_compound,50035,250,5.7566740874013931,1.0894089016597295,0.49139588395131512,0.35348012514075755
safety,A4c,4,4,ood_compound,50036,250,7.71147335063411,1.4593405125154189,0.42524847118632902,0.38110084084691925
safety,A4c,4,4,ood_compound,50037,250,11.005511312796905,2.0827133531351185,0.33566812435793453,0.30192741656003835
safety,A4c,4,4,ood_compound,50038,250,2.7445106916616484,0.51937878240144775,0.59026751907124431,0.31185450241370921
safety,A4c,4,4,ood_compound,50039,250,5.9626648585070257,1.1283911640381661,0.46931358818861102,0.41306189016985412
safety,A4c,4,4,ood_compound,50040,250,3.3269008555099528,0.62959190530933362,0.58414556030151565,0.32294478460858406
safety,A4c,4,4,ood_compound,50041,250,8.6327675013957048,1.633688761808056,0.37895754086787781,0.26385594737557011
safety,A4c,4,4,ood_compound,50042,250,5.4136056496612941,1.0244856831001619,0.49978686770802055,0.35865394976035486
safety,A4c,4,4,ood_compound,50043,250,5.0142487153974038,0.94891027401477235,0.51017551767082159,0.45738454388124372
safety,A4c,4,4,ood_compound,50044,250,9.547798225717635,1.8068517029844677,0.35840982869299809,0.25569400129388525
safety,A4c,4,4,ood_compound,50045,250,10.91004792057765,2.0646475971643414,0.32896951956561682,0.21268128591700591
safety,A4c,4,4,ood_compound,50046,250,9.3293305766410981,1.765508281763259,0.35527510331949497,0.2511838206128989
safety,A4c,4,4,ood_compound,50047,250,6.1383613759471647,1.1616404581937614,0.46832696188062811,0.403673129727459
safety,A4c,4,4,ood_compound,50048,250,3.524755484200655,0.66703446162878122,0.57727293691121995,0.36999573237636424
safety,A4c,4,4,ood_compound,50049,250,8.3296129985616894,1.5763189665145574,0.3767589626176101,0.23570936377243634
safety,A4c,4,4,ood_compound,50050,250,3.6311601444374739,0.68717077337409249,0.5487327833038752,0.32656246295405006
safety,A4c,4,4,ood_compound,50051,250,4.3155451009978263,0.81668567251881963,0.54126721802400035,0.19364658943288429
safety,A4c,4,4,ood_compound,50052,250,5.9666365815623053,1.1291427838772705,0.47865073649048512,0.27709754910023165
safety,A4c,4,4,ood_compound,50053,250,9.9523267251889287,1.8834057933512569,0.35683870821973301,0.2824201864854351
safety,A4c,4,4,ood_compound,50054,250,3.8425133614526827,0.72716783982513522,0.55432017488131136,0.3328750924405719
safety,A4c,4,4,ood_compound,50055,250,10.614516814882176,2.0087204745977547,0.3362377272613965,0.2182633429957152
safety,A4c,4,4,ood_compound,50056,250,4.8819596161849041,0.92387551955645641,0.52586248414690007,0.48025286292831376
safety,A4c,4,4,ood_compound,50057,250,6.4065230495705867,1.2123881138528991,0.4497206220232981,0.30657777719550378
safety,A4c,4,4,ood_compound,50058,250,9.932554640028906,1.8796640693539157,0.34454317524628814,0.23433322157317954
safety,A4c,4,4,ood_compound,50059,250,6.0429769595168228,1.1435896478193737,0.4773366886462489,0.33339803768752463
safety,A4c,4,4,ood_compound,50060,250,6.3743078367531787,1.2062916180153191,0.4141470085973416,0.23479417425960661
safety,A4c,4,4,ood_compound,50061,250,5.2552910086085127,0.99452578323308105,0.50072213872795268,0.39185021741249132
safety,A4c,4,4,ood_compound,50062,250,4.2202274464845146,0.79864749635397736,0.52753245245948077,0.2874637780273368
safety,A4c,4,4,ood_compound,50063,250,6.0341419912216026,1.1419176940209541,0.45447265433538192,0.26039588508165329
safety,A4c,4,4,ood_compound,50064,250,9.3590158190087998,1.7711259990062893,0.39005473524361245,0.32286069851924831
safety,A4c,4,4,ood_compound,50065,250,5.6344844945507866,1.066285405675659,0.48491414674226269,0.43182905207185285
safety,A4c,4,4,ood_compound,50066,250,9.8861647559304053,1.8708851195789975,0.34545930785972523,0.24213913696531497
safety,A4c,4,4,ood_compound,50067,250,6.6632245652069795,1.2609670175667391,0.4480253215598059,0.40608302249463801
safety,A4c,4,4,ood_compound,50068,250,5.9976230174741296,1.1350067425799053,0.47624247227822591,0.45622899889351842
safety,A4c,4,4,ood_compound,50069,250,7.6196414102332328,1.4419619825151977,0.39387959948397511,0.24811197697497897
safety,A4c,4,4,ood_compound,50070,250,9.1272296820240175,1.7272621503536156,0.39509325645477988,0.27692097948908384
safety,A4c,4,4,ood_compound,50071,250,9.1550426099147959,1.7325255456345374,0.38015175846782379,0.33488260684583548
safety,A4c,4,4,ood_compound,50072,250,3.216944716657149,0.60878350194313735,0.60219664403063544,0.21969642749483173
safety,A4c,4,4,ood_compound,50073,250,2.9410907796208718,0.55658014111315879,0.58248566985915917,0.3533727829650028
safety,A4c,4,4,ood_compound,50074,250,6.2720704115844859,1.1869439253423402,0.46517787263488208,0.42136945479057936
safety,A4c,4,4,ood_compound,50075,250,5.6971261240057576,1.0781398806218898,0.48754433683633541,0.34358286599130727
safety,A4c,4,4,ood_compound,50076,250,4.7691257779900678,0.90252253241985503,0.53595670389804151,0.30828168790974775
safety,A4c,4,4,ood_compound,50077,250,4.5370256405644724,0.85859926145663301,0.53014591239061148,0.37193100602388773
safety,A4c,4,4,ood_compound,50078,250,7.1454993060575482,1.352234021352499,0.42857162733561788,0.34625271134398816
safety,A4c,4,4,ood_compound,50079,250,5.7639556210484209,1.0907868791954334,0.49041016086597805,0.26776639790840873
safety,A4c,4,4,ood_compound,50080,250,3.229491231326858,0.61115783902709675,0.57199121435205535,0.31437920421315435
safety,A4c,4,4,ood_compound,50081,250,3.1265177283986167,0.59167084896618316,0.59691031476702006,0.37868609282890431
safety,A4c,4,4,ood_compound,50082,250,9.6476643644673654,1.8257506468670894,0.36259941042764715,0.28777672149746958
safety,A4c,4,4,ood_compound,50083,250,3.1697658338070589,0.59985523986560663,0.59821038258624992,0.36433324167164816
safety,A4c,4,4,ood_compound,50084,250,5.7275004459359113,1.0838880011842482,0.47299675156419341,0.40319132354935588
safety,A4c,4,4,ood_compound,50085,250,3.0031774281549795,0.56832958993731619,0.61998630363450458,0.37828392330340938
safety,A4c,4,4,ood_compound,50086,250,5.1317533050999122,0.97114716706521287,0.51091756217226891,0.36184898614163813
safety,A4c,4,4,ood_compound,50087,250,5.5658715160520016,1.0533008961461807,0.48468041075405538,0.41518879722170959
safety,A4c,4,4,ood_compound,50088,250,4.7554388313218974,0.89993237683514349,0.50691796821271606,0.32241621035457524
safety,A4c,4,4,ood_compound,50089,250,3.3555795252083165,0.6350191359607148,0.59690720714367052,0.3488664814275329
safety,A4c,4,4,ood_compound,50090,250,10.91276969711085,2.0651626736718138,0.3245596226049296,0.23171538335576652
safety,A4c,4,4,ood_compound,50091,250,3.6687214561867805,0.69427897973707986,0.55859568317569175,0.20298333686417536
safety,A4c,4,4,ood_compound,50092,250,4.0418634586409343,0.76489340273287443,0.54721446611472502,0.37572602009388723
safety,A4c,4,4,ood_compound,50093,250,4.8872473702943982,0.92487618874654953,0.53602253371700503,0.28536918538535844
safety,A4c,4,4,ood_compound,50094,250,6.3940970285416618,1.2100365793182712,0.46034247123023631,0.38890562659048505
safety,A4c,4,4,ood_compound,50095,250,10.112926280825441,1.9137980967640755,0.36205403943892134,0.32686190319207059
safety,A4c,4,4,ood_compound,50096,250,6.1673887079715124,1.1671336706665612,0.44430664090935545,0.25010693694152447
safety,A4c,4,4,ood_compound,50097,250,3.1221864240514909,0.59085118097040701,0.6015343185398746,0.27048168629003816
safety,A4c,4,4,ood_compound,50098,250,5.1560207827518951,0.97573961155199684,0.50679803403541268,0.33854955905652473
safety,A4c,4,4,ood_compound,50099,250,2.841113647341607,0.5376601925084934,0.61564272720013646,0.29440561055254183
safety,A6c,4,4,ood_compound,50000,250,8.3274018776809235,1.5759005278929541,0.40572050532944559,0.29445257631873706
safety,A6c,4,4,ood_compound,50001,250,1.9418565239091645,0.36748229112404124,0.66390915381989291,0.30355097084877097
safety,A6c,4,4,ood_compound,50002,250,4.4598621938121479,0.84399663770228472,0.53344334041062169,0.34777254681970826
safety,A6c,4,4,ood_compound,50003,61,5.2298036577972065,0.98970248658088245,0.48535326606553392,0.32673487109418792
safety,A6c,4,4,ood_compound,50004,250,11.137522039973348,2.1076954277005924,0.38246076891437447,0.22972345500999769
safety,A6c,4,4,ood_compound,50005,250,4.9023285179457208,0.92773018677547259,0.50678985616363714,0.33983226801768507
safety,A6c,4,4,ood_compound,50006,250,6.4188182927235591,1.2147148996211317,0.45288461232305133,0.39014173895923593
safety,A6c,4,4,ood_compound,50007,63,5.9303346966718715,1.1222729149310302,0.46556205648614868,0.30629414495722701
safety,A6c,4,4,ood_compound,50008,250,3.3489479128866257,0.63376415133140995,0.56581146388082337,0.31691862812727245
safety,A6c,4,4,ood_compound,50009,250,7.7405526540224017,1.4648435601926533,0.42026104739478232,0.32708391658175806
safety,A6c,4,4,ood_compound,50010,250,8.4926706586150953,1.6071764483954143,0.40829719281855287,0.36335768507132615
safety,A6c,4,4,ood_compound,50011,250,6.2104804499690784,1.1752884709223046,0.48699602539390413,0.29954181295316384
safety,A6c,4,4,ood_compound,50012,204,6.8251554051768935,1.2916112569032228,0.44918094377697232,0.37389242658882288
safety,A6c,4,4,ood_compound,50013,250,12.285728563905014,2.3249852011224506,0.30075973788421079,0.26718720757317199
safety,A6c,4,4,ood_compound,50014,250,2.6516971263031497,0.501814486983437,0.60820996139784345,0.31255869174319451
safety,A6c,4,4,ood_compound,50015,250,8.3453320499876646,1.5792936832154005,0.39933336854049267,0.33164185005171182
safety,A6c,4,4,ood_compound,50016,250,7.656848030696942,1.4490030661197997,0.41752248564108663,0.32329165329731618
safety,A6c,4,4,ood_compound,50017,250,2.9345612594389627,0.55534447668231901,0.59900609262683457,0.31111452133303452
safety,A6c,4,4,ood_compound,50018,250,7.8750951254773938,1.490304749036945,0.43571029930648403,0.25424966764373341
safety,A6c,4,4,ood_compound,50019,250,10.420004438334583,1.9719104153036751,0.35212949366525131,0.31573844966832887
safety,A6c,4,4,ood_compound,50020,250,10.055947078006678,1.9030151950715715,0.34282510788669007,0.30706634948428474
safety,A6c,4,4,ood_compound,50021,250,10.285329754244668,1.9464242061752381,0.35656216126218404,0.29100856692913707
safety,A6c,4,4,ood_compound,50022,250,9.1933590189074721,1.739776648685101,0.40620573353961426,0.34187504796061463
safety,A6c,4,4,ood_compound,50023,250,2.1741289127657817,0.41143815942375128,0.64808287589930746,0.32306790060178558
safety,A6c,4,4,ood_compound,50024,250,4.4303398253939292,0.83840974317523953,0.53787106795605377,0.32672790131374158
safety,A6c,4,4,ood_compound,50025,250,2.9911807218233069,0.56605930010157157,0.58722434359427689,0.32697329437082084
safety,A6c,4,4,ood_compound,50026,250,3.6322249930008867,0.68737228825686836,0.57840859212191698,0.28655456696644022
safety,A6c,4,4,ood_compound,50027,250,5.2275909809201391,0.98928375349824205,0.51541434643845008,0.37426230996777321
safety,A6c,4,4,ood_compound,50028,250,8.536078597931084,1.6153910867048915,0.40313489587689338,0.31629148898201942
safety,A6c,4,4,ood_compound,50029,250,7.5437904547036965,1.4276077382243637,0.43607662131305464,0.32576204985717433
safety,A6c,4,4,ood_compound,50030,250,2.0333436661353952,0.384795570565514,0.66544548953885851,0.30322527830271945
safety,A6c,4,4,ood_compound,50031,250,2.5620804926022664,0.48485518774080921,0.60906450395880984,0.34209064952561768
safety,A6c,4,4,ood_compound,50032,250,8.7829815296129823,1.6621156793318754,0.403456365106105,0.33927147938167967
safety,A6c,4,4,ood_compound,50033,250,4.9145853227410266,0.93004969836275075,0.52311237202500238,0.36369226751712463
safety,A6c,4,4,ood_compound,50034,250,6.4617942042600989,1.2228477798005586,0.462348773817507,0.29961423852252583
safety,A6c,4,4,ood_compound,50035,250,3.5729295236179706,0.67615104988327124,0.57685941356554604,0.28288827394162053
safety,A6c,4,4,ood_compound,50036,250,8.5312258233198648,1.6144727342362708,0.40237890845861229,0.30469958481519921
safety,A6c,4,4,ood_compound,50037,250,6.1595708749089688,1.165654202348446,0.45314489612789632,0.35799462313177083
safety,A6c,4,4,ood_compound,50038,250,1.8269708588248084,0.34574101060063872,0.64219295878767457,0.32738073200571377
safety,A6c,4,4,ood_compound,50039,250,9.5099521034406891,1.7996895982907106,0.36409423389775541,0.30169996731007231
safety,A6c,4,4,ood_compound,50040,250,2.5205086292568484,0.47698801351842346,0.61475738091953669,0.30334994691442546
safety,A6c,4,4,ood_compound,50041,250,7.7889405850253652,1.4740006258814842,0.42709880566591985,0.36139759498833263
safety,A6c,4,4,ood_compound,50042,250,4.4320377562433624,0.83873106429811206,0.54813359846067933,0.32305077788023323
safety,A6c,4,4,ood_compound,50043,250,7.1225935432614591,1.3478992715454921,0.42842654668560404,0.39902010527686549
safety,A6c,4,4,ood_compound,50044,250,8.4997134588448446,1.6085092473599572,0.39760331424848983,0.34005675924568518
safety,A6c,4,4,ood_compound,50045,250,3.8338979735975096,0.72553744003557308,0.52810405351661915,0.27850590219003646
safety,A6c,4,4,ood_compound,50046,250,9.2560099085387399,1.7516328760526667,0.39239539621208336,0.34443386280161381
safety,A6c,4,4,ood_compound,50047,250,6.2116071599904359,1.1755016926382156,0.47143039532424774,0.39519315269625582
safety,A6c,4,4,ood_compound,50048,250,3.4271793540897901,0.64856888530495826,0.58430182281450249,0.35832416357398555
safety,A6c,4,4,ood_compound,50049,250,6.1725276662659887,1.168106181325713,0.45829686039290191,0.35285284677117756
safety,A6c,4,4,ood_compound,50050,250,3.0044394653701865,0.56856842134510444,0.58419036848900519,0.32086116907679052
safety,A6c,4,4,ood_compound,50051,250,2.4153137009694472,0.45708063478795874,0.62394338227408774,0.34952585006558473
safety,A6c,4,4,ood_compound,50052,250,4.8293459784659793,0.91391876945918438,0.51040242618490639,0.30194034228718852
safety,A6c,4,4,ood_compound,50053,250,8.1859070370934326,1.5491236535146931,0.40644456581091071,0.33990659869244499
safety,A6c,4,4,ood_compound,50054,250,3.8413647573133476,0.72695047480587638,0.54942190254038514,0.33094249412730442
safety,A6c,4,4,ood_compound,50055,250,9.0850425833750634,1.7192785473033838,0.37998874688707118,0.31646827836606534
safety,A6c,4,4,ood_compound,50056,250,4.7638137304337898,0.90151726587080472,0.52655345782290275,0.47272397764225066
safety,A6c,4,4,ood_compound,50057,250,5.8162296841891443,1.1006793672617732,0.50096840098194673,0.400612804278345
safety,A6c,4,4,ood_compound,50058,250,9.4370782525928085,1.7858987495112653,0.37502567903788414,0.31668513631523304
safety,A6c,4,4,ood_compound,50059,250,6.1313783620320823,1.1603189733565089,0.50762328268383883,0.37633652881766072
safety,A6c,4,4,ood_compound,50060,250,8.3692482197670106,1.5838196452302116,0.39392684586780424,0.34491833525555793
safety,A6c,4,4,ood_compound,50061,250,4.3565694527351795,0.82444923413251292,0.54381127384745276,0.37138891549391151
safety,A6c,4,4,ood_compound,50062,250,4.2038280581509033,0.79554403081794678,0.54270868312203491,0.33849689334709837
safety,A6c,4,4,ood_compound,50063,250,10.646761214017641,2.014822493734763,0.38155386113500833,0.28513642663127431
safety,A6c,4,4,ood_compound,50064,250,6.8705294647910815,1.3001979692474765,0.45461219827985155,0.35759677080204771
safety,A6c,4,4,ood_compound,50065,250,5.6099692268109322,1.0616460687083609,0.48378607034193322,0.4322132188936309
safety,A6c,4,4,ood_compound,50066,250,10.284759074188088,1.9463162091053678,0.36071710611528846,0.31401207145627569
safety,A6c,4,4,ood_compound,50067,250,6.7922572568467761,1.2853855204632552,0.46800256682502628,0.35450698842964617
safety,A6c,4,4,ood_compound,50068,250,5.8504866072699668,1.1071622419878926,0.48215972767518467,0.44539097726620208
safety,A6c,4,4,ood_compound,50069,250,7.0444364484542703,1.3331086070892295,0.4511071191904204,0.32911614377509341
safety,A6c,4,4,ood_compound,50070,250,8.2545382178474789,1.5621116076892234,0.40122763701469955,0.28104429713034601
safety,A6c,4,4,ood_compound,50071,250,9.621258522797584,1.8207535324683719,0.38371489353753158,0.30851640397757024
safety,A6c,4,4,ood_compound,50072,250,3.7086244241846895,0.70183032759516017,0.58050344769598816,0.40241527644040326
safety,A6c,4,4,ood_compound,50073,250,2.1067358813006285,0.39868451603986571,0.62978018469441555,0.32225309516159095
safety,A6c,4,4,ood_compound,50074,250,5.8908056246491345,1.1147923241798248,0.48941469990343478,0.32026432257481524
safety,A6c,4,4,ood_compound,50075,250,4.8433462973796928,0.91656822847303654,0.53011093384958397,0.32581425365134936
safety,A6c,4,4,ood_compound,50076,35,4.1177335963129957,0.77925127710533226,0.55813194980552028,0.39479783822916165
safety,A6c,4,4,ood_compound,50077,250,4.5748556133277409,0.86575830997182401,0.55653925809195581,0.4038554878827238
safety,A6c,4,4,ood_compound,50078,250,6.9970486784076433,1.324140814621773,0.44145795373316571,0.28265104749950432
safety,A6c,4,4,ood_compound,50079,250,5.1871643326673986,0.98163330294256657,0.48191546210326225,0.27646841912541553
safety,A6c,4,4,ood_compound,50080,250,2.4517063347894448,0.46396767731223776,0.63770671830573311,0.34545900831627946
safety,A6c,4,4,ood_compound,50081,250,3.1455356905288339,0.59526986063881349,0.60190417618545478,0.33183577133462416
safety,A6c,4,4,ood_compound,50082,250,9.3921533089875524,1.7773970291207992,0.38182322307674438,0.35056518769640255
safety,A6c,4,4,ood_compound,50083,250,2.6726994502526615,0.50578902476667076,0.61131237521114978,0.3213128570088305
safety,A6c,4,4,ood_compound,50084,250,10.926241031623382,2.0677120262167681,0.33369381801360509,0.29249696909125289
safety,A6c,4,4,ood_compound,50085,250,3.9820310069004594,0.75357054433502768,0.55373370994556537,0.32264095817551641
safety,A6c,4,4,ood_compound,50086,250,4.8268312067755552,0.9134428671198136,0.53833084639560314,0.33525165903428245
safety,A6c,4,4,ood_compound,50087,250,5.0828716435353343,0.96189666644143901,0.51173855009541147,0.41337278319099408
safety,A6c,4,4,ood_compound,50088,250,3.7427287055824658,0.70828431598765185,0.55653601850703627,0.3052226989586696
safety,A6c,4,4,ood_compound,50089,250,3.3309549315971059,0.63035910986361199,0.59542640810192105,0.33781787391897461
safety,A6c,4,4,ood_compound,50090,250,8.9975982690918279,1.7027303437863266,0.37604027975703913,0.32304583720719859
safety,A6c,4,4,ood_compound,50091,250,4.2157541861572341,0.79780096421649793,0.54131921429651386,0.32018674824330151
safety,A6c,4,4,ood_compound,50092,250,4.5973422984347145,0.87001375235963774,0.536920659384996,0.27214495647731668
safety,A6c,4,4,ood_compound,50093,250,5.0573554591581438,0.95706791324560703,0.49976711055371065,0.29133426763173986
safety,A6c,4,4,ood_compound,50094,250,6.3562421678920451,1.2028728209507384,0.45838709296036062,0.41335708196541759
safety,A6c,4,4,ood_compound,50095,250,8.4340564031657408,1.5960841248278126,0.39997313869688972,0.32933673759226773
safety,A6c,4,4,ood_compound,50096,250,6.0310054852421722,1.1413241329677797,0.45926894746311586,0.37708741750328001
safety,A6c,4,4,ood_compound,50097,250,3.55149908256467,0.67209549403704849,0.58415946069663316,0.28746784319477542
safety,A6c,4,4,ood_compound,50098,250,5.2582333660452214,0.99508260307987939,0.52597002880453003,0.31490756908140571
safety,A6c,4,4,ood_compound,50099,250,3.3197071785419814,0.62823055401419536,0.58233701288654494,0.29816884714042341
safety,A6c_gate_off_control,4,4,ood_compound,50000,250,8.7121388502372596,1.6487092150510085,1,1
safety,A6c_gate_off_control,4,4,ood_compound,50001,250,2.1317888748756801,0.40342561372917501,1,1
safety,A6c_gate_off_control,4,4,ood_compound,50002,250,4.1071477040648006,0.77724797362278264,1,1
safety,A6c_gate_off_control,4,4,ood_compound,50003,62,5.0792435189447822,0.96121007012466497,1,1
safety,A6c_gate_off_control,4,4,ood_compound,50004,250,8.871396497840621,1.6788475720818836,1,1
safety,A6c_gate_off_control,4,4,ood_compound,50005,250,5.2236707192329845,0.98854187235055491,1,1
safety,A6c_gate_off_control,4,4,ood_compound,50006,250,6.3903403333279618,1.2093256519417181,1,1
safety,A6c_gate_off_control,4,4,ood_compound,50007,65,5.9303346966718715,1.1222729149310302,1,1
safety,A6c_gate_off_control,4,4,ood_compound,50008,250,3.3153358854841519,0.6274033184443748,1,1
safety,A6c_gate_off_control,4,4,ood_compound,50009,250,7.7461626652030535,1.4659052142008222,1,1
safety,A6c_gate_off_control,4,4,ood_compound,50010,250,7.3784158917540434,1.3963117992411713,1,1
safety,A6c_gate_off_control,4,4,ood_compound,50011,250,6.3945702211620823,1.2101261275965061,1,1
safety,A6c_gate_off_control,4,4,ood_compound,50012,250,6.166318228773692,1.1669310902269807,1,1
safety,A6c_gate_off_control,4,4,ood_compound,50013,250,12.285728563905014,2.3249852011224506,1,1
safety,A6c_gate_off_control,4,4,ood_compound,50014,250,2.7755164695138186,0.52524640142628753,1,1
safety,A6c_gate_off_control,4,4,ood_compound,50015,250,7.2655190893572632,1.374946896585115,1,1
safety,A6c_gate_off_control,4,4,ood_compound,50016,250,7.6813103449985052,1.4536323820322021,1,1
safety,A6c_gate_off_control,4,4,ood_compound,50017,250,3.0360129850370132,0.57454348139879885,1,1
safety,A6c_gate_off_control,4,4,ood_compound,50018,250,4.8980824755249941,0.92692665398210361,1,1
safety,A6c_gate_off_control,4,4,ood_compound,50019,250,10.420004438334583,1.9719104153036751,1,1
safety,A6c_gate_off_control,4,4,ood_compound,50020,250,11.354396388430164,2.1487373283125413,1,1
safety,A6c_gate_off_control,4,4,ood_compound,50021,250,10.688298553309679,2.0226831345299474,1,1
safety,A6c_gate_off_control,4,4,ood_compound,50022,250,8.4642601086225859,1.6017999574575956,1,1
safety,A6c_gate_off_control,4,4,ood_compound,50023,250,2.7557721177489216,0.52150992577322697,1,1
safety,A6c_gate_off_control,4,4,ood_compound,50024,250,4.3392014264097014,0.8211624608679563,1,1
safety,A6c_gate_off_control,4,4,ood_compound,50025,250,4.6681034994821076,0.88340479745664469,1,1
safety,A6c_gate_off_control,4,4,ood_compound,50026,250,3.5970649027310264,0.68071849567775156,1,1
safety,A6c_gate_off_control,4,4,ood_compound,50027,250,6.019226730354438,1.1390950888651703,1,1
safety,A6c_gate_off_control,4,4,ood_compound,50028,250,7.4644832881237129,1.4125994310098335,1,1
safety,A6c_gate_off_control,4,4,ood_compound,50029,250,7.5437904547036965,1.4276077382243637,1,1
safety,A6c_gate_off_control,4,4,ood_compound,50030,250,2.1078370105484123,0.39889289677954298,1,1
safety,A6c_gate_off_control,4,4,ood_compound,50031,250,2.8848398927179231,0.54593506793584612,1,1
safety,A6c_gate_off_control,4,4,ood_compound,50032,250,8.2240477908003573,1.5563415150738997,1,1
safety,A6c_gate_off_control,4,4,ood_compound,50033,250,4.8709224089245087,0.92178680797466761,1,1
safety,A6c_gate_off_control,4,4,ood_compound,50034,250,6.4028939012408461,1.211701323800894,1,1
safety,A6c_gate_off_control,4,4,ood_compound,50035,250,3.5480893605912502,0.67145022883467098,1,1
safety,A6c_gate_off_control,4,4,ood_compound,50036,250,8.378244599914753,1.5855221450533499,1,1
safety,A6c_gate_off_control,4,4,ood_compound,50037,250,6.1595708749089688,1.165654202348446,1,1
safety,A6c_gate_off_control,4,4,ood_compound,50038,250,2.1387836527275876,0.40474932480631887,1,1
safety,A6c_gate_off_control,4,4,ood_compound,50039,250,9.513270914871498,1.80031765933095,1,1
safety,A6c_gate_off_control,4,4,ood_compound,50040,250,3.0146191776229756,0.57049485820363588,1,1
safety,A6c_gate_off_control,4,4,ood_compound,50041,250,6.9308053656246447,1.3116047471763075,1,1
safety,A6c_gate_off_control,4,4,ood_compound,50042,250,4.6508795202249527,0.88014528405709125,1,1
safety,A6c_gate_off_control,4,4,ood_compound,50043,250,6.8700775953958573,1.3001124562352631,1,1
safety,A6c_gate_off_control,4,4,ood_compound,50044,250,8.4811105897814141,1.6049887890455869,1,1
safety,A6c_gate_off_control,4,4,ood_compound,50045,250,3.1717496738775757,0.60023066723903051,1,1
safety,A6c_gate_off_control,4,4,ood_compound,50046,250,9.1333201677772742,1.7284147306967603,1,1
safety,A6c_gate_off_control,4,4,ood_compound,50047,250,5.034577100110134,0.95275727367571872,1,1
safety,A6c_gate_off_control,4,4,ood_compound,50048,250,4.610347816707538,0.87247495255301322,1,1
safety,A6c_gate_off_control,4,4,ood_compound,50049,250,6.181573455764882,1.1698180315109095,1,1
safety,A6c_gate_off_control,4,4,ood_compound,50050,250,3.0195657366209927,0.57143095868860494,1,1
safety,A6c_gate_off_control,4,4,ood_compound,50051,250,2.3815806914573558,0.45069690691240111,1,1
safety,A6c_gate_off_control,4,4,ood_compound,50052,250,5.0455726564539969,0.95483810312304163,1,1
safety,A6c_gate_off_control,4,4,ood_compound,50053,250,7.1743804605954793,1.3576995707940926,1,1
safety,A6c_gate_off_control,4,4,ood_compound,50054,250,4.3793182273890725,0.82875427506995969,1,1
safety,A6c_gate_off_control,4,4,ood_compound,50055,250,8.5333920808010539,1.6148826827842455,1,1
safety,A6c_gate_off_control,4,4,ood_compound,50056,250,5.4098408216885936,1.0237732166578366,1,1
safety,A6c_gate_off_control,4,4,ood_compound,50057,250,5.6523729950591521,1.0696706749119023,1,1
safety,A6c_gate_off_control,4,4,ood_compound,50058,250,9.2560069891295029,1.7516323235756006,1,1
safety,A6c_gate_off_control,4,4,ood_compound,50059,250,6.0366608109586064,1.1423943624238386,1,1
safety,A6c_gate_off_control,4,4,ood_compound,50060,250,8.3692482197670106,1.5838196452302116,1,1
safety,A6c_gate_off_control,4,4,ood_compound,50061,250,4.7627605873593755,0.90131796616709225,1,1
safety,A6c_gate_off_control,4,4,ood_compound,50062,250,5.1841470557666867,0.98106230512950621,1,1
safety,A6c_gate_off_control,4,4,ood_compound,50063,250,10.577681531448887,2.0017496638382561,1,1
safety,A6c_gate_off_control,4,4,ood_compound,50064,250,6.8675419319954933,1.2996326002910097,1,1
safety,A6c_gate_off_control,4,4,ood_compound,50065,250,5.7637813941382827,1.090753908013822,1,1
safety,A6c_gate_off_control,4,4,ood_compound,50066,250,10.284759074188088,1.9463162091053678,1,1
safety,A6c_gate_off_control,4,4,ood_compound,50067,250,5.9529678271843487,1.1265560710517979,1,1
safety,A6c_gate_off_control,4,4,ood_compound,50068,250,6.1551003877476873,1.1648081950125584,1,1
safety,A6c_gate_off_control,4,4,ood_compound,50069,250,5.5415929153189136,1.0487063466968116,1,1
safety,A6c_gate_off_control,4,4,ood_compound,50070,250,8.592495368123501,1.6260675520939987,1,1
safety,A6c_gate_off_control,4,4,ood_compound,50071,250,9.6593097948265871,1.8279544602677402,1,1
safety,A6c_gate_off_control,4,4,ood_compound,50072,250,3.6459525270528355,0.68997012471017027,1,1
safety,A6c_gate_off_control,4,4,ood_compound,50073,250,2.2256346175280823,0.42118524122869622,1,1
safety,A6c_gate_off_control,4,4,ood_compound,50074,250,5.6596600725805573,1.0710497015857028,1,1
safety,A6c_gate_off_control,4,4,ood_compound,50075,250,4.8740363185239488,0.92237609282649169,1,1
safety,A6c_gate_off_control,4,4,ood_compound,50076,37,4.1023474798437185,0.77633956593511211,1,1
safety,A6c_gate_off_control,4,4,ood_compound,50077,250,5.5516931539342664,1.0506177437447239,1,1
safety,A6c_gate_off_control,4,4,ood_compound,50078,250,7.0914494522121938,1.3420054777492747,1,1
safety,A6c_gate_off_control,4,4,ood_compound,50079,250,5.1654045794047496,0.97751542714443362,1,1
safety,A6c_gate_off_control,4,4,ood_compound,50080,250,2.3296267060130766,0.44086499123324774,1,1
safety,A6c_gate_off_control,4,4,ood_compound,50081,250,4.1068662748721279,0.77719471518517969,1,1
safety,A6c_gate_off_control,4,4,ood_compound,50082,250,8.5844028455357524,1.624536100771564,1,1
safety,A6c_gate_off_control,4,4,ood_compound,50083,250,2.6291605080692664,0.49754959511279401,1,1
safety,A6c_gate_off_control,4,4,ood_compound,50084,250,11.108835807314083,2.1022667658136047,1,1
safety,A6c_gate_off_control,4,4,ood_compound,50085,250,4.0381224034360379,0.7641854351147781,1,1
safety,A6c_gate_off_control,4,4,ood_compound,50086,250,4.9593414618687923,0.93851947372773392,1,1
safety,A6c_gate_off_control,4,4,ood_compound,50087,250,5.1720871545460678,0.97878005611846131,1,1
safety,A6c_gate_off_control,4,4,ood_compound,50088,250,3.8655978012001917,0.73153640295185485,1,1
safety,A6c_gate_off_control,4,4,ood_compound,50089,250,4.189339213286754,0.79280212180414389,1,1
safety,A6c_gate_off_control,4,4,ood_compound,50090,250,9.2088939707864235,1.742716525879265,1,1
safety,A6c_gate_off_control,4,4,ood_compound,50091,250,4.1675426657599868,0.78867728295785999,1,1
safety,A6c_gate_off_control,4,4,ood_compound,50092,250,4.4215621608330551,0.83674863369375485,1,1
safety,A6c_gate_off_control,4,4,ood_compound,50093,250,5.0434537818773171,0.95443712144676651,1,1
safety,A6c_gate_off_control,4,4,ood_compound,50094,250,5.4083233697496329,1.0234860498623839,1,1
safety,A6c_gate_off_control,4,4,ood_compound,50095,250,8.5851954091447773,1.6246860876976423,1,1
safety,A6c_gate_off_control,4,4,ood_compound,50096,250,5.6298239450352732,1.0654034304149893,1,1
safety,A6c_gate_off_control,4,4,ood_compound,50097,250,3.5357607044056789,0.6691171198918775,1,1
safety,A6c_gate_off_control,4,4,ood_compound,50098,250,4.5826502341954498,0.867233385550087,1,1
safety,A6c_gate_off_control,4,4,ood_compound,50099,250,3.5487975828905975,0.67158425477839279,1,1
safety,A4c,4,4,motor_fault,50000,250,8.2689963401695863,1.5648477026843284,0.41935611293479075,0.30402527563700926
safety,A4c,4,4,motor_fault,50001,87,4.7534982606972065,0.89956513789113857,0.55836907844527106,0.31952609099428875
safety,A4c,4,4,motor_fault,50002,250,6.1352127195816006,1.1610445977679609,0.4729561357545547,0.44243150368778866
safety,A4c,4,4,motor_fault,50003,250,6.4031670094028224,1.2117530075436689,0.43507977234501571,0.22971535248232619
safety,A4c,4,4,motor_fault,50004,250,10.573932923383929,2.0010402668960641,0.34297223159165841,0.31548192746486248
safety,A4c,4,4,motor_fault,50005,250,4.0416980012803219,0.76486209112503289,0.55593810468256766,0.19281015534193929
safety,A4c,4,4,motor_fault,50006,250,6.9990466395583502,1.3245189143074083,0.44124683826434397,0.39992582623150003
safety,A4c,4,4,motor_fault,50007,250,8.8555642644224548,1.6758514365082802,0.37004951584891616,0.23956306064852348
safety,A4c,4,4,motor_fault,50008,250,4.0779750861849253,0.77172726685346826,0.55179738243255705,0.29328674504300567
safety,A4c,4,4,motor_fault,50009,250,10.548814464275722,1.9962867803284738,0.33517494808802212,0.2613381312877433
safety,A4c,4,4,motor_fault,50010,250,8.5333343868502887,1.6148717646216779,0.38363648928605765,0.29175059346258225
safety,A4c,4,4,motor_fault,50011,250,5.2900722143964583,1.0011078746665307,0.52867655905772992,0.29105211044056339
safety,A4c,4,4,motor_fault,50012,250,6.4482337064643556,1.2202815537496605,0.44105279412781051,0.33613596370889365
safety,A4c,4,4,motor_fault,50013,250,7.6267547838737606,1.4433081369868885,0.40719520027732914,0.28177480925464454
safety,A4c,4,4,motor_fault,50014,250,2.9444457991924411,0.55721505428194651,0.59322667662576611,0.31150471207508801
safety,A4c,4,4,motor_fault,50015,250,10.907219948177374,2.064112423857718,0.32968146597950454,0.23413887885628634
safety,A4c,4,4,motor_fault,50016,250,10.991372749341894,2.0800377323425017,0.33294111430486523,0.30244649028604764
safety,A4c,4,4,motor_fault,50017,250,4.0796237954742587,0.77203927315237952,0.55678258320491869,0.32551596881318023
safety,A4c,4,4,motor_fault,50018,86,4.1377545446619219,0.78304009665979057,0.5808162847129027,0.38497213044279505
safety,A4c,4,4,motor_fault,50019,250,9.6455908142781688,1.8253582425030674,0.34975988264524122,0.22052647717025453
safety,A4c,4,4,motor_fault,50020,250,7.692378094336954,1.4557268734811852,0.446846358608391,0.30589395376147732
safety,A4c,4,4,motor_fault,50021,250,7.0199082294735753,1.3284668191933491,0.4584320728056987,0.35951537060408312
safety,A4c,4,4,motor_fault,50022,250,9.7708511183314144,1.8490628483550566,0.35125431776149491,0.23929413187528217
safety,A4c,4,4,motor_fault,50023,79,3.7680586972205381,0.71307783355535193,0.60042827492751649,0.33996073322589954
safety,A4c,4,4,motor_fault,50024,250,3.0777393623900098,0.58243989627867732,0.62546960768657145,0.50419119469384377
safety,A4c,4,4,motor_fault,50025,83,4.2300651766657031,0.80050921558087762,0.57961965648298708,0.31725336279837962
safety,A4c,4,4,motor_fault,50026,250,2.1047641564317026,0.3983113813806477,0.67446166536049124,0.39099187988642248
safety,A4c,4,4,motor_fault,50027,36,4.616876468424568,0.87371045263316094,0.54063808190847729,0.43599048946512553
safety,A4c,4,4,motor_fault,50028,250,8.7766711039945111,1.6609214769612619,0.36485829710469442,0.25168152687126322
safety,A4c,4,4,motor_fault,50029,250,8.459045093343974,1.6008130535647307,0.38243012257593823,0.24072547386158427
safety,A4c,4,4,motor_fault,50030,80,4.6435510122864248,0.87875841697674206,0.55797845925354073,0.33358090830265769
safety,A4c,4,4,motor_fault,50031,66,3.7356340012587435,0.70694169454902944,0.60028682761457419,0.30062117610740147
safety,A4c,4,4,motor_fault,50032,250,9.4915320652957345,1.79620373940425,0.35774871211914466,0.2557902524533231
safety,A4c,4,4,motor_fault,50033,250,4.7022484238550248,0.88986647723798973,0.5169954402528244,0.38544265825733992
safety,A4c,4,4,motor_fault,50034,250,6.2775278085888679,1.1879766982223396,0.46894597846276476,0.44285871382433339
safety,A4c,4,4,motor_fault,50035,250,3.0633813930011669,0.579722754501241,0.59889502383920812,0.42351729094062063
safety,A4c,4,4,motor_fault,50036,250,11.688970087303481,2.2120529790302883,0.34455140347982205,0.30206626095576161
safety,A4c,4,4,motor_fault,50037,250,10.677393115383225,2.0206193593408019,0.34327050070263498,0.32638799672727281
safety,A4c,4,4,motor_fault,50038,250,2.6376872030386682,0.49916321041572265,0.61223650406488406,0.31737300411215547
safety,A4c,4,4,motor_fault,50039,116,6.1025968498315635,1.154872280506015,0.47624083252196608,0.44494387228995053
safety,A4c,4,4,motor_fault,50040,250,4.1326490297751501,0.78207391492346856,0.56397364063867494,0.38404022323947401
safety,A4c,4,4,motor_fault,50041,250,7.8986274865743074,1.4947580780367844,0.40261545595879705,0.33207209909107532
safety,A4c,4,4,motor_fault,50042,250,6.181051627349297,1.1697192792604874,0.47456023765843902,0.44343486648707736
safety,A4c,4,4,motor_fault,50043,33,4.7370716387823384,0.89645651859698394,0.53786185012326126,0.47574941357730466
safety,A4c,4,4,motor_fault,50044,250,9.5107912032249935,1.7998483918511108,0.36252091462695374,0.31916983751557748
safety,A4c,4,4,motor_fault,50045,250,10.747980161639617,2.0339774469042222,0.33072044332457406,0.21961949632857741
safety,A4c,4,4,motor_fault,50046,250,9.3818802180376171,1.7754529210197496,0.36125329768399239,0.28414814571057051
safety,A4c,4,4,motor_fault,50047,250,6.5239898982680185,1.2346178646913151,0.42219220325299328,0.30928820625118997
safety,A4c,4,4,motor_fault,50048,250,2.8981095130210051,0.54844624752675952,0.62344445585333086,0.41425565836154976
safety,A4c,4,4,motor_fault,50049,250,8.6953092047972937,1.6455243264719936,0.3782108671901494,0.22719228117219634
safety,A4c,4,4,motor_fault,50050,250,4.2027263685536376,0.79533554403618612,0.52389571590826245,0.30004062089487299
safety,A4c,4,4,motor_fault,50051,250,4.6725043577624259,0.88423762803081496,0.5113360190188373,0.1831197667045053
safety,A4c,4,4,motor_fault,50052,250,2.6065380163134426,0.49326845229971472,0.60875466098284114,0.30408974535259897
safety,A4c,4,4,motor_fault,50053,250,10.339447947026098,1.9566656824274471,0.35273267474342607,0.33313154611760509
safety,A4c,4,4,motor_fault,50054,250,4.0529689206954487,0.76699503104039135,0.53890090239778099,0.32172298365499769
safety,A4c,4,4,motor_fault,50055,250,11.309755435359573,2.14028935107511,0.32408748664149312,0.24709765780842294
safety,A4c,4,4,motor_fault,50056,35,3.9806159580333342,0.7533027565796806,0.5837555967439042,0.52754407442414197
safety,A4c,4,4,motor_fault,50057,250,7.2724193393889074,1.3762527189565088,0.43944550945324368,0.32530768631530843
safety,A4c,4,4,motor_fault,50058,250,10.219536269810996,1.933973265488824,0.34241528117230768,0.23626773984023713
safety,A4c,4,4,motor_fault,50059,250,5.5994692519681859,1.0596590244728838,0.48866139530529434,0.43383851549912078
safety,A4c,4,4,motor_fault,50060,250,7.4502641959607265,1.409908570742135,0.4012005468976283,0.21717377744519345
safety,A4c,4,4,motor_fault,50061,250,6.9978001013737314,1.3242830159789698,0.4436891356834326,0.30296897561346864
safety,A4c,4,4,motor_fault,50062,250,5.9623727593346327,1.1283358863841351,0.48818987562063265,0.28881225633065999
safety,A4c,4,4,motor_fault,50063,250,8.7422789017350357,1.6544130016297938,0.41634359249114616,0.30937509100493021
safety,A4c,4,4,motor_fault,50064,250,7.9967406952320337,1.5133252925879863,0.40076601672632028,0.37514927397361275
safety,A4c,4,4,motor_fault,50065,250,5.4146382439654701,1.0246810940978479,0.50376877579749468,0.45756401375251221
safety,A4c,4,4,motor_fault,50066,250,10.186318544414135,1.9276870514022166,0.34262388837912811,0.2334723012038632
safety,A4c,4,4,motor_fault,50067,250,6.0214177390479904,1.1395097214009247,0.4776387529218431,0.45619231478445155
safety,A4c,4,4,motor_fault,50068,250,5.8024366092209689,1.0980691276644898,0.48940682711738204,0.476614843998316
safety,A4c,4,4,motor_fault,50069,250,7.1397103708327982,1.3511385072641167,0.41656726567171437,0.291820302990138
safety,A4c,4,4,motor_fault,50070,250,7.1563978547207654,1.3542964927984447,0.44462505642583955,0.30586480293334894
safety,A4c,4,4,motor_fault,50071,250,6.7308244402875808,1.2737598046076217,0.44240355280913951,0.40303193028949497
safety,A4c,4,4,motor_fault,50072,250,3.1522168870535685,0.59653422871963169,0.60432633982799466,0.21681315857809733
safety,A4c,4,4,motor_fault,50073,250,3.3083403317965141,0.62607946054593477,0.58646786130482442,0.34913932329652481
safety,A4c,4,4,motor_fault,50074,250,6.9898744279761331,1.3227831396580423,0.47753493986017242,0.4234925391586653
safety,A4c,4,4,motor_fault,50075,250,7.0979001161599884,1.3432262192086051,0.45800041913633449,0.30399773419361859
safety,A4c,4,4,motor_fault,50076,250,4.029460596776663,0.76254625090252082,0.56723800576637751,0.36166623212595339
safety,A4c,4,4,motor_fault,50077,250,5.1379019313906999,0.97231075008423817,0.51117298268605937,0.44601989480363874
safety,A4c,4,4,motor_fault,50078,250,5.9759991538627659,1.1309145829146481,0.46801949446149793,0.41963831520496292
safety,A4c,4,4,motor_fault,50079,250,3.0897973779624266,0.58472178844444911,0.59259285634847148,0.29502282359430759
safety,A4c,4,4,motor_fault,50080,250,3.2109598739619738,0.6076509137840429,0.58150561784125177,0.31473834091864944
safety,A4c,4,4,motor_fault,50081,63,4.0810760889741227,0.77231410918487908,0.57395134686692617,0.3906496504579513
safety,A4c,4,4,motor_fault,50082,250,8.3423982254454749,1.578738478157125,0.39740526096905082,0.38666739125443539
safety,A4c,4,4,motor_fault,50083,250,2.1372207139589752,0.40445354995760857,0.69950477084659601,0.25944208033012944
safety,A4c,4,4,motor_fault,50084,250,6.108099999258898,1.1559137117008818,0.46698235017837875,0.42837344570045016
safety,A4c,4,4,motor_fault,50085,250,3.3749168746568636,0.63867858937147082,0.60078583927061657,0.36399415053465428
safety,A4c,4,4,motor_fault,50086,250,5.3602850785110245,1.0143951509681082,0.47685928029987623,0.24418970287718875
safety,A4c,4,4,motor_fault,50087,250,5.5150391032499488,1.0436812299711244,0.49198628220271823,0.41601327208493372
safety,A4c,4,4,motor_fault,50088,250,4.0400692863339653,0.76455386861080188,0.56226647043286349,0.2896277324715496
safety,A4c,4,4,motor_fault,50089,250,3.7411616911426138,0.70798776984766099,0.58129390011158011,0.41215104495051114
safety,A4c,4,4,motor_fault,50090,250,11.142775706032246,2.1086896459738549,0.32229088252128352,0.24977046228914274
safety,A4c,4,4,motor_fault,50091,136,3.9239751171432764,0.74258388743296899,0.54398580403882502,0.1928215362519323
safety,A4c,4,4,motor_fault,50092,250,5.2633800134874855,0.99605656885459248,0.52882650010724408,0.250760143931538
safety,A4c,4,4,motor_fault,50093,250,4.3652945049890919,0.82610038711573641,0.56639008855829209,0.34563776956437842
safety,A4c,4,4,motor_fault,50094,250,5.462750997988441,1.0337860845350693,0.47935959057803884,0.37963925210622795
safety,A4c,4,4,motor_fault,50095,250,10.524937619074869,1.991768260205494,0.35421424171354671,0.32653502577601956
safety,A4c,4,4,motor_fault,50096,250,7.7964337128485379,1.47541864608341,0.40017148022627208,0.27483849018594519
safety,A4c,4,4,motor_fault,50097,250,3.2236001765362254,0.61004299955005814,0.5992589572517083,0.24093244701057115
safety,A4c,4,4,motor_fault,50098,86,6.4956491672388363,1.2292545864869253,0.41926930933648449,0.22409837136572694
safety,A4c,4,4,motor_fault,50099,250,3.4410449379851102,0.65119284669185185,0.57290079273522843,0.2303725731860975
safety,A6c,4,4,motor_fault,50000,250,8.4263712803635507,1.594629770965853,0.40727485022371263,0.29714836625483027
safety,A6c,4,4,motor_fault,50001,250,1.7036875665271274,0.32241053991289503,0.69082353822885068,0.29343363960855168
safety,A6c,4,4,motor_fault,50002,250,5.6651636274566179,1.0720912095088064,0.49785497630121278,0.23632843167396389
safety,A6c,4,4,motor_fault,50003,250,6.4475996174638475,1.2201615569961339,0.45231488212666021,0.37564377850646091
safety,A6c,4,4,motor_fault,50004,250,7.6640776657701384,1.450371222226071,0.42468379524134103,0.39415916168042531
safety,A6c,4,4,motor_fault,50005,93,4.7538467113266449,0.89963107965051836,0.51498145310698085,0.29570260128634002
safety,A6c,4,4,motor_fault,50006,250,6.1444022844223145,1.1627836563958869,0.46872151243616633,0.41707996981475548
safety,A6c,4,4,motor_fault,50007,250,9.1212098202062624,1.7261229350790568,0.37945739982068943,0.30120111660709509
safety,A6c,4,4,motor_fault,50008,250,4.6388749797747142,0.87787351167111494,0.52948686173667803,0.32569566723626353
safety,A6c,4,4,motor_fault,50009,250,4.7200236082086926,0.89323030221218935,0.51853937237718961,0.24984445370354266
safety,A6c,4,4,motor_fault,50010,250,9.207089599927734,1.742375061755101,0.38492467518896839,0.34715677104462395
safety,A6c,4,4,motor_fault,50011,250,5.4977240189679257,1.0404044756050737,0.49835358507304095,0.32665667512055724
safety,A6c,4,4,motor_fault,50012,250,6.6224550114227867,1.25325167462134,0.45081447522650503,0.40468917334152665
safety,A6c,4,4,motor_fault,50013,250,7.2927604898769891,1.380102134448036,0.44320923066077106,0.22563752889059865
safety,A6c,4,4,motor_fault,50014,250,2.5184306941920465,0.47659477934843281,0.61387686417641552,0.29433207830188735
safety,A6c,4,4,motor_fault,50015,250,10.790891333614216,2.0420980755901654,0.38628774784244535,0.31161095149751905
safety,A6c,4,4,motor_fault,50016,250,4.0011300087705592,0.75718489219182894,0.53754600989423007,0.21796468939238217
safety,A6c,4,4,motor_fault,50017,250,5.5239822431673087,1.0453736544660395,0.52324679260007734,0.369162940402187
safety,A6c,4,4,motor_fault,50018,57,7.8081182790771519,1.4776298656640603,0.41492884910356076,0.19086166116621417
safety,A6c,4,4,motor_fault,50019,250,3.6043165682844496,0.68209082089293915,0.57230807762207125,0.20330917873301219
safety,A6c,4,4,motor_fault,50020,250,7.4039831979889144,1.4011502268785263,0.42102411650772004,0.36822555538233442
safety,A6c,4,4,motor_fault,50021,250,7.3936971241420464,1.3992036618582082,0.4415986580344391,0.34521244232207016
safety,A6c,4,4,motor_fault,50022,250,9.8888313380915136,1.8713897509510733,0.3737592744123841,0.33242846661575814
safety,A6c,4,4,motor_fault,50023,250,2.5084544109369751,0.47470683995520935,0.63447968712577241,0.31944251433048282
safety,A6c,4,4,motor_fault,50024,250,3.4133693201933726,0.64595543635326136,0.60266330516943412,0.51629100763434288
safety,A6c,4,4,motor_fault,50025,250,1.8617053673433803,0.35231426491387524,0.65950514893567769,0.29634687998953951
safety,A6c,4,4,motor_fault,50026,250,4.2795527916504472,0.8098743885032561,0.54589805075265763,0.2579021888404141
safety,A6c,4,4,motor_fault,50027,250,5.7201419704910741,1.0824954629702481,0.48921801194801895,0.45787924236502497
safety,A6c,4,4,motor_fault,50028,250,9.1608950576078296,1.7336330789978109,0.37901078090418355,0.31629148898201942
safety,A6c,4,4,motor_fault,50029,250,8.3572218553627096,1.5815437428189003,0.39942500687597837,0.32576204985717433
safety,A6c,4,4,motor_fault,50030,82,5.2217054655306852,0.98816996231277976,0.54168083041976955,0.26085574955021573
safety,A6c,4,4,motor_fault,50031,84,3.8058712106704835,0.72023357802187493,0.55674407775899815,0.33436975605013292
safety,A6c,4,4,motor_fault,50032,250,9.6721544451364778,1.8303852173635651,0.3800983933562363,0.32614502817382057
safety,A6c,4,4,motor_fault,50033,35,4.0865533488709485,0.77335064097349726,0.57572592629568364,0.52153692566851706
safety,A6c,4,4,motor_fault,50034,250,6.7239548193187897,1.2724597785646661,0.42525952574867848,0.22938724802650684
safety,A6c,4,4,motor_fault,50035,250,6.1473671228786948,1.1633447306129303,0.47328785316871402,0.33041143046641375
safety,A6c,4,4,motor_fault,50036,250,5.5975563516834885,1.0592970219404323,0.49518300055971998,0.24890381250904742
safety,A6c,4,4,motor_fault,50037,250,7.9781573198638824,1.5098085233143437,0.42655725353107798,0.33512178695571426
safety,A6c,4,4,motor_fault,50038,250,2.3070303529551577,0.43658879497954334,0.6354081541279325,0.31424534392308073
safety,A6c,4,4,motor_fault,50039,250,6.8334001938252484,1.2931715234754573,0.45529366102944663,0.24043781184817001
safety,A6c,4,4,motor_fault,50040,250,4.1923049309259497,0.79336336240017136,0.57755053986129901,0.43209828852467036
safety,A6c,4,4,motor_fault,50041,250,7.7807036729405592,1.4724418498918872,0.41211917049618979,0.37894892401522534
safety,A6c,4,4,motor_fault,50042,250,6.2322260451371996,1.1794036674035309,0.47397537255487976,0.45868027448293969
safety,A6c,4,4,motor_fault,50043,250,5.3438221277031328,1.0112796566939135,0.48166807397474959,0.3549691769016281
safety,A6c,4,4,motor_fault,50044,250,5.5606858944037505,1.0523195547850974,0.47512245710746281,0.34005675924568518
safety,A6c,4,4,motor_fault,50045,250,3.7034962913432188,0.70085986557463031,0.5672189138458883,0.20518383573357804
safety,A6c,4,4,motor_fault,50046,250,9.5260798765547676,1.802741662612517,0.37111915815368618,0.34985780323878157
safety,A6c,4,4,motor_fault,50047,250,4.3247178987756234,0.818421558101456,0.53286051545319468,0.43506108625039608
safety,A6c,4,4,motor_fault,50048,250,2.9495601974020849,0.55818291712282053,0.6157583182943771,0.3330491566057644
safety,A6c,4,4,motor_fault,50049,250,8.6923969715064935,1.6449732074017565,0.39681252540359219,0.34028873731160542
safety,A6c,4,4,motor_fault,50050,250,4.128719643228222,0.78133030696211925,0.54539246114978523,0.30694993121666558
safety,A6c,4,4,motor_fault,50051,250,3.0509022712735558,0.5773611710437534,0.58688419663316937,0.33305745406962789
safety,A6c,4,4,motor_fault,50052,250,2.3775179753376863,0.44992806729450946,0.6151395309160127,0.2916595211907887
safety,A6c,4,4,motor_fault,50053,250,10.453072437425726,1.9781682947707111,0.37253936865447618,0.328426776546695
safety,A6c,4,4,motor_fault,50054,250,4.043504865532995,0.76520402710595992,0.55827691047544437,0.29946967803830543
safety,A6c,4,4,motor_fault,50055,250,8.6586643793033105,1.638589558498889,0.40123658301340448,0.26330159091020749
safety,A6c,4,4,motor_fault,50056,43,4.1513881248388449,0.78562015302232413,0.57561640530409508,0.53197546929318684
safety,A6c,4,4,motor_fault,50057,250,5.1399278367561827,0.97269413801024684,0.49682328541291398,0.33739417610632605
safety,A6c,4,4,motor_fault,50058,250,10.059602947323745,1.9037070418770095,0.36182427745913126,0.31449945918685784
safety,A6c,4,4,motor_fault,50059,250,4.2413330485902554,0.80264157878070397,0.54587177057563074,0.38693968275434326
safety,A6c,4,4,motor_fault,50060,250,7.9034948108052046,1.4956791839156127,0.41565304754879207,0.34491833525555793
safety,A6c,4,4,motor_fault,50061,250,6.2595568367587422,1.1845758218854177,0.46845967812389233,0.32834012851877531
safety,A6c,4,4,motor_fault,50062,250,4.2817913672650176,0.81029802273450235,0.54557226830981287,0.32424294071938348
safety,A6c,4,4,motor_fault,50063,250,8.0745317457387742,1.5280466858099813,0.41563804870342125,0.30941254590824346
safety,A6c,4,4,motor_fault,50064,250,7.8943474081852028,1.4939481041827676,0.40073334729337207,0.35885271219429926
safety,A6c,4,4,motor_fault,50065,250,5.5025506365377339,1.0413178780429437,0.4976905398193236,0.45000943914785374
safety,A6c,4,4,motor_fault,50066,250,3.480730546478167,0.65870306083698416,0.56342375485027074,0.20099001956425597
safety,A6c,4,4,motor_fault,50067,250,6.0262954192791973,1.1404327870778501,0.47577106399739089,0.43598586380641668
safety,A6c,4,4,motor_fault,50068,44,4.2322706410560471,0.80092658375261283,0.55733509144343218,0.47268776892614356
safety,A6c,4,4,motor_fault,50069,250,6.4331058446741132,1.2174187154080847,0.44950514034172057,0.32911614377509341
safety,A6c,4,4,motor_fault,50070,250,7.4355268306521083,1.4071196310331187,0.43684129944997258,0.32309444704540452
safety,A6c,4,4,motor_fault,50071,250,6.5293352340880348,1.2356294308033224,0.44757876310476524,0.40681298498171142
safety,A6c,4,4,motor_fault,50072,250,2.6719796981613779,0.50565281689328279,0.61944554266064455,0.33130180062009101
safety,A6c,4,4,motor_fault,50073,250,2.4859383379729731,0.47044583612817553,0.61953001577066535,0.30969474639784944
safety,A6c,4,4,motor_fault,50074,250,6.7942163215813762,1.2857562592836917,0.45930911372985395,0.37600111768313166
safety,A6c,4,4,motor_fault,50075,250,7.6221855034900621,1.4424434337487682,0.43561834274694022,0.26165158279485012
safety,A6c,4,4,motor_fault,50076,41,4.2763195371744152,0.8092625184974086,0.53589309508251615,0.36313242489481024
safety,A6c,4,4,motor_fault,50077,250,5.4170037316090767,1.0251287455119433,0.50559310847605288,0.47804572138180074
safety,A6c,4,4,motor_fault,50078,250,5.8221133987065397,1.1017928176452338,0.46748122728122993,0.2879209656606872
safety,A6c,4,4,motor_fault,50079,250,5.0211819202582326,0.95022233284904745,0.49394035482184856,0.20274334388008022
safety,A6c,4,4,motor_fault,50080,250,3.196894484379516,0.60498914061714149,0.59182994440841363,0.30961453894841412
safety,A6c,4,4,motor_fault,50081,250,5.0893208431708832,0.96311713079027605,0.54127087992840173,0.45201777444352653
safety,A6c,4,4,motor_fault,50082,45,6.7527658808801361,1.2779120634178052,0.46000352480976109,0.38555441591823364
safety,A6c,4,4,motor_fault,50083,250,2.6801649504977423,0.50720181664942354,0.63535023945611036,0.3036660800596056
safety,A6c,4,4,motor_fault,50084,250,6.0994615539194763,1.1542789484493261,0.46550030913401974,0.4245560033611564
safety,A6c,4,4,motor_fault,50085,250,2.5320201415636001,0.47916648389700311,0.63123134401144965,0.32580600643198121
safety,A6c,4,4,motor_fault,50086,60,7.120362912782662,1.3474771408736803,0.4311563203406148,0.34941586037419886
safety,A6c,4,4,motor_fault,50087,250,5.5022461620590715,1.0412602584517794,0.49719277600641781,0.41420489216795581
safety,A6c,4,4,motor_fault,50088,250,4.7748161172537644,0.90359938793628969,0.53384216838291487,0.3052226989586696
safety,A6c,4,4,motor_fault,50089,250,3.7469590437832574,0.70908487687107224,0.58406744777284925,0.42652654619797437
safety,A6c,4,4,motor_fault,50090,250,11.180981789027552,2.1159198706280047,0.34045815602838403,0.30231911926891386
safety,A6c,4,4,motor_fault,50091,250,2.7239305058016741,0.51548413119603476,0.61136478210333867,0.30714427265509281
safety,A6c,4,4,motor_fault,50092,250,5.8428317270915304,1.105713611323569,0.49346527976739513,0.2540154843693605
safety,A6c,4,4,motor_fault,50093,250,4.303437848705447,0.81439446266019233,0.54062216489154091,0.34054703985464074
safety,A6c,4,4,motor_fault,50094,250,6.8811334730807809,1.3022047010597488,0.47232914602638182,0.35930941066100597
safety,A6c,4,4,motor_fault,50095,250,10.511863664878192,1.9892941090088989,0.36493628077093171,0.33076783457510872
safety,A6c,4,4,motor_fault,50096,250,7.6716925919275294,1.4518122918811169,0.42661860846605137,0.37956971277260293
safety,A6c,4,4,motor_fault,50097,250,3.8739083738183551,0.73310911866420181,0.56739385367708484,0.26793611771759912
safety,A6c,4,4,motor_fault,50098,250,5.7576404536010797,1.0895917794680297,0.46264579636034431,0.34713559039276654
safety,A6c,4,4,motor_fault,50099,153,5.9527987756063823,1.1265240792643387,0.46727000741584351,0.22445920956944085
safety,A6c_gate_off_control,4,4,motor_fault,50000,250,8.7963873119783429,1.664652626607473,1,1
safety,A6c_gate_off_control,4,4,motor_fault,50001,250,1.6098814520125495,0.30465841175161085,1,1
safety,A6c_gate_off_control,4,4,motor_fault,50002,239,5.1218805118325319,0.96927881240305314,1,1
safety,A6c_gate_off_control,4,4,motor_fault,50003,250,5.7994009355220575,1.0974946483905346,1,1
safety,A6c_gate_off_control,4,4,motor_fault,50004,250,7.1656817832679991,1.3560534090747829,1,1
safety,A6c_gate_off_control,4,4,motor_fault,50005,173,4.4544010521220283,0.84296315616761497,1,1
safety,A6c_gate_off_control,4,4,motor_fault,50006,155,6.3340929485259103,1.1986812415116506,1,1
safety,A6c_gate_off_control,4,4,motor_fault,50007,250,7.7104596839342587,1.4591486834298448,1,1
safety,A6c_gate_off_control,4,4,motor_fault,50008,250,5.1485342450978555,0.97432283849187673,1,1
safety,A6c_gate_off_control,4,4,motor_fault,50009,250,4.6464175173122282,0.8793008823038303,1,1
safety,A6c_gate_off_control,4,4,motor_fault,50010,88,7.4278921947701555,1.4056748314553673,1,1
safety,A6c_gate_off_control,4,4,motor_fault,50011,250,5.7445966181998802,1.0871233280354655,1,1
safety,A6c_gate_off_control,4,4,motor_fault,50012,250,6.5973531036897288,1.2485013202816906,1,1
safety,A6c_gate_off_control,4,4,motor_fault,50013,250,5.9371948062580842,1.1235711410136804,1,1
safety,A6c_gate_off_control,4,4,motor_fault,50014,250,2.5050628694546795,0.4740650152791786,1,1
safety,A6c_gate_off_control,4,4,motor_fault,50015,250,10.08293332179243,1.9081221463695262,1,1
safety,A6c_gate_off_control,4,4,motor_fault,50016,250,3.7294669215158636,0.70577461934777008,1,1
safety,A6c_gate_off_control,4,4,motor_fault,50017,250,6.062216752430734,1.1472306393621079,1,1
safety,A6c_gate_off_control,4,4,motor_fault,50018,58,8.198100805104648,1.5514312358468707,1,1
safety,A6c_gate_off_control,4,4,motor_fault,50019,250,3.5310430785581794,0.66822434334852343,1,1
safety,A6c_gate_off_control,4,4,motor_fault,50020,250,7.3698782697758567,1.3946961160809246,1,1
safety,A6c_gate_off_control,4,4,motor_fault,50021,250,7.671861898745723,1.4518443319709415,1,1
safety,A6c_gate_off_control,4,4,motor_fault,50022,250,8.7721377132039109,1.6600635655688503,1,1
safety,A6c_gate_off_control,4,4,motor_fault,50023,86,3.9149062532896606,0.74086767059316361,1,1
safety,A6c_gate_off_control,4,4,motor_fault,50024,250,3.3552960386998247,0.63496548819098486,1,1
safety,A6c_gate_off_control,4,4,motor_fault,50025,250,2.2083451060651162,0.41791332633354439,1,1
safety,A6c_gate_off_control,4,4,motor_fault,50026,250,3.8862971667439439,0.73545360804974691,1,1
safety,A6c_gate_off_control,4,4,motor_fault,50027,250,5.4471497158617108,1.0308336548216412,1,1
safety,A6c_gate_off_control,4,4,motor_fault,50028,250,7.5006486434038671,1.419443462715591,1,1
safety,A6c_gate_off_control,4,4,motor_fault,50029,133,7.4789216073325706,1.4153317784090997,1,1
safety,A6c_gate_off_control,4,4,motor_fault,50030,84,4.881198015771993,0.92373139219111722,1,1
safety,A6c_gate_off_control,4,4,motor_fault,50031,102,3.2116668853838428,0.60778471057796679,1,1
safety,A6c_gate_off_control,4,4,motor_fault,50032,250,8.534679647025623,1.6151263453722653,1,1
safety,A6c_gate_off_control,4,4,motor_fault,50033,250,5.2350132491881665,0.99068836404226979,1,1
safety,A6c_gate_off_control,4,4,motor_fault,50034,220,6.1774162345338954,1.1690313074847714,1,1
safety,A6c_gate_off_control,4,4,motor_fault,50035,250,6.5027778187828593,1.2306036321912643,1,1
safety,A6c_gate_off_control,4,4,motor_fault,50036,250,5.4714398491319995,1.0354303867201982,1,1
safety,A6c_gate_off_control,4,4,motor_fault,50037,250,7.2847497678922712,1.3785861632976155,1,1
safety,A6c_gate_off_control,4,4,motor_fault,50038,250,2.6915975323718921,0.50936535001496697,1,1
safety,A6c_gate_off_control,4,4,motor_fault,50039,250,5.4860589169780303,1.0381969394907098,1,1
safety,A6c_gate_off_control,4,4,motor_fault,50040,250,4.9699518993024654,0.94052742220896624,1,1
safety,A6c_gate_off_control,4,4,motor_fault,50041,70,7.0052436593435967,1.325691655444966,1,1
safety,A6c_gate_off_control,4,4,motor_fault,50042,250,5.3153960430949017,1.0059002259425163,1,1
safety,A6c_gate_off_control,4,4,motor_fault,50043,79,4.4879107765461548,0.84930462895651249,1,1
safety,A6c_gate_off_control,4,4,motor_fault,50044,250,6.1111408770961688,1.1564891758203519,1,1
safety,A6c_gate_off_control,4,4,motor_fault,50045,250,3.0634663357943008,0.57973882930998777,1,1
safety,A6c_gate_off_control,4,4,motor_fault,50046,65,7.6547378365071301,1.4486037271439069,1,1
safety,A6c_gate_off_control,4,4,motor_fault,50047,250,4.5635914119301901,0.86362664139266376,1,1
safety,A6c_gate_off_control,4,4,motor_fault,50048,250,4.2515979662033985,0.80458414013692792,1,1
safety,A6c_gate_off_control,4,4,motor_fault,50049,103,7.1147362201998448,1.346412330030899,1,1
safety,A6c_gate_off_control,4,4,motor_fault,50050,101,4.0888208656635063,0.77377975211318839,1,1
safety,A6c_gate_off_control,4,4,motor_fault,50051,250,3.5912877478095844,0.67962521092649908,1,1
safety,A6c_gate_off_control,4,4,motor_fault,50052,250,2.2703663877431142,0.42965040495333762,1,1
safety,A6c_gate_off_control,4,4,motor_fault,50053,250,7.2771263883497568,1.3771434939006244,1,1
safety,A6c_gate_off_control,4,4,motor_fault,50054,94,4.6956829850973385,0.88862401547667891,1,1
safety,A6c_gate_off_control,4,4,motor_fault,50055,250,8.5720713307483312,1.6222024508590622,1,1
safety,A6c_gate_off_control,4,4,motor_fault,50056,250,5.250134800795891,0.99355000822747996,1,1
safety,A6c_gate_off_control,4,4,motor_fault,50057,100,4.7713097046544366,0.90293582473284917,1,1
safety,A6c_gate_off_control,4,4,motor_fault,50058,250,10.01280069172563,1.8948500537807187,1,1
safety,A6c_gate_off_control,4,4,motor_fault,50059,250,4.3597608204760476,0.82505317737692552,1,1
safety,A6c_gate_off_control,4,4,motor_fault,50060,250,7.2966592591464439,1.380839948311245,1,1
safety,A6c_gate_off_control,4,4,motor_fault,50061,250,6.4637082183865608,1.2232099931195015,1,1
safety,A6c_gate_off_control,4,4,motor_fault,50062,250,5.2575057877279825,0.99494491414987907,1,1
safety,A6c_gate_off_control,4,4,motor_fault,50063,250,8.4830600595193815,1.6053577120823637,1,1
safety,A6c_gate_off_control,4,4,motor_fault,50064,250,7.3067374614551515,1.3827471751476335,1,1
safety,A6c_gate_off_control,4,4,motor_fault,50065,95,5.038856671417272,0.95356715156814398,1,1
safety,A6c_gate_off_control,4,4,motor_fault,50066,250,3.2722372956022894,0.61924722227609619,1,1
safety,A6c_gate_off_control,4,4,motor_fault,50067,79,5.524426054634314,1.0454576425736644,1,1
safety,A6c_gate_off_control,4,4,motor_fault,50068,44,4.3119654874732891,0.81600825657014409,1,1
safety,A6c_gate_off_control,4,4,motor_fault,50069,250,5.7627637612867124,1.0905613283627438,1,1
safety,A6c_gate_off_control,4,4,motor_fault,50070,250,7.7454747982728458,1.4657750403633689,1,1
safety,A6c_gate_off_control,4,4,motor_fault,50071,250,6.3430617912787142,1.2003785300821246,1,1
safety,A6c_gate_off_control,4,4,motor_fault,50072,250,2.6287580742716483,0.49747343742959055,1,1
safety,A6c_gate_off_control,4,4,motor_fault,50073,250,2.552200571786905,0.48298548424178644,1,1
safety,A6c_gate_off_control,4,4,motor_fault,50074,250,7.10362209844648,1.3443090629380574,1,1
safety,A6c_gate_off_control,4,4,motor_fault,50075,250,7.8538089045980968,1.4862764858147224,1,1
safety,A6c_gate_off_control,4,4,motor_fault,50076,42,4.2837392045754301,0.81066663684618057,1,1
safety,A6c_gate_off_control,4,4,motor_fault,50077,250,5.2152537938013648,0.98694903013809054,1,1
safety,A6c_gate_off_control,4,4,motor_fault,50078,250,6.8962214603792757,1.3050599934423908,1,1
safety,A6c_gate_off_control,4,4,motor_fault,50079,250,5.6097437456683119,1.0616033980342534,1,1
safety,A6c_gate_off_control,4,4,motor_fault,50080,250,3.244059460855913,0.61391477101411129,1,1
safety,A6c_gate_off_control,4,4,motor_fault,50081,250,5.0188652661084046,0.9497839228201711,1,1
safety,A6c_gate_off_control,4,4,motor_fault,50082,250,7.1677488014899087,1.356444577311277,1,1
safety,A6c_gate_off_control,4,4,motor_fault,50083,250,2.7716961017857153,0.52452342448727374,1,1
safety,A6c_gate_off_control,4,4,motor_fault,50084,250,6.1260533633172711,1.1593112558944525,1,1
safety,A6c_gate_off_control,4,4,motor_fault,50085,250,2.4626052503703155,0.46603021819469342,1,1
safety,A6c_gate_off_control,4,4,motor_fault,50086,250,5.5832585870444458,1.0565912734761069,1,1
safety,A6c_gate_off_control,4,4,motor_fault,50087,104,5.0207014721978904,0.95013141153132552,1,1
safety,A6c_gate_off_control,4,4,motor_fault,50088,250,5.8140992057860874,1.1002761896453501,1,1
safety,A6c_gate_off_control,4,4,motor_fault,50089,250,5.1360801920309473,0.97196599909696901,1,1
safety,A6c_gate_off_control,4,4,motor_fault,50090,250,10.977119718118823,2.0773404493533487,1,1
safety,A6c_gate_off_control,4,4,motor_fault,50091,250,2.6342162117265557,0.49850635043449243,1,1
safety,A6c_gate_off_control,4,4,motor_fault,50092,250,6.1494021800325998,1.1637298504486533,1,1
safety,A6c_gate_off_control,4,4,motor_fault,50093,250,4.4404121565744994,0.84031585894312577,1,1
safety,A6c_gate_off_control,4,4,motor_fault,50094,65,4.604409343532871,0.87135113949003162,1,1
safety,A6c_gate_off_control,4,4,motor_fault,50095,250,8.8575884779595384,1.6762345042680107,1,1
safety,A6c_gate_off_control,4,4,motor_fault,50096,250,6.8376843148055357,1.2939822623605934,1,1
safety,A6c_gate_off_control,4,4,motor_fault,50097,250,3.7551233365994534,0.71062991018973554,1,1
safety,A6c_gate_off_control,4,4,motor_fault,50098,250,5.4625224938844479,1.0337428417874035,1,1
safety,A6c_gate_off_control,4,4,motor_fault,50099,250,4.9104664307454584,0.92927022786697144,1,1
